# mechanism-hash,94c490be646f8872
# T_gas_K,300
# grid,log-spaced,2.875e-05,4408.89,200
# EEDF f0 [eV^-3/2], normalised int f0 sqrt(eps) deps = 1
# Each row was solved on its OWN uniform grid and RESAMPLED here by
# linear interpolation in log(f0); values beyond a row's own eps_max
# are written as 0 rather than extrapolated.
# First column is E/N [Td]; the header row gives the energies [eV].
EN_Td,2.875e-05,3.16062e-05,3.47461e-05,3.8198e-05,4.19928e-05,4.61645e-05,5.07508e-05,5.57926e-05,6.13354e-05,6.74287e-05,7.41275e-05,8.14917e-05,8.95875e-05,9.84876e-05,0.000108272,0.000119028,0.000130853,0.000143853,0.000158144,0.000173855,0.000191126,0.000210114,0.000230988,0.000253935,0.000279162,0.000306896,0.000337385,0.000370902,0.00040775,0.000448258,0.00049279,0.000541746,0.000595566,0.000654733,0.000719777,0.000791284,0.000869894,0.000956314,0.00105132,0.00115576,0.00127058,0.00139681,0.00153558,0.00168813,0.00185584,0.0020402,0.00224289,0.00246571,0.00271067,0.00297996,0.003276,0.00360146,0.00395925,0.00435258,0.00478499,0.00526035,0.00578295,0.00635745,0.00698904,0.00768337,0.00844667,0.00928581,0.0102083,0.0112225,0.0123374,0.013563,0.0149104,0.0163917,0.0180202,0.0198104,0.0217784,0.023942,0.0263206,0.0289354,0.03181,0.0349702,0.0384443,0.0422635,0.0464622,0.051078,0.0561524,0.0617309,0.0678635,0.0746055,0.0820172,0.0901652,0.0991227,0.10897,0.119796,0.131697,0.14478,0.159164,0.174976,0.192359,0.211469,0.232477,0.255573,0.280963,0.308875,0.33956,0.373294,0.410379,0.451148,0.495967,0.54524,0.599407,0.658955,0.724419,0.796386,0.875504,0.962481,1.0581,1.16322,1.27878,1.40582,1.54548,1.69901,1.8678,2.05336,2.25735,2.48161,2.72815,2.99917,3.29713,3.62468,3.98478,4.38065,4.81584,5.29427,5.82024,6.39845,7.0341,7.73291,8.50114,9.34569,10.2741,11.2948,12.4169,13.6505,15.0066,16.4974,18.1364,19.9381,21.9189,24.0964,26.4903,29.122,32.0151,35.1957,38.6922,42.5361,46.7618,51.4074,56.5145,62.1289,68.3011,75.0865,82.546,90.7466,99.7618,109.673,120.568,132.546,145.714,160.19,176.104,193.599,212.832,233.976,257.221,282.774,310.867,341.75,375.701,413.025,454.057,499.166,548.755,603.272,663.204,729.09,801.522,881.149,968.687,1064.92,1170.72,1287.02,1414.88,1555.44,1709.97,1879.85,2066.6,2271.91,2497.61,2745.74,3018.51,3318.39,3648.05,4010.47,4408.89
1.0000000000e-01,2.1011360931e+01,2.1011360931e+01,2.1011360931e+01,2.1011360931e+01,2.1011360931e+01,2.1011360931e+01,2.1011360931e+01,2.1011360931e+01,2.1011360931e+01,2.1011360931e+01,2.1011360931e+01,2.1011360931e+01,2.1011360931e+01,2.1011360931e+01,2.1011360931e+01,2.1011360931e+01,2.1011360931e+01,2.1011360931e+01,2.1011360931e+01,2.1011360931e+01,2.1011360931e+01,2.1011360931e+01,2.1011360931e+01,2.1011360931e+01,2.1011360931e+01,2.1011360931e+01,2.1011360931e+01,2.1011360931e+01,2.1011360931e+01,2.1011360931e+01,2.1011360931e+01,2.1011360931e+01,2.1011360931e+01,2.1011360931e+01,2.1011360931e+01,2.1011360931e+01,2.1011360931e+01,2.1011360931e+01,2.1011360931e+01,2.1011360931e+01,2.1011360931e+01,2.1011360931e+01,2.1034513953e+01,2.1070578062e+01,2.1110296327e+01,2.1154046816e+01,2.1202248350e+01,2.1255365230e+01,2.1313912594e+01,2.1378462475e+01,2.1449650696e+01,2.1528184707e+01,2.1614852549e+01,2.1708927882e+01,2.1797199727e+01,2.1894655206e+01,2.2002295310e+01,2.2121239711e+01,2.2252742820e+01,2.2372871653e+01,2.2494476305e+01,2.2628924668e+01,2.2769221952e+01,2.2874790699e+01,2.2991412115e+01,2.3086280385e+01,2.3155028729e+01,2.3202281863e+01,2.3205413068e+01,2.3154474457e+01,2.3054111903e+01,2.2863509085e+01,2.2594583465e+01,2.2247513358e+01,2.1825733439e+01,2.1330873039e+01,2.0752459921e+01,2.0068174084e+01,1.9258884600e+01,1.8304445865e+01,1.7187187170e+01,1.5867842860e+01,1.4373594358e+01,1.2797668612e+01,1.1460712348e+01,1.0958655107e+01,1.0710416360e+01,1.1517790943e+01,1.2570270601e+01,1.3222206059e+01,1.3198704827e+01,1.2247303339e+01,1.0801688860e+01,8.9444832292e+00,6.7286497471e+00,5.1533982442e+00,3.5988548278e+00,2.1001630009e+00,8.3213781670e-01,1.2242674533e-01,5.5980640875e-02,1.9634144138e-02,2.6306250933e-03,8.2527802197e-04,2.4850345197e-04,0.0000000000e+00,0.0000000000e+00,0.0000000000e+00,0.0000000000e+00,0.0000000000e+00,0.0000000000e+00,0.0000000000e+00,0.0000000000e+00,0.0000000000e+00,0.0000000000e+00,0.0000000000e+00,0.0000000000e+00,0.0000000000e+00,0.0000000000e+00,0.0000000000e+00,0.0000000000e+00,0.0000000000e+00,0.0000000000e+00,0.0000000000e+00,0.0000000000e+00,0.0000000000e+00,0.0000000000e+00,0.0000000000e+00,0.0000000000e+00,0.0000000000e+00,0.0000000000e+00,0.0000000000e+00,0.0000000000e+00,0.0000000000e+00,0.0000000000e+00,0.0000000000e+00,0.0000000000e+00,0.0000000000e+00,0.0000000000e+00,0.0000000000e+00,0.0000000000e+00,0.0000000000e+00,0.0000000000e+00,0.0000000000e+00,0.0000000000e+00,0.0000000000e+00,0.0000000000e+00,0.0000000000e+00,0.0000000000e+00,0.0000000000e+00,0.0000000000e+00,0.0000000000e+00,0.0000000000e+00,0.0000000000e+00,0.0000000000e+00,0.0000000000e+00,0.0000000000e+00,0.0000000000e+00,0.0000000000e+00,0.0000000000e+00,0.0000000000e+00,0.0000000000e+00,0.0000000000e+00,0.0000000000e+00,0.0000000000e+00,0.0000000000e+00,0.0000000000e+00,0.0000000000e+00,0.0000000000e+00,0.0000000000e+00,0.0000000000e+00,0.0000000000e+00,0.0000000000e+00,0.0000000000e+00,0.0000000000e+00,0.0000000000e+00,0.0000000000e+00,0.0000000000e+00,0.0000000000e+00,0.0000000000e+00,0.0000000000e+00,0.0000000000e+00,0.0000000000e+00,0.0000000000e+00,0.0000000000e+00,0.0000000000e+00,0.0000000000e+00,0.0000000000e+00,0.0000000000e+00,0.0000000000e+00,0.0000000000e+00,0.0000000000e+00,0.0000000000e+00,0.0000000000e+00,0.0000000000e+00,0.0000000000e+00,0.0000000000e+00,0.0000000000e+00,0.0000000000e+00,0.0000000000e+00
1.0452754953e-01,1.9300321987e+01,1.9300321987e+01,1.9300321987e+01,1.9300321987e+01,1.9300321987e+01,1.9300321987e+01,1.9300321987e+01,1.9300321987e+01,1.9300321987e+01,1.9300321987e+01,1.9300321987e+01,1.9300321987e+01,1.9300321987e+01,1.9300321987e+01,1.9300321987e+01,1.9300321987e+01,1.9300321987e+01,1.9300321987e+01,1.9300321987e+01,1.9300321987e+01,1.9300321987e+01,1.9300321987e+01,1.9300321987e+01,1.9300321987e+01,1.9300321987e+01,1.9300321987e+01,1.9300321987e+01,1.9300321987e+01,1.9300321987e+01,1.9300321987e+01,1.9300321987e+01,1.9300321987e+01,1.9300321987e+01,1.9300321987e+01,1.9300321987e+01,1.9300321987e+01,1.9300321987e+01,1.9300321987e+01,1.9300321987e+01,1.9300321987e+01,1.9300321987e+01,1.9300321987e+01,1.9320602162e+01,1.9352189340e+01,1.9386974152e+01,1.9425286826e+01,1.9467493061e+01,1.9513998116e+01,1.9565251438e+01,1.9621751892e+01,1.9684053700e+01,1.9752773197e+01,1.9828596528e+01,1.9910910995e+01,1.9988394600e+01,2.0073923833e+01,2.0168372372e+01,2.0272716808e+01,2.0388050435e+01,2.0493839438e+01,2.0601150116e+01,2.0719770131e+01,2.0843711578e+01,2.0938131005e+01,2.1042424190e+01,2.1128425140e+01,2.1192426413e+01,2.1238471045e+01,2.1247158635e+01,2.1210060942e+01,2.1131163707e+01,2.0975409900e+01,2.0752806802e+01,2.0463240055e+01,2.0109326857e+01,1.9692260524e+01,1.9202919452e+01,1.8621905889e+01,1.7932172869e+01,1.7115370155e+01,1.6154827148e+01,1.5014470948e+01,1.3716190806e+01,1.2343601433e+01,1.1187620840e+01,1.0793455651e+01,1.0646997555e+01,1.1492869322e+01,1.2579321674e+01,1.3298955804e+01,1.3347798146e+01,1.2446573018e+01,1.1047694241e+01,9.2267705780e+00,7.0234093725e+00,5.4312504642e+00,3.8358511935e+00,2.2689389749e+00,9.1597203878e-01,1.4004879038e-01,6.4970364260e-02,2.3112391331e-02,2.9362130493e-03,9.1866105871e-04,2.6754729052e-04,0.0000000000e+00,0.0000000000e+00,0.0000000000e+00,0.0000000000e+00,0.0000000000e+00,0.0000000000e+00,0.0000000000e+00,0.0000000000e+00,0.0000000000e+00,0.0000000000e+00,0.0000000000e+00,0.0000000000e+00,0.0000000000e+00,0.0000000000e+00,0.0000000000e+00,0.0000000000e+00,0.0000000000e+00,0.0000000000e+00,0.0000000000e+00,0.0000000000e+00,0.0000000000e+00,0.0000000000e+00,0.0000000000e+00,0.0000000000e+00,0.0000000000e+00,0.0000000000e+00,0.0000000000e+00,0.0000000000e+00,0.0000000000e+00,0.0000000000e+00,0.0000000000e+00,0.0000000000e+00,0.0000000000e+00,0.0000000000e+00,0.0000000000e+00,0.0000000000e+00,0.0000000000e+00,0.0000000000e+00,0.0000000000e+00,0.0000000000e+00,0.0000000000e+00,0.0000000000e+00,0.0000000000e+00,0.0000000000e+00,0.0000000000e+00,0.0000000000e+00,0.0000000000e+00,0.0000000000e+00,0.0000000000e+00,0.0000000000e+00,0.0000000000e+00,0.0000000000e+00,0.0000000000e+00,0.0000000000e+00,0.0000000000e+00,0.0000000000e+00,0.0000000000e+00,0.0000000000e+00,0.0000000000e+00,0.0000000000e+00,0.0000000000e+00,0.0000000000e+00,0.0000000000e+00,0.0000000000e+00,0.0000000000e+00,0.0000000000e+00,0.0000000000e+00,0.0000000000e+00,0.0000000000e+00,0.0000000000e+00,0.0000000000e+00,0.0000000000e+00,0.0000000000e+00,0.0000000000e+00,0.0000000000e+00,0.0000000000e+00,0.0000000000e+00,0.0000000000e+00,0.0000000000e+00,0.0000000000e+00,0.0000000000e+00,0.0000000000e+00,0.0000000000e+00,0.0000000000e+00,0.0000000000e+00,0.0000000000e+00,0.0000000000e+00,0.0000000000e+00,0.0000000000e+00,0.0000000000e+00,0.0000000000e+00,0.0000000000e+00,0.0000000000e+00,0.0000000000e+00,0.0000000000e+00
1.0926008611e-01,1.7856839685e+01,1.7856839685e+01,1.7856839685e+01,1.7856839685e+01,1.7856839685e+01,1.7856839685e+01,1.7856839685e+01,1.7856839685e+01,1.7856839685e+01,1.7856839685e+01,1.7856839685e+01,1.7856839685e+01,1.7856839685e+01,1.7856839685e+01,1.7856839685e+01,1.7856839685e+01,1.7856839685e+01,1.7856839685e+01,1.7856839685e+01,1.7856839685e+01,1.7856839685e+01,1.7856839685e+01,1.7856839685e+01,1.7856839685e+01,1.7856839685e+01,1.7856839685e+01,1.7856839685e+01,1.7856839685e+01,1.7856839685e+01,1.7856839685e+01,1.7856839685e+01,1.7856839685e+01,1.7856839685e+01,1.7856839685e+01,1.7856839685e+01,1.7856839685e+01,1.7856839685e+01,1.7856839685e+01,1.7856839685e+01,1.7856839685e+01,1.7856839685e+01,1.7856839685e+01,1.7874714888e+01,1.7902554459e+01,1.7933209798e+01,1.7966971179e+01,1.8004159944e+01,1.8045132071e+01,1.8090282189e+01,1.8140048132e+01,1.8194916083e+01,1.8255426436e+01,1.8322180453e+01,1.8394657511e+01,1.8463085565e+01,1.8538605402e+01,1.8621984286e+01,1.8714079271e+01,1.8815849122e+01,1.8909556469e+01,1.9004795409e+01,1.9110049506e+01,1.9220159008e+01,1.9305008954e+01,1.9398720656e+01,1.9476957577e+01,1.9536553122e+01,1.9581065699e+01,1.9593759644e+01,1.9567454914e+01,1.9505599498e+01,1.9377914693e+01,1.9192878052e+01,1.8950188759e+01,1.8651855332e+01,1.8298763168e+01,1.7882955933e+01,1.7387531679e+01,1.6797295047e+01,1.6095568922e+01,1.5266755798e+01,1.4277802656e+01,1.3146498600e+01,1.1948294299e+01,1.0947815888e+01,1.0644355172e+01,1.0582484421e+01,1.1452731667e+01,1.2558914246e+01,1.3331951904e+01,1.3442771088e+01,1.2587361175e+01,1.1235695327e+01,9.4574598054e+00,7.2794556910e+00,5.6800555350e+00,4.0547442215e+00,2.4300725892e+00,9.9950859956e-01,1.5915997631e-01,7.5004653883e-02,2.7086195514e-02,3.2717865167e-03,1.0217411190e-03,2.9126075422e-04,0.0000000000e+00,0.0000000000e+00,0.0000000000e+00,0.0000000000e+00,0.0000000000e+00,0.0000000000e+00,0.0000000000e+00,0.0000000000e+00,0.0000000000e+00,0.0000000000e+00,0.0000000000e+00,0.0000000000e+00,0.0000000000e+00,0.0000000000e+00,0.0000000000e+00,0.0000000000e+00,0.0000000000e+00,0.0000000000e+00,0.0000000000e+00,0.0000000000e+00,0.0000000000e+00,0.0000000000e+00,0.0000000000e+00,0.0000000000e+00,0.0000000000e+00,0.0000000000e+00,0.0000000000e+00,0.0000000000e+00,0.0000000000e+00,0.0000000000e+00,0.0000000000e+00,0.0000000000e+00,0.0000000000e+00,0.0000000000e+00,0.0000000000e+00,0.0000000000e+00,0.0000000000e+00,0.0000000000e+00,0.0000000000e+00,0.0000000000e+00,0.0000000000e+00,0.0000000000e+00,0.0000000000e+00,0.0000000000e+00,0.0000000000e+00,0.0000000000e+00,0.0000000000e+00,0.0000000000e+00,0.0000000000e+00,0.0000000000e+00,0.0000000000e+00,0.0000000000e+00,0.0000000000e+00,0.0000000000e+00,0.0000000000e+00,0.0000000000e+00,0.0000000000e+00,0.0000000000e+00,0.0000000000e+00,0.0000000000e+00,0.0000000000e+00,0.0000000000e+00,0.0000000000e+00,0.0000000000e+00,0.0000000000e+00,0.0000000000e+00,0.0000000000e+00,0.0000000000e+00,0.0000000000e+00,0.0000000000e+00,0.0000000000e+00,0.0000000000e+00,0.0000000000e+00,0.0000000000e+00,0.0000000000e+00,0.0000000000e+00,0.0000000000e+00,0.0000000000e+00,0.0000000000e+00,0.0000000000e+00,0.0000000000e+00,0.0000000000e+00,0.0000000000e+00,0.0000000000e+00,0.0000000000e+00,0.0000000000e+00,0.0000000000e+00,0.0000000000e+00,0.0000000000e+00,0.0000000000e+00,0.0000000000e+00,0.0000000000e+00,0.0000000000e+00,0.0000000000e+00,0.0000000000e+00
1.1420689063e-01,1.6633736845e+01,1.6633736845e+01,1.6633736845e+01,1.6633736845e+01,1.6633736845e+01,1.6633736845e+01,1.6633736845e+01,1.6633736845e+01,1.6633736845e+01,1.6633736845e+01,1.6633736845e+01,1.6633736845e+01,1.6633736845e+01,1.6633736845e+01,1.6633736845e+01,1.6633736845e+01,1.6633736845e+01,1.6633736845e+01,1.6633736845e+01,1.6633736845e+01,1.6633736845e+01,1.6633736845e+01,1.6633736845e+01,1.6633736845e+01,1.6633736845e+01,1.6633736845e+01,1.6633736845e+01,1.6633736845e+01,1.6633736845e+01,1.6633736845e+01,1.6633736845e+01,1.6633736845e+01,1.6633736845e+01,1.6633736845e+01,1.6633736845e+01,1.6633736845e+01,1.6633736845e+01,1.6633736845e+01,1.6633736845e+01,1.6633736845e+01,1.6633736845e+01,1.6633736845e+01,1.6649587606e+01,1.6674272712e+01,1.6701452404e+01,1.6731383398e+01,1.6764349797e+01,1.6800666214e+01,1.6840681286e+01,1.6884781656e+01,1.6933396466e+01,1.6987002466e+01,1.7046129819e+01,1.7110333314e+01,1.7171123488e+01,1.7238202137e+01,1.7312247159e+01,1.7394015277e+01,1.7484352403e+01,1.7567840103e+01,1.7652848302e+01,1.7746776413e+01,1.7845151322e+01,1.7921786480e+01,1.8006414809e+01,1.8077883286e+01,1.8133472370e+01,1.8176333707e+01,1.8191947613e+01,1.8174165613e+01,1.8125994041e+01,1.8021142065e+01,1.7866851630e+01,1.7662709254e+01,1.7410268690e+01,1.7110198839e+01,1.6755548645e+01,1.6331551406e+01,1.5824653002e+01,1.5219719823e+01,1.4502248743e+01,1.3642013599e+01,1.2653624054e+01,1.1605541414e+01,1.0739066412e+01,1.0511937620e+01,1.0520137176e+01,1.1403346920e+01,1.2517600843e+01,1.3331513708e+01,1.3494642600e+01,1.2680300038e+01,1.1374859505e+01,9.6433385467e+00,7.5006292965e+00,5.9019170568e+00,4.2562618180e+00,2.5834996801e+00,1.0826020656e+00,1.7988293083e-01,8.6184904235e-02,3.1618895416e-02,3.6461713823e-03,1.1367004240e-03,3.2012669010e-04,0.0000000000e+00,0.0000000000e+00,0.0000000000e+00,0.0000000000e+00,0.0000000000e+00,0.0000000000e+00,0.0000000000e+00,0.0000000000e+00,0.0000000000e+00,0.0000000000e+00,0.0000000000e+00,0.0000000000e+00,0.0000000000e+00,0.0000000000e+00,0.0000000000e+00,0.0000000000e+00,0.0000000000e+00,0.0000000000e+00,0.0000000000e+00,0.0000000000e+00,0.0000000000e+00,0.0000000000e+00,0.0000000000e+00,0.0000000000e+00,0.0000000000e+00,0.0000000000e+00,0.0000000000e+00,0.0000000000e+00,0.0000000000e+00,0.0000000000e+00,0.0000000000e+00,0.0000000000e+00,0.0000000000e+00,0.0000000000e+00,0.0000000000e+00,0.0000000000e+00,0.0000000000e+00,0.0000000000e+00,0.0000000000e+00,0.0000000000e+00,0.0000000000e+00,0.0000000000e+00,0.0000000000e+00,0.0000000000e+00,0.0000000000e+00,0.0000000000e+00,0.0000000000e+00,0.0000000000e+00,0.0000000000e+00,0.0000000000e+00,0.0000000000e+00,0.0000000000e+00,0.0000000000e+00,0.0000000000e+00,0.0000000000e+00,0.0000000000e+00,0.0000000000e+00,0.0000000000e+00,0.0000000000e+00,0.0000000000e+00,0.0000000000e+00,0.0000000000e+00,0.0000000000e+00,0.0000000000e+00,0.0000000000e+00,0.0000000000e+00,0.0000000000e+00,0.0000000000e+00,0.0000000000e+00,0.0000000000e+00,0.0000000000e+00,0.0000000000e+00,0.0000000000e+00,0.0000000000e+00,0.0000000000e+00,0.0000000000e+00,0.0000000000e+00,0.0000000000e+00,0.0000000000e+00,0.0000000000e+00,0.0000000000e+00,0.0000000000e+00,0.0000000000e+00,0.0000000000e+00,0.0000000000e+00,0.0000000000e+00,0.0000000000e+00,0.0000000000e+00,0.0000000000e+00,0.0000000000e+00,0.0000000000e+00,0.0000000000e+00,0.0000000000e+00,0.0000000000e+00,0.0000000000e+00
1.1937766417e-01,1.5593071298e+01,1.5593071298e+01,1.5593071298e+01,1.5593071298e+01,1.5593071298e+01,1.5593071298e+01,1.5593071298e+01,1.5593071298e+01,1.5593071298e+01,1.5593071298e+01,1.5593071298e+01,1.5593071298e+01,1.5593071298e+01,1.5593071298e+01,1.5593071298e+01,1.5593071298e+01,1.5593071298e+01,1.5593071298e+01,1.5593071298e+01,1.5593071298e+01,1.5593071298e+01,1.5593071298e+01,1.5593071298e+01,1.5593071298e+01,1.5593071298e+01,1.5593071298e+01,1.5593071298e+01,1.5593071298e+01,1.5593071298e+01,1.5593071298e+01,1.5593071298e+01,1.5593071298e+01,1.5593071298e+01,1.5593071298e+01,1.5593071298e+01,1.5593071298e+01,1.5593071298e+01,1.5593071298e+01,1.5593071298e+01,1.5593071298e+01,1.5593071298e+01,1.5593071298e+01,1.5607207903e+01,1.5629222176e+01,1.5653459296e+01,1.5680147636e+01,1.5709539848e+01,1.5741915620e+01,1.5777584773e+01,1.5816890761e+01,1.5860214620e+01,1.5907979452e+01,1.5960655507e+01,1.6017860004e+01,1.6072173770e+01,1.6132095900e+01,1.6198228847e+01,1.6271244683e+01,1.6351894157e+01,1.6426697135e+01,1.6502997900e+01,1.6587287825e+01,1.6675667679e+01,1.6745239181e+01,1.6822057273e+01,1.6887634857e+01,1.6939624775e+01,1.6980834702e+01,1.6998600644e+01,1.6987632095e+01,1.6950569760e+01,1.6864471534e+01,1.6735572874e+01,1.6563398875e+01,1.6349162660e+01,1.6093381985e+01,1.5789973937e+01,1.5426003049e+01,1.4989368812e+01,1.4466352379e+01,1.3843532649e+01,1.3093310867e+01,1.2227828436e+01,1.1309513048e+01,1.0558897456e+01,1.0396087592e+01,1.0462125393e+01,1.1349123037e+01,1.2461952312e+01,1.3305808884e+01,1.3512349651e+01,1.2734231025e+01,1.1473021592e+01,9.7903825716e+00,7.6904250307e+00,6.0988300565e+00,4.4411471544e+00,2.7291850214e+00,1.1651025108e+00,2.0233900339e-01,9.8616089578e-02,3.6778295619e-02,4.0698831794e-03,1.2663597303e-03,3.5484721842e-04,0.0000000000e+00,0.0000000000e+00,0.0000000000e+00,0.0000000000e+00,0.0000000000e+00,0.0000000000e+00,0.0000000000e+00,0.0000000000e+00,0.0000000000e+00,0.0000000000e+00,0.0000000000e+00,0.0000000000e+00,0.0000000000e+00,0.0000000000e+00,0.0000000000e+00,0.0000000000e+00,0.0000000000e+00,0.0000000000e+00,0.0000000000e+00,0.0000000000e+00,0.0000000000e+00,0.0000000000e+00,0.0000000000e+00,0.0000000000e+00,0.0000000000e+00,0.0000000000e+00,0.0000000000e+00,0.0000000000e+00,0.0000000000e+00,0.0000000000e+00,0.0000000000e+00,0.0000000000e+00,0.0000000000e+00,0.0000000000e+00,0.0000000000e+00,0.0000000000e+00,0.0000000000e+00,0.0000000000e+00,0.0000000000e+00,0.0000000000e+00,0.0000000000e+00,0.0000000000e+00,0.0000000000e+00,0.0000000000e+00,0.0000000000e+00,0.0000000000e+00,0.0000000000e+00,0.0000000000e+00,0.0000000000e+00,0.0000000000e+00,0.0000000000e+00,0.0000000000e+00,0.0000000000e+00,0.0000000000e+00,0.0000000000e+00,0.0000000000e+00,0.0000000000e+00,0.0000000000e+00,0.0000000000e+00,0.0000000000e+00,0.0000000000e+00,0.0000000000e+00,0.0000000000e+00,0.0000000000e+00,0.0000000000e+00,0.0000000000e+00,0.0000000000e+00,0.0000000000e+00,0.0000000000e+00,0.0000000000e+00,0.0000000000e+00,0.0000000000e+00,0.0000000000e+00,0.0000000000e+00,0.0000000000e+00,0.0000000000e+00,0.0000000000e+00,0.0000000000e+00,0.0000000000e+00,0.0000000000e+00,0.0000000000e+00,0.0000000000e+00,0.0000000000e+00,0.0000000000e+00,0.0000000000e+00,0.0000000000e+00,0.0000000000e+00,0.0000000000e+00,0.0000000000e+00,0.0000000000e+00,0.0000000000e+00,0.0000000000e+00,0.0000000000e+00,0.0000000000e+00,0.0000000000e+00
1.2478254705e-01,1.4704383177e+01,1.4704383177e+01,1.4704383177e+01,1.4704383177e+01,1.4704383177e+01,1.4704383177e+01,1.4704383177e+01,1.4704383177e+01,1.4704383177e+01,1.4704383177e+01,1.4704383177e+01,1.4704383177e+01,1.4704383177e+01,1.4704383177e+01,1.4704383177e+01,1.4704383177e+01,1.4704383177e+01,1.4704383177e+01,1.4704383177e+01,1.4704383177e+01,1.4704383177e+01,1.4704383177e+01,1.4704383177e+01,1.4704383177e+01,1.4704383177e+01,1.4704383177e+01,1.4704383177e+01,1.4704383177e+01,1.4704383177e+01,1.4704383177e+01,1.4704383177e+01,1.4704383177e+01,1.4704383177e+01,1.4704383177e+01,1.4704383177e+01,1.4704383177e+01,1.4704383177e+01,1.4704383177e+01,1.4704383177e+01,1.4704383177e+01,1.4704383177e+01,1.4704383177e+01,1.4717059645e+01,1.4736798994e+01,1.4758529908e+01,1.4782456666e+01,1.4808805200e+01,1.4837825534e+01,1.4869794533e+01,1.4905018991e+01,1.4943839129e+01,1.4986632549e+01,1.5033818718e+01,1.5085067047e+01,1.5133858829e+01,1.5187679976e+01,1.5247068902e+01,1.5312625857e+01,1.5385020900e+01,1.5452406642e+01,1.5521261665e+01,1.5597311212e+01,1.5677139432e+01,1.5740620796e+01,1.5810705406e+01,1.5871154719e+01,1.5919934115e+01,1.5959558250e+01,1.5978927860e+01,1.5973470550e+01,1.5945522008e+01,1.5874969592e+01,1.5767222170e+01,1.5621778908e+01,1.5439597400e+01,1.5221091027e+01,1.4960927821e+01,1.4647747250e+01,1.4270736462e+01,1.3817467953e+01,1.3275568867e+01,1.2619870247e+01,1.1860594818e+01,1.1054918012e+01,1.0404811741e+01,1.0296255467e+01,1.0409816745e+01,1.1293249716e+01,1.2396941794e+01,1.3261220223e+01,1.3503053724e+01,1.2756422196e+01,1.1536802813e+01,9.9037912771e+00,7.8519799362e+00,6.2726530576e+00,4.6101344052e+00,2.8671113661e+00,1.2468523670e+00,2.2664513261e-01,1.1240448705e-01,4.2635727482e-02,4.5553509656e-03,1.4143163412e-03,3.9639077063e-04,0.0000000000e+00,0.0000000000e+00,0.0000000000e+00,0.0000000000e+00,0.0000000000e+00,0.0000000000e+00,0.0000000000e+00,0.0000000000e+00,0.0000000000e+00,0.0000000000e+00,0.0000000000e+00,0.0000000000e+00,0.0000000000e+00,0.0000000000e+00,0.0000000000e+00,0.0000000000e+00,0.0000000000e+00,0.0000000000e+00,0.0000000000e+00,0.0000000000e+00,0.0000000000e+00,0.0000000000e+00,0.0000000000e+00,0.0000000000e+00,0.0000000000e+00,0.0000000000e+00,0.0000000000e+00,0.0000000000e+00,0.0000000000e+00,0.0000000000e+00,0.0000000000e+00,0.0000000000e+00,0.0000000000e+00,0.0000000000e+00,0.0000000000e+00,0.0000000000e+00,0.0000000000e+00,0.0000000000e+00,0.0000000000e+00,0.0000000000e+00,0.0000000000e+00,0.0000000000e+00,0.0000000000e+00,0.0000000000e+00,0.0000000000e+00,0.0000000000e+00,0.0000000000e+00,0.0000000000e+00,0.0000000000e+00,0.0000000000e+00,0.0000000000e+00,0.0000000000e+00,0.0000000000e+00,0.0000000000e+00,0.0000000000e+00,0.0000000000e+00,0.0000000000e+00,0.0000000000e+00,0.0000000000e+00,0.0000000000e+00,0.0000000000e+00,0.0000000000e+00,0.0000000000e+00,0.0000000000e+00,0.0000000000e+00,0.0000000000e+00,0.0000000000e+00,0.0000000000e+00,0.0000000000e+00,0.0000000000e+00,0.0000000000e+00,0.0000000000e+00,0.0000000000e+00,0.0000000000e+00,0.0000000000e+00,0.0000000000e+00,0.0000000000e+00,0.0000000000e+00,0.0000000000e+00,0.0000000000e+00,0.0000000000e+00,0.0000000000e+00,0.0000000000e+00,0.0000000000e+00,0.0000000000e+00,0.0000000000e+00,0.0000000000e+00,0.0000000000e+00,0.0000000000e+00,0.0000000000e+00,0.0000000000e+00,0.0000000000e+00,0.0000000000e+00,0.0000000000e+00,0.0000000000e+00
1.3043213867e-01,1.3943162437e+01,1.3943162437e+01,1.3943162437e+01,1.3943162437e+01,1.3943162437e+01,1.3943162437e+01,1.3943162437e+01,1.3943162437e+01,1.3943162437e+01,1.3943162437e+01,1.3943162437e+01,1.3943162437e+01,1.3943162437e+01,1.3943162437e+01,1.3943162437e+01,1.3943162437e+01,1.3943162437e+01,1.3943162437e+01,1.3943162437e+01,1.3943162437e+01,1.3943162437e+01,1.3943162437e+01,1.3943162437e+01,1.3943162437e+01,1.3943162437e+01,1.3943162437e+01,1.3943162437e+01,1.3943162437e+01,1.3943162437e+01,1.3943162437e+01,1.3943162437e+01,1.3943162437e+01,1.3943162437e+01,1.3943162437e+01,1.3943162437e+01,1.3943162437e+01,1.3943162437e+01,1.3943162437e+01,1.3943162437e+01,1.3943162437e+01,1.3943162437e+01,1.3943162437e+01,1.3954587700e+01,1.3972377745e+01,1.3991961321e+01,1.4013522109e+01,1.4037263201e+01,1.4063409275e+01,1.4092209040e+01,1.4123937989e+01,1.4158901503e+01,1.4197438363e+01,1.4239924725e+01,1.4286074051e+01,1.4330131145e+01,1.4378721906e+01,1.4432330080e+01,1.4491494642e+01,1.4556816845e+01,1.4617834909e+01,1.4680291474e+01,1.4749260785e+01,1.4821737167e+01,1.4879949780e+01,1.4944209407e+01,1.5000187209e+01,1.5046112797e+01,1.5084249411e+01,1.5104826047e+01,1.5103875060e+01,1.5083475822e+01,1.5025920951e+01,1.4935935109e+01,1.4813015943e+01,1.4657929295e+01,1.4471017599e+01,1.4247599780e+01,1.3977673826e+01,1.3651568412e+01,1.3258031509e+01,1.2785691548e+01,1.2211618445e+01,1.1544541087e+01,1.0837025050e+01,1.0274390653e+01,1.0211618169e+01,1.0363982620e+01,1.1237968842e+01,1.2326269977e+01,1.3202679062e+01,1.3472442405e+01,1.2752804844e+01,1.1571766670e+01,9.9880680535e+00,7.9881023188e+00,6.4251157230e+00,4.7639509535e+00,2.9972850309e+00,1.3276907901e+00,2.5291157383e-01,1.2765552737e-01,4.9265004277e-02,5.1171706464e-03,1.5851096715e-03,4.4604489010e-04,0.0000000000e+00,0.0000000000e+00,0.0000000000e+00,0.0000000000e+00,0.0000000000e+00,0.0000000000e+00,0.0000000000e+00,0.0000000000e+00,0.0000000000e+00,0.0000000000e+00,0.0000000000e+00,0.0000000000e+00,0.0000000000e+00,0.0000000000e+00,0.0000000000e+00,0.0000000000e+00,0.0000000000e+00,0.0000000000e+00,0.0000000000e+00,0.0000000000e+00,0.0000000000e+00,0.0000000000e+00,0.0000000000e+00,0.0000000000e+00,0.0000000000e+00,0.0000000000e+00,0.0000000000e+00,0.0000000000e+00,0.0000000000e+00,0.0000000000e+00,0.0000000000e+00,0.0000000000e+00,0.0000000000e+00,0.0000000000e+00,0.0000000000e+00,0.0000000000e+00,0.0000000000e+00,0.0000000000e+00,0.0000000000e+00,0.0000000000e+00,0.0000000000e+00,0.0000000000e+00,0.0000000000e+00,0.0000000000e+00,0.0000000000e+00,0.0000000000e+00,0.0000000000e+00,0.0000000000e+00,0.0000000000e+00,0.0000000000e+00,0.0000000000e+00,0.0000000000e+00,0.0000000000e+00,0.0000000000e+00,0.0000000000e+00,0.0000000000e+00,0.0000000000e+00,0.0000000000e+00,0.0000000000e+00,0.0000000000e+00,0.0000000000e+00,0.0000000000e+00,0.0000000000e+00,0.0000000000e+00,0.0000000000e+00,0.0000000000e+00,0.0000000000e+00,0.0000000000e+00,0.0000000000e+00,0.0000000000e+00,0.0000000000e+00,0.0000000000e+00,0.0000000000e+00,0.0000000000e+00,0.0000000000e+00,0.0000000000e+00,0.0000000000e+00,0.0000000000e+00,0.0000000000e+00,0.0000000000e+00,0.0000000000e+00,0.0000000000e+00,0.0000000000e+00,0.0000000000e+00,0.0000000000e+00,0.0000000000e+00,0.0000000000e+00,0.0000000000e+00,0.0000000000e+00,0.0000000000e+00,0.0000000000e+00,0.0000000000e+00,0.0000000000e+00,0.0000000000e+00,0.0000000000e+00
1.3633751836e-01,1.3289589629e+01,1.3289589629e+01,1.3289589629e+01,1.3289589629e+01,1.3289589629e+01,1.3289589629e+01,1.3289589629e+01,1.3289589629e+01,1.3289589629e+01,1.3289589629e+01,1.3289589629e+01,1.3289589629e+01,1.3289589629e+01,1.3289589629e+01,1.3289589629e+01,1.3289589629e+01,1.3289589629e+01,1.3289589629e+01,1.3289589629e+01,1.3289589629e+01,1.3289589629e+01,1.3289589629e+01,1.3289589629e+01,1.3289589629e+01,1.3289589629e+01,1.3289589629e+01,1.3289589629e+01,1.3289589629e+01,1.3289589629e+01,1.3289589629e+01,1.3289589629e+01,1.3289589629e+01,1.3289589629e+01,1.3289589629e+01,1.3289589629e+01,1.3289589629e+01,1.3289589629e+01,1.3289589629e+01,1.3289589629e+01,1.3289589629e+01,1.3289589629e+01,1.3289589629e+01,1.3299936377e+01,1.3316046248e+01,1.3333779078e+01,1.3353300833e+01,1.3374794966e+01,1.3398464367e+01,1.3424533551e+01,1.3453251122e+01,1.3484892544e+01,1.3519763275e+01,1.3558202315e+01,1.3599960623e+01,1.3639935170e+01,1.3684016600e+01,1.3732641726e+01,1.3786296940e+01,1.3845524492e+01,1.3901046800e+01,1.3957976580e+01,1.4020831145e+01,1.4086955320e+01,1.4140591475e+01,1.4199791820e+01,1.4251860180e+01,1.4295251098e+01,1.4332010612e+01,1.4353502486e+01,1.4356271376e+01,1.4342179753e+01,1.4295576898e+01,1.4220616846e+01,1.4116812271e+01,1.3984785251e+01,1.3824831106e+01,1.3632834167e+01,1.3399967788e+01,1.3117573731e+01,1.2775468071e+01,1.2363225965e+01,1.1859974684e+01,1.1273277600e+01,1.0651621842e+01,1.0165332622e+01,1.0141177490e+01,1.0324945683e+01,1.1184784644e+01,1.2252630297e+01,1.3133949140e+01,1.3424997514e+01,1.2728193772e+01,1.1582573689e+01,1.0047109569e+01,8.1013125171e+00,6.5578377675e+00,4.9033281692e+00,3.1197471549e+00,1.4074613282e+00,2.8124018658e-01,1.4447183306e-01,5.6741312560e-02,5.7723760474e-03,1.7844204093e-03,5.0548798319e-04,0.0000000000e+00,0.0000000000e+00,0.0000000000e+00,0.0000000000e+00,0.0000000000e+00,0.0000000000e+00,0.0000000000e+00,0.0000000000e+00,0.0000000000e+00,0.0000000000e+00,0.0000000000e+00,0.0000000000e+00,0.0000000000e+00,0.0000000000e+00,0.0000000000e+00,0.0000000000e+00,0.0000000000e+00,0.0000000000e+00,0.0000000000e+00,0.0000000000e+00,0.0000000000e+00,0.0000000000e+00,0.0000000000e+00,0.0000000000e+00,0.0000000000e+00,0.0000000000e+00,0.0000000000e+00,0.0000000000e+00,0.0000000000e+00,0.0000000000e+00,0.0000000000e+00,0.0000000000e+00,0.0000000000e+00,0.0000000000e+00,0.0000000000e+00,0.0000000000e+00,0.0000000000e+00,0.0000000000e+00,0.0000000000e+00,0.0000000000e+00,0.0000000000e+00,0.0000000000e+00,0.0000000000e+00,0.0000000000e+00,0.0000000000e+00,0.0000000000e+00,0.0000000000e+00,0.0000000000e+00,0.0000000000e+00,0.0000000000e+00,0.0000000000e+00,0.0000000000e+00,0.0000000000e+00,0.0000000000e+00,0.0000000000e+00,0.0000000000e+00,0.0000000000e+00,0.0000000000e+00,0.0000000000e+00,0.0000000000e+00,0.0000000000e+00,0.0000000000e+00,0.0000000000e+00,0.0000000000e+00,0.0000000000e+00,0.0000000000e+00,0.0000000000e+00,0.0000000000e+00,0.0000000000e+00,0.0000000000e+00,0.0000000000e+00,0.0000000000e+00,0.0000000000e+00,0.0000000000e+00,0.0000000000e+00,0.0000000000e+00,0.0000000000e+00,0.0000000000e+00,0.0000000000e+00,0.0000000000e+00,0.0000000000e+00,0.0000000000e+00,0.0000000000e+00,0.0000000000e+00,0.0000000000e+00,0.0000000000e+00,0.0000000000e+00,0.0000000000e+00,0.0000000000e+00,0.0000000000e+00,0.0000000000e+00,0.0000000000e+00,0.0000000000e+00,0.0000000000e+00,0.0000000000e+00
1.4251026703e-01,1.2727531956e+01,1.2727531956e+01,1.2727531956e+01,1.2727531956e+01,1.2727531956e+01,1.2727531956e+01,1.2727531956e+01,1.2727531956e+01,1.2727531956e+01,1.2727531956e+01,1.2727531956e+01,1.2727531956e+01,1.2727531956e+01,1.2727531956e+01,1.2727531956e+01,1.2727531956e+01,1.2727531956e+01,1.2727531956e+01,1.2727531956e+01,1.2727531956e+01,1.2727531956e+01,1.2727531956e+01,1.2727531956e+01,1.2727531956e+01,1.2727531956e+01,1.2727531956e+01,1.2727531956e+01,1.2727531956e+01,1.2727531956e+01,1.2727531956e+01,1.2727531956e+01,1.2727531956e+01,1.2727531956e+01,1.2727531956e+01,1.2727531956e+01,1.2727531956e+01,1.2727531956e+01,1.2727531956e+01,1.2727531956e+01,1.2727531956e+01,1.2727531956e+01,1.2727531956e+01,1.2736943624e+01,1.2751596845e+01,1.2767725250e+01,1.2785479476e+01,1.2805025993e+01,1.2826548849e+01,1.2850251648e+01,1.2876359757e+01,1.2905122798e+01,1.2936817461e+01,1.2971750673e+01,1.3009705567e+01,1.3046140021e+01,1.3086311823e+01,1.3130617260e+01,1.3179497350e+01,1.3233443449e+01,1.3284196771e+01,1.3336327351e+01,1.3393872960e+01,1.3454479896e+01,1.3504122798e+01,1.3558908880e+01,1.3607546536e+01,1.3648683021e+01,1.3684175480e+01,1.3706363067e+01,1.3712226845e+01,1.3703444504e+01,1.3666133800e+01,1.3603969395e+01,1.3516489945e+01,1.3404209968e+01,1.3267394546e+01,1.3102420273e+01,1.2901480411e+01,1.2656816967e+01,1.2359215420e+01,1.1999139280e+01,1.1557602428e+01,1.1041256192e+01,1.0494951596e+01,1.0075460756e+01,1.0083821495e+01,1.0292687623e+01,1.1134626863e+01,1.2177921929e+01,1.3057861326e+01,1.3364223257e+01,1.2686479993e+01,1.1573121045e+01,1.0084289480e+01,8.1938827290e+00,6.6723481500e+00,5.0290121736e+00,3.2345849520e+00,1.4860204176e+00,3.1172309584e-01,1.6295137480e-01,6.5140030587e-02,6.5407163838e-03,2.0192999677e-03,5.7687795240e-04,0.0000000000e+00,0.0000000000e+00,0.0000000000e+00,0.0000000000e+00,0.0000000000e+00,0.0000000000e+00,0.0000000000e+00,0.0000000000e+00,0.0000000000e+00,0.0000000000e+00,0.0000000000e+00,0.0000000000e+00,0.0000000000e+00,0.0000000000e+00,0.0000000000e+00,0.0000000000e+00,0.0000000000e+00,0.0000000000e+00,0.0000000000e+00,0.0000000000e+00,0.0000000000e+00,0.0000000000e+00,0.0000000000e+00,0.0000000000e+00,0.0000000000e+00,0.0000000000e+00,0.0000000000e+00,0.0000000000e+00,0.0000000000e+00,0.0000000000e+00,0.0000000000e+00,0.0000000000e+00,0.0000000000e+00,0.0000000000e+00,0.0000000000e+00,0.0000000000e+00,0.0000000000e+00,0.0000000000e+00,0.0000000000e+00,0.0000000000e+00,0.0000000000e+00,0.0000000000e+00,0.0000000000e+00,0.0000000000e+00,0.0000000000e+00,0.0000000000e+00,0.0000000000e+00,0.0000000000e+00,0.0000000000e+00,0.0000000000e+00,0.0000000000e+00,0.0000000000e+00,0.0000000000e+00,0.0000000000e+00,0.0000000000e+00,0.0000000000e+00,0.0000000000e+00,0.0000000000e+00,0.0000000000e+00,0.0000000000e+00,0.0000000000e+00,0.0000000000e+00,0.0000000000e+00,0.0000000000e+00,0.0000000000e+00,0.0000000000e+00,0.0000000000e+00,0.0000000000e+00,0.0000000000e+00,0.0000000000e+00,0.0000000000e+00,0.0000000000e+00,0.0000000000e+00,0.0000000000e+00,0.0000000000e+00,0.0000000000e+00,0.0000000000e+00,0.0000000000e+00,0.0000000000e+00,0.0000000000e+00,0.0000000000e+00,0.0000000000e+00,0.0000000000e+00,0.0000000000e+00,0.0000000000e+00,0.0000000000e+00,0.0000000000e+00,0.0000000000e+00,0.0000000000e+00,0.0000000000e+00,0.0000000000e+00,0.0000000000e+00,0.0000000000e+00,0.0000000000e+00,0.0000000000e+00
1.4896248996e-01,1.2243754500e+01,1.2243754500e+01,1.2243754500e+01,1.2243754500e+01,1.2243754500e+01,1.2243754500e+01,1.2243754500e+01,1.2243754500e+01,1.2243754500e+01,1.2243754500e+01,1.2243754500e+01,1.2243754500e+01,1.2243754500e+01,1.2243754500e+01,1.2243754500e+01,1.2243754500e+01,1.2243754500e+01,1.2243754500e+01,1.2243754500e+01,1.2243754500e+01,1.2243754500e+01,1.2243754500e+01,1.2243754500e+01,1.2243754500e+01,1.2243754500e+01,1.2243754500e+01,1.2243754500e+01,1.2243754500e+01,1.2243754500e+01,1.2243754500e+01,1.2243754500e+01,1.2243754500e+01,1.2243754500e+01,1.2243754500e+01,1.2243754500e+01,1.2243754500e+01,1.2243754500e+01,1.2243754500e+01,1.2243754500e+01,1.2243754500e+01,1.2243754500e+01,1.2243754500e+01,1.2252350781e+01,1.2265733873e+01,1.2280463381e+01,1.2296676608e+01,1.2314525246e+01,1.2334176960e+01,1.2355817170e+01,1.2379651049e+01,1.2405905768e+01,1.2434833027e+01,1.2466711916e+01,1.2501353361e+01,1.2534700751e+01,1.2571463707e+01,1.2612003324e+01,1.2656721233e+01,1.2706064643e+01,1.2752656706e+01,1.2800597077e+01,1.2853508091e+01,1.2909296925e+01,1.2955437711e+01,1.3006352699e+01,1.3051965738e+01,1.3091090171e+01,1.3125417838e+01,1.3148131096e+01,1.3156584726e+01,1.3152297972e+01,1.3122917366e+01,1.3071712035e+01,1.2998253550e+01,1.2902976218e+01,1.2786126691e+01,1.2644511119e+01,1.2471210307e+01,1.2259267309e+01,1.2000346746e+01,1.1685740818e+01,1.1298190609e+01,1.0843630656e+01,1.0363646435e+01,1.0002716740e+01,1.0038364221e+01,1.0266929633e+01,1.1087978211e+01,1.2103420183e+01,1.2976505323e+01,1.3292836480e+01,1.2630794746e+01,1.1546663599e+01,1.0102531962e+01,8.2678713378e+00,6.7701003000e+00,5.1417710038e+00,3.3419402210e+00,1.5632452781e+00,3.4444165605e-01,1.8318578822e-01,7.4535518374e-02,7.4449329496e-03,2.2984299435e-03,6.6296069160e-04,0.0000000000e+00,0.0000000000e+00,0.0000000000e+00,0.0000000000e+00,0.0000000000e+00,0.0000000000e+00,0.0000000000e+00,0.0000000000e+00,0.0000000000e+00,0.0000000000e+00,0.0000000000e+00,0.0000000000e+00,0.0000000000e+00,0.0000000000e+00,0.0000000000e+00,0.0000000000e+00,0.0000000000e+00,0.0000000000e+00,0.0000000000e+00,0.0000000000e+00,0.0000000000e+00,0.0000000000e+00,0.0000000000e+00,0.0000000000e+00,0.0000000000e+00,0.0000000000e+00,0.0000000000e+00,0.0000000000e+00,0.0000000000e+00,0.0000000000e+00,0.0000000000e+00,0.0000000000e+00,0.0000000000e+00,0.0000000000e+00,0.0000000000e+00,0.0000000000e+00,0.0000000000e+00,0.0000000000e+00,0.0000000000e+00,0.0000000000e+00,0.0000000000e+00,0.0000000000e+00,0.0000000000e+00,0.0000000000e+00,0.0000000000e+00,0.0000000000e+00,0.0000000000e+00,0.0000000000e+00,0.0000000000e+00,0.0000000000e+00,0.0000000000e+00,0.0000000000e+00,0.0000000000e+00,0.0000000000e+00,0.0000000000e+00,0.0000000000e+00,0.0000000000e+00,0.0000000000e+00,0.0000000000e+00,0.0000000000e+00,0.0000000000e+00,0.0000000000e+00,0.0000000000e+00,0.0000000000e+00,0.0000000000e+00,0.0000000000e+00,0.0000000000e+00,0.0000000000e+00,0.0000000000e+00,0.0000000000e+00,0.0000000000e+00,0.0000000000e+00,0.0000000000e+00,0.0000000000e+00,0.0000000000e+00,0.0000000000e+00,0.0000000000e+00,0.0000000000e+00,0.0000000000e+00,0.0000000000e+00,0.0000000000e+00,0.0000000000e+00,0.0000000000e+00,0.0000000000e+00,0.0000000000e+00,0.0000000000e+00,0.0000000000e+00,0.0000000000e+00,0.0000000000e+00,0.0000000000e+00,0.0000000000e+00,0.0000000000e+00,0.0000000000e+00,0.0000000000e+00,0.0000000000e+00
1.5570684048e-01,1.2447962726e+01,1.2447962726e+01,1.2447962726e+01,1.2447962726e+01,1.2447962726e+01,1.2447962726e+01,1.2447962726e+01,1.2447962726e+01,1.2447962726e+01,1.2447962726e+01,1.2447962726e+01,1.2447962726e+01,1.2447962726e+01,1.2447962726e+01,1.2447962726e+01,1.2447962726e+01,1.2447962726e+01,1.2447962726e+01,1.2447962726e+01,1.2447962726e+01,1.2447962726e+01,1.2447962726e+01,1.2447962726e+01,1.2447962726e+01,1.2447962726e+01,1.2447962726e+01,1.2447962726e+01,1.2447962726e+01,1.2447962726e+01,1.2447962726e+01,1.2447962726e+01,1.2447962726e+01,1.2447962726e+01,1.2447962726e+01,1.2447962726e+01,1.2447962726e+01,1.2447962726e+01,1.2447962726e+01,1.2447962726e+01,1.2447962726e+01,1.2447962726e+01,1.2447962726e+01,1.2447962726e+01,1.2447962726e+01,1.2447962726e+01,1.2447962726e+01,1.2447962726e+01,1.2447962726e+01,1.2447962726e+01,1.2447962726e+01,1.2447962726e+01,1.2447962726e+01,1.2447962726e+01,1.2447962726e+01,1.2447962726e+01,1.2447962726e+01,1.2447962726e+01,1.2447962726e+01,1.2447962726e+01,1.2447962726e+01,1.2463615188e+01,1.2481019204e+01,1.2500180272e+01,1.2521278849e+01,1.2544514567e+01,1.2570108405e+01,1.2598305131e+01,1.2629376063e+01,1.2663622180e+01,1.2701377657e+01,1.2743013871e+01,1.2744731477e+01,1.2674541701e+01,1.2597824890e+01,1.2514022358e+01,1.2422537585e+01,1.2322735812e+01,1.2145244377e+01,1.1952861499e+01,1.1744880964e+01,1.1469248413e+01,1.1108736663e+01,1.0725472562e+01,1.0384124330e+01,1.0038741518e+01,1.0027761742e+01,1.0201940358e+01,1.1061553835e+01,1.2013863521e+01,1.2840863160e+01,1.3165939527e+01,1.2499789414e+01,1.1442657503e+01,1.0071233301e+01,8.3062011648e+00,6.8252707922e+00,5.2379382158e+00,3.4410246518e+00,1.6284731380e+00,4.2607043983e-01,2.1867632978e-01,8.8027318470e-02,8.9494644114e-03,4.3276916313e-04,0.0000000000e+00,0.0000000000e+00,0.0000000000e+00,0.0000000000e+00,0.0000000000e+00,0.0000000000e+00,0.0000000000e+00,0.0000000000e+00,0.0000000000e+00,0.0000000000e+00,0.0000000000e+00,0.0000000000e+00,0.0000000000e+00,0.0000000000e+00,0.0000000000e+00,0.0000000000e+00,0.0000000000e+00,0.0000000000e+00,0.0000000000e+00,0.0000000000e+00,0.0000000000e+00,0.0000000000e+00,0.0000000000e+00,0.0000000000e+00,0.0000000000e+00,0.0000000000e+00,0.0000000000e+00,0.0000000000e+00,0.0000000000e+00,0.0000000000e+00,0.0000000000e+00,0.0000000000e+00,0.0000000000e+00,0.0000000000e+00,0.0000000000e+00,0.0000000000e+00,0.0000000000e+00,0.0000000000e+00,0.0000000000e+00,0.0000000000e+00,0.0000000000e+00,0.0000000000e+00,0.0000000000e+00,0.0000000000e+00,0.0000000000e+00,0.0000000000e+00,0.0000000000e+00,0.0000000000e+00,0.0000000000e+00,0.0000000000e+00,0.0000000000e+00,0.0000000000e+00,0.0000000000e+00,0.0000000000e+00,0.0000000000e+00,0.0000000000e+00,0.0000000000e+00,0.0000000000e+00,0.0000000000e+00,0.0000000000e+00,0.0000000000e+00,0.0000000000e+00,0.0000000000e+00,0.0000000000e+00,0.0000000000e+00,0.0000000000e+00,0.0000000000e+00,0.0000000000e+00,0.0000000000e+00,0.0000000000e+00,0.0000000000e+00,0.0000000000e+00,0.0000000000e+00,0.0000000000e+00,0.0000000000e+00,0.0000000000e+00,0.0000000000e+00,0.0000000000e+00,0.0000000000e+00,0.0000000000e+00,0.0000000000e+00,0.0000000000e+00,0.0000000000e+00,0.0000000000e+00,0.0000000000e+00,0.0000000000e+00,0.0000000000e+00,0.0000000000e+00,0.0000000000e+00,0.0000000000e+00,0.0000000000e+00,0.0000000000e+00,0.0000000000e+00,0.0000000000e+00,0.0000000000e+00,0.0000000000e+00
1.6275654480e-01,1.1469030828e+01,1.1469030828e+01,1.1469030828e+01,1.1469030828e+01,1.1469030828e+01,1.1469030828e+01,1.1469030828e+01,1.1469030828e+01,1.1469030828e+01,1.1469030828e+01,1.1469030828e+01,1.1469030828e+01,1.1469030828e+01,1.1469030828e+01,1.1469030828e+01,1.1469030828e+01,1.1469030828e+01,1.1469030828e+01,1.1469030828e+01,1.1469030828e+01,1.1469030828e+01,1.1469030828e+01,1.1469030828e+01,1.1469030828e+01,1.1469030828e+01,1.1469030828e+01,1.1469030828e+01,1.1469030828e+01,1.1469030828e+01,1.1469030828e+01,1.1469030828e+01,1.1469030828e+01,1.1469030828e+01,1.1469030828e+01,1.1469030828e+01,1.1469030828e+01,1.1469030828e+01,1.1469030828e+01,1.1469030828e+01,1.1469030828e+01,1.1469030828e+01,1.1469030828e+01,1.1476281406e+01,1.1487568434e+01,1.1499989587e+01,1.1513660221e+01,1.1528707723e+01,1.1545272818e+01,1.1563511045e+01,1.1583594403e+01,1.1605713201e+01,1.1630078139e+01,1.1656922650e+01,1.1686102916e+01,1.1714355160e+01,1.1745492955e+01,1.1779819662e+01,1.1817672344e+01,1.1859425887e+01,1.1899143419e+01,1.1940155136e+01,1.1985404306e+01,1.2033223669e+01,1.2073534792e+01,1.2118006485e+01,1.2158545191e+01,1.2194233447e+01,1.2226488670e+01,1.2249866202e+01,1.2262320427e+01,1.2265115091e+01,1.2248384379e+01,1.2214755831e+01,1.2163876871e+01,1.2096078170e+01,1.2011591173e+01,1.1907926826e+01,1.1779618002e+01,1.1621058246e+01,1.1425431007e+01,1.1185509654e+01,1.0887056549e+01,1.0534986930e+01,1.0165245133e+01,9.9009050514e+00,9.9781859232e+00,1.0232852712e+01,1.1005486734e+01,1.1957810366e+01,1.2803547168e+01,1.3126071333e+01,1.2487041299e+01,1.1453146417e+01,1.0092022718e+01,8.3674307984e+00,6.9208236799e+00,5.3317063282e+00,3.5350677722e+00,1.7133423608e+00,4.1685297225e-01,2.2924540823e-01,9.6602084160e-02,9.7685276592e-03,3.0340617593e-03,8.9391735117e-04,0.0000000000e+00,0.0000000000e+00,0.0000000000e+00,0.0000000000e+00,0.0000000000e+00,0.0000000000e+00,0.0000000000e+00,0.0000000000e+00,0.0000000000e+00,0.0000000000e+00,0.0000000000e+00,0.0000000000e+00,0.0000000000e+00,0.0000000000e+00,0.0000000000e+00,0.0000000000e+00,0.0000000000e+00,0.0000000000e+00,0.0000000000e+00,0.0000000000e+00,0.0000000000e+00,0.0000000000e+00,0.0000000000e+00,0.0000000000e+00,0.0000000000e+00,0.0000000000e+00,0.0000000000e+00,0.0000000000e+00,0.0000000000e+00,0.0000000000e+00,0.0000000000e+00,0.0000000000e+00,0.0000000000e+00,0.0000000000e+00,0.0000000000e+00,0.0000000000e+00,0.0000000000e+00,0.0000000000e+00,0.0000000000e+00,0.0000000000e+00,0.0000000000e+00,0.0000000000e+00,0.0000000000e+00,0.0000000000e+00,0.0000000000e+00,0.0000000000e+00,0.0000000000e+00,0.0000000000e+00,0.0000000000e+00,0.0000000000e+00,0.0000000000e+00,0.0000000000e+00,0.0000000000e+00,0.0000000000e+00,0.0000000000e+00,0.0000000000e+00,0.0000000000e+00,0.0000000000e+00,0.0000000000e+00,0.0000000000e+00,0.0000000000e+00,0.0000000000e+00,0.0000000000e+00,0.0000000000e+00,0.0000000000e+00,0.0000000000e+00,0.0000000000e+00,0.0000000000e+00,0.0000000000e+00,0.0000000000e+00,0.0000000000e+00,0.0000000000e+00,0.0000000000e+00,0.0000000000e+00,0.0000000000e+00,0.0000000000e+00,0.0000000000e+00,0.0000000000e+00,0.0000000000e+00,0.0000000000e+00,0.0000000000e+00,0.0000000000e+00,0.0000000000e+00,0.0000000000e+00,0.0000000000e+00,0.0000000000e+00,0.0000000000e+00,0.0000000000e+00,0.0000000000e+00,0.0000000000e+00,0.0000000000e+00,0.0000000000e+00,0.0000000000e+00,0.0000000000e+00,0.0000000000e+00
1.7012542799e-01,1.1161211104e+01,1.1161211104e+01,1.1161211104e+01,1.1161211104e+01,1.1161211104e+01,1.1161211104e+01,1.1161211104e+01,1.1161211104e+01,1.1161211104e+01,1.1161211104e+01,1.1161211104e+01,1.1161211104e+01,1.1161211104e+01,1.1161211104e+01,1.1161211104e+01,1.1161211104e+01,1.1161211104e+01,1.1161211104e+01,1.1161211104e+01,1.1161211104e+01,1.1161211104e+01,1.1161211104e+01,1.1161211104e+01,1.1161211104e+01,1.1161211104e+01,1.1161211104e+01,1.1161211104e+01,1.1161211104e+01,1.1161211104e+01,1.1161211104e+01,1.1161211104e+01,1.1161211104e+01,1.1161211104e+01,1.1161211104e+01,1.1161211104e+01,1.1161211104e+01,1.1161211104e+01,1.1161211104e+01,1.1161211104e+01,1.1161211104e+01,1.1161211104e+01,1.1161211104e+01,1.1167902355e+01,1.1178318242e+01,1.1189780108e+01,1.1202394220e+01,1.1216277894e+01,1.1231560702e+01,1.1248385817e+01,1.1266911514e+01,1.1287312862e+01,1.1309783620e+01,1.1334538368e+01,1.1361451796e+01,1.1387585725e+01,1.1416385311e+01,1.1448130057e+01,1.1483130363e+01,1.1521731279e+01,1.1558587109e+01,1.1596711460e+01,1.1638768410e+01,1.1683265156e+01,1.1721127494e+01,1.1762892885e+01,1.1801280599e+01,1.1835482710e+01,1.1866801872e+01,1.1890355149e+01,1.1904338237e+01,1.1909911073e+01,1.1898224402e+01,1.1871650142e+01,1.1829875041e+01,1.1773197307e+01,1.1701846898e+01,1.1613623727e+01,1.1503654935e+01,1.1366902816e+01,1.1197204739e+01,1.0987990299e+01,1.0726337576e+01,1.0416796258e+01,1.0092849200e+01,9.8682135032e+00,9.9609308175e+00,1.0223165905e+01,1.0969181553e+01,1.1887233091e+01,1.2713679335e+01,1.3033469860e+01,1.2402569344e+01,1.1390238761e+01,1.0067393743e+01,8.3962745510e+00,6.9763962753e+00,5.4105316398e+00,3.6214199711e+00,1.7861224011e+00,4.5664904965e-01,2.5521021901e-01,1.0940659765e-01,1.1250723859e-02,3.5187810875e-03,1.0484930273e-03,0.0000000000e+00,0.0000000000e+00,0.0000000000e+00,0.0000000000e+00,0.0000000000e+00,0.0000000000e+00,0.0000000000e+00,0.0000000000e+00,0.0000000000e+00,0.0000000000e+00,0.0000000000e+00,0.0000000000e+00,0.0000000000e+00,0.0000000000e+00,0.0000000000e+00,0.0000000000e+00,0.0000000000e+00,0.0000000000e+00,0.0000000000e+00,0.0000000000e+00,0.0000000000e+00,0.0000000000e+00,0.0000000000e+00,0.0000000000e+00,0.0000000000e+00,0.0000000000e+00,0.0000000000e+00,0.0000000000e+00,0.0000000000e+00,0.0000000000e+00,0.0000000000e+00,0.0000000000e+00,0.0000000000e+00,0.0000000000e+00,0.0000000000e+00,0.0000000000e+00,0.0000000000e+00,0.0000000000e+00,0.0000000000e+00,0.0000000000e+00,0.0000000000e+00,0.0000000000e+00,0.0000000000e+00,0.0000000000e+00,0.0000000000e+00,0.0000000000e+00,0.0000000000e+00,0.0000000000e+00,0.0000000000e+00,0.0000000000e+00,0.0000000000e+00,0.0000000000e+00,0.0000000000e+00,0.0000000000e+00,0.0000000000e+00,0.0000000000e+00,0.0000000000e+00,0.0000000000e+00,0.0000000000e+00,0.0000000000e+00,0.0000000000e+00,0.0000000000e+00,0.0000000000e+00,0.0000000000e+00,0.0000000000e+00,0.0000000000e+00,0.0000000000e+00,0.0000000000e+00,0.0000000000e+00,0.0000000000e+00,0.0000000000e+00,0.0000000000e+00,0.0000000000e+00,0.0000000000e+00,0.0000000000e+00,0.0000000000e+00,0.0000000000e+00,0.0000000000e+00,0.0000000000e+00,0.0000000000e+00,0.0000000000e+00,0.0000000000e+00,0.0000000000e+00,0.0000000000e+00,0.0000000000e+00,0.0000000000e+00,0.0000000000e+00,0.0000000000e+00,0.0000000000e+00,0.0000000000e+00,0.0000000000e+00,0.0000000000e+00,0.0000000000e+00,0.0000000000e+00,0.0000000000e+00
1.7782794100e-01,1.0897258221e+01,1.0897258221e+01,1.0897258221e+01,1.0897258221e+01,1.0897258221e+01,1.0897258221e+01,1.0897258221e+01,1.0897258221e+01,1.0897258221e+01,1.0897258221e+01,1.0897258221e+01,1.0897258221e+01,1.0897258221e+01,1.0897258221e+01,1.0897258221e+01,1.0897258221e+01,1.0897258221e+01,1.0897258221e+01,1.0897258221e+01,1.0897258221e+01,1.0897258221e+01,1.0897258221e+01,1.0897258221e+01,1.0897258221e+01,1.0897258221e+01,1.0897258221e+01,1.0897258221e+01,1.0897258221e+01,1.0897258221e+01,1.0897258221e+01,1.0897258221e+01,1.0897258221e+01,1.0897258221e+01,1.0897258221e+01,1.0897258221e+01,1.0897258221e+01,1.0897258221e+01,1.0897258221e+01,1.0897258221e+01,1.0897258221e+01,1.0897258221e+01,1.0897258221e+01,1.0903450591e+01,1.0913089511e+01,1.0923695847e+01,1.0935367768e+01,1.0948213632e+01,1.0962353086e+01,1.0977918301e+01,1.0995055352e+01,1.1013925761e+01,1.1034708231e+01,1.1057600598e+01,1.1082493839e+01,1.1106737525e+01,1.1133450912e+01,1.1162892296e+01,1.1195348393e+01,1.1231137755e+01,1.1265437010e+01,1.1300979581e+01,1.1340182554e+01,1.1381707049e+01,1.1417365759e+01,1.1456695927e+01,1.1493134222e+01,1.1525968832e+01,1.1556399678e+01,1.1580038833e+01,1.1595292245e+01,1.1603228516e+01,1.1595893343e+01,1.1575436592e+01,1.1541583652e+01,1.1494608840e+01,1.1434742585e+01,1.1360038886e+01,1.1266147284e+01,1.1148538621e+01,1.1001642352e+01,1.0819491457e+01,1.0590363314e+01,1.0318507354e+01,1.0035139890e+01,9.8453840412e+00,9.9505336411e+00,1.0217314168e+01,1.0935577478e+01,1.1818083733e+01,1.2622197377e+01,1.2936002252e+01,1.2311494957e+01,1.1318767834e+01,1.0032157833e+01,8.4131148032e+00,7.0204162271e+00,5.4797170429e+00,3.7014411805e+00,1.8573875261e+00,4.9888719757e-01,2.8320763336e-01,1.2347306490e-01,1.2994913783e-02,4.1048681336e-03,1.2375364415e-03,0.0000000000e+00,0.0000000000e+00,0.0000000000e+00,0.0000000000e+00,0.0000000000e+00,0.0000000000e+00,0.0000000000e+00,0.0000000000e+00,0.0000000000e+00,0.0000000000e+00,0.0000000000e+00,0.0000000000e+00,0.0000000000e+00,0.0000000000e+00,0.0000000000e+00,0.0000000000e+00,0.0000000000e+00,0.0000000000e+00,0.0000000000e+00,0.0000000000e+00,0.0000000000e+00,0.0000000000e+00,0.0000000000e+00,0.0000000000e+00,0.0000000000e+00,0.0000000000e+00,0.0000000000e+00,0.0000000000e+00,0.0000000000e+00,0.0000000000e+00,0.0000000000e+00,0.0000000000e+00,0.0000000000e+00,0.0000000000e+00,0.0000000000e+00,0.0000000000e+00,0.0000000000e+00,0.0000000000e+00,0.0000000000e+00,0.0000000000e+00,0.0000000000e+00,0.0000000000e+00,0.0000000000e+00,0.0000000000e+00,0.0000000000e+00,0.0000000000e+00,0.0000000000e+00,0.0000000000e+00,0.0000000000e+00,0.0000000000e+00,0.0000000000e+00,0.0000000000e+00,0.0000000000e+00,0.0000000000e+00,0.0000000000e+00,0.0000000000e+00,0.0000000000e+00,0.0000000000e+00,0.0000000000e+00,0.0000000000e+00,0.0000000000e+00,0.0000000000e+00,0.0000000000e+00,0.0000000000e+00,0.0000000000e+00,0.0000000000e+00,0.0000000000e+00,0.0000000000e+00,0.0000000000e+00,0.0000000000e+00,0.0000000000e+00,0.0000000000e+00,0.0000000000e+00,0.0000000000e+00,0.0000000000e+00,0.0000000000e+00,0.0000000000e+00,0.0000000000e+00,0.0000000000e+00,0.0000000000e+00,0.0000000000e+00,0.0000000000e+00,0.0000000000e+00,0.0000000000e+00,0.0000000000e+00,0.0000000000e+00,0.0000000000e+00,0.0000000000e+00,0.0000000000e+00,0.0000000000e+00,0.0000000000e+00,0.0000000000e+00,0.0000000000e+00,0.0000000000e+00,0.0000000000e+00
1.8587918911e-01,1.0671492602e+01,1.0671492602e+01,1.0671492602e+01,1.0671492602e+01,1.0671492602e+01,1.0671492602e+01,1.0671492602e+01,1.0671492602e+01,1.0671492602e+01,1.0671492602e+01,1.0671492602e+01,1.0671492602e+01,1.0671492602e+01,1.0671492602e+01,1.0671492602e+01,1.0671492602e+01,1.0671492602e+01,1.0671492602e+01,1.0671492602e+01,1.0671492602e+01,1.0671492602e+01,1.0671492602e+01,1.0671492602e+01,1.0671492602e+01,1.0671492602e+01,1.0671492602e+01,1.0671492602e+01,1.0671492602e+01,1.0671492602e+01,1.0671492602e+01,1.0671492602e+01,1.0671492602e+01,1.0671492602e+01,1.0671492602e+01,1.0671492602e+01,1.0671492602e+01,1.0671492602e+01,1.0671492602e+01,1.0671492602e+01,1.0671492602e+01,1.0671492602e+01,1.0671492602e+01,1.0677237485e+01,1.0686179518e+01,1.0696018541e+01,1.0706845479e+01,1.0718760670e+01,1.0731874881e+01,1.0746310443e+01,1.0762202519e+01,1.0779700519e+01,1.0798969695e+01,1.0820192922e+01,1.0843275550e+01,1.0865822485e+01,1.0890663458e+01,1.0918037803e+01,1.0948211068e+01,1.0981478140e+01,1.1013479019e+01,1.1046698076e+01,1.1083332924e+01,1.1122180990e+01,1.1155841437e+01,1.1192963457e+01,1.1227619453e+01,1.1259182195e+01,1.1288759175e+01,1.1312400377e+01,1.1328695554e+01,1.1338632414e+01,1.1335047544e+01,1.1319896668e+01,1.1292942344e+01,1.1254441239e+01,1.1204625133e+01,1.1141771748e+01,1.1061990834e+01,1.0961208364e+01,1.0834389712e+01,1.0676121299e+01,1.0475772751e+01,1.0237341762e+01,9.9899471314e+00,9.8307980346e+00,9.9457312365e+00,1.0214424905e+01,1.0904085581e+01,1.1750104518e+01,1.2529310150e+01,1.2834313410e+01,1.2214818107e+01,1.1240046565e+01,9.9877708803e+00,8.4192648477e+00,7.0540419543e+00,5.5401081485e+00,3.7755459456e+00,1.9271795336e+00,5.4358868129e-01,3.1328127979e-01,1.3885562377e-01,1.5042620925e-02,4.8138983836e-03,1.4691237185e-03,0.0000000000e+00,0.0000000000e+00,0.0000000000e+00,0.0000000000e+00,0.0000000000e+00,0.0000000000e+00,0.0000000000e+00,0.0000000000e+00,0.0000000000e+00,0.0000000000e+00,0.0000000000e+00,0.0000000000e+00,0.0000000000e+00,0.0000000000e+00,0.0000000000e+00,0.0000000000e+00,0.0000000000e+00,0.0000000000e+00,0.0000000000e+00,0.0000000000e+00,0.0000000000e+00,0.0000000000e+00,0.0000000000e+00,0.0000000000e+00,0.0000000000e+00,0.0000000000e+00,0.0000000000e+00,0.0000000000e+00,0.0000000000e+00,0.0000000000e+00,0.0000000000e+00,0.0000000000e+00,0.0000000000e+00,0.0000000000e+00,0.0000000000e+00,0.0000000000e+00,0.0000000000e+00,0.0000000000e+00,0.0000000000e+00,0.0000000000e+00,0.0000000000e+00,0.0000000000e+00,0.0000000000e+00,0.0000000000e+00,0.0000000000e+00,0.0000000000e+00,0.0000000000e+00,0.0000000000e+00,0.0000000000e+00,0.0000000000e+00,0.0000000000e+00,0.0000000000e+00,0.0000000000e+00,0.0000000000e+00,0.0000000000e+00,0.0000000000e+00,0.0000000000e+00,0.0000000000e+00,0.0000000000e+00,0.0000000000e+00,0.0000000000e+00,0.0000000000e+00,0.0000000000e+00,0.0000000000e+00,0.0000000000e+00,0.0000000000e+00,0.0000000000e+00,0.0000000000e+00,0.0000000000e+00,0.0000000000e+00,0.0000000000e+00,0.0000000000e+00,0.0000000000e+00,0.0000000000e+00,0.0000000000e+00,0.0000000000e+00,0.0000000000e+00,0.0000000000e+00,0.0000000000e+00,0.0000000000e+00,0.0000000000e+00,0.0000000000e+00,0.0000000000e+00,0.0000000000e+00,0.0000000000e+00,0.0000000000e+00,0.0000000000e+00,0.0000000000e+00,0.0000000000e+00,0.0000000000e+00,0.0000000000e+00,0.0000000000e+00,0.0000000000e+00,0.0000000000e+00,0.0000000000e+00
1.9429496147e-01,1.0478963364e+01,1.0478963364e+01,1.0478963364e+01,1.0478963364e+01,1.0478963364e+01,1.0478963364e+01,1.0478963364e+01,1.0478963364e+01,1.0478963364e+01,1.0478963364e+01,1.0478963364e+01,1.0478963364e+01,1.0478963364e+01,1.0478963364e+01,1.0478963364e+01,1.0478963364e+01,1.0478963364e+01,1.0478963364e+01,1.0478963364e+01,1.0478963364e+01,1.0478963364e+01,1.0478963364e+01,1.0478963364e+01,1.0478963364e+01,1.0478963364e+01,1.0478963364e+01,1.0478963364e+01,1.0478963364e+01,1.0478963364e+01,1.0478963364e+01,1.0478963364e+01,1.0478963364e+01,1.0478963364e+01,1.0478963364e+01,1.0478963364e+01,1.0478963364e+01,1.0478963364e+01,1.0478963364e+01,1.0478963364e+01,1.0478963364e+01,1.0478963364e+01,1.0478963364e+01,1.0484304599e+01,1.0492618040e+01,1.0501764990e+01,1.0511829848e+01,1.0522905734e+01,1.0535095425e+01,1.0548512399e+01,1.0563282006e+01,1.0579542768e+01,1.0597447848e+01,1.0617166683e+01,1.0638617317e+01,1.0659632070e+01,1.0682782446e+01,1.0708290725e+01,1.0736403423e+01,1.0767394161e+01,1.0797315547e+01,1.0828429669e+01,1.0862738306e+01,1.0899159990e+01,1.0930993902e+01,1.0966097668e+01,1.0999109127e+01,1.1029475664e+01,1.1058221208e+01,1.1081784504e+01,1.1098916474e+01,1.1110532689e+01,1.1110171115e+01,1.1099616645e+01,1.1078666980e+01,1.1047565565e+01,1.1006545636e+01,1.0954082116e+01,1.0886690977e+01,1.0800705835e+01,1.0691576947e+01,1.0554397237e+01,1.0379530269e+01,1.0170757522e+01,9.9552480528e+00,9.8229061193e+00,9.9452806732e+00,1.0213594837e+01,1.0874044867e+01,1.1682923934e+01,1.2435073826e+01,1.2728867154e+01,1.2113330084e+01,1.1155172149e+01,9.9355036547e+00,8.4159285304e+00,7.0783724440e+00,5.5925429226e+00,3.8441835800e+00,1.9955726365e+00,5.9076315805e-01,3.4546423539e-01,1.5560274940e-01,1.7439810060e-02,5.6710870889e-03,1.7530434863e-03,0.0000000000e+00,0.0000000000e+00,0.0000000000e+00,0.0000000000e+00,0.0000000000e+00,0.0000000000e+00,0.0000000000e+00,0.0000000000e+00,0.0000000000e+00,0.0000000000e+00,0.0000000000e+00,0.0000000000e+00,0.0000000000e+00,0.0000000000e+00,0.0000000000e+00,0.0000000000e+00,0.0000000000e+00,0.0000000000e+00,0.0000000000e+00,0.0000000000e+00,0.0000000000e+00,0.0000000000e+00,0.0000000000e+00,0.0000000000e+00,0.0000000000e+00,0.0000000000e+00,0.0000000000e+00,0.0000000000e+00,0.0000000000e+00,0.0000000000e+00,0.0000000000e+00,0.0000000000e+00,0.0000000000e+00,0.0000000000e+00,0.0000000000e+00,0.0000000000e+00,0.0000000000e+00,0.0000000000e+00,0.0000000000e+00,0.0000000000e+00,0.0000000000e+00,0.0000000000e+00,0.0000000000e+00,0.0000000000e+00,0.0000000000e+00,0.0000000000e+00,0.0000000000e+00,0.0000000000e+00,0.0000000000e+00,0.0000000000e+00,0.0000000000e+00,0.0000000000e+00,0.0000000000e+00,0.0000000000e+00,0.0000000000e+00,0.0000000000e+00,0.0000000000e+00,0.0000000000e+00,0.0000000000e+00,0.0000000000e+00,0.0000000000e+00,0.0000000000e+00,0.0000000000e+00,0.0000000000e+00,0.0000000000e+00,0.0000000000e+00,0.0000000000e+00,0.0000000000e+00,0.0000000000e+00,0.0000000000e+00,0.0000000000e+00,0.0000000000e+00,0.0000000000e+00,0.0000000000e+00,0.0000000000e+00,0.0000000000e+00,0.0000000000e+00,0.0000000000e+00,0.0000000000e+00,0.0000000000e+00,0.0000000000e+00,0.0000000000e+00,0.0000000000e+00,0.0000000000e+00,0.0000000000e+00,0.0000000000e+00,0.0000000000e+00,0.0000000000e+00,0.0000000000e+00,0.0000000000e+00,0.0000000000e+00,0.0000000000e+00,0.0000000000e+00,0.0000000000e+00,0.0000000000e+00
2.0309176209e-01,1.0315308604e+01,1.0315308604e+01,1.0315308604e+01,1.0315308604e+01,1.0315308604e+01,1.0315308604e+01,1.0315308604e+01,1.0315308604e+01,1.0315308604e+01,1.0315308604e+01,1.0315308604e+01,1.0315308604e+01,1.0315308604e+01,1.0315308604e+01,1.0315308604e+01,1.0315308604e+01,1.0315308604e+01,1.0315308604e+01,1.0315308604e+01,1.0315308604e+01,1.0315308604e+01,1.0315308604e+01,1.0315308604e+01,1.0315308604e+01,1.0315308604e+01,1.0315308604e+01,1.0315308604e+01,1.0315308604e+01,1.0315308604e+01,1.0315308604e+01,1.0315308604e+01,1.0315308604e+01,1.0315308604e+01,1.0315308604e+01,1.0315308604e+01,1.0315308604e+01,1.0315308604e+01,1.0315308604e+01,1.0315308604e+01,1.0315308604e+01,1.0315308604e+01,1.0315308604e+01,1.0320283695e+01,1.0328026974e+01,1.0336546216e+01,1.0345919915e+01,1.0356234656e+01,1.0367585985e+01,1.0380079374e+01,1.0393831296e+01,1.0408970432e+01,1.0425639017e+01,1.0443994351e+01,1.0463965703e+01,1.0483588601e+01,1.0505203408e+01,1.0529016974e+01,1.0555258603e+01,1.0584182693e+01,1.0612210489e+01,1.0641404940e+01,1.0673592411e+01,1.0707799335e+01,1.0737950087e+01,1.0771194151e+01,1.0802673970e+01,1.0831902875e+01,1.0859828892e+01,1.0883236999e+01,1.0901019798e+01,1.0914028093e+01,1.0916423850e+01,1.0909840688e+01,1.0894109035e+01,1.0869462157e+01,1.0836134290e+01,1.0792774319e+01,1.0736257430e+01,1.0663282570e+01,1.0569738514e+01,1.0451180768e+01,1.0298876636e+01,1.0116416916e+01,9.9291512388e+00,9.8202269706e+00,9.9479682745e+00,1.0213909158e+01,1.0844751055e+01,1.1616094356e+01,1.2339434991e+01,1.2619991708e+01,1.2007658189e+01,1.1065063694e+01,9.8764667093e+00,8.4042085695e+00,7.0944451212e+00,5.6378423314e+00,3.9078280451e+00,2.0626697919e+00,6.4040920607e-01,3.7977947975e-01,1.7375734210e-01,2.0237095708e-02,6.7056557002e-03,2.1010718847e-03,0.0000000000e+00,0.0000000000e+00,0.0000000000e+00,0.0000000000e+00,0.0000000000e+00,0.0000000000e+00,0.0000000000e+00,0.0000000000e+00,0.0000000000e+00,0.0000000000e+00,0.0000000000e+00,0.0000000000e+00,0.0000000000e+00,0.0000000000e+00,0.0000000000e+00,0.0000000000e+00,0.0000000000e+00,0.0000000000e+00,0.0000000000e+00,0.0000000000e+00,0.0000000000e+00,0.0000000000e+00,0.0000000000e+00,0.0000000000e+00,0.0000000000e+00,0.0000000000e+00,0.0000000000e+00,0.0000000000e+00,0.0000000000e+00,0.0000000000e+00,0.0000000000e+00,0.0000000000e+00,0.0000000000e+00,0.0000000000e+00,0.0000000000e+00,0.0000000000e+00,0.0000000000e+00,0.0000000000e+00,0.0000000000e+00,0.0000000000e+00,0.0000000000e+00,0.0000000000e+00,0.0000000000e+00,0.0000000000e+00,0.0000000000e+00,0.0000000000e+00,0.0000000000e+00,0.0000000000e+00,0.0000000000e+00,0.0000000000e+00,0.0000000000e+00,0.0000000000e+00,0.0000000000e+00,0.0000000000e+00,0.0000000000e+00,0.0000000000e+00,0.0000000000e+00,0.0000000000e+00,0.0000000000e+00,0.0000000000e+00,0.0000000000e+00,0.0000000000e+00,0.0000000000e+00,0.0000000000e+00,0.0000000000e+00,0.0000000000e+00,0.0000000000e+00,0.0000000000e+00,0.0000000000e+00,0.0000000000e+00,0.0000000000e+00,0.0000000000e+00,0.0000000000e+00,0.0000000000e+00,0.0000000000e+00,0.0000000000e+00,0.0000000000e+00,0.0000000000e+00,0.0000000000e+00,0.0000000000e+00,0.0000000000e+00,0.0000000000e+00,0.0000000000e+00,0.0000000000e+00,0.0000000000e+00,0.0000000000e+00,0.0000000000e+00,0.0000000000e+00,0.0000000000e+00,0.0000000000e+00,0.0000000000e+00,0.0000000000e+00,0.0000000000e+00,0.0000000000e+00,0.0000000000e+00
2.1228684221e-01,1.0187236264e+01,1.0187236264e+01,1.0187236264e+01,1.0187236264e+01,1.0187236264e+01,1.0187236264e+01,1.0187236264e+01,1.0187236264e+01,1.0187236264e+01,1.0187236264e+01,1.0187236264e+01,1.0187236264e+01,1.0187236264e+01,1.0187236264e+01,1.0187236264e+01,1.0187236264e+01,1.0187236264e+01,1.0187236264e+01,1.0187236264e+01,1.0187236264e+01,1.0187236264e+01,1.0187236264e+01,1.0187236264e+01,1.0187236264e+01,1.0187236264e+01,1.0187236264e+01,1.0187236264e+01,1.0187236264e+01,1.0187236264e+01,1.0187236264e+01,1.0187236264e+01,1.0187236264e+01,1.0187236264e+01,1.0187236264e+01,1.0187236264e+01,1.0187236264e+01,1.0187236264e+01,1.0187236264e+01,1.0187236264e+01,1.0187236264e+01,1.0187236264e+01,1.0187236264e+01,1.0187236264e+01,1.0188868819e+01,1.0196694363e+01,1.0205304275e+01,1.0214777930e+01,1.0225202897e+01,1.0236675814e+01,1.0249303366e+01,1.0263203383e+01,1.0278506055e+01,1.0295355307e+01,1.0313910327e+01,1.0334347293e+01,1.0354798642e+01,1.0376011961e+01,1.0399382877e+01,1.0425136333e+01,1.0453521876e+01,1.0483258708e+01,1.0510524024e+01,1.0540579859e+01,1.0573720789e+01,1.0603307433e+01,1.0632423782e+01,1.0664264831e+01,1.0687707882e+01,1.0713539364e+01,1.0729843320e+01,1.0744571408e+01,1.0748761005e+01,1.0745830293e+01,1.0735151722e+01,1.0716054785e+01,1.0689493166e+01,1.0653709559e+01,1.0606528538e+01,1.0544965806e+01,1.0465646488e+01,1.0362280167e+01,1.0230526736e+01,1.0071526653e+01,9.9081706142e+00,9.8252739164e+00,9.9516656740e+00,1.0217447099e+01,1.0813051714e+01,1.1546360305e+01,1.2238980233e+01,1.2505515838e+01,1.1897867551e+01,1.0970175792e+01,9.8112688699e+00,8.3858912376e+00,7.1032650366e+00,5.6770645219e+00,3.9665463399e+00,2.1286028652e+00,6.9246390733e-01,4.1632582106e-01,1.9369043419e-01,2.3409801387e-02,7.8385381507e-03,2.2830036941e-03,3.9954315383e-04,6.3608182472e-04,0.0000000000e+00,0.0000000000e+00,0.0000000000e+00,0.0000000000e+00,0.0000000000e+00,0.0000000000e+00,0.0000000000e+00,0.0000000000e+00,0.0000000000e+00,0.0000000000e+00,0.0000000000e+00,0.0000000000e+00,0.0000000000e+00,0.0000000000e+00,0.0000000000e+00,0.0000000000e+00,0.0000000000e+00,0.0000000000e+00,0.0000000000e+00,0.0000000000e+00,0.0000000000e+00,0.0000000000e+00,0.0000000000e+00,0.0000000000e+00,0.0000000000e+00,0.0000000000e+00,0.0000000000e+00,0.0000000000e+00,0.0000000000e+00,0.0000000000e+00,0.0000000000e+00,0.0000000000e+00,0.0000000000e+00,0.0000000000e+00,0.0000000000e+00,0.0000000000e+00,0.0000000000e+00,0.0000000000e+00,0.0000000000e+00,0.0000000000e+00,0.0000000000e+00,0.0000000000e+00,0.0000000000e+00,0.0000000000e+00,0.0000000000e+00,0.0000000000e+00,0.0000000000e+00,0.0000000000e+00,0.0000000000e+00,0.0000000000e+00,0.0000000000e+00,0.0000000000e+00,0.0000000000e+00,0.0000000000e+00,0.0000000000e+00,0.0000000000e+00,0.0000000000e+00,0.0000000000e+00,0.0000000000e+00,0.0000000000e+00,0.0000000000e+00,0.0000000000e+00,0.0000000000e+00,0.0000000000e+00,0.0000000000e+00,0.0000000000e+00,0.0000000000e+00,0.0000000000e+00,0.0000000000e+00,0.0000000000e+00,0.0000000000e+00,0.0000000000e+00,0.0000000000e+00,0.0000000000e+00,0.0000000000e+00,0.0000000000e+00,0.0000000000e+00,0.0000000000e+00,0.0000000000e+00,0.0000000000e+00,0.0000000000e+00,0.0000000000e+00,0.0000000000e+00,0.0000000000e+00,0.0000000000e+00,0.0000000000e+00,0.0000000000e+00,0.0000000000e+00,0.0000000000e+00,0.0000000000e+00,0.0000000000e+00,0.0000000000e+00,0.0000000000e+00
2.2189823415e-01,1.0069375526e+01,1.0069375526e+01,1.0069375526e+01,1.0069375526e+01,1.0069375526e+01,1.0069375526e+01,1.0069375526e+01,1.0069375526e+01,1.0069375526e+01,1.0069375526e+01,1.0069375526e+01,1.0069375526e+01,1.0069375526e+01,1.0069375526e+01,1.0069375526e+01,1.0069375526e+01,1.0069375526e+01,1.0069375526e+01,1.0069375526e+01,1.0069375526e+01,1.0069375526e+01,1.0069375526e+01,1.0069375526e+01,1.0069375526e+01,1.0069375526e+01,1.0069375526e+01,1.0069375526e+01,1.0069375526e+01,1.0069375526e+01,1.0069375526e+01,1.0069375526e+01,1.0069375526e+01,1.0069375526e+01,1.0069375526e+01,1.0069375526e+01,1.0069375526e+01,1.0069375526e+01,1.0069375526e+01,1.0069375526e+01,1.0069375526e+01,1.0069375526e+01,1.0069375526e+01,1.0069375526e+01,1.0070900861e+01,1.0078212271e+01,1.0086256160e+01,1.0095106580e+01,1.0104845211e+01,1.0115562170e+01,1.0127356925e+01,1.0140339304e+01,1.0154630627e+01,1.0170364970e+01,1.0187690581e+01,1.0206771470e+01,1.0225911547e+01,1.0245796247e+01,1.0267701022e+01,1.0291835977e+01,1.0318434097e+01,1.0346335573e+01,1.0372067898e+01,1.0400430466e+01,1.0431700228e+01,1.0459841819e+01,1.0487675679e+01,1.0518123374e+01,1.0541074294e+01,1.0566363074e+01,1.0583167787e+01,1.0598740285e+01,1.0604949326e+01,1.0604918192e+01,1.0598091585e+01,1.0583872493e+01,1.0563147268e+01,1.0534346349e+01,1.0495519424e+01,1.0443976502e+01,1.0376666663e+01,1.0287901559e+01,1.0173747494e+01,1.0035380149e+01,9.8941651548e+00,9.8285001807e+00,9.9571795272e+00,1.0217055796e+01,1.0783214521e+01,1.1478883949e+01,1.2140262478e+01,1.2390417863e+01,1.1785228877e+01,1.0871785891e+01,9.7414829275e+00,8.3602401133e+00,7.1056485413e+00,5.7104330564e+00,4.0216837617e+00,2.1935111360e+00,7.4699621303e-01,4.5493314733e-01,2.1480249852e-01,2.7169411474e-02,9.3120393390e-03,2.7571668506e-03,4.4396119301e-04,6.4847941694e-04,0.0000000000e+00,0.0000000000e+00,0.0000000000e+00,0.0000000000e+00,0.0000000000e+00,0.0000000000e+00,0.0000000000e+00,0.0000000000e+00,0.0000000000e+00,0.0000000000e+00,0.0000000000e+00,0.0000000000e+00,0.0000000000e+00,0.0000000000e+00,0.0000000000e+00,0.0000000000e+00,0.0000000000e+00,0.0000000000e+00,0.0000000000e+00,0.0000000000e+00,0.0000000000e+00,0.0000000000e+00,0.0000000000e+00,0.0000000000e+00,0.0000000000e+00,0.0000000000e+00,0.0000000000e+00,0.0000000000e+00,0.0000000000e+00,0.0000000000e+00,0.0000000000e+00,0.0000000000e+00,0.0000000000e+00,0.0000000000e+00,0.0000000000e+00,0.0000000000e+00,0.0000000000e+00,0.0000000000e+00,0.0000000000e+00,0.0000000000e+00,0.0000000000e+00,0.0000000000e+00,0.0000000000e+00,0.0000000000e+00,0.0000000000e+00,0.0000000000e+00,0.0000000000e+00,0.0000000000e+00,0.0000000000e+00,0.0000000000e+00,0.0000000000e+00,0.0000000000e+00,0.0000000000e+00,0.0000000000e+00,0.0000000000e+00,0.0000000000e+00,0.0000000000e+00,0.0000000000e+00,0.0000000000e+00,0.0000000000e+00,0.0000000000e+00,0.0000000000e+00,0.0000000000e+00,0.0000000000e+00,0.0000000000e+00,0.0000000000e+00,0.0000000000e+00,0.0000000000e+00,0.0000000000e+00,0.0000000000e+00,0.0000000000e+00,0.0000000000e+00,0.0000000000e+00,0.0000000000e+00,0.0000000000e+00,0.0000000000e+00,0.0000000000e+00,0.0000000000e+00,0.0000000000e+00,0.0000000000e+00,0.0000000000e+00,0.0000000000e+00,0.0000000000e+00,0.0000000000e+00,0.0000000000e+00,0.0000000000e+00,0.0000000000e+00,0.0000000000e+00,0.0000000000e+00,0.0000000000e+00,0.0000000000e+00,0.0000000000e+00,0.0000000000e+00
2.3194478661e-01,9.9699277425e+00,9.9699277425e+00,9.9699277425e+00,9.9699277425e+00,9.9699277425e+00,9.9699277425e+00,9.9699277425e+00,9.9699277425e+00,9.9699277425e+00,9.9699277425e+00,9.9699277425e+00,9.9699277425e+00,9.9699277425e+00,9.9699277425e+00,9.9699277425e+00,9.9699277425e+00,9.9699277425e+00,9.9699277425e+00,9.9699277425e+00,9.9699277425e+00,9.9699277425e+00,9.9699277425e+00,9.9699277425e+00,9.9699277425e+00,9.9699277425e+00,9.9699277425e+00,9.9699277425e+00,9.9699277425e+00,9.9699277425e+00,9.9699277425e+00,9.9699277425e+00,9.9699277425e+00,9.9699277425e+00,9.9699277425e+00,9.9699277425e+00,9.9699277425e+00,9.9699277425e+00,9.9699277425e+00,9.9699277425e+00,9.9699277425e+00,9.9699277425e+00,9.9699277425e+00,9.9699277425e+00,9.9713542108e+00,9.9781915540e+00,9.9857135654e+00,9.9939893971e+00,1.0003095309e+01,1.0013115424e+01,1.0024142574e+01,1.0036279234e+01,1.0049638571e+01,1.0064345617e+01,1.0080538576e+01,1.0098370297e+01,1.0116299126e+01,1.0134954154e+01,1.0155502171e+01,1.0178139613e+01,1.0203084213e+01,1.0229284932e+01,1.0253584678e+01,1.0280365105e+01,1.0309886764e+01,1.0336658337e+01,1.0363261841e+01,1.0392371518e+01,1.0414787774e+01,1.0439486781e+01,1.0456629839e+01,1.0472838260e+01,1.0480727249e+01,1.0483154623e+01,1.0479629965e+01,1.0469622300e+01,1.0453955989e+01,1.0431227512e+01,1.0399686531e+01,1.0356907106e+01,1.0300131625e+01,1.0224213239e+01,1.0125593592e+01,1.0005472480e+01,9.8837770460e+00,9.8329410828e+00,9.9624460704e+00,1.0215169442e+01,1.0751958768e+01,1.1410221082e+01,1.2039620821e+01,1.2272378397e+01,1.1669617087e+01,1.0770123232e+01,9.6674811849e+00,8.3289680375e+00,7.1024877065e+00,5.7389336752e+00,4.0732885335e+00,2.2575519241e+00,8.0393522951e-01,4.9568850592e-01,2.3743005898e-01,3.1510367463e-02,1.1072357470e-02,3.3334593427e-03,5.0245605095e-04,6.7278601402e-04,0.0000000000e+00,0.0000000000e+00,0.0000000000e+00,0.0000000000e+00,0.0000000000e+00,0.0000000000e+00,0.0000000000e+00,0.0000000000e+00,0.0000000000e+00,0.0000000000e+00,0.0000000000e+00,0.0000000000e+00,0.0000000000e+00,0.0000000000e+00,0.0000000000e+00,0.0000000000e+00,0.0000000000e+00,0.0000000000e+00,0.0000000000e+00,0.0000000000e+00,0.0000000000e+00,0.0000000000e+00,0.0000000000e+00,0.0000000000e+00,0.0000000000e+00,0.0000000000e+00,0.0000000000e+00,0.0000000000e+00,0.0000000000e+00,0.0000000000e+00,0.0000000000e+00,0.0000000000e+00,0.0000000000e+00,0.0000000000e+00,0.0000000000e+00,0.0000000000e+00,0.0000000000e+00,0.0000000000e+00,0.0000000000e+00,0.0000000000e+00,0.0000000000e+00,0.0000000000e+00,0.0000000000e+00,0.0000000000e+00,0.0000000000e+00,0.0000000000e+00,0.0000000000e+00,0.0000000000e+00,0.0000000000e+00,0.0000000000e+00,0.0000000000e+00,0.0000000000e+00,0.0000000000e+00,0.0000000000e+00,0.0000000000e+00,0.0000000000e+00,0.0000000000e+00,0.0000000000e+00,0.0000000000e+00,0.0000000000e+00,0.0000000000e+00,0.0000000000e+00,0.0000000000e+00,0.0000000000e+00,0.0000000000e+00,0.0000000000e+00,0.0000000000e+00,0.0000000000e+00,0.0000000000e+00,0.0000000000e+00,0.0000000000e+00,0.0000000000e+00,0.0000000000e+00,0.0000000000e+00,0.0000000000e+00,0.0000000000e+00,0.0000000000e+00,0.0000000000e+00,0.0000000000e+00,0.0000000000e+00,0.0000000000e+00,0.0000000000e+00,0.0000000000e+00,0.0000000000e+00,0.0000000000e+00,0.0000000000e+00,0.0000000000e+00,0.0000000000e+00,0.0000000000e+00,0.0000000000e+00,0.0000000000e+00,0.0000000000e+00,0.0000000000e+00
2.4244620171e-01,9.9242759334e+00,9.9242759334e+00,9.9242759334e+00,9.9242759334e+00,9.9242759334e+00,9.9242759334e+00,9.9242759334e+00,9.9242759334e+00,9.9242759334e+00,9.9242759334e+00,9.9242759334e+00,9.9242759334e+00,9.9242759334e+00,9.9242759334e+00,9.9242759334e+00,9.9242759334e+00,9.9242759334e+00,9.9242759334e+00,9.9242759334e+00,9.9242759334e+00,9.9242759334e+00,9.9242759334e+00,9.9242759334e+00,9.9242759334e+00,9.9242759334e+00,9.9242759334e+00,9.9242759334e+00,9.9242759334e+00,9.9242759334e+00,9.9242759334e+00,9.9242759334e+00,9.9242759334e+00,9.9242759334e+00,9.9242759334e+00,9.9242759334e+00,9.9242759334e+00,9.9242759334e+00,9.9242759334e+00,9.9242759334e+00,9.9242759334e+00,9.9242759334e+00,9.9242759334e+00,9.9242759334e+00,9.9242759334e+00,9.9242759334e+00,9.9242759334e+00,9.9242759334e+00,9.9242759334e+00,9.9313129716e+00,9.9409664154e+00,9.9515897120e+00,9.9632814840e+00,9.9761506303e+00,9.9903174484e+00,1.0005914890e+01,1.0023089966e+01,1.0042005327e+01,1.0062841035e+01,1.0085796563e+01,1.0109751297e+01,1.0130338280e+01,1.0153018864e+01,1.0178011258e+01,1.0205557528e+01,1.0235926428e+01,1.0259329685e+01,1.0282503270e+01,1.0308039450e+01,1.0332556320e+01,1.0348103348e+01,1.0365221897e+01,1.0375078530e+01,1.0379532736e+01,1.0379167542e+01,1.0372727510e+01,1.0360769694e+01,1.0344036028e+01,1.0319281166e+01,1.0283594057e+01,1.0235283078e+01,1.0171015266e+01,1.0085979958e+01,9.9823757674e+00,9.8805808565e+00,9.8398890346e+00,9.9699870168e+00,1.0214682333e+01,1.0720942876e+01,1.1340988446e+01,1.1939654562e+01,1.2148254152e+01,1.1551942507e+01,1.0665392095e+01,9.5891302553e+00,8.2937371584e+00,7.0939321869e+00,5.7613272208e+00,4.1198670248e+00,2.3194240990e+00,8.6258867425e-01,5.3883085144e-01,2.6163040825e-01,3.6735632380e-02,1.3492891201e-02,4.1719782344e-03,4.3511658254e-04,1.5536272763e-04,6.8166624573e-05,7.4468172489e-06,2.1793189854e-05,1.8493457572e-04,0.0000000000e+00,0.0000000000e+00,0.0000000000e+00,0.0000000000e+00,0.0000000000e+00,0.0000000000e+00,0.0000000000e+00,0.0000000000e+00,0.0000000000e+00,0.0000000000e+00,0.0000000000e+00,0.0000000000e+00,0.0000000000e+00,0.0000000000e+00,0.0000000000e+00,0.0000000000e+00,0.0000000000e+00,0.0000000000e+00,0.0000000000e+00,0.0000000000e+00,0.0000000000e+00,0.0000000000e+00,0.0000000000e+00,0.0000000000e+00,0.0000000000e+00,0.0000000000e+00,0.0000000000e+00,0.0000000000e+00,0.0000000000e+00,0.0000000000e+00,0.0000000000e+00,0.0000000000e+00,0.0000000000e+00,0.0000000000e+00,0.0000000000e+00,0.0000000000e+00,0.0000000000e+00,0.0000000000e+00,0.0000000000e+00,0.0000000000e+00,0.0000000000e+00,0.0000000000e+00,0.0000000000e+00,0.0000000000e+00,0.0000000000e+00,0.0000000000e+00,0.0000000000e+00,0.0000000000e+00,0.0000000000e+00,0.0000000000e+00,0.0000000000e+00,0.0000000000e+00,0.0000000000e+00,0.0000000000e+00,0.0000000000e+00,0.0000000000e+00,0.0000000000e+00,0.0000000000e+00,0.0000000000e+00,0.0000000000e+00,0.0000000000e+00,0.0000000000e+00,0.0000000000e+00,0.0000000000e+00,0.0000000000e+00,0.0000000000e+00,0.0000000000e+00,0.0000000000e+00,0.0000000000e+00,0.0000000000e+00,0.0000000000e+00,0.0000000000e+00,0.0000000000e+00,0.0000000000e+00,0.0000000000e+00,0.0000000000e+00,0.0000000000e+00,0.0000000000e+00,0.0000000000e+00,0.0000000000e+00,0.0000000000e+00,0.0000000000e+00,0.0000000000e+00,0.0000000000e+00,0.0000000000e+00,0.0000000000e+00,0.0000000000e+00,0.0000000000e+00,0.0000000000e+00
2.5342307358e-01,9.8508040026e+00,9.8508040026e+00,9.8508040026e+00,9.8508040026e+00,9.8508040026e+00,9.8508040026e+00,9.8508040026e+00,9.8508040026e+00,9.8508040026e+00,9.8508040026e+00,9.8508040026e+00,9.8508040026e+00,9.8508040026e+00,9.8508040026e+00,9.8508040026e+00,9.8508040026e+00,9.8508040026e+00,9.8508040026e+00,9.8508040026e+00,9.8508040026e+00,9.8508040026e+00,9.8508040026e+00,9.8508040026e+00,9.8508040026e+00,9.8508040026e+00,9.8508040026e+00,9.8508040026e+00,9.8508040026e+00,9.8508040026e+00,9.8508040026e+00,9.8508040026e+00,9.8508040026e+00,9.8508040026e+00,9.8508040026e+00,9.8508040026e+00,9.8508040026e+00,9.8508040026e+00,9.8508040026e+00,9.8508040026e+00,9.8508040026e+00,9.8508040026e+00,9.8508040026e+00,9.8508040026e+00,9.8508040026e+00,9.8508040026e+00,9.8508040026e+00,9.8508040026e+00,9.8508040026e+00,9.8574013041e+00,9.8664510933e+00,9.8764095244e+00,9.8873688779e+00,9.8994310257e+00,9.9127084728e+00,9.9273255227e+00,9.9434195814e+00,9.9611426195e+00,9.9806628131e+00,1.0002166391e+01,1.0024635377e+01,1.0044090902e+01,1.0065522816e+01,1.0089136666e+01,1.0115160373e+01,1.0143846880e+01,1.0166271504e+01,1.0188593373e+01,1.0213189375e+01,1.0236986499e+01,1.0252745715e+01,1.0270098532e+01,1.0281001516e+01,1.0287167216e+01,1.0289136374e+01,1.0285778498e+01,1.0277613705e+01,1.0265344031e+01,1.0246022573e+01,1.0217015872e+01,1.0176804219e+01,1.0122372445e+01,1.0049367315e+01,9.9598858123e+00,9.8729305639e+00,9.8431536354e+00,9.9715919505e+00,1.0207168524e+01,1.0684734870e+01,1.1268460471e+01,1.1834445246e+01,1.2024623378e+01,1.1431137841e+01,1.0558578729e+01,9.5086787013e+00,8.2533842015e+00,7.0820141026e+00,5.7821186539e+00,4.1659015504e+00,2.3823203139e+00,9.2417540450e-01,5.8382549622e-01,2.8735827492e-01,4.2480164810e-02,1.5987120162e-02,5.0157236371e-03,5.2485988041e-04,1.8136541251e-04,6.6853510373e-05,7.7454898166e-06,2.1540130498e-05,1.7609286731e-04,0.0000000000e+00,0.0000000000e+00,0.0000000000e+00,0.0000000000e+00,0.0000000000e+00,0.0000000000e+00,0.0000000000e+00,0.0000000000e+00,0.0000000000e+00,0.0000000000e+00,0.0000000000e+00,0.0000000000e+00,0.0000000000e+00,0.0000000000e+00,0.0000000000e+00,0.0000000000e+00,0.0000000000e+00,0.0000000000e+00,0.0000000000e+00,0.0000000000e+00,0.0000000000e+00,0.0000000000e+00,0.0000000000e+00,0.0000000000e+00,0.0000000000e+00,0.0000000000e+00,0.0000000000e+00,0.0000000000e+00,0.0000000000e+00,0.0000000000e+00,0.0000000000e+00,0.0000000000e+00,0.0000000000e+00,0.0000000000e+00,0.0000000000e+00,0.0000000000e+00,0.0000000000e+00,0.0000000000e+00,0.0000000000e+00,0.0000000000e+00,0.0000000000e+00,0.0000000000e+00,0.0000000000e+00,0.0000000000e+00,0.0000000000e+00,0.0000000000e+00,0.0000000000e+00,0.0000000000e+00,0.0000000000e+00,0.0000000000e+00,0.0000000000e+00,0.0000000000e+00,0.0000000000e+00,0.0000000000e+00,0.0000000000e+00,0.0000000000e+00,0.0000000000e+00,0.0000000000e+00,0.0000000000e+00,0.0000000000e+00,0.0000000000e+00,0.0000000000e+00,0.0000000000e+00,0.0000000000e+00,0.0000000000e+00,0.0000000000e+00,0.0000000000e+00,0.0000000000e+00,0.0000000000e+00,0.0000000000e+00,0.0000000000e+00,0.0000000000e+00,0.0000000000e+00,0.0000000000e+00,0.0000000000e+00,0.0000000000e+00,0.0000000000e+00,0.0000000000e+00,0.0000000000e+00,0.0000000000e+00,0.0000000000e+00,0.0000000000e+00,0.0000000000e+00,0.0000000000e+00,0.0000000000e+00,0.0000000000e+00,0.0000000000e+00,0.0000000000e+00,0.0000000000e+00
2.6489692876e-01,9.7879777348e+00,9.7879777348e+00,9.7879777348e+00,9.7879777348e+00,9.7879777348e+00,9.7879777348e+00,9.7879777348e+00,9.7879777348e+00,9.7879777348e+00,9.7879777348e+00,9.7879777348e+00,9.7879777348e+00,9.7879777348e+00,9.7879777348e+00,9.7879777348e+00,9.7879777348e+00,9.7879777348e+00,9.7879777348e+00,9.7879777348e+00,9.7879777348e+00,9.7879777348e+00,9.7879777348e+00,9.7879777348e+00,9.7879777348e+00,9.7879777348e+00,9.7879777348e+00,9.7879777348e+00,9.7879777348e+00,9.7879777348e+00,9.7879777348e+00,9.7879777348e+00,9.7879777348e+00,9.7879777348e+00,9.7879777348e+00,9.7879777348e+00,9.7879777348e+00,9.7879777348e+00,9.7879777348e+00,9.7879777348e+00,9.7879777348e+00,9.7879777348e+00,9.7879777348e+00,9.7879777348e+00,9.7879777348e+00,9.7879777348e+00,9.7879777348e+00,9.7879777348e+00,9.7879777348e+00,9.7941629799e+00,9.8026471544e+00,9.8119826729e+00,9.8222558912e+00,9.8335621181e+00,9.8460065843e+00,9.8597055237e+00,9.8747873834e+00,9.8913941782e+00,9.9096830099e+00,9.9298277751e+00,9.9509033046e+00,9.9692824466e+00,9.9895266446e+00,1.0011829450e+01,1.0036405398e+01,1.0063492471e+01,1.0084949041e+01,1.0106409806e+01,1.0130055301e+01,1.0153091465e+01,1.0168923127e+01,1.0186356077e+01,1.0198061125e+01,1.0205616984e+01,1.0209525024e+01,1.0208767327e+01,1.0203827653e+01,1.0195371036e+01,1.0180717425e+01,1.0157481904e+01,1.0124300313e+01,1.0078444476e+01,1.0015975696e+01,9.9388906561e+00,9.8648814969e+00,9.8442927377e+00,9.9701126869e+00,1.0195877834e+01,1.0645205465e+01,1.1193311083e+01,1.1726676910e+01,1.1898231015e+01,1.1308038667e+01,1.0449698669e+01,9.4257220728e+00,8.2094725539e+00,7.0666609197e+00,5.7998952441e+00,4.2097377815e+00,2.4448401315e+00,9.8802431086e-01,6.3092075983e-01,3.1467862039e-01,4.9039263457e-02,1.8931478571e-02,6.0309420122e-03,6.3972926622e-04,2.1594287053e-04,6.6451851331e-05,8.1353585088e-06,2.1285005898e-05,1.6719183829e-04,0.0000000000e+00,0.0000000000e+00,0.0000000000e+00,0.0000000000e+00,0.0000000000e+00,0.0000000000e+00,0.0000000000e+00,0.0000000000e+00,0.0000000000e+00,0.0000000000e+00,0.0000000000e+00,0.0000000000e+00,0.0000000000e+00,0.0000000000e+00,0.0000000000e+00,0.0000000000e+00,0.0000000000e+00,0.0000000000e+00,0.0000000000e+00,0.0000000000e+00,0.0000000000e+00,0.0000000000e+00,0.0000000000e+00,0.0000000000e+00,0.0000000000e+00,0.0000000000e+00,0.0000000000e+00,0.0000000000e+00,0.0000000000e+00,0.0000000000e+00,0.0000000000e+00,0.0000000000e+00,0.0000000000e+00,0.0000000000e+00,0.0000000000e+00,0.0000000000e+00,0.0000000000e+00,0.0000000000e+00,0.0000000000e+00,0.0000000000e+00,0.0000000000e+00,0.0000000000e+00,0.0000000000e+00,0.0000000000e+00,0.0000000000e+00,0.0000000000e+00,0.0000000000e+00,0.0000000000e+00,0.0000000000e+00,0.0000000000e+00,0.0000000000e+00,0.0000000000e+00,0.0000000000e+00,0.0000000000e+00,0.0000000000e+00,0.0000000000e+00,0.0000000000e+00,0.0000000000e+00,0.0000000000e+00,0.0000000000e+00,0.0000000000e+00,0.0000000000e+00,0.0000000000e+00,0.0000000000e+00,0.0000000000e+00,0.0000000000e+00,0.0000000000e+00,0.0000000000e+00,0.0000000000e+00,0.0000000000e+00,0.0000000000e+00,0.0000000000e+00,0.0000000000e+00,0.0000000000e+00,0.0000000000e+00,0.0000000000e+00,0.0000000000e+00,0.0000000000e+00,0.0000000000e+00,0.0000000000e+00,0.0000000000e+00,0.0000000000e+00,0.0000000000e+00,0.0000000000e+00,0.0000000000e+00,0.0000000000e+00,0.0000000000e+00,0.0000000000e+00,0.0000000000e+00
2.7689026842e-01,9.7335525006e+00,9.7335525006e+00,9.7335525006e+00,9.7335525006e+00,9.7335525006e+00,9.7335525006e+00,9.7335525006e+00,9.7335525006e+00,9.7335525006e+00,9.7335525006e+00,9.7335525006e+00,9.7335525006e+00,9.7335525006e+00,9.7335525006e+00,9.7335525006e+00,9.7335525006e+00,9.7335525006e+00,9.7335525006e+00,9.7335525006e+00,9.7335525006e+00,9.7335525006e+00,9.7335525006e+00,9.7335525006e+00,9.7335525006e+00,9.7335525006e+00,9.7335525006e+00,9.7335525006e+00,9.7335525006e+00,9.7335525006e+00,9.7335525006e+00,9.7335525006e+00,9.7335525006e+00,9.7335525006e+00,9.7335525006e+00,9.7335525006e+00,9.7335525006e+00,9.7335525006e+00,9.7335525006e+00,9.7335525006e+00,9.7335525006e+00,9.7335525006e+00,9.7335525006e+00,9.7335525006e+00,9.7335525006e+00,9.7335525006e+00,9.7335525006e+00,9.7335525006e+00,9.7335525006e+00,9.7393501666e+00,9.7473023649e+00,9.7560520696e+00,9.7656800801e+00,9.7762755532e+00,9.7879369030e+00,9.8007728052e+00,9.8149033195e+00,9.8304611448e+00,9.8475930263e+00,9.8664613348e+00,9.8862249257e+00,9.9035759150e+00,9.9226857861e+00,9.9437366872e+00,9.9669304351e+00,9.9924908061e+00,1.0012987403e+01,1.0033577236e+01,1.0056261433e+01,1.0078498257e+01,1.0094276201e+01,1.0111650113e+01,1.0123937723e+01,1.0132595390e+01,1.0138087582e+01,1.0139497732e+01,1.0137273918e+01,1.0132046462e+01,1.0121374313e+01,1.0103095246e+01,1.0075985434e+01,1.0037575605e+01,9.9843022198e+00,9.9180620251e+00,9.8552998799e+00,9.8423610091e+00,9.9647465563e+00,1.0180161831e+01,1.0601815705e+01,1.1115133901e+01,1.1616164609e+01,1.1769115607e+01,1.1182806292e+01,1.0339042231e+01,9.3406891041e+00,8.1625448512e+00,7.0484363027e+00,5.8151581679e+00,4.2517542304e+00,2.5071321575e+00,1.0540679759e+00,6.8009234670e-01,3.4361617372e-01,5.6501699400e-02,2.2390609037e-02,7.2469715356e-03,7.8683526356e-04,2.6169736839e-04,6.7285233527e-05,8.6622005017e-06,2.1031338987e-05,1.5825318035e-04,0.0000000000e+00,0.0000000000e+00,0.0000000000e+00,0.0000000000e+00,0.0000000000e+00,0.0000000000e+00,0.0000000000e+00,0.0000000000e+00,0.0000000000e+00,0.0000000000e+00,0.0000000000e+00,0.0000000000e+00,0.0000000000e+00,0.0000000000e+00,0.0000000000e+00,0.0000000000e+00,0.0000000000e+00,0.0000000000e+00,0.0000000000e+00,0.0000000000e+00,0.0000000000e+00,0.0000000000e+00,0.0000000000e+00,0.0000000000e+00,0.0000000000e+00,0.0000000000e+00,0.0000000000e+00,0.0000000000e+00,0.0000000000e+00,0.0000000000e+00,0.0000000000e+00,0.0000000000e+00,0.0000000000e+00,0.0000000000e+00,0.0000000000e+00,0.0000000000e+00,0.0000000000e+00,0.0000000000e+00,0.0000000000e+00,0.0000000000e+00,0.0000000000e+00,0.0000000000e+00,0.0000000000e+00,0.0000000000e+00,0.0000000000e+00,0.0000000000e+00,0.0000000000e+00,0.0000000000e+00,0.0000000000e+00,0.0000000000e+00,0.0000000000e+00,0.0000000000e+00,0.0000000000e+00,0.0000000000e+00,0.0000000000e+00,0.0000000000e+00,0.0000000000e+00,0.0000000000e+00,0.0000000000e+00,0.0000000000e+00,0.0000000000e+00,0.0000000000e+00,0.0000000000e+00,0.0000000000e+00,0.0000000000e+00,0.0000000000e+00,0.0000000000e+00,0.0000000000e+00,0.0000000000e+00,0.0000000000e+00,0.0000000000e+00,0.0000000000e+00,0.0000000000e+00,0.0000000000e+00,0.0000000000e+00,0.0000000000e+00,0.0000000000e+00,0.0000000000e+00,0.0000000000e+00,0.0000000000e+00,0.0000000000e+00,0.0000000000e+00,0.0000000000e+00,0.0000000000e+00,0.0000000000e+00,0.0000000000e+00,0.0000000000e+00,0.0000000000e+00,0.0000000000e+00
2.8942661247e-01,9.6854688422e+00,9.6854688422e+00,9.6854688422e+00,9.6854688422e+00,9.6854688422e+00,9.6854688422e+00,9.6854688422e+00,9.6854688422e+00,9.6854688422e+00,9.6854688422e+00,9.6854688422e+00,9.6854688422e+00,9.6854688422e+00,9.6854688422e+00,9.6854688422e+00,9.6854688422e+00,9.6854688422e+00,9.6854688422e+00,9.6854688422e+00,9.6854688422e+00,9.6854688422e+00,9.6854688422e+00,9.6854688422e+00,9.6854688422e+00,9.6854688422e+00,9.6854688422e+00,9.6854688422e+00,9.6854688422e+00,9.6854688422e+00,9.6854688422e+00,9.6854688422e+00,9.6854688422e+00,9.6854688422e+00,9.6854688422e+00,9.6854688422e+00,9.6854688422e+00,9.6854688422e+00,9.6854688422e+00,9.6854688422e+00,9.6854688422e+00,9.6854688422e+00,9.6854688422e+00,9.6854688422e+00,9.6854688422e+00,9.6854688422e+00,9.6854688422e+00,9.6854688422e+00,9.6854688422e+00,9.6909007786e+00,9.6983510273e+00,9.7065480330e+00,9.7155673676e+00,9.7254924023e+00,9.7364151429e+00,9.7484371631e+00,9.7616706449e+00,9.7762395421e+00,9.7922808832e+00,9.8099462316e+00,9.8284706017e+00,9.8448363264e+00,9.8628593575e+00,9.8827109692e+00,9.9045808565e+00,9.9286792665e+00,9.9482227656e+00,9.9679325017e+00,9.9896453720e+00,1.0011048205e+01,1.0026659404e+01,1.0043849595e+01,1.0056523406e+01,1.0066024960e+01,1.0072783957e+01,1.0075974998e+01,1.0076011261e+01,1.0073490194e+01,1.0066185138e+01,1.0052133528e+01,1.0030237800e+01,9.9982620172e+00,9.9529817289e+00,9.8961936345e+00,9.8431569672e+00,9.8365030324e+00,9.9547712168e+00,1.0159440813e+01,1.0554085546e+01,1.1033567713e+01,1.1502746257e+01,1.1637316260e+01,1.1055581663e+01,1.0226856545e+01,9.2539479692e+00,8.1130776793e+00,7.0278348075e+00,5.8283462082e+00,4.2922876375e+00,2.5693293207e+00,1.1222292186e+00,7.3131164020e-01,3.7419594659e-01,6.4962126917e-02,2.6435150838e-02,8.6969425520e-03,9.7510208270e-04,3.2196989303e-04,6.9805253273e-05,9.3940465749e-06,2.0787982275e-05,1.4930828907e-04,0.0000000000e+00,0.0000000000e+00,0.0000000000e+00,0.0000000000e+00,0.0000000000e+00,0.0000000000e+00,0.0000000000e+00,0.0000000000e+00,0.0000000000e+00,0.0000000000e+00,0.0000000000e+00,0.0000000000e+00,0.0000000000e+00,0.0000000000e+00,0.0000000000e+00,0.0000000000e+00,0.0000000000e+00,0.0000000000e+00,0.0000000000e+00,0.0000000000e+00,0.0000000000e+00,0.0000000000e+00,0.0000000000e+00,0.0000000000e+00,0.0000000000e+00,0.0000000000e+00,0.0000000000e+00,0.0000000000e+00,0.0000000000e+00,0.0000000000e+00,0.0000000000e+00,0.0000000000e+00,0.0000000000e+00,0.0000000000e+00,0.0000000000e+00,0.0000000000e+00,0.0000000000e+00,0.0000000000e+00,0.0000000000e+00,0.0000000000e+00,0.0000000000e+00,0.0000000000e+00,0.0000000000e+00,0.0000000000e+00,0.0000000000e+00,0.0000000000e+00,0.0000000000e+00,0.0000000000e+00,0.0000000000e+00,0.0000000000e+00,0.0000000000e+00,0.0000000000e+00,0.0000000000e+00,0.0000000000e+00,0.0000000000e+00,0.0000000000e+00,0.0000000000e+00,0.0000000000e+00,0.0000000000e+00,0.0000000000e+00,0.0000000000e+00,0.0000000000e+00,0.0000000000e+00,0.0000000000e+00,0.0000000000e+00,0.0000000000e+00,0.0000000000e+00,0.0000000000e+00,0.0000000000e+00,0.0000000000e+00,0.0000000000e+00,0.0000000000e+00,0.0000000000e+00,0.0000000000e+00,0.0000000000e+00,0.0000000000e+00,0.0000000000e+00,0.0000000000e+00,0.0000000000e+00,0.0000000000e+00,0.0000000000e+00,0.0000000000e+00,0.0000000000e+00,0.0000000000e+00,0.0000000000e+00,0.0000000000e+00,0.0000000000e+00,0.0000000000e+00,0.0000000000e+00
3.0253054571e-01,9.6418421028e+00,9.6418421028e+00,9.6418421028e+00,9.6418421028e+00,9.6418421028e+00,9.6418421028e+00,9.6418421028e+00,9.6418421028e+00,9.6418421028e+00,9.6418421028e+00,9.6418421028e+00,9.6418421028e+00,9.6418421028e+00,9.6418421028e+00,9.6418421028e+00,9.6418421028e+00,9.6418421028e+00,9.6418421028e+00,9.6418421028e+00,9.6418421028e+00,9.6418421028e+00,9.6418421028e+00,9.6418421028e+00,9.6418421028e+00,9.6418421028e+00,9.6418421028e+00,9.6418421028e+00,9.6418421028e+00,9.6418421028e+00,9.6418421028e+00,9.6418421028e+00,9.6418421028e+00,9.6418421028e+00,9.6418421028e+00,9.6418421028e+00,9.6418421028e+00,9.6418421028e+00,9.6418421028e+00,9.6418421028e+00,9.6418421028e+00,9.6418421028e+00,9.6418421028e+00,9.6418421028e+00,9.6418421028e+00,9.6418421028e+00,9.6418421028e+00,9.6418421028e+00,9.6418421028e+00,9.6469280190e+00,9.6539034032e+00,9.6615775795e+00,9.6700211891e+00,9.6793121472e+00,9.6895364198e+00,9.7007888890e+00,9.7131743181e+00,9.7268084298e+00,9.7418191119e+00,9.7583477674e+00,9.7756985048e+00,9.7911177902e+00,9.8080969760e+00,9.8267969437e+00,9.8473958101e+00,9.8700909075e+00,9.8886880754e+00,9.9075101683e+00,9.9282434919e+00,9.9487821754e+00,9.9641263892e+00,9.9810222892e+00,9.9939077161e+00,1.0004023530e+01,1.0011766552e+01,1.0016393318e+01,1.0018283002e+01,1.0018001670e+01,1.0013515280e+01,1.0003040409e+01,9.9855927908e+00,9.9591466114e+00,9.9207835455e+00,9.8722000292e+00,9.8275299734e+00,9.8259558204e+00,9.9395476683e+00,1.0133207252e+01,1.0501597246e+01,1.0948299814e+01,1.1386286119e+01,1.1502876067e+01,1.0926489765e+01,1.0113350999e+01,9.1658113734e+00,8.0614840635e+00,7.0052826361e+00,5.8398342695e+00,4.3316288534e+00,2.6315443027e+00,1.1924204485e+00,7.8454568106e-01,4.0644359376e-01,7.4521007988e-02,3.1141838727e-02,1.0418097601e-02,1.2156379753e-03,4.0101669518e-04,7.4638297542e-05,1.0431262332e-05,2.0571692829e-05,1.4039680494e-04,0.0000000000e+00,0.0000000000e+00,0.0000000000e+00,0.0000000000e+00,0.0000000000e+00,0.0000000000e+00,0.0000000000e+00,0.0000000000e+00,0.0000000000e+00,0.0000000000e+00,0.0000000000e+00,0.0000000000e+00,0.0000000000e+00,0.0000000000e+00,0.0000000000e+00,0.0000000000e+00,0.0000000000e+00,0.0000000000e+00,0.0000000000e+00,0.0000000000e+00,0.0000000000e+00,0.0000000000e+00,0.0000000000e+00,0.0000000000e+00,0.0000000000e+00,0.0000000000e+00,0.0000000000e+00,0.0000000000e+00,0.0000000000e+00,0.0000000000e+00,0.0000000000e+00,0.0000000000e+00,0.0000000000e+00,0.0000000000e+00,0.0000000000e+00,0.0000000000e+00,0.0000000000e+00,0.0000000000e+00,0.0000000000e+00,0.0000000000e+00,0.0000000000e+00,0.0000000000e+00,0.0000000000e+00,0.0000000000e+00,0.0000000000e+00,0.0000000000e+00,0.0000000000e+00,0.0000000000e+00,0.0000000000e+00,0.0000000000e+00,0.0000000000e+00,0.0000000000e+00,0.0000000000e+00,0.0000000000e+00,0.0000000000e+00,0.0000000000e+00,0.0000000000e+00,0.0000000000e+00,0.0000000000e+00,0.0000000000e+00,0.0000000000e+00,0.0000000000e+00,0.0000000000e+00,0.0000000000e+00,0.0000000000e+00,0.0000000000e+00,0.0000000000e+00,0.0000000000e+00,0.0000000000e+00,0.0000000000e+00,0.0000000000e+00,0.0000000000e+00,0.0000000000e+00,0.0000000000e+00,0.0000000000e+00,0.0000000000e+00,0.0000000000e+00,0.0000000000e+00,0.0000000000e+00,0.0000000000e+00,0.0000000000e+00,0.0000000000e+00,0.0000000000e+00,0.0000000000e+00,0.0000000000e+00,0.0000000000e+00,0.0000000000e+00,0.0000000000e+00,0.0000000000e+00
3.1622776602e-01,9.6009553644e+00,9.6009553644e+00,9.6009553644e+00,9.6009553644e+00,9.6009553644e+00,9.6009553644e+00,9.6009553644e+00,9.6009553644e+00,9.6009553644e+00,9.6009553644e+00,9.6009553644e+00,9.6009553644e+00,9.6009553644e+00,9.6009553644e+00,9.6009553644e+00,9.6009553644e+00,9.6009553644e+00,9.6009553644e+00,9.6009553644e+00,9.6009553644e+00,9.6009553644e+00,9.6009553644e+00,9.6009553644e+00,9.6009553644e+00,9.6009553644e+00,9.6009553644e+00,9.6009553644e+00,9.6009553644e+00,9.6009553644e+00,9.6009553644e+00,9.6009553644e+00,9.6009553644e+00,9.6009553644e+00,9.6009553644e+00,9.6009553644e+00,9.6009553644e+00,9.6009553644e+00,9.6009553644e+00,9.6009553644e+00,9.6009553644e+00,9.6009553644e+00,9.6009553644e+00,9.6009553644e+00,9.6009553644e+00,9.6009553644e+00,9.6009553644e+00,9.6009553644e+00,9.6009553644e+00,9.6057132414e+00,9.6122384699e+00,9.6194170644e+00,9.6273150053e+00,9.6360050526e+00,9.6455674674e+00,9.6560908139e+00,9.6676728545e+00,9.6804215482e+00,9.6944561655e+00,9.7099085371e+00,9.7261455073e+00,9.7406541886e+00,9.7566292155e+00,9.7742215213e+00,9.7935981468e+00,9.8149440786e+00,9.8326024870e+00,9.8505317943e+00,9.8702800230e+00,9.8899295231e+00,9.9049189741e+00,9.9214237741e+00,9.9343668227e+00,9.9448937232e+00,9.9533701270e+00,9.9591261406e+00,9.9625079530e+00,9.9640514825e+00,9.9618960123e+00,9.9544189702e+00,9.9407375104e+00,9.9190148951e+00,9.8866088896e+00,9.8451156040e+00,9.8076026955e+00,9.8100506092e+00,9.9185222979e+00,1.0101028075e+01,1.0443997466e+01,1.0859068010e+01,1.1266677053e+01,1.1365844430e+01,1.0795642861e+01,9.9987016033e+00,9.0765409117e+00,8.0081158954e+00,6.9811387984e+00,5.8499327135e+00,4.3700197548e+00,2.6938655819e+00,1.2645428690e+00,8.3975687622e-01,4.4038552447e-01,8.5284415360e-02,3.6593540518e-02,1.2452124795e-02,1.5221569615e-03,5.0421898817e-04,8.2648511478e-05,1.1921016237e-05,2.0411232513e-05,1.3156689629e-04,0.0000000000e+00,0.0000000000e+00,0.0000000000e+00,0.0000000000e+00,0.0000000000e+00,0.0000000000e+00,0.0000000000e+00,0.0000000000e+00,0.0000000000e+00,0.0000000000e+00,0.0000000000e+00,0.0000000000e+00,0.0000000000e+00,0.0000000000e+00,0.0000000000e+00,0.0000000000e+00,0.0000000000e+00,0.0000000000e+00,0.0000000000e+00,0.0000000000e+00,0.0000000000e+00,0.0000000000e+00,0.0000000000e+00,0.0000000000e+00,0.0000000000e+00,0.0000000000e+00,0.0000000000e+00,0.0000000000e+00,0.0000000000e+00,0.0000000000e+00,0.0000000000e+00,0.0000000000e+00,0.0000000000e+00,0.0000000000e+00,0.0000000000e+00,0.0000000000e+00,0.0000000000e+00,0.0000000000e+00,0.0000000000e+00,0.0000000000e+00,0.0000000000e+00,0.0000000000e+00,0.0000000000e+00,0.0000000000e+00,0.0000000000e+00,0.0000000000e+00,0.0000000000e+00,0.0000000000e+00,0.0000000000e+00,0.0000000000e+00,0.0000000000e+00,0.0000000000e+00,0.0000000000e+00,0.0000000000e+00,0.0000000000e+00,0.0000000000e+00,0.0000000000e+00,0.0000000000e+00,0.0000000000e+00,0.0000000000e+00,0.0000000000e+00,0.0000000000e+00,0.0000000000e+00,0.0000000000e+00,0.0000000000e+00,0.0000000000e+00,0.0000000000e+00,0.0000000000e+00,0.0000000000e+00,0.0000000000e+00,0.0000000000e+00,0.0000000000e+00,0.0000000000e+00,0.0000000000e+00,0.0000000000e+00,0.0000000000e+00,0.0000000000e+00,0.0000000000e+00,0.0000000000e+00,0.0000000000e+00,0.0000000000e+00,0.0000000000e+00,0.0000000000e+00,0.0000000000e+00,0.0000000000e+00,0.0000000000e+00,0.0000000000e+00,0.0000000000e+00,0.0000000000e+00
3.3054513476e-01,9.5612545963e+00,9.5612545963e+00,9.5612545963e+00,9.5612545963e+00,9.5612545963e+00,9.5612545963e+00,9.5612545963e+00,9.5612545963e+00,9.5612545963e+00,9.5612545963e+00,9.5612545963e+00,9.5612545963e+00,9.5612545963e+00,9.5612545963e+00,9.5612545963e+00,9.5612545963e+00,9.5612545963e+00,9.5612545963e+00,9.5612545963e+00,9.5612545963e+00,9.5612545963e+00,9.5612545963e+00,9.5612545963e+00,9.5612545963e+00,9.5612545963e+00,9.5612545963e+00,9.5612545963e+00,9.5612545963e+00,9.5612545963e+00,9.5612545963e+00,9.5612545963e+00,9.5612545963e+00,9.5612545963e+00,9.5612545963e+00,9.5612545963e+00,9.5612545963e+00,9.5612545963e+00,9.5612545963e+00,9.5612545963e+00,9.5612545963e+00,9.5612545963e+00,9.5612545963e+00,9.5612545963e+00,9.5612545963e+00,9.5612545963e+00,9.5612545963e+00,9.5612545963e+00,9.5612545963e+00,9.5657010305e+00,9.5717989079e+00,9.5785070666e+00,9.5858870746e+00,9.5940068136e+00,9.6029411474e+00,9.6127726666e+00,9.6235925168e+00,9.6355013223e+00,9.6486102180e+00,9.6630420019e+00,9.6782205191e+00,9.6918523288e+00,9.7068605523e+00,9.7233865928e+00,9.7415868870e+00,9.7616346099e+00,9.7783633700e+00,9.7953977743e+00,9.8141587120e+00,9.8328995910e+00,9.8474586294e+00,9.8634889167e+00,9.8763550980e+00,9.8871147110e+00,9.8961038197e+00,9.9027185404e+00,9.9072732053e+00,9.9102746461e+00,9.9100183604e+00,9.9050263120e+00,9.8945062428e+00,9.8767914591e+00,9.8494885107e+00,9.8140934620e+00,9.7826655944e+00,9.7882138006e+00,9.8912279156e+00,1.0062545799e+01,1.0380998201e+01,1.0765661518e+01,1.1143841795e+01,1.1226278569e+01,1.0663142902e+01,9.8830545678e+00,8.9863509195e+00,7.9532664168e+00,6.9556967249e+00,5.8588874978e+00,4.4076511787e+00,2.7563541556e+00,1.3384855861e+00,8.9690244815e-01,4.7604873946e-01,9.7363683461e-02,4.2879212368e-02,1.4845495983e-02,1.9114513520e-03,6.3832768779e-04,9.5018535560e-05,1.4077347066e-05,2.0352348029e-05,1.2286904129e-04,0.0000000000e+00,0.0000000000e+00,0.0000000000e+00,0.0000000000e+00,0.0000000000e+00,0.0000000000e+00,0.0000000000e+00,0.0000000000e+00,0.0000000000e+00,0.0000000000e+00,0.0000000000e+00,0.0000000000e+00,0.0000000000e+00,0.0000000000e+00,0.0000000000e+00,0.0000000000e+00,0.0000000000e+00,0.0000000000e+00,0.0000000000e+00,0.0000000000e+00,0.0000000000e+00,0.0000000000e+00,0.0000000000e+00,0.0000000000e+00,0.0000000000e+00,0.0000000000e+00,0.0000000000e+00,0.0000000000e+00,0.0000000000e+00,0.0000000000e+00,0.0000000000e+00,0.0000000000e+00,0.0000000000e+00,0.0000000000e+00,0.0000000000e+00,0.0000000000e+00,0.0000000000e+00,0.0000000000e+00,0.0000000000e+00,0.0000000000e+00,0.0000000000e+00,0.0000000000e+00,0.0000000000e+00,0.0000000000e+00,0.0000000000e+00,0.0000000000e+00,0.0000000000e+00,0.0000000000e+00,0.0000000000e+00,0.0000000000e+00,0.0000000000e+00,0.0000000000e+00,0.0000000000e+00,0.0000000000e+00,0.0000000000e+00,0.0000000000e+00,0.0000000000e+00,0.0000000000e+00,0.0000000000e+00,0.0000000000e+00,0.0000000000e+00,0.0000000000e+00,0.0000000000e+00,0.0000000000e+00,0.0000000000e+00,0.0000000000e+00,0.0000000000e+00,0.0000000000e+00,0.0000000000e+00,0.0000000000e+00,0.0000000000e+00,0.0000000000e+00,0.0000000000e+00,0.0000000000e+00,0.0000000000e+00,0.0000000000e+00,0.0000000000e+00,0.0000000000e+00,0.0000000000e+00,0.0000000000e+00,0.0000000000e+00,0.0000000000e+00,0.0000000000e+00,0.0000000000e+00,0.0000000000e+00,0.0000000000e+00,0.0000000000e+00,0.0000000000e+00,0.0000000000e+00
3.4551072946e-01,9.5213451880e+00,9.5213451880e+00,9.5213451880e+00,9.5213451880e+00,9.5213451880e+00,9.5213451880e+00,9.5213451880e+00,9.5213451880e+00,9.5213451880e+00,9.5213451880e+00,9.5213451880e+00,9.5213451880e+00,9.5213451880e+00,9.5213451880e+00,9.5213451880e+00,9.5213451880e+00,9.5213451880e+00,9.5213451880e+00,9.5213451880e+00,9.5213451880e+00,9.5213451880e+00,9.5213451880e+00,9.5213451880e+00,9.5213451880e+00,9.5213451880e+00,9.5213451880e+00,9.5213451880e+00,9.5213451880e+00,9.5213451880e+00,9.5213451880e+00,9.5213451880e+00,9.5213451880e+00,9.5213451880e+00,9.5213451880e+00,9.5213451880e+00,9.5213451880e+00,9.5213451880e+00,9.5213451880e+00,9.5213451880e+00,9.5213451880e+00,9.5213451880e+00,9.5213451880e+00,9.5213451880e+00,9.5213451880e+00,9.5213451880e+00,9.5213451880e+00,9.5213451880e+00,9.5213451880e+00,9.5254956751e+00,9.5311874916e+00,9.5374486881e+00,9.5443366516e+00,9.5519146425e+00,9.5602524145e+00,9.5694269037e+00,9.5795229955e+00,9.5906343787e+00,9.6028644987e+00,9.6163276217e+00,9.6304994126e+00,9.6432866966e+00,9.6573639309e+00,9.6728633873e+00,9.6899313488e+00,9.7087296877e+00,9.7245400106e+00,9.7406808764e+00,9.7584561785e+00,9.7762749094e+00,9.7903396310e+00,9.8058249674e+00,9.8184982523e+00,9.8293354590e+00,9.8386445628e+00,9.8458808606e+00,9.8513280667e+00,9.8554648694e+00,9.8567277875e+00,9.8537687721e+00,9.8458763181e+00,9.8315365997e+00,9.8085801883e+00,9.7784038446e+00,9.7521151549e+00,9.7599669528e+00,9.8572837428e+00,1.0017478558e+01,1.0312376644e+01,1.0667920859e+01,1.1017733376e+01,1.1084244374e+01,1.0529083273e+01,9.7665292493e+00,8.8954119009e+00,7.8971727687e+00,6.9291862827e+00,5.8668810511e+00,4.4446618097e+00,2.8190409572e+00,1.4141246763e+00,9.5593366075e-01,5.1346039307e-01,1.1087488262e-01,5.0093772659e-02,1.7649815054e-02,2.4039194067e-03,8.1175203625e-04,1.1335947871e-04,1.7210084796e-05,2.0467664319e-05,1.1436520612e-04,0.0000000000e+00,0.0000000000e+00,0.0000000000e+00,0.0000000000e+00,0.0000000000e+00,0.0000000000e+00,0.0000000000e+00,0.0000000000e+00,0.0000000000e+00,0.0000000000e+00,0.0000000000e+00,0.0000000000e+00,0.0000000000e+00,0.0000000000e+00,0.0000000000e+00,0.0000000000e+00,0.0000000000e+00,0.0000000000e+00,0.0000000000e+00,0.0000000000e+00,0.0000000000e+00,0.0000000000e+00,0.0000000000e+00,0.0000000000e+00,0.0000000000e+00,0.0000000000e+00,0.0000000000e+00,0.0000000000e+00,0.0000000000e+00,0.0000000000e+00,0.0000000000e+00,0.0000000000e+00,0.0000000000e+00,0.0000000000e+00,0.0000000000e+00,0.0000000000e+00,0.0000000000e+00,0.0000000000e+00,0.0000000000e+00,0.0000000000e+00,0.0000000000e+00,0.0000000000e+00,0.0000000000e+00,0.0000000000e+00,0.0000000000e+00,0.0000000000e+00,0.0000000000e+00,0.0000000000e+00,0.0000000000e+00,0.0000000000e+00,0.0000000000e+00,0.0000000000e+00,0.0000000000e+00,0.0000000000e+00,0.0000000000e+00,0.0000000000e+00,0.0000000000e+00,0.0000000000e+00,0.0000000000e+00,0.0000000000e+00,0.0000000000e+00,0.0000000000e+00,0.0000000000e+00,0.0000000000e+00,0.0000000000e+00,0.0000000000e+00,0.0000000000e+00,0.0000000000e+00,0.0000000000e+00,0.0000000000e+00,0.0000000000e+00,0.0000000000e+00,0.0000000000e+00,0.0000000000e+00,0.0000000000e+00,0.0000000000e+00,0.0000000000e+00,0.0000000000e+00,0.0000000000e+00,0.0000000000e+00,0.0000000000e+00,0.0000000000e+00,0.0000000000e+00,0.0000000000e+00,0.0000000000e+00,0.0000000000e+00,0.0000000000e+00,0.0000000000e+00,0.0000000000e+00
3.6115389887e-01,9.4799890098e+00,9.4799890098e+00,9.4799890098e+00,9.4799890098e+00,9.4799890098e+00,9.4799890098e+00,9.4799890098e+00,9.4799890098e+00,9.4799890098e+00,9.4799890098e+00,9.4799890098e+00,9.4799890098e+00,9.4799890098e+00,9.4799890098e+00,9.4799890098e+00,9.4799890098e+00,9.4799890098e+00,9.4799890098e+00,9.4799890098e+00,9.4799890098e+00,9.4799890098e+00,9.4799890098e+00,9.4799890098e+00,9.4799890098e+00,9.4799890098e+00,9.4799890098e+00,9.4799890098e+00,9.4799890098e+00,9.4799890098e+00,9.4799890098e+00,9.4799890098e+00,9.4799890098e+00,9.4799890098e+00,9.4799890098e+00,9.4799890098e+00,9.4799890098e+00,9.4799890098e+00,9.4799890098e+00,9.4799890098e+00,9.4799890098e+00,9.4799890098e+00,9.4799890098e+00,9.4799890098e+00,9.4799890098e+00,9.4799890098e+00,9.4799890098e+00,9.4799890098e+00,9.4799890098e+00,9.4838581746e+00,9.4891640221e+00,9.4950004061e+00,9.5014207500e+00,9.5084839347e+00,9.5162548729e+00,9.5248051463e+00,9.5342137145e+00,9.5445677049e+00,9.5559632914e+00,9.5685066769e+00,9.5817206586e+00,9.5936949390e+00,9.6068760768e+00,9.6213875979e+00,9.6373660668e+00,9.6549625445e+00,9.6698681378e+00,9.6851206114e+00,9.7019161101e+00,9.7188052350e+00,9.7323230337e+00,9.7472054597e+00,9.7595872366e+00,9.7703686879e+00,9.7798311431e+00,9.7874829258e+00,9.7935784695e+00,9.7985691924e+00,9.8010191324e+00,9.7996972538e+00,9.7939639167e+00,9.7824426953e+00,9.7631657798e+00,9.7374318969e+00,9.7154523714e+00,9.7249257461e+00,9.8163943460e+00,9.9656190838e+00,1.0237974067e+01,1.0565736919e+01,1.0888334903e+01,1.0939816805e+01,1.0393550134e+01,9.6492207157e+00,8.8038537628e+00,7.8400187590e+00,6.9017762974e+00,5.8740339264e+00,4.4811380345e+00,2.8819250264e+00,1.4913222903e+00,1.0167948459e+00,5.5264706940e-01,1.2593808297e-01,5.8337851910e-02,2.0922151176e-02,3.0241393553e-03,1.0348888662e-03,1.3984689255e-04,2.1763978075e-05,2.0868463376e-05,1.0612490582e-04,0.0000000000e+00,0.0000000000e+00,0.0000000000e+00,0.0000000000e+00,0.0000000000e+00,0.0000000000e+00,0.0000000000e+00,0.0000000000e+00,0.0000000000e+00,0.0000000000e+00,0.0000000000e+00,0.0000000000e+00,0.0000000000e+00,0.0000000000e+00,0.0000000000e+00,0.0000000000e+00,0.0000000000e+00,0.0000000000e+00,0.0000000000e+00,0.0000000000e+00,0.0000000000e+00,0.0000000000e+00,0.0000000000e+00,0.0000000000e+00,0.0000000000e+00,0.0000000000e+00,0.0000000000e+00,0.0000000000e+00,0.0000000000e+00,0.0000000000e+00,0.0000000000e+00,0.0000000000e+00,0.0000000000e+00,0.0000000000e+00,0.0000000000e+00,0.0000000000e+00,0.0000000000e+00,0.0000000000e+00,0.0000000000e+00,0.0000000000e+00,0.0000000000e+00,0.0000000000e+00,0.0000000000e+00,0.0000000000e+00,0.0000000000e+00,0.0000000000e+00,0.0000000000e+00,0.0000000000e+00,0.0000000000e+00,0.0000000000e+00,0.0000000000e+00,0.0000000000e+00,0.0000000000e+00,0.0000000000e+00,0.0000000000e+00,0.0000000000e+00,0.0000000000e+00,0.0000000000e+00,0.0000000000e+00,0.0000000000e+00,0.0000000000e+00,0.0000000000e+00,0.0000000000e+00,0.0000000000e+00,0.0000000000e+00,0.0000000000e+00,0.0000000000e+00,0.0000000000e+00,0.0000000000e+00,0.0000000000e+00,0.0000000000e+00,0.0000000000e+00,0.0000000000e+00,0.0000000000e+00,0.0000000000e+00,0.0000000000e+00,0.0000000000e+00,0.0000000000e+00,0.0000000000e+00,0.0000000000e+00,0.0000000000e+00,0.0000000000e+00,0.0000000000e+00,0.0000000000e+00,0.0000000000e+00,0.0000000000e+00,0.0000000000e+00,0.0000000000e+00,0.0000000000e+00
3.7750532053e-01,9.4361014651e+00,9.4361014651e+00,9.4361014651e+00,9.4361014651e+00,9.4361014651e+00,9.4361014651e+00,9.4361014651e+00,9.4361014651e+00,9.4361014651e+00,9.4361014651e+00,9.4361014651e+00,9.4361014651e+00,9.4361014651e+00,9.4361014651e+00,9.4361014651e+00,9.4361014651e+00,9.4361014651e+00,9.4361014651e+00,9.4361014651e+00,9.4361014651e+00,9.4361014651e+00,9.4361014651e+00,9.4361014651e+00,9.4361014651e+00,9.4361014651e+00,9.4361014651e+00,9.4361014651e+00,9.4361014651e+00,9.4361014651e+00,9.4361014651e+00,9.4361014651e+00,9.4361014651e+00,9.4361014651e+00,9.4361014651e+00,9.4361014651e+00,9.4361014651e+00,9.4361014651e+00,9.4361014651e+00,9.4361014651e+00,9.4361014651e+00,9.4361014651e+00,9.4361014651e+00,9.4361014651e+00,9.4361014651e+00,9.4361014651e+00,9.4361014651e+00,9.4361014651e+00,9.4361014651e+00,9.4397032447e+00,9.4446422679e+00,9.4500749420e+00,9.4560509329e+00,9.4626249715e+00,9.4698573841e+00,9.4778146821e+00,9.4865702162e+00,9.4962049055e+00,9.5068080479e+00,9.5184782251e+00,9.5307811202e+00,9.5419735193e+00,9.5542929985e+00,9.5678547153e+00,9.5827859396e+00,9.5992274009e+00,9.6132447141e+00,9.6276178751e+00,9.6434437419e+00,9.6594018778e+00,9.6723309208e+00,9.6865643742e+00,9.6985723826e+00,9.7091850324e+00,9.7186584164e+00,9.7265483493e+00,9.7330814076e+00,9.7386825788e+00,9.7420314102e+00,9.7420023112e+00,9.7380195102e+00,9.7288300809e+00,9.7126476124e+00,9.6906746168e+00,9.6722802672e+00,9.6827978834e+00,9.7683475146e+00,9.9068326643e+00,1.0157693804e+01,1.0459049244e+01,1.0755658723e+01,1.0793079889e+01,1.0256623392e+01,9.5312019837e+00,8.7117688785e+00,7.7819378242e+00,6.8735775214e+00,5.8804071660e+00,4.5171146870e+00,2.9449724172e+00,1.5699258517e+00,1.0794222852e+00,5.9363379299e-01,1.4267638826e-01,6.7717416895e-02,2.4725356747e-02,3.8014894158e-03,1.3205007167e-03,1.7739599824e-04,2.8372699262e-05,2.1723242286e-05,9.8231147086e-05,0.0000000000e+00,0.0000000000e+00,0.0000000000e+00,0.0000000000e+00,0.0000000000e+00,0.0000000000e+00,0.0000000000e+00,0.0000000000e+00,0.0000000000e+00,0.0000000000e+00,0.0000000000e+00,0.0000000000e+00,0.0000000000e+00,0.0000000000e+00,0.0000000000e+00,0.0000000000e+00,0.0000000000e+00,0.0000000000e+00,0.0000000000e+00,0.0000000000e+00,0.0000000000e+00,0.0000000000e+00,0.0000000000e+00,0.0000000000e+00,0.0000000000e+00,0.0000000000e+00,0.0000000000e+00,0.0000000000e+00,0.0000000000e+00,0.0000000000e+00,0.0000000000e+00,0.0000000000e+00,0.0000000000e+00,0.0000000000e+00,0.0000000000e+00,0.0000000000e+00,0.0000000000e+00,0.0000000000e+00,0.0000000000e+00,0.0000000000e+00,0.0000000000e+00,0.0000000000e+00,0.0000000000e+00,0.0000000000e+00,0.0000000000e+00,0.0000000000e+00,0.0000000000e+00,0.0000000000e+00,0.0000000000e+00,0.0000000000e+00,0.0000000000e+00,0.0000000000e+00,0.0000000000e+00,0.0000000000e+00,0.0000000000e+00,0.0000000000e+00,0.0000000000e+00,0.0000000000e+00,0.0000000000e+00,0.0000000000e+00,0.0000000000e+00,0.0000000000e+00,0.0000000000e+00,0.0000000000e+00,0.0000000000e+00,0.0000000000e+00,0.0000000000e+00,0.0000000000e+00,0.0000000000e+00,0.0000000000e+00,0.0000000000e+00,0.0000000000e+00,0.0000000000e+00,0.0000000000e+00,0.0000000000e+00,0.0000000000e+00,0.0000000000e+00,0.0000000000e+00,0.0000000000e+00,0.0000000000e+00,0.0000000000e+00,0.0000000000e+00,0.0000000000e+00,0.0000000000e+00,0.0000000000e+00,0.0000000000e+00,0.0000000000e+00,0.0000000000e+00,0.0000000000e+00
3.9459706091e-01,9.3887480227e+00,9.3887480227e+00,9.3887480227e+00,9.3887480227e+00,9.3887480227e+00,9.3887480227e+00,9.3887480227e+00,9.3887480227e+00,9.3887480227e+00,9.3887480227e+00,9.3887480227e+00,9.3887480227e+00,9.3887480227e+00,9.3887480227e+00,9.3887480227e+00,9.3887480227e+00,9.3887480227e+00,9.3887480227e+00,9.3887480227e+00,9.3887480227e+00,9.3887480227e+00,9.3887480227e+00,9.3887480227e+00,9.3887480227e+00,9.3887480227e+00,9.3887480227e+00,9.3887480227e+00,9.3887480227e+00,9.3887480227e+00,9.3887480227e+00,9.3887480227e+00,9.3887480227e+00,9.3887480227e+00,9.3887480227e+00,9.3887480227e+00,9.3887480227e+00,9.3887480227e+00,9.3887480227e+00,9.3887480227e+00,9.3887480227e+00,9.3887480227e+00,9.3887480227e+00,9.3887480227e+00,9.3887480227e+00,9.3887480227e+00,9.3887480227e+00,9.3887480227e+00,9.3887480227e+00,9.3920958077e+00,9.3966863984e+00,9.4017356319e+00,9.4072896141e+00,9.4133991445e+00,9.4201202068e+00,9.4275145129e+00,9.4356501066e+00,9.4446020351e+00,9.4544530967e+00,9.4652946723e+00,9.4767314799e+00,9.4871730209e+00,9.4986651563e+00,9.5113150461e+00,9.5252410841e+00,9.5405741389e+00,9.5537224702e+00,9.5672293473e+00,9.5821001060e+00,9.5971318112e+00,9.6094404360e+00,9.6229900823e+00,9.6345573084e+00,9.6449069452e+00,9.6542712363e+00,9.6622485194e+00,9.6690390100e+00,9.6750420958e+00,9.6790421427e+00,9.6800086933e+00,9.6774226787e+00,9.6701422061e+00,9.6565440529e+00,9.6377368777e+00,9.6223003895e+00,9.6333799178e+00,9.7130111100e+00,9.8410541416e+00,1.0071498396e+01,1.0347843645e+01,1.0619745068e+01,1.0644126386e+01,1.0118377431e+01,9.4125260467e+00,8.6192150819e+00,7.7230162385e+00,6.8446460760e+00,5.8860053747e+00,4.5525766557e+00,3.0081158506e+00,1.6497674178e+00,1.1437429893e+00,6.3644278923e-01,1.6121471835e-01,7.8343240863e-02,2.9128349382e-02,4.7708034056e-03,1.6841428410e-03,2.2988058751e-04,3.7931759496e-05,2.3284056072e-05,9.0788499042e-05,0.0000000000e+00,0.0000000000e+00,0.0000000000e+00,0.0000000000e+00,0.0000000000e+00,0.0000000000e+00,0.0000000000e+00,0.0000000000e+00,0.0000000000e+00,0.0000000000e+00,0.0000000000e+00,0.0000000000e+00,0.0000000000e+00,0.0000000000e+00,0.0000000000e+00,0.0000000000e+00,0.0000000000e+00,0.0000000000e+00,0.0000000000e+00,0.0000000000e+00,0.0000000000e+00,0.0000000000e+00,0.0000000000e+00,0.0000000000e+00,0.0000000000e+00,0.0000000000e+00,0.0000000000e+00,0.0000000000e+00,0.0000000000e+00,0.0000000000e+00,0.0000000000e+00,0.0000000000e+00,0.0000000000e+00,0.0000000000e+00,0.0000000000e+00,0.0000000000e+00,0.0000000000e+00,0.0000000000e+00,0.0000000000e+00,0.0000000000e+00,0.0000000000e+00,0.0000000000e+00,0.0000000000e+00,0.0000000000e+00,0.0000000000e+00,0.0000000000e+00,0.0000000000e+00,0.0000000000e+00,0.0000000000e+00,0.0000000000e+00,0.0000000000e+00,0.0000000000e+00,0.0000000000e+00,0.0000000000e+00,0.0000000000e+00,0.0000000000e+00,0.0000000000e+00,0.0000000000e+00,0.0000000000e+00,0.0000000000e+00,0.0000000000e+00,0.0000000000e+00,0.0000000000e+00,0.0000000000e+00,0.0000000000e+00,0.0000000000e+00,0.0000000000e+00,0.0000000000e+00,0.0000000000e+00,0.0000000000e+00,0.0000000000e+00,0.0000000000e+00,0.0000000000e+00,0.0000000000e+00,0.0000000000e+00,0.0000000000e+00,0.0000000000e+00,0.0000000000e+00,0.0000000000e+00,0.0000000000e+00,0.0000000000e+00,0.0000000000e+00,0.0000000000e+00,0.0000000000e+00,0.0000000000e+00,0.0000000000e+00,0.0000000000e+00,0.0000000000e+00,0.0000000000e+00
4.1246263829e-01,9.3371398799e+00,9.3371398799e+00,9.3371398799e+00,9.3371398799e+00,9.3371398799e+00,9.3371398799e+00,9.3371398799e+00,9.3371398799e+00,9.3371398799e+00,9.3371398799e+00,9.3371398799e+00,9.3371398799e+00,9.3371398799e+00,9.3371398799e+00,9.3371398799e+00,9.3371398799e+00,9.3371398799e+00,9.3371398799e+00,9.3371398799e+00,9.3371398799e+00,9.3371398799e+00,9.3371398799e+00,9.3371398799e+00,9.3371398799e+00,9.3371398799e+00,9.3371398799e+00,9.3371398799e+00,9.3371398799e+00,9.3371398799e+00,9.3371398799e+00,9.3371398799e+00,9.3371398799e+00,9.3371398799e+00,9.3371398799e+00,9.3371398799e+00,9.3371398799e+00,9.3371398799e+00,9.3371398799e+00,9.3371398799e+00,9.3371398799e+00,9.3371398799e+00,9.3371398799e+00,9.3371398799e+00,9.3371398799e+00,9.3371398799e+00,9.3371398799e+00,9.3371398799e+00,9.3371398799e+00,9.3402466196e+00,9.3445065607e+00,9.3491919491e+00,9.3543455198e+00,9.3600143519e+00,9.3662503202e+00,9.3731105971e+00,9.3806582089e+00,9.3889626540e+00,9.3981005906e+00,9.4081566015e+00,9.4187709439e+00,9.4284927444e+00,9.4391919400e+00,9.4509680614e+00,9.4639310394e+00,9.4782023468e+00,9.4905038282e+00,9.5031612944e+00,9.5170957016e+00,9.5312112164e+00,9.5428772525e+00,9.5557187327e+00,9.5667922651e+00,9.5768020314e+00,9.5859578005e+00,9.5938959830e+00,9.6007919870e+00,9.6070204397e+00,9.6114610012e+00,9.6131691567e+00,9.6116761456e+00,9.6059399501e+00,9.5944841688e+00,9.5783264751e+00,9.5653082720e+00,9.5765530338e+00,9.6503289363e+00,9.7682840230e+00,9.9794059840e+00,1.0232149207e+01,1.0480660238e+01,1.0493057164e+01,9.9788816332e+00,9.2932277469e+00,8.5262186369e+00,7.6632965781e+00,6.8149873461e+00,5.8907804634e+00,4.5874612973e+00,3.0712550899e+00,1.7306632550e+00,1.2096734258e+00,6.8109202029e-01,1.8167832775e-01,9.0330200999e-02,3.4206339711e-02,5.9730499095e-03,2.1446402939e-03,3.0240374854e-04,5.1695902645e-05,2.5923963394e-05,8.3936614649e-05,0.0000000000e+00,0.0000000000e+00,0.0000000000e+00,0.0000000000e+00,0.0000000000e+00,0.0000000000e+00,0.0000000000e+00,0.0000000000e+00,0.0000000000e+00,0.0000000000e+00,0.0000000000e+00,0.0000000000e+00,0.0000000000e+00,0.0000000000e+00,0.0000000000e+00,0.0000000000e+00,0.0000000000e+00,0.0000000000e+00,0.0000000000e+00,0.0000000000e+00,0.0000000000e+00,0.0000000000e+00,0.0000000000e+00,0.0000000000e+00,0.0000000000e+00,0.0000000000e+00,0.0000000000e+00,0.0000000000e+00,0.0000000000e+00,0.0000000000e+00,0.0000000000e+00,0.0000000000e+00,0.0000000000e+00,0.0000000000e+00,0.0000000000e+00,0.0000000000e+00,0.0000000000e+00,0.0000000000e+00,0.0000000000e+00,0.0000000000e+00,0.0000000000e+00,0.0000000000e+00,0.0000000000e+00,0.0000000000e+00,0.0000000000e+00,0.0000000000e+00,0.0000000000e+00,0.0000000000e+00,0.0000000000e+00,0.0000000000e+00,0.0000000000e+00,0.0000000000e+00,0.0000000000e+00,0.0000000000e+00,0.0000000000e+00,0.0000000000e+00,0.0000000000e+00,0.0000000000e+00,0.0000000000e+00,0.0000000000e+00,0.0000000000e+00,0.0000000000e+00,0.0000000000e+00,0.0000000000e+00,0.0000000000e+00,0.0000000000e+00,0.0000000000e+00,0.0000000000e+00,0.0000000000e+00,0.0000000000e+00,0.0000000000e+00,0.0000000000e+00,0.0000000000e+00,0.0000000000e+00,0.0000000000e+00,0.0000000000e+00,0.0000000000e+00,0.0000000000e+00,0.0000000000e+00,0.0000000000e+00,0.0000000000e+00,0.0000000000e+00,0.0000000000e+00,0.0000000000e+00,0.0000000000e+00,0.0000000000e+00,0.0000000000e+00,0.0000000000e+00,0.0000000000e+00
4.3113708854e-01,9.2806285241e+00,9.2806285241e+00,9.2806285241e+00,9.2806285241e+00,9.2806285241e+00,9.2806285241e+00,9.2806285241e+00,9.2806285241e+00,9.2806285241e+00,9.2806285241e+00,9.2806285241e+00,9.2806285241e+00,9.2806285241e+00,9.2806285241e+00,9.2806285241e+00,9.2806285241e+00,9.2806285241e+00,9.2806285241e+00,9.2806285241e+00,9.2806285241e+00,9.2806285241e+00,9.2806285241e+00,9.2806285241e+00,9.2806285241e+00,9.2806285241e+00,9.2806285241e+00,9.2806285241e+00,9.2806285241e+00,9.2806285241e+00,9.2806285241e+00,9.2806285241e+00,9.2806285241e+00,9.2806285241e+00,9.2806285241e+00,9.2806285241e+00,9.2806285241e+00,9.2806285241e+00,9.2806285241e+00,9.2806285241e+00,9.2806285241e+00,9.2806285241e+00,9.2806285241e+00,9.2806285241e+00,9.2806285241e+00,9.2806285241e+00,9.2806285241e+00,9.2806285241e+00,9.2806285241e+00,9.2835068005e+00,9.2874533685e+00,9.2917939456e+00,9.2965680796e+00,9.3018193322e+00,9.3075956950e+00,9.3139500518e+00,9.3209406903e+00,9.3286318708e+00,9.3370944577e+00,9.3464066220e+00,9.3562409850e+00,9.3652743578e+00,9.3752152184e+00,9.3861558338e+00,9.3981980815e+00,9.4114544994e+00,9.4229339767e+00,9.4347625410e+00,9.4477833529e+00,9.4609982320e+00,9.4720082580e+00,9.4841268641e+00,9.4946667123e+00,9.5042756126e+00,9.5131422231e+00,9.5209370492e+00,9.5278122862e+00,9.5341186598e+00,9.5388226317e+00,9.5410574389e+00,9.5403989452e+00,9.5358950370e+00,9.5262014516e+00,9.5122482012e+00,9.5011879009e+00,9.5122778448e+00,9.5803157093e+00,9.6885837863e+00,9.8814860348e+00,1.0112034759e+01,1.0338494370e+01,1.0339980312e+01,9.8382007292e+00,9.1733255339e+00,8.4327772097e+00,7.6027814321e+00,6.7845603013e+00,5.8946360172e+00,4.6216615899e+00,3.1342580034e+00,1.8124136701e+00,1.2771182402e+00,7.2759352718e-01,2.0419105552e-01,1.0379638450e-01,4.0040982639e-02,7.4560181821e-03,2.7246140940e-03,4.0162825124e-04,7.1407586743e-05,3.0189663978e-05,7.7871756688e-05,0.0000000000e+00,0.0000000000e+00,0.0000000000e+00,0.0000000000e+00,0.0000000000e+00,0.0000000000e+00,0.0000000000e+00,0.0000000000e+00,0.0000000000e+00,0.0000000000e+00,0.0000000000e+00,0.0000000000e+00,0.0000000000e+00,0.0000000000e+00,0.0000000000e+00,0.0000000000e+00,0.0000000000e+00,0.0000000000e+00,0.0000000000e+00,0.0000000000e+00,0.0000000000e+00,0.0000000000e+00,0.0000000000e+00,0.0000000000e+00,0.0000000000e+00,0.0000000000e+00,0.0000000000e+00,0.0000000000e+00,0.0000000000e+00,0.0000000000e+00,0.0000000000e+00,0.0000000000e+00,0.0000000000e+00,0.0000000000e+00,0.0000000000e+00,0.0000000000e+00,0.0000000000e+00,0.0000000000e+00,0.0000000000e+00,0.0000000000e+00,0.0000000000e+00,0.0000000000e+00,0.0000000000e+00,0.0000000000e+00,0.0000000000e+00,0.0000000000e+00,0.0000000000e+00,0.0000000000e+00,0.0000000000e+00,0.0000000000e+00,0.0000000000e+00,0.0000000000e+00,0.0000000000e+00,0.0000000000e+00,0.0000000000e+00,0.0000000000e+00,0.0000000000e+00,0.0000000000e+00,0.0000000000e+00,0.0000000000e+00,0.0000000000e+00,0.0000000000e+00,0.0000000000e+00,0.0000000000e+00,0.0000000000e+00,0.0000000000e+00,0.0000000000e+00,0.0000000000e+00,0.0000000000e+00,0.0000000000e+00,0.0000000000e+00,0.0000000000e+00,0.0000000000e+00,0.0000000000e+00,0.0000000000e+00,0.0000000000e+00,0.0000000000e+00,0.0000000000e+00,0.0000000000e+00,0.0000000000e+00,0.0000000000e+00,0.0000000000e+00,0.0000000000e+00,0.0000000000e+00,0.0000000000e+00,0.0000000000e+00,0.0000000000e+00,0.0000000000e+00,0.0000000000e+00
4.5065703377e-01,9.2186990781e+00,9.2186990781e+00,9.2186990781e+00,9.2186990781e+00,9.2186990781e+00,9.2186990781e+00,9.2186990781e+00,9.2186990781e+00,9.2186990781e+00,9.2186990781e+00,9.2186990781e+00,9.2186990781e+00,9.2186990781e+00,9.2186990781e+00,9.2186990781e+00,9.2186990781e+00,9.2186990781e+00,9.2186990781e+00,9.2186990781e+00,9.2186990781e+00,9.2186990781e+00,9.2186990781e+00,9.2186990781e+00,9.2186990781e+00,9.2186990781e+00,9.2186990781e+00,9.2186990781e+00,9.2186990781e+00,9.2186990781e+00,9.2186990781e+00,9.2186990781e+00,9.2186990781e+00,9.2186990781e+00,9.2186990781e+00,9.2186990781e+00,9.2186990781e+00,9.2186990781e+00,9.2186990781e+00,9.2186990781e+00,9.2186990781e+00,9.2186990781e+00,9.2186990781e+00,9.2186990781e+00,9.2186990781e+00,9.2186990781e+00,9.2186990781e+00,9.2186990781e+00,9.2186990781e+00,9.2213611539e+00,9.2250111846e+00,9.2290254960e+00,9.2334406263e+00,9.2382968164e+00,9.2436383936e+00,9.2495141955e+00,9.2559780408e+00,9.2630892516e+00,9.2709132326e+00,9.2795221154e+00,9.2886179998e+00,9.2969944769e+00,9.3062118350e+00,9.3163554400e+00,9.3275195236e+00,9.3398081451e+00,9.3504929716e+00,9.3615164853e+00,9.3736501306e+00,9.3859847887e+00,9.3963333367e+00,9.4077231314e+00,9.4177010180e+00,9.4268624217e+00,9.4353762417e+00,9.4429435303e+00,9.4496948883e+00,9.4559580238e+00,9.4607786199e+00,9.4633603659e+00,9.4633187160e+00,9.4597825646e+00,9.4515266386e+00,9.4393970060e+00,9.4299052642e+00,9.4405883037e+00,9.5030512279e+00,9.6020704865e+00,9.7778544880e+00,9.9876048899e+00,1.0193358841e+01,1.0185010012e+01,9.6963950037e+00,9.0528231326e+00,8.3388628579e+00,7.5414373399e+00,6.7532821979e+00,5.8974322242e+00,4.6550299493e+00,3.1969622608e+00,1.8948031249e+00,1.3459690135e+00,7.7595161275e-01,2.2887331085e-01,1.1886198738e-01,4.6720426673e-02,9.2749890568e-03,3.4510530289e-03,5.3617414088e-04,9.9464311428e-05,3.6874547562e-05,7.2879897959e-05,0.0000000000e+00,0.0000000000e+00,0.0000000000e+00,0.0000000000e+00,0.0000000000e+00,0.0000000000e+00,0.0000000000e+00,0.0000000000e+00,0.0000000000e+00,0.0000000000e+00,0.0000000000e+00,0.0000000000e+00,0.0000000000e+00,0.0000000000e+00,0.0000000000e+00,0.0000000000e+00,0.0000000000e+00,0.0000000000e+00,0.0000000000e+00,0.0000000000e+00,0.0000000000e+00,0.0000000000e+00,0.0000000000e+00,0.0000000000e+00,0.0000000000e+00,0.0000000000e+00,0.0000000000e+00,0.0000000000e+00,0.0000000000e+00,0.0000000000e+00,0.0000000000e+00,0.0000000000e+00,0.0000000000e+00,0.0000000000e+00,0.0000000000e+00,0.0000000000e+00,0.0000000000e+00,0.0000000000e+00,0.0000000000e+00,0.0000000000e+00,0.0000000000e+00,0.0000000000e+00,0.0000000000e+00,0.0000000000e+00,0.0000000000e+00,0.0000000000e+00,0.0000000000e+00,0.0000000000e+00,0.0000000000e+00,0.0000000000e+00,0.0000000000e+00,0.0000000000e+00,0.0000000000e+00,0.0000000000e+00,0.0000000000e+00,0.0000000000e+00,0.0000000000e+00,0.0000000000e+00,0.0000000000e+00,0.0000000000e+00,0.0000000000e+00,0.0000000000e+00,0.0000000000e+00,0.0000000000e+00,0.0000000000e+00,0.0000000000e+00,0.0000000000e+00,0.0000000000e+00,0.0000000000e+00,0.0000000000e+00,0.0000000000e+00,0.0000000000e+00,0.0000000000e+00,0.0000000000e+00,0.0000000000e+00,0.0000000000e+00,0.0000000000e+00,0.0000000000e+00,0.0000000000e+00,0.0000000000e+00,0.0000000000e+00,0.0000000000e+00,0.0000000000e+00,0.0000000000e+00,0.0000000000e+00,0.0000000000e+00,0.0000000000e+00,0.0000000000e+00,0.0000000000e+00
4.7106075420e-01,9.1509624152e+00,9.1509624152e+00,9.1509624152e+00,9.1509624152e+00,9.1509624152e+00,9.1509624152e+00,9.1509624152e+00,9.1509624152e+00,9.1509624152e+00,9.1509624152e+00,9.1509624152e+00,9.1509624152e+00,9.1509624152e+00,9.1509624152e+00,9.1509624152e+00,9.1509624152e+00,9.1509624152e+00,9.1509624152e+00,9.1509624152e+00,9.1509624152e+00,9.1509624152e+00,9.1509624152e+00,9.1509624152e+00,9.1509624152e+00,9.1509624152e+00,9.1509624152e+00,9.1509624152e+00,9.1509624152e+00,9.1509624152e+00,9.1509624152e+00,9.1509624152e+00,9.1509624152e+00,9.1509624152e+00,9.1509624152e+00,9.1509624152e+00,9.1509624152e+00,9.1509624152e+00,9.1509624152e+00,9.1509624152e+00,9.1509624152e+00,9.1509624152e+00,9.1509624152e+00,9.1509624152e+00,9.1509624152e+00,9.1509624152e+00,9.1509624152e+00,9.1509624152e+00,9.1509624152e+00,9.1534202610e+00,9.1567901868e+00,9.1604963307e+00,9.1645723937e+00,9.1690554873e+00,9.1739864859e+00,9.1794104163e+00,9.1853768893e+00,9.1919405787e+00,9.1991617524e+00,9.2071068624e+00,9.2155048621e+00,9.2232561572e+00,9.2317850309e+00,9.2411703094e+00,9.2514989819e+00,9.2628670816e+00,9.2727868434e+00,9.2830321395e+00,9.2943083208e+00,9.3057875090e+00,9.3154762344e+00,9.3261391301e+00,9.3355372712e+00,9.3442174224e+00,9.3523300629e+00,9.3596036304e+00,9.3661487591e+00,9.3722710490e+00,9.3770886304e+00,9.3798691396e+00,9.3802631765e+00,9.3774727173e+00,9.3703797194e+00,9.3597503468e+00,9.3515011033e+00,9.3615848564e+00,9.4186738744e+00,9.5089107871e+00,9.6686684441e+00,9.8589955985e+00,1.0045383376e+01,1.0028265209e+01,9.5535203752e+00,8.9317111384e+00,8.2444250341e+00,7.4791989177e+00,6.7210336023e+00,5.8989912841e+00,4.6873826116e+00,3.2591775945e+00,1.9776006422e+00,1.4161030945e+00,8.2616090359e-01,2.5583980899e-01,1.3564799373e-01,5.4339233286e-02,1.1493363944e-02,4.3559246044e-03,7.1709023061e-04,1.3913365307e-04,4.7118623094e-05,6.9386293133e-05,0.0000000000e+00,0.0000000000e+00,0.0000000000e+00,0.0000000000e+00,0.0000000000e+00,0.0000000000e+00,0.0000000000e+00,0.0000000000e+00,0.0000000000e+00,0.0000000000e+00,0.0000000000e+00,0.0000000000e+00,0.0000000000e+00,0.0000000000e+00,0.0000000000e+00,0.0000000000e+00,0.0000000000e+00,0.0000000000e+00,0.0000000000e+00,0.0000000000e+00,0.0000000000e+00,0.0000000000e+00,0.0000000000e+00,0.0000000000e+00,0.0000000000e+00,0.0000000000e+00,0.0000000000e+00,0.0000000000e+00,0.0000000000e+00,0.0000000000e+00,0.0000000000e+00,0.0000000000e+00,0.0000000000e+00,0.0000000000e+00,0.0000000000e+00,0.0000000000e+00,0.0000000000e+00,0.0000000000e+00,0.0000000000e+00,0.0000000000e+00,0.0000000000e+00,0.0000000000e+00,0.0000000000e+00,0.0000000000e+00,0.0000000000e+00,0.0000000000e+00,0.0000000000e+00,0.0000000000e+00,0.0000000000e+00,0.0000000000e+00,0.0000000000e+00,0.0000000000e+00,0.0000000000e+00,0.0000000000e+00,0.0000000000e+00,0.0000000000e+00,0.0000000000e+00,0.0000000000e+00,0.0000000000e+00,0.0000000000e+00,0.0000000000e+00,0.0000000000e+00,0.0000000000e+00,0.0000000000e+00,0.0000000000e+00,0.0000000000e+00,0.0000000000e+00,0.0000000000e+00,0.0000000000e+00,0.0000000000e+00,0.0000000000e+00,0.0000000000e+00,0.0000000000e+00,0.0000000000e+00,0.0000000000e+00,0.0000000000e+00,0.0000000000e+00,0.0000000000e+00,0.0000000000e+00,0.0000000000e+00,0.0000000000e+00,0.0000000000e+00,0.0000000000e+00,0.0000000000e+00,0.0000000000e+00,0.0000000000e+00,0.0000000000e+00,0.0000000000e+00,0.0000000000e+00
4.9238826317e-01,9.0771461286e+00,9.0771461286e+00,9.0771461286e+00,9.0771461286e+00,9.0771461286e+00,9.0771461286e+00,9.0771461286e+00,9.0771461286e+00,9.0771461286e+00,9.0771461286e+00,9.0771461286e+00,9.0771461286e+00,9.0771461286e+00,9.0771461286e+00,9.0771461286e+00,9.0771461286e+00,9.0771461286e+00,9.0771461286e+00,9.0771461286e+00,9.0771461286e+00,9.0771461286e+00,9.0771461286e+00,9.0771461286e+00,9.0771461286e+00,9.0771461286e+00,9.0771461286e+00,9.0771461286e+00,9.0771461286e+00,9.0771461286e+00,9.0771461286e+00,9.0771461286e+00,9.0771461286e+00,9.0771461286e+00,9.0771461286e+00,9.0771461286e+00,9.0771461286e+00,9.0771461286e+00,9.0771461286e+00,9.0771461286e+00,9.0771461286e+00,9.0771461286e+00,9.0771461286e+00,9.0771461286e+00,9.0771461286e+00,9.0771461286e+00,9.0771461286e+00,9.0771461286e+00,9.0771461286e+00,9.0794114324e+00,9.0825172961e+00,9.0859329388e+00,9.0896893918e+00,9.0938208231e+00,9.0983648596e+00,9.1033629450e+00,9.1088607352e+00,9.1149085366e+00,9.1215617925e+00,9.1288816223e+00,9.1366214461e+00,9.1437793681e+00,9.1516548673e+00,9.1603205880e+00,9.1698566767e+00,9.1803515871e+00,9.1895377782e+00,9.1990342636e+00,9.2094855051e+00,9.2201377425e+00,9.2291745737e+00,9.2391193929e+00,9.2479292817e+00,9.2561058321e+00,9.2637824221e+00,9.2707120648e+00,9.2769870461e+00,9.2828917931e+00,9.2876108206e+00,9.2904699119e+00,9.2911509008e+00,9.2889217896e+00,9.2827612635e+00,9.2733598734e+00,9.2660830206e+00,9.2754269942e+00,9.3273735981e+00,9.4093145558e+00,9.5541205069e+00,9.7263696777e+00,9.8947129202e+00,9.8698681054e+00,9.4096283725e+00,8.8099685483e+00,8.1493935961e+00,7.4159731283e+00,6.6876636619e+00,5.8991031956e+00,4.7185044759e+00,3.3206885407e+00,2.0605604979e+00,1.4873825388e+00,8.7820433183e-01,2.8519708254e-01,1.5427462793e-01,6.2998136285e-02,1.4183219763e-02,5.4768148887e-03,9.5840458302e-04,1.9482581083e-04,6.2543266177e-05,6.8028105738e-05,0.0000000000e+00,0.0000000000e+00,0.0000000000e+00,0.0000000000e+00,0.0000000000e+00,0.0000000000e+00,0.0000000000e+00,0.0000000000e+00,0.0000000000e+00,0.0000000000e+00,0.0000000000e+00,0.0000000000e+00,0.0000000000e+00,0.0000000000e+00,0.0000000000e+00,0.0000000000e+00,0.0000000000e+00,0.0000000000e+00,0.0000000000e+00,0.0000000000e+00,0.0000000000e+00,0.0000000000e+00,0.0000000000e+00,0.0000000000e+00,0.0000000000e+00,0.0000000000e+00,0.0000000000e+00,0.0000000000e+00,0.0000000000e+00,0.0000000000e+00,0.0000000000e+00,0.0000000000e+00,0.0000000000e+00,0.0000000000e+00,0.0000000000e+00,0.0000000000e+00,0.0000000000e+00,0.0000000000e+00,0.0000000000e+00,0.0000000000e+00,0.0000000000e+00,0.0000000000e+00,0.0000000000e+00,0.0000000000e+00,0.0000000000e+00,0.0000000000e+00,0.0000000000e+00,0.0000000000e+00,0.0000000000e+00,0.0000000000e+00,0.0000000000e+00,0.0000000000e+00,0.0000000000e+00,0.0000000000e+00,0.0000000000e+00,0.0000000000e+00,0.0000000000e+00,0.0000000000e+00,0.0000000000e+00,0.0000000000e+00,0.0000000000e+00,0.0000000000e+00,0.0000000000e+00,0.0000000000e+00,0.0000000000e+00,0.0000000000e+00,0.0000000000e+00,0.0000000000e+00,0.0000000000e+00,0.0000000000e+00,0.0000000000e+00,0.0000000000e+00,0.0000000000e+00,0.0000000000e+00,0.0000000000e+00,0.0000000000e+00,0.0000000000e+00,0.0000000000e+00,0.0000000000e+00,0.0000000000e+00,0.0000000000e+00,0.0000000000e+00,0.0000000000e+00,0.0000000000e+00,0.0000000000e+00,0.0000000000e+00,0.0000000000e+00,0.0000000000e+00,0.0000000000e+00
5.1468138568e-01,8.9970845117e+00,8.9970845117e+00,8.9970845117e+00,8.9970845117e+00,8.9970845117e+00,8.9970845117e+00,8.9970845117e+00,8.9970845117e+00,8.9970845117e+00,8.9970845117e+00,8.9970845117e+00,8.9970845117e+00,8.9970845117e+00,8.9970845117e+00,8.9970845117e+00,8.9970845117e+00,8.9970845117e+00,8.9970845117e+00,8.9970845117e+00,8.9970845117e+00,8.9970845117e+00,8.9970845117e+00,8.9970845117e+00,8.9970845117e+00,8.9970845117e+00,8.9970845117e+00,8.9970845117e+00,8.9970845117e+00,8.9970845117e+00,8.9970845117e+00,8.9970845117e+00,8.9970845117e+00,8.9970845117e+00,8.9970845117e+00,8.9970845117e+00,8.9970845117e+00,8.9970845117e+00,8.9970845117e+00,8.9970845117e+00,8.9970845117e+00,8.9970845117e+00,8.9970845117e+00,8.9970845117e+00,8.9970845117e+00,8.9970845117e+00,8.9970845117e+00,8.9970845117e+00,8.9970845117e+00,8.9991686762e+00,9.0020261267e+00,9.0051684985e+00,9.0086243160e+00,9.0124249832e+00,9.0166050792e+00,9.0212026855e+00,9.0262597477e+00,9.0318224767e+00,9.0379417928e+00,9.0446738188e+00,9.0517942680e+00,9.0583906000e+00,9.0656477939e+00,9.0736326654e+00,9.0824189124e+00,9.0920878500e+00,9.1005735150e+00,9.1093527322e+00,9.1190138969e+00,9.1288708747e+00,9.1372691618e+00,9.1465106952e+00,9.1547319074e+00,9.1623924875e+00,9.1696100058e+00,9.1761595547e+00,9.1821166689e+00,9.1877455562e+00,9.1922916830e+00,9.1951338048e+00,9.1959815555e+00,9.1941626872e+00,9.1887432409e+00,9.1803426240e+00,9.1738171227e+00,9.1823253853e+00,9.2293845470e+00,9.3035281790e+00,9.4344329166e+00,9.5899119342e+00,9.7415043615e+00,9.7099425294e+00,9.2647660314e+00,8.6875642358e+00,8.0536818035e+00,7.3516436369e+00,6.6529955359e+00,5.8975318098e+00,4.7481542832e+00,3.3812575640e+00,2.1434231759e+00,1.5596531816e+00,9.3205108053e-01,3.1704080342e-01,1.7485957786e-01,7.2803609894e-02,1.7425752660e-02,6.8575825966e-03,1.2777565520e-03,2.7243409546e-04,8.5430494798e-05,6.9758754084e-05,0.0000000000e+00,0.0000000000e+00,0.0000000000e+00,0.0000000000e+00,0.0000000000e+00,0.0000000000e+00,0.0000000000e+00,0.0000000000e+00,0.0000000000e+00,0.0000000000e+00,0.0000000000e+00,0.0000000000e+00,0.0000000000e+00,0.0000000000e+00,0.0000000000e+00,0.0000000000e+00,0.0000000000e+00,0.0000000000e+00,0.0000000000e+00,0.0000000000e+00,0.0000000000e+00,0.0000000000e+00,0.0000000000e+00,0.0000000000e+00,0.0000000000e+00,0.0000000000e+00,0.0000000000e+00,0.0000000000e+00,0.0000000000e+00,0.0000000000e+00,0.0000000000e+00,0.0000000000e+00,0.0000000000e+00,0.0000000000e+00,0.0000000000e+00,0.0000000000e+00,0.0000000000e+00,0.0000000000e+00,0.0000000000e+00,0.0000000000e+00,0.0000000000e+00,0.0000000000e+00,0.0000000000e+00,0.0000000000e+00,0.0000000000e+00,0.0000000000e+00,0.0000000000e+00,0.0000000000e+00,0.0000000000e+00,0.0000000000e+00,0.0000000000e+00,0.0000000000e+00,0.0000000000e+00,0.0000000000e+00,0.0000000000e+00,0.0000000000e+00,0.0000000000e+00,0.0000000000e+00,0.0000000000e+00,0.0000000000e+00,0.0000000000e+00,0.0000000000e+00,0.0000000000e+00,0.0000000000e+00,0.0000000000e+00,0.0000000000e+00,0.0000000000e+00,0.0000000000e+00,0.0000000000e+00,0.0000000000e+00,0.0000000000e+00,0.0000000000e+00,0.0000000000e+00,0.0000000000e+00,0.0000000000e+00,0.0000000000e+00,0.0000000000e+00,0.0000000000e+00,0.0000000000e+00,0.0000000000e+00,0.0000000000e+00,0.0000000000e+00,0.0000000000e+00,0.0000000000e+00,0.0000000000e+00,0.0000000000e+00,0.0000000000e+00,0.0000000000e+00,0.0000000000e+00
5.3798384034e-01,8.9107077681e+00,8.9107077681e+00,8.9107077681e+00,8.9107077681e+00,8.9107077681e+00,8.9107077681e+00,8.9107077681e+00,8.9107077681e+00,8.9107077681e+00,8.9107077681e+00,8.9107077681e+00,8.9107077681e+00,8.9107077681e+00,8.9107077681e+00,8.9107077681e+00,8.9107077681e+00,8.9107077681e+00,8.9107077681e+00,8.9107077681e+00,8.9107077681e+00,8.9107077681e+00,8.9107077681e+00,8.9107077681e+00,8.9107077681e+00,8.9107077681e+00,8.9107077681e+00,8.9107077681e+00,8.9107077681e+00,8.9107077681e+00,8.9107077681e+00,8.9107077681e+00,8.9107077681e+00,8.9107077681e+00,8.9107077681e+00,8.9107077681e+00,8.9107077681e+00,8.9107077681e+00,8.9107077681e+00,8.9107077681e+00,8.9107077681e+00,8.9107077681e+00,8.9107077681e+00,8.9107077681e+00,8.9107077681e+00,8.9107077681e+00,8.9107077681e+00,8.9107077681e+00,8.9107077681e+00,8.9126218984e+00,8.9152461745e+00,8.9181320519e+00,8.9213057056e+00,8.9247959503e+00,8.9286345101e+00,8.9328563180e+00,8.9374998463e+00,8.9426074729e+00,8.9482258866e+00,8.9544065369e+00,8.9609454525e+00,8.9670118088e+00,8.9736855684e+00,8.9810280665e+00,8.9891069403e+00,8.9979967987e+00,9.0058161580e+00,9.0139113342e+00,9.0228191254e+00,9.0319151041e+00,9.0396927820e+00,9.0482508648e+00,9.0558899013e+00,9.0630307464e+00,9.0697764246e+00,9.0759218924e+00,9.0815274941e+00,9.0868381870e+00,9.0911555100e+00,9.0939065701e+00,9.0948257937e+00,9.0932951018e+00,9.0884595336e+00,9.0808719322e+00,9.0749193986e+00,9.0825337765e+00,9.1249775289e+00,9.1918277567e+00,9.3098516111e+00,9.4498243623e+00,9.5859231887e+00,9.5486122424e+00,9.1189757392e+00,8.5644583729e+00,7.9571892784e+00,7.2860751871e+00,6.6168318893e+00,5.8940210187e+00,4.7760700006e+00,3.4406284574e+00,2.2259165512e+00,1.6327438682e+00,9.8765453820e-01,3.5145296075e-01,1.9751599316e-01,8.3867214164e-02,2.1311568929e-02,8.5490077441e-03,1.6971093622e-03,3.7975391884e-04,1.1895836970e-04,7.5995093684e-05,0.0000000000e+00,0.0000000000e+00,0.0000000000e+00,0.0000000000e+00,0.0000000000e+00,0.0000000000e+00,0.0000000000e+00,0.0000000000e+00,0.0000000000e+00,0.0000000000e+00,0.0000000000e+00,0.0000000000e+00,0.0000000000e+00,0.0000000000e+00,0.0000000000e+00,0.0000000000e+00,0.0000000000e+00,0.0000000000e+00,0.0000000000e+00,0.0000000000e+00,0.0000000000e+00,0.0000000000e+00,0.0000000000e+00,0.0000000000e+00,0.0000000000e+00,0.0000000000e+00,0.0000000000e+00,0.0000000000e+00,0.0000000000e+00,0.0000000000e+00,0.0000000000e+00,0.0000000000e+00,0.0000000000e+00,0.0000000000e+00,0.0000000000e+00,0.0000000000e+00,0.0000000000e+00,0.0000000000e+00,0.0000000000e+00,0.0000000000e+00,0.0000000000e+00,0.0000000000e+00,0.0000000000e+00,0.0000000000e+00,0.0000000000e+00,0.0000000000e+00,0.0000000000e+00,0.0000000000e+00,0.0000000000e+00,0.0000000000e+00,0.0000000000e+00,0.0000000000e+00,0.0000000000e+00,0.0000000000e+00,0.0000000000e+00,0.0000000000e+00,0.0000000000e+00,0.0000000000e+00,0.0000000000e+00,0.0000000000e+00,0.0000000000e+00,0.0000000000e+00,0.0000000000e+00,0.0000000000e+00,0.0000000000e+00,0.0000000000e+00,0.0000000000e+00,0.0000000000e+00,0.0000000000e+00,0.0000000000e+00,0.0000000000e+00,0.0000000000e+00,0.0000000000e+00,0.0000000000e+00,0.0000000000e+00,0.0000000000e+00,0.0000000000e+00,0.0000000000e+00,0.0000000000e+00,0.0000000000e+00,0.0000000000e+00,0.0000000000e+00,0.0000000000e+00,0.0000000000e+00,0.0000000000e+00,0.0000000000e+00,0.0000000000e+00,0.0000000000e+00,0.0000000000e+00
5.6234132519e-01,8.8180307096e+00,8.8180307096e+00,8.8180307096e+00,8.8180307096e+00,8.8180307096e+00,8.8180307096e+00,8.8180307096e+00,8.8180307096e+00,8.8180307096e+00,8.8180307096e+00,8.8180307096e+00,8.8180307096e+00,8.8180307096e+00,8.8180307096e+00,8.8180307096e+00,8.8180307096e+00,8.8180307096e+00,8.8180307096e+00,8.8180307096e+00,8.8180307096e+00,8.8180307096e+00,8.8180307096e+00,8.8180307096e+00,8.8180307096e+00,8.8180307096e+00,8.8180307096e+00,8.8180307096e+00,8.8180307096e+00,8.8180307096e+00,8.8180307096e+00,8.8180307096e+00,8.8180307096e+00,8.8180307096e+00,8.8180307096e+00,8.8180307096e+00,8.8180307096e+00,8.8180307096e+00,8.8180307096e+00,8.8180307096e+00,8.8180307096e+00,8.8180307096e+00,8.8180307096e+00,8.8180307096e+00,8.8180307096e+00,8.8180307096e+00,8.8180307096e+00,8.8180307096e+00,8.8180307096e+00,8.8197855947e+00,8.8221915003e+00,8.8248371787e+00,8.8277466085e+00,8.8309461833e+00,8.8344649591e+00,8.8383349268e+00,8.8425913138e+00,8.8472729185e+00,8.8524224788e+00,8.8580870827e+00,8.8640812730e+00,8.8696489427e+00,8.8757737699e+00,8.8825119507e+00,8.8899254412e+00,8.8980825674e+00,8.9052706399e+00,8.9127162372e+00,8.9209087034e+00,8.9292799181e+00,8.9364587000e+00,8.9443573204e+00,8.9514265037e+00,8.9580511500e+00,8.9643209620e+00,8.9700487960e+00,8.9752813180e+00,8.9802452120e+00,8.9842936986e+00,8.9868981054e+00,8.9878150216e+00,8.9864755745e+00,8.9820963505e+00,8.9751682536e+00,8.9696470358e+00,8.9763408615e+00,9.0144524816e+00,9.0745123406e+00,9.1806403559e+00,9.3063213844e+00,9.4281401743e+00,9.3859992308e+00,8.9722950594e+00,8.4406038046e+00,7.8598049038e+00,7.2191179309e+00,6.5789603476e+00,5.8883009447e+00,4.8019742751e+00,3.4985299076e+00,2.3077572575e+00,1.7064658602e+00,1.0449503103e+00,3.8849894827e-01,2.2235026957e-01,9.6304687426e-02,2.5940778160e-02,1.0609409707e-02,2.2435374294e-03,5.2699024915e-04,1.6750581108e-04,8.8821274762e-05,0.0000000000e+00,0.0000000000e+00,0.0000000000e+00,0.0000000000e+00,0.0000000000e+00,0.0000000000e+00,0.0000000000e+00,0.0000000000e+00,0.0000000000e+00,0.0000000000e+00,0.0000000000e+00,0.0000000000e+00,0.0000000000e+00,0.0000000000e+00,0.0000000000e+00,0.0000000000e+00,0.0000000000e+00,0.0000000000e+00,0.0000000000e+00,0.0000000000e+00,0.0000000000e+00,0.0000000000e+00,0.0000000000e+00,0.0000000000e+00,0.0000000000e+00,0.0000000000e+00,0.0000000000e+00,0.0000000000e+00,0.0000000000e+00,0.0000000000e+00,0.0000000000e+00,0.0000000000e+00,0.0000000000e+00,0.0000000000e+00,0.0000000000e+00,0.0000000000e+00,0.0000000000e+00,0.0000000000e+00,0.0000000000e+00,0.0000000000e+00,0.0000000000e+00,0.0000000000e+00,0.0000000000e+00,0.0000000000e+00,0.0000000000e+00,0.0000000000e+00,0.0000000000e+00,0.0000000000e+00,0.0000000000e+00,0.0000000000e+00,0.0000000000e+00,0.0000000000e+00,0.0000000000e+00,0.0000000000e+00,0.0000000000e+00,0.0000000000e+00,0.0000000000e+00,0.0000000000e+00,0.0000000000e+00,0.0000000000e+00,0.0000000000e+00,0.0000000000e+00,0.0000000000e+00,0.0000000000e+00,0.0000000000e+00,0.0000000000e+00,0.0000000000e+00,0.0000000000e+00,0.0000000000e+00,0.0000000000e+00,0.0000000000e+00,0.0000000000e+00,0.0000000000e+00,0.0000000000e+00,0.0000000000e+00,0.0000000000e+00,0.0000000000e+00,0.0000000000e+00,0.0000000000e+00,0.0000000000e+00,0.0000000000e+00,0.0000000000e+00,0.0000000000e+00,0.0000000000e+00,0.0000000000e+00,0.0000000000e+00,0.0000000000e+00,0.0000000000e+00,0.0000000000e+00
5.8780160723e-01,8.7191412197e+00,8.7191412197e+00,8.7191412197e+00,8.7191412197e+00,8.7191412197e+00,8.7191412197e+00,8.7191412197e+00,8.7191412197e+00,8.7191412197e+00,8.7191412197e+00,8.7191412197e+00,8.7191412197e+00,8.7191412197e+00,8.7191412197e+00,8.7191412197e+00,8.7191412197e+00,8.7191412197e+00,8.7191412197e+00,8.7191412197e+00,8.7191412197e+00,8.7191412197e+00,8.7191412197e+00,8.7191412197e+00,8.7191412197e+00,8.7191412197e+00,8.7191412197e+00,8.7191412197e+00,8.7191412197e+00,8.7191412197e+00,8.7191412197e+00,8.7191412197e+00,8.7191412197e+00,8.7191412197e+00,8.7191412197e+00,8.7191412197e+00,8.7191412197e+00,8.7191412197e+00,8.7191412197e+00,8.7191412197e+00,8.7191412197e+00,8.7191412197e+00,8.7191412197e+00,8.7191412197e+00,8.7191412197e+00,8.7191412197e+00,8.7191412197e+00,8.7191412197e+00,8.7191412197e+00,8.7207473112e+00,8.7229491857e+00,8.7253704477e+00,8.7280330264e+00,8.7309610573e+00,8.7341811078e+00,8.7377224258e+00,8.7416172140e+00,8.7459009345e+00,8.7506126450e+00,8.7557953711e+00,8.7612805291e+00,8.7663803172e+00,8.7719901709e+00,8.7781614799e+00,8.7849508898e+00,8.7924208555e+00,8.7990130909e+00,8.8058443705e+00,8.8133604259e+00,8.8210445163e+00,8.8276491286e+00,8.8349155848e+00,8.8414320210e+00,8.8475500846e+00,8.8533473361e+00,8.8586527900e+00,8.8635008877e+00,8.8681010178e+00,8.8718541219e+00,8.8742720504e+00,8.8751312580e+00,8.8739076639e+00,8.8698827592e+00,8.8634901217e+00,8.8582898788e+00,8.8640623099e+00,8.8981311297e+00,8.9518973731e+00,9.0470750784e+00,9.1596252727e+00,9.2683281756e+00,9.2222220560e+00,8.8247565653e+00,8.3159473782e+00,7.7614096300e+00,7.1506116429e+00,6.5391588099e+00,5.8800939938e+00,4.8255798194e+00,3.5546791172e+00,2.3886521908e+00,1.7806124369e+00,1.1038543367e+00,4.2822462226e-01,2.4945963756e-01,1.1023475818e-01,3.1422841551e-02,1.3105203731e-02,2.9500766210e-03,7.2736194210e-04,2.3704143214e-04,1.1126582469e-04,0.0000000000e+00,0.0000000000e+00,0.0000000000e+00,0.0000000000e+00,0.0000000000e+00,0.0000000000e+00,0.0000000000e+00,0.0000000000e+00,0.0000000000e+00,0.0000000000e+00,0.0000000000e+00,0.0000000000e+00,0.0000000000e+00,0.0000000000e+00,0.0000000000e+00,0.0000000000e+00,0.0000000000e+00,0.0000000000e+00,0.0000000000e+00,0.0000000000e+00,0.0000000000e+00,0.0000000000e+00,0.0000000000e+00,0.0000000000e+00,0.0000000000e+00,0.0000000000e+00,0.0000000000e+00,0.0000000000e+00,0.0000000000e+00,0.0000000000e+00,0.0000000000e+00,0.0000000000e+00,0.0000000000e+00,0.0000000000e+00,0.0000000000e+00,0.0000000000e+00,0.0000000000e+00,0.0000000000e+00,0.0000000000e+00,0.0000000000e+00,0.0000000000e+00,0.0000000000e+00,0.0000000000e+00,0.0000000000e+00,0.0000000000e+00,0.0000000000e+00,0.0000000000e+00,0.0000000000e+00,0.0000000000e+00,0.0000000000e+00,0.0000000000e+00,0.0000000000e+00,0.0000000000e+00,0.0000000000e+00,0.0000000000e+00,0.0000000000e+00,0.0000000000e+00,0.0000000000e+00,0.0000000000e+00,0.0000000000e+00,0.0000000000e+00,0.0000000000e+00,0.0000000000e+00,0.0000000000e+00,0.0000000000e+00,0.0000000000e+00,0.0000000000e+00,0.0000000000e+00,0.0000000000e+00,0.0000000000e+00,0.0000000000e+00,0.0000000000e+00,0.0000000000e+00,0.0000000000e+00,0.0000000000e+00,0.0000000000e+00,0.0000000000e+00,0.0000000000e+00,0.0000000000e+00,0.0000000000e+00,0.0000000000e+00,0.0000000000e+00,0.0000000000e+00,0.0000000000e+00,0.0000000000e+00,0.0000000000e+00,0.0000000000e+00,0.0000000000e+00,0.0000000000e+00
6.1441461614e-01,8.6141887643e+00,8.6141887643e+00,8.6141887643e+00,8.6141887643e+00,8.6141887643e+00,8.6141887643e+00,8.6141887643e+00,8.6141887643e+00,8.6141887643e+00,8.6141887643e+00,8.6141887643e+00,8.6141887643e+00,8.6141887643e+00,8.6141887643e+00,8.6141887643e+00,8.6141887643e+00,8.6141887643e+00,8.6141887643e+00,8.6141887643e+00,8.6141887643e+00,8.6141887643e+00,8.6141887643e+00,8.6141887643e+00,8.6141887643e+00,8.6141887643e+00,8.6141887643e+00,8.6141887643e+00,8.6141887643e+00,8.6141887643e+00,8.6141887643e+00,8.6141887643e+00,8.6141887643e+00,8.6141887643e+00,8.6141887643e+00,8.6141887643e+00,8.6141887643e+00,8.6141887643e+00,8.6141887643e+00,8.6141887643e+00,8.6141887643e+00,8.6141887643e+00,8.6141887643e+00,8.6141887643e+00,8.6141887643e+00,8.6141887643e+00,8.6141887643e+00,8.6141887643e+00,8.6141887643e+00,8.6156561539e+00,8.6176678419e+00,8.6198799236e+00,8.6223124206e+00,8.6249873668e+00,8.6279290141e+00,8.6311640580e+00,8.6347218880e+00,8.6386348642e+00,8.6429386225e+00,8.6476724133e+00,8.6526830315e+00,8.6573451043e+00,8.6624732308e+00,8.6681143181e+00,8.6743200601e+00,8.6811474404e+00,8.6871793703e+00,8.6934319817e+00,8.7003109541e+00,8.7073464284e+00,8.7134038997e+00,8.7200680152e+00,8.7260526329e+00,8.7316786817e+00,8.7370127099e+00,8.7418983453e+00,8.7463591906e+00,8.7505883123e+00,8.7540307909e+00,8.7562356820e+00,8.7569973016e+00,8.7558324297e+00,8.7520815392e+00,8.7461254304e+00,8.7411622192e+00,8.7460331339e+00,8.7763499899e+00,8.8243084731e+00,8.9094385304e+00,9.0099618554e+00,9.1066591406e+00,9.0573943210e+00,8.6763877174e+00,8.1904312304e+00,7.6618791614e+00,7.0803897512e+00,6.4972005183e+00,5.8691206405e+00,4.8465946034e+00,3.6087853775e+00,2.4683001013e+00,1.8549587062e+00,1.1642611655e+00,4.7065339586e-01,2.7892958056e-01,1.2577765329e-01,3.7876128077e-02,1.6111359162e-02,3.8566184711e-03,9.9780860623e-04,3.3561174883e-04,1.4767105139e-04,0.0000000000e+00,0.0000000000e+00,0.0000000000e+00,0.0000000000e+00,0.0000000000e+00,0.0000000000e+00,0.0000000000e+00,0.0000000000e+00,0.0000000000e+00,0.0000000000e+00,0.0000000000e+00,0.0000000000e+00,0.0000000000e+00,0.0000000000e+00,0.0000000000e+00,0.0000000000e+00,0.0000000000e+00,0.0000000000e+00,0.0000000000e+00,0.0000000000e+00,0.0000000000e+00,0.0000000000e+00,0.0000000000e+00,0.0000000000e+00,0.0000000000e+00,0.0000000000e+00,0.0000000000e+00,0.0000000000e+00,0.0000000000e+00,0.0000000000e+00,0.0000000000e+00,0.0000000000e+00,0.0000000000e+00,0.0000000000e+00,0.0000000000e+00,0.0000000000e+00,0.0000000000e+00,0.0000000000e+00,0.0000000000e+00,0.0000000000e+00,0.0000000000e+00,0.0000000000e+00,0.0000000000e+00,0.0000000000e+00,0.0000000000e+00,0.0000000000e+00,0.0000000000e+00,0.0000000000e+00,0.0000000000e+00,0.0000000000e+00,0.0000000000e+00,0.0000000000e+00,0.0000000000e+00,0.0000000000e+00,0.0000000000e+00,0.0000000000e+00,0.0000000000e+00,0.0000000000e+00,0.0000000000e+00,0.0000000000e+00,0.0000000000e+00,0.0000000000e+00,0.0000000000e+00,0.0000000000e+00,0.0000000000e+00,0.0000000000e+00,0.0000000000e+00,0.0000000000e+00,0.0000000000e+00,0.0000000000e+00,0.0000000000e+00,0.0000000000e+00,0.0000000000e+00,0.0000000000e+00,0.0000000000e+00,0.0000000000e+00,0.0000000000e+00,0.0000000000e+00,0.0000000000e+00,0.0000000000e+00,0.0000000000e+00,0.0000000000e+00,0.0000000000e+00,0.0000000000e+00,0.0000000000e+00,0.0000000000e+00,0.0000000000e+00,0.0000000000e+00,0.0000000000e+00
6.4223254222e-01,8.5033732162e+00,8.5033732162e+00,8.5033732162e+00,8.5033732162e+00,8.5033732162e+00,8.5033732162e+00,8.5033732162e+00,8.5033732162e+00,8.5033732162e+00,8.5033732162e+00,8.5033732162e+00,8.5033732162e+00,8.5033732162e+00,8.5033732162e+00,8.5033732162e+00,8.5033732162e+00,8.5033732162e+00,8.5033732162e+00,8.5033732162e+00,8.5033732162e+00,8.5033732162e+00,8.5033732162e+00,8.5033732162e+00,8.5033732162e+00,8.5033732162e+00,8.5033732162e+00,8.5033732162e+00,8.5033732162e+00,8.5033732162e+00,8.5033732162e+00,8.5033732162e+00,8.5033732162e+00,8.5033732162e+00,8.5033732162e+00,8.5033732162e+00,8.5033732162e+00,8.5033732162e+00,8.5033732162e+00,8.5033732162e+00,8.5033732162e+00,8.5033732162e+00,8.5033732162e+00,8.5033732162e+00,8.5033732162e+00,8.5033732162e+00,8.5033732162e+00,8.5033732162e+00,8.5033732162e+00,8.5047116142e+00,8.5065464354e+00,8.5085639943e+00,8.5107825405e+00,8.5132221563e+00,8.5159049435e+00,8.5188552287e+00,8.5220997903e+00,8.5256681100e+00,8.5295926497e+00,8.5339091586e+00,8.5384784484e+00,8.5427321891e+00,8.5474109645e+00,8.5525575113e+00,8.5582189195e+00,8.5644470867e+00,8.5699540029e+00,8.5756636059e+00,8.5819448208e+00,8.5883705640e+00,8.5939095737e+00,8.6000029805e+00,8.6054796541e+00,8.6106321799e+00,8.6155171694e+00,8.6199914929e+00,8.6240692264e+00,8.6279280750e+00,8.6310540092e+00,8.6330303084e+00,8.6336673998e+00,8.6325194206e+00,8.6289805397e+00,8.6233832209e+00,8.6185950869e+00,8.6226005538e+00,8.6494538701e+00,8.6920756949e+00,8.7680153890e+00,8.8575566003e+00,8.9433013941e+00,8.8916233111e+00,8.5272108104e+00,8.0639940346e+00,7.5610864983e+00,7.0082831263e+00,6.4528587966e+00,5.8551048247e+00,4.8647267348e+00,3.6605535040e+00,2.5463932290e+00,1.9292616446e+00,1.2260424329e+00,5.1578343927e-01,3.1083111632e-01,1.4305328552e-01,4.5427133173e-02,1.9711717193e-02,5.0108211603e-03,1.3598014852e-03,4.7394401249e-04,2.0417605125e-04,0.0000000000e+00,0.0000000000e+00,0.0000000000e+00,0.0000000000e+00,0.0000000000e+00,0.0000000000e+00,0.0000000000e+00,0.0000000000e+00,0.0000000000e+00,0.0000000000e+00,0.0000000000e+00,0.0000000000e+00,0.0000000000e+00,0.0000000000e+00,0.0000000000e+00,0.0000000000e+00,0.0000000000e+00,0.0000000000e+00,0.0000000000e+00,0.0000000000e+00,0.0000000000e+00,0.0000000000e+00,0.0000000000e+00,0.0000000000e+00,0.0000000000e+00,0.0000000000e+00,0.0000000000e+00,0.0000000000e+00,0.0000000000e+00,0.0000000000e+00,0.0000000000e+00,0.0000000000e+00,0.0000000000e+00,0.0000000000e+00,0.0000000000e+00,0.0000000000e+00,0.0000000000e+00,0.0000000000e+00,0.0000000000e+00,0.0000000000e+00,0.0000000000e+00,0.0000000000e+00,0.0000000000e+00,0.0000000000e+00,0.0000000000e+00,0.0000000000e+00,0.0000000000e+00,0.0000000000e+00,0.0000000000e+00,0.0000000000e+00,0.0000000000e+00,0.0000000000e+00,0.0000000000e+00,0.0000000000e+00,0.0000000000e+00,0.0000000000e+00,0.0000000000e+00,0.0000000000e+00,0.0000000000e+00,0.0000000000e+00,0.0000000000e+00,0.0000000000e+00,0.0000000000e+00,0.0000000000e+00,0.0000000000e+00,0.0000000000e+00,0.0000000000e+00,0.0000000000e+00,0.0000000000e+00,0.0000000000e+00,0.0000000000e+00,0.0000000000e+00,0.0000000000e+00,0.0000000000e+00,0.0000000000e+00,0.0000000000e+00,0.0000000000e+00,0.0000000000e+00,0.0000000000e+00,0.0000000000e+00,0.0000000000e+00,0.0000000000e+00,0.0000000000e+00,0.0000000000e+00,0.0000000000e+00,0.0000000000e+00,0.0000000000e+00,0.0000000000e+00,0.0000000000e+00
6.7130993868e-01,8.3869342317e+00,8.3869342317e+00,8.3869342317e+00,8.3869342317e+00,8.3869342317e+00,8.3869342317e+00,8.3869342317e+00,8.3869342317e+00,8.3869342317e+00,8.3869342317e+00,8.3869342317e+00,8.3869342317e+00,8.3869342317e+00,8.3869342317e+00,8.3869342317e+00,8.3869342317e+00,8.3869342317e+00,8.3869342317e+00,8.3869342317e+00,8.3869342317e+00,8.3869342317e+00,8.3869342317e+00,8.3869342317e+00,8.3869342317e+00,8.3869342317e+00,8.3869342317e+00,8.3869342317e+00,8.3869342317e+00,8.3869342317e+00,8.3869342317e+00,8.3869342317e+00,8.3869342317e+00,8.3869342317e+00,8.3869342317e+00,8.3869342317e+00,8.3869342317e+00,8.3869342317e+00,8.3869342317e+00,8.3869342317e+00,8.3869342317e+00,8.3869342317e+00,8.3869342317e+00,8.3869342317e+00,8.3869342317e+00,8.3869342317e+00,8.3869342317e+00,8.3869342317e+00,8.3869342317e+00,8.3881529471e+00,8.3898236706e+00,8.3916607566e+00,8.3936808127e+00,8.3959021131e+00,8.3983447676e+00,8.4010309084e+00,8.4039848962e+00,8.4072335474e+00,8.4108063860e+00,8.4147359216e+00,8.4188957405e+00,8.4227696197e+00,8.4270304076e+00,8.4317169721e+00,8.4368721325e+00,8.4425430711e+00,8.4475597371e+00,8.4527616613e+00,8.4584840688e+00,8.4643389013e+00,8.4693891946e+00,8.4749446882e+00,8.4799394503e+00,8.4846399453e+00,8.4890938653e+00,8.4931701057e+00,8.4968744472e+00,8.5003701776e+00,8.5031812015e+00,8.5049223355e+00,8.5054185903e+00,8.5042583306e+00,8.5008847004e+00,8.4955861235e+00,8.4909291854e+00,8.4941174917e+00,8.5177899791e+00,8.5555283657e+00,8.6230878854e+00,8.7026311502e+00,8.7784172711e+00,8.7250088573e+00,8.3772430158e+00,7.9365722084e+00,7.4589043095e+00,6.9341235757e+00,6.4059113798e+00,5.8377788579e+00,4.8796889326e+00,3.7096870590e+00,2.6226189482e+00,2.0032603811e+00,1.2890455990e+00,5.6358505608e-01,3.4521798194e-01,1.6217911206e-01,5.4209318941e-02,2.3999121308e-02,6.4690011417e-03,1.8402540761e-03,6.6617750382e-04,2.8933583260e-04,0.0000000000e+00,0.0000000000e+00,0.0000000000e+00,0.0000000000e+00,0.0000000000e+00,0.0000000000e+00,0.0000000000e+00,0.0000000000e+00,0.0000000000e+00,0.0000000000e+00,0.0000000000e+00,0.0000000000e+00,0.0000000000e+00,0.0000000000e+00,0.0000000000e+00,0.0000000000e+00,0.0000000000e+00,0.0000000000e+00,0.0000000000e+00,0.0000000000e+00,0.0000000000e+00,0.0000000000e+00,0.0000000000e+00,0.0000000000e+00,0.0000000000e+00,0.0000000000e+00,0.0000000000e+00,0.0000000000e+00,0.0000000000e+00,0.0000000000e+00,0.0000000000e+00,0.0000000000e+00,0.0000000000e+00,0.0000000000e+00,0.0000000000e+00,0.0000000000e+00,0.0000000000e+00,0.0000000000e+00,0.0000000000e+00,0.0000000000e+00,0.0000000000e+00,0.0000000000e+00,0.0000000000e+00,0.0000000000e+00,0.0000000000e+00,0.0000000000e+00,0.0000000000e+00,0.0000000000e+00,0.0000000000e+00,0.0000000000e+00,0.0000000000e+00,0.0000000000e+00,0.0000000000e+00,0.0000000000e+00,0.0000000000e+00,0.0000000000e+00,0.0000000000e+00,0.0000000000e+00,0.0000000000e+00,0.0000000000e+00,0.0000000000e+00,0.0000000000e+00,0.0000000000e+00,0.0000000000e+00,0.0000000000e+00,0.0000000000e+00,0.0000000000e+00,0.0000000000e+00,0.0000000000e+00,0.0000000000e+00,0.0000000000e+00,0.0000000000e+00,0.0000000000e+00,0.0000000000e+00,0.0000000000e+00,0.0000000000e+00,0.0000000000e+00,0.0000000000e+00,0.0000000000e+00,0.0000000000e+00,0.0000000000e+00,0.0000000000e+00,0.0000000000e+00,0.0000000000e+00,0.0000000000e+00,0.0000000000e+00,0.0000000000e+00,0.0000000000e+00,0.0000000000e+00
7.0170382867e-01,8.2651413835e+00,8.2651413835e+00,8.2651413835e+00,8.2651413835e+00,8.2651413835e+00,8.2651413835e+00,8.2651413835e+00,8.2651413835e+00,8.2651413835e+00,8.2651413835e+00,8.2651413835e+00,8.2651413835e+00,8.2651413835e+00,8.2651413835e+00,8.2651413835e+00,8.2651413835e+00,8.2651413835e+00,8.2651413835e+00,8.2651413835e+00,8.2651413835e+00,8.2651413835e+00,8.2651413835e+00,8.2651413835e+00,8.2651413835e+00,8.2651413835e+00,8.2651413835e+00,8.2651413835e+00,8.2651413835e+00,8.2651413835e+00,8.2651413835e+00,8.2651413835e+00,8.2651413835e+00,8.2651413835e+00,8.2651413835e+00,8.2651413835e+00,8.2651413835e+00,8.2651413835e+00,8.2651413835e+00,8.2651413835e+00,8.2651413835e+00,8.2651413835e+00,8.2651413835e+00,8.2651413835e+00,8.2651413835e+00,8.2651413835e+00,8.2651413835e+00,8.2651413835e+00,8.2651413835e+00,8.2662493084e+00,8.2677681300e+00,8.2694381616e+00,8.2712744922e+00,8.2732937242e+00,8.2755141263e+00,8.2779558026e+00,8.2806408793e+00,8.2835937108e+00,8.2868411074e+00,8.2904125868e+00,8.2941933784e+00,8.2977148420e+00,8.3015878718e+00,8.3058477550e+00,8.3105333602e+00,8.3156875085e+00,8.3202479059e+00,8.3249768529e+00,8.3301787002e+00,8.3355009901e+00,8.3400928616e+00,8.3451438330e+00,8.3496841775e+00,8.3539563161e+00,8.3579999787e+00,8.3616950024e+00,8.3650400214e+00,8.3681848270e+00,8.3706885604e+00,8.3721951485e+00,8.3725428489e+00,8.3713514543e+00,8.3681088607e+00,8.3630635738e+00,8.3585085819e+00,8.3609367988e+00,8.3817027399e+00,8.4149905809e+00,8.4749320278e+00,8.5454003698e+00,8.6121611461e+00,8.5576424621e+00,8.2264965404e+00,7.8081010860e+00,7.3552071213e+00,6.8577470050e+00,6.3561442769e+00,5.8168877627e+00,4.8912025234e+00,3.7558913080e+00,2.6966613967e+00,2.0766767452e+00,1.3530929868e+00,6.1399830553e-01,3.8212377145e-01,1.8326766568e-01,6.4361542141e-02,2.9075310224e-02,8.2969600874e-03,2.4725207525e-03,9.3073393088e-04,4.1489838711e-04,0.0000000000e+00,0.0000000000e+00,0.0000000000e+00,0.0000000000e+00,0.0000000000e+00,0.0000000000e+00,0.0000000000e+00,0.0000000000e+00,0.0000000000e+00,0.0000000000e+00,0.0000000000e+00,0.0000000000e+00,0.0000000000e+00,0.0000000000e+00,0.0000000000e+00,0.0000000000e+00,0.0000000000e+00,0.0000000000e+00,0.0000000000e+00,0.0000000000e+00,0.0000000000e+00,0.0000000000e+00,0.0000000000e+00,0.0000000000e+00,0.0000000000e+00,0.0000000000e+00,0.0000000000e+00,0.0000000000e+00,0.0000000000e+00,0.0000000000e+00,0.0000000000e+00,0.0000000000e+00,0.0000000000e+00,0.0000000000e+00,0.0000000000e+00,0.0000000000e+00,0.0000000000e+00,0.0000000000e+00,0.0000000000e+00,0.0000000000e+00,0.0000000000e+00,0.0000000000e+00,0.0000000000e+00,0.0000000000e+00,0.0000000000e+00,0.0000000000e+00,0.0000000000e+00,0.0000000000e+00,0.0000000000e+00,0.0000000000e+00,0.0000000000e+00,0.0000000000e+00,0.0000000000e+00,0.0000000000e+00,0.0000000000e+00,0.0000000000e+00,0.0000000000e+00,0.0000000000e+00,0.0000000000e+00,0.0000000000e+00,0.0000000000e+00,0.0000000000e+00,0.0000000000e+00,0.0000000000e+00,0.0000000000e+00,0.0000000000e+00,0.0000000000e+00,0.0000000000e+00,0.0000000000e+00,0.0000000000e+00,0.0000000000e+00,0.0000000000e+00,0.0000000000e+00,0.0000000000e+00,0.0000000000e+00,0.0000000000e+00,0.0000000000e+00,0.0000000000e+00,0.0000000000e+00,0.0000000000e+00,0.0000000000e+00,0.0000000000e+00,0.0000000000e+00,0.0000000000e+00,0.0000000000e+00,0.0000000000e+00,0.0000000000e+00,0.0000000000e+00,0.0000000000e+00
7.3347381708e-01,8.1401132170e+00,8.1401132170e+00,8.1401132170e+00,8.1401132170e+00,8.1401132170e+00,8.1401132170e+00,8.1401132170e+00,8.1401132170e+00,8.1401132170e+00,8.1401132170e+00,8.1401132170e+00,8.1401132170e+00,8.1401132170e+00,8.1401132170e+00,8.1401132170e+00,8.1401132170e+00,8.1401132170e+00,8.1401132170e+00,8.1401132170e+00,8.1401132170e+00,8.1401132170e+00,8.1401132170e+00,8.1401132170e+00,8.1401132170e+00,8.1401132170e+00,8.1401132170e+00,8.1401132170e+00,8.1401132170e+00,8.1401132170e+00,8.1401132170e+00,8.1401132170e+00,8.1401132170e+00,8.1401132170e+00,8.1401132170e+00,8.1401132170e+00,8.1401132170e+00,8.1401132170e+00,8.1401132170e+00,8.1401132170e+00,8.1401132170e+00,8.1401132170e+00,8.1401132170e+00,8.1401132170e+00,8.1401132170e+00,8.1401132170e+00,8.1401132170e+00,8.1401132170e+00,8.1401132170e+00,8.1401132170e+00,8.1405558440e+00,8.1420344557e+00,8.1436602705e+00,8.1454479770e+00,8.1474137367e+00,8.1495753327e+00,8.1519523351e+00,8.1545662815e+00,8.1574408784e+00,8.1606022224e+00,8.1640790450e+00,8.1679029829e+00,8.1714054688e+00,8.1749702347e+00,8.1788909379e+00,8.1832033145e+00,8.1879467294e+00,8.1926725462e+00,8.1968053418e+00,8.2013511171e+00,8.2063514030e+00,8.2104368365e+00,8.2144967840e+00,8.2187747311e+00,8.2220427445e+00,8.2256350090e+00,8.2284690493e+00,8.2312974211e+00,8.2334396395e+00,8.2346926830e+00,8.2349573651e+00,8.2337679704e+00,8.2306573987e+00,8.2258249875e+00,8.2213759960e+00,8.2234241055e+00,8.2410536967e+00,8.2706008099e+00,8.3233601035e+00,8.3857586595e+00,8.4429072207e+00,8.3874766215e+00,8.0749039442e+00,7.6784632820e+00,7.2498505754e+00,6.7788890214e+00,6.3035518066e+00,5.7923435702e+00,4.8991612537e+00,3.7984894198e+00,2.7689800460e+00,2.1493793726e+00,1.4170038013e+00,6.6802239969e-01,4.2160383234e-01,2.0639087851e-01,7.6124568348e-02,3.5116873728e-02,1.0589914499e-02,3.3187412496e-03,1.2607051823e-03,4.0538350526e-04,1.4021429935e-04,0.0000000000e+00,0.0000000000e+00,0.0000000000e+00,0.0000000000e+00,0.0000000000e+00,0.0000000000e+00,0.0000000000e+00,0.0000000000e+00,0.0000000000e+00,0.0000000000e+00,0.0000000000e+00,0.0000000000e+00,0.0000000000e+00,0.0000000000e+00,0.0000000000e+00,0.0000000000e+00,0.0000000000e+00,0.0000000000e+00,0.0000000000e+00,0.0000000000e+00,0.0000000000e+00,0.0000000000e+00,0.0000000000e+00,0.0000000000e+00,0.0000000000e+00,0.0000000000e+00,0.0000000000e+00,0.0000000000e+00,0.0000000000e+00,0.0000000000e+00,0.0000000000e+00,0.0000000000e+00,0.0000000000e+00,0.0000000000e+00,0.0000000000e+00,0.0000000000e+00,0.0000000000e+00,0.0000000000e+00,0.0000000000e+00,0.0000000000e+00,0.0000000000e+00,0.0000000000e+00,0.0000000000e+00,0.0000000000e+00,0.0000000000e+00,0.0000000000e+00,0.0000000000e+00,0.0000000000e+00,0.0000000000e+00,0.0000000000e+00,0.0000000000e+00,0.0000000000e+00,0.0000000000e+00,0.0000000000e+00,0.0000000000e+00,0.0000000000e+00,0.0000000000e+00,0.0000000000e+00,0.0000000000e+00,0.0000000000e+00,0.0000000000e+00,0.0000000000e+00,0.0000000000e+00,0.0000000000e+00,0.0000000000e+00,0.0000000000e+00,0.0000000000e+00,0.0000000000e+00,0.0000000000e+00,0.0000000000e+00,0.0000000000e+00,0.0000000000e+00,0.0000000000e+00,0.0000000000e+00,0.0000000000e+00,0.0000000000e+00,0.0000000000e+00,0.0000000000e+00,0.0000000000e+00,0.0000000000e+00,0.0000000000e+00,0.0000000000e+00,0.0000000000e+00,0.0000000000e+00,0.0000000000e+00,0.0000000000e+00,0.0000000000e+00,0.0000000000e+00
7.6668220745e-01,8.0102572519e+00,8.0102572519e+00,8.0102572519e+00,8.0102572519e+00,8.0102572519e+00,8.0102572519e+00,8.0102572519e+00,8.0102572519e+00,8.0102572519e+00,8.0102572519e+00,8.0102572519e+00,8.0102572519e+00,8.0102572519e+00,8.0102572519e+00,8.0102572519e+00,8.0102572519e+00,8.0102572519e+00,8.0102572519e+00,8.0102572519e+00,8.0102572519e+00,8.0102572519e+00,8.0102572519e+00,8.0102572519e+00,8.0102572519e+00,8.0102572519e+00,8.0102572519e+00,8.0102572519e+00,8.0102572519e+00,8.0102572519e+00,8.0102572519e+00,8.0102572519e+00,8.0102572519e+00,8.0102572519e+00,8.0102572519e+00,8.0102572519e+00,8.0102572519e+00,8.0102572519e+00,8.0102572519e+00,8.0102572519e+00,8.0102572519e+00,8.0102572519e+00,8.0102572519e+00,8.0102572519e+00,8.0102572519e+00,8.0102572519e+00,8.0102572519e+00,8.0102572519e+00,8.0102572519e+00,8.0102572519e+00,8.0102572519e+00,8.0102572519e+00,8.0114705212e+00,8.0130411267e+00,8.0147681197e+00,8.0166671109e+00,8.0187552772e+00,8.0210515207e+00,8.0235766440e+00,8.0263535438e+00,8.0294074246e+00,8.0327660350e+00,8.0364599288e+00,8.0402386380e+00,8.0434713474e+00,8.0470267112e+00,8.0509370973e+00,8.0552381547e+00,8.0599691535e+00,8.0636810613e+00,8.0674891119e+00,8.0716775496e+00,8.0757449191e+00,8.0788865330e+00,8.0823416618e+00,8.0853032294e+00,8.0880759913e+00,8.0904607305e+00,8.0924555909e+00,8.0934254595e+00,8.0936452566e+00,8.0924929839e+00,8.0892396967e+00,8.0846465856e+00,8.0802269122e+00,8.0814227465e+00,8.0971449121e+00,8.1234221964e+00,8.1699926551e+00,8.2244729260e+00,8.2740774712e+00,8.2202486011e+00,7.9228345320e+00,7.5478760189e+00,7.1425113468e+00,6.6975610109e+00,6.2469601686e+00,5.7656821770e+00,4.9026353459e+00,3.8379536324e+00,2.8388562984e+00,2.2198831182e+00,1.4825166840e+00,7.2335836950e-01,4.6344846731e-01,2.3117786016e-01,8.9345491424e-02,4.2028413518e-02,1.3376803046e-02,4.3860946864e-03,1.7349276197e-03,5.9215945653e-04,1.9799354597e-04,6.6579273781e-05,3.1557989805e-05,0.0000000000e+00,0.0000000000e+00,0.0000000000e+00,0.0000000000e+00,0.0000000000e+00,0.0000000000e+00,0.0000000000e+00,0.0000000000e+00,0.0000000000e+00,0.0000000000e+00,0.0000000000e+00,0.0000000000e+00,0.0000000000e+00,0.0000000000e+00,0.0000000000e+00,0.0000000000e+00,0.0000000000e+00,0.0000000000e+00,0.0000000000e+00,0.0000000000e+00,0.0000000000e+00,0.0000000000e+00,0.0000000000e+00,0.0000000000e+00,0.0000000000e+00,0.0000000000e+00,0.0000000000e+00,0.0000000000e+00,0.0000000000e+00,0.0000000000e+00,0.0000000000e+00,0.0000000000e+00,0.0000000000e+00,0.0000000000e+00,0.0000000000e+00,0.0000000000e+00,0.0000000000e+00,0.0000000000e+00,0.0000000000e+00,0.0000000000e+00,0.0000000000e+00,0.0000000000e+00,0.0000000000e+00,0.0000000000e+00,0.0000000000e+00,0.0000000000e+00,0.0000000000e+00,0.0000000000e+00,0.0000000000e+00,0.0000000000e+00,0.0000000000e+00,0.0000000000e+00,0.0000000000e+00,0.0000000000e+00,0.0000000000e+00,0.0000000000e+00,0.0000000000e+00,0.0000000000e+00,0.0000000000e+00,0.0000000000e+00,0.0000000000e+00,0.0000000000e+00,0.0000000000e+00,0.0000000000e+00,0.0000000000e+00,0.0000000000e+00,0.0000000000e+00,0.0000000000e+00,0.0000000000e+00,0.0000000000e+00,0.0000000000e+00,0.0000000000e+00,0.0000000000e+00,0.0000000000e+00,0.0000000000e+00,0.0000000000e+00,0.0000000000e+00,0.0000000000e+00,0.0000000000e+00,0.0000000000e+00,0.0000000000e+00,0.0000000000e+00,0.0000000000e+00,0.0000000000e+00,0.0000000000e+00,0.0000000000e+00
8.0139412415e-01,7.8738628731e+00,7.8738628731e+00,7.8738628731e+00,7.8738628731e+00,7.8738628731e+00,7.8738628731e+00,7.8738628731e+00,7.8738628731e+00,7.8738628731e+00,7.8738628731e+00,7.8738628731e+00,7.8738628731e+00,7.8738628731e+00,7.8738628731e+00,7.8738628731e+00,7.8738628731e+00,7.8738628731e+00,7.8738628731e+00,7.8738628731e+00,7.8738628731e+00,7.8738628731e+00,7.8738628731e+00,7.8738628731e+00,7.8738628731e+00,7.8738628731e+00,7.8738628731e+00,7.8738628731e+00,7.8738628731e+00,7.8738628731e+00,7.8738628731e+00,7.8738628731e+00,7.8738628731e+00,7.8738628731e+00,7.8738628731e+00,7.8738628731e+00,7.8738628731e+00,7.8738628731e+00,7.8738628731e+00,7.8738628731e+00,7.8738628731e+00,7.8738628731e+00,7.8738628731e+00,7.8738628731e+00,7.8738628731e+00,7.8738628731e+00,7.8738628731e+00,7.8738628731e+00,7.8738628731e+00,7.8738628731e+00,7.8738628731e+00,7.8738628731e+00,7.8749604219e+00,7.8763812046e+00,7.8779434312e+00,7.8796612152e+00,7.8815500853e+00,7.8836271283e+00,7.8859111474e+00,7.8884228367e+00,7.8911849737e+00,7.8942226322e+00,7.8975634172e+00,7.9009802977e+00,7.9039016625e+00,7.9071144977e+00,7.9106480200e+00,7.9145344035e+00,7.9188090841e+00,7.9221585612e+00,7.9255935627e+00,7.9293715341e+00,7.9330366454e+00,7.9358576594e+00,7.9389600856e+00,7.9416035351e+00,7.9440667396e+00,7.9461630735e+00,7.9478899414e+00,7.9486611508e+00,7.9487290300e+00,7.9475193489e+00,7.9443625037e+00,7.9399388003e+00,7.9355967494e+00,7.9362167633e+00,7.9497857365e+00,7.9726955873e+00,8.0136667219e+00,8.0615093017e+00,8.1046357946e+00,8.0510870887e+00,7.7697349515e+00,7.4158204148e+00,7.0335385805e+00,6.6135956525e+00,6.1875696894e+00,5.7326747950e+00,4.9022610838e+00,3.8736678601e+00,2.9042967690e+00,2.2897170828e+00,1.5483996628e+00,7.8092723201e-01,5.0786586301e-01,2.5871421795e-01,1.0446538892e-01,5.0170122275e-02,1.6812589051e-02,5.7589959595e-03,2.3607983949e-03,8.4288186308e-04,2.9342348951e-04,1.0096317620e-04,4.2264629838e-05,0.0000000000e+00,0.0000000000e+00,0.0000000000e+00,0.0000000000e+00,0.0000000000e+00,0.0000000000e+00,0.0000000000e+00,0.0000000000e+00,0.0000000000e+00,0.0000000000e+00,0.0000000000e+00,0.0000000000e+00,0.0000000000e+00,0.0000000000e+00,0.0000000000e+00,0.0000000000e+00,0.0000000000e+00,0.0000000000e+00,0.0000000000e+00,0.0000000000e+00,0.0000000000e+00,0.0000000000e+00,0.0000000000e+00,0.0000000000e+00,0.0000000000e+00,0.0000000000e+00,0.0000000000e+00,0.0000000000e+00,0.0000000000e+00,0.0000000000e+00,0.0000000000e+00,0.0000000000e+00,0.0000000000e+00,0.0000000000e+00,0.0000000000e+00,0.0000000000e+00,0.0000000000e+00,0.0000000000e+00,0.0000000000e+00,0.0000000000e+00,0.0000000000e+00,0.0000000000e+00,0.0000000000e+00,0.0000000000e+00,0.0000000000e+00,0.0000000000e+00,0.0000000000e+00,0.0000000000e+00,0.0000000000e+00,0.0000000000e+00,0.0000000000e+00,0.0000000000e+00,0.0000000000e+00,0.0000000000e+00,0.0000000000e+00,0.0000000000e+00,0.0000000000e+00,0.0000000000e+00,0.0000000000e+00,0.0000000000e+00,0.0000000000e+00,0.0000000000e+00,0.0000000000e+00,0.0000000000e+00,0.0000000000e+00,0.0000000000e+00,0.0000000000e+00,0.0000000000e+00,0.0000000000e+00,0.0000000000e+00,0.0000000000e+00,0.0000000000e+00,0.0000000000e+00,0.0000000000e+00,0.0000000000e+00,0.0000000000e+00,0.0000000000e+00,0.0000000000e+00,0.0000000000e+00,0.0000000000e+00,0.0000000000e+00,0.0000000000e+00,0.0000000000e+00,0.0000000000e+00,0.0000000000e+00,0.0000000000e+00
8.3767764007e-01,7.7333555252e+00,7.7333555252e+00,7.7333555252e+00,7.7333555252e+00,7.7333555252e+00,7.7333555252e+00,7.7333555252e+00,7.7333555252e+00,7.7333555252e+00,7.7333555252e+00,7.7333555252e+00,7.7333555252e+00,7.7333555252e+00,7.7333555252e+00,7.7333555252e+00,7.7333555252e+00,7.7333555252e+00,7.7333555252e+00,7.7333555252e+00,7.7333555252e+00,7.7333555252e+00,7.7333555252e+00,7.7333555252e+00,7.7333555252e+00,7.7333555252e+00,7.7333555252e+00,7.7333555252e+00,7.7333555252e+00,7.7333555252e+00,7.7333555252e+00,7.7333555252e+00,7.7333555252e+00,7.7333555252e+00,7.7333555252e+00,7.7333555252e+00,7.7333555252e+00,7.7333555252e+00,7.7333555252e+00,7.7333555252e+00,7.7333555252e+00,7.7333555252e+00,7.7333555252e+00,7.7333555252e+00,7.7333555252e+00,7.7333555252e+00,7.7333555252e+00,7.7333555252e+00,7.7333555252e+00,7.7333555252e+00,7.7333555252e+00,7.7333555252e+00,7.7343468237e+00,7.7356300484e+00,7.7370410011e+00,7.7385924224e+00,7.7402983291e+00,7.7421741435e+00,7.7442368359e+00,7.7465050813e+00,7.7489994329e+00,7.7517425135e+00,7.7547592268e+00,7.7578439082e+00,7.7604789285e+00,7.7633767585e+00,7.7665637231e+00,7.7700688073e+00,7.7739239307e+00,7.7769392229e+00,7.7800300232e+00,7.7834292976e+00,7.7867229153e+00,7.7892467671e+00,7.7920222959e+00,7.7943707301e+00,7.7965467411e+00,7.7983756723e+00,7.7998542464e+00,7.8004417205e+00,7.8003693758e+00,7.7991072939e+00,7.7960404565e+00,7.7917759225e+00,7.7875134554e+00,7.7876253294e+00,7.7992635540e+00,7.8191512559e+00,7.8550913902e+00,7.8969779706e+00,7.9343146083e+00,7.8814328943e+00,7.6158474248e+00,7.2824527767e+00,6.9225851774e+00,6.5268302457e+00,6.1246247505e+00,5.6952490900e+00,4.8974495510e+00,3.9053197348e+00,2.9662811445e+00,2.3576942651e+00,1.6143527903e+00,8.4052270561e-01,5.5467765700e-01,2.8855446483e-01,1.2151930691e-01,5.9587560000e-02,2.0987140368e-02,7.5032851803e-03,3.1857378748e-03,1.1900477719e-03,4.3220281894e-04,1.5357996938e-04,6.0511945881e-05,0.0000000000e+00,0.0000000000e+00,0.0000000000e+00,0.0000000000e+00,0.0000000000e+00,0.0000000000e+00,0.0000000000e+00,0.0000000000e+00,0.0000000000e+00,0.0000000000e+00,0.0000000000e+00,0.0000000000e+00,0.0000000000e+00,0.0000000000e+00,0.0000000000e+00,0.0000000000e+00,0.0000000000e+00,0.0000000000e+00,0.0000000000e+00,0.0000000000e+00,0.0000000000e+00,0.0000000000e+00,0.0000000000e+00,0.0000000000e+00,0.0000000000e+00,0.0000000000e+00,0.0000000000e+00,0.0000000000e+00,0.0000000000e+00,0.0000000000e+00,0.0000000000e+00,0.0000000000e+00,0.0000000000e+00,0.0000000000e+00,0.0000000000e+00,0.0000000000e+00,0.0000000000e+00,0.0000000000e+00,0.0000000000e+00,0.0000000000e+00,0.0000000000e+00,0.0000000000e+00,0.0000000000e+00,0.0000000000e+00,0.0000000000e+00,0.0000000000e+00,0.0000000000e+00,0.0000000000e+00,0.0000000000e+00,0.0000000000e+00,0.0000000000e+00,0.0000000000e+00,0.0000000000e+00,0.0000000000e+00,0.0000000000e+00,0.0000000000e+00,0.0000000000e+00,0.0000000000e+00,0.0000000000e+00,0.0000000000e+00,0.0000000000e+00,0.0000000000e+00,0.0000000000e+00,0.0000000000e+00,0.0000000000e+00,0.0000000000e+00,0.0000000000e+00,0.0000000000e+00,0.0000000000e+00,0.0000000000e+00,0.0000000000e+00,0.0000000000e+00,0.0000000000e+00,0.0000000000e+00,0.0000000000e+00,0.0000000000e+00,0.0000000000e+00,0.0000000000e+00,0.0000000000e+00,0.0000000000e+00,0.0000000000e+00,0.0000000000e+00,0.0000000000e+00,0.0000000000e+00,0.0000000000e+00,0.0000000000e+00
8.7560391014e-01,7.5890325565e+00,7.5890325565e+00,7.5890325565e+00,7.5890325565e+00,7.5890325565e+00,7.5890325565e+00,7.5890325565e+00,7.5890325565e+00,7.5890325565e+00,7.5890325565e+00,7.5890325565e+00,7.5890325565e+00,7.5890325565e+00,7.5890325565e+00,7.5890325565e+00,7.5890325565e+00,7.5890325565e+00,7.5890325565e+00,7.5890325565e+00,7.5890325565e+00,7.5890325565e+00,7.5890325565e+00,7.5890325565e+00,7.5890325565e+00,7.5890325565e+00,7.5890325565e+00,7.5890325565e+00,7.5890325565e+00,7.5890325565e+00,7.5890325565e+00,7.5890325565e+00,7.5890325565e+00,7.5890325565e+00,7.5890325565e+00,7.5890325565e+00,7.5890325565e+00,7.5890325565e+00,7.5890325565e+00,7.5890325565e+00,7.5890325565e+00,7.5890325565e+00,7.5890325565e+00,7.5890325565e+00,7.5890325565e+00,7.5890325565e+00,7.5890325565e+00,7.5890325565e+00,7.5890325565e+00,7.5890325565e+00,7.5890325565e+00,7.5890325565e+00,7.5899264999e+00,7.5910836856e+00,7.5923560360e+00,7.5937550345e+00,7.5952933144e+00,7.5969847747e+00,7.5988447085e+00,7.6008899434e+00,7.6031389980e+00,7.6056122536e+00,7.6083321440e+00,7.6111124764e+00,7.6134848209e+00,7.6160937001e+00,7.6189627908e+00,7.6221181594e+00,7.6255885072e+00,7.6282966875e+00,7.6310710254e+00,7.6341221452e+00,7.6370740199e+00,7.6393238740e+00,7.6417980055e+00,7.6438745718e+00,7.6457860211e+00,7.6473690795e+00,7.6486198586e+00,7.6490398522e+00,7.6488407634e+00,7.6475338002e+00,7.6445542058e+00,7.6404428377e+00,7.6362654183e+00,7.6359350422e+00,7.6458500948e+00,7.6630357551e+00,7.6944685019e+00,7.7310260379e+00,7.7632052176e+00,7.7113236918e+00,7.4611571657e+00,7.1477102314e+00,6.8095521133e+00,6.4371470563e+00,6.0579841826e+00,5.6532483374e+00,4.8879986939e+00,3.9326501585e+00,3.0244948727e+00,2.4234630919e+00,1.6800672798e+00,9.0190863096e-01,6.0377452384e-01,3.2073861370e-01,1.4063406716e-01,7.0414451220e-02,2.6019447105e-02,9.6997835876e-03,4.2623964897e-03,1.6650239781e-03,6.3121296931e-04,2.3282558219e-04,9.0466308220e-05,0.0000000000e+00,0.0000000000e+00,0.0000000000e+00,0.0000000000e+00,0.0000000000e+00,0.0000000000e+00,0.0000000000e+00,0.0000000000e+00,0.0000000000e+00,0.0000000000e+00,0.0000000000e+00,0.0000000000e+00,0.0000000000e+00,0.0000000000e+00,0.0000000000e+00,0.0000000000e+00,0.0000000000e+00,0.0000000000e+00,0.0000000000e+00,0.0000000000e+00,0.0000000000e+00,0.0000000000e+00,0.0000000000e+00,0.0000000000e+00,0.0000000000e+00,0.0000000000e+00,0.0000000000e+00,0.0000000000e+00,0.0000000000e+00,0.0000000000e+00,0.0000000000e+00,0.0000000000e+00,0.0000000000e+00,0.0000000000e+00,0.0000000000e+00,0.0000000000e+00,0.0000000000e+00,0.0000000000e+00,0.0000000000e+00,0.0000000000e+00,0.0000000000e+00,0.0000000000e+00,0.0000000000e+00,0.0000000000e+00,0.0000000000e+00,0.0000000000e+00,0.0000000000e+00,0.0000000000e+00,0.0000000000e+00,0.0000000000e+00,0.0000000000e+00,0.0000000000e+00,0.0000000000e+00,0.0000000000e+00,0.0000000000e+00,0.0000000000e+00,0.0000000000e+00,0.0000000000e+00,0.0000000000e+00,0.0000000000e+00,0.0000000000e+00,0.0000000000e+00,0.0000000000e+00,0.0000000000e+00,0.0000000000e+00,0.0000000000e+00,0.0000000000e+00,0.0000000000e+00,0.0000000000e+00,0.0000000000e+00,0.0000000000e+00,0.0000000000e+00,0.0000000000e+00,0.0000000000e+00,0.0000000000e+00,0.0000000000e+00,0.0000000000e+00,0.0000000000e+00,0.0000000000e+00,0.0000000000e+00,0.0000000000e+00,0.0000000000e+00,0.0000000000e+00,0.0000000000e+00,0.0000000000e+00,0.0000000000e+00
9.1524731088e-01,7.4418582428e+00,7.4418582428e+00,7.4418582428e+00,7.4418582428e+00,7.4418582428e+00,7.4418582428e+00,7.4418582428e+00,7.4418582428e+00,7.4418582428e+00,7.4418582428e+00,7.4418582428e+00,7.4418582428e+00,7.4418582428e+00,7.4418582428e+00,7.4418582428e+00,7.4418582428e+00,7.4418582428e+00,7.4418582428e+00,7.4418582428e+00,7.4418582428e+00,7.4418582428e+00,7.4418582428e+00,7.4418582428e+00,7.4418582428e+00,7.4418582428e+00,7.4418582428e+00,7.4418582428e+00,7.4418582428e+00,7.4418582428e+00,7.4418582428e+00,7.4418582428e+00,7.4418582428e+00,7.4418582428e+00,7.4418582428e+00,7.4418582428e+00,7.4418582428e+00,7.4418582428e+00,7.4418582428e+00,7.4418582428e+00,7.4418582428e+00,7.4418582428e+00,7.4418582428e+00,7.4418582428e+00,7.4418582428e+00,7.4418582428e+00,7.4418582428e+00,7.4418582428e+00,7.4418582428e+00,7.4418582428e+00,7.4418582428e+00,7.4418582428e+00,7.4418582428e+00,7.4422371501e+00,7.4433374177e+00,7.4445471794e+00,7.4458773521e+00,7.4473399455e+00,7.4489481723e+00,7.4507165696e+00,7.4526611334e+00,7.4547994661e+00,7.4571509402e+00,7.4597368781e+00,7.4625807516e+00,7.4648972381e+00,7.4671883466e+00,7.4697078774e+00,7.4724786928e+00,7.4755259618e+00,7.4783496233e+00,7.4805328265e+00,7.4829336563e+00,7.4855738864e+00,7.4874269507e+00,7.4892271706e+00,7.4910444777e+00,7.4922074713e+00,7.4934241332e+00,7.4935395107e+00,7.4932458597e+00,7.4918267554e+00,7.4889372078e+00,7.4850766839e+00,7.4811249675e+00,7.4805883956e+00,7.4886981518e+00,7.5034809421e+00,7.5306444227e+00,7.5626216022e+00,7.5914980740e+00,7.5371522021e+00,7.3048006426e+00,7.0108545435e+00,6.6938967621e+00,6.3442707379e+00,5.9878389592e+00,5.6074054090e+00,4.8740070747e+00,3.9560246043e+00,3.0779223211e+00,2.4863770772e+00,1.7450694423e+00,9.6601927235e-01,6.5482424870e-01,3.5551591383e-01,1.6216660253e-01,8.2953766118e-02,3.2098843241e-02,1.2454080731e-02,5.6685875092e-03,2.3088732051e-03,9.2503653231e-04,3.5294638657e-04,1.0010955934e-04,1.6289421744e-05,0.0000000000e+00,0.0000000000e+00,0.0000000000e+00,0.0000000000e+00,0.0000000000e+00,0.0000000000e+00,0.0000000000e+00,0.0000000000e+00,0.0000000000e+00,0.0000000000e+00,0.0000000000e+00,0.0000000000e+00,0.0000000000e+00,0.0000000000e+00,0.0000000000e+00,0.0000000000e+00,0.0000000000e+00,0.0000000000e+00,0.0000000000e+00,0.0000000000e+00,0.0000000000e+00,0.0000000000e+00,0.0000000000e+00,0.0000000000e+00,0.0000000000e+00,0.0000000000e+00,0.0000000000e+00,0.0000000000e+00,0.0000000000e+00,0.0000000000e+00,0.0000000000e+00,0.0000000000e+00,0.0000000000e+00,0.0000000000e+00,0.0000000000e+00,0.0000000000e+00,0.0000000000e+00,0.0000000000e+00,0.0000000000e+00,0.0000000000e+00,0.0000000000e+00,0.0000000000e+00,0.0000000000e+00,0.0000000000e+00,0.0000000000e+00,0.0000000000e+00,0.0000000000e+00,0.0000000000e+00,0.0000000000e+00,0.0000000000e+00,0.0000000000e+00,0.0000000000e+00,0.0000000000e+00,0.0000000000e+00,0.0000000000e+00,0.0000000000e+00,0.0000000000e+00,0.0000000000e+00,0.0000000000e+00,0.0000000000e+00,0.0000000000e+00,0.0000000000e+00,0.0000000000e+00,0.0000000000e+00,0.0000000000e+00,0.0000000000e+00,0.0000000000e+00,0.0000000000e+00,0.0000000000e+00,0.0000000000e+00,0.0000000000e+00,0.0000000000e+00,0.0000000000e+00,0.0000000000e+00,0.0000000000e+00,0.0000000000e+00,0.0000000000e+00,0.0000000000e+00,0.0000000000e+00,0.0000000000e+00,0.0000000000e+00,0.0000000000e+00,0.0000000000e+00,0.0000000000e+00,0.0000000000e+00
9.5668558622e-01,7.2906739626e+00,7.2906739626e+00,7.2906739626e+00,7.2906739626e+00,7.2906739626e+00,7.2906739626e+00,7.2906739626e+00,7.2906739626e+00,7.2906739626e+00,7.2906739626e+00,7.2906739626e+00,7.2906739626e+00,7.2906739626e+00,7.2906739626e+00,7.2906739626e+00,7.2906739626e+00,7.2906739626e+00,7.2906739626e+00,7.2906739626e+00,7.2906739626e+00,7.2906739626e+00,7.2906739626e+00,7.2906739626e+00,7.2906739626e+00,7.2906739626e+00,7.2906739626e+00,7.2906739626e+00,7.2906739626e+00,7.2906739626e+00,7.2906739626e+00,7.2906739626e+00,7.2906739626e+00,7.2906739626e+00,7.2906739626e+00,7.2906739626e+00,7.2906739626e+00,7.2906739626e+00,7.2906739626e+00,7.2906739626e+00,7.2906739626e+00,7.2906739626e+00,7.2906739626e+00,7.2906739626e+00,7.2906739626e+00,7.2906739626e+00,7.2906739626e+00,7.2906739626e+00,7.2906739626e+00,7.2906739626e+00,7.2906739626e+00,7.2906739626e+00,7.2906739626e+00,7.2910145503e+00,7.2920035377e+00,7.2930909312e+00,7.2942865392e+00,7.2956011515e+00,7.2970466378e+00,7.2986360568e+00,7.3003837767e+00,7.3023056073e+00,7.3044189466e+00,7.3067429420e+00,7.3092986687e+00,7.3113764839e+00,7.3134298179e+00,7.3156878065e+00,7.3181709201e+00,7.3209016920e+00,7.3234277435e+00,7.3253719639e+00,7.3275099292e+00,7.3298610113e+00,7.3314914676e+00,7.3330684387e+00,7.3346535337e+00,7.3356297470e+00,7.3366460695e+00,7.3366407029e+00,7.3362484879e+00,7.3348101548e+00,7.3320084349e+00,7.3282878767e+00,7.3244248206e+00,7.3235501167e+00,7.3303335233e+00,7.3429832973e+00,7.3665849548e+00,7.3943194855e+00,7.4190518298e+00,7.3665063436e+00,7.1485462062e+00,6.8732715969e+00,6.5764913957e+00,6.2484730583e+00,5.9134253744e+00,5.5558194264e+00,4.8547160160e+00,3.9739195416e+00,3.1276935599e+00,2.5465830200e+00,1.8092435733e+00,1.0300839512e+00,7.0796297408e-01,3.9238952758e-01,1.8573042476e-01,9.7008180445e-02,3.9243718128e-02,1.5846726958e-02,7.4516971938e-03,3.1678215165e-03,1.3244785872e-03,5.2518468407e-04,1.5578050951e-04,2.6585294031e-05,0.0000000000e+00,0.0000000000e+00,0.0000000000e+00,0.0000000000e+00,0.0000000000e+00,0.0000000000e+00,0.0000000000e+00,0.0000000000e+00,0.0000000000e+00,0.0000000000e+00,0.0000000000e+00,0.0000000000e+00,0.0000000000e+00,0.0000000000e+00,0.0000000000e+00,0.0000000000e+00,0.0000000000e+00,0.0000000000e+00,0.0000000000e+00,0.0000000000e+00,0.0000000000e+00,0.0000000000e+00,0.0000000000e+00,0.0000000000e+00,0.0000000000e+00,0.0000000000e+00,0.0000000000e+00,0.0000000000e+00,0.0000000000e+00,0.0000000000e+00,0.0000000000e+00,0.0000000000e+00,0.0000000000e+00,0.0000000000e+00,0.0000000000e+00,0.0000000000e+00,0.0000000000e+00,0.0000000000e+00,0.0000000000e+00,0.0000000000e+00,0.0000000000e+00,0.0000000000e+00,0.0000000000e+00,0.0000000000e+00,0.0000000000e+00,0.0000000000e+00,0.0000000000e+00,0.0000000000e+00,0.0000000000e+00,0.0000000000e+00,0.0000000000e+00,0.0000000000e+00,0.0000000000e+00,0.0000000000e+00,0.0000000000e+00,0.0000000000e+00,0.0000000000e+00,0.0000000000e+00,0.0000000000e+00,0.0000000000e+00,0.0000000000e+00,0.0000000000e+00,0.0000000000e+00,0.0000000000e+00,0.0000000000e+00,0.0000000000e+00,0.0000000000e+00,0.0000000000e+00,0.0000000000e+00,0.0000000000e+00,0.0000000000e+00,0.0000000000e+00,0.0000000000e+00,0.0000000000e+00,0.0000000000e+00,0.0000000000e+00,0.0000000000e+00,0.0000000000e+00,0.0000000000e+00,0.0000000000e+00,0.0000000000e+00,0.0000000000e+00,0.0000000000e+00,0.0000000000e+00,0.0000000000e+00
1.0000000000e+00,7.1365053808e+00,7.1365053808e+00,7.1365053808e+00,7.1365053808e+00,7.1365053808e+00,7.1365053808e+00,7.1365053808e+00,7.1365053808e+00,7.1365053808e+00,7.1365053808e+00,7.1365053808e+00,7.1365053808e+00,7.1365053808e+00,7.1365053808e+00,7.1365053808e+00,7.1365053808e+00,7.1365053808e+00,7.1365053808e+00,7.1365053808e+00,7.1365053808e+00,7.1365053808e+00,7.1365053808e+00,7.1365053808e+00,7.1365053808e+00,7.1365053808e+00,7.1365053808e+00,7.1365053808e+00,7.1365053808e+00,7.1365053808e+00,7.1365053808e+00,7.1365053808e+00,7.1365053808e+00,7.1365053808e+00,7.1365053808e+00,7.1365053808e+00,7.1365053808e+00,7.1365053808e+00,7.1365053808e+00,7.1365053808e+00,7.1365053808e+00,7.1365053808e+00,7.1365053808e+00,7.1365053808e+00,7.1365053808e+00,7.1365053808e+00,7.1365053808e+00,7.1365053808e+00,7.1365053808e+00,7.1365053808e+00,7.1365053808e+00,7.1365053808e+00,7.1365053808e+00,7.1368110527e+00,7.1376986462e+00,7.1386745452e+00,7.1397475492e+00,7.1409273373e+00,7.1422245567e+00,7.1436509208e+00,7.1452193161e+00,7.1469439216e+00,7.1488403388e+00,7.1509257369e+00,7.1532190115e+00,7.1550794061e+00,7.1569161287e+00,7.1589358651e+00,7.1611569106e+00,7.1635994018e+00,7.1658543965e+00,7.1675809772e+00,7.1694795657e+00,7.1715673503e+00,7.1729956975e+00,7.1743701761e+00,7.1757449466e+00,7.1765535612e+00,7.1773902852e+00,7.1772799000e+00,7.1768039327e+00,7.1753561868e+00,7.1726449995e+00,7.1690654993e+00,7.1653015402e+00,7.1641458461e+00,7.1697629884e+00,7.1805269701e+00,7.2009647617e+00,7.2249350169e+00,7.2460076722e+00,7.1954389356e+00,6.9914118614e+00,6.7341315868e+00,6.4567529634e+00,6.1494781936e+00,5.8350024541e+00,5.4993264998e+00,4.8302968796e+00,3.9867889480e+00,3.1727802951e+00,2.6034826554e+00,1.8721181677e+00,1.0950072824e+00,7.6283849310e-01,4.3155783553e-01,2.1163645408e-01,1.1286283819e-01,4.7652660745e-02,2.0005248206e-02,9.7105412655e-03,4.3022721649e-03,1.8751511574e-03,7.7313010780e-04,2.3997932260e-04,4.3465910256e-05,0.0000000000e+00,0.0000000000e+00,0.0000000000e+00,0.0000000000e+00,0.0000000000e+00,0.0000000000e+00,0.0000000000e+00,0.0000000000e+00,0.0000000000e+00,0.0000000000e+00,0.0000000000e+00,0.0000000000e+00,0.0000000000e+00,0.0000000000e+00,0.0000000000e+00,0.0000000000e+00,0.0000000000e+00,0.0000000000e+00,0.0000000000e+00,0.0000000000e+00,0.0000000000e+00,0.0000000000e+00,0.0000000000e+00,0.0000000000e+00,0.0000000000e+00,0.0000000000e+00,0.0000000000e+00,0.0000000000e+00,0.0000000000e+00,0.0000000000e+00,0.0000000000e+00,0.0000000000e+00,0.0000000000e+00,0.0000000000e+00,0.0000000000e+00,0.0000000000e+00,0.0000000000e+00,0.0000000000e+00,0.0000000000e+00,0.0000000000e+00,0.0000000000e+00,0.0000000000e+00,0.0000000000e+00,0.0000000000e+00,0.0000000000e+00,0.0000000000e+00,0.0000000000e+00,0.0000000000e+00,0.0000000000e+00,0.0000000000e+00,0.0000000000e+00,0.0000000000e+00,0.0000000000e+00,0.0000000000e+00,0.0000000000e+00,0.0000000000e+00,0.0000000000e+00,0.0000000000e+00,0.0000000000e+00,0.0000000000e+00,0.0000000000e+00,0.0000000000e+00,0.0000000000e+00,0.0000000000e+00,0.0000000000e+00,0.0000000000e+00,0.0000000000e+00,0.0000000000e+00,0.0000000000e+00,0.0000000000e+00,0.0000000000e+00,0.0000000000e+00,0.0000000000e+00,0.0000000000e+00,0.0000000000e+00,0.0000000000e+00,0.0000000000e+00,0.0000000000e+00,0.0000000000e+00,0.0000000000e+00,0.0000000000e+00,0.0000000000e+00,0.0000000000e+00,0.0000000000e+00,0.0000000000e+00
1.0452754953e+00,6.9795879989e+00,6.9795879989e+00,6.9795879989e+00,6.9795879989e+00,6.9795879989e+00,6.9795879989e+00,6.9795879989e+00,6.9795879989e+00,6.9795879989e+00,6.9795879989e+00,6.9795879989e+00,6.9795879989e+00,6.9795879989e+00,6.9795879989e+00,6.9795879989e+00,6.9795879989e+00,6.9795879989e+00,6.9795879989e+00,6.9795879989e+00,6.9795879989e+00,6.9795879989e+00,6.9795879989e+00,6.9795879989e+00,6.9795879989e+00,6.9795879989e+00,6.9795879989e+00,6.9795879989e+00,6.9795879989e+00,6.9795879989e+00,6.9795879989e+00,6.9795879989e+00,6.9795879989e+00,6.9795879989e+00,6.9795879989e+00,6.9795879989e+00,6.9795879989e+00,6.9795879989e+00,6.9795879989e+00,6.9795879989e+00,6.9795879989e+00,6.9795879989e+00,6.9795879989e+00,6.9795879989e+00,6.9795879989e+00,6.9795879989e+00,6.9795879989e+00,6.9795879989e+00,6.9795879989e+00,6.9795879989e+00,6.9795879989e+00,6.9795879989e+00,6.9795879989e+00,6.9798619138e+00,6.9806572872e+00,6.9815317817e+00,6.9824932797e+00,6.9835504507e+00,6.9847128315e+00,6.9859909126e+00,6.9873962349e+00,6.9889414957e+00,6.9906406652e+00,6.9925091159e+00,6.9945637648e+00,6.9962265254e+00,6.9978663742e+00,6.9996695778e+00,7.0016524574e+00,7.0038329750e+00,7.0058417406e+00,7.0073707865e+00,7.0090521211e+00,7.0109009539e+00,7.0121466553e+00,7.0133383980e+00,7.0145236900e+00,7.0151830529e+00,7.0158600226e+00,7.0156598113e+00,7.0151144829e+00,7.0136671113e+00,7.0110497136e+00,7.0076130196e+00,7.0039583530e+00,7.0025742833e+00,7.0071712410e+00,7.0162745205e+00,7.0339100653e+00,7.0545501687e+00,7.0724022528e+00,7.0239476981e+00,6.8333671558e+00,6.5933815771e+00,6.3346144104e+00,6.0472180757e+00,5.7524980861e+00,5.4378569361e+00,4.8006215559e+00,3.9944201371e+00,3.2128902416e+00,2.6566992642e+00,1.9332987566e+00,1.1604101814e+00,8.1919097505e-01,4.7293689903e-01,2.3993081218e-01,1.3063277884e-01,5.7470356760e-02,2.5056659010e-02,1.2543977889e-02,5.7835716347e-03,2.6244578831e-03,1.1247505800e-03,3.6518462649e-04,7.0585878674e-05,0.0000000000e+00,0.0000000000e+00,0.0000000000e+00,0.0000000000e+00,0.0000000000e+00,0.0000000000e+00,0.0000000000e+00,0.0000000000e+00,0.0000000000e+00,0.0000000000e+00,0.0000000000e+00,0.0000000000e+00,0.0000000000e+00,0.0000000000e+00,0.0000000000e+00,0.0000000000e+00,0.0000000000e+00,0.0000000000e+00,0.0000000000e+00,0.0000000000e+00,0.0000000000e+00,0.0000000000e+00,0.0000000000e+00,0.0000000000e+00,0.0000000000e+00,0.0000000000e+00,0.0000000000e+00,0.0000000000e+00,0.0000000000e+00,0.0000000000e+00,0.0000000000e+00,0.0000000000e+00,0.0000000000e+00,0.0000000000e+00,0.0000000000e+00,0.0000000000e+00,0.0000000000e+00,0.0000000000e+00,0.0000000000e+00,0.0000000000e+00,0.0000000000e+00,0.0000000000e+00,0.0000000000e+00,0.0000000000e+00,0.0000000000e+00,0.0000000000e+00,0.0000000000e+00,0.0000000000e+00,0.0000000000e+00,0.0000000000e+00,0.0000000000e+00,0.0000000000e+00,0.0000000000e+00,0.0000000000e+00,0.0000000000e+00,0.0000000000e+00,0.0000000000e+00,0.0000000000e+00,0.0000000000e+00,0.0000000000e+00,0.0000000000e+00,0.0000000000e+00,0.0000000000e+00,0.0000000000e+00,0.0000000000e+00,0.0000000000e+00,0.0000000000e+00,0.0000000000e+00,0.0000000000e+00,0.0000000000e+00,0.0000000000e+00,0.0000000000e+00,0.0000000000e+00,0.0000000000e+00,0.0000000000e+00,0.0000000000e+00,0.0000000000e+00,0.0000000000e+00,0.0000000000e+00,0.0000000000e+00,0.0000000000e+00,0.0000000000e+00,0.0000000000e+00,0.0000000000e+00,0.0000000000e+00
1.0926008611e+00,6.8201383592e+00,6.8201383592e+00,6.8201383592e+00,6.8201383592e+00,6.8201383592e+00,6.8201383592e+00,6.8201383592e+00,6.8201383592e+00,6.8201383592e+00,6.8201383592e+00,6.8201383592e+00,6.8201383592e+00,6.8201383592e+00,6.8201383592e+00,6.8201383592e+00,6.8201383592e+00,6.8201383592e+00,6.8201383592e+00,6.8201383592e+00,6.8201383592e+00,6.8201383592e+00,6.8201383592e+00,6.8201383592e+00,6.8201383592e+00,6.8201383592e+00,6.8201383592e+00,6.8201383592e+00,6.8201383592e+00,6.8201383592e+00,6.8201383592e+00,6.8201383592e+00,6.8201383592e+00,6.8201383592e+00,6.8201383592e+00,6.8201383592e+00,6.8201383592e+00,6.8201383592e+00,6.8201383592e+00,6.8201383592e+00,6.8201383592e+00,6.8201383592e+00,6.8201383592e+00,6.8201383592e+00,6.8201383592e+00,6.8201383592e+00,6.8201383592e+00,6.8201383592e+00,6.8201383592e+00,6.8201383592e+00,6.8201383592e+00,6.8201383592e+00,6.8201383592e+00,6.8203834401e+00,6.8210950829e+00,6.8218775098e+00,6.8227377707e+00,6.8236836197e+00,6.8247235856e+00,6.8258670502e+00,6.8271243337e+00,6.8285067897e+00,6.8300269093e+00,6.8316984361e+00,6.8335364933e+00,6.8350199790e+00,6.8364812925e+00,6.8380881412e+00,6.8398550585e+00,6.8417980377e+00,6.8435836871e+00,6.8449340247e+00,6.8464188194e+00,6.8480514932e+00,6.8491328777e+00,6.8501605210e+00,6.8511760033e+00,6.8517034573e+00,6.8522394323e+00,6.8519638179e+00,6.8513628269e+00,6.8499252581e+00,6.8474050469e+00,6.8441131025e+00,6.8405772412e+00,6.8390127258e+00,6.8427221198e+00,6.8503687905e+00,6.8655296283e+00,6.8832323204e+00,6.8982605241e+00,6.8520223016e+00,6.6743791298e+00,6.4509718977e+00,6.2100169755e+00,5.9416367647e+00,5.6658563338e+00,5.3713607616e+00,4.7655798136e+00,3.9966136033e+00,3.2477401373e+00,2.7058564243e+00,1.9923752943e+00,1.2258815613e+00,8.7672114051e-01,5.1640334503e-01,2.7062777060e-01,1.5041818417e-01,6.8840776277e-02,3.1137204607e-02,1.6063238865e-02,7.6958797753e-03,3.6309335810e-03,1.6161559111e-03,5.4833890619e-04,1.1332530251e-04,0.0000000000e+00,0.0000000000e+00,0.0000000000e+00,0.0000000000e+00,0.0000000000e+00,0.0000000000e+00,0.0000000000e+00,0.0000000000e+00,0.0000000000e+00,0.0000000000e+00,0.0000000000e+00,0.0000000000e+00,0.0000000000e+00,0.0000000000e+00,0.0000000000e+00,0.0000000000e+00,0.0000000000e+00,0.0000000000e+00,0.0000000000e+00,0.0000000000e+00,0.0000000000e+00,0.0000000000e+00,0.0000000000e+00,0.0000000000e+00,0.0000000000e+00,0.0000000000e+00,0.0000000000e+00,0.0000000000e+00,0.0000000000e+00,0.0000000000e+00,0.0000000000e+00,0.0000000000e+00,0.0000000000e+00,0.0000000000e+00,0.0000000000e+00,0.0000000000e+00,0.0000000000e+00,0.0000000000e+00,0.0000000000e+00,0.0000000000e+00,0.0000000000e+00,0.0000000000e+00,0.0000000000e+00,0.0000000000e+00,0.0000000000e+00,0.0000000000e+00,0.0000000000e+00,0.0000000000e+00,0.0000000000e+00,0.0000000000e+00,0.0000000000e+00,0.0000000000e+00,0.0000000000e+00,0.0000000000e+00,0.0000000000e+00,0.0000000000e+00,0.0000000000e+00,0.0000000000e+00,0.0000000000e+00,0.0000000000e+00,0.0000000000e+00,0.0000000000e+00,0.0000000000e+00,0.0000000000e+00,0.0000000000e+00,0.0000000000e+00,0.0000000000e+00,0.0000000000e+00,0.0000000000e+00,0.0000000000e+00,0.0000000000e+00,0.0000000000e+00,0.0000000000e+00,0.0000000000e+00,0.0000000000e+00,0.0000000000e+00,0.0000000000e+00,0.0000000000e+00,0.0000000000e+00,0.0000000000e+00,0.0000000000e+00,0.0000000000e+00,0.0000000000e+00,0.0000000000e+00,0.0000000000e+00
1.1420689063e+00,6.6600483643e+00,6.6600483643e+00,6.6600483643e+00,6.6600483643e+00,6.6600483643e+00,6.6600483643e+00,6.6600483643e+00,6.6600483643e+00,6.6600483643e+00,6.6600483643e+00,6.6600483643e+00,6.6600483643e+00,6.6600483643e+00,6.6600483643e+00,6.6600483643e+00,6.6600483643e+00,6.6600483643e+00,6.6600483643e+00,6.6600483643e+00,6.6600483643e+00,6.6600483643e+00,6.6600483643e+00,6.6600483643e+00,6.6600483643e+00,6.6600483643e+00,6.6600483643e+00,6.6600483643e+00,6.6600483643e+00,6.6600483643e+00,6.6600483643e+00,6.6600483643e+00,6.6600483643e+00,6.6600483643e+00,6.6600483643e+00,6.6600483643e+00,6.6600483643e+00,6.6600483643e+00,6.6600483643e+00,6.6600483643e+00,6.6600483643e+00,6.6600483643e+00,6.6600483643e+00,6.6600483643e+00,6.6600483643e+00,6.6600483643e+00,6.6600483643e+00,6.6600483643e+00,6.6600483643e+00,6.6600483643e+00,6.6600483643e+00,6.6600483643e+00,6.6600483643e+00,6.6600483643e+00,6.6600483643e+00,6.6606433059e+00,6.6613729554e+00,6.6621751845e+00,6.6630572228e+00,6.6640270221e+00,6.6650933294e+00,6.6662657662e+00,6.6675549171e+00,6.6689724268e+00,6.6705311071e+00,6.6722450555e+00,6.6738988369e+00,6.6751323373e+00,6.6764886432e+00,6.6779800098e+00,6.6796199212e+00,6.6814232147e+00,6.6824874438e+00,6.6835499936e+00,6.6847182976e+00,6.6857425153e+00,6.6863548474e+00,6.6870280765e+00,6.6871672182e+00,6.6870419142e+00,6.6862797266e+00,6.6849580605e+00,6.6824834724e+00,6.6793905466e+00,6.6756883439e+00,6.6740898079e+00,6.6771663268e+00,6.6833472526e+00,6.6968794558e+00,6.7118732510e+00,6.7235214559e+00,6.6845946004e+00,6.5143031164e+00,6.3068365273e+00,6.0827300223e+00,5.8327294788e+00,5.5747405867e+00,5.2942582756e+00,4.7239884673e+00,3.9914758963e+00,3.2768605028e+00,2.7522911694e+00,2.0498021618e+00,1.2902628053e+00,9.3612868637e-01,5.6161309438e-01,3.0376174997e-01,1.7222647390e-01,8.1974174201e-02,3.8372074337e-02,2.0404553526e-02,1.0151802516e-02,4.9709496422e-03,2.2925929860e-03,8.2220648962e-04,1.7771905765e-04,2.0188540735e-05,1.0695045274e-06,0.0000000000e+00,0.0000000000e+00,0.0000000000e+00,0.0000000000e+00,0.0000000000e+00,0.0000000000e+00,0.0000000000e+00,0.0000000000e+00,0.0000000000e+00,0.0000000000e+00,0.0000000000e+00,0.0000000000e+00,0.0000000000e+00,0.0000000000e+00,0.0000000000e+00,0.0000000000e+00,0.0000000000e+00,0.0000000000e+00,0.0000000000e+00,0.0000000000e+00,0.0000000000e+00,0.0000000000e+00,0.0000000000e+00,0.0000000000e+00,0.0000000000e+00,0.0000000000e+00,0.0000000000e+00,0.0000000000e+00,0.0000000000e+00,0.0000000000e+00,0.0000000000e+00,0.0000000000e+00,0.0000000000e+00,0.0000000000e+00,0.0000000000e+00,0.0000000000e+00,0.0000000000e+00,0.0000000000e+00,0.0000000000e+00,0.0000000000e+00,0.0000000000e+00,0.0000000000e+00,0.0000000000e+00,0.0000000000e+00,0.0000000000e+00,0.0000000000e+00,0.0000000000e+00,0.0000000000e+00,0.0000000000e+00,0.0000000000e+00,0.0000000000e+00,0.0000000000e+00,0.0000000000e+00,0.0000000000e+00,0.0000000000e+00,0.0000000000e+00,0.0000000000e+00,0.0000000000e+00,0.0000000000e+00,0.0000000000e+00,0.0000000000e+00,0.0000000000e+00,0.0000000000e+00,0.0000000000e+00,0.0000000000e+00,0.0000000000e+00,0.0000000000e+00,0.0000000000e+00,0.0000000000e+00,0.0000000000e+00,0.0000000000e+00,0.0000000000e+00,0.0000000000e+00,0.0000000000e+00,0.0000000000e+00,0.0000000000e+00,0.0000000000e+00,0.0000000000e+00,0.0000000000e+00,0.0000000000e+00,0.0000000000e+00,0.0000000000e+00,0.0000000000e+00
1.1937766417e+00,6.4959012929e+00,6.4959012929e+00,6.4959012929e+00,6.4959012929e+00,6.4959012929e+00,6.4959012929e+00,6.4959012929e+00,6.4959012929e+00,6.4959012929e+00,6.4959012929e+00,6.4959012929e+00,6.4959012929e+00,6.4959012929e+00,6.4959012929e+00,6.4959012929e+00,6.4959012929e+00,6.4959012929e+00,6.4959012929e+00,6.4959012929e+00,6.4959012929e+00,6.4959012929e+00,6.4959012929e+00,6.4959012929e+00,6.4959012929e+00,6.4959012929e+00,6.4959012929e+00,6.4959012929e+00,6.4959012929e+00,6.4959012929e+00,6.4959012929e+00,6.4959012929e+00,6.4959012929e+00,6.4959012929e+00,6.4959012929e+00,6.4959012929e+00,6.4959012929e+00,6.4959012929e+00,6.4959012929e+00,6.4959012929e+00,6.4959012929e+00,6.4959012929e+00,6.4959012929e+00,6.4959012929e+00,6.4959012929e+00,6.4959012929e+00,6.4959012929e+00,6.4959012929e+00,6.4959012929e+00,6.4959012929e+00,6.4959012929e+00,6.4959012929e+00,6.4959012929e+00,6.4959012929e+00,6.4959012929e+00,6.4964317091e+00,6.4970822178e+00,6.4977974266e+00,6.4985837790e+00,6.4994483616e+00,6.5003989691e+00,6.5014441755e+00,6.5025934122e+00,6.5038570545e+00,6.5052465172e+00,6.5067743591e+00,6.5082466346e+00,6.5093392486e+00,6.5105406204e+00,6.5118615987e+00,6.5133141192e+00,6.5149113148e+00,6.5158395861e+00,6.5167632546e+00,6.5177788364e+00,6.5186586743e+00,6.5191587525e+00,6.5197085555e+00,6.5197640642e+00,6.5195709301e+00,6.5187876563e+00,6.5174842571e+00,6.5151173313e+00,6.5121681377e+00,6.5086338095e+00,6.5069226668e+00,6.5093239647e+00,6.5144198463e+00,6.5259803407e+00,6.5387214998e+00,6.5482987875e+00,6.5112910074e+00,6.3532765722e+00,6.1609246365e+00,5.9530373835e+00,5.7203415394e+00,5.4797038885e+00,5.2178612625e+00,4.6780024354e+00,3.9823460802e+00,3.3003698101e+00,2.7921663429e+00,2.1033679536e+00,1.3545537010e+00,9.9497945151e-01,6.0871296719e-01,3.3914943497e-01,1.9625479070e-01,9.6863216886e-02,4.6940258118e-02,2.5676429042e-02,1.3235292581e-02,6.7189365151e-03,3.2105290980e-03,1.2014714140e-03,2.7595396433e-04,3.4068256300e-05,1.5835729602e-06,0.0000000000e+00,0.0000000000e+00,0.0000000000e+00,0.0000000000e+00,0.0000000000e+00,0.0000000000e+00,0.0000000000e+00,0.0000000000e+00,0.0000000000e+00,0.0000000000e+00,0.0000000000e+00,0.0000000000e+00,0.0000000000e+00,0.0000000000e+00,0.0000000000e+00,0.0000000000e+00,0.0000000000e+00,0.0000000000e+00,0.0000000000e+00,0.0000000000e+00,0.0000000000e+00,0.0000000000e+00,0.0000000000e+00,0.0000000000e+00,0.0000000000e+00,0.0000000000e+00,0.0000000000e+00,0.0000000000e+00,0.0000000000e+00,0.0000000000e+00,0.0000000000e+00,0.0000000000e+00,0.0000000000e+00,0.0000000000e+00,0.0000000000e+00,0.0000000000e+00,0.0000000000e+00,0.0000000000e+00,0.0000000000e+00,0.0000000000e+00,0.0000000000e+00,0.0000000000e+00,0.0000000000e+00,0.0000000000e+00,0.0000000000e+00,0.0000000000e+00,0.0000000000e+00,0.0000000000e+00,0.0000000000e+00,0.0000000000e+00,0.0000000000e+00,0.0000000000e+00,0.0000000000e+00,0.0000000000e+00,0.0000000000e+00,0.0000000000e+00,0.0000000000e+00,0.0000000000e+00,0.0000000000e+00,0.0000000000e+00,0.0000000000e+00,0.0000000000e+00,0.0000000000e+00,0.0000000000e+00,0.0000000000e+00,0.0000000000e+00,0.0000000000e+00,0.0000000000e+00,0.0000000000e+00,0.0000000000e+00,0.0000000000e+00,0.0000000000e+00,0.0000000000e+00,0.0000000000e+00,0.0000000000e+00,0.0000000000e+00,0.0000000000e+00,0.0000000000e+00,0.0000000000e+00,0.0000000000e+00,0.0000000000e+00,0.0000000000e+00,0.0000000000e+00
1.2478254705e+00,6.3297738646e+00,6.3297738646e+00,6.3297738646e+00,6.3297738646e+00,6.3297738646e+00,6.3297738646e+00,6.3297738646e+00,6.3297738646e+00,6.3297738646e+00,6.3297738646e+00,6.3297738646e+00,6.3297738646e+00,6.3297738646e+00,6.3297738646e+00,6.3297738646e+00,6.3297738646e+00,6.3297738646e+00,6.3297738646e+00,6.3297738646e+00,6.3297738646e+00,6.3297738646e+00,6.3297738646e+00,6.3297738646e+00,6.3297738646e+00,6.3297738646e+00,6.3297738646e+00,6.3297738646e+00,6.3297738646e+00,6.3297738646e+00,6.3297738646e+00,6.3297738646e+00,6.3297738646e+00,6.3297738646e+00,6.3297738646e+00,6.3297738646e+00,6.3297738646e+00,6.3297738646e+00,6.3297738646e+00,6.3297738646e+00,6.3297738646e+00,6.3297738646e+00,6.3297738646e+00,6.3297738646e+00,6.3297738646e+00,6.3297738646e+00,6.3297738646e+00,6.3297738646e+00,6.3297738646e+00,6.3297738646e+00,6.3297738646e+00,6.3297738646e+00,6.3297738646e+00,6.3297738646e+00,6.3297738646e+00,6.3302459918e+00,6.3308250096e+00,6.3314616112e+00,6.3321615300e+00,6.3329310718e+00,6.3337771719e+00,6.3347074585e+00,6.3357303224e+00,6.3368549936e+00,6.3380916260e+00,6.3394513906e+00,6.3407598560e+00,6.3417256261e+00,6.3427875107e+00,6.3439550937e+00,6.3452389187e+00,6.3466505854e+00,6.3474573198e+00,6.3482570072e+00,6.3491362560e+00,6.3498878694e+00,6.3502897652e+00,6.3507316169e+00,6.3507166462e+00,6.3504683542e+00,6.3496739049e+00,6.3483965495e+00,6.3461392219e+00,6.3433347972e+00,6.3399707555e+00,6.3381826662e+00,6.3400066030e+00,6.3441636622e+00,6.3539971544e+00,6.3647700368e+00,6.3725579575e+00,6.3375124743e+00,6.1912030909e+00,6.0132297382e+00,5.8207606537e+00,5.6045351147e+00,5.3804503232e+00,5.1363945508e+00,4.6264162116e+00,3.9672547745e+00,3.3178375312e+00,2.8268790234e+00,2.1535334342e+00,1.4175148456e+00,1.0538769568e+00,6.5727049236e-01,3.7674676886e-01,2.2246025225e-01,1.1368720347e-01,5.6974288723e-02,3.2031973130e-02,1.7082875737e-02,8.9784345014e-03,4.4396432395e-03,1.7315064219e-03,4.2233848941e-04,5.6594933687e-05,2.5959291531e-06,0.0000000000e+00,0.0000000000e+00,0.0000000000e+00,0.0000000000e+00,0.0000000000e+00,0.0000000000e+00,0.0000000000e+00,0.0000000000e+00,0.0000000000e+00,0.0000000000e+00,0.0000000000e+00,0.0000000000e+00,0.0000000000e+00,0.0000000000e+00,0.0000000000e+00,0.0000000000e+00,0.0000000000e+00,0.0000000000e+00,0.0000000000e+00,0.0000000000e+00,0.0000000000e+00,0.0000000000e+00,0.0000000000e+00,0.0000000000e+00,0.0000000000e+00,0.0000000000e+00,0.0000000000e+00,0.0000000000e+00,0.0000000000e+00,0.0000000000e+00,0.0000000000e+00,0.0000000000e+00,0.0000000000e+00,0.0000000000e+00,0.0000000000e+00,0.0000000000e+00,0.0000000000e+00,0.0000000000e+00,0.0000000000e+00,0.0000000000e+00,0.0000000000e+00,0.0000000000e+00,0.0000000000e+00,0.0000000000e+00,0.0000000000e+00,0.0000000000e+00,0.0000000000e+00,0.0000000000e+00,0.0000000000e+00,0.0000000000e+00,0.0000000000e+00,0.0000000000e+00,0.0000000000e+00,0.0000000000e+00,0.0000000000e+00,0.0000000000e+00,0.0000000000e+00,0.0000000000e+00,0.0000000000e+00,0.0000000000e+00,0.0000000000e+00,0.0000000000e+00,0.0000000000e+00,0.0000000000e+00,0.0000000000e+00,0.0000000000e+00,0.0000000000e+00,0.0000000000e+00,0.0000000000e+00,0.0000000000e+00,0.0000000000e+00,0.0000000000e+00,0.0000000000e+00,0.0000000000e+00,0.0000000000e+00,0.0000000000e+00,0.0000000000e+00,0.0000000000e+00,0.0000000000e+00,0.0000000000e+00,0.0000000000e+00,0.0000000000e+00,0.0000000000e+00
1.3043213867e+00,6.1618150041e+00,6.1618150041e+00,6.1618150041e+00,6.1618150041e+00,6.1618150041e+00,6.1618150041e+00,6.1618150041e+00,6.1618150041e+00,6.1618150041e+00,6.1618150041e+00,6.1618150041e+00,6.1618150041e+00,6.1618150041e+00,6.1618150041e+00,6.1618150041e+00,6.1618150041e+00,6.1618150041e+00,6.1618150041e+00,6.1618150041e+00,6.1618150041e+00,6.1618150041e+00,6.1618150041e+00,6.1618150041e+00,6.1618150041e+00,6.1618150041e+00,6.1618150041e+00,6.1618150041e+00,6.1618150041e+00,6.1618150041e+00,6.1618150041e+00,6.1618150041e+00,6.1618150041e+00,6.1618150041e+00,6.1618150041e+00,6.1618150041e+00,6.1618150041e+00,6.1618150041e+00,6.1618150041e+00,6.1618150041e+00,6.1618150041e+00,6.1618150041e+00,6.1618150041e+00,6.1618150041e+00,6.1618150041e+00,6.1618150041e+00,6.1618150041e+00,6.1618150041e+00,6.1618150041e+00,6.1618150041e+00,6.1618150041e+00,6.1618150041e+00,6.1618150041e+00,6.1618150041e+00,6.1618150041e+00,6.1622345592e+00,6.1627490987e+00,6.1633148049e+00,6.1639367712e+00,6.1646205995e+00,6.1653724504e+00,6.1661991000e+00,6.1671080013e+00,6.1681073522e+00,6.1692061708e+00,6.1704143779e+00,6.1715752522e+00,6.1724270654e+00,6.1733636378e+00,6.1743934184e+00,6.1755257010e+00,6.1767707102e+00,6.1774691550e+00,6.1781585515e+00,6.1789165250e+00,6.1795547361e+00,6.1798713164e+00,6.1802193661e+00,6.1801458563e+00,6.1798538579e+00,6.1790570674e+00,6.1778125552e+00,6.1756661402e+00,6.1730068326e+00,6.1698144486e+00,6.1679805911e+00,6.1693143089e+00,6.1726630264e+00,6.1809884983e+00,6.1900472538e+00,6.1962964742e+00,6.1632335026e+00,6.0280539571e+00,5.8637255964e+00,5.6858811163e+00,5.4853057974e+00,5.2769873396e+00,5.0498804099e+00,4.5691919458e+00,3.9460674425e+00,3.3290367636e+00,2.8560882136e+00,2.1998625378e+00,1.4786394480e+00,1.1123766660e+00,7.0698554397e-01,4.1639941493e-01,2.5083311797e-01,1.3253903832e-01,6.8616218385e-02,3.9617616331e-02,2.1829967135e-02,1.1862388356e-02,6.0627125441e-03,2.4610730727e-03,6.3666431789e-04,9.2395710242e-05,4.4922663396e-06,0.0000000000e+00,0.0000000000e+00,0.0000000000e+00,0.0000000000e+00,0.0000000000e+00,0.0000000000e+00,0.0000000000e+00,0.0000000000e+00,0.0000000000e+00,0.0000000000e+00,0.0000000000e+00,0.0000000000e+00,0.0000000000e+00,0.0000000000e+00,0.0000000000e+00,0.0000000000e+00,0.0000000000e+00,0.0000000000e+00,0.0000000000e+00,0.0000000000e+00,0.0000000000e+00,0.0000000000e+00,0.0000000000e+00,0.0000000000e+00,0.0000000000e+00,0.0000000000e+00,0.0000000000e+00,0.0000000000e+00,0.0000000000e+00,0.0000000000e+00,0.0000000000e+00,0.0000000000e+00,0.0000000000e+00,0.0000000000e+00,0.0000000000e+00,0.0000000000e+00,0.0000000000e+00,0.0000000000e+00,0.0000000000e+00,0.0000000000e+00,0.0000000000e+00,0.0000000000e+00,0.0000000000e+00,0.0000000000e+00,0.0000000000e+00,0.0000000000e+00,0.0000000000e+00,0.0000000000e+00,0.0000000000e+00,0.0000000000e+00,0.0000000000e+00,0.0000000000e+00,0.0000000000e+00,0.0000000000e+00,0.0000000000e+00,0.0000000000e+00,0.0000000000e+00,0.0000000000e+00,0.0000000000e+00,0.0000000000e+00,0.0000000000e+00,0.0000000000e+00,0.0000000000e+00,0.0000000000e+00,0.0000000000e+00,0.0000000000e+00,0.0000000000e+00,0.0000000000e+00,0.0000000000e+00,0.0000000000e+00,0.0000000000e+00,0.0000000000e+00,0.0000000000e+00,0.0000000000e+00,0.0000000000e+00,0.0000000000e+00,0.0000000000e+00,0.0000000000e+00,0.0000000000e+00,0.0000000000e+00,0.0000000000e+00,0.0000000000e+00,0.0000000000e+00
1.3633751836e+00,5.9921652843e+00,5.9921652843e+00,5.9921652843e+00,5.9921652843e+00,5.9921652843e+00,5.9921652843e+00,5.9921652843e+00,5.9921652843e+00,5.9921652843e+00,5.9921652843e+00,5.9921652843e+00,5.9921652843e+00,5.9921652843e+00,5.9921652843e+00,5.9921652843e+00,5.9921652843e+00,5.9921652843e+00,5.9921652843e+00,5.9921652843e+00,5.9921652843e+00,5.9921652843e+00,5.9921652843e+00,5.9921652843e+00,5.9921652843e+00,5.9921652843e+00,5.9921652843e+00,5.9921652843e+00,5.9921652843e+00,5.9921652843e+00,5.9921652843e+00,5.9921652843e+00,5.9921652843e+00,5.9921652843e+00,5.9921652843e+00,5.9921652843e+00,5.9921652843e+00,5.9921652843e+00,5.9921652843e+00,5.9921652843e+00,5.9921652843e+00,5.9921652843e+00,5.9921652843e+00,5.9921652843e+00,5.9921652843e+00,5.9921652843e+00,5.9921652843e+00,5.9921652843e+00,5.9921652843e+00,5.9921652843e+00,5.9921652843e+00,5.9921652843e+00,5.9921652843e+00,5.9921652843e+00,5.9921652843e+00,5.9925374975e+00,5.9929939742e+00,5.9934958399e+00,5.9940476121e+00,5.9946542589e+00,5.9953212440e+00,5.9960545766e+00,5.9968608659e+00,5.9977473814e+00,5.9987221192e+00,5.9997938755e+00,6.0008219923e+00,6.0015716411e+00,6.0023958721e+00,6.0033021172e+00,6.0042985514e+00,6.0053941675e+00,6.0059964404e+00,6.0065880675e+00,6.0072385373e+00,6.0077768765e+00,6.0080198310e+00,6.0082869333e+00,6.0081656306e+00,6.0078401710e+00,6.0070487953e+00,6.0058429339e+00,6.0038080762e+00,6.0012934955e+00,5.9982730720e+00,5.9964204079e+00,5.9973411392e+00,5.9999974993e+00,6.0070103494e+00,6.0145814626e+00,6.0195143824e+00,5.9884340189e+00,5.8638095351e+00,5.7123987162e+00,5.5483958908e+00,5.3626668970e+00,5.1693419321e+00,4.9583620663e+00,4.5063138703e+00,3.9186721259e+00,3.3337630584e+00,2.8794731722e+00,2.2419251636e+00,1.5374091378e+00,1.1700059711e+00,7.5751374401e-01,4.5790378824e-01,2.8132373636e-01,1.5348457526e-01,8.1997711388e-02,4.8580757493e-02,2.7621043224e-02,1.5497240519e-02,8.1766533740e-03,3.4503051163e-03,9.4511377818e-04,1.4814078572e-04,7.9181719160e-06,0.0000000000e+00,0.0000000000e+00,0.0000000000e+00,0.0000000000e+00,0.0000000000e+00,0.0000000000e+00,0.0000000000e+00,0.0000000000e+00,0.0000000000e+00,0.0000000000e+00,0.0000000000e+00,0.0000000000e+00,0.0000000000e+00,0.0000000000e+00,0.0000000000e+00,0.0000000000e+00,0.0000000000e+00,0.0000000000e+00,0.0000000000e+00,0.0000000000e+00,0.0000000000e+00,0.0000000000e+00,0.0000000000e+00,0.0000000000e+00,0.0000000000e+00,0.0000000000e+00,0.0000000000e+00,0.0000000000e+00,0.0000000000e+00,0.0000000000e+00,0.0000000000e+00,0.0000000000e+00,0.0000000000e+00,0.0000000000e+00,0.0000000000e+00,0.0000000000e+00,0.0000000000e+00,0.0000000000e+00,0.0000000000e+00,0.0000000000e+00,0.0000000000e+00,0.0000000000e+00,0.0000000000e+00,0.0000000000e+00,0.0000000000e+00,0.0000000000e+00,0.0000000000e+00,0.0000000000e+00,0.0000000000e+00,0.0000000000e+00,0.0000000000e+00,0.0000000000e+00,0.0000000000e+00,0.0000000000e+00,0.0000000000e+00,0.0000000000e+00,0.0000000000e+00,0.0000000000e+00,0.0000000000e+00,0.0000000000e+00,0.0000000000e+00,0.0000000000e+00,0.0000000000e+00,0.0000000000e+00,0.0000000000e+00,0.0000000000e+00,0.0000000000e+00,0.0000000000e+00,0.0000000000e+00,0.0000000000e+00,0.0000000000e+00,0.0000000000e+00,0.0000000000e+00,0.0000000000e+00,0.0000000000e+00,0.0000000000e+00,0.0000000000e+00,0.0000000000e+00,0.0000000000e+00,0.0000000000e+00,0.0000000000e+00,0.0000000000e+00,0.0000000000e+00
1.4251026703e+00,5.8209623688e+00,5.8209623688e+00,5.8209623688e+00,5.8209623688e+00,5.8209623688e+00,5.8209623688e+00,5.8209623688e+00,5.8209623688e+00,5.8209623688e+00,5.8209623688e+00,5.8209623688e+00,5.8209623688e+00,5.8209623688e+00,5.8209623688e+00,5.8209623688e+00,5.8209623688e+00,5.8209623688e+00,5.8209623688e+00,5.8209623688e+00,5.8209623688e+00,5.8209623688e+00,5.8209623688e+00,5.8209623688e+00,5.8209623688e+00,5.8209623688e+00,5.8209623688e+00,5.8209623688e+00,5.8209623688e+00,5.8209623688e+00,5.8209623688e+00,5.8209623688e+00,5.8209623688e+00,5.8209623688e+00,5.8209623688e+00,5.8209623688e+00,5.8209623688e+00,5.8209623688e+00,5.8209623688e+00,5.8209623688e+00,5.8209623688e+00,5.8209623688e+00,5.8209623688e+00,5.8209623688e+00,5.8209623688e+00,5.8209623688e+00,5.8209623688e+00,5.8209623688e+00,5.8209623688e+00,5.8209623688e+00,5.8209623688e+00,5.8209623688e+00,5.8209623688e+00,5.8209623688e+00,5.8209623688e+00,5.8212920163e+00,5.8216962885e+00,5.8221407557e+00,5.8226294178e+00,5.8231666735e+00,5.8237573602e+00,5.8244067981e+00,5.8251208381e+00,5.8259059156e+00,5.8267691091e+00,5.8277182043e+00,5.8286271027e+00,5.8292853502e+00,5.8300090774e+00,5.8308048071e+00,5.8316797142e+00,5.8326416907e+00,5.8331588320e+00,5.8336640950e+00,5.8342196041e+00,5.8346703650e+00,5.8348502504e+00,5.8350480130e+00,5.8348885090e+00,5.8345386637e+00,5.8337594069e+00,5.8325970276e+00,5.8306736897e+00,5.8283026968e+00,5.8254534847e+00,5.8236050515e+00,5.8241809208e+00,5.8262476243e+00,5.8321217137e+00,5.8384064280e+00,5.8422196765e+00,5.8131045847e+00,5.6984640579e+00,5.5592526885e+00,5.4083218733e+00,5.2366530053e+00,5.0575638156e+00,4.8619065259e+00,4.4377916080e+00,3.8849836541e+00,3.3318392445e+00,2.8967392234e+00,2.2793036763e+00,1.5933006849e+00,1.2262696861e+00,8.0846883363e-01,5.0100623752e-01,3.1383844038e-01,1.7655660758e-01,9.7233907421e-02,5.9064784713e-02,3.4606208365e-02,2.0021233867e-02,1.0892453463e-02,4.7718108318e-03,1.3815938020e-03,2.3322354901e-04,1.3925748849e-05,0.0000000000e+00,0.0000000000e+00,0.0000000000e+00,0.0000000000e+00,0.0000000000e+00,0.0000000000e+00,0.0000000000e+00,0.0000000000e+00,0.0000000000e+00,0.0000000000e+00,0.0000000000e+00,0.0000000000e+00,0.0000000000e+00,0.0000000000e+00,0.0000000000e+00,0.0000000000e+00,0.0000000000e+00,0.0000000000e+00,0.0000000000e+00,0.0000000000e+00,0.0000000000e+00,0.0000000000e+00,0.0000000000e+00,0.0000000000e+00,0.0000000000e+00,0.0000000000e+00,0.0000000000e+00,0.0000000000e+00,0.0000000000e+00,0.0000000000e+00,0.0000000000e+00,0.0000000000e+00,0.0000000000e+00,0.0000000000e+00,0.0000000000e+00,0.0000000000e+00,0.0000000000e+00,0.0000000000e+00,0.0000000000e+00,0.0000000000e+00,0.0000000000e+00,0.0000000000e+00,0.0000000000e+00,0.0000000000e+00,0.0000000000e+00,0.0000000000e+00,0.0000000000e+00,0.0000000000e+00,0.0000000000e+00,0.0000000000e+00,0.0000000000e+00,0.0000000000e+00,0.0000000000e+00,0.0000000000e+00,0.0000000000e+00,0.0000000000e+00,0.0000000000e+00,0.0000000000e+00,0.0000000000e+00,0.0000000000e+00,0.0000000000e+00,0.0000000000e+00,0.0000000000e+00,0.0000000000e+00,0.0000000000e+00,0.0000000000e+00,0.0000000000e+00,0.0000000000e+00,0.0000000000e+00,0.0000000000e+00,0.0000000000e+00,0.0000000000e+00,0.0000000000e+00,0.0000000000e+00,0.0000000000e+00,0.0000000000e+00,0.0000000000e+00,0.0000000000e+00,0.0000000000e+00,0.0000000000e+00,0.0000000000e+00,0.0000000000e+00,0.0000000000e+00
1.4896248996e+00,5.6483474760e+00,5.6483474760e+00,5.6483474760e+00,5.6483474760e+00,5.6483474760e+00,5.6483474760e+00,5.6483474760e+00,5.6483474760e+00,5.6483474760e+00,5.6483474760e+00,5.6483474760e+00,5.6483474760e+00,5.6483474760e+00,5.6483474760e+00,5.6483474760e+00,5.6483474760e+00,5.6483474760e+00,5.6483474760e+00,5.6483474760e+00,5.6483474760e+00,5.6483474760e+00,5.6483474760e+00,5.6483474760e+00,5.6483474760e+00,5.6483474760e+00,5.6483474760e+00,5.6483474760e+00,5.6483474760e+00,5.6483474760e+00,5.6483474760e+00,5.6483474760e+00,5.6483474760e+00,5.6483474760e+00,5.6483474760e+00,5.6483474760e+00,5.6483474760e+00,5.6483474760e+00,5.6483474760e+00,5.6483474760e+00,5.6483474760e+00,5.6483474760e+00,5.6483474760e+00,5.6483474760e+00,5.6483474760e+00,5.6483474760e+00,5.6483474760e+00,5.6483474760e+00,5.6483474760e+00,5.6483474760e+00,5.6483474760e+00,5.6483474760e+00,5.6483474760e+00,5.6483474760e+00,5.6483474760e+00,5.6486389117e+00,5.6489963199e+00,5.6493892611e+00,5.6498212706e+00,5.6502962363e+00,5.6508184338e+00,5.6513925648e+00,5.6520238004e+00,5.6527178276e+00,5.6534809015e+00,5.6543199021e+00,5.6551219175e+00,5.6556985634e+00,5.6563325642e+00,5.6570296320e+00,5.6577960493e+00,5.6586387265e+00,5.6590807587e+00,5.6595100056e+00,5.6599819338e+00,5.6603562376e+00,5.6604825321e+00,5.6606213765e+00,5.6604321618e+00,5.6600658906e+00,5.6593044481e+00,5.6581894441e+00,5.6563769199e+00,5.6541476465e+00,5.6514678912e+00,5.6496431096e+00,5.6499339166e+00,5.6515015475e+00,5.6563911391e+00,5.6615677484e+00,5.6644345464e+00,5.6372524341e+00,5.5320312570e+00,5.4043133950e+00,5.2657005552e+00,5.1073244707e+00,4.9417295467e+00,4.7606083816e+00,4.3636644325e+00,3.8449487502e+00,3.3231210908e+00,2.9076242922e+00,2.3116002738e+00,1.6457937661e+00,1.2806568385e+00,8.5942654775e-01,5.4540364053e-01,3.4823635793e-01,2.0174917168e-01,1.1441687767e-01,7.1203257111e-02,4.2936679858e-02,2.5581619271e-02,1.4334251741e-02,6.5113598621e-03,1.9890781515e-03,3.6056845478e-04,2.4186510603e-05,0.0000000000e+00,0.0000000000e+00,0.0000000000e+00,0.0000000000e+00,0.0000000000e+00,0.0000000000e+00,0.0000000000e+00,0.0000000000e+00,0.0000000000e+00,0.0000000000e+00,0.0000000000e+00,0.0000000000e+00,0.0000000000e+00,0.0000000000e+00,0.0000000000e+00,0.0000000000e+00,0.0000000000e+00,0.0000000000e+00,0.0000000000e+00,0.0000000000e+00,0.0000000000e+00,0.0000000000e+00,0.0000000000e+00,0.0000000000e+00,0.0000000000e+00,0.0000000000e+00,0.0000000000e+00,0.0000000000e+00,0.0000000000e+00,0.0000000000e+00,0.0000000000e+00,0.0000000000e+00,0.0000000000e+00,0.0000000000e+00,0.0000000000e+00,0.0000000000e+00,0.0000000000e+00,0.0000000000e+00,0.0000000000e+00,0.0000000000e+00,0.0000000000e+00,0.0000000000e+00,0.0000000000e+00,0.0000000000e+00,0.0000000000e+00,0.0000000000e+00,0.0000000000e+00,0.0000000000e+00,0.0000000000e+00,0.0000000000e+00,0.0000000000e+00,0.0000000000e+00,0.0000000000e+00,0.0000000000e+00,0.0000000000e+00,0.0000000000e+00,0.0000000000e+00,0.0000000000e+00,0.0000000000e+00,0.0000000000e+00,0.0000000000e+00,0.0000000000e+00,0.0000000000e+00,0.0000000000e+00,0.0000000000e+00,0.0000000000e+00,0.0000000000e+00,0.0000000000e+00,0.0000000000e+00,0.0000000000e+00,0.0000000000e+00,0.0000000000e+00,0.0000000000e+00,0.0000000000e+00,0.0000000000e+00,0.0000000000e+00,0.0000000000e+00,0.0000000000e+00,0.0000000000e+00,0.0000000000e+00,0.0000000000e+00,0.0000000000e+00,0.0000000000e+00
1.5570684048e+00,5.4744726657e+00,5.4744726657e+00,5.4744726657e+00,5.4744726657e+00,5.4744726657e+00,5.4744726657e+00,5.4744726657e+00,5.4744726657e+00,5.4744726657e+00,5.4744726657e+00,5.4744726657e+00,5.4744726657e+00,5.4744726657e+00,5.4744726657e+00,5.4744726657e+00,5.4744726657e+00,5.4744726657e+00,5.4744726657e+00,5.4744726657e+00,5.4744726657e+00,5.4744726657e+00,5.4744726657e+00,5.4744726657e+00,5.4744726657e+00,5.4744726657e+00,5.4744726657e+00,5.4744726657e+00,5.4744726657e+00,5.4744726657e+00,5.4744726657e+00,5.4744726657e+00,5.4744726657e+00,5.4744726657e+00,5.4744726657e+00,5.4744726657e+00,5.4744726657e+00,5.4744726657e+00,5.4744726657e+00,5.4744726657e+00,5.4744726657e+00,5.4744726657e+00,5.4744726657e+00,5.4744726657e+00,5.4744726657e+00,5.4744726657e+00,5.4744726657e+00,5.4744726657e+00,5.4744726657e+00,5.4744726657e+00,5.4744726657e+00,5.4744726657e+00,5.4744726657e+00,5.4744726657e+00,5.4744726657e+00,5.4747298528e+00,5.4750452578e+00,5.4753920178e+00,5.4757732521e+00,5.4761923909e+00,5.4766532062e+00,5.4771598461e+00,5.4777168723e+00,5.4783293019e+00,5.4790026525e+00,5.4797429928e+00,5.4804493451e+00,5.4809532920e+00,5.4815073570e+00,5.4821165304e+00,5.4827863005e+00,5.4835227036e+00,5.4838986940e+00,5.4842612799e+00,5.4846599148e+00,5.4849677805e+00,5.4850489470e+00,5.4851381784e+00,5.4849267071e+00,5.4845509188e+00,5.4838120362e+00,5.4827474159e+00,5.4810443649e+00,5.4789542546e+00,5.4764412665e+00,5.4746562551e+00,5.4747142290e+00,5.4758623686e+00,5.4799039541e+00,5.4841299580e+00,5.4862023399e+00,5.4609082306e+00,5.3645507401e+00,5.2476349883e+00,5.1206036469e+00,4.9747727212e+00,4.8219475449e+00,4.6545945696e+00,4.2840064567e+00,3.7985520172e+00,3.3075038085e+00,2.9119061804e+00,2.3384452523e+00,1.6943798295e+00,1.3326488276e+00,9.0993013694e-01,5.9074563400e-01,3.8432744470e-01,2.2901249489e-01,1.3360894638e-01,8.5113405373e-02,5.2759220072e-02,3.2330669716e-02,1.8637379216e-02,8.7679564088e-03,2.8208375825e-03,5.4754747611e-04,4.1287643960e-05,0.0000000000e+00,0.0000000000e+00,0.0000000000e+00,0.0000000000e+00,0.0000000000e+00,0.0000000000e+00,0.0000000000e+00,0.0000000000e+00,0.0000000000e+00,0.0000000000e+00,0.0000000000e+00,0.0000000000e+00,0.0000000000e+00,0.0000000000e+00,0.0000000000e+00,0.0000000000e+00,0.0000000000e+00,0.0000000000e+00,0.0000000000e+00,0.0000000000e+00,0.0000000000e+00,0.0000000000e+00,0.0000000000e+00,0.0000000000e+00,0.0000000000e+00,0.0000000000e+00,0.0000000000e+00,0.0000000000e+00,0.0000000000e+00,0.0000000000e+00,0.0000000000e+00,0.0000000000e+00,0.0000000000e+00,0.0000000000e+00,0.0000000000e+00,0.0000000000e+00,0.0000000000e+00,0.0000000000e+00,0.0000000000e+00,0.0000000000e+00,0.0000000000e+00,0.0000000000e+00,0.0000000000e+00,0.0000000000e+00,0.0000000000e+00,0.0000000000e+00,0.0000000000e+00,0.0000000000e+00,0.0000000000e+00,0.0000000000e+00,0.0000000000e+00,0.0000000000e+00,0.0000000000e+00,0.0000000000e+00,0.0000000000e+00,0.0000000000e+00,0.0000000000e+00,0.0000000000e+00,0.0000000000e+00,0.0000000000e+00,0.0000000000e+00,0.0000000000e+00,0.0000000000e+00,0.0000000000e+00,0.0000000000e+00,0.0000000000e+00,0.0000000000e+00,0.0000000000e+00,0.0000000000e+00,0.0000000000e+00,0.0000000000e+00,0.0000000000e+00,0.0000000000e+00,0.0000000000e+00,0.0000000000e+00,0.0000000000e+00,0.0000000000e+00,0.0000000000e+00,0.0000000000e+00,0.0000000000e+00,0.0000000000e+00,0.0000000000e+00,0.0000000000e+00
1.6275654480e+00,5.2995086824e+00,5.2995086824e+00,5.2995086824e+00,5.2995086824e+00,5.2995086824e+00,5.2995086824e+00,5.2995086824e+00,5.2995086824e+00,5.2995086824e+00,5.2995086824e+00,5.2995086824e+00,5.2995086824e+00,5.2995086824e+00,5.2995086824e+00,5.2995086824e+00,5.2995086824e+00,5.2995086824e+00,5.2995086824e+00,5.2995086824e+00,5.2995086824e+00,5.2995086824e+00,5.2995086824e+00,5.2995086824e+00,5.2995086824e+00,5.2995086824e+00,5.2995086824e+00,5.2995086824e+00,5.2995086824e+00,5.2995086824e+00,5.2995086824e+00,5.2995086824e+00,5.2995086824e+00,5.2995086824e+00,5.2995086824e+00,5.2995086824e+00,5.2995086824e+00,5.2995086824e+00,5.2995086824e+00,5.2995086824e+00,5.2995086824e+00,5.2995086824e+00,5.2995086824e+00,5.2995086824e+00,5.2995086824e+00,5.2995086824e+00,5.2995086824e+00,5.2995086824e+00,5.2995086824e+00,5.2995086824e+00,5.2995086824e+00,5.2995086824e+00,5.2995086824e+00,5.2995086824e+00,5.2995086824e+00,5.2997352230e+00,5.3000130429e+00,5.3003184798e+00,5.3006542806e+00,5.3010234663e+00,5.3014293585e+00,5.3018756101e+00,5.3023662380e+00,5.3029056599e+00,5.3034987342e+00,5.3041508041e+00,5.3047716832e+00,5.3052110021e+00,5.3056940074e+00,5.3062250477e+00,5.3068089056e+00,5.3074508413e+00,5.3077689673e+00,5.3080733211e+00,5.3084079312e+00,5.3086583498e+00,5.3087019040e+00,5.3087497855e+00,5.3085225463e+00,5.3081431713e+00,5.3074307118e+00,5.3064186628e+00,5.3048231581e+00,5.3028690227e+00,5.3005192622e+00,5.2987871496e+00,5.2986576705e+00,5.2994559503e+00,5.3027699594e+00,5.3061840765e+00,5.3075949672e+00,5.2841332696e+00,5.1960948448e+00,5.0893063845e+00,4.9731392503e+00,4.8391261852e+00,4.6983637668e+00,4.5440298321e+00,4.1989325215e+00,3.7458225990e+00,3.2849292211e+00,2.9094104453e+00,2.3595060645e+00,1.7385719997e+00,1.3817289312e+00,9.5949761787e-01,6.3663866530e-01,4.2187204894e-01,2.5824895790e-01,1.5483623018e-01,1.0088921136e-01,6.4209655657e-02,4.0420503983e-02,2.3945240566e-02,1.1653114732e-02,3.9414182640e-03,8.1696902028e-04,6.9132478187e-05,0.0000000000e+00,0.0000000000e+00,0.0000000000e+00,0.0000000000e+00,0.0000000000e+00,0.0000000000e+00,0.0000000000e+00,0.0000000000e+00,0.0000000000e+00,0.0000000000e+00,0.0000000000e+00,0.0000000000e+00,0.0000000000e+00,0.0000000000e+00,0.0000000000e+00,0.0000000000e+00,0.0000000000e+00,0.0000000000e+00,0.0000000000e+00,0.0000000000e+00,0.0000000000e+00,0.0000000000e+00,0.0000000000e+00,0.0000000000e+00,0.0000000000e+00,0.0000000000e+00,0.0000000000e+00,0.0000000000e+00,0.0000000000e+00,0.0000000000e+00,0.0000000000e+00,0.0000000000e+00,0.0000000000e+00,0.0000000000e+00,0.0000000000e+00,0.0000000000e+00,0.0000000000e+00,0.0000000000e+00,0.0000000000e+00,0.0000000000e+00,0.0000000000e+00,0.0000000000e+00,0.0000000000e+00,0.0000000000e+00,0.0000000000e+00,0.0000000000e+00,0.0000000000e+00,0.0000000000e+00,0.0000000000e+00,0.0000000000e+00,0.0000000000e+00,0.0000000000e+00,0.0000000000e+00,0.0000000000e+00,0.0000000000e+00,0.0000000000e+00,0.0000000000e+00,0.0000000000e+00,0.0000000000e+00,0.0000000000e+00,0.0000000000e+00,0.0000000000e+00,0.0000000000e+00,0.0000000000e+00,0.0000000000e+00,0.0000000000e+00,0.0000000000e+00,0.0000000000e+00,0.0000000000e+00,0.0000000000e+00,0.0000000000e+00,0.0000000000e+00,0.0000000000e+00,0.0000000000e+00,0.0000000000e+00,0.0000000000e+00,0.0000000000e+00,0.0000000000e+00,0.0000000000e+00,0.0000000000e+00,0.0000000000e+00,0.0000000000e+00,0.0000000000e+00
1.7012542799e+00,5.1236529497e+00,5.1236529497e+00,5.1236529497e+00,5.1236529497e+00,5.1236529497e+00,5.1236529497e+00,5.1236529497e+00,5.1236529497e+00,5.1236529497e+00,5.1236529497e+00,5.1236529497e+00,5.1236529497e+00,5.1236529497e+00,5.1236529497e+00,5.1236529497e+00,5.1236529497e+00,5.1236529497e+00,5.1236529497e+00,5.1236529497e+00,5.1236529497e+00,5.1236529497e+00,5.1236529497e+00,5.1236529497e+00,5.1236529497e+00,5.1236529497e+00,5.1236529497e+00,5.1236529497e+00,5.1236529497e+00,5.1236529497e+00,5.1236529497e+00,5.1236529497e+00,5.1236529497e+00,5.1236529497e+00,5.1236529497e+00,5.1236529497e+00,5.1236529497e+00,5.1236529497e+00,5.1236529497e+00,5.1236529497e+00,5.1236529497e+00,5.1236529497e+00,5.1236529497e+00,5.1236529497e+00,5.1236529497e+00,5.1236529497e+00,5.1236529497e+00,5.1236529497e+00,5.1236529497e+00,5.1236529497e+00,5.1236529497e+00,5.1236529497e+00,5.1236529497e+00,5.1236529497e+00,5.1236529497e+00,5.1238521136e+00,5.1240963589e+00,5.1243648823e+00,5.1246600985e+00,5.1249846626e+00,5.1253414943e+00,5.1257338043e+00,5.1261651231e+00,5.1266393333e+00,5.1271607046e+00,5.1277339330e+00,5.1282785799e+00,5.1286605746e+00,5.1290805515e+00,5.1295422908e+00,5.1300499498e+00,5.1306081002e+00,5.1308757142e+00,5.1311294058e+00,5.1314083149e+00,5.1316093246e+00,5.1316219049e+00,5.1316357350e+00,5.1313983252e+00,5.1310203927e+00,5.1303374094e+00,5.1293793696e+00,5.1278889541e+00,5.1260670397e+00,5.1238762113e+00,5.1222074416e+00,5.1219297207e+00,5.1224388105e+00,5.1251312014e+00,5.1278552396e+00,5.1287203844e+00,5.1070267705e+00,5.0267756201e+00,4.9294579249e+00,4.8234582421e+00,4.7005564796e+00,4.5711677092e+00,4.4291225700e+00,4.1086044848e+00,3.6868412375e+00,3.2553933579e+00,2.9000186716e+00,2.3744969941e+00,1.7779158967e+00,1.4273930688e+00,1.0076307641e+00,6.8265199603e-01,4.6058228814e-01,2.8931044812e-01,1.7808279856e-01,1.1859440642e-01,7.7405718064e-02,4.9996812895e-02,3.0404976654e-02,1.5289165363e-02,5.4271976859e-03,1.1980784532e-03,1.1346201136e-04,0.0000000000e+00,0.0000000000e+00,0.0000000000e+00,0.0000000000e+00,0.0000000000e+00,0.0000000000e+00,0.0000000000e+00,0.0000000000e+00,0.0000000000e+00,0.0000000000e+00,0.0000000000e+00,0.0000000000e+00,0.0000000000e+00,0.0000000000e+00,0.0000000000e+00,0.0000000000e+00,0.0000000000e+00,0.0000000000e+00,0.0000000000e+00,0.0000000000e+00,0.0000000000e+00,0.0000000000e+00,0.0000000000e+00,0.0000000000e+00,0.0000000000e+00,0.0000000000e+00,0.0000000000e+00,0.0000000000e+00,0.0000000000e+00,0.0000000000e+00,0.0000000000e+00,0.0000000000e+00,0.0000000000e+00,0.0000000000e+00,0.0000000000e+00,0.0000000000e+00,0.0000000000e+00,0.0000000000e+00,0.0000000000e+00,0.0000000000e+00,0.0000000000e+00,0.0000000000e+00,0.0000000000e+00,0.0000000000e+00,0.0000000000e+00,0.0000000000e+00,0.0000000000e+00,0.0000000000e+00,0.0000000000e+00,0.0000000000e+00,0.0000000000e+00,0.0000000000e+00,0.0000000000e+00,0.0000000000e+00,0.0000000000e+00,0.0000000000e+00,0.0000000000e+00,0.0000000000e+00,0.0000000000e+00,0.0000000000e+00,0.0000000000e+00,0.0000000000e+00,0.0000000000e+00,0.0000000000e+00,0.0000000000e+00,0.0000000000e+00,0.0000000000e+00,0.0000000000e+00,0.0000000000e+00,0.0000000000e+00,0.0000000000e+00,0.0000000000e+00,0.0000000000e+00,0.0000000000e+00,0.0000000000e+00,0.0000000000e+00,0.0000000000e+00,0.0000000000e+00,0.0000000000e+00,0.0000000000e+00,0.0000000000e+00,0.0000000000e+00,0.0000000000e+00
1.7782794100e+00,4.9482274705e+00,4.9482274705e+00,4.9482274705e+00,4.9482274705e+00,4.9482274705e+00,4.9482274705e+00,4.9482274705e+00,4.9482274705e+00,4.9482274705e+00,4.9482274705e+00,4.9482274705e+00,4.9482274705e+00,4.9482274705e+00,4.9482274705e+00,4.9482274705e+00,4.9482274705e+00,4.9482274705e+00,4.9482274705e+00,4.9482274705e+00,4.9482274705e+00,4.9482274705e+00,4.9482274705e+00,4.9482274705e+00,4.9482274705e+00,4.9482274705e+00,4.9482274705e+00,4.9482274705e+00,4.9482274705e+00,4.9482274705e+00,4.9482274705e+00,4.9482274705e+00,4.9482274705e+00,4.9482274705e+00,4.9482274705e+00,4.9482274705e+00,4.9482274705e+00,4.9482274705e+00,4.9482274705e+00,4.9482274705e+00,4.9482274705e+00,4.9482274705e+00,4.9482274705e+00,4.9482274705e+00,4.9482274705e+00,4.9482274705e+00,4.9482274705e+00,4.9482274705e+00,4.9482274705e+00,4.9482274705e+00,4.9482274705e+00,4.9482274705e+00,4.9482274705e+00,4.9482274705e+00,4.9482274705e+00,4.9482274705e+00,4.9483125536e+00,4.9485311552e+00,4.9487714850e+00,4.9490357039e+00,4.9493261880e+00,4.9496455500e+00,4.9499966629e+00,4.9503826860e+00,4.9508070934e+00,4.9512737056e+00,4.9517867244e+00,4.9523507705e+00,4.9526943861e+00,4.9530073197e+00,4.9533513646e+00,4.9537296163e+00,4.9541454789e+00,4.9544456613e+00,4.9545519001e+00,4.9546686959e+00,4.9547970980e+00,4.9546523178e+00,4.9544489382e+00,4.9541273414e+00,4.9534052072e+00,4.9525585319e+00,4.9511249168e+00,4.9494553400e+00,4.9474254473e+00,4.9460041987e+00,4.9453165704e+00,4.9457222357e+00,4.9473944278e+00,4.9495735735e+00,4.9501264418e+00,4.9280888164e+00,4.8572237354e+00,4.7686565435e+00,4.6720122370e+00,4.5597217605e+00,4.4409862797e+00,4.3125527932e+00,4.0135836310e+00,3.6227513426e+00,3.2190580718e+00,2.8821519409e+00,2.3831557613e+00,1.8109171771e+00,1.4681424126e+00,1.0538509600e+00,7.2842179519e-01,5.0010373945e-01,3.2202704463e-01,2.0360054996e-01,1.3824961487e-01,9.2416868839e-02,6.1190253265e-02,3.8159431331e-02,1.9807221444e-02,7.3517294505e-03,1.7391715002e-03,1.5930143110e-04,1.1423887992e-06,0.0000000000e+00,0.0000000000e+00,0.0000000000e+00,0.0000000000e+00,0.0000000000e+00,0.0000000000e+00,0.0000000000e+00,0.0000000000e+00,0.0000000000e+00,0.0000000000e+00,0.0000000000e+00,0.0000000000e+00,0.0000000000e+00,0.0000000000e+00,0.0000000000e+00,0.0000000000e+00,0.0000000000e+00,0.0000000000e+00,0.0000000000e+00,0.0000000000e+00,0.0000000000e+00,0.0000000000e+00,0.0000000000e+00,0.0000000000e+00,0.0000000000e+00,0.0000000000e+00,0.0000000000e+00,0.0000000000e+00,0.0000000000e+00,0.0000000000e+00,0.0000000000e+00,0.0000000000e+00,0.0000000000e+00,0.0000000000e+00,0.0000000000e+00,0.0000000000e+00,0.0000000000e+00,0.0000000000e+00,0.0000000000e+00,0.0000000000e+00,0.0000000000e+00,0.0000000000e+00,0.0000000000e+00,0.0000000000e+00,0.0000000000e+00,0.0000000000e+00,0.0000000000e+00,0.0000000000e+00,0.0000000000e+00,0.0000000000e+00,0.0000000000e+00,0.0000000000e+00,0.0000000000e+00,0.0000000000e+00,0.0000000000e+00,0.0000000000e+00,0.0000000000e+00,0.0000000000e+00,0.0000000000e+00,0.0000000000e+00,0.0000000000e+00,0.0000000000e+00,0.0000000000e+00,0.0000000000e+00,0.0000000000e+00,0.0000000000e+00,0.0000000000e+00,0.0000000000e+00,0.0000000000e+00,0.0000000000e+00,0.0000000000e+00,0.0000000000e+00,0.0000000000e+00,0.0000000000e+00,0.0000000000e+00,0.0000000000e+00,0.0000000000e+00,0.0000000000e+00,0.0000000000e+00,0.0000000000e+00,0.0000000000e+00,0.0000000000e+00
1.8587918911e+00,4.7712203042e+00,4.7712203042e+00,4.7712203042e+00,4.7712203042e+00,4.7712203042e+00,4.7712203042e+00,4.7712203042e+00,4.7712203042e+00,4.7712203042e+00,4.7712203042e+00,4.7712203042e+00,4.7712203042e+00,4.7712203042e+00,4.7712203042e+00,4.7712203042e+00,4.7712203042e+00,4.7712203042e+00,4.7712203042e+00,4.7712203042e+00,4.7712203042e+00,4.7712203042e+00,4.7712203042e+00,4.7712203042e+00,4.7712203042e+00,4.7712203042e+00,4.7712203042e+00,4.7712203042e+00,4.7712203042e+00,4.7712203042e+00,4.7712203042e+00,4.7712203042e+00,4.7712203042e+00,4.7712203042e+00,4.7712203042e+00,4.7712203042e+00,4.7712203042e+00,4.7712203042e+00,4.7712203042e+00,4.7712203042e+00,4.7712203042e+00,4.7712203042e+00,4.7712203042e+00,4.7712203042e+00,4.7712203042e+00,4.7712203042e+00,4.7712203042e+00,4.7712203042e+00,4.7712203042e+00,4.7712203042e+00,4.7712203042e+00,4.7712203042e+00,4.7712203042e+00,4.7712203042e+00,4.7712203042e+00,4.7712203042e+00,4.7712947166e+00,4.7714859017e+00,4.7716960891e+00,4.7719271682e+00,4.7721812169e+00,4.7724605197e+00,4.7727675888e+00,4.7731051866e+00,4.7734763508e+00,4.7738844216e+00,4.7743330726e+00,4.7748263437e+00,4.7751229361e+00,4.7753913908e+00,4.7756865327e+00,4.7760110166e+00,4.7763677619e+00,4.7766199380e+00,4.7766976140e+00,4.7767830082e+00,4.7768768876e+00,4.7767231620e+00,4.7765144354e+00,4.7761965801e+00,4.7755147302e+00,4.7747174743e+00,4.7733870424e+00,4.7718379110e+00,4.7699550129e+00,4.7685897998e+00,4.7678509760e+00,4.7680497849e+00,4.7693314764e+00,4.7710145151e+00,4.7711956789e+00,4.7509792842e+00,4.6866755058e+00,4.6063336643e+00,4.5185361300e+00,4.4159971657e+00,4.3073165584e+00,4.1896231142e+00,3.9134400948e+00,3.5517014125e+00,3.1758511510e+00,2.8589599320e+00,2.3853916644e+00,1.8394648661e+00,1.5055852902e+00,1.0976243053e+00,7.7327574480e-01,5.4011027067e-01,3.5609265688e-01,2.3066434028e-01,1.5985275873e-01,1.0934723049e-01,7.4116094592e-02,4.7352943328e-02,2.5341881627e-02,9.8363328768e-03,2.4691129369e-03,2.4869630322e-04,2.1494208373e-06,0.0000000000e+00,0.0000000000e+00,0.0000000000e+00,0.0000000000e+00,0.0000000000e+00,0.0000000000e+00,0.0000000000e+00,0.0000000000e+00,0.0000000000e+00,0.0000000000e+00,0.0000000000e+00,0.0000000000e+00,0.0000000000e+00,0.0000000000e+00,0.0000000000e+00,0.0000000000e+00,0.0000000000e+00,0.0000000000e+00,0.0000000000e+00,0.0000000000e+00,0.0000000000e+00,0.0000000000e+00,0.0000000000e+00,0.0000000000e+00,0.0000000000e+00,0.0000000000e+00,0.0000000000e+00,0.0000000000e+00,0.0000000000e+00,0.0000000000e+00,0.0000000000e+00,0.0000000000e+00,0.0000000000e+00,0.0000000000e+00,0.0000000000e+00,0.0000000000e+00,0.0000000000e+00,0.0000000000e+00,0.0000000000e+00,0.0000000000e+00,0.0000000000e+00,0.0000000000e+00,0.0000000000e+00,0.0000000000e+00,0.0000000000e+00,0.0000000000e+00,0.0000000000e+00,0.0000000000e+00,0.0000000000e+00,0.0000000000e+00,0.0000000000e+00,0.0000000000e+00,0.0000000000e+00,0.0000000000e+00,0.0000000000e+00,0.0000000000e+00,0.0000000000e+00,0.0000000000e+00,0.0000000000e+00,0.0000000000e+00,0.0000000000e+00,0.0000000000e+00,0.0000000000e+00,0.0000000000e+00,0.0000000000e+00,0.0000000000e+00,0.0000000000e+00,0.0000000000e+00,0.0000000000e+00,0.0000000000e+00,0.0000000000e+00,0.0000000000e+00,0.0000000000e+00,0.0000000000e+00,0.0000000000e+00,0.0000000000e+00,0.0000000000e+00,0.0000000000e+00,0.0000000000e+00,0.0000000000e+00,0.0000000000e+00,0.0000000000e+00
1.9429496147e+00,4.5941615538e+00,4.5941615538e+00,4.5941615538e+00,4.5941615538e+00,4.5941615538e+00,4.5941615538e+00,4.5941615538e+00,4.5941615538e+00,4.5941615538e+00,4.5941615538e+00,4.5941615538e+00,4.5941615538e+00,4.5941615538e+00,4.5941615538e+00,4.5941615538e+00,4.5941615538e+00,4.5941615538e+00,4.5941615538e+00,4.5941615538e+00,4.5941615538e+00,4.5941615538e+00,4.5941615538e+00,4.5941615538e+00,4.5941615538e+00,4.5941615538e+00,4.5941615538e+00,4.5941615538e+00,4.5941615538e+00,4.5941615538e+00,4.5941615538e+00,4.5941615538e+00,4.5941615538e+00,4.5941615538e+00,4.5941615538e+00,4.5941615538e+00,4.5941615538e+00,4.5941615538e+00,4.5941615538e+00,4.5941615538e+00,4.5941615538e+00,4.5941615538e+00,4.5941615538e+00,4.5941615538e+00,4.5941615538e+00,4.5941615538e+00,4.5941615538e+00,4.5941615538e+00,4.5941615538e+00,4.5941615538e+00,4.5941615538e+00,4.5941615538e+00,4.5941615538e+00,4.5941615538e+00,4.5941615538e+00,4.5941615538e+00,4.5942264954e+00,4.5943933472e+00,4.5945767819e+00,4.5947784484e+00,4.5950001598e+00,4.5952439095e+00,4.5955118895e+00,4.5958065101e+00,4.5961304217e+00,4.5964865387e+00,4.5968780662e+00,4.5973085285e+00,4.5975637604e+00,4.5977932365e+00,4.5980455232e+00,4.5983228893e+00,4.5986278298e+00,4.5988383995e+00,4.5988922104e+00,4.5989513680e+00,4.5990164034e+00,4.5988574511e+00,4.5986470748e+00,4.5983362006e+00,4.5976950953e+00,4.5969473263e+00,4.5957159899e+00,4.5942825429e+00,4.5925408485e+00,4.5912380727e+00,4.5904685871e+00,4.5905012090e+00,4.5914571540e+00,4.5927255935e+00,4.5926103621e+00,4.5741178606e+00,4.5159064990e+00,4.4431954920e+00,4.3636152831e+00,4.2701847007e+00,4.1709236831e+00,4.0633014148e+00,3.8088723267e+00,3.4750232410e+00,3.1260708915e+00,2.8289370945e+00,2.3810824795e+00,1.8621121879e+00,1.5383037399e+00,1.1384840928e+00,8.1682461580e-01,5.8017519977e-01,3.9123806790e-01,2.5940619459e-01,1.8333362903e-01,1.2819471091e-01,8.8853815045e-02,5.8103541995e-02,3.2026476798e-02,1.2978687914e-02,3.4491701340e-03,3.8057012006e-04,3.9401942346e-06,0.0000000000e+00,0.0000000000e+00,0.0000000000e+00,0.0000000000e+00,0.0000000000e+00,0.0000000000e+00,0.0000000000e+00,0.0000000000e+00,0.0000000000e+00,0.0000000000e+00,0.0000000000e+00,0.0000000000e+00,0.0000000000e+00,0.0000000000e+00,0.0000000000e+00,0.0000000000e+00,0.0000000000e+00,0.0000000000e+00,0.0000000000e+00,0.0000000000e+00,0.0000000000e+00,0.0000000000e+00,0.0000000000e+00,0.0000000000e+00,0.0000000000e+00,0.0000000000e+00,0.0000000000e+00,0.0000000000e+00,0.0000000000e+00,0.0000000000e+00,0.0000000000e+00,0.0000000000e+00,0.0000000000e+00,0.0000000000e+00,0.0000000000e+00,0.0000000000e+00,0.0000000000e+00,0.0000000000e+00,0.0000000000e+00,0.0000000000e+00,0.0000000000e+00,0.0000000000e+00,0.0000000000e+00,0.0000000000e+00,0.0000000000e+00,0.0000000000e+00,0.0000000000e+00,0.0000000000e+00,0.0000000000e+00,0.0000000000e+00,0.0000000000e+00,0.0000000000e+00,0.0000000000e+00,0.0000000000e+00,0.0000000000e+00,0.0000000000e+00,0.0000000000e+00,0.0000000000e+00,0.0000000000e+00,0.0000000000e+00,0.0000000000e+00,0.0000000000e+00,0.0000000000e+00,0.0000000000e+00,0.0000000000e+00,0.0000000000e+00,0.0000000000e+00,0.0000000000e+00,0.0000000000e+00,0.0000000000e+00,0.0000000000e+00,0.0000000000e+00,0.0000000000e+00,0.0000000000e+00,0.0000000000e+00,0.0000000000e+00,0.0000000000e+00,0.0000000000e+00,0.0000000000e+00,0.0000000000e+00,0.0000000000e+00,0.0000000000e+00
2.0309176209e+00,4.4174215028e+00,4.4174215028e+00,4.4174215028e+00,4.4174215028e+00,4.4174215028e+00,4.4174215028e+00,4.4174215028e+00,4.4174215028e+00,4.4174215028e+00,4.4174215028e+00,4.4174215028e+00,4.4174215028e+00,4.4174215028e+00,4.4174215028e+00,4.4174215028e+00,4.4174215028e+00,4.4174215028e+00,4.4174215028e+00,4.4174215028e+00,4.4174215028e+00,4.4174215028e+00,4.4174215028e+00,4.4174215028e+00,4.4174215028e+00,4.4174215028e+00,4.4174215028e+00,4.4174215028e+00,4.4174215028e+00,4.4174215028e+00,4.4174215028e+00,4.4174215028e+00,4.4174215028e+00,4.4174215028e+00,4.4174215028e+00,4.4174215028e+00,4.4174215028e+00,4.4174215028e+00,4.4174215028e+00,4.4174215028e+00,4.4174215028e+00,4.4174215028e+00,4.4174215028e+00,4.4174215028e+00,4.4174215028e+00,4.4174215028e+00,4.4174215028e+00,4.4174215028e+00,4.4174215028e+00,4.4174215028e+00,4.4174215028e+00,4.4174215028e+00,4.4174215028e+00,4.4174215028e+00,4.4174215028e+00,4.4174215028e+00,4.4174780566e+00,4.4176233577e+00,4.4177830993e+00,4.4179587170e+00,4.4181517897e+00,4.4183640530e+00,4.4185974153e+00,4.4188539754e+00,4.4191360407e+00,4.4194461486e+00,4.4197870895e+00,4.4201619315e+00,4.4203808850e+00,4.4205763083e+00,4.4207911560e+00,4.4210273598e+00,4.4212870440e+00,4.4214617033e+00,4.4214957679e+00,4.4215332169e+00,4.4215743867e+00,4.4214133282e+00,4.4212043687e+00,4.4209030796e+00,4.4203026963e+00,4.4196039825e+00,4.4184673969e+00,4.4171445609e+00,4.4155378743e+00,4.4143020769e+00,4.4135189379e+00,4.4134201758e+00,4.4141064318e+00,4.4150308872e+00,4.4146836105e+00,4.3978156421e+00,4.3452446344e+00,4.2795927727e+00,4.2076244988e+00,4.1226807520e+00,4.0322228382e+00,3.9340224601e+00,3.7002863490e+00,3.3930677099e+00,3.0700010377e+00,2.7922665553e+00,2.3702271376e+00,1.8786504421e+00,1.5659678746e+00,1.1759865653e+00,8.5858761340e-01,6.1987390922e-01,4.2712616682e-01,2.8961138386e-01,2.0857924840e-01,1.4893378091e-01,1.0544907459e-01,7.0510058317e-02,3.9987886575e-02,1.6892570017e-02,4.7426361284e-03,5.7111751316e-04,7.0398842540e-06,0.0000000000e+00,0.0000000000e+00,0.0000000000e+00,0.0000000000e+00,0.0000000000e+00,0.0000000000e+00,0.0000000000e+00,0.0000000000e+00,0.0000000000e+00,0.0000000000e+00,0.0000000000e+00,0.0000000000e+00,0.0000000000e+00,0.0000000000e+00,0.0000000000e+00,0.0000000000e+00,0.0000000000e+00,0.0000000000e+00,0.0000000000e+00,0.0000000000e+00,0.0000000000e+00,0.0000000000e+00,0.0000000000e+00,0.0000000000e+00,0.0000000000e+00,0.0000000000e+00,0.0000000000e+00,0.0000000000e+00,0.0000000000e+00,0.0000000000e+00,0.0000000000e+00,0.0000000000e+00,0.0000000000e+00,0.0000000000e+00,0.0000000000e+00,0.0000000000e+00,0.0000000000e+00,0.0000000000e+00,0.0000000000e+00,0.0000000000e+00,0.0000000000e+00,0.0000000000e+00,0.0000000000e+00,0.0000000000e+00,0.0000000000e+00,0.0000000000e+00,0.0000000000e+00,0.0000000000e+00,0.0000000000e+00,0.0000000000e+00,0.0000000000e+00,0.0000000000e+00,0.0000000000e+00,0.0000000000e+00,0.0000000000e+00,0.0000000000e+00,0.0000000000e+00,0.0000000000e+00,0.0000000000e+00,0.0000000000e+00,0.0000000000e+00,0.0000000000e+00,0.0000000000e+00,0.0000000000e+00,0.0000000000e+00,0.0000000000e+00,0.0000000000e+00,0.0000000000e+00,0.0000000000e+00,0.0000000000e+00,0.0000000000e+00,0.0000000000e+00,0.0000000000e+00,0.0000000000e+00,0.0000000000e+00,0.0000000000e+00,0.0000000000e+00,0.0000000000e+00,0.0000000000e+00,0.0000000000e+00,0.0000000000e+00,0.0000000000e+00
2.1228684221e+00,4.2414205997e+00,4.2414205997e+00,4.2414205997e+00,4.2414205997e+00,4.2414205997e+00,4.2414205997e+00,4.2414205997e+00,4.2414205997e+00,4.2414205997e+00,4.2414205997e+00,4.2414205997e+00,4.2414205997e+00,4.2414205997e+00,4.2414205997e+00,4.2414205997e+00,4.2414205997e+00,4.2414205997e+00,4.2414205997e+00,4.2414205997e+00,4.2414205997e+00,4.2414205997e+00,4.2414205997e+00,4.2414205997e+00,4.2414205997e+00,4.2414205997e+00,4.2414205997e+00,4.2414205997e+00,4.2414205997e+00,4.2414205997e+00,4.2414205997e+00,4.2414205997e+00,4.2414205997e+00,4.2414205997e+00,4.2414205997e+00,4.2414205997e+00,4.2414205997e+00,4.2414205997e+00,4.2414205997e+00,4.2414205997e+00,4.2414205997e+00,4.2414205997e+00,4.2414205997e+00,4.2414205997e+00,4.2414205997e+00,4.2414205997e+00,4.2414205997e+00,4.2414205997e+00,4.2414205997e+00,4.2414205997e+00,4.2414205997e+00,4.2414205997e+00,4.2414205997e+00,4.2414205997e+00,4.2414205997e+00,4.2414205997e+00,4.2414697418e+00,4.2415960000e+00,4.2417348057e+00,4.2418874063e+00,4.2420551734e+00,4.2422396151e+00,4.2424423894e+00,4.2426653195e+00,4.2429104103e+00,4.2431798660e+00,4.2434761106e+00,4.2438018096e+00,4.2439890360e+00,4.2441548080e+00,4.2443370561e+00,4.2445374187e+00,4.2447576973e+00,4.2449015012e+00,4.2449194124e+00,4.2449391031e+00,4.2449607501e+00,4.2448001699e+00,4.2445951297e+00,4.2443054634e+00,4.2437453616e+00,4.2430948405e+00,4.2420484614e+00,4.2408309212e+00,4.2393527335e+00,4.2381868419e+00,4.2374039553e+00,4.2372034142e+00,4.2376683095e+00,4.2383097131e+00,4.2377850307e+00,4.2224413151e+00,4.1750762727e+00,4.1159354762e+00,4.0509984206e+00,3.9739418337e+00,3.8916896671e+00,3.8022816978e+00,3.5881549669e+00,3.3062613509e+00,3.0080075146e+00,2.7492195529e+00,2.3529147097e+00,1.8889584590e+00,1.5883216765e+00,1.2097351617e+00,8.9810337756e-01,6.5877186923e-01,4.6338720513e-01,3.2101826599e-01,2.3542620954e-01,1.7148991504e-01,1.2390501771e-01,8.4640987262e-02,4.9339640060e-02,2.1694295005e-02,6.4211747005e-03,8.4092966537e-04,1.2265132100e-05,0.0000000000e+00,0.0000000000e+00,0.0000000000e+00,0.0000000000e+00,0.0000000000e+00,0.0000000000e+00,0.0000000000e+00,0.0000000000e+00,0.0000000000e+00,0.0000000000e+00,0.0000000000e+00,0.0000000000e+00,0.0000000000e+00,0.0000000000e+00,0.0000000000e+00,0.0000000000e+00,0.0000000000e+00,0.0000000000e+00,0.0000000000e+00,0.0000000000e+00,0.0000000000e+00,0.0000000000e+00,0.0000000000e+00,0.0000000000e+00,0.0000000000e+00,0.0000000000e+00,0.0000000000e+00,0.0000000000e+00,0.0000000000e+00,0.0000000000e+00,0.0000000000e+00,0.0000000000e+00,0.0000000000e+00,0.0000000000e+00,0.0000000000e+00,0.0000000000e+00,0.0000000000e+00,0.0000000000e+00,0.0000000000e+00,0.0000000000e+00,0.0000000000e+00,0.0000000000e+00,0.0000000000e+00,0.0000000000e+00,0.0000000000e+00,0.0000000000e+00,0.0000000000e+00,0.0000000000e+00,0.0000000000e+00,0.0000000000e+00,0.0000000000e+00,0.0000000000e+00,0.0000000000e+00,0.0000000000e+00,0.0000000000e+00,0.0000000000e+00,0.0000000000e+00,0.0000000000e+00,0.0000000000e+00,0.0000000000e+00,0.0000000000e+00,0.0000000000e+00,0.0000000000e+00,0.0000000000e+00,0.0000000000e+00,0.0000000000e+00,0.0000000000e+00,0.0000000000e+00,0.0000000000e+00,0.0000000000e+00,0.0000000000e+00,0.0000000000e+00,0.0000000000e+00,0.0000000000e+00,0.0000000000e+00,0.0000000000e+00,0.0000000000e+00,0.0000000000e+00,0.0000000000e+00,0.0000000000e+00,0.0000000000e+00,0.0000000000e+00
2.2189823415e+00,4.0666266433e+00,4.0666266433e+00,4.0666266433e+00,4.0666266433e+00,4.0666266433e+00,4.0666266433e+00,4.0666266433e+00,4.0666266433e+00,4.0666266433e+00,4.0666266433e+00,4.0666266433e+00,4.0666266433e+00,4.0666266433e+00,4.0666266433e+00,4.0666266433e+00,4.0666266433e+00,4.0666266433e+00,4.0666266433e+00,4.0666266433e+00,4.0666266433e+00,4.0666266433e+00,4.0666266433e+00,4.0666266433e+00,4.0666266433e+00,4.0666266433e+00,4.0666266433e+00,4.0666266433e+00,4.0666266433e+00,4.0666266433e+00,4.0666266433e+00,4.0666266433e+00,4.0666266433e+00,4.0666266433e+00,4.0666266433e+00,4.0666266433e+00,4.0666266433e+00,4.0666266433e+00,4.0666266433e+00,4.0666266433e+00,4.0666266433e+00,4.0666266433e+00,4.0666266433e+00,4.0666266433e+00,4.0666266433e+00,4.0666266433e+00,4.0666266433e+00,4.0666266433e+00,4.0666266433e+00,4.0666266433e+00,4.0666266433e+00,4.0666266433e+00,4.0666266433e+00,4.0666266433e+00,4.0666266433e+00,4.0666266433e+00,4.0666692519e+00,4.0667787237e+00,4.0668990744e+00,4.0670313855e+00,4.0671768461e+00,4.0673367635e+00,4.0675125752e+00,4.0677058617e+00,4.0679183609e+00,4.0681519838e+00,4.0684088314e+00,4.0686912144e+00,4.0688507809e+00,4.0689908246e+00,4.0691447864e+00,4.0693140504e+00,4.0695001381e+00,4.0696175581e+00,4.0696224336e+00,4.0696277934e+00,4.0696336858e+00,4.0694756907e+00,4.0692765708e+00,4.0690000652e+00,4.0684794468e+00,4.0678758901e+00,4.0669150288e+00,4.0657972942e+00,4.0644408708e+00,4.0633464256e+00,4.0625749807e+00,4.0622976751e+00,4.0625826867e+00,4.0629933828e+00,4.0623373587e+00,4.0484176897e+00,4.0058426533e+00,3.9526891473e+00,3.8942278450e+00,3.8244809948e+00,3.7498568156e+00,3.6686319676e+00,3.4730150601e+00,3.2151044985e+00,2.9405376406e+00,2.7001557327e+00,2.3293277165e+00,1.8930094842e+00,1.6051926494e+00,1.2393933119e+00,9.3494399073e-01,6.9643745751e-01,4.9962901909e-01,3.5332423562e-01,2.6366265493e-01,1.9573799224e-01,1.4417769979e-01,1.0052795982e-01,6.0175158464e-02,2.7498102309e-02,8.5636511997e-03,1.2155122727e-03,2.0848446121e-05,0.0000000000e+00,0.0000000000e+00,0.0000000000e+00,0.0000000000e+00,0.0000000000e+00,0.0000000000e+00,0.0000000000e+00,0.0000000000e+00,0.0000000000e+00,0.0000000000e+00,0.0000000000e+00,0.0000000000e+00,0.0000000000e+00,0.0000000000e+00,0.0000000000e+00,0.0000000000e+00,0.0000000000e+00,0.0000000000e+00,0.0000000000e+00,0.0000000000e+00,0.0000000000e+00,0.0000000000e+00,0.0000000000e+00,0.0000000000e+00,0.0000000000e+00,0.0000000000e+00,0.0000000000e+00,0.0000000000e+00,0.0000000000e+00,0.0000000000e+00,0.0000000000e+00,0.0000000000e+00,0.0000000000e+00,0.0000000000e+00,0.0000000000e+00,0.0000000000e+00,0.0000000000e+00,0.0000000000e+00,0.0000000000e+00,0.0000000000e+00,0.0000000000e+00,0.0000000000e+00,0.0000000000e+00,0.0000000000e+00,0.0000000000e+00,0.0000000000e+00,0.0000000000e+00,0.0000000000e+00,0.0000000000e+00,0.0000000000e+00,0.0000000000e+00,0.0000000000e+00,0.0000000000e+00,0.0000000000e+00,0.0000000000e+00,0.0000000000e+00,0.0000000000e+00,0.0000000000e+00,0.0000000000e+00,0.0000000000e+00,0.0000000000e+00,0.0000000000e+00,0.0000000000e+00,0.0000000000e+00,0.0000000000e+00,0.0000000000e+00,0.0000000000e+00,0.0000000000e+00,0.0000000000e+00,0.0000000000e+00,0.0000000000e+00,0.0000000000e+00,0.0000000000e+00,0.0000000000e+00,0.0000000000e+00,0.0000000000e+00,0.0000000000e+00,0.0000000000e+00,0.0000000000e+00,0.0000000000e+00,0.0000000000e+00,0.0000000000e+00
2.3194478661e+00,3.8935486781e+00,3.8935486781e+00,3.8935486781e+00,3.8935486781e+00,3.8935486781e+00,3.8935486781e+00,3.8935486781e+00,3.8935486781e+00,3.8935486781e+00,3.8935486781e+00,3.8935486781e+00,3.8935486781e+00,3.8935486781e+00,3.8935486781e+00,3.8935486781e+00,3.8935486781e+00,3.8935486781e+00,3.8935486781e+00,3.8935486781e+00,3.8935486781e+00,3.8935486781e+00,3.8935486781e+00,3.8935486781e+00,3.8935486781e+00,3.8935486781e+00,3.8935486781e+00,3.8935486781e+00,3.8935486781e+00,3.8935486781e+00,3.8935486781e+00,3.8935486781e+00,3.8935486781e+00,3.8935486781e+00,3.8935486781e+00,3.8935486781e+00,3.8935486781e+00,3.8935486781e+00,3.8935486781e+00,3.8935486781e+00,3.8935486781e+00,3.8935486781e+00,3.8935486781e+00,3.8935486781e+00,3.8935486781e+00,3.8935486781e+00,3.8935486781e+00,3.8935486781e+00,3.8935486781e+00,3.8935486781e+00,3.8935486781e+00,3.8935486781e+00,3.8935486781e+00,3.8935486781e+00,3.8935486781e+00,3.8935486781e+00,3.8935855420e+00,3.8936802540e+00,3.8937843779e+00,3.8938988492e+00,3.8940246966e+00,3.8941630511e+00,3.8943151561e+00,3.8944823788e+00,3.8946662227e+00,3.8948683406e+00,3.8950905500e+00,3.8953348496e+00,3.8954703816e+00,3.8955881840e+00,3.8957176936e+00,3.8958600743e+00,3.8960166059e+00,3.8961115837e+00,3.8961061123e+00,3.8961000973e+00,3.8960934848e+00,3.8959397581e+00,3.8957481167e+00,3.8954858711e+00,3.8950036370e+00,3.8944455109e+00,3.8935653860e+00,3.8925418542e+00,3.8913003159e+00,3.8902776782e+00,3.8895264974e+00,3.8891934017e+00,3.8893339474e+00,3.8895586832e+00,3.8888098324e+00,3.8762149732e+00,3.8380330826e+00,3.7903680180e+00,3.7378528012e+00,3.6748610018e+00,3.6073072588e+00,3.5336770044e+00,3.3554616084e+00,3.1201660865e+00,2.8681159840e+00,2.6455201162e+00,2.2997422086e+00,1.8908750900e+00,1.6164989339e+00,1.2646955851e+00,9.6872835912e-01,7.3245536681e-01,5.3544885020e-01,3.8619402052e-01,2.9303283625e-01,2.2150323104e-01,1.6617367863e-01,1.1816059906e-01,7.2561277040e-02,3.4410882013e-02,1.1254259947e-02,1.7256387803e-03,3.4596087043e-05,0.0000000000e+00,0.0000000000e+00,0.0000000000e+00,0.0000000000e+00,0.0000000000e+00,0.0000000000e+00,0.0000000000e+00,0.0000000000e+00,0.0000000000e+00,0.0000000000e+00,0.0000000000e+00,0.0000000000e+00,0.0000000000e+00,0.0000000000e+00,0.0000000000e+00,0.0000000000e+00,0.0000000000e+00,0.0000000000e+00,0.0000000000e+00,0.0000000000e+00,0.0000000000e+00,0.0000000000e+00,0.0000000000e+00,0.0000000000e+00,0.0000000000e+00,0.0000000000e+00,0.0000000000e+00,0.0000000000e+00,0.0000000000e+00,0.0000000000e+00,0.0000000000e+00,0.0000000000e+00,0.0000000000e+00,0.0000000000e+00,0.0000000000e+00,0.0000000000e+00,0.0000000000e+00,0.0000000000e+00,0.0000000000e+00,0.0000000000e+00,0.0000000000e+00,0.0000000000e+00,0.0000000000e+00,0.0000000000e+00,0.0000000000e+00,0.0000000000e+00,0.0000000000e+00,0.0000000000e+00,0.0000000000e+00,0.0000000000e+00,0.0000000000e+00,0.0000000000e+00,0.0000000000e+00,0.0000000000e+00,0.0000000000e+00,0.0000000000e+00,0.0000000000e+00,0.0000000000e+00,0.0000000000e+00,0.0000000000e+00,0.0000000000e+00,0.0000000000e+00,0.0000000000e+00,0.0000000000e+00,0.0000000000e+00,0.0000000000e+00,0.0000000000e+00,0.0000000000e+00,0.0000000000e+00,0.0000000000e+00,0.0000000000e+00,0.0000000000e+00,0.0000000000e+00,0.0000000000e+00,0.0000000000e+00,0.0000000000e+00,0.0000000000e+00,0.0000000000e+00,0.0000000000e+00,0.0000000000e+00,0.0000000000e+00,0.0000000000e+00
2.4244620171e+00,3.7227276905e+00,3.7227276905e+00,3.7227276905e+00,3.7227276905e+00,3.7227276905e+00,3.7227276905e+00,3.7227276905e+00,3.7227276905e+00,3.7227276905e+00,3.7227276905e+00,3.7227276905e+00,3.7227276905e+00,3.7227276905e+00,3.7227276905e+00,3.7227276905e+00,3.7227276905e+00,3.7227276905e+00,3.7227276905e+00,3.7227276905e+00,3.7227276905e+00,3.7227276905e+00,3.7227276905e+00,3.7227276905e+00,3.7227276905e+00,3.7227276905e+00,3.7227276905e+00,3.7227276905e+00,3.7227276905e+00,3.7227276905e+00,3.7227276905e+00,3.7227276905e+00,3.7227276905e+00,3.7227276905e+00,3.7227276905e+00,3.7227276905e+00,3.7227276905e+00,3.7227276905e+00,3.7227276905e+00,3.7227276905e+00,3.7227276905e+00,3.7227276905e+00,3.7227276905e+00,3.7227276905e+00,3.7227276905e+00,3.7227276905e+00,3.7227276905e+00,3.7227276905e+00,3.7227276905e+00,3.7227276905e+00,3.7227276905e+00,3.7227276905e+00,3.7227276905e+00,3.7227276905e+00,3.7227276905e+00,3.7227276905e+00,3.7227595166e+00,3.7228412852e+00,3.7229311793e+00,3.7230300063e+00,3.7231386545e+00,3.7232580999e+00,3.7233894162e+00,3.7235337834e+00,3.7236924993e+00,3.7238669907e+00,3.7240588264e+00,3.7242697315e+00,3.7243844519e+00,3.7244831032e+00,3.7245915581e+00,3.7247107911e+00,3.7248418738e+00,3.7249178709e+00,3.7249043558e+00,3.7248894981e+00,3.7248731644e+00,3.7247250165e+00,3.7245420233e+00,3.7242947555e+00,3.7238495587e+00,3.7233350812e+00,3.7225308668e+00,3.7215958818e+00,3.7204622801e+00,3.7195108207e+00,3.7187866775e+00,3.7184152230e+00,3.7184413785e+00,3.7185181980e+00,3.7177084167e+00,3.7063409034e+00,3.6721749851e+00,3.6295249834e+00,3.5824524907e+00,3.5256843751e+00,3.4646644738e+00,3.3980617778e+00,3.2361384511e+00,3.0220750251e+00,2.7913367256e+00,2.5858365447e+00,2.2645242831e+00,1.8827256167e+00,1.6222532813e+00,1.2854564521e+00,9.9913417425e-01,7.6643985206e-01,5.7044614944e-01,4.1926995377e-01,3.2324413649e-01,2.4856478833e-01,1.8975012176e-01,1.3748326481e-01,8.6532559093e-02,4.2526553681e-02,1.4579959130e-02,2.4074634641e-03,5.6079636632e-05,0.0000000000e+00,0.0000000000e+00,0.0000000000e+00,0.0000000000e+00,0.0000000000e+00,0.0000000000e+00,0.0000000000e+00,0.0000000000e+00,0.0000000000e+00,0.0000000000e+00,0.0000000000e+00,0.0000000000e+00,0.0000000000e+00,0.0000000000e+00,0.0000000000e+00,0.0000000000e+00,0.0000000000e+00,0.0000000000e+00,0.0000000000e+00,0.0000000000e+00,0.0000000000e+00,0.0000000000e+00,0.0000000000e+00,0.0000000000e+00,0.0000000000e+00,0.0000000000e+00,0.0000000000e+00,0.0000000000e+00,0.0000000000e+00,0.0000000000e+00,0.0000000000e+00,0.0000000000e+00,0.0000000000e+00,0.0000000000e+00,0.0000000000e+00,0.0000000000e+00,0.0000000000e+00,0.0000000000e+00,0.0000000000e+00,0.0000000000e+00,0.0000000000e+00,0.0000000000e+00,0.0000000000e+00,0.0000000000e+00,0.0000000000e+00,0.0000000000e+00,0.0000000000e+00,0.0000000000e+00,0.0000000000e+00,0.0000000000e+00,0.0000000000e+00,0.0000000000e+00,0.0000000000e+00,0.0000000000e+00,0.0000000000e+00,0.0000000000e+00,0.0000000000e+00,0.0000000000e+00,0.0000000000e+00,0.0000000000e+00,0.0000000000e+00,0.0000000000e+00,0.0000000000e+00,0.0000000000e+00,0.0000000000e+00,0.0000000000e+00,0.0000000000e+00,0.0000000000e+00,0.0000000000e+00,0.0000000000e+00,0.0000000000e+00,0.0000000000e+00,0.0000000000e+00,0.0000000000e+00,0.0000000000e+00,0.0000000000e+00,0.0000000000e+00,0.0000000000e+00,0.0000000000e+00,0.0000000000e+00,0.0000000000e+00,0.0000000000e+00
2.5342307358e+00,3.5547245132e+00,3.5547245132e+00,3.5547245132e+00,3.5547245132e+00,3.5547245132e+00,3.5547245132e+00,3.5547245132e+00,3.5547245132e+00,3.5547245132e+00,3.5547245132e+00,3.5547245132e+00,3.5547245132e+00,3.5547245132e+00,3.5547245132e+00,3.5547245132e+00,3.5547245132e+00,3.5547245132e+00,3.5547245132e+00,3.5547245132e+00,3.5547245132e+00,3.5547245132e+00,3.5547245132e+00,3.5547245132e+00,3.5547245132e+00,3.5547245132e+00,3.5547245132e+00,3.5547245132e+00,3.5547245132e+00,3.5547245132e+00,3.5547245132e+00,3.5547245132e+00,3.5547245132e+00,3.5547245132e+00,3.5547245132e+00,3.5547245132e+00,3.5547245132e+00,3.5547245132e+00,3.5547245132e+00,3.5547245132e+00,3.5547245132e+00,3.5547245132e+00,3.5547245132e+00,3.5547245132e+00,3.5547245132e+00,3.5547245132e+00,3.5547245132e+00,3.5547245132e+00,3.5547245132e+00,3.5547245132e+00,3.5547245132e+00,3.5547245132e+00,3.5547245132e+00,3.5547245132e+00,3.5547245132e+00,3.5547245132e+00,3.5547519336e+00,3.5548223829e+00,3.5548998325e+00,3.5549849784e+00,3.5550785855e+00,3.5551814949e+00,3.5552946312e+00,3.5554190113e+00,3.5555557530e+00,3.5557060854e+00,3.5558713599e+00,3.5560530626e+00,3.5561498278e+00,3.5562320573e+00,3.5563224582e+00,3.5564218426e+00,3.5565311037e+00,3.5565911471e+00,3.5565715462e+00,3.5565499982e+00,3.5565263096e+00,3.5563847247e+00,3.5562112115e+00,3.5559793108e+00,3.5555696053e+00,3.5550967984e+00,3.5543636697e+00,3.5535115763e+00,3.5524789634e+00,3.5515972343e+00,3.5509051410e+00,3.5505096656e+00,3.5504468100e+00,3.5504078610e+00,3.5495632677e+00,3.5393281251e+00,3.5088211896e+00,3.4707387992e+00,3.4286324328e+00,3.3775806025e+00,3.3225797601e+00,3.2624599495e+00,3.1157260106e+00,2.9215083234e+00,2.7108526138e+00,2.5216976122e+00,2.2241228995e+00,1.8688268267e+00,1.6225634297e+00,1.3015760097e+00,1.0259076843e+00,7.9804701235e-01,6.0423562491e-01,4.5218366473e-01,3.5397622919e-01,2.7666194190e-01,2.1471760099e-01,1.5839408417e-01,1.0208691328e-01,5.1920496723e-02,1.8627302182e-02,3.3023308830e-03,8.8857579765e-05,0.0000000000e+00,0.0000000000e+00,0.0000000000e+00,0.0000000000e+00,0.0000000000e+00,0.0000000000e+00,0.0000000000e+00,0.0000000000e+00,0.0000000000e+00,0.0000000000e+00,0.0000000000e+00,0.0000000000e+00,0.0000000000e+00,0.0000000000e+00,0.0000000000e+00,0.0000000000e+00,0.0000000000e+00,0.0000000000e+00,0.0000000000e+00,0.0000000000e+00,0.0000000000e+00,0.0000000000e+00,0.0000000000e+00,0.0000000000e+00,0.0000000000e+00,0.0000000000e+00,0.0000000000e+00,0.0000000000e+00,0.0000000000e+00,0.0000000000e+00,0.0000000000e+00,0.0000000000e+00,0.0000000000e+00,0.0000000000e+00,0.0000000000e+00,0.0000000000e+00,0.0000000000e+00,0.0000000000e+00,0.0000000000e+00,0.0000000000e+00,0.0000000000e+00,0.0000000000e+00,0.0000000000e+00,0.0000000000e+00,0.0000000000e+00,0.0000000000e+00,0.0000000000e+00,0.0000000000e+00,0.0000000000e+00,0.0000000000e+00,0.0000000000e+00,0.0000000000e+00,0.0000000000e+00,0.0000000000e+00,0.0000000000e+00,0.0000000000e+00,0.0000000000e+00,0.0000000000e+00,0.0000000000e+00,0.0000000000e+00,0.0000000000e+00,0.0000000000e+00,0.0000000000e+00,0.0000000000e+00,0.0000000000e+00,0.0000000000e+00,0.0000000000e+00,0.0000000000e+00,0.0000000000e+00,0.0000000000e+00,0.0000000000e+00,0.0000000000e+00,0.0000000000e+00,0.0000000000e+00,0.0000000000e+00,0.0000000000e+00,0.0000000000e+00,0.0000000000e+00,0.0000000000e+00,0.0000000000e+00,0.0000000000e+00,0.0000000000e+00
2.6489692876e+00,3.3901056028e+00,3.3901056028e+00,3.3901056028e+00,3.3901056028e+00,3.3901056028e+00,3.3901056028e+00,3.3901056028e+00,3.3901056028e+00,3.3901056028e+00,3.3901056028e+00,3.3901056028e+00,3.3901056028e+00,3.3901056028e+00,3.3901056028e+00,3.3901056028e+00,3.3901056028e+00,3.3901056028e+00,3.3901056028e+00,3.3901056028e+00,3.3901056028e+00,3.3901056028e+00,3.3901056028e+00,3.3901056028e+00,3.3901056028e+00,3.3901056028e+00,3.3901056028e+00,3.3901056028e+00,3.3901056028e+00,3.3901056028e+00,3.3901056028e+00,3.3901056028e+00,3.3901056028e+00,3.3901056028e+00,3.3901056028e+00,3.3901056028e+00,3.3901056028e+00,3.3901056028e+00,3.3901056028e+00,3.3901056028e+00,3.3901056028e+00,3.3901056028e+00,3.3901056028e+00,3.3901056028e+00,3.3901056028e+00,3.3901056028e+00,3.3901056028e+00,3.3901056028e+00,3.3901056028e+00,3.3901056028e+00,3.3901056028e+00,3.3901056028e+00,3.3901056028e+00,3.3901056028e+00,3.3901056028e+00,3.3901056028e+00,3.3901291812e+00,3.3901897593e+00,3.3902563568e+00,3.3903295720e+00,3.3904100627e+00,3.3904985518e+00,3.3905958347e+00,3.3907027853e+00,3.3908203649e+00,3.3909496302e+00,3.3910917431e+00,3.3912479811e+00,3.3913293138e+00,3.3913975233e+00,3.3914725107e+00,3.3915549496e+00,3.3916455808e+00,3.3916923049e+00,3.3916682679e+00,3.3916418432e+00,3.3916127935e+00,3.3914784729e+00,3.3913149802e+00,3.3910985567e+00,3.3907226430e+00,3.3902893815e+00,3.3896225566e+00,3.3888477505e+00,3.3879092426e+00,3.3870951329e+00,3.3864386005e+00,3.3860307542e+00,3.3859001523e+00,3.3857724144e+00,3.3849141096e+00,3.3757194807e+00,3.3485351154e+00,3.3145991596e+00,3.2770094634e+00,3.2311911675e+00,3.1817173286e+00,3.1275590494e+00,2.9949265427e+00,2.8191764651e+00,2.6273609407e+00,2.4537514407e+00,2.1790591873e+00,1.8495327568e+00,1.6176286972e+00,1.3130422305e+00,1.0488706419e+00,8.2698534382e-01,6.3645973808e-01,4.8456848509e-01,3.8489184390e-01,3.0550253517e-01,2.4084549866e-01,1.8074646400e-01,1.1918293061e-01,6.2644459911e-02,2.3478822585e-02,4.4562342586e-03,1.3771836480e-04,0.0000000000e+00,0.0000000000e+00,0.0000000000e+00,0.0000000000e+00,0.0000000000e+00,0.0000000000e+00,0.0000000000e+00,0.0000000000e+00,0.0000000000e+00,0.0000000000e+00,0.0000000000e+00,0.0000000000e+00,0.0000000000e+00,0.0000000000e+00,0.0000000000e+00,0.0000000000e+00,0.0000000000e+00,0.0000000000e+00,0.0000000000e+00,0.0000000000e+00,0.0000000000e+00,0.0000000000e+00,0.0000000000e+00,0.0000000000e+00,0.0000000000e+00,0.0000000000e+00,0.0000000000e+00,0.0000000000e+00,0.0000000000e+00,0.0000000000e+00,0.0000000000e+00,0.0000000000e+00,0.0000000000e+00,0.0000000000e+00,0.0000000000e+00,0.0000000000e+00,0.0000000000e+00,0.0000000000e+00,0.0000000000e+00,0.0000000000e+00,0.0000000000e+00,0.0000000000e+00,0.0000000000e+00,0.0000000000e+00,0.0000000000e+00,0.0000000000e+00,0.0000000000e+00,0.0000000000e+00,0.0000000000e+00,0.0000000000e+00,0.0000000000e+00,0.0000000000e+00,0.0000000000e+00,0.0000000000e+00,0.0000000000e+00,0.0000000000e+00,0.0000000000e+00,0.0000000000e+00,0.0000000000e+00,0.0000000000e+00,0.0000000000e+00,0.0000000000e+00,0.0000000000e+00,0.0000000000e+00,0.0000000000e+00,0.0000000000e+00,0.0000000000e+00,0.0000000000e+00,0.0000000000e+00,0.0000000000e+00,0.0000000000e+00,0.0000000000e+00,0.0000000000e+00,0.0000000000e+00,0.0000000000e+00,0.0000000000e+00,0.0000000000e+00,0.0000000000e+00,0.0000000000e+00,0.0000000000e+00,0.0000000000e+00,0.0000000000e+00
2.7689026842e+00,3.2294275793e+00,3.2294275793e+00,3.2294275793e+00,3.2294275793e+00,3.2294275793e+00,3.2294275793e+00,3.2294275793e+00,3.2294275793e+00,3.2294275793e+00,3.2294275793e+00,3.2294275793e+00,3.2294275793e+00,3.2294275793e+00,3.2294275793e+00,3.2294275793e+00,3.2294275793e+00,3.2294275793e+00,3.2294275793e+00,3.2294275793e+00,3.2294275793e+00,3.2294275793e+00,3.2294275793e+00,3.2294275793e+00,3.2294275793e+00,3.2294275793e+00,3.2294275793e+00,3.2294275793e+00,3.2294275793e+00,3.2294275793e+00,3.2294275793e+00,3.2294275793e+00,3.2294275793e+00,3.2294275793e+00,3.2294275793e+00,3.2294275793e+00,3.2294275793e+00,3.2294275793e+00,3.2294275793e+00,3.2294275793e+00,3.2294275793e+00,3.2294275793e+00,3.2294275793e+00,3.2294275793e+00,3.2294275793e+00,3.2294275793e+00,3.2294275793e+00,3.2294275793e+00,3.2294275793e+00,3.2294275793e+00,3.2294275793e+00,3.2294275793e+00,3.2294275793e+00,3.2294275793e+00,3.2294275793e+00,3.2294275793e+00,3.2294478168e+00,3.2294998115e+00,3.2295569725e+00,3.2296198134e+00,3.2296888986e+00,3.2297648489e+00,3.2298483465e+00,3.2299401417e+00,3.2300410593e+00,3.2301520063e+00,3.2302739797e+00,3.2304080759e+00,3.2304761964e+00,3.2305324906e+00,3.2305943785e+00,3.2306624160e+00,3.2307372144e+00,3.2307729002e+00,3.2307458031e+00,3.2307160144e+00,3.2306832665e+00,3.2305566688e+00,3.2304034890e+00,3.2302024184e+00,3.2298584851e+00,3.2294625411e+00,3.2288573193e+00,3.2281542926e+00,3.2273031280e+00,3.2265540043e+00,3.2259352767e+00,3.2255243866e+00,3.2253437142e+00,3.2251496543e+00,3.2242944072e+00,3.2160520939e+00,3.1918747335e+00,3.1616905248e+00,3.1281954510e+00,3.0871532418e+00,3.0427379982e+00,2.9940441985e+00,2.8744477077e+00,2.7158067920e+00,2.5415872290e+00,2.3826859177e+00,2.1299127208e+00,1.8252750482e+00,1.6077328867e+00,1.3199295437e+00,1.0679239853e+00,8.5302390903e-01,6.6679987443e-01,5.1607178818e-01,4.1564845699e-01,3.3477315892e-01,2.6786971856e-01,2.0435306990e-01,1.3773922741e-01,7.4722372410e-02,2.9209192622e-02,5.9189036093e-03,2.0893125526e-04,0.0000000000e+00,0.0000000000e+00,0.0000000000e+00,0.0000000000e+00,0.0000000000e+00,0.0000000000e+00,0.0000000000e+00,0.0000000000e+00,0.0000000000e+00,0.0000000000e+00,0.0000000000e+00,0.0000000000e+00,0.0000000000e+00,0.0000000000e+00,0.0000000000e+00,0.0000000000e+00,0.0000000000e+00,0.0000000000e+00,0.0000000000e+00,0.0000000000e+00,0.0000000000e+00,0.0000000000e+00,0.0000000000e+00,0.0000000000e+00,0.0000000000e+00,0.0000000000e+00,0.0000000000e+00,0.0000000000e+00,0.0000000000e+00,0.0000000000e+00,0.0000000000e+00,0.0000000000e+00,0.0000000000e+00,0.0000000000e+00,0.0000000000e+00,0.0000000000e+00,0.0000000000e+00,0.0000000000e+00,0.0000000000e+00,0.0000000000e+00,0.0000000000e+00,0.0000000000e+00,0.0000000000e+00,0.0000000000e+00,0.0000000000e+00,0.0000000000e+00,0.0000000000e+00,0.0000000000e+00,0.0000000000e+00,0.0000000000e+00,0.0000000000e+00,0.0000000000e+00,0.0000000000e+00,0.0000000000e+00,0.0000000000e+00,0.0000000000e+00,0.0000000000e+00,0.0000000000e+00,0.0000000000e+00,0.0000000000e+00,0.0000000000e+00,0.0000000000e+00,0.0000000000e+00,0.0000000000e+00,0.0000000000e+00,0.0000000000e+00,0.0000000000e+00,0.0000000000e+00,0.0000000000e+00,0.0000000000e+00,0.0000000000e+00,0.0000000000e+00,0.0000000000e+00,0.0000000000e+00,0.0000000000e+00,0.0000000000e+00,0.0000000000e+00,0.0000000000e+00,0.0000000000e+00,0.0000000000e+00,0.0000000000e+00,0.0000000000e+00
2.8942661247e+00,3.0732215345e+00,3.0732215345e+00,3.0732215345e+00,3.0732215345e+00,3.0732215345e+00,3.0732215345e+00,3.0732215345e+00,3.0732215345e+00,3.0732215345e+00,3.0732215345e+00,3.0732215345e+00,3.0732215345e+00,3.0732215345e+00,3.0732215345e+00,3.0732215345e+00,3.0732215345e+00,3.0732215345e+00,3.0732215345e+00,3.0732215345e+00,3.0732215345e+00,3.0732215345e+00,3.0732215345e+00,3.0732215345e+00,3.0732215345e+00,3.0732215345e+00,3.0732215345e+00,3.0732215345e+00,3.0732215345e+00,3.0732215345e+00,3.0732215345e+00,3.0732215345e+00,3.0732215345e+00,3.0732215345e+00,3.0732215345e+00,3.0732215345e+00,3.0732215345e+00,3.0732215345e+00,3.0732215345e+00,3.0732215345e+00,3.0732215345e+00,3.0732215345e+00,3.0732215345e+00,3.0732215345e+00,3.0732215345e+00,3.0732215345e+00,3.0732215345e+00,3.0732215345e+00,3.0732215345e+00,3.0732215345e+00,3.0732215345e+00,3.0732215345e+00,3.0732215345e+00,3.0732215345e+00,3.0732215345e+00,3.0732215345e+00,3.0732388753e+00,3.0732834276e+00,3.0733324067e+00,3.0733862525e+00,3.0734454488e+00,3.0735105273e+00,3.0735820726e+00,3.0736607275e+00,3.0737471988e+00,3.0738422633e+00,3.0739467755e+00,3.0740616746e+00,3.0741185288e+00,3.0741647442e+00,3.0742155516e+00,3.0742714076e+00,3.0743328137e+00,3.0743594253e+00,3.0743304025e+00,3.0742984967e+00,3.0742634216e+00,3.0741447995e+00,3.0740020162e+00,3.0738159820e+00,3.0735021437e+00,3.0731412276e+00,3.0725930234e+00,3.0719564061e+00,3.0711859961e+00,3.0704988285e+00,3.0699190936e+00,3.0695124935e+00,3.0692963097e+00,3.0690544741e+00,3.0682153414e+00,3.0608412571e+00,3.0393763115e+00,3.0125757060e+00,2.9827807385e+00,2.9460830490e+00,2.9062824984e+00,2.8625813690e+00,2.7549854448e+00,2.6121258582e+00,2.4542675495e+00,2.3092112633e+00,2.0773055067e+00,1.7965493260e+00,1.5932338960e+00,1.3223938439e+00,1.0830480664e+00,8.7599765629e-01,6.9498551825e-01,5.4636648099e-01,4.4591014164e-01,3.6415038544e-01,2.9550218084e-01,2.2899202704e-01,1.5763590137e-01,8.8147414729e-02,3.5881415973e-02,7.7425363837e-03,3.1048645327e-04,0.0000000000e+00,0.0000000000e+00,0.0000000000e+00,0.0000000000e+00,0.0000000000e+00,0.0000000000e+00,0.0000000000e+00,0.0000000000e+00,0.0000000000e+00,0.0000000000e+00,0.0000000000e+00,0.0000000000e+00,0.0000000000e+00,0.0000000000e+00,0.0000000000e+00,0.0000000000e+00,0.0000000000e+00,0.0000000000e+00,0.0000000000e+00,0.0000000000e+00,0.0000000000e+00,0.0000000000e+00,0.0000000000e+00,0.0000000000e+00,0.0000000000e+00,0.0000000000e+00,0.0000000000e+00,0.0000000000e+00,0.0000000000e+00,0.0000000000e+00,0.0000000000e+00,0.0000000000e+00,0.0000000000e+00,0.0000000000e+00,0.0000000000e+00,0.0000000000e+00,0.0000000000e+00,0.0000000000e+00,0.0000000000e+00,0.0000000000e+00,0.0000000000e+00,0.0000000000e+00,0.0000000000e+00,0.0000000000e+00,0.0000000000e+00,0.0000000000e+00,0.0000000000e+00,0.0000000000e+00,0.0000000000e+00,0.0000000000e+00,0.0000000000e+00,0.0000000000e+00,0.0000000000e+00,0.0000000000e+00,0.0000000000e+00,0.0000000000e+00,0.0000000000e+00,0.0000000000e+00,0.0000000000e+00,0.0000000000e+00,0.0000000000e+00,0.0000000000e+00,0.0000000000e+00,0.0000000000e+00,0.0000000000e+00,0.0000000000e+00,0.0000000000e+00,0.0000000000e+00,0.0000000000e+00,0.0000000000e+00,0.0000000000e+00,0.0000000000e+00,0.0000000000e+00,0.0000000000e+00,0.0000000000e+00,0.0000000000e+00,0.0000000000e+00,0.0000000000e+00,0.0000000000e+00,0.0000000000e+00,0.0000000000e+00,0.0000000000e+00
3.0253054571e+00,2.9219781595e+00,2.9219781595e+00,2.9219781595e+00,2.9219781595e+00,2.9219781595e+00,2.9219781595e+00,2.9219781595e+00,2.9219781595e+00,2.9219781595e+00,2.9219781595e+00,2.9219781595e+00,2.9219781595e+00,2.9219781595e+00,2.9219781595e+00,2.9219781595e+00,2.9219781595e+00,2.9219781595e+00,2.9219781595e+00,2.9219781595e+00,2.9219781595e+00,2.9219781595e+00,2.9219781595e+00,2.9219781595e+00,2.9219781595e+00,2.9219781595e+00,2.9219781595e+00,2.9219781595e+00,2.9219781595e+00,2.9219781595e+00,2.9219781595e+00,2.9219781595e+00,2.9219781595e+00,2.9219781595e+00,2.9219781595e+00,2.9219781595e+00,2.9219781595e+00,2.9219781595e+00,2.9219781595e+00,2.9219781595e+00,2.9219781595e+00,2.9219781595e+00,2.9219781595e+00,2.9219781595e+00,2.9219781595e+00,2.9219781595e+00,2.9219781595e+00,2.9219781595e+00,2.9219781595e+00,2.9219781595e+00,2.9219781595e+00,2.9219781595e+00,2.9219781595e+00,2.9219781595e+00,2.9219781595e+00,2.9219781595e+00,2.9219929958e+00,2.9220311136e+00,2.9220730188e+00,2.9221190877e+00,2.9221697343e+00,2.9222254133e+00,2.9222866251e+00,2.9223539194e+00,2.9224279008e+00,2.9225092342e+00,2.9225986502e+00,2.9226969525e+00,2.9227442386e+00,2.9227819700e+00,2.9228234504e+00,2.9228690524e+00,2.9229191856e+00,2.9229384036e+00,2.9229083774e+00,2.9228753685e+00,2.9228390809e+00,2.9227285148e+00,2.9225960395e+00,2.9224245700e+00,2.9221389020e+00,2.9218106986e+00,2.9213150726e+00,2.9207396679e+00,2.9200436417e+00,2.9194151158e+00,2.9188746935e+00,2.9184780188e+00,2.9182381916e+00,2.9179637371e+00,2.9171506190e+00,2.9105651490e+00,2.8915389708e+00,2.8677802389e+00,2.8413183391e+00,2.8085599260e+00,2.7729554059e+00,2.7338012051e+00,2.6372071749e+00,2.5088417907e+00,2.3661304875e+00,2.2340419103e+00,2.0218845946e+00,1.7638994146e+00,1.5745506613e+00,1.3206642844e+00,1.0942994910e+00,8.9580964091e-01,7.2080092285e-01,5.7516094521e-01,4.7535880743e-01,3.9331229154e-01,3.2344143508e-01,2.5441491091e-01,1.7871802964e-01,1.0288061456e-01,4.3543333432e-02,9.9802212828e-03,4.5230254268e-04,0.0000000000e+00,0.0000000000e+00,0.0000000000e+00,0.0000000000e+00,0.0000000000e+00,0.0000000000e+00,0.0000000000e+00,0.0000000000e+00,0.0000000000e+00,0.0000000000e+00,0.0000000000e+00,0.0000000000e+00,0.0000000000e+00,0.0000000000e+00,0.0000000000e+00,0.0000000000e+00,0.0000000000e+00,0.0000000000e+00,0.0000000000e+00,0.0000000000e+00,0.0000000000e+00,0.0000000000e+00,0.0000000000e+00,0.0000000000e+00,0.0000000000e+00,0.0000000000e+00,0.0000000000e+00,0.0000000000e+00,0.0000000000e+00,0.0000000000e+00,0.0000000000e+00,0.0000000000e+00,0.0000000000e+00,0.0000000000e+00,0.0000000000e+00,0.0000000000e+00,0.0000000000e+00,0.0000000000e+00,0.0000000000e+00,0.0000000000e+00,0.0000000000e+00,0.0000000000e+00,0.0000000000e+00,0.0000000000e+00,0.0000000000e+00,0.0000000000e+00,0.0000000000e+00,0.0000000000e+00,0.0000000000e+00,0.0000000000e+00,0.0000000000e+00,0.0000000000e+00,0.0000000000e+00,0.0000000000e+00,0.0000000000e+00,0.0000000000e+00,0.0000000000e+00,0.0000000000e+00,0.0000000000e+00,0.0000000000e+00,0.0000000000e+00,0.0000000000e+00,0.0000000000e+00,0.0000000000e+00,0.0000000000e+00,0.0000000000e+00,0.0000000000e+00,0.0000000000e+00,0.0000000000e+00,0.0000000000e+00,0.0000000000e+00,0.0000000000e+00,0.0000000000e+00,0.0000000000e+00,0.0000000000e+00,0.0000000000e+00,0.0000000000e+00,0.0000000000e+00,0.0000000000e+00,0.0000000000e+00,0.0000000000e+00,0.0000000000e+00
3.1622776602e+00,2.7761346139e+00,2.7761346139e+00,2.7761346139e+00,2.7761346139e+00,2.7761346139e+00,2.7761346139e+00,2.7761346139e+00,2.7761346139e+00,2.7761346139e+00,2.7761346139e+00,2.7761346139e+00,2.7761346139e+00,2.7761346139e+00,2.7761346139e+00,2.7761346139e+00,2.7761346139e+00,2.7761346139e+00,2.7761346139e+00,2.7761346139e+00,2.7761346139e+00,2.7761346139e+00,2.7761346139e+00,2.7761346139e+00,2.7761346139e+00,2.7761346139e+00,2.7761346139e+00,2.7761346139e+00,2.7761346139e+00,2.7761346139e+00,2.7761346139e+00,2.7761346139e+00,2.7761346139e+00,2.7761346139e+00,2.7761346139e+00,2.7761346139e+00,2.7761346139e+00,2.7761346139e+00,2.7761346139e+00,2.7761346139e+00,2.7761346139e+00,2.7761346139e+00,2.7761346139e+00,2.7761346139e+00,2.7761346139e+00,2.7761346139e+00,2.7761346139e+00,2.7761346139e+00,2.7761346139e+00,2.7761346139e+00,2.7761346139e+00,2.7761346139e+00,2.7761346139e+00,2.7761346139e+00,2.7761346139e+00,2.7761346139e+00,2.7761472910e+00,2.7761798611e+00,2.7762156673e+00,2.7762550312e+00,2.7762983064e+00,2.7763458815e+00,2.7763981840e+00,2.7764556836e+00,2.7765188969e+00,2.7765883918e+00,2.7766647927e+00,2.7767487860e+00,2.7767879794e+00,2.7768186049e+00,2.7768522733e+00,2.7768892870e+00,2.7769299784e+00,2.7769432316e+00,2.7769129397e+00,2.7768796389e+00,2.7768430302e+00,2.7767404593e+00,2.7766180639e+00,2.7764605673e+00,2.7762011353e+00,2.7759033369e+00,2.7754560216e+00,2.7749368368e+00,2.7743090795e+00,2.7737356952e+00,2.7732342057e+00,2.7728516579e+00,2.7725977454e+00,2.7723029177e+00,2.7715230568e+00,2.7656513264e+00,2.7488110070e+00,2.7277785042e+00,2.7043098590e+00,2.6751120640e+00,2.6433107021e+00,2.6082844041e+00,2.5217363605e+00,2.4066277192e+00,2.2778798325e+00,2.1578787711e+00,1.9643043570e+00,1.7279003661e+00,1.5521482893e+00,1.3150324758e+00,1.1018049230e+00,9.1243017119e-01,7.4408899675e-01,6.0220688052e-01,5.0370413548e-01,4.2194949938e-01,3.5138363466e-01,2.8035593138e-01,2.0080094065e-01,1.1885108240e-01,5.2224696540e-02,1.2684133081e-02,6.4637754658e-04,0.0000000000e+00,0.0000000000e+00,0.0000000000e+00,0.0000000000e+00,0.0000000000e+00,0.0000000000e+00,0.0000000000e+00,0.0000000000e+00,0.0000000000e+00,0.0000000000e+00,0.0000000000e+00,0.0000000000e+00,0.0000000000e+00,0.0000000000e+00,0.0000000000e+00,0.0000000000e+00,0.0000000000e+00,0.0000000000e+00,0.0000000000e+00,0.0000000000e+00,0.0000000000e+00,0.0000000000e+00,0.0000000000e+00,0.0000000000e+00,0.0000000000e+00,0.0000000000e+00,0.0000000000e+00,0.0000000000e+00,0.0000000000e+00,0.0000000000e+00,0.0000000000e+00,0.0000000000e+00,0.0000000000e+00,0.0000000000e+00,0.0000000000e+00,0.0000000000e+00,0.0000000000e+00,0.0000000000e+00,0.0000000000e+00,0.0000000000e+00,0.0000000000e+00,0.0000000000e+00,0.0000000000e+00,0.0000000000e+00,0.0000000000e+00,0.0000000000e+00,0.0000000000e+00,0.0000000000e+00,0.0000000000e+00,0.0000000000e+00,0.0000000000e+00,0.0000000000e+00,0.0000000000e+00,0.0000000000e+00,0.0000000000e+00,0.0000000000e+00,0.0000000000e+00,0.0000000000e+00,0.0000000000e+00,0.0000000000e+00,0.0000000000e+00,0.0000000000e+00,0.0000000000e+00,0.0000000000e+00,0.0000000000e+00,0.0000000000e+00,0.0000000000e+00,0.0000000000e+00,0.0000000000e+00,0.0000000000e+00,0.0000000000e+00,0.0000000000e+00,0.0000000000e+00,0.0000000000e+00,0.0000000000e+00,0.0000000000e+00,0.0000000000e+00,0.0000000000e+00,0.0000000000e+00,0.0000000000e+00,0.0000000000e+00,0.0000000000e+00
3.3054513476e+00,2.6360639139e+00,2.6360639139e+00,2.6360639139e+00,2.6360639139e+00,2.6360639139e+00,2.6360639139e+00,2.6360639139e+00,2.6360639139e+00,2.6360639139e+00,2.6360639139e+00,2.6360639139e+00,2.6360639139e+00,2.6360639139e+00,2.6360639139e+00,2.6360639139e+00,2.6360639139e+00,2.6360639139e+00,2.6360639139e+00,2.6360639139e+00,2.6360639139e+00,2.6360639139e+00,2.6360639139e+00,2.6360639139e+00,2.6360639139e+00,2.6360639139e+00,2.6360639139e+00,2.6360639139e+00,2.6360639139e+00,2.6360639139e+00,2.6360639139e+00,2.6360639139e+00,2.6360639139e+00,2.6360639139e+00,2.6360639139e+00,2.6360639139e+00,2.6360639139e+00,2.6360639139e+00,2.6360639139e+00,2.6360639139e+00,2.6360639139e+00,2.6360639139e+00,2.6360639139e+00,2.6360639139e+00,2.6360639139e+00,2.6360639139e+00,2.6360639139e+00,2.6360639139e+00,2.6360639139e+00,2.6360639139e+00,2.6360639139e+00,2.6360639139e+00,2.6360639139e+00,2.6360639139e+00,2.6360639139e+00,2.6360639139e+00,2.6360747343e+00,2.6361025340e+00,2.6361330959e+00,2.6361666943e+00,2.6362036311e+00,2.6362442379e+00,2.6362888796e+00,2.6363379571e+00,2.6363919113e+00,2.6364512268e+00,2.6365164366e+00,2.6365881266e+00,2.6366205027e+00,2.6366452069e+00,2.6366723655e+00,2.6367022226e+00,2.6367350462e+00,2.6367435406e+00,2.6367135617e+00,2.6366806049e+00,2.6366443744e+00,2.6365496241e+00,2.6364369709e+00,2.6362927656e+00,2.6360576532e+00,2.6357879874e+00,2.6353849088e+00,2.6349171808e+00,2.6343518646e+00,2.6338300217e+00,2.6333665334e+00,2.6330011157e+00,2.6327407081e+00,2.6324352694e+00,2.6316936947e+00,2.6264657470e+00,2.6115787354e+00,2.5929823656e+00,2.5721939213e+00,2.5462047118e+00,2.5178397481e+00,2.4865494594e+00,2.4091392643e+00,2.3061071736e+00,2.1901789320e+00,2.0813928493e+00,1.9052094258e+00,1.6891412860e+00,1.5265222940e+00,1.3058398471e+00,1.1057523886e+00,9.2589311752e-01,7.6475234673e-01,6.2730469494e-01,5.3069165945e-01,4.4977505158e-01,3.7903313543e-01,3.0654165460e-01,2.2367686513e-01,1.3595787359e-01,6.1935028366e-02,1.5903606013e-02,9.0686109976e-04,0.0000000000e+00,0.0000000000e+00,0.0000000000e+00,0.0000000000e+00,0.0000000000e+00,0.0000000000e+00,0.0000000000e+00,0.0000000000e+00,0.0000000000e+00,0.0000000000e+00,0.0000000000e+00,0.0000000000e+00,0.0000000000e+00,0.0000000000e+00,0.0000000000e+00,0.0000000000e+00,0.0000000000e+00,0.0000000000e+00,0.0000000000e+00,0.0000000000e+00,0.0000000000e+00,0.0000000000e+00,0.0000000000e+00,0.0000000000e+00,0.0000000000e+00,0.0000000000e+00,0.0000000000e+00,0.0000000000e+00,0.0000000000e+00,0.0000000000e+00,0.0000000000e+00,0.0000000000e+00,0.0000000000e+00,0.0000000000e+00,0.0000000000e+00,0.0000000000e+00,0.0000000000e+00,0.0000000000e+00,0.0000000000e+00,0.0000000000e+00,0.0000000000e+00,0.0000000000e+00,0.0000000000e+00,0.0000000000e+00,0.0000000000e+00,0.0000000000e+00,0.0000000000e+00,0.0000000000e+00,0.0000000000e+00,0.0000000000e+00,0.0000000000e+00,0.0000000000e+00,0.0000000000e+00,0.0000000000e+00,0.0000000000e+00,0.0000000000e+00,0.0000000000e+00,0.0000000000e+00,0.0000000000e+00,0.0000000000e+00,0.0000000000e+00,0.0000000000e+00,0.0000000000e+00,0.0000000000e+00,0.0000000000e+00,0.0000000000e+00,0.0000000000e+00,0.0000000000e+00,0.0000000000e+00,0.0000000000e+00,0.0000000000e+00,0.0000000000e+00,0.0000000000e+00,0.0000000000e+00,0.0000000000e+00,0.0000000000e+00,0.0000000000e+00,0.0000000000e+00,0.0000000000e+00,0.0000000000e+00,0.0000000000e+00,0.0000000000e+00
3.4551072946e+00,2.5020673456e+00,2.5020673456e+00,2.5020673456e+00,2.5020673456e+00,2.5020673456e+00,2.5020673456e+00,2.5020673456e+00,2.5020673456e+00,2.5020673456e+00,2.5020673456e+00,2.5020673456e+00,2.5020673456e+00,2.5020673456e+00,2.5020673456e+00,2.5020673456e+00,2.5020673456e+00,2.5020673456e+00,2.5020673456e+00,2.5020673456e+00,2.5020673456e+00,2.5020673456e+00,2.5020673456e+00,2.5020673456e+00,2.5020673456e+00,2.5020673456e+00,2.5020673456e+00,2.5020673456e+00,2.5020673456e+00,2.5020673456e+00,2.5020673456e+00,2.5020673456e+00,2.5020673456e+00,2.5020673456e+00,2.5020673456e+00,2.5020673456e+00,2.5020673456e+00,2.5020673456e+00,2.5020673456e+00,2.5020673456e+00,2.5020673456e+00,2.5020673456e+00,2.5020673456e+00,2.5020673456e+00,2.5020673456e+00,2.5020673456e+00,2.5020673456e+00,2.5020673456e+00,2.5020673456e+00,2.5020673456e+00,2.5020673456e+00,2.5020673456e+00,2.5020673456e+00,2.5020673456e+00,2.5020673456e+00,2.5020673456e+00,2.5020765734e+00,2.5021002815e+00,2.5021263453e+00,2.5021549986e+00,2.5021864989e+00,2.5022211291e+00,2.5022592001e+00,2.5023010540e+00,2.5023470667e+00,2.5023976515e+00,2.5024532629e+00,2.5025144004e+00,2.5025410571e+00,2.5025608525e+00,2.5025826147e+00,2.5026065391e+00,2.5026328405e+00,2.5026375865e+00,2.5026083630e+00,2.5025762367e+00,2.5025409192e+00,2.5024537262e+00,2.5023503943e+00,2.5022187361e+00,2.5020060671e+00,2.5017623211e+00,2.5013996162e+00,2.5009788313e+00,2.5004704393e+00,2.4999965110e+00,2.4995696703e+00,2.4992233963e+00,2.4989624199e+00,2.4986540302e+00,2.4979539506e+00,2.4933048350e+00,2.4801583836e+00,2.4637328572e+00,2.4453376374e+00,2.4222314044e+00,2.3969622522e+00,2.3690433608e+00,2.2999145530e+00,2.2078421687e+00,2.1036374888e+00,2.0052110232e+00,1.8452191852e+00,1.6482089169e+00,1.4981828778e+00,1.2934640254e+00,1.1063807780e+00,9.3628983121e-01,7.8275164817e-01,6.5030630956e-01,5.5610863069e-01,4.7653257660e-01,4.0611205577e-01,3.3270059362e-01,2.4712246627e-01,1.5407331539e-01,7.2662419268e-02,1.9683204536e-02,1.2500288722e-03,0.0000000000e+00,0.0000000000e+00,0.0000000000e+00,0.0000000000e+00,0.0000000000e+00,0.0000000000e+00,0.0000000000e+00,0.0000000000e+00,0.0000000000e+00,0.0000000000e+00,0.0000000000e+00,0.0000000000e+00,0.0000000000e+00,0.0000000000e+00,0.0000000000e+00,0.0000000000e+00,0.0000000000e+00,0.0000000000e+00,0.0000000000e+00,0.0000000000e+00,0.0000000000e+00,0.0000000000e+00,0.0000000000e+00,0.0000000000e+00,0.0000000000e+00,0.0000000000e+00,0.0000000000e+00,0.0000000000e+00,0.0000000000e+00,0.0000000000e+00,0.0000000000e+00,0.0000000000e+00,0.0000000000e+00,0.0000000000e+00,0.0000000000e+00,0.0000000000e+00,0.0000000000e+00,0.0000000000e+00,0.0000000000e+00,0.0000000000e+00,0.0000000000e+00,0.0000000000e+00,0.0000000000e+00,0.0000000000e+00,0.0000000000e+00,0.0000000000e+00,0.0000000000e+00,0.0000000000e+00,0.0000000000e+00,0.0000000000e+00,0.0000000000e+00,0.0000000000e+00,0.0000000000e+00,0.0000000000e+00,0.0000000000e+00,0.0000000000e+00,0.0000000000e+00,0.0000000000e+00,0.0000000000e+00,0.0000000000e+00,0.0000000000e+00,0.0000000000e+00,0.0000000000e+00,0.0000000000e+00,0.0000000000e+00,0.0000000000e+00,0.0000000000e+00,0.0000000000e+00,0.0000000000e+00,0.0000000000e+00,0.0000000000e+00,0.0000000000e+00,0.0000000000e+00,0.0000000000e+00,0.0000000000e+00,0.0000000000e+00,0.0000000000e+00,0.0000000000e+00,0.0000000000e+00,0.0000000000e+00,0.0000000000e+00,0.0000000000e+00
3.6115389887e+00,2.3743701270e+00,2.3743701270e+00,2.3743701270e+00,2.3743701270e+00,2.3743701270e+00,2.3743701270e+00,2.3743701270e+00,2.3743701270e+00,2.3743701270e+00,2.3743701270e+00,2.3743701270e+00,2.3743701270e+00,2.3743701270e+00,2.3743701270e+00,2.3743701270e+00,2.3743701270e+00,2.3743701270e+00,2.3743701270e+00,2.3743701270e+00,2.3743701270e+00,2.3743701270e+00,2.3743701270e+00,2.3743701270e+00,2.3743701270e+00,2.3743701270e+00,2.3743701270e+00,2.3743701270e+00,2.3743701270e+00,2.3743701270e+00,2.3743701270e+00,2.3743701270e+00,2.3743701270e+00,2.3743701270e+00,2.3743701270e+00,2.3743701270e+00,2.3743701270e+00,2.3743701270e+00,2.3743701270e+00,2.3743701270e+00,2.3743701270e+00,2.3743701270e+00,2.3743701270e+00,2.3743701270e+00,2.3743701270e+00,2.3743701270e+00,2.3743701270e+00,2.3743701270e+00,2.3743701270e+00,2.3743701270e+00,2.3743701270e+00,2.3743701270e+00,2.3743701270e+00,2.3743701270e+00,2.3743701270e+00,2.3743701270e+00,2.3743779920e+00,2.3743981991e+00,2.3744204137e+00,2.3744448356e+00,2.3744716839e+00,2.3745011999e+00,2.3745336485e+00,2.3745693213e+00,2.3746085386e+00,2.3746516527e+00,2.3746990509e+00,2.3747511590e+00,2.3747730359e+00,2.3747887836e+00,2.3748060959e+00,2.3748251282e+00,2.3748460515e+00,2.3748478888e+00,2.3748197484e+00,2.3747888128e+00,2.3747548043e+00,2.3746748389e+00,2.3745803475e+00,2.3744604535e+00,2.3742684112e+00,2.3740484520e+00,2.3737224811e+00,2.3733443897e+00,2.3728877332e+00,2.3724581278e+00,2.3720662715e+00,2.3717403490e+00,2.3714833360e+00,2.3711778917e+00,2.3705210418e+00,2.3663908213e+00,2.3547912689e+00,2.3402951697e+00,2.3240313871e+00,2.3035084929e+00,2.2810205254e+00,2.2561355638e+00,2.1944861214e+00,2.1123244309e+00,2.0188013352e+00,1.9299045979e+00,1.7849145323e+00,1.6056727997e+00,1.4676401107e+00,1.2783050813e+00,1.1039683087e+00,9.4376125522e-01,7.9810169908e-01,6.7111545756e-01,5.7978751487e-01,5.0200238869e-01,4.3236828006e-01,3.5857206658e-01,2.7090671479e-01,1.7304752570e-01,8.4373326295e-02,2.4060911925e-02,1.6941465824e-03,0.0000000000e+00,0.0000000000e+00,0.0000000000e+00,0.0000000000e+00,0.0000000000e+00,0.0000000000e+00,0.0000000000e+00,0.0000000000e+00,0.0000000000e+00,0.0000000000e+00,0.0000000000e+00,0.0000000000e+00,0.0000000000e+00,0.0000000000e+00,0.0000000000e+00,0.0000000000e+00,0.0000000000e+00,0.0000000000e+00,0.0000000000e+00,0.0000000000e+00,0.0000000000e+00,0.0000000000e+00,0.0000000000e+00,0.0000000000e+00,0.0000000000e+00,0.0000000000e+00,0.0000000000e+00,0.0000000000e+00,0.0000000000e+00,0.0000000000e+00,0.0000000000e+00,0.0000000000e+00,0.0000000000e+00,0.0000000000e+00,0.0000000000e+00,0.0000000000e+00,0.0000000000e+00,0.0000000000e+00,0.0000000000e+00,0.0000000000e+00,0.0000000000e+00,0.0000000000e+00,0.0000000000e+00,0.0000000000e+00,0.0000000000e+00,0.0000000000e+00,0.0000000000e+00,0.0000000000e+00,0.0000000000e+00,0.0000000000e+00,0.0000000000e+00,0.0000000000e+00,0.0000000000e+00,0.0000000000e+00,0.0000000000e+00,0.0000000000e+00,0.0000000000e+00,0.0000000000e+00,0.0000000000e+00,0.0000000000e+00,0.0000000000e+00,0.0000000000e+00,0.0000000000e+00,0.0000000000e+00,0.0000000000e+00,0.0000000000e+00,0.0000000000e+00,0.0000000000e+00,0.0000000000e+00,0.0000000000e+00,0.0000000000e+00,0.0000000000e+00,0.0000000000e+00,0.0000000000e+00,0.0000000000e+00,0.0000000000e+00,0.0000000000e+00,0.0000000000e+00,0.0000000000e+00,0.0000000000e+00,0.0000000000e+00,0.0000000000e+00
3.7750532053e+00,2.2531203098e+00,2.2531203098e+00,2.2531203098e+00,2.2531203098e+00,2.2531203098e+00,2.2531203098e+00,2.2531203098e+00,2.2531203098e+00,2.2531203098e+00,2.2531203098e+00,2.2531203098e+00,2.2531203098e+00,2.2531203098e+00,2.2531203098e+00,2.2531203098e+00,2.2531203098e+00,2.2531203098e+00,2.2531203098e+00,2.2531203098e+00,2.2531203098e+00,2.2531203098e+00,2.2531203098e+00,2.2531203098e+00,2.2531203098e+00,2.2531203098e+00,2.2531203098e+00,2.2531203098e+00,2.2531203098e+00,2.2531203098e+00,2.2531203098e+00,2.2531203098e+00,2.2531203098e+00,2.2531203098e+00,2.2531203098e+00,2.2531203098e+00,2.2531203098e+00,2.2531203098e+00,2.2531203098e+00,2.2531203098e+00,2.2531203098e+00,2.2531203098e+00,2.2531203098e+00,2.2531203098e+00,2.2531203098e+00,2.2531203098e+00,2.2531203098e+00,2.2531203098e+00,2.2531203098e+00,2.2531203098e+00,2.2531203098e+00,2.2531203098e+00,2.2531203098e+00,2.2531203098e+00,2.2531203098e+00,2.2531203098e+00,2.2531270113e+00,2.2531442287e+00,2.2531631568e+00,2.2531839655e+00,2.2532068416e+00,2.2532319907e+00,2.2532596385e+00,2.2532900334e+00,2.2533234483e+00,2.2533601835e+00,2.2534005688e+00,2.2534449670e+00,2.2534628649e+00,2.2534752928e+00,2.2534889554e+00,2.2535039754e+00,2.2535204876e+00,2.2535201084e+00,2.2534932829e+00,2.2534637928e+00,2.2534313734e+00,2.2533582584e+00,2.2532720869e+00,2.2531631559e+00,2.2529899981e+00,2.2527917881e+00,2.2524991431e+00,2.2521597684e+00,2.2517499976e+00,2.2513612083e+00,2.2510024593e+00,2.2506974497e+00,2.2504477754e+00,2.2501497067e+00,2.2495366473e+00,2.2458703302e+00,2.2356422416e+00,2.2228569228e+00,2.2084869030e+00,2.1902729843e+00,2.1702770486e+00,2.1481152677e+00,2.0931992268e+00,2.0199699373e+00,1.9361454367e+00,1.8559809468e+00,1.7248273608e+00,1.5620726168e+00,1.4353906848e+00,1.2607723866e+00,1.0988206870e+00,9.4848886046e-01,8.1086563357e-01,6.8968572890e-01,6.0160716074e-01,5.2600536525e-01,4.5758156849e-01,3.8391384601e-01,2.9479860259e-01,1.9271378097e-01,9.7013368293e-02,2.9066550756e-02,2.2592193537e-03,0.0000000000e+00,0.0000000000e+00,0.0000000000e+00,0.0000000000e+00,0.0000000000e+00,0.0000000000e+00,0.0000000000e+00,0.0000000000e+00,0.0000000000e+00,0.0000000000e+00,0.0000000000e+00,0.0000000000e+00,0.0000000000e+00,0.0000000000e+00,0.0000000000e+00,0.0000000000e+00,0.0000000000e+00,0.0000000000e+00,0.0000000000e+00,0.0000000000e+00,0.0000000000e+00,0.0000000000e+00,0.0000000000e+00,0.0000000000e+00,0.0000000000e+00,0.0000000000e+00,0.0000000000e+00,0.0000000000e+00,0.0000000000e+00,0.0000000000e+00,0.0000000000e+00,0.0000000000e+00,0.0000000000e+00,0.0000000000e+00,0.0000000000e+00,0.0000000000e+00,0.0000000000e+00,0.0000000000e+00,0.0000000000e+00,0.0000000000e+00,0.0000000000e+00,0.0000000000e+00,0.0000000000e+00,0.0000000000e+00,0.0000000000e+00,0.0000000000e+00,0.0000000000e+00,0.0000000000e+00,0.0000000000e+00,0.0000000000e+00,0.0000000000e+00,0.0000000000e+00,0.0000000000e+00,0.0000000000e+00,0.0000000000e+00,0.0000000000e+00,0.0000000000e+00,0.0000000000e+00,0.0000000000e+00,0.0000000000e+00,0.0000000000e+00,0.0000000000e+00,0.0000000000e+00,0.0000000000e+00,0.0000000000e+00,0.0000000000e+00,0.0000000000e+00,0.0000000000e+00,0.0000000000e+00,0.0000000000e+00,0.0000000000e+00,0.0000000000e+00,0.0000000000e+00,0.0000000000e+00,0.0000000000e+00,0.0000000000e+00,0.0000000000e+00,0.0000000000e+00,0.0000000000e+00,0.0000000000e+00,0.0000000000e+00,0.0000000000e+00
3.9459706091e+00,2.1383906107e+00,2.1383906107e+00,2.1383906107e+00,2.1383906107e+00,2.1383906107e+00,2.1383906107e+00,2.1383906107e+00,2.1383906107e+00,2.1383906107e+00,2.1383906107e+00,2.1383906107e+00,2.1383906107e+00,2.1383906107e+00,2.1383906107e+00,2.1383906107e+00,2.1383906107e+00,2.1383906107e+00,2.1383906107e+00,2.1383906107e+00,2.1383906107e+00,2.1383906107e+00,2.1383906107e+00,2.1383906107e+00,2.1383906107e+00,2.1383906107e+00,2.1383906107e+00,2.1383906107e+00,2.1383906107e+00,2.1383906107e+00,2.1383906107e+00,2.1383906107e+00,2.1383906107e+00,2.1383906107e+00,2.1383906107e+00,2.1383906107e+00,2.1383906107e+00,2.1383906107e+00,2.1383906107e+00,2.1383906107e+00,2.1383906107e+00,2.1383906107e+00,2.1383906107e+00,2.1383906107e+00,2.1383906107e+00,2.1383906107e+00,2.1383906107e+00,2.1383906107e+00,2.1383906107e+00,2.1383906107e+00,2.1383906107e+00,2.1383906107e+00,2.1383906107e+00,2.1383906107e+00,2.1383906107e+00,2.1383906107e+00,2.1383963205e+00,2.1384109900e+00,2.1384271171e+00,2.1384448463e+00,2.1384643371e+00,2.1384857644e+00,2.1385093207e+00,2.1385352174e+00,2.1385636873e+00,2.1385949859e+00,2.1386293944e+00,2.1386672219e+00,2.1386818198e+00,2.1386915397e+00,2.1387022254e+00,2.1387139726e+00,2.1387268870e+00,2.1387248564e+00,2.1386994988e+00,2.1386716223e+00,2.1386409769e+00,2.1385743043e+00,2.1384959095e+00,2.1383971388e+00,2.1382412099e+00,2.1380628186e+00,2.1378003270e+00,2.1374959697e+00,2.1371285778e+00,2.1367772228e+00,2.1364495705e+00,2.1361655272e+00,2.1359256175e+00,2.1356381484e+00,2.1350685258e+00,2.1318159321e+00,2.1228011196e+00,2.1115294599e+00,2.0988384062e+00,2.0826834552e+00,2.0649151314e+00,2.0451918026e+00,1.9963197939e+00,1.9311166989e+00,1.8560701374e+00,1.7838783371e+00,1.6654330057e+00,1.5179081206e+00,1.4019067555e+00,1.2412727167e+00,1.0912596524e+00,9.5068506357e-01,8.2114785758e-01,7.0601675751e-01,6.2149185789e-01,5.4840463455e-01,4.8156761915e-01,4.0850826367e-01,3.1857424433e-01,2.1289434123e-01,1.1050902525e-01,3.4720522768e-02,2.9666308471e-03,0.0000000000e+00,0.0000000000e+00,0.0000000000e+00,0.0000000000e+00,0.0000000000e+00,0.0000000000e+00,0.0000000000e+00,0.0000000000e+00,0.0000000000e+00,0.0000000000e+00,0.0000000000e+00,0.0000000000e+00,0.0000000000e+00,0.0000000000e+00,0.0000000000e+00,0.0000000000e+00,0.0000000000e+00,0.0000000000e+00,0.0000000000e+00,0.0000000000e+00,0.0000000000e+00,0.0000000000e+00,0.0000000000e+00,0.0000000000e+00,0.0000000000e+00,0.0000000000e+00,0.0000000000e+00,0.0000000000e+00,0.0000000000e+00,0.0000000000e+00,0.0000000000e+00,0.0000000000e+00,0.0000000000e+00,0.0000000000e+00,0.0000000000e+00,0.0000000000e+00,0.0000000000e+00,0.0000000000e+00,0.0000000000e+00,0.0000000000e+00,0.0000000000e+00,0.0000000000e+00,0.0000000000e+00,0.0000000000e+00,0.0000000000e+00,0.0000000000e+00,0.0000000000e+00,0.0000000000e+00,0.0000000000e+00,0.0000000000e+00,0.0000000000e+00,0.0000000000e+00,0.0000000000e+00,0.0000000000e+00,0.0000000000e+00,0.0000000000e+00,0.0000000000e+00,0.0000000000e+00,0.0000000000e+00,0.0000000000e+00,0.0000000000e+00,0.0000000000e+00,0.0000000000e+00,0.0000000000e+00,0.0000000000e+00,0.0000000000e+00,0.0000000000e+00,0.0000000000e+00,0.0000000000e+00,0.0000000000e+00,0.0000000000e+00,0.0000000000e+00,0.0000000000e+00,0.0000000000e+00,0.0000000000e+00,0.0000000000e+00,0.0000000000e+00,0.0000000000e+00,0.0000000000e+00,0.0000000000e+00,0.0000000000e+00,0.0000000000e+00
4.1246263829e+00,2.0301827580e+00,2.0301827580e+00,2.0301827580e+00,2.0301827580e+00,2.0301827580e+00,2.0301827580e+00,2.0301827580e+00,2.0301827580e+00,2.0301827580e+00,2.0301827580e+00,2.0301827580e+00,2.0301827580e+00,2.0301827580e+00,2.0301827580e+00,2.0301827580e+00,2.0301827580e+00,2.0301827580e+00,2.0301827580e+00,2.0301827580e+00,2.0301827580e+00,2.0301827580e+00,2.0301827580e+00,2.0301827580e+00,2.0301827580e+00,2.0301827580e+00,2.0301827580e+00,2.0301827580e+00,2.0301827580e+00,2.0301827580e+00,2.0301827580e+00,2.0301827580e+00,2.0301827580e+00,2.0301827580e+00,2.0301827580e+00,2.0301827580e+00,2.0301827580e+00,2.0301827580e+00,2.0301827580e+00,2.0301827580e+00,2.0301827580e+00,2.0301827580e+00,2.0301827580e+00,2.0301827580e+00,2.0301827580e+00,2.0301827580e+00,2.0301827580e+00,2.0301827580e+00,2.0301827580e+00,2.0301827580e+00,2.0301827580e+00,2.0301827580e+00,2.0301827580e+00,2.0301827580e+00,2.0301827580e+00,2.0301827580e+00,2.0301876239e+00,2.0302001255e+00,2.0302138691e+00,2.0302289781e+00,2.0302455884e+00,2.0302638489e+00,2.0302839237e+00,2.0303059931e+00,2.0303302552e+00,2.0303569280e+00,2.0303862511e+00,2.0304184877e+00,2.0304303585e+00,2.0304378821e+00,2.0304461532e+00,2.0304552461e+00,2.0304652423e+00,2.0304620176e+00,2.0304382169e+00,2.0304120521e+00,2.0303832884e+00,2.0303226331e+00,2.0302514637e+00,2.0301620632e+00,2.0300218024e+00,2.0298614151e+00,2.0296261399e+00,2.0293533776e+00,2.0290241997e+00,2.0287070521e+00,2.0284084190e+00,2.0281450052e+00,2.0279165157e+00,2.0276418898e+00,2.0271146559e+00,2.0242302303e+00,2.0162866832e+00,2.0063517355e+00,1.9951463690e+00,1.9808236214e+00,1.9650422568e+00,1.9474977301e+00,1.9040365304e+00,1.8460254882e+00,1.7789004174e+00,1.7139637736e+00,1.6071456253e+00,1.4736317912e+00,1.3676271354e+00,1.2202000247e+00,1.0816124376e+00,9.5058369797e-01,8.2908625857e-01,7.2014900969e-01,6.3940861538e-01,5.6910526347e-01,5.0418010918e-01,4.3216660633e-01,3.4202303029e-01,2.3340636048e-01,1.2477010019e-01,4.1032935138e-02,3.8386861581e-03,0.0000000000e+00,0.0000000000e+00,0.0000000000e+00,0.0000000000e+00,0.0000000000e+00,0.0000000000e+00,0.0000000000e+00,0.0000000000e+00,0.0000000000e+00,0.0000000000e+00,0.0000000000e+00,0.0000000000e+00,0.0000000000e+00,0.0000000000e+00,0.0000000000e+00,0.0000000000e+00,0.0000000000e+00,0.0000000000e+00,0.0000000000e+00,0.0000000000e+00,0.0000000000e+00,0.0000000000e+00,0.0000000000e+00,0.0000000000e+00,0.0000000000e+00,0.0000000000e+00,0.0000000000e+00,0.0000000000e+00,0.0000000000e+00,0.0000000000e+00,0.0000000000e+00,0.0000000000e+00,0.0000000000e+00,0.0000000000e+00,0.0000000000e+00,0.0000000000e+00,0.0000000000e+00,0.0000000000e+00,0.0000000000e+00,0.0000000000e+00,0.0000000000e+00,0.0000000000e+00,0.0000000000e+00,0.0000000000e+00,0.0000000000e+00,0.0000000000e+00,0.0000000000e+00,0.0000000000e+00,0.0000000000e+00,0.0000000000e+00,0.0000000000e+00,0.0000000000e+00,0.0000000000e+00,0.0000000000e+00,0.0000000000e+00,0.0000000000e+00,0.0000000000e+00,0.0000000000e+00,0.0000000000e+00,0.0000000000e+00,0.0000000000e+00,0.0000000000e+00,0.0000000000e+00,0.0000000000e+00,0.0000000000e+00,0.0000000000e+00,0.0000000000e+00,0.0000000000e+00,0.0000000000e+00,0.0000000000e+00,0.0000000000e+00,0.0000000000e+00,0.0000000000e+00,0.0000000000e+00,0.0000000000e+00,0.0000000000e+00,0.0000000000e+00,0.0000000000e+00,0.0000000000e+00,0.0000000000e+00,0.0000000000e+00,0.0000000000e+00
4.3113708854e+00,1.9284337898e+00,1.9284337898e+00,1.9284337898e+00,1.9284337898e+00,1.9284337898e+00,1.9284337898e+00,1.9284337898e+00,1.9284337898e+00,1.9284337898e+00,1.9284337898e+00,1.9284337898e+00,1.9284337898e+00,1.9284337898e+00,1.9284337898e+00,1.9284337898e+00,1.9284337898e+00,1.9284337898e+00,1.9284337898e+00,1.9284337898e+00,1.9284337898e+00,1.9284337898e+00,1.9284337898e+00,1.9284337898e+00,1.9284337898e+00,1.9284337898e+00,1.9284337898e+00,1.9284337898e+00,1.9284337898e+00,1.9284337898e+00,1.9284337898e+00,1.9284337898e+00,1.9284337898e+00,1.9284337898e+00,1.9284337898e+00,1.9284337898e+00,1.9284337898e+00,1.9284337898e+00,1.9284337898e+00,1.9284337898e+00,1.9284337898e+00,1.9284337898e+00,1.9284337898e+00,1.9284337898e+00,1.9284337898e+00,1.9284337898e+00,1.9284337898e+00,1.9284337898e+00,1.9284337898e+00,1.9284337898e+00,1.9284337898e+00,1.9284337898e+00,1.9284337898e+00,1.9284337898e+00,1.9284337898e+00,1.9284337898e+00,1.9284379387e+00,1.9284485980e+00,1.9284603163e+00,1.9284731989e+00,1.9284873614e+00,1.9285029309e+00,1.9285200474e+00,1.9285388645e+00,1.9285595512e+00,1.9285822933e+00,1.9286072951e+00,1.9286347810e+00,1.9286444059e+00,1.9286501585e+00,1.9286564827e+00,1.9286634352e+00,1.9286710785e+00,1.9286670255e+00,1.9286448203e+00,1.9286204095e+00,1.9285935739e+00,1.9285385052e+00,1.9284740134e+00,1.9283932165e+00,1.9282671633e+00,1.9281230859e+00,1.9279123223e+00,1.9276680053e+00,1.9273732124e+00,1.9270872219e+00,1.9268155173e+00,1.9265721049e+00,1.9263560749e+00,1.9260957486e+00,1.9256093460e+00,1.9230519272e+00,1.9160526804e+00,1.9072962491e+00,1.8974033603e+00,1.8847080283e+00,1.8706955838e+00,1.8550941389e+00,1.8164653692e+00,1.7648830672e+00,1.7048877778e+00,1.6465335390e+00,1.5503163197e+00,1.4296441804e+00,1.3329509241e+00,1.1979271488e+00,1.0702025417e+00,9.4843102545e-01,8.3484421062e-01,7.3215766338e-01,6.5536307042e-01,5.8805224911e-01,5.2531088118e-01,4.5473178152e-01,3.6495260187e-01,2.5406753984e-01,1.3969275577e-01,4.8003145936e-02,4.8980802513e-03,0.0000000000e+00,0.0000000000e+00,0.0000000000e+00,0.0000000000e+00,0.0000000000e+00,0.0000000000e+00,0.0000000000e+00,0.0000000000e+00,0.0000000000e+00,0.0000000000e+00,0.0000000000e+00,0.0000000000e+00,0.0000000000e+00,0.0000000000e+00,0.0000000000e+00,0.0000000000e+00,0.0000000000e+00,0.0000000000e+00,0.0000000000e+00,0.0000000000e+00,0.0000000000e+00,0.0000000000e+00,0.0000000000e+00,0.0000000000e+00,0.0000000000e+00,0.0000000000e+00,0.0000000000e+00,0.0000000000e+00,0.0000000000e+00,0.0000000000e+00,0.0000000000e+00,0.0000000000e+00,0.0000000000e+00,0.0000000000e+00,0.0000000000e+00,0.0000000000e+00,0.0000000000e+00,0.0000000000e+00,0.0000000000e+00,0.0000000000e+00,0.0000000000e+00,0.0000000000e+00,0.0000000000e+00,0.0000000000e+00,0.0000000000e+00,0.0000000000e+00,0.0000000000e+00,0.0000000000e+00,0.0000000000e+00,0.0000000000e+00,0.0000000000e+00,0.0000000000e+00,0.0000000000e+00,0.0000000000e+00,0.0000000000e+00,0.0000000000e+00,0.0000000000e+00,0.0000000000e+00,0.0000000000e+00,0.0000000000e+00,0.0000000000e+00,0.0000000000e+00,0.0000000000e+00,0.0000000000e+00,0.0000000000e+00,0.0000000000e+00,0.0000000000e+00,0.0000000000e+00,0.0000000000e+00,0.0000000000e+00,0.0000000000e+00,0.0000000000e+00,0.0000000000e+00,0.0000000000e+00,0.0000000000e+00,0.0000000000e+00,0.0000000000e+00,0.0000000000e+00,0.0000000000e+00,0.0000000000e+00,0.0000000000e+00,0.0000000000e+00
4.5065703377e+00,1.8330237173e+00,1.8330237173e+00,1.8330237173e+00,1.8330237173e+00,1.8330237173e+00,1.8330237173e+00,1.8330237173e+00,1.8330237173e+00,1.8330237173e+00,1.8330237173e+00,1.8330237173e+00,1.8330237173e+00,1.8330237173e+00,1.8330237173e+00,1.8330237173e+00,1.8330237173e+00,1.8330237173e+00,1.8330237173e+00,1.8330237173e+00,1.8330237173e+00,1.8330237173e+00,1.8330237173e+00,1.8330237173e+00,1.8330237173e+00,1.8330237173e+00,1.8330237173e+00,1.8330237173e+00,1.8330237173e+00,1.8330237173e+00,1.8330237173e+00,1.8330237173e+00,1.8330237173e+00,1.8330237173e+00,1.8330237173e+00,1.8330237173e+00,1.8330237173e+00,1.8330237173e+00,1.8330237173e+00,1.8330237173e+00,1.8330237173e+00,1.8330237173e+00,1.8330237173e+00,1.8330237173e+00,1.8330237173e+00,1.8330237173e+00,1.8330237173e+00,1.8330237173e+00,1.8330237173e+00,1.8330237173e+00,1.8330237173e+00,1.8330237173e+00,1.8330237173e+00,1.8330237173e+00,1.8330237173e+00,1.8330237173e+00,1.8330272575e+00,1.8330363530e+00,1.8330463522e+00,1.8330573448e+00,1.8330694295e+00,1.8330827149e+00,1.8330973202e+00,1.8331133767e+00,1.8331310284e+00,1.8331504339e+00,1.8331717676e+00,1.8331952209e+00,1.8332030024e+00,1.8332073358e+00,1.8332120997e+00,1.8332173369e+00,1.8332230944e+00,1.8332185028e+00,1.8331978921e+00,1.8331752341e+00,1.8331503255e+00,1.8331004165e+00,1.8330420671e+00,1.8329691392e+00,1.8328559358e+00,1.8327265970e+00,1.8325378662e+00,1.8323191096e+00,1.8320551982e+00,1.8317975051e+00,1.8315506672e+00,1.8313264198e+00,1.8311234029e+00,1.8308782100e+00,1.8304307252e+00,1.8281632835e+00,1.8219952530e+00,1.8142764351e+00,1.8055413834e+00,1.7942892747e+00,1.7818490261e+00,1.7679775620e+00,1.7336556781e+00,1.6878073858e+00,1.6342142591e+00,1.5818159836e+00,1.4952336397e+00,1.3862917255e+00,1.2982334821e+00,1.1747995379e+00,1.0573420529e+00,9.4447764918e-01,8.3860281433e-01,7.4214604135e-01,6.6939445877e-01,6.0522718506e-01,5.4488854634e-01,4.7607935976e-01,3.8719254055e-01,2.7470124689e-01,1.5516292021e-01,5.5619732724e-02,6.1673199968e-03,0.0000000000e+00,0.0000000000e+00,0.0000000000e+00,0.0000000000e+00,0.0000000000e+00,0.0000000000e+00,0.0000000000e+00,0.0000000000e+00,0.0000000000e+00,0.0000000000e+00,0.0000000000e+00,0.0000000000e+00,0.0000000000e+00,0.0000000000e+00,0.0000000000e+00,0.0000000000e+00,0.0000000000e+00,0.0000000000e+00,0.0000000000e+00,0.0000000000e+00,0.0000000000e+00,0.0000000000e+00,0.0000000000e+00,0.0000000000e+00,0.0000000000e+00,0.0000000000e+00,0.0000000000e+00,0.0000000000e+00,0.0000000000e+00,0.0000000000e+00,0.0000000000e+00,0.0000000000e+00,0.0000000000e+00,0.0000000000e+00,0.0000000000e+00,0.0000000000e+00,0.0000000000e+00,0.0000000000e+00,0.0000000000e+00,0.0000000000e+00,0.0000000000e+00,0.0000000000e+00,0.0000000000e+00,0.0000000000e+00,0.0000000000e+00,0.0000000000e+00,0.0000000000e+00,0.0000000000e+00,0.0000000000e+00,0.0000000000e+00,0.0000000000e+00,0.0000000000e+00,0.0000000000e+00,0.0000000000e+00,0.0000000000e+00,0.0000000000e+00,0.0000000000e+00,0.0000000000e+00,0.0000000000e+00,0.0000000000e+00,0.0000000000e+00,0.0000000000e+00,0.0000000000e+00,0.0000000000e+00,0.0000000000e+00,0.0000000000e+00,0.0000000000e+00,0.0000000000e+00,0.0000000000e+00,0.0000000000e+00,0.0000000000e+00,0.0000000000e+00,0.0000000000e+00,0.0000000000e+00,0.0000000000e+00,0.0000000000e+00,0.0000000000e+00,0.0000000000e+00,0.0000000000e+00,0.0000000000e+00,0.0000000000e+00,0.0000000000e+00
4.7106075420e+00,1.7437839800e+00,1.7437839800e+00,1.7437839800e+00,1.7437839800e+00,1.7437839800e+00,1.7437839800e+00,1.7437839800e+00,1.7437839800e+00,1.7437839800e+00,1.7437839800e+00,1.7437839800e+00,1.7437839800e+00,1.7437839800e+00,1.7437839800e+00,1.7437839800e+00,1.7437839800e+00,1.7437839800e+00,1.7437839800e+00,1.7437839800e+00,1.7437839800e+00,1.7437839800e+00,1.7437839800e+00,1.7437839800e+00,1.7437839800e+00,1.7437839800e+00,1.7437839800e+00,1.7437839800e+00,1.7437839800e+00,1.7437839800e+00,1.7437839800e+00,1.7437839800e+00,1.7437839800e+00,1.7437839800e+00,1.7437839800e+00,1.7437839800e+00,1.7437839800e+00,1.7437839800e+00,1.7437839800e+00,1.7437839800e+00,1.7437839800e+00,1.7437839800e+00,1.7437839800e+00,1.7437839800e+00,1.7437839800e+00,1.7437839800e+00,1.7437839800e+00,1.7437839800e+00,1.7437839800e+00,1.7437839800e+00,1.7437839800e+00,1.7437839800e+00,1.7437839800e+00,1.7437839800e+00,1.7437839800e+00,1.7437839800e+00,1.7437870039e+00,1.7437947730e+00,1.7438033140e+00,1.7438127035e+00,1.7438230258e+00,1.7438343737e+00,1.7438468491e+00,1.7438605639e+00,1.7438756414e+00,1.7438922169e+00,1.7439104392e+00,1.7439304721e+00,1.7439367454e+00,1.7439399488e+00,1.7439434704e+00,1.7439473419e+00,1.7439515981e+00,1.7439466941e+00,1.7439276469e+00,1.7439067077e+00,1.7438836886e+00,1.7438385232e+00,1.7437858007e+00,1.7437200453e+00,1.7436184375e+00,1.7435023881e+00,1.7433334284e+00,1.7431376018e+00,1.7429013804e+00,1.7426693230e+00,1.7424453513e+00,1.7422392914e+00,1.7420494648e+00,1.7418197545e+00,1.7414090426e+00,1.7393983968e+00,1.7339612095e+00,1.7271549308e+00,1.7194401286e+00,1.7094661916e+00,1.6984213293e+00,1.6860879362e+00,1.6555976679e+00,1.6148541866e+00,1.5669980561e+00,1.5199760598e+00,1.4421260561e+00,1.3438667087e+00,1.2637845247e+00,1.1511309353e+00,1.0433256137e+00,9.3897156240e-01,8.4055371288e-01,7.5023900442e-01,6.8157006114e-01,6.2064399502e-01,5.6287583454e-01,4.9611719156e-01,4.0859676491e-01,2.9514089971e-01,1.7105985611e-01,6.3860861254e-02,7.6681316714e-03,0.0000000000e+00,0.0000000000e+00,0.0000000000e+00,0.0000000000e+00,0.0000000000e+00,0.0000000000e+00,0.0000000000e+00,0.0000000000e+00,0.0000000000e+00,0.0000000000e+00,0.0000000000e+00,0.0000000000e+00,0.0000000000e+00,0.0000000000e+00,0.0000000000e+00,0.0000000000e+00,0.0000000000e+00,0.0000000000e+00,0.0000000000e+00,0.0000000000e+00,0.0000000000e+00,0.0000000000e+00,0.0000000000e+00,0.0000000000e+00,0.0000000000e+00,0.0000000000e+00,0.0000000000e+00,0.0000000000e+00,0.0000000000e+00,0.0000000000e+00,0.0000000000e+00,0.0000000000e+00,0.0000000000e+00,0.0000000000e+00,0.0000000000e+00,0.0000000000e+00,0.0000000000e+00,0.0000000000e+00,0.0000000000e+00,0.0000000000e+00,0.0000000000e+00,0.0000000000e+00,0.0000000000e+00,0.0000000000e+00,0.0000000000e+00,0.0000000000e+00,0.0000000000e+00,0.0000000000e+00,0.0000000000e+00,0.0000000000e+00,0.0000000000e+00,0.0000000000e+00,0.0000000000e+00,0.0000000000e+00,0.0000000000e+00,0.0000000000e+00,0.0000000000e+00,0.0000000000e+00,0.0000000000e+00,0.0000000000e+00,0.0000000000e+00,0.0000000000e+00,0.0000000000e+00,0.0000000000e+00,0.0000000000e+00,0.0000000000e+00,0.0000000000e+00,0.0000000000e+00,0.0000000000e+00,0.0000000000e+00,0.0000000000e+00,0.0000000000e+00,0.0000000000e+00,0.0000000000e+00,0.0000000000e+00,0.0000000000e+00,0.0000000000e+00,0.0000000000e+00,0.0000000000e+00,0.0000000000e+00,0.0000000000e+00,0.0000000000e+00
4.9238826317e+00,1.6605761752e+00,1.6605761752e+00,1.6605761752e+00,1.6605761752e+00,1.6605761752e+00,1.6605761752e+00,1.6605761752e+00,1.6605761752e+00,1.6605761752e+00,1.6605761752e+00,1.6605761752e+00,1.6605761752e+00,1.6605761752e+00,1.6605761752e+00,1.6605761752e+00,1.6605761752e+00,1.6605761752e+00,1.6605761752e+00,1.6605761752e+00,1.6605761752e+00,1.6605761752e+00,1.6605761752e+00,1.6605761752e+00,1.6605761752e+00,1.6605761752e+00,1.6605761752e+00,1.6605761752e+00,1.6605761752e+00,1.6605761752e+00,1.6605761752e+00,1.6605761752e+00,1.6605761752e+00,1.6605761752e+00,1.6605761752e+00,1.6605761752e+00,1.6605761752e+00,1.6605761752e+00,1.6605761752e+00,1.6605761752e+00,1.6605761752e+00,1.6605761752e+00,1.6605761752e+00,1.6605761752e+00,1.6605761752e+00,1.6605761752e+00,1.6605761752e+00,1.6605761752e+00,1.6605761752e+00,1.6605761752e+00,1.6605761752e+00,1.6605761752e+00,1.6605761752e+00,1.6605761752e+00,1.6605761752e+00,1.6605761752e+00,1.6605761752e+00,1.6605761752e+00,1.6605820269e+00,1.6605888463e+00,1.6605963432e+00,1.6606045849e+00,1.6606136455e+00,1.6606236062e+00,1.6606345565e+00,1.6606465948e+00,1.6606598291e+00,1.6606743783e+00,1.6606903730e+00,1.6607009369e+00,1.6606983615e+00,1.6606955302e+00,1.6606924177e+00,1.6606889959e+00,1.6606852343e+00,1.6606597659e+00,1.6606305487e+00,1.6605984295e+00,1.6605516586e+00,1.6604818985e+00,1.6604052115e+00,1.6602874566e+00,1.6601458478e+00,1.6599674015e+00,1.6597568435e+00,1.6595523204e+00,1.6593453788e+00,1.6591459055e+00,1.6590020524e+00,1.6587818846e+00,1.6584205216e+00,1.6567218947e+00,1.6518234875e+00,1.6458205946e+00,1.6391000231e+00,1.6301673805e+00,1.6203534831e+00,1.6090027519e+00,1.5823585811e+00,1.5461523354e+00,1.5034687969e+00,1.4613649982e+00,1.3912474796e+00,1.3029665011e+00,1.2299535055e+00,1.1272328935e+00,1.0284863375e+00,9.3224859640e-01,8.4083143285e-01,7.5632510588e-01,6.9202416632e-01,6.3437175495e-01,5.7926205565e-01,5.1480829957e-01,4.2900470958e-01,3.1520214468e-01,1.8721644770e-01,7.2625870065e-02,9.4164749306e-03,2.5199006214e-05,6.3580548294e-09,0.0000000000e+00,0.0000000000e+00,0.0000000000e+00,0.0000000000e+00,0.0000000000e+00,0.0000000000e+00,0.0000000000e+00,0.0000000000e+00,0.0000000000e+00,0.0000000000e+00,0.0000000000e+00,0.0000000000e+00,0.0000000000e+00,0.0000000000e+00,0.0000000000e+00,0.0000000000e+00,0.0000000000e+00,0.0000000000e+00,0.0000000000e+00,0.0000000000e+00,0.0000000000e+00,0.0000000000e+00,0.0000000000e+00,0.0000000000e+00,0.0000000000e+00,0.0000000000e+00,0.0000000000e+00,0.0000000000e+00,0.0000000000e+00,0.0000000000e+00,0.0000000000e+00,0.0000000000e+00,0.0000000000e+00,0.0000000000e+00,0.0000000000e+00,0.0000000000e+00,0.0000000000e+00,0.0000000000e+00,0.0000000000e+00,0.0000000000e+00,0.0000000000e+00,0.0000000000e+00,0.0000000000e+00,0.0000000000e+00,0.0000000000e+00,0.0000000000e+00,0.0000000000e+00,0.0000000000e+00,0.0000000000e+00,0.0000000000e+00,0.0000000000e+00,0.0000000000e+00,0.0000000000e+00,0.0000000000e+00,0.0000000000e+00,0.0000000000e+00,0.0000000000e+00,0.0000000000e+00,0.0000000000e+00,0.0000000000e+00,0.0000000000e+00,0.0000000000e+00,0.0000000000e+00,0.0000000000e+00,0.0000000000e+00,0.0000000000e+00,0.0000000000e+00,0.0000000000e+00,0.0000000000e+00,0.0000000000e+00,0.0000000000e+00,0.0000000000e+00,0.0000000000e+00,0.0000000000e+00,0.0000000000e+00,0.0000000000e+00,0.0000000000e+00,0.0000000000e+00,0.0000000000e+00,0.0000000000e+00
5.1468138568e+00,1.5830301369e+00,1.5830301369e+00,1.5830301369e+00,1.5830301369e+00,1.5830301369e+00,1.5830301369e+00,1.5830301369e+00,1.5830301369e+00,1.5830301369e+00,1.5830301369e+00,1.5830301369e+00,1.5830301369e+00,1.5830301369e+00,1.5830301369e+00,1.5830301369e+00,1.5830301369e+00,1.5830301369e+00,1.5830301369e+00,1.5830301369e+00,1.5830301369e+00,1.5830301369e+00,1.5830301369e+00,1.5830301369e+00,1.5830301369e+00,1.5830301369e+00,1.5830301369e+00,1.5830301369e+00,1.5830301369e+00,1.5830301369e+00,1.5830301369e+00,1.5830301369e+00,1.5830301369e+00,1.5830301369e+00,1.5830301369e+00,1.5830301369e+00,1.5830301369e+00,1.5830301369e+00,1.5830301369e+00,1.5830301369e+00,1.5830301369e+00,1.5830301369e+00,1.5830301369e+00,1.5830301369e+00,1.5830301369e+00,1.5830301369e+00,1.5830301369e+00,1.5830301369e+00,1.5830301369e+00,1.5830301369e+00,1.5830301369e+00,1.5830301369e+00,1.5830301369e+00,1.5830301369e+00,1.5830301369e+00,1.5830301369e+00,1.5830301369e+00,1.5830301369e+00,1.5830351283e+00,1.5830409451e+00,1.5830473399e+00,1.5830543699e+00,1.5830620984e+00,1.5830705947e+00,1.5830799352e+00,1.5830902036e+00,1.5831014923e+00,1.5831139025e+00,1.5831275457e+00,1.5831363879e+00,1.5831336653e+00,1.5831306723e+00,1.5831273819e+00,1.5831237646e+00,1.5831197880e+00,1.5830966251e+00,1.5830700876e+00,1.5830409142e+00,1.5829986937e+00,1.5829360358e+00,1.5828671559e+00,1.5827616386e+00,1.5826348108e+00,1.5824750654e+00,1.5822866137e+00,1.5821023991e+00,1.5819151169e+00,1.5817330894e+00,1.5815977455e+00,1.5813935101e+00,1.5810624867e+00,1.5795542982e+00,1.5752320079e+00,1.5699329640e+00,1.5639929997e+00,1.5560688075e+00,1.5473510937e+00,1.5372554315e+00,1.5135807502e+00,1.4814022112e+00,1.4432958697e+00,1.4055408392e+00,1.3425634929e+00,1.2630426197e+00,1.1967942405e+00,1.1032962800e+00,1.0129563919e+00,9.2434425211e-01,8.3976538830e-01,7.6108348815e-01,7.0077700958e-01,6.4642112299e-01,5.9407629381e-01,5.3207694597e-01,4.4839785595e-01,3.3480207391e-01,2.0358623744e-01,8.1990231291e-02,1.1436971559e-02,3.8703775188e-05,1.2755754828e-08,0.0000000000e+00,0.0000000000e+00,0.0000000000e+00,0.0000000000e+00,0.0000000000e+00,0.0000000000e+00,0.0000000000e+00,0.0000000000e+00,0.0000000000e+00,0.0000000000e+00,0.0000000000e+00,0.0000000000e+00,0.0000000000e+00,0.0000000000e+00,0.0000000000e+00,0.0000000000e+00,0.0000000000e+00,0.0000000000e+00,0.0000000000e+00,0.0000000000e+00,0.0000000000e+00,0.0000000000e+00,0.0000000000e+00,0.0000000000e+00,0.0000000000e+00,0.0000000000e+00,0.0000000000e+00,0.0000000000e+00,0.0000000000e+00,0.0000000000e+00,0.0000000000e+00,0.0000000000e+00,0.0000000000e+00,0.0000000000e+00,0.0000000000e+00,0.0000000000e+00,0.0000000000e+00,0.0000000000e+00,0.0000000000e+00,0.0000000000e+00,0.0000000000e+00,0.0000000000e+00,0.0000000000e+00,0.0000000000e+00,0.0000000000e+00,0.0000000000e+00,0.0000000000e+00,0.0000000000e+00,0.0000000000e+00,0.0000000000e+00,0.0000000000e+00,0.0000000000e+00,0.0000000000e+00,0.0000000000e+00,0.0000000000e+00,0.0000000000e+00,0.0000000000e+00,0.0000000000e+00,0.0000000000e+00,0.0000000000e+00,0.0000000000e+00,0.0000000000e+00,0.0000000000e+00,0.0000000000e+00,0.0000000000e+00,0.0000000000e+00,0.0000000000e+00,0.0000000000e+00,0.0000000000e+00,0.0000000000e+00,0.0000000000e+00,0.0000000000e+00,0.0000000000e+00,0.0000000000e+00,0.0000000000e+00,0.0000000000e+00,0.0000000000e+00,0.0000000000e+00,0.0000000000e+00,0.0000000000e+00
5.3798384034e+00,1.5109452722e+00,1.5109452722e+00,1.5109452722e+00,1.5109452722e+00,1.5109452722e+00,1.5109452722e+00,1.5109452722e+00,1.5109452722e+00,1.5109452722e+00,1.5109452722e+00,1.5109452722e+00,1.5109452722e+00,1.5109452722e+00,1.5109452722e+00,1.5109452722e+00,1.5109452722e+00,1.5109452722e+00,1.5109452722e+00,1.5109452722e+00,1.5109452722e+00,1.5109452722e+00,1.5109452722e+00,1.5109452722e+00,1.5109452722e+00,1.5109452722e+00,1.5109452722e+00,1.5109452722e+00,1.5109452722e+00,1.5109452722e+00,1.5109452722e+00,1.5109452722e+00,1.5109452722e+00,1.5109452722e+00,1.5109452722e+00,1.5109452722e+00,1.5109452722e+00,1.5109452722e+00,1.5109452722e+00,1.5109452722e+00,1.5109452722e+00,1.5109452722e+00,1.5109452722e+00,1.5109452722e+00,1.5109452722e+00,1.5109452722e+00,1.5109452722e+00,1.5109452722e+00,1.5109452722e+00,1.5109452722e+00,1.5109452722e+00,1.5109452722e+00,1.5109452722e+00,1.5109452722e+00,1.5109452722e+00,1.5109452722e+00,1.5109452722e+00,1.5109452722e+00,1.5109495369e+00,1.5109545067e+00,1.5109599703e+00,1.5109659767e+00,1.5109725798e+00,1.5109798390e+00,1.5109878193e+00,1.5109965925e+00,1.5110062374e+00,1.5110168405e+00,1.5110284970e+00,1.5110359063e+00,1.5110331267e+00,1.5110300708e+00,1.5110267115e+00,1.5110230184e+00,1.5110189584e+00,1.5109979247e+00,1.5109738549e+00,1.5109473942e+00,1.5109093092e+00,1.5108530433e+00,1.5107911900e+00,1.5106966338e+00,1.5105830319e+00,1.5104400012e+00,1.5102712983e+00,1.5101054042e+00,1.5099360010e+00,1.5097700940e+00,1.5096433663e+00,1.5094544579e+00,1.5091516815e+00,1.5078118341e+00,1.5039950890e+00,1.4993139251e+00,1.4940602354e+00,1.4870270871e+00,1.4792796202e+00,1.4702966091e+00,1.4492540145e+00,1.4206472932e+00,1.3866244714e+00,1.3527733789e+00,1.2962254396e+00,1.2246264411e+00,1.1645665325e+00,1.0795529177e+00,9.9701464480e-01,9.1556683236e-01,8.3747220816e-01,7.6439020181e-01,7.0798944039e-01,6.5690007067e-01,6.0735530071e-01,5.4793511676e-01,4.6666862082e-01,3.5379619573e-01,2.2001172222e-01,9.1852835619e-02,1.3742680763e-02,5.8346549929e-05,2.4913922839e-08,0.0000000000e+00,0.0000000000e+00,0.0000000000e+00,0.0000000000e+00,0.0000000000e+00,0.0000000000e+00,0.0000000000e+00,0.0000000000e+00,0.0000000000e+00,0.0000000000e+00,0.0000000000e+00,0.0000000000e+00,0.0000000000e+00,0.0000000000e+00,0.0000000000e+00,0.0000000000e+00,0.0000000000e+00,0.0000000000e+00,0.0000000000e+00,0.0000000000e+00,0.0000000000e+00,0.0000000000e+00,0.0000000000e+00,0.0000000000e+00,0.0000000000e+00,0.0000000000e+00,0.0000000000e+00,0.0000000000e+00,0.0000000000e+00,0.0000000000e+00,0.0000000000e+00,0.0000000000e+00,0.0000000000e+00,0.0000000000e+00,0.0000000000e+00,0.0000000000e+00,0.0000000000e+00,0.0000000000e+00,0.0000000000e+00,0.0000000000e+00,0.0000000000e+00,0.0000000000e+00,0.0000000000e+00,0.0000000000e+00,0.0000000000e+00,0.0000000000e+00,0.0000000000e+00,0.0000000000e+00,0.0000000000e+00,0.0000000000e+00,0.0000000000e+00,0.0000000000e+00,0.0000000000e+00,0.0000000000e+00,0.0000000000e+00,0.0000000000e+00,0.0000000000e+00,0.0000000000e+00,0.0000000000e+00,0.0000000000e+00,0.0000000000e+00,0.0000000000e+00,0.0000000000e+00,0.0000000000e+00,0.0000000000e+00,0.0000000000e+00,0.0000000000e+00,0.0000000000e+00,0.0000000000e+00,0.0000000000e+00,0.0000000000e+00,0.0000000000e+00,0.0000000000e+00,0.0000000000e+00,0.0000000000e+00,0.0000000000e+00,0.0000000000e+00,0.0000000000e+00,0.0000000000e+00,0.0000000000e+00
5.6234132519e+00,1.4440437646e+00,1.4440437646e+00,1.4440437646e+00,1.4440437646e+00,1.4440437646e+00,1.4440437646e+00,1.4440437646e+00,1.4440437646e+00,1.4440437646e+00,1.4440437646e+00,1.4440437646e+00,1.4440437646e+00,1.4440437646e+00,1.4440437646e+00,1.4440437646e+00,1.4440437646e+00,1.4440437646e+00,1.4440437646e+00,1.4440437646e+00,1.4440437646e+00,1.4440437646e+00,1.4440437646e+00,1.4440437646e+00,1.4440437646e+00,1.4440437646e+00,1.4440437646e+00,1.4440437646e+00,1.4440437646e+00,1.4440437646e+00,1.4440437646e+00,1.4440437646e+00,1.4440437646e+00,1.4440437646e+00,1.4440437646e+00,1.4440437646e+00,1.4440437646e+00,1.4440437646e+00,1.4440437646e+00,1.4440437646e+00,1.4440437646e+00,1.4440437646e+00,1.4440437646e+00,1.4440437646e+00,1.4440437646e+00,1.4440437646e+00,1.4440437646e+00,1.4440437646e+00,1.4440437646e+00,1.4440437646e+00,1.4440437646e+00,1.4440437646e+00,1.4440437646e+00,1.4440437646e+00,1.4440437646e+00,1.4440437646e+00,1.4440437646e+00,1.4440437646e+00,1.4440474149e+00,1.4440516690e+00,1.4440563456e+00,1.4440614869e+00,1.4440671389e+00,1.4440733525e+00,1.4440801834e+00,1.4440876929e+00,1.4440959486e+00,1.4441050244e+00,1.4441150020e+00,1.4441212191e+00,1.4441184498e+00,1.4441154054e+00,1.4441120585e+00,1.4441083792e+00,1.4441043343e+00,1.4440852586e+00,1.4440634519e+00,1.4440394793e+00,1.4440051435e+00,1.4439546222e+00,1.4438990838e+00,1.4438143362e+00,1.4437125588e+00,1.4435844571e+00,1.4434333848e+00,1.4432839957e+00,1.4431308189e+00,1.4429797517e+00,1.4428615652e+00,1.4426872562e+00,1.4424106564e+00,1.4412195662e+00,1.4378463726e+00,1.4337075447e+00,1.4290570942e+00,1.4228109462e+00,1.4159218717e+00,1.4079247692e+00,1.3892135335e+00,1.3637719103e+00,1.3333886231e+00,1.3030377383e+00,1.2522702366e+00,1.1878225507e+00,1.1334102145e+00,1.0561794266e+00,9.8085647959e-01,9.0610984631e-01,8.3413223518e-01,7.6639956212e-01,7.1378679228e-01,6.6590307304e-01,6.1915863713e-01,5.6239696889e-01,4.8376980692e-01,3.7208337339e-01,2.3637709913e-01,1.0215809213e-01,1.6346356788e-02,8.6379570051e-05,4.7962206747e-08,0.0000000000e+00,0.0000000000e+00,0.0000000000e+00,0.0000000000e+00,0.0000000000e+00,0.0000000000e+00,0.0000000000e+00,0.0000000000e+00,0.0000000000e+00,0.0000000000e+00,0.0000000000e+00,0.0000000000e+00,0.0000000000e+00,0.0000000000e+00,0.0000000000e+00,0.0000000000e+00,0.0000000000e+00,0.0000000000e+00,0.0000000000e+00,0.0000000000e+00,0.0000000000e+00,0.0000000000e+00,0.0000000000e+00,0.0000000000e+00,0.0000000000e+00,0.0000000000e+00,0.0000000000e+00,0.0000000000e+00,0.0000000000e+00,0.0000000000e+00,0.0000000000e+00,0.0000000000e+00,0.0000000000e+00,0.0000000000e+00,0.0000000000e+00,0.0000000000e+00,0.0000000000e+00,0.0000000000e+00,0.0000000000e+00,0.0000000000e+00,0.0000000000e+00,0.0000000000e+00,0.0000000000e+00,0.0000000000e+00,0.0000000000e+00,0.0000000000e+00,0.0000000000e+00,0.0000000000e+00,0.0000000000e+00,0.0000000000e+00,0.0000000000e+00,0.0000000000e+00,0.0000000000e+00,0.0000000000e+00,0.0000000000e+00,0.0000000000e+00,0.0000000000e+00,0.0000000000e+00,0.0000000000e+00,0.0000000000e+00,0.0000000000e+00,0.0000000000e+00,0.0000000000e+00,0.0000000000e+00,0.0000000000e+00,0.0000000000e+00,0.0000000000e+00,0.0000000000e+00,0.0000000000e+00,0.0000000000e+00,0.0000000000e+00,0.0000000000e+00,0.0000000000e+00,0.0000000000e+00,0.0000000000e+00,0.0000000000e+00,0.0000000000e+00,0.0000000000e+00,0.0000000000e+00,0.0000000000e+00
5.8780160723e+00,1.3820386958e+00,1.3820386958e+00,1.3820386958e+00,1.3820386958e+00,1.3820386958e+00,1.3820386958e+00,1.3820386958e+00,1.3820386958e+00,1.3820386958e+00,1.3820386958e+00,1.3820386958e+00,1.3820386958e+00,1.3820386958e+00,1.3820386958e+00,1.3820386958e+00,1.3820386958e+00,1.3820386958e+00,1.3820386958e+00,1.3820386958e+00,1.3820386958e+00,1.3820386958e+00,1.3820386958e+00,1.3820386958e+00,1.3820386958e+00,1.3820386958e+00,1.3820386958e+00,1.3820386958e+00,1.3820386958e+00,1.3820386958e+00,1.3820386958e+00,1.3820386958e+00,1.3820386958e+00,1.3820386958e+00,1.3820386958e+00,1.3820386958e+00,1.3820386958e+00,1.3820386958e+00,1.3820386958e+00,1.3820386958e+00,1.3820386958e+00,1.3820386958e+00,1.3820386958e+00,1.3820386958e+00,1.3820386958e+00,1.3820386958e+00,1.3820386958e+00,1.3820386958e+00,1.3820386958e+00,1.3820386958e+00,1.3820386958e+00,1.3820386958e+00,1.3820386958e+00,1.3820386958e+00,1.3820386958e+00,1.3820386958e+00,1.3820386958e+00,1.3820386958e+00,1.3820418267e+00,1.3820454754e+00,1.3820494865e+00,1.3820538962e+00,1.3820587439e+00,1.3820640733e+00,1.3820699322e+00,1.3820763731e+00,1.3820834539e+00,1.3820912383e+00,1.3820997960e+00,1.3821050212e+00,1.3821023116e+00,1.3820993329e+00,1.3820960582e+00,1.3820924582e+00,1.3820885006e+00,1.3820712183e+00,1.3820514803e+00,1.3820297818e+00,1.3819988381e+00,1.3819534734e+00,1.3819036037e+00,1.3818276273e+00,1.3817364150e+00,1.3816216405e+00,1.3814863009e+00,1.3813517650e+00,1.3812132898e+00,1.3810758405e+00,1.3809659873e+00,1.3808054745e+00,1.3805530389e+00,1.3794933842e+00,1.3765093762e+00,1.3728466113e+00,1.3687264327e+00,1.3631752672e+00,1.3570454450e+00,1.3499216990e+00,1.3332744704e+00,1.3106360607e+00,1.2834942031e+00,1.2562783798e+00,1.2107012243e+00,1.1526997342e+00,1.1034304144e+00,1.0333210554e+00,9.6465099454e-01,8.9614772046e-01,8.2991439408e-01,7.6726254663e-01,7.1829741879e-01,6.7353321936e-01,6.2955940451e-01,5.7549493021e-01,4.9967546869e-01,3.8958119660e-01,2.5257422541e-01,1.1284544188e-01,1.9257510233e-02,1.2566283356e-04,9.1160358716e-08,0.0000000000e+00,0.0000000000e+00,0.0000000000e+00,0.0000000000e+00,0.0000000000e+00,0.0000000000e+00,0.0000000000e+00,0.0000000000e+00,0.0000000000e+00,0.0000000000e+00,0.0000000000e+00,0.0000000000e+00,0.0000000000e+00,0.0000000000e+00,0.0000000000e+00,0.0000000000e+00,0.0000000000e+00,0.0000000000e+00,0.0000000000e+00,0.0000000000e+00,0.0000000000e+00,0.0000000000e+00,0.0000000000e+00,0.0000000000e+00,0.0000000000e+00,0.0000000000e+00,0.0000000000e+00,0.0000000000e+00,0.0000000000e+00,0.0000000000e+00,0.0000000000e+00,0.0000000000e+00,0.0000000000e+00,0.0000000000e+00,0.0000000000e+00,0.0000000000e+00,0.0000000000e+00,0.0000000000e+00,0.0000000000e+00,0.0000000000e+00,0.0000000000e+00,0.0000000000e+00,0.0000000000e+00,0.0000000000e+00,0.0000000000e+00,0.0000000000e+00,0.0000000000e+00,0.0000000000e+00,0.0000000000e+00,0.0000000000e+00,0.0000000000e+00,0.0000000000e+00,0.0000000000e+00,0.0000000000e+00,0.0000000000e+00,0.0000000000e+00,0.0000000000e+00,0.0000000000e+00,0.0000000000e+00,0.0000000000e+00,0.0000000000e+00,0.0000000000e+00,0.0000000000e+00,0.0000000000e+00,0.0000000000e+00,0.0000000000e+00,0.0000000000e+00,0.0000000000e+00,0.0000000000e+00,0.0000000000e+00,0.0000000000e+00,0.0000000000e+00,0.0000000000e+00,0.0000000000e+00,0.0000000000e+00,0.0000000000e+00,0.0000000000e+00,0.0000000000e+00,0.0000000000e+00,0.0000000000e+00
6.1441461614e+00,1.3246396825e+00,1.3246396825e+00,1.3246396825e+00,1.3246396825e+00,1.3246396825e+00,1.3246396825e+00,1.3246396825e+00,1.3246396825e+00,1.3246396825e+00,1.3246396825e+00,1.3246396825e+00,1.3246396825e+00,1.3246396825e+00,1.3246396825e+00,1.3246396825e+00,1.3246396825e+00,1.3246396825e+00,1.3246396825e+00,1.3246396825e+00,1.3246396825e+00,1.3246396825e+00,1.3246396825e+00,1.3246396825e+00,1.3246396825e+00,1.3246396825e+00,1.3246396825e+00,1.3246396825e+00,1.3246396825e+00,1.3246396825e+00,1.3246396825e+00,1.3246396825e+00,1.3246396825e+00,1.3246396825e+00,1.3246396825e+00,1.3246396825e+00,1.3246396825e+00,1.3246396825e+00,1.3246396825e+00,1.3246396825e+00,1.3246396825e+00,1.3246396825e+00,1.3246396825e+00,1.3246396825e+00,1.3246396825e+00,1.3246396825e+00,1.3246396825e+00,1.3246396825e+00,1.3246396825e+00,1.3246396825e+00,1.3246396825e+00,1.3246396825e+00,1.3246396825e+00,1.3246396825e+00,1.3246396825e+00,1.3246396825e+00,1.3246396825e+00,1.3246396825e+00,1.3246423738e+00,1.3246455101e+00,1.3246489580e+00,1.3246527484e+00,1.3246569154e+00,1.3246614964e+00,1.3246665325e+00,1.3246720689e+00,1.3246781554e+00,1.3246848466e+00,1.3246922025e+00,1.3246966024e+00,1.3246939875e+00,1.3246911129e+00,1.3246879527e+00,1.3246844786e+00,1.3246806594e+00,1.3246650149e+00,1.3246471623e+00,1.3246275364e+00,1.3245996565e+00,1.3245589165e+00,1.3245141307e+00,1.3244459938e+00,1.3243642175e+00,1.3242613366e+00,1.3241400325e+00,1.3240188522e+00,1.3238936789e+00,1.3237686939e+00,1.3236668716e+00,1.3235193120e+00,1.3232891114e+00,1.3223455972e+00,1.3197031627e+00,1.3164583992e+00,1.3128044606e+00,1.3078670305e+00,1.3024087427e+00,1.2960585820e+00,1.2812381979e+00,1.2610817402e+00,1.2368252628e+00,1.2124152567e+00,1.1714938287e+00,1.1192958849e+00,1.0747015562e+00,1.0110942440e+00,9.4854212185e-01,8.8583544684e-01,8.2497454081e-01,7.6712406521e-01,7.2164934590e-01,6.7989847704e-01,6.3864039213e-01,5.8727617682e-01,5.1437856295e-01,4.0622549300e-01,2.6850422389e-01,1.2385080325e-01,2.2482189447e-02,1.7975543434e-04,1.7076738368e-07,0.0000000000e+00,0.0000000000e+00,0.0000000000e+00,0.0000000000e+00,0.0000000000e+00,0.0000000000e+00,0.0000000000e+00,0.0000000000e+00,0.0000000000e+00,0.0000000000e+00,0.0000000000e+00,0.0000000000e+00,0.0000000000e+00,0.0000000000e+00,0.0000000000e+00,0.0000000000e+00,0.0000000000e+00,0.0000000000e+00,0.0000000000e+00,0.0000000000e+00,0.0000000000e+00,0.0000000000e+00,0.0000000000e+00,0.0000000000e+00,0.0000000000e+00,0.0000000000e+00,0.0000000000e+00,0.0000000000e+00,0.0000000000e+00,0.0000000000e+00,0.0000000000e+00,0.0000000000e+00,0.0000000000e+00,0.0000000000e+00,0.0000000000e+00,0.0000000000e+00,0.0000000000e+00,0.0000000000e+00,0.0000000000e+00,0.0000000000e+00,0.0000000000e+00,0.0000000000e+00,0.0000000000e+00,0.0000000000e+00,0.0000000000e+00,0.0000000000e+00,0.0000000000e+00,0.0000000000e+00,0.0000000000e+00,0.0000000000e+00,0.0000000000e+00,0.0000000000e+00,0.0000000000e+00,0.0000000000e+00,0.0000000000e+00,0.0000000000e+00,0.0000000000e+00,0.0000000000e+00,0.0000000000e+00,0.0000000000e+00,0.0000000000e+00,0.0000000000e+00,0.0000000000e+00,0.0000000000e+00,0.0000000000e+00,0.0000000000e+00,0.0000000000e+00,0.0000000000e+00,0.0000000000e+00,0.0000000000e+00,0.0000000000e+00,0.0000000000e+00,0.0000000000e+00,0.0000000000e+00,0.0000000000e+00,0.0000000000e+00,0.0000000000e+00,0.0000000000e+00,0.0000000000e+00,0.0000000000e+00
6.4223254222e+00,1.2715575882e+00,1.2715575882e+00,1.2715575882e+00,1.2715575882e+00,1.2715575882e+00,1.2715575882e+00,1.2715575882e+00,1.2715575882e+00,1.2715575882e+00,1.2715575882e+00,1.2715575882e+00,1.2715575882e+00,1.2715575882e+00,1.2715575882e+00,1.2715575882e+00,1.2715575882e+00,1.2715575882e+00,1.2715575882e+00,1.2715575882e+00,1.2715575882e+00,1.2715575882e+00,1.2715575882e+00,1.2715575882e+00,1.2715575882e+00,1.2715575882e+00,1.2715575882e+00,1.2715575882e+00,1.2715575882e+00,1.2715575882e+00,1.2715575882e+00,1.2715575882e+00,1.2715575882e+00,1.2715575882e+00,1.2715575882e+00,1.2715575882e+00,1.2715575882e+00,1.2715575882e+00,1.2715575882e+00,1.2715575882e+00,1.2715575882e+00,1.2715575882e+00,1.2715575882e+00,1.2715575882e+00,1.2715575882e+00,1.2715575882e+00,1.2715575882e+00,1.2715575882e+00,1.2715575882e+00,1.2715575882e+00,1.2715575882e+00,1.2715575882e+00,1.2715575882e+00,1.2715575882e+00,1.2715575882e+00,1.2715575882e+00,1.2715575882e+00,1.2715575882e+00,1.2715599069e+00,1.2715626091e+00,1.2715655796e+00,1.2715688453e+00,1.2715724355e+00,1.2715763823e+00,1.2715807212e+00,1.2715854912e+00,1.2715907351e+00,1.2715964999e+00,1.2716028375e+00,1.2716065503e+00,1.2716040540e+00,1.2716013096e+00,1.2715982927e+00,1.2715949760e+00,1.2715913299e+00,1.2715771771e+00,1.2715610387e+00,1.2715432973e+00,1.2715181806e+00,1.2714815854e+00,1.2714413559e+00,1.2713802237e+00,1.2713068732e+00,1.2712146053e+00,1.2711058214e+00,1.2709966432e+00,1.2708834924e+00,1.2707698911e+00,1.2706757341e+00,1.2705402720e+00,1.2703304768e+00,1.2694896157e+00,1.2671471013e+00,1.2642695235e+00,1.2610256941e+00,1.2566303583e+00,1.2517661035e+00,1.2461012172e+00,1.2328976760e+00,1.2149385107e+00,1.1932496712e+00,1.1713493868e+00,1.1346008358e+00,1.0876227568e+00,1.0472713920e+00,9.8958947262e-01,9.3265023378e-01,8.7530886071e-01,8.1945452145e-01,7.6612094505e-01,7.2396758009e-01,6.8510851845e-01,6.4649064649e-01,5.9779928381e-01,5.2788842038e-01,4.2196934914e-01,2.8407860387e-01,1.3510798004e-01,2.6022867894e-02,2.5300101205e-04,3.1455365367e-07,0.0000000000e+00,0.0000000000e+00,0.0000000000e+00,0.0000000000e+00,0.0000000000e+00,0.0000000000e+00,0.0000000000e+00,0.0000000000e+00,0.0000000000e+00,0.0000000000e+00,0.0000000000e+00,0.0000000000e+00,0.0000000000e+00,0.0000000000e+00,0.0000000000e+00,0.0000000000e+00,0.0000000000e+00,0.0000000000e+00,0.0000000000e+00,0.0000000000e+00,0.0000000000e+00,0.0000000000e+00,0.0000000000e+00,0.0000000000e+00,0.0000000000e+00,0.0000000000e+00,0.0000000000e+00,0.0000000000e+00,0.0000000000e+00,0.0000000000e+00,0.0000000000e+00,0.0000000000e+00,0.0000000000e+00,0.0000000000e+00,0.0000000000e+00,0.0000000000e+00,0.0000000000e+00,0.0000000000e+00,0.0000000000e+00,0.0000000000e+00,0.0000000000e+00,0.0000000000e+00,0.0000000000e+00,0.0000000000e+00,0.0000000000e+00,0.0000000000e+00,0.0000000000e+00,0.0000000000e+00,0.0000000000e+00,0.0000000000e+00,0.0000000000e+00,0.0000000000e+00,0.0000000000e+00,0.0000000000e+00,0.0000000000e+00,0.0000000000e+00,0.0000000000e+00,0.0000000000e+00,0.0000000000e+00,0.0000000000e+00,0.0000000000e+00,0.0000000000e+00,0.0000000000e+00,0.0000000000e+00,0.0000000000e+00,0.0000000000e+00,0.0000000000e+00,0.0000000000e+00,0.0000000000e+00,0.0000000000e+00,0.0000000000e+00,0.0000000000e+00,0.0000000000e+00,0.0000000000e+00,0.0000000000e+00,0.0000000000e+00,0.0000000000e+00,0.0000000000e+00,0.0000000000e+00,0.0000000000e+00
6.7130993868e+00,1.2225083397e+00,1.2225083397e+00,1.2225083397e+00,1.2225083397e+00,1.2225083397e+00,1.2225083397e+00,1.2225083397e+00,1.2225083397e+00,1.2225083397e+00,1.2225083397e+00,1.2225083397e+00,1.2225083397e+00,1.2225083397e+00,1.2225083397e+00,1.2225083397e+00,1.2225083397e+00,1.2225083397e+00,1.2225083397e+00,1.2225083397e+00,1.2225083397e+00,1.2225083397e+00,1.2225083397e+00,1.2225083397e+00,1.2225083397e+00,1.2225083397e+00,1.2225083397e+00,1.2225083397e+00,1.2225083397e+00,1.2225083397e+00,1.2225083397e+00,1.2225083397e+00,1.2225083397e+00,1.2225083397e+00,1.2225083397e+00,1.2225083397e+00,1.2225083397e+00,1.2225083397e+00,1.2225083397e+00,1.2225083397e+00,1.2225083397e+00,1.2225083397e+00,1.2225083397e+00,1.2225083397e+00,1.2225083397e+00,1.2225083397e+00,1.2225083397e+00,1.2225083397e+00,1.2225083397e+00,1.2225083397e+00,1.2225083397e+00,1.2225083397e+00,1.2225083397e+00,1.2225083397e+00,1.2225083397e+00,1.2225083397e+00,1.2225083397e+00,1.2225083397e+00,1.2225103422e+00,1.2225126759e+00,1.2225152415e+00,1.2225180620e+00,1.2225211626e+00,1.2225245713e+00,1.2225283187e+00,1.2225324383e+00,1.2225369673e+00,1.2225419461e+00,1.2225474197e+00,1.2225505600e+00,1.2225481972e+00,1.2225455998e+00,1.2225427443e+00,1.2225396052e+00,1.2225361542e+00,1.2225233570e+00,1.2225087741e+00,1.2224927426e+00,1.2224701156e+00,1.2224372333e+00,1.2224010854e+00,1.2223462112e+00,1.2222803840e+00,1.2221975867e+00,1.2220999723e+00,1.2220015757e+00,1.2218992824e+00,1.2217960598e+00,1.2217091627e+00,1.2215849501e+00,1.2213938406e+00,1.2206437512e+00,1.2185647436e+00,1.2160099105e+00,1.2131270237e+00,1.2092106773e+00,1.2048720576e+00,1.1998143700e+00,1.1880419929e+00,1.1720282803e+00,1.1526240383e+00,1.1329677839e+00,1.0999571774e+00,1.0576704259e+00,1.0211649131e+00,9.6887422517e-01,9.1707406488e-01,8.6468539471e-01,8.1348181732e-01,7.6438055008e-01,7.2537203395e-01,6.8927211512e-01,6.5320251148e-01,6.0713114651e-01,5.4022817031e-01,4.3678176923e-01,2.9921992922e-01,1.4654998908e-01,2.9878433821e-02,3.5060203835e-04,5.6861522100e-07,0.0000000000e+00,0.0000000000e+00,0.0000000000e+00,0.0000000000e+00,0.0000000000e+00,0.0000000000e+00,0.0000000000e+00,0.0000000000e+00,0.0000000000e+00,0.0000000000e+00,0.0000000000e+00,0.0000000000e+00,0.0000000000e+00,0.0000000000e+00,0.0000000000e+00,0.0000000000e+00,0.0000000000e+00,0.0000000000e+00,0.0000000000e+00,0.0000000000e+00,0.0000000000e+00,0.0000000000e+00,0.0000000000e+00,0.0000000000e+00,0.0000000000e+00,0.0000000000e+00,0.0000000000e+00,0.0000000000e+00,0.0000000000e+00,0.0000000000e+00,0.0000000000e+00,0.0000000000e+00,0.0000000000e+00,0.0000000000e+00,0.0000000000e+00,0.0000000000e+00,0.0000000000e+00,0.0000000000e+00,0.0000000000e+00,0.0000000000e+00,0.0000000000e+00,0.0000000000e+00,0.0000000000e+00,0.0000000000e+00,0.0000000000e+00,0.0000000000e+00,0.0000000000e+00,0.0000000000e+00,0.0000000000e+00,0.0000000000e+00,0.0000000000e+00,0.0000000000e+00,0.0000000000e+00,0.0000000000e+00,0.0000000000e+00,0.0000000000e+00,0.0000000000e+00,0.0000000000e+00,0.0000000000e+00,0.0000000000e+00,0.0000000000e+00,0.0000000000e+00,0.0000000000e+00,0.0000000000e+00,0.0000000000e+00,0.0000000000e+00,0.0000000000e+00,0.0000000000e+00,0.0000000000e+00,0.0000000000e+00,0.0000000000e+00,0.0000000000e+00,0.0000000000e+00,0.0000000000e+00,0.0000000000e+00,0.0000000000e+00,0.0000000000e+00,0.0000000000e+00,0.0000000000e+00,0.0000000000e+00
7.0170382867e+00,1.1772159375e+00,1.1772159375e+00,1.1772159375e+00,1.1772159375e+00,1.1772159375e+00,1.1772159375e+00,1.1772159375e+00,1.1772159375e+00,1.1772159375e+00,1.1772159375e+00,1.1772159375e+00,1.1772159375e+00,1.1772159375e+00,1.1772159375e+00,1.1772159375e+00,1.1772159375e+00,1.1772159375e+00,1.1772159375e+00,1.1772159375e+00,1.1772159375e+00,1.1772159375e+00,1.1772159375e+00,1.1772159375e+00,1.1772159375e+00,1.1772159375e+00,1.1772159375e+00,1.1772159375e+00,1.1772159375e+00,1.1772159375e+00,1.1772159375e+00,1.1772159375e+00,1.1772159375e+00,1.1772159375e+00,1.1772159375e+00,1.1772159375e+00,1.1772159375e+00,1.1772159375e+00,1.1772159375e+00,1.1772159375e+00,1.1772159375e+00,1.1772159375e+00,1.1772159375e+00,1.1772159375e+00,1.1772159375e+00,1.1772159375e+00,1.1772159375e+00,1.1772159375e+00,1.1772159375e+00,1.1772159375e+00,1.1772159375e+00,1.1772159375e+00,1.1772159375e+00,1.1772159375e+00,1.1772159375e+00,1.1772159375e+00,1.1772159375e+00,1.1772159375e+00,1.1772176714e+00,1.1772196921e+00,1.1772219134e+00,1.1772243555e+00,1.1772270402e+00,1.1772299915e+00,1.1772332361e+00,1.1772368031e+00,1.1772407244e+00,1.1772450353e+00,1.1772497745e+00,1.1772524374e+00,1.1772502167e+00,1.1772477754e+00,1.1772450916e+00,1.1772421411e+00,1.1772388976e+00,1.1772273301e+00,1.1772141563e+00,1.1771996739e+00,1.1771792880e+00,1.1771497310e+00,1.1771172384e+00,1.1770679553e+00,1.1770088461e+00,1.1769345017e+00,1.1768468541e+00,1.1767581407e+00,1.1766656469e+00,1.1765718736e+00,1.1764918097e+00,1.1763780210e+00,1.1762039923e+00,1.1755342151e+00,1.1736868970e+00,1.1714159602e+00,1.1688509708e+00,1.1653580698e+00,1.1614847717e+00,1.1569653174e+00,1.1464601187e+00,1.1321693246e+00,1.1147979248e+00,1.0971477340e+00,1.0674841846e+00,1.0294113803e+00,9.9638803440e-01,9.4899594134e-01,9.0189281123e-01,8.5406517469e-01,8.0716965684e-01,7.6201994368e-01,7.2597600952e-01,6.9249507230e-01,6.5886914924e-01,6.1534422951e-01,5.5143221841e-01,4.5064608539e-01,3.1386207614e-01,1.5811027221e-01,3.4044273673e-02,4.7867771268e-04,1.0075320494e-06,0.0000000000e+00,0.0000000000e+00,0.0000000000e+00,0.0000000000e+00,0.0000000000e+00,0.0000000000e+00,0.0000000000e+00,0.0000000000e+00,0.0000000000e+00,0.0000000000e+00,0.0000000000e+00,0.0000000000e+00,0.0000000000e+00,0.0000000000e+00,0.0000000000e+00,0.0000000000e+00,0.0000000000e+00,0.0000000000e+00,0.0000000000e+00,0.0000000000e+00,0.0000000000e+00,0.0000000000e+00,0.0000000000e+00,0.0000000000e+00,0.0000000000e+00,0.0000000000e+00,0.0000000000e+00,0.0000000000e+00,0.0000000000e+00,0.0000000000e+00,0.0000000000e+00,0.0000000000e+00,0.0000000000e+00,0.0000000000e+00,0.0000000000e+00,0.0000000000e+00,0.0000000000e+00,0.0000000000e+00,0.0000000000e+00,0.0000000000e+00,0.0000000000e+00,0.0000000000e+00,0.0000000000e+00,0.0000000000e+00,0.0000000000e+00,0.0000000000e+00,0.0000000000e+00,0.0000000000e+00,0.0000000000e+00,0.0000000000e+00,0.0000000000e+00,0.0000000000e+00,0.0000000000e+00,0.0000000000e+00,0.0000000000e+00,0.0000000000e+00,0.0000000000e+00,0.0000000000e+00,0.0000000000e+00,0.0000000000e+00,0.0000000000e+00,0.0000000000e+00,0.0000000000e+00,0.0000000000e+00,0.0000000000e+00,0.0000000000e+00,0.0000000000e+00,0.0000000000e+00,0.0000000000e+00,0.0000000000e+00,0.0000000000e+00,0.0000000000e+00,0.0000000000e+00,0.0000000000e+00,0.0000000000e+00,0.0000000000e+00,0.0000000000e+00,0.0000000000e+00,0.0000000000e+00,0.0000000000e+00
7.3347381708e+00,1.1354147164e+00,1.1354147164e+00,1.1354147164e+00,1.1354147164e+00,1.1354147164e+00,1.1354147164e+00,1.1354147164e+00,1.1354147164e+00,1.1354147164e+00,1.1354147164e+00,1.1354147164e+00,1.1354147164e+00,1.1354147164e+00,1.1354147164e+00,1.1354147164e+00,1.1354147164e+00,1.1354147164e+00,1.1354147164e+00,1.1354147164e+00,1.1354147164e+00,1.1354147164e+00,1.1354147164e+00,1.1354147164e+00,1.1354147164e+00,1.1354147164e+00,1.1354147164e+00,1.1354147164e+00,1.1354147164e+00,1.1354147164e+00,1.1354147164e+00,1.1354147164e+00,1.1354147164e+00,1.1354147164e+00,1.1354147164e+00,1.1354147164e+00,1.1354147164e+00,1.1354147164e+00,1.1354147164e+00,1.1354147164e+00,1.1354147164e+00,1.1354147164e+00,1.1354147164e+00,1.1354147164e+00,1.1354147164e+00,1.1354147164e+00,1.1354147164e+00,1.1354147164e+00,1.1354147164e+00,1.1354147164e+00,1.1354147164e+00,1.1354147164e+00,1.1354147164e+00,1.1354147164e+00,1.1354147164e+00,1.1354147164e+00,1.1354147164e+00,1.1354147164e+00,1.1354162216e+00,1.1354179757e+00,1.1354199040e+00,1.1354220239e+00,1.1354243544e+00,1.1354269165e+00,1.1354297330e+00,1.1354328294e+00,1.1354362334e+00,1.1354399757e+00,1.1354440896e+00,1.1354463540e+00,1.1354442787e+00,1.1354419973e+00,1.1354394892e+00,1.1354367320e+00,1.1354337009e+00,1.1354232473e+00,1.1354113483e+00,1.1353982674e+00,1.1353798977e+00,1.1353533183e+00,1.1353240990e+00,1.1352798121e+00,1.1352267034e+00,1.1351599057e+00,1.1350811548e+00,1.1350011378e+00,1.1349174854e+00,1.1348323057e+00,1.1347586406e+00,1.1346544826e+00,1.1344960454e+00,1.1338973770e+00,1.1322539530e+00,1.1302329597e+00,1.1279481912e+00,1.1248298711e+00,1.1213687402e+00,1.1173266388e+00,1.1079439142e+00,1.0951795777e+00,1.0796173543e+00,1.0637604182e+00,1.0370932820e+00,1.0028041802e+00,9.7293097668e-01,9.2998485233e-01,8.8716828875e-01,8.4353233669e-01,8.0061748093e-01,7.5914550056e-01,7.2588516937e-01,6.9487866075e-01,6.6358253123e-01,6.2251417911e-01,5.6154386120e-01,4.6355823092e-01,3.2795014277e-01,1.6972377275e-01,3.8512438503e-02,6.4430051015e-04,1.7488015312e-06,0.0000000000e+00,0.0000000000e+00,0.0000000000e+00,0.0000000000e+00,0.0000000000e+00,0.0000000000e+00,0.0000000000e+00,0.0000000000e+00,0.0000000000e+00,0.0000000000e+00,0.0000000000e+00,0.0000000000e+00,0.0000000000e+00,0.0000000000e+00,0.0000000000e+00,0.0000000000e+00,0.0000000000e+00,0.0000000000e+00,0.0000000000e+00,0.0000000000e+00,0.0000000000e+00,0.0000000000e+00,0.0000000000e+00,0.0000000000e+00,0.0000000000e+00,0.0000000000e+00,0.0000000000e+00,0.0000000000e+00,0.0000000000e+00,0.0000000000e+00,0.0000000000e+00,0.0000000000e+00,0.0000000000e+00,0.0000000000e+00,0.0000000000e+00,0.0000000000e+00,0.0000000000e+00,0.0000000000e+00,0.0000000000e+00,0.0000000000e+00,0.0000000000e+00,0.0000000000e+00,0.0000000000e+00,0.0000000000e+00,0.0000000000e+00,0.0000000000e+00,0.0000000000e+00,0.0000000000e+00,0.0000000000e+00,0.0000000000e+00,0.0000000000e+00,0.0000000000e+00,0.0000000000e+00,0.0000000000e+00,0.0000000000e+00,0.0000000000e+00,0.0000000000e+00,0.0000000000e+00,0.0000000000e+00,0.0000000000e+00,0.0000000000e+00,0.0000000000e+00,0.0000000000e+00,0.0000000000e+00,0.0000000000e+00,0.0000000000e+00,0.0000000000e+00,0.0000000000e+00,0.0000000000e+00,0.0000000000e+00,0.0000000000e+00,0.0000000000e+00,0.0000000000e+00,0.0000000000e+00,0.0000000000e+00,0.0000000000e+00,0.0000000000e+00,0.0000000000e+00,0.0000000000e+00,0.0000000000e+00
7.6668220745e+00,1.0968509696e+00,1.0968509696e+00,1.0968509696e+00,1.0968509696e+00,1.0968509696e+00,1.0968509696e+00,1.0968509696e+00,1.0968509696e+00,1.0968509696e+00,1.0968509696e+00,1.0968509696e+00,1.0968509696e+00,1.0968509696e+00,1.0968509696e+00,1.0968509696e+00,1.0968509696e+00,1.0968509696e+00,1.0968509696e+00,1.0968509696e+00,1.0968509696e+00,1.0968509696e+00,1.0968509696e+00,1.0968509696e+00,1.0968509696e+00,1.0968509696e+00,1.0968509696e+00,1.0968509696e+00,1.0968509696e+00,1.0968509696e+00,1.0968509696e+00,1.0968509696e+00,1.0968509696e+00,1.0968509696e+00,1.0968509696e+00,1.0968509696e+00,1.0968509696e+00,1.0968509696e+00,1.0968509696e+00,1.0968509696e+00,1.0968509696e+00,1.0968509696e+00,1.0968509696e+00,1.0968509696e+00,1.0968509696e+00,1.0968509696e+00,1.0968509696e+00,1.0968509696e+00,1.0968509696e+00,1.0968509696e+00,1.0968509696e+00,1.0968509696e+00,1.0968509696e+00,1.0968509696e+00,1.0968509696e+00,1.0968509696e+00,1.0968509696e+00,1.0968509696e+00,1.0968522796e+00,1.0968538063e+00,1.0968554847e+00,1.0968573298e+00,1.0968593582e+00,1.0968615881e+00,1.0968640395e+00,1.0968667346e+00,1.0968696973e+00,1.0968729544e+00,1.0968765351e+00,1.0968784662e+00,1.0968765360e+00,1.0968744141e+00,1.0968720814e+00,1.0968695169e+00,1.0968666977e+00,1.0968572519e+00,1.0968465052e+00,1.0968346909e+00,1.0968181343e+00,1.0967942213e+00,1.0967679332e+00,1.0967281122e+00,1.0966803649e+00,1.0966203079e+00,1.0965495023e+00,1.0964772965e+00,1.0964016192e+00,1.0963242482e+00,1.0962565505e+00,1.0961612688e+00,1.0960170479e+00,1.0954813914e+00,1.0940175787e+00,1.0922168544e+00,1.0901793291e+00,1.0873926125e+00,1.0842968191e+00,1.0806783479e+00,1.0722904806e+00,1.0608792682e+00,1.0469276872e+00,1.0326739265e+00,1.0086891422e+00,9.7779667561e-01,9.5077130945e-01,9.1185663694e-01,8.7294706577e-01,8.3315646905e-01,7.9391166342e-01,7.5585287685e-01,7.2519691884e-01,6.9651848705e-01,6.6743186467e-01,6.2871780314e-01,5.7061308786e-01,4.7552496189e-01,3.4144006970e-01,1.8132786168e-01,4.3271879762e-02,8.5550726975e-04,2.9729744156e-06,0.0000000000e+00,0.0000000000e+00,0.0000000000e+00,0.0000000000e+00,0.0000000000e+00,0.0000000000e+00,0.0000000000e+00,0.0000000000e+00,0.0000000000e+00,0.0000000000e+00,0.0000000000e+00,0.0000000000e+00,0.0000000000e+00,0.0000000000e+00,0.0000000000e+00,0.0000000000e+00,0.0000000000e+00,0.0000000000e+00,0.0000000000e+00,0.0000000000e+00,0.0000000000e+00,0.0000000000e+00,0.0000000000e+00,0.0000000000e+00,0.0000000000e+00,0.0000000000e+00,0.0000000000e+00,0.0000000000e+00,0.0000000000e+00,0.0000000000e+00,0.0000000000e+00,0.0000000000e+00,0.0000000000e+00,0.0000000000e+00,0.0000000000e+00,0.0000000000e+00,0.0000000000e+00,0.0000000000e+00,0.0000000000e+00,0.0000000000e+00,0.0000000000e+00,0.0000000000e+00,0.0000000000e+00,0.0000000000e+00,0.0000000000e+00,0.0000000000e+00,0.0000000000e+00,0.0000000000e+00,0.0000000000e+00,0.0000000000e+00,0.0000000000e+00,0.0000000000e+00,0.0000000000e+00,0.0000000000e+00,0.0000000000e+00,0.0000000000e+00,0.0000000000e+00,0.0000000000e+00,0.0000000000e+00,0.0000000000e+00,0.0000000000e+00,0.0000000000e+00,0.0000000000e+00,0.0000000000e+00,0.0000000000e+00,0.0000000000e+00,0.0000000000e+00,0.0000000000e+00,0.0000000000e+00,0.0000000000e+00,0.0000000000e+00,0.0000000000e+00,0.0000000000e+00,0.0000000000e+00,0.0000000000e+00,0.0000000000e+00,0.0000000000e+00,0.0000000000e+00,0.0000000000e+00,0.0000000000e+00
8.0139412415e+00,1.0612840231e+00,1.0612840231e+00,1.0612840231e+00,1.0612840231e+00,1.0612840231e+00,1.0612840231e+00,1.0612840231e+00,1.0612840231e+00,1.0612840231e+00,1.0612840231e+00,1.0612840231e+00,1.0612840231e+00,1.0612840231e+00,1.0612840231e+00,1.0612840231e+00,1.0612840231e+00,1.0612840231e+00,1.0612840231e+00,1.0612840231e+00,1.0612840231e+00,1.0612840231e+00,1.0612840231e+00,1.0612840231e+00,1.0612840231e+00,1.0612840231e+00,1.0612840231e+00,1.0612840231e+00,1.0612840231e+00,1.0612840231e+00,1.0612840231e+00,1.0612840231e+00,1.0612840231e+00,1.0612840231e+00,1.0612840231e+00,1.0612840231e+00,1.0612840231e+00,1.0612840231e+00,1.0612840231e+00,1.0612840231e+00,1.0612840231e+00,1.0612840231e+00,1.0612840231e+00,1.0612840231e+00,1.0612840231e+00,1.0612840231e+00,1.0612840231e+00,1.0612840231e+00,1.0612840231e+00,1.0612840231e+00,1.0612840231e+00,1.0612840231e+00,1.0612840231e+00,1.0612840231e+00,1.0612840231e+00,1.0612840231e+00,1.0612840231e+00,1.0612840231e+00,1.0612851664e+00,1.0612864987e+00,1.0612879634e+00,1.0612895736e+00,1.0612913438e+00,1.0612932898e+00,1.0612954292e+00,1.0612977811e+00,1.0613003666e+00,1.0613032090e+00,1.0613063339e+00,1.0613079859e+00,1.0613061978e+00,1.0613042320e+00,1.0613020710e+00,1.0612996953e+00,1.0612970836e+00,1.0612885488e+00,1.0612788425e+00,1.0612681720e+00,1.0612532455e+00,1.0612317207e+00,1.0612080581e+00,1.0611722306e+00,1.0611292759e+00,1.0610752428e+00,1.0610115366e+00,1.0609463483e+00,1.0608778644e+00,1.0608075846e+00,1.0607454328e+00,1.0606583162e+00,1.0605270464e+00,1.0600472780e+00,1.0587418578e+00,1.0571354601e+00,1.0553163077e+00,1.0528233963e+00,1.0500516868e+00,1.0468094464e+00,1.0393039261e+00,1.0290929662e+00,1.0165759121e+00,1.0037557101e+00,9.8217232565e-01,9.5432878271e-01,9.2987663619e-01,8.9461485214e-01,8.5926250383e-01,8.2299410003e-01,7.8712640028e-01,7.5222725457e-01,7.2400012481e-01,6.9750374046e-01,6.7050241095e-01,6.3403140933e-01,5.7869460535e-01,4.8656210216e-01,3.5429803670e-01,1.9286311011e-01,4.8308740555e-02,1.1212817149e-03,4.9508774166e-06,0.0000000000e+00,0.0000000000e+00,0.0000000000e+00,0.0000000000e+00,0.0000000000e+00,0.0000000000e+00,0.0000000000e+00,0.0000000000e+00,0.0000000000e+00,0.0000000000e+00,0.0000000000e+00,0.0000000000e+00,0.0000000000e+00,0.0000000000e+00,0.0000000000e+00,0.0000000000e+00,0.0000000000e+00,0.0000000000e+00,0.0000000000e+00,0.0000000000e+00,0.0000000000e+00,0.0000000000e+00,0.0000000000e+00,0.0000000000e+00,0.0000000000e+00,0.0000000000e+00,0.0000000000e+00,0.0000000000e+00,0.0000000000e+00,0.0000000000e+00,0.0000000000e+00,0.0000000000e+00,0.0000000000e+00,0.0000000000e+00,0.0000000000e+00,0.0000000000e+00,0.0000000000e+00,0.0000000000e+00,0.0000000000e+00,0.0000000000e+00,0.0000000000e+00,0.0000000000e+00,0.0000000000e+00,0.0000000000e+00,0.0000000000e+00,0.0000000000e+00,0.0000000000e+00,0.0000000000e+00,0.0000000000e+00,0.0000000000e+00,0.0000000000e+00,0.0000000000e+00,0.0000000000e+00,0.0000000000e+00,0.0000000000e+00,0.0000000000e+00,0.0000000000e+00,0.0000000000e+00,0.0000000000e+00,0.0000000000e+00,0.0000000000e+00,0.0000000000e+00,0.0000000000e+00,0.0000000000e+00,0.0000000000e+00,0.0000000000e+00,0.0000000000e+00,0.0000000000e+00,0.0000000000e+00,0.0000000000e+00,0.0000000000e+00,0.0000000000e+00,0.0000000000e+00,0.0000000000e+00,0.0000000000e+00,0.0000000000e+00,0.0000000000e+00,0.0000000000e+00,0.0000000000e+00,0.0000000000e+00
8.3767764007e+00,1.0284868527e+00,1.0284868527e+00,1.0284868527e+00,1.0284868527e+00,1.0284868527e+00,1.0284868527e+00,1.0284868527e+00,1.0284868527e+00,1.0284868527e+00,1.0284868527e+00,1.0284868527e+00,1.0284868527e+00,1.0284868527e+00,1.0284868527e+00,1.0284868527e+00,1.0284868527e+00,1.0284868527e+00,1.0284868527e+00,1.0284868527e+00,1.0284868527e+00,1.0284868527e+00,1.0284868527e+00,1.0284868527e+00,1.0284868527e+00,1.0284868527e+00,1.0284868527e+00,1.0284868527e+00,1.0284868527e+00,1.0284868527e+00,1.0284868527e+00,1.0284868527e+00,1.0284868527e+00,1.0284868527e+00,1.0284868527e+00,1.0284868527e+00,1.0284868527e+00,1.0284868527e+00,1.0284868527e+00,1.0284868527e+00,1.0284868527e+00,1.0284868527e+00,1.0284868527e+00,1.0284868527e+00,1.0284868527e+00,1.0284868527e+00,1.0284868527e+00,1.0284868527e+00,1.0284868527e+00,1.0284868527e+00,1.0284868527e+00,1.0284868527e+00,1.0284868527e+00,1.0284868527e+00,1.0284868527e+00,1.0284868527e+00,1.0284868527e+00,1.0284868527e+00,1.0284878531e+00,1.0284890189e+00,1.0284903005e+00,1.0284917094e+00,1.0284932584e+00,1.0284949612e+00,1.0284968332e+00,1.0284988911e+00,1.0285011535e+00,1.0285036407e+00,1.0285063750e+00,1.0285077928e+00,1.0285061419e+00,1.0285043269e+00,1.0285023316e+00,1.0285001380e+00,1.0284977266e+00,1.0284900147e+00,1.0284812475e+00,1.0284716094e+00,1.0284581482e+00,1.0284387631e+00,1.0284174526e+00,1.0283851979e+00,1.0283465298e+00,1.0282978832e+00,1.0282405246e+00,1.0281816429e+00,1.0281196477e+00,1.0280558047e+00,1.0279987924e+00,1.0279191747e+00,1.0277996956e+00,1.0273695463e+00,1.0262039687e+00,1.0247692086e+00,1.0231431443e+00,1.0209107890e+00,1.0184268183e+00,1.0155189867e+00,1.0087966310e+00,9.9965111833e-01,9.8841242379e-01,9.7687452780e-01,9.5744144713e-01,9.3233483734e-01,9.1020692306e-01,8.7825311441e-01,8.4613666216e-01,8.1309017035e-01,7.8032469660e-01,7.4834378580e-01,7.2237509992e-01,6.9791675281e-01,6.7287464562e-01,6.3852947937e-01,5.8584610451e-01,4.9669286796e-01,3.6649969673e-01,2.0427391013e-01,5.3606688336e-02,1.4515066313e-03,8.0794410475e-06,0.0000000000e+00,0.0000000000e+00,0.0000000000e+00,0.0000000000e+00,0.0000000000e+00,0.0000000000e+00,0.0000000000e+00,0.0000000000e+00,0.0000000000e+00,0.0000000000e+00,0.0000000000e+00,0.0000000000e+00,0.0000000000e+00,0.0000000000e+00,0.0000000000e+00,0.0000000000e+00,0.0000000000e+00,0.0000000000e+00,0.0000000000e+00,0.0000000000e+00,0.0000000000e+00,0.0000000000e+00,0.0000000000e+00,0.0000000000e+00,0.0000000000e+00,0.0000000000e+00,0.0000000000e+00,0.0000000000e+00,0.0000000000e+00,0.0000000000e+00,0.0000000000e+00,0.0000000000e+00,0.0000000000e+00,0.0000000000e+00,0.0000000000e+00,0.0000000000e+00,0.0000000000e+00,0.0000000000e+00,0.0000000000e+00,0.0000000000e+00,0.0000000000e+00,0.0000000000e+00,0.0000000000e+00,0.0000000000e+00,0.0000000000e+00,0.0000000000e+00,0.0000000000e+00,0.0000000000e+00,0.0000000000e+00,0.0000000000e+00,0.0000000000e+00,0.0000000000e+00,0.0000000000e+00,0.0000000000e+00,0.0000000000e+00,0.0000000000e+00,0.0000000000e+00,0.0000000000e+00,0.0000000000e+00,0.0000000000e+00,0.0000000000e+00,0.0000000000e+00,0.0000000000e+00,0.0000000000e+00,0.0000000000e+00,0.0000000000e+00,0.0000000000e+00,0.0000000000e+00,0.0000000000e+00,0.0000000000e+00,0.0000000000e+00,0.0000000000e+00,0.0000000000e+00,0.0000000000e+00,0.0000000000e+00,0.0000000000e+00,0.0000000000e+00,0.0000000000e+00,0.0000000000e+00,0.0000000000e+00
8.7560391014e+00,9.9824632371e-01,9.9824632371e-01,9.9824632371e-01,9.9824632371e-01,9.9824632371e-01,9.9824632371e-01,9.9824632371e-01,9.9824632371e-01,9.9824632371e-01,9.9824632371e-01,9.9824632371e-01,9.9824632371e-01,9.9824632371e-01,9.9824632371e-01,9.9824632371e-01,9.9824632371e-01,9.9824632371e-01,9.9824632371e-01,9.9824632371e-01,9.9824632371e-01,9.9824632371e-01,9.9824632371e-01,9.9824632371e-01,9.9824632371e-01,9.9824632371e-01,9.9824632371e-01,9.9824632371e-01,9.9824632371e-01,9.9824632371e-01,9.9824632371e-01,9.9824632371e-01,9.9824632371e-01,9.9824632371e-01,9.9824632371e-01,9.9824632371e-01,9.9824632371e-01,9.9824632371e-01,9.9824632371e-01,9.9824632371e-01,9.9824632371e-01,9.9824632371e-01,9.9824632371e-01,9.9824632371e-01,9.9824632371e-01,9.9824632371e-01,9.9824632371e-01,9.9824632371e-01,9.9824632371e-01,9.9824632371e-01,9.9824632371e-01,9.9824632371e-01,9.9824632371e-01,9.9824632371e-01,9.9824632371e-01,9.9824632371e-01,9.9824632371e-01,9.9824632371e-01,9.9824720140e-01,9.9824822422e-01,9.9824934865e-01,9.9825058480e-01,9.9825194375e-01,9.9825343770e-01,9.9825508008e-01,9.9825688563e-01,9.9825887055e-01,9.9826105266e-01,9.9826345157e-01,9.9826467259e-01,9.9826315253e-01,9.9826148145e-01,9.9825964437e-01,9.9825762478e-01,9.9825540456e-01,9.9824843564e-01,9.9824051565e-01,9.9823180892e-01,9.9821966498e-01,9.9820219761e-01,9.9818299529e-01,9.9815393886e-01,9.9811910678e-01,9.9807528005e-01,9.9802360101e-01,9.9797038923e-01,9.9791424812e-01,9.9785624598e-01,9.9780398575e-01,9.9773124604e-01,9.9762249623e-01,9.9723644649e-01,9.9619448496e-01,9.9491150635e-01,9.9345637288e-01,9.9145531619e-01,9.8922705497e-01,9.8661672226e-01,9.8059008931e-01,9.7239114243e-01,9.6229235398e-01,9.5190195025e-01,9.3439491592e-01,9.1174555545e-01,8.9171648453e-01,8.6275702297e-01,8.3358203744e-01,8.0347944550e-01,7.7355939392e-01,7.4426817247e-01,7.2039378849e-01,6.9783281075e-01,6.7462370743e-01,6.4228364765e-01,5.9212677104e-01,5.0594631282e-01,3.7802930373e-01,2.1550895175e-01,5.9147275808e-02,1.8568853865e-03,1.2927614191e-05,0.0000000000e+00,0.0000000000e+00,0.0000000000e+00,0.0000000000e+00,0.0000000000e+00,0.0000000000e+00,0.0000000000e+00,0.0000000000e+00,0.0000000000e+00,0.0000000000e+00,0.0000000000e+00,0.0000000000e+00,0.0000000000e+00,0.0000000000e+00,0.0000000000e+00,0.0000000000e+00,0.0000000000e+00,0.0000000000e+00,0.0000000000e+00,0.0000000000e+00,0.0000000000e+00,0.0000000000e+00,0.0000000000e+00,0.0000000000e+00,0.0000000000e+00,0.0000000000e+00,0.0000000000e+00,0.0000000000e+00,0.0000000000e+00,0.0000000000e+00,0.0000000000e+00,0.0000000000e+00,0.0000000000e+00,0.0000000000e+00,0.0000000000e+00,0.0000000000e+00,0.0000000000e+00,0.0000000000e+00,0.0000000000e+00,0.0000000000e+00,0.0000000000e+00,0.0000000000e+00,0.0000000000e+00,0.0000000000e+00,0.0000000000e+00,0.0000000000e+00,0.0000000000e+00,0.0000000000e+00,0.0000000000e+00,0.0000000000e+00,0.0000000000e+00,0.0000000000e+00,0.0000000000e+00,0.0000000000e+00,0.0000000000e+00,0.0000000000e+00,0.0000000000e+00,0.0000000000e+00,0.0000000000e+00,0.0000000000e+00,0.0000000000e+00,0.0000000000e+00,0.0000000000e+00,0.0000000000e+00,0.0000000000e+00,0.0000000000e+00,0.0000000000e+00,0.0000000000e+00,0.0000000000e+00,0.0000000000e+00,0.0000000000e+00,0.0000000000e+00,0.0000000000e+00,0.0000000000e+00,0.0000000000e+00,0.0000000000e+00,0.0000000000e+00,0.0000000000e+00,0.0000000000e+00,0.0000000000e+00
9.1524731088e+00,9.7036313238e-01,9.7036313238e-01,9.7036313238e-01,9.7036313238e-01,9.7036313238e-01,9.7036313238e-01,9.7036313238e-01,9.7036313238e-01,9.7036313238e-01,9.7036313238e-01,9.7036313238e-01,9.7036313238e-01,9.7036313238e-01,9.7036313238e-01,9.7036313238e-01,9.7036313238e-01,9.7036313238e-01,9.7036313238e-01,9.7036313238e-01,9.7036313238e-01,9.7036313238e-01,9.7036313238e-01,9.7036313238e-01,9.7036313238e-01,9.7036313238e-01,9.7036313238e-01,9.7036313238e-01,9.7036313238e-01,9.7036313238e-01,9.7036313238e-01,9.7036313238e-01,9.7036313238e-01,9.7036313238e-01,9.7036313238e-01,9.7036313238e-01,9.7036313238e-01,9.7036313238e-01,9.7036313238e-01,9.7036313238e-01,9.7036313238e-01,9.7036313238e-01,9.7036313238e-01,9.7036313238e-01,9.7036313238e-01,9.7036313238e-01,9.7036313238e-01,9.7036313238e-01,9.7036313238e-01,9.7036313238e-01,9.7036313238e-01,9.7036313238e-01,9.7036313238e-01,9.7036313238e-01,9.7036313238e-01,9.7036313238e-01,9.7036313238e-01,9.7036313238e-01,9.7036390445e-01,9.7036480419e-01,9.7036579331e-01,9.7036688070e-01,9.7036807612e-01,9.7036939030e-01,9.7037083503e-01,9.7037242330e-01,9.7037416936e-01,9.7037608888e-01,9.7037819911e-01,9.7037925428e-01,9.7037785812e-01,9.7037632325e-01,9.7037463590e-01,9.7037278093e-01,9.7037074168e-01,9.7036444332e-01,9.7035728746e-01,9.7034942076e-01,9.7033846118e-01,9.7032271338e-01,9.7030540140e-01,9.7027920975e-01,9.7024781300e-01,9.7020830214e-01,9.7016170854e-01,9.7011359683e-01,9.7006273857e-01,9.7001003588e-01,9.6996216069e-01,9.6989572289e-01,9.6979673338e-01,9.6944992070e-01,9.6851737028e-01,9.6736878301e-01,9.6606514973e-01,9.6426963353e-01,9.6226884271e-01,9.5992342200e-01,9.5451539890e-01,9.4715815374e-01,9.3807652186e-01,9.2871348083e-01,9.1293229929e-01,8.9248963546e-01,8.7435564816e-01,8.4810582752e-01,8.2160312350e-01,7.9418783637e-01,7.6687419347e-01,7.4005732839e-01,7.1812009778e-01,6.9732016477e-01,6.7581908518e-01,6.4536194931e-01,5.9759603586e-01,5.1435591982e-01,3.8887878363e-01,2.2652156695e-01,6.4910318048e-02,2.3488339823e-03,2.0293692598e-05,0.0000000000e+00,0.0000000000e+00,0.0000000000e+00,0.0000000000e+00,0.0000000000e+00,0.0000000000e+00,0.0000000000e+00,0.0000000000e+00,0.0000000000e+00,0.0000000000e+00,0.0000000000e+00,0.0000000000e+00,0.0000000000e+00,0.0000000000e+00,0.0000000000e+00,0.0000000000e+00,0.0000000000e+00,0.0000000000e+00,0.0000000000e+00,0.0000000000e+00,0.0000000000e+00,0.0000000000e+00,0.0000000000e+00,0.0000000000e+00,0.0000000000e+00,0.0000000000e+00,0.0000000000e+00,0.0000000000e+00,0.0000000000e+00,0.0000000000e+00,0.0000000000e+00,0.0000000000e+00,0.0000000000e+00,0.0000000000e+00,0.0000000000e+00,0.0000000000e+00,0.0000000000e+00,0.0000000000e+00,0.0000000000e+00,0.0000000000e+00,0.0000000000e+00,0.0000000000e+00,0.0000000000e+00,0.0000000000e+00,0.0000000000e+00,0.0000000000e+00,0.0000000000e+00,0.0000000000e+00,0.0000000000e+00,0.0000000000e+00,0.0000000000e+00,0.0000000000e+00,0.0000000000e+00,0.0000000000e+00,0.0000000000e+00,0.0000000000e+00,0.0000000000e+00,0.0000000000e+00,0.0000000000e+00,0.0000000000e+00,0.0000000000e+00,0.0000000000e+00,0.0000000000e+00,0.0000000000e+00,0.0000000000e+00,0.0000000000e+00,0.0000000000e+00,0.0000000000e+00,0.0000000000e+00,0.0000000000e+00,0.0000000000e+00,0.0000000000e+00,0.0000000000e+00,0.0000000000e+00,0.0000000000e+00,0.0000000000e+00,0.0000000000e+00,0.0000000000e+00,0.0000000000e+00,0.0000000000e+00
9.5668558622e+00,9.4465151097e-01,9.4465151097e-01,9.4465151097e-01,9.4465151097e-01,9.4465151097e-01,9.4465151097e-01,9.4465151097e-01,9.4465151097e-01,9.4465151097e-01,9.4465151097e-01,9.4465151097e-01,9.4465151097e-01,9.4465151097e-01,9.4465151097e-01,9.4465151097e-01,9.4465151097e-01,9.4465151097e-01,9.4465151097e-01,9.4465151097e-01,9.4465151097e-01,9.4465151097e-01,9.4465151097e-01,9.4465151097e-01,9.4465151097e-01,9.4465151097e-01,9.4465151097e-01,9.4465151097e-01,9.4465151097e-01,9.4465151097e-01,9.4465151097e-01,9.4465151097e-01,9.4465151097e-01,9.4465151097e-01,9.4465151097e-01,9.4465151097e-01,9.4465151097e-01,9.4465151097e-01,9.4465151097e-01,9.4465151097e-01,9.4465151097e-01,9.4465151097e-01,9.4465151097e-01,9.4465151097e-01,9.4465151097e-01,9.4465151097e-01,9.4465151097e-01,9.4465151097e-01,9.4465151097e-01,9.4465151097e-01,9.4465151097e-01,9.4465151097e-01,9.4465151097e-01,9.4465151097e-01,9.4465151097e-01,9.4465151097e-01,9.4465151097e-01,9.4465151097e-01,9.4465219190e-01,9.4465298542e-01,9.4465385777e-01,9.4465481679e-01,9.4465587109e-01,9.4465703012e-01,9.4465830430e-01,9.4465970507e-01,9.4466124500e-01,9.4466293792e-01,9.4466479902e-01,9.4466571412e-01,9.4466443440e-01,9.4466302754e-01,9.4466148093e-01,9.4465978066e-01,9.4465791149e-01,9.4465221824e-01,9.4464575149e-01,9.4463864235e-01,9.4462874787e-01,9.4461454275e-01,9.4459892667e-01,9.4457530282e-01,9.4454698466e-01,9.4451134134e-01,9.4446930479e-01,9.4442578295e-01,9.4437969363e-01,9.4433179884e-01,9.4428796359e-01,9.4422729498e-01,9.4413718251e-01,9.4382531999e-01,9.4298973410e-01,9.4196029404e-01,9.4079110678e-01,9.3917843906e-01,9.3738020691e-01,9.3527091241e-01,9.3041346532e-01,9.2380538515e-01,9.1563206431e-01,9.0718935065e-01,8.9295535882e-01,8.7449504139e-01,8.5807212600e-01,8.3427385153e-01,8.1019778629e-01,7.8523360836e-01,7.6030464235e-01,7.3576008055e-01,7.1561032737e-01,6.9644018583e-01,6.7652449452e-01,6.4782830022e-01,6.0231255134e-01,5.2195835597e-01,3.9904679021e-01,2.3726995412e-01,7.0874275339e-02,2.9393462810e-03,3.1275089289e-05,0.0000000000e+00,0.0000000000e+00,0.0000000000e+00,0.0000000000e+00,0.0000000000e+00,0.0000000000e+00,0.0000000000e+00,0.0000000000e+00,0.0000000000e+00,0.0000000000e+00,0.0000000000e+00,0.0000000000e+00,0.0000000000e+00,0.0000000000e+00,0.0000000000e+00,0.0000000000e+00,0.0000000000e+00,0.0000000000e+00,0.0000000000e+00,0.0000000000e+00,0.0000000000e+00,0.0000000000e+00,0.0000000000e+00,0.0000000000e+00,0.0000000000e+00,0.0000000000e+00,0.0000000000e+00,0.0000000000e+00,0.0000000000e+00,0.0000000000e+00,0.0000000000e+00,0.0000000000e+00,0.0000000000e+00,0.0000000000e+00,0.0000000000e+00,0.0000000000e+00,0.0000000000e+00,0.0000000000e+00,0.0000000000e+00,0.0000000000e+00,0.0000000000e+00,0.0000000000e+00,0.0000000000e+00,0.0000000000e+00,0.0000000000e+00,0.0000000000e+00,0.0000000000e+00,0.0000000000e+00,0.0000000000e+00,0.0000000000e+00,0.0000000000e+00,0.0000000000e+00,0.0000000000e+00,0.0000000000e+00,0.0000000000e+00,0.0000000000e+00,0.0000000000e+00,0.0000000000e+00,0.0000000000e+00,0.0000000000e+00,0.0000000000e+00,0.0000000000e+00,0.0000000000e+00,0.0000000000e+00,0.0000000000e+00,0.0000000000e+00,0.0000000000e+00,0.0000000000e+00,0.0000000000e+00,0.0000000000e+00,0.0000000000e+00,0.0000000000e+00,0.0000000000e+00,0.0000000000e+00,0.0000000000e+00,0.0000000000e+00,0.0000000000e+00,0.0000000000e+00,0.0000000000e+00,0.0000000000e+00
1.0000000000e+01,9.2093875524e-01,9.2093875524e-01,9.2093875524e-01,9.2093875524e-01,9.2093875524e-01,9.2093875524e-01,9.2093875524e-01,9.2093875524e-01,9.2093875524e-01,9.2093875524e-01,9.2093875524e-01,9.2093875524e-01,9.2093875524e-01,9.2093875524e-01,9.2093875524e-01,9.2093875524e-01,9.2093875524e-01,9.2093875524e-01,9.2093875524e-01,9.2093875524e-01,9.2093875524e-01,9.2093875524e-01,9.2093875524e-01,9.2093875524e-01,9.2093875524e-01,9.2093875524e-01,9.2093875524e-01,9.2093875524e-01,9.2093875524e-01,9.2093875524e-01,9.2093875524e-01,9.2093875524e-01,9.2093875524e-01,9.2093875524e-01,9.2093875524e-01,9.2093875524e-01,9.2093875524e-01,9.2093875524e-01,9.2093875524e-01,9.2093875524e-01,9.2093875524e-01,9.2093875524e-01,9.2093875524e-01,9.2093875524e-01,9.2093875524e-01,9.2093875524e-01,9.2093875524e-01,9.2093875524e-01,9.2093875524e-01,9.2093875524e-01,9.2093875524e-01,9.2093875524e-01,9.2093875524e-01,9.2093875524e-01,9.2093875524e-01,9.2093875524e-01,9.2093875524e-01,9.2093935731e-01,9.2094005893e-01,9.2094083026e-01,9.2094167822e-01,9.2094261042e-01,9.2094363523e-01,9.2094476185e-01,9.2094600039e-01,9.2094736199e-01,9.2094885885e-01,9.2095050442e-01,9.2095130092e-01,9.2095013002e-01,9.2094884279e-01,9.2094742768e-01,9.2094587199e-01,9.2094416175e-01,9.2093901450e-01,9.2093316920e-01,9.2092674324e-01,9.2091780690e-01,9.2090498658e-01,9.2089089282e-01,9.2086957220e-01,9.2084401498e-01,9.2081184013e-01,9.2077389044e-01,9.2073450167e-01,9.2069271899e-01,9.2064918630e-01,9.2060906804e-01,9.2055367740e-01,9.2047163785e-01,9.2019094274e-01,9.1944140444e-01,9.1851773510e-01,9.1746801095e-01,9.1601818547e-01,9.1440051996e-01,9.1250190695e-01,9.0813497765e-01,9.0219435944e-01,8.9483280261e-01,8.8721504151e-01,8.7436880706e-01,8.5769000577e-01,8.4281212301e-01,8.2123168757e-01,7.9935845692e-01,7.7662846796e-01,7.5387905953e-01,7.3141787624e-01,7.1291365760e-01,6.9524762755e-01,6.7679790168e-01,6.4974217212e-01,6.0633337523e-01,5.2879239351e-01,4.0853777920e-01,2.4771729716e-01,7.7016632774e-02,3.6408363464e-03,4.7351122760e-05,0.0000000000e+00,0.0000000000e+00,0.0000000000e+00,0.0000000000e+00,0.0000000000e+00,0.0000000000e+00,0.0000000000e+00,0.0000000000e+00,0.0000000000e+00,0.0000000000e+00,0.0000000000e+00,0.0000000000e+00,0.0000000000e+00,0.0000000000e+00,0.0000000000e+00,0.0000000000e+00,0.0000000000e+00,0.0000000000e+00,0.0000000000e+00,0.0000000000e+00,0.0000000000e+00,0.0000000000e+00,0.0000000000e+00,0.0000000000e+00,0.0000000000e+00,0.0000000000e+00,0.0000000000e+00,0.0000000000e+00,0.0000000000e+00,0.0000000000e+00,0.0000000000e+00,0.0000000000e+00,0.0000000000e+00,0.0000000000e+00,0.0000000000e+00,0.0000000000e+00,0.0000000000e+00,0.0000000000e+00,0.0000000000e+00,0.0000000000e+00,0.0000000000e+00,0.0000000000e+00,0.0000000000e+00,0.0000000000e+00,0.0000000000e+00,0.0000000000e+00,0.0000000000e+00,0.0000000000e+00,0.0000000000e+00,0.0000000000e+00,0.0000000000e+00,0.0000000000e+00,0.0000000000e+00,0.0000000000e+00,0.0000000000e+00,0.0000000000e+00,0.0000000000e+00,0.0000000000e+00,0.0000000000e+00,0.0000000000e+00,0.0000000000e+00,0.0000000000e+00,0.0000000000e+00,0.0000000000e+00,0.0000000000e+00,0.0000000000e+00,0.0000000000e+00,0.0000000000e+00,0.0000000000e+00,0.0000000000e+00,0.0000000000e+00,0.0000000000e+00,0.0000000000e+00,0.0000000000e+00,0.0000000000e+00,0.0000000000e+00,0.0000000000e+00,0.0000000000e+00,0.0000000000e+00,0.0000000000e+00
1.0452754953e+01,8.9906462158e-01,8.9906462158e-01,8.9906462158e-01,8.9906462158e-01,8.9906462158e-01,8.9906462158e-01,8.9906462158e-01,8.9906462158e-01,8.9906462158e-01,8.9906462158e-01,8.9906462158e-01,8.9906462158e-01,8.9906462158e-01,8.9906462158e-01,8.9906462158e-01,8.9906462158e-01,8.9906462158e-01,8.9906462158e-01,8.9906462158e-01,8.9906462158e-01,8.9906462158e-01,8.9906462158e-01,8.9906462158e-01,8.9906462158e-01,8.9906462158e-01,8.9906462158e-01,8.9906462158e-01,8.9906462158e-01,8.9906462158e-01,8.9906462158e-01,8.9906462158e-01,8.9906462158e-01,8.9906462158e-01,8.9906462158e-01,8.9906462158e-01,8.9906462158e-01,8.9906462158e-01,8.9906462158e-01,8.9906462158e-01,8.9906462158e-01,8.9906462158e-01,8.9906462158e-01,8.9906462158e-01,8.9906462158e-01,8.9906462158e-01,8.9906462158e-01,8.9906462158e-01,8.9906462158e-01,8.9906462158e-01,8.9906462158e-01,8.9906462158e-01,8.9906462158e-01,8.9906462158e-01,8.9906462158e-01,8.9906462158e-01,8.9906462158e-01,8.9906462158e-01,8.9906515524e-01,8.9906577715e-01,8.9906646085e-01,8.9906721247e-01,8.9906803876e-01,8.9906894714e-01,8.9906994576e-01,8.9907104359e-01,8.9907225049e-01,8.9907357729e-01,8.9907503591e-01,8.9907573172e-01,8.9907466203e-01,8.9907348606e-01,8.9907219328e-01,8.9907077206e-01,8.9906920965e-01,8.9906455507e-01,8.9905927025e-01,8.9905346044e-01,8.9904538635e-01,8.9903380984e-01,8.9902108343e-01,8.9900183025e-01,8.9897875098e-01,8.9894968921e-01,8.9891540770e-01,8.9887974288e-01,8.9884185098e-01,8.9880227634e-01,8.9876557412e-01,8.9871500948e-01,8.9864031147e-01,8.9838744266e-01,8.9771436594e-01,8.9688471667e-01,8.9594127834e-01,8.9463664140e-01,8.9318011214e-01,8.9146967212e-01,8.8754020616e-01,8.8219486435e-01,8.7555939553e-01,8.6868158517e-01,8.5708082921e-01,8.4200379104e-01,8.2852121392e-01,8.0894718500e-01,7.8907315160e-01,7.6837852377e-01,7.4761938729e-01,7.2706547134e-01,7.1007266626e-01,6.9379095882e-01,6.7669165648e-01,6.5115842767e-01,6.0971334129e-01,5.3489799536e-01,4.1736112602e-01,2.5783179319e-01,8.3314269160e-02,4.4659629173e-03,7.0478798622e-05,0.0000000000e+00,0.0000000000e+00,0.0000000000e+00,0.0000000000e+00,0.0000000000e+00,0.0000000000e+00,0.0000000000e+00,0.0000000000e+00,0.0000000000e+00,0.0000000000e+00,0.0000000000e+00,0.0000000000e+00,0.0000000000e+00,0.0000000000e+00,0.0000000000e+00,0.0000000000e+00,0.0000000000e+00,0.0000000000e+00,0.0000000000e+00,0.0000000000e+00,0.0000000000e+00,0.0000000000e+00,0.0000000000e+00,0.0000000000e+00,0.0000000000e+00,0.0000000000e+00,0.0000000000e+00,0.0000000000e+00,0.0000000000e+00,0.0000000000e+00,0.0000000000e+00,0.0000000000e+00,0.0000000000e+00,0.0000000000e+00,0.0000000000e+00,0.0000000000e+00,0.0000000000e+00,0.0000000000e+00,0.0000000000e+00,0.0000000000e+00,0.0000000000e+00,0.0000000000e+00,0.0000000000e+00,0.0000000000e+00,0.0000000000e+00,0.0000000000e+00,0.0000000000e+00,0.0000000000e+00,0.0000000000e+00,0.0000000000e+00,0.0000000000e+00,0.0000000000e+00,0.0000000000e+00,0.0000000000e+00,0.0000000000e+00,0.0000000000e+00,0.0000000000e+00,0.0000000000e+00,0.0000000000e+00,0.0000000000e+00,0.0000000000e+00,0.0000000000e+00,0.0000000000e+00,0.0000000000e+00,0.0000000000e+00,0.0000000000e+00,0.0000000000e+00,0.0000000000e+00,0.0000000000e+00,0.0000000000e+00,0.0000000000e+00,0.0000000000e+00,0.0000000000e+00,0.0000000000e+00,0.0000000000e+00,0.0000000000e+00,0.0000000000e+00,0.0000000000e+00,0.0000000000e+00,0.0000000000e+00
1.0926008611e+01,8.7888063520e-01,8.7888063520e-01,8.7888063520e-01,8.7888063520e-01,8.7888063520e-01,8.7888063520e-01,8.7888063520e-01,8.7888063520e-01,8.7888063520e-01,8.7888063520e-01,8.7888063520e-01,8.7888063520e-01,8.7888063520e-01,8.7888063520e-01,8.7888063520e-01,8.7888063520e-01,8.7888063520e-01,8.7888063520e-01,8.7888063520e-01,8.7888063520e-01,8.7888063520e-01,8.7888063520e-01,8.7888063520e-01,8.7888063520e-01,8.7888063520e-01,8.7888063520e-01,8.7888063520e-01,8.7888063520e-01,8.7888063520e-01,8.7888063520e-01,8.7888063520e-01,8.7888063520e-01,8.7888063520e-01,8.7888063520e-01,8.7888063520e-01,8.7888063520e-01,8.7888063520e-01,8.7888063520e-01,8.7888063520e-01,8.7888063520e-01,8.7888063520e-01,8.7888063520e-01,8.7888063520e-01,8.7888063520e-01,8.7888063520e-01,8.7888063520e-01,8.7888063520e-01,8.7888063520e-01,8.7888063520e-01,8.7888063520e-01,8.7888063520e-01,8.7888063520e-01,8.7888063520e-01,8.7888063520e-01,8.7888063520e-01,8.7888063520e-01,8.7888063520e-01,8.7888110938e-01,8.7888166196e-01,8.7888226945e-01,8.7888293728e-01,8.7888367146e-01,8.7888447858e-01,8.7888536588e-01,8.7888634133e-01,8.7888741369e-01,8.7888859258e-01,8.7888988860e-01,8.7889049868e-01,8.7888952277e-01,8.7888844990e-01,8.7888727044e-01,8.7888597382e-01,8.7888454839e-01,8.7888033840e-01,8.7887555915e-01,8.7887030513e-01,8.7886300731e-01,8.7885254870e-01,8.7884105121e-01,8.7882365519e-01,8.7880280159e-01,8.7877653618e-01,8.7874554979e-01,8.7871324235e-01,8.7867886713e-01,8.7864288446e-01,8.7860931876e-01,8.7856316502e-01,8.7849514374e-01,8.7826714705e-01,8.7766210452e-01,8.7691614058e-01,8.7606738551e-01,8.7489234435e-01,8.7357976875e-01,8.7203757365e-01,8.6849866641e-01,8.6368477528e-01,8.5769932359e-01,8.5148568266e-01,8.4100341104e-01,8.2736724627e-01,8.1514502017e-01,7.9738625267e-01,7.7932633149e-01,7.6048512431e-01,7.4154196043e-01,7.2273158255e-01,7.0712384995e-01,6.9211273875e-01,6.7625270276e-01,6.5212728312e-01,6.1250459364e-01,5.4031555567e-01,4.2553030459e-01,2.6758660252e-01,8.9743809040e-02,5.4274418374e-03,1.0320084805e-04,0.0000000000e+00,0.0000000000e+00,0.0000000000e+00,0.0000000000e+00,0.0000000000e+00,0.0000000000e+00,0.0000000000e+00,0.0000000000e+00,0.0000000000e+00,0.0000000000e+00,0.0000000000e+00,0.0000000000e+00,0.0000000000e+00,0.0000000000e+00,0.0000000000e+00,0.0000000000e+00,0.0000000000e+00,0.0000000000e+00,0.0000000000e+00,0.0000000000e+00,0.0000000000e+00,0.0000000000e+00,0.0000000000e+00,0.0000000000e+00,0.0000000000e+00,0.0000000000e+00,0.0000000000e+00,0.0000000000e+00,0.0000000000e+00,0.0000000000e+00,0.0000000000e+00,0.0000000000e+00,0.0000000000e+00,0.0000000000e+00,0.0000000000e+00,0.0000000000e+00,0.0000000000e+00,0.0000000000e+00,0.0000000000e+00,0.0000000000e+00,0.0000000000e+00,0.0000000000e+00,0.0000000000e+00,0.0000000000e+00,0.0000000000e+00,0.0000000000e+00,0.0000000000e+00,0.0000000000e+00,0.0000000000e+00,0.0000000000e+00,0.0000000000e+00,0.0000000000e+00,0.0000000000e+00,0.0000000000e+00,0.0000000000e+00,0.0000000000e+00,0.0000000000e+00,0.0000000000e+00,0.0000000000e+00,0.0000000000e+00,0.0000000000e+00,0.0000000000e+00,0.0000000000e+00,0.0000000000e+00,0.0000000000e+00,0.0000000000e+00,0.0000000000e+00,0.0000000000e+00,0.0000000000e+00,0.0000000000e+00,0.0000000000e+00,0.0000000000e+00,0.0000000000e+00,0.0000000000e+00,0.0000000000e+00,0.0000000000e+00,0.0000000000e+00,0.0000000000e+00,0.0000000000e+00,0.0000000000e+00
1.1420689063e+01,8.6024933756e-01,8.6024933756e-01,8.6024933756e-01,8.6024933756e-01,8.6024933756e-01,8.6024933756e-01,8.6024933756e-01,8.6024933756e-01,8.6024933756e-01,8.6024933756e-01,8.6024933756e-01,8.6024933756e-01,8.6024933756e-01,8.6024933756e-01,8.6024933756e-01,8.6024933756e-01,8.6024933756e-01,8.6024933756e-01,8.6024933756e-01,8.6024933756e-01,8.6024933756e-01,8.6024933756e-01,8.6024933756e-01,8.6024933756e-01,8.6024933756e-01,8.6024933756e-01,8.6024933756e-01,8.6024933756e-01,8.6024933756e-01,8.6024933756e-01,8.6024933756e-01,8.6024933756e-01,8.6024933756e-01,8.6024933756e-01,8.6024933756e-01,8.6024933756e-01,8.6024933756e-01,8.6024933756e-01,8.6024933756e-01,8.6024933756e-01,8.6024933756e-01,8.6024933756e-01,8.6024933756e-01,8.6024933756e-01,8.6024933756e-01,8.6024933756e-01,8.6024933756e-01,8.6024933756e-01,8.6024933756e-01,8.6024933756e-01,8.6024933756e-01,8.6024933756e-01,8.6024933756e-01,8.6024933756e-01,8.6024933756e-01,8.6024933756e-01,8.6024933756e-01,8.6024975986e-01,8.6025025200e-01,8.6025079302e-01,8.6025138779e-01,8.6025204165e-01,8.6025276047e-01,8.6025355071e-01,8.6025441944e-01,8.6025537449e-01,8.6025642441e-01,8.6025757864e-01,8.6025811553e-01,8.6025722623e-01,8.6025624857e-01,8.6025517380e-01,8.6025399225e-01,8.6025269332e-01,8.6024888464e-01,8.6024456153e-01,8.6023980897e-01,8.6023321034e-01,8.6022375711e-01,8.6021336487e-01,8.6019763842e-01,8.6017878547e-01,8.6015503398e-01,8.6012701003e-01,8.6009773141e-01,8.6006653624e-01,8.6003381397e-01,8.6000312595e-01,8.5996100244e-01,8.5989905394e-01,8.5969331443e-01,8.5914888795e-01,8.5847750858e-01,8.5771320841e-01,8.5665397653e-01,8.5547014500e-01,8.5407853519e-01,8.5088868268e-01,8.4654976016e-01,8.4114673986e-01,8.3552967906e-01,8.2605250704e-01,8.1371319103e-01,8.0262971447e-01,7.8651349757e-01,7.7009961612e-01,7.5294557794e-01,7.3565818998e-01,7.1843949193e-01,7.0409813268e-01,6.9025001220e-01,6.7552284061e-01,6.5269437060e-01,6.1475626367e-01,5.4508528450e-01,4.3306214021e-01,2.7695973438e-01,9.6281953363e-02,6.5378527822e-03,1.4876433963e-04,0.0000000000e+00,0.0000000000e+00,0.0000000000e+00,0.0000000000e+00,0.0000000000e+00,0.0000000000e+00,0.0000000000e+00,0.0000000000e+00,0.0000000000e+00,0.0000000000e+00,0.0000000000e+00,0.0000000000e+00,0.0000000000e+00,0.0000000000e+00,0.0000000000e+00,0.0000000000e+00,0.0000000000e+00,0.0000000000e+00,0.0000000000e+00,0.0000000000e+00,0.0000000000e+00,0.0000000000e+00,0.0000000000e+00,0.0000000000e+00,0.0000000000e+00,0.0000000000e+00,0.0000000000e+00,0.0000000000e+00,0.0000000000e+00,0.0000000000e+00,0.0000000000e+00,0.0000000000e+00,0.0000000000e+00,0.0000000000e+00,0.0000000000e+00,0.0000000000e+00,0.0000000000e+00,0.0000000000e+00,0.0000000000e+00,0.0000000000e+00,0.0000000000e+00,0.0000000000e+00,0.0000000000e+00,0.0000000000e+00,0.0000000000e+00,0.0000000000e+00,0.0000000000e+00,0.0000000000e+00,0.0000000000e+00,0.0000000000e+00,0.0000000000e+00,0.0000000000e+00,0.0000000000e+00,0.0000000000e+00,0.0000000000e+00,0.0000000000e+00,0.0000000000e+00,0.0000000000e+00,0.0000000000e+00,0.0000000000e+00,0.0000000000e+00,0.0000000000e+00,0.0000000000e+00,0.0000000000e+00,0.0000000000e+00,0.0000000000e+00,0.0000000000e+00,0.0000000000e+00,0.0000000000e+00,0.0000000000e+00,0.0000000000e+00,0.0000000000e+00,0.0000000000e+00,0.0000000000e+00,0.0000000000e+00,0.0000000000e+00,0.0000000000e+00,0.0000000000e+00,0.0000000000e+00,0.0000000000e+00
1.1937766417e+01,8.4299434781e-01,8.4299434781e-01,8.4299434781e-01,8.4299434781e-01,8.4299434781e-01,8.4299434781e-01,8.4299434781e-01,8.4299434781e-01,8.4299434781e-01,8.4299434781e-01,8.4299434781e-01,8.4299434781e-01,8.4299434781e-01,8.4299434781e-01,8.4299434781e-01,8.4299434781e-01,8.4299434781e-01,8.4299434781e-01,8.4299434781e-01,8.4299434781e-01,8.4299434781e-01,8.4299434781e-01,8.4299434781e-01,8.4299434781e-01,8.4299434781e-01,8.4299434781e-01,8.4299434781e-01,8.4299434781e-01,8.4299434781e-01,8.4299434781e-01,8.4299434781e-01,8.4299434781e-01,8.4299434781e-01,8.4299434781e-01,8.4299434781e-01,8.4299434781e-01,8.4299434781e-01,8.4299434781e-01,8.4299434781e-01,8.4299434781e-01,8.4299434781e-01,8.4299434781e-01,8.4299434781e-01,8.4299434781e-01,8.4299434781e-01,8.4299434781e-01,8.4299434781e-01,8.4299434781e-01,8.4299434781e-01,8.4299434781e-01,8.4299434781e-01,8.4299434781e-01,8.4299434781e-01,8.4299434781e-01,8.4299434781e-01,8.4299434781e-01,8.4299434781e-01,8.4299434781e-01,8.4299449955e-01,8.4299484932e-01,8.4299523383e-01,8.4299565654e-01,8.4299612125e-01,8.4299663212e-01,8.4299719375e-01,8.4299781117e-01,8.4299848993e-01,8.4299923613e-01,8.4300005645e-01,8.4300095827e-01,8.4299983469e-01,8.4299825640e-01,8.4299652132e-01,8.4299461388e-01,8.4299251694e-01,8.4298894719e-01,8.4298354376e-01,8.4297760356e-01,8.4297107328e-01,8.4295917845e-01,8.4294567352e-01,8.4292932537e-01,8.4290702609e-01,8.4288251156e-01,8.4285555876e-01,8.4282687851e-01,8.4279694411e-01,8.4276848153e-01,8.4272978347e-01,8.4266669127e-01,8.4247611736e-01,8.4200405067e-01,8.4139937794e-01,8.4070608249e-01,8.3975700933e-01,8.3869010185e-01,8.3744880282e-01,8.3457012117e-01,8.3062294526e-01,8.2578571747e-01,8.2067489731e-01,8.1215612778e-01,8.0099594457e-01,7.9094473240e-01,7.7635033408e-01,7.6142527789e-01,7.4579470055e-01,7.3000579069e-01,7.1425176806e-01,7.0106098269e-01,6.8826856552e-01,6.7456349819e-01,6.5291166707e-01,6.1653678156e-01,5.4921170504e-01,4.3999006659e-01,2.8590840153e-01,1.0287387097e-01,7.8184233246e-03,1.9193141923e-04,2.1678153341e-06,0.0000000000e+00,0.0000000000e+00,0.0000000000e+00,0.0000000000e+00,0.0000000000e+00,0.0000000000e+00,0.0000000000e+00,0.0000000000e+00,0.0000000000e+00,0.0000000000e+00,0.0000000000e+00,0.0000000000e+00,0.0000000000e+00,0.0000000000e+00,0.0000000000e+00,0.0000000000e+00,0.0000000000e+00,0.0000000000e+00,0.0000000000e+00,0.0000000000e+00,0.0000000000e+00,0.0000000000e+00,0.0000000000e+00,0.0000000000e+00,0.0000000000e+00,0.0000000000e+00,0.0000000000e+00,0.0000000000e+00,0.0000000000e+00,0.0000000000e+00,0.0000000000e+00,0.0000000000e+00,0.0000000000e+00,0.0000000000e+00,0.0000000000e+00,0.0000000000e+00,0.0000000000e+00,0.0000000000e+00,0.0000000000e+00,0.0000000000e+00,0.0000000000e+00,0.0000000000e+00,0.0000000000e+00,0.0000000000e+00,0.0000000000e+00,0.0000000000e+00,0.0000000000e+00,0.0000000000e+00,0.0000000000e+00,0.0000000000e+00,0.0000000000e+00,0.0000000000e+00,0.0000000000e+00,0.0000000000e+00,0.0000000000e+00,0.0000000000e+00,0.0000000000e+00,0.0000000000e+00,0.0000000000e+00,0.0000000000e+00,0.0000000000e+00,0.0000000000e+00,0.0000000000e+00,0.0000000000e+00,0.0000000000e+00,0.0000000000e+00,0.0000000000e+00,0.0000000000e+00,0.0000000000e+00,0.0000000000e+00,0.0000000000e+00,0.0000000000e+00,0.0000000000e+00,0.0000000000e+00,0.0000000000e+00,0.0000000000e+00,0.0000000000e+00,0.0000000000e+00,0.0000000000e+00
1.2478254705e+01,8.2712131927e-01,8.2712131927e-01,8.2712131927e-01,8.2712131927e-01,8.2712131927e-01,8.2712131927e-01,8.2712131927e-01,8.2712131927e-01,8.2712131927e-01,8.2712131927e-01,8.2712131927e-01,8.2712131927e-01,8.2712131927e-01,8.2712131927e-01,8.2712131927e-01,8.2712131927e-01,8.2712131927e-01,8.2712131927e-01,8.2712131927e-01,8.2712131927e-01,8.2712131927e-01,8.2712131927e-01,8.2712131927e-01,8.2712131927e-01,8.2712131927e-01,8.2712131927e-01,8.2712131927e-01,8.2712131927e-01,8.2712131927e-01,8.2712131927e-01,8.2712131927e-01,8.2712131927e-01,8.2712131927e-01,8.2712131927e-01,8.2712131927e-01,8.2712131927e-01,8.2712131927e-01,8.2712131927e-01,8.2712131927e-01,8.2712131927e-01,8.2712131927e-01,8.2712131927e-01,8.2712131927e-01,8.2712131927e-01,8.2712131927e-01,8.2712131927e-01,8.2712131927e-01,8.2712131927e-01,8.2712131927e-01,8.2712131927e-01,8.2712131927e-01,8.2712131927e-01,8.2712131927e-01,8.2712131927e-01,8.2712131927e-01,8.2712131927e-01,8.2712131927e-01,8.2712131927e-01,8.2712145468e-01,8.2712176679e-01,8.2712210990e-01,8.2712248711e-01,8.2712290178e-01,8.2712335766e-01,8.2712385882e-01,8.2712440977e-01,8.2712501546e-01,8.2712568132e-01,8.2712641332e-01,8.2712721806e-01,8.2712619765e-01,8.2712476685e-01,8.2712319390e-01,8.2712146470e-01,8.2711956371e-01,8.2711633177e-01,8.2711144287e-01,8.2710606831e-01,8.2710015985e-01,8.2708939562e-01,8.2707717421e-01,8.2706237823e-01,8.2704219210e-01,8.2701999431e-01,8.2699555070e-01,8.2696951052e-01,8.2694227976e-01,8.2691627192e-01,8.2688095610e-01,8.2682356263e-01,8.2665134276e-01,8.2622573019e-01,8.2568051444e-01,8.2505507218e-01,8.2419814852e-01,8.2323438657e-01,8.2211254503e-01,8.1951363510e-01,8.1595002382e-01,8.1157757702e-01,8.0695186803e-01,7.9924094451e-01,7.8913181929e-01,7.8001050300e-01,7.6675812181e-01,7.5318802139e-01,7.3895353317e-01,7.2453646248e-01,7.1009949828e-01,6.9795943203e-01,6.8612958774e-01,6.7335507046e-01,6.5279100959e-01,6.1783650631e-01,5.5279495420e-01,4.4629952703e-01,2.9446465569e-01,1.0955955399e-01,9.2641744079e-03,2.6603572530e-04,3.6425393040e-06,0.0000000000e+00,0.0000000000e+00,0.0000000000e+00,0.0000000000e+00,0.0000000000e+00,0.0000000000e+00,0.0000000000e+00,0.0000000000e+00,0.0000000000e+00,0.0000000000e+00,0.0000000000e+00,0.0000000000e+00,0.0000000000e+00,0.0000000000e+00,0.0000000000e+00,0.0000000000e+00,0.0000000000e+00,0.0000000000e+00,0.0000000000e+00,0.0000000000e+00,0.0000000000e+00,0.0000000000e+00,0.0000000000e+00,0.0000000000e+00,0.0000000000e+00,0.0000000000e+00,0.0000000000e+00,0.0000000000e+00,0.0000000000e+00,0.0000000000e+00,0.0000000000e+00,0.0000000000e+00,0.0000000000e+00,0.0000000000e+00,0.0000000000e+00,0.0000000000e+00,0.0000000000e+00,0.0000000000e+00,0.0000000000e+00,0.0000000000e+00,0.0000000000e+00,0.0000000000e+00,0.0000000000e+00,0.0000000000e+00,0.0000000000e+00,0.0000000000e+00,0.0000000000e+00,0.0000000000e+00,0.0000000000e+00,0.0000000000e+00,0.0000000000e+00,0.0000000000e+00,0.0000000000e+00,0.0000000000e+00,0.0000000000e+00,0.0000000000e+00,0.0000000000e+00,0.0000000000e+00,0.0000000000e+00,0.0000000000e+00,0.0000000000e+00,0.0000000000e+00,0.0000000000e+00,0.0000000000e+00,0.0000000000e+00,0.0000000000e+00,0.0000000000e+00,0.0000000000e+00,0.0000000000e+00,0.0000000000e+00,0.0000000000e+00,0.0000000000e+00,0.0000000000e+00,0.0000000000e+00,0.0000000000e+00,0.0000000000e+00,0.0000000000e+00,0.0000000000e+00,0.0000000000e+00
1.3043213867e+01,8.1245143654e-01,8.1245143654e-01,8.1245143654e-01,8.1245143654e-01,8.1245143654e-01,8.1245143654e-01,8.1245143654e-01,8.1245143654e-01,8.1245143654e-01,8.1245143654e-01,8.1245143654e-01,8.1245143654e-01,8.1245143654e-01,8.1245143654e-01,8.1245143654e-01,8.1245143654e-01,8.1245143654e-01,8.1245143654e-01,8.1245143654e-01,8.1245143654e-01,8.1245143654e-01,8.1245143654e-01,8.1245143654e-01,8.1245143654e-01,8.1245143654e-01,8.1245143654e-01,8.1245143654e-01,8.1245143654e-01,8.1245143654e-01,8.1245143654e-01,8.1245143654e-01,8.1245143654e-01,8.1245143654e-01,8.1245143654e-01,8.1245143654e-01,8.1245143654e-01,8.1245143654e-01,8.1245143654e-01,8.1245143654e-01,8.1245143654e-01,8.1245143654e-01,8.1245143654e-01,8.1245143654e-01,8.1245143654e-01,8.1245143654e-01,8.1245143654e-01,8.1245143654e-01,8.1245143654e-01,8.1245143654e-01,8.1245143654e-01,8.1245143654e-01,8.1245143654e-01,8.1245143654e-01,8.1245143654e-01,8.1245143654e-01,8.1245143654e-01,8.1245143654e-01,8.1245143654e-01,8.1245155765e-01,8.1245183684e-01,8.1245214375e-01,8.1245248116e-01,8.1245285209e-01,8.1245325987e-01,8.1245370816e-01,8.1245420098e-01,8.1245474277e-01,8.1245533837e-01,8.1245599316e-01,8.1245671299e-01,8.1245578671e-01,8.1245448979e-01,8.1245306402e-01,8.1245149662e-01,8.1244977351e-01,8.1244684686e-01,8.1244242192e-01,8.1243755742e-01,8.1243220968e-01,8.1242246415e-01,8.1241139915e-01,8.1239800165e-01,8.1237971941e-01,8.1235960985e-01,8.1233743347e-01,8.1231378332e-01,8.1228900809e-01,8.1226524802e-01,8.1223302087e-01,8.1218079984e-01,8.1202505619e-01,8.1164099746e-01,8.1114897267e-01,8.1058427870e-01,8.0980997241e-01,8.0893875029e-01,8.0792416199e-01,8.0557607678e-01,8.0235635789e-01,7.9840143687e-01,7.9421243008e-01,7.8722892775e-01,7.7806738394e-01,7.6978700016e-01,7.5774966368e-01,7.4540889576e-01,7.3244385841e-01,7.1927452452e-01,7.0603422758e-01,6.9484734565e-01,6.8388936729e-01,6.7195303647e-01,6.5237882512e-01,6.1872271950e-01,5.5584314907e-01,4.5203411577e-01,3.0259932550e-01,1.1628697600e-01,1.0894093125e-02,3.6359366720e-04,5.9886802244e-06,0.0000000000e+00,0.0000000000e+00,0.0000000000e+00,0.0000000000e+00,0.0000000000e+00,0.0000000000e+00,0.0000000000e+00,0.0000000000e+00,0.0000000000e+00,0.0000000000e+00,0.0000000000e+00,0.0000000000e+00,0.0000000000e+00,0.0000000000e+00,0.0000000000e+00,0.0000000000e+00,0.0000000000e+00,0.0000000000e+00,0.0000000000e+00,0.0000000000e+00,0.0000000000e+00,0.0000000000e+00,0.0000000000e+00,0.0000000000e+00,0.0000000000e+00,0.0000000000e+00,0.0000000000e+00,0.0000000000e+00,0.0000000000e+00,0.0000000000e+00,0.0000000000e+00,0.0000000000e+00,0.0000000000e+00,0.0000000000e+00,0.0000000000e+00,0.0000000000e+00,0.0000000000e+00,0.0000000000e+00,0.0000000000e+00,0.0000000000e+00,0.0000000000e+00,0.0000000000e+00,0.0000000000e+00,0.0000000000e+00,0.0000000000e+00,0.0000000000e+00,0.0000000000e+00,0.0000000000e+00,0.0000000000e+00,0.0000000000e+00,0.0000000000e+00,0.0000000000e+00,0.0000000000e+00,0.0000000000e+00,0.0000000000e+00,0.0000000000e+00,0.0000000000e+00,0.0000000000e+00,0.0000000000e+00,0.0000000000e+00,0.0000000000e+00,0.0000000000e+00,0.0000000000e+00,0.0000000000e+00,0.0000000000e+00,0.0000000000e+00,0.0000000000e+00,0.0000000000e+00,0.0000000000e+00,0.0000000000e+00,0.0000000000e+00,0.0000000000e+00,0.0000000000e+00,0.0000000000e+00,0.0000000000e+00,0.0000000000e+00,0.0000000000e+00,0.0000000000e+00,0.0000000000e+00
1.3633751836e+01,7.9888530358e-01,7.9888530358e-01,7.9888530358e-01,7.9888530358e-01,7.9888530358e-01,7.9888530358e-01,7.9888530358e-01,7.9888530358e-01,7.9888530358e-01,7.9888530358e-01,7.9888530358e-01,7.9888530358e-01,7.9888530358e-01,7.9888530358e-01,7.9888530358e-01,7.9888530358e-01,7.9888530358e-01,7.9888530358e-01,7.9888530358e-01,7.9888530358e-01,7.9888530358e-01,7.9888530358e-01,7.9888530358e-01,7.9888530358e-01,7.9888530358e-01,7.9888530358e-01,7.9888530358e-01,7.9888530358e-01,7.9888530358e-01,7.9888530358e-01,7.9888530358e-01,7.9888530358e-01,7.9888530358e-01,7.9888530358e-01,7.9888530358e-01,7.9888530358e-01,7.9888530358e-01,7.9888530358e-01,7.9888530358e-01,7.9888530358e-01,7.9888530358e-01,7.9888530358e-01,7.9888530358e-01,7.9888530358e-01,7.9888530358e-01,7.9888530358e-01,7.9888530358e-01,7.9888530358e-01,7.9888530358e-01,7.9888530358e-01,7.9888530358e-01,7.9888530358e-01,7.9888530358e-01,7.9888530358e-01,7.9888530358e-01,7.9888530358e-01,7.9888530358e-01,7.9888530358e-01,7.9888541217e-01,7.9888566247e-01,7.9888593764e-01,7.9888624015e-01,7.9888657271e-01,7.9888693831e-01,7.9888734023e-01,7.9888778207e-01,7.9888826782e-01,7.9888880182e-01,7.9888938887e-01,7.9889003424e-01,7.9888919374e-01,7.9888801831e-01,7.9888672611e-01,7.9888530554e-01,7.9888374385e-01,7.9888109315e-01,7.9887708680e-01,7.9887268247e-01,7.9886784061e-01,7.9885901355e-01,7.9884899119e-01,7.9883685458e-01,7.9882028899e-01,7.9880206308e-01,7.9878193651e-01,7.9876045106e-01,7.9873790661e-01,7.9871620400e-01,7.9868679709e-01,7.9863927258e-01,7.9849833499e-01,7.9815149200e-01,7.9770711023e-01,7.9719686738e-01,7.9649671155e-01,7.9570859962e-01,7.9479040240e-01,7.9266742086e-01,7.8975633761e-01,7.8617682154e-01,7.8238122740e-01,7.7605317737e-01,7.6774642628e-01,7.6022678523e-01,7.4928981480e-01,7.3806446028e-01,7.2625341082e-01,7.1421812438e-01,7.0206339811e-01,6.9173864861e-01,6.8156724317e-01,6.7038168558e-01,6.5170403110e-01,6.1923086955e-01,5.5839118040e-01,4.5721749766e-01,3.1030729925e-01,1.2303569174e-01,1.2718355896e-02,4.9027734187e-04,9.6425750296e-06,0.0000000000e+00,0.0000000000e+00,0.0000000000e+00,0.0000000000e+00,0.0000000000e+00,0.0000000000e+00,0.0000000000e+00,0.0000000000e+00,0.0000000000e+00,0.0000000000e+00,0.0000000000e+00,0.0000000000e+00,0.0000000000e+00,0.0000000000e+00,0.0000000000e+00,0.0000000000e+00,0.0000000000e+00,0.0000000000e+00,0.0000000000e+00,0.0000000000e+00,0.0000000000e+00,0.0000000000e+00,0.0000000000e+00,0.0000000000e+00,0.0000000000e+00,0.0000000000e+00,0.0000000000e+00,0.0000000000e+00,0.0000000000e+00,0.0000000000e+00,0.0000000000e+00,0.0000000000e+00,0.0000000000e+00,0.0000000000e+00,0.0000000000e+00,0.0000000000e+00,0.0000000000e+00,0.0000000000e+00,0.0000000000e+00,0.0000000000e+00,0.0000000000e+00,0.0000000000e+00,0.0000000000e+00,0.0000000000e+00,0.0000000000e+00,0.0000000000e+00,0.0000000000e+00,0.0000000000e+00,0.0000000000e+00,0.0000000000e+00,0.0000000000e+00,0.0000000000e+00,0.0000000000e+00,0.0000000000e+00,0.0000000000e+00,0.0000000000e+00,0.0000000000e+00,0.0000000000e+00,0.0000000000e+00,0.0000000000e+00,0.0000000000e+00,0.0000000000e+00,0.0000000000e+00,0.0000000000e+00,0.0000000000e+00,0.0000000000e+00,0.0000000000e+00,0.0000000000e+00,0.0000000000e+00,0.0000000000e+00,0.0000000000e+00,0.0000000000e+00,0.0000000000e+00,0.0000000000e+00,0.0000000000e+00,0.0000000000e+00,0.0000000000e+00,0.0000000000e+00,0.0000000000e+00
1.4251026703e+01,7.8633108628e-01,7.8633108628e-01,7.8633108628e-01,7.8633108628e-01,7.8633108628e-01,7.8633108628e-01,7.8633108628e-01,7.8633108628e-01,7.8633108628e-01,7.8633108628e-01,7.8633108628e-01,7.8633108628e-01,7.8633108628e-01,7.8633108628e-01,7.8633108628e-01,7.8633108628e-01,7.8633108628e-01,7.8633108628e-01,7.8633108628e-01,7.8633108628e-01,7.8633108628e-01,7.8633108628e-01,7.8633108628e-01,7.8633108628e-01,7.8633108628e-01,7.8633108628e-01,7.8633108628e-01,7.8633108628e-01,7.8633108628e-01,7.8633108628e-01,7.8633108628e-01,7.8633108628e-01,7.8633108628e-01,7.8633108628e-01,7.8633108628e-01,7.8633108628e-01,7.8633108628e-01,7.8633108628e-01,7.8633108628e-01,7.8633108628e-01,7.8633108628e-01,7.8633108628e-01,7.8633108628e-01,7.8633108628e-01,7.8633108628e-01,7.8633108628e-01,7.8633108628e-01,7.8633108628e-01,7.8633108628e-01,7.8633108628e-01,7.8633108628e-01,7.8633108628e-01,7.8633108628e-01,7.8633108628e-01,7.8633108628e-01,7.8633108628e-01,7.8633108628e-01,7.8633108628e-01,7.8633118385e-01,7.8633140875e-01,7.8633165600e-01,7.8633192781e-01,7.8633222662e-01,7.8633255512e-01,7.8633291625e-01,7.8633331326e-01,7.8633374972e-01,7.8633422953e-01,7.8633475701e-01,7.8633533689e-01,7.8633457450e-01,7.8633350929e-01,7.8633233826e-01,7.8633105089e-01,7.8632963563e-01,7.8632723444e-01,7.8632360593e-01,7.8631961696e-01,7.8631523173e-01,7.8630723335e-01,7.8629815166e-01,7.8628715270e-01,7.8627213605e-01,7.8625561044e-01,7.8623733821e-01,7.8621781430e-01,7.8619729696e-01,7.8617747701e-01,7.8615064501e-01,7.8610738644e-01,7.8597976760e-01,7.8566629456e-01,7.8526463677e-01,7.8480325619e-01,7.8416972093e-01,7.8345632536e-01,7.8262484059e-01,7.8070408234e-01,7.7807026703e-01,7.7482857573e-01,7.7138765239e-01,7.6565060652e-01,7.5811539231e-01,7.5128418716e-01,7.4134398772e-01,7.3113073936e-01,7.2036841779e-01,7.0936307405e-01,6.9819149895e-01,6.8864398267e-01,6.7917904164e-01,6.6866174211e-01,6.5079200773e-01,6.1939311506e-01,5.6047215335e-01,4.6187395823e-01,3.1758699495e-01,1.2978647553e-01,1.4746107759e-02,6.5264034877e-04,1.5218539734e-05,0.0000000000e+00,0.0000000000e+00,0.0000000000e+00,0.0000000000e+00,0.0000000000e+00,0.0000000000e+00,0.0000000000e+00,0.0000000000e+00,0.0000000000e+00,0.0000000000e+00,0.0000000000e+00,0.0000000000e+00,0.0000000000e+00,0.0000000000e+00,0.0000000000e+00,0.0000000000e+00,0.0000000000e+00,0.0000000000e+00,0.0000000000e+00,0.0000000000e+00,0.0000000000e+00,0.0000000000e+00,0.0000000000e+00,0.0000000000e+00,0.0000000000e+00,0.0000000000e+00,0.0000000000e+00,0.0000000000e+00,0.0000000000e+00,0.0000000000e+00,0.0000000000e+00,0.0000000000e+00,0.0000000000e+00,0.0000000000e+00,0.0000000000e+00,0.0000000000e+00,0.0000000000e+00,0.0000000000e+00,0.0000000000e+00,0.0000000000e+00,0.0000000000e+00,0.0000000000e+00,0.0000000000e+00,0.0000000000e+00,0.0000000000e+00,0.0000000000e+00,0.0000000000e+00,0.0000000000e+00,0.0000000000e+00,0.0000000000e+00,0.0000000000e+00,0.0000000000e+00,0.0000000000e+00,0.0000000000e+00,0.0000000000e+00,0.0000000000e+00,0.0000000000e+00,0.0000000000e+00,0.0000000000e+00,0.0000000000e+00,0.0000000000e+00,0.0000000000e+00,0.0000000000e+00,0.0000000000e+00,0.0000000000e+00,0.0000000000e+00,0.0000000000e+00,0.0000000000e+00,0.0000000000e+00,0.0000000000e+00,0.0000000000e+00,0.0000000000e+00,0.0000000000e+00,0.0000000000e+00,0.0000000000e+00,0.0000000000e+00,0.0000000000e+00,0.0000000000e+00,0.0000000000e+00
1.4896248996e+01,7.7470387538e-01,7.7470387538e-01,7.7470387538e-01,7.7470387538e-01,7.7470387538e-01,7.7470387538e-01,7.7470387538e-01,7.7470387538e-01,7.7470387538e-01,7.7470387538e-01,7.7470387538e-01,7.7470387538e-01,7.7470387538e-01,7.7470387538e-01,7.7470387538e-01,7.7470387538e-01,7.7470387538e-01,7.7470387538e-01,7.7470387538e-01,7.7470387538e-01,7.7470387538e-01,7.7470387538e-01,7.7470387538e-01,7.7470387538e-01,7.7470387538e-01,7.7470387538e-01,7.7470387538e-01,7.7470387538e-01,7.7470387538e-01,7.7470387538e-01,7.7470387538e-01,7.7470387538e-01,7.7470387538e-01,7.7470387538e-01,7.7470387538e-01,7.7470387538e-01,7.7470387538e-01,7.7470387538e-01,7.7470387538e-01,7.7470387538e-01,7.7470387538e-01,7.7470387538e-01,7.7470387538e-01,7.7470387538e-01,7.7470387538e-01,7.7470387538e-01,7.7470387538e-01,7.7470387538e-01,7.7470387538e-01,7.7470387538e-01,7.7470387538e-01,7.7470387538e-01,7.7470387538e-01,7.7470387538e-01,7.7470387538e-01,7.7470387538e-01,7.7470387538e-01,7.7470387538e-01,7.7470396323e-01,7.7470416573e-01,7.7470438835e-01,7.7470463309e-01,7.7470490213e-01,7.7470519791e-01,7.7470552307e-01,7.7470588054e-01,7.7470627351e-01,7.7470670553e-01,7.7470718047e-01,7.7470770259e-01,7.7470701127e-01,7.7470604602e-01,7.7470498488e-01,7.7470381833e-01,7.7470253588e-01,7.7470036034e-01,7.7469707306e-01,7.7469345921e-01,7.7468948636e-01,7.7468223612e-01,7.7467400367e-01,7.7466403182e-01,7.7465041379e-01,7.7463542405e-01,7.7461883024e-01,7.7460108457e-01,7.7458240978e-01,7.7456431205e-01,7.7453983081e-01,7.7450044846e-01,7.7438482221e-01,7.7410130496e-01,7.7373800366e-01,7.7332051843e-01,7.7274689894e-01,7.7210073908e-01,7.7134733289e-01,7.6960842105e-01,7.6722393408e-01,7.6428650523e-01,7.6116555213e-01,7.5596175265e-01,7.4912332207e-01,7.4291532416e-01,7.3387828400e-01,7.2458344207e-01,7.1477388398e-01,7.0470317692e-01,6.9442041092e-01,6.8557105153e-01,6.7673741238e-01,6.6681066770e-01,6.4966486537e-01,6.1923845283e-01,5.6211730325e-01,4.6602807587e-01,3.2444003230e-01,1.3652144638e-01,1.6985327758e-02,8.5814457167e-04,2.3563786388e-05,0.0000000000e+00,0.0000000000e+00,0.0000000000e+00,0.0000000000e+00,0.0000000000e+00,0.0000000000e+00,0.0000000000e+00,0.0000000000e+00,0.0000000000e+00,0.0000000000e+00,0.0000000000e+00,0.0000000000e+00,0.0000000000e+00,0.0000000000e+00,0.0000000000e+00,0.0000000000e+00,0.0000000000e+00,0.0000000000e+00,0.0000000000e+00,0.0000000000e+00,0.0000000000e+00,0.0000000000e+00,0.0000000000e+00,0.0000000000e+00,0.0000000000e+00,0.0000000000e+00,0.0000000000e+00,0.0000000000e+00,0.0000000000e+00,0.0000000000e+00,0.0000000000e+00,0.0000000000e+00,0.0000000000e+00,0.0000000000e+00,0.0000000000e+00,0.0000000000e+00,0.0000000000e+00,0.0000000000e+00,0.0000000000e+00,0.0000000000e+00,0.0000000000e+00,0.0000000000e+00,0.0000000000e+00,0.0000000000e+00,0.0000000000e+00,0.0000000000e+00,0.0000000000e+00,0.0000000000e+00,0.0000000000e+00,0.0000000000e+00,0.0000000000e+00,0.0000000000e+00,0.0000000000e+00,0.0000000000e+00,0.0000000000e+00,0.0000000000e+00,0.0000000000e+00,0.0000000000e+00,0.0000000000e+00,0.0000000000e+00,0.0000000000e+00,0.0000000000e+00,0.0000000000e+00,0.0000000000e+00,0.0000000000e+00,0.0000000000e+00,0.0000000000e+00,0.0000000000e+00,0.0000000000e+00,0.0000000000e+00,0.0000000000e+00,0.0000000000e+00,0.0000000000e+00,0.0000000000e+00,0.0000000000e+00,0.0000000000e+00,0.0000000000e+00,0.0000000000e+00,0.0000000000e+00
1.5570684048e+01,7.6392509137e-01,7.6392509137e-01,7.6392509137e-01,7.6392509137e-01,7.6392509137e-01,7.6392509137e-01,7.6392509137e-01,7.6392509137e-01,7.6392509137e-01,7.6392509137e-01,7.6392509137e-01,7.6392509137e-01,7.6392509137e-01,7.6392509137e-01,7.6392509137e-01,7.6392509137e-01,7.6392509137e-01,7.6392509137e-01,7.6392509137e-01,7.6392509137e-01,7.6392509137e-01,7.6392509137e-01,7.6392509137e-01,7.6392509137e-01,7.6392509137e-01,7.6392509137e-01,7.6392509137e-01,7.6392509137e-01,7.6392509137e-01,7.6392509137e-01,7.6392509137e-01,7.6392509137e-01,7.6392509137e-01,7.6392509137e-01,7.6392509137e-01,7.6392509137e-01,7.6392509137e-01,7.6392509137e-01,7.6392509137e-01,7.6392509137e-01,7.6392509137e-01,7.6392509137e-01,7.6392509137e-01,7.6392509137e-01,7.6392509137e-01,7.6392509137e-01,7.6392509137e-01,7.6392509137e-01,7.6392509137e-01,7.6392509137e-01,7.6392509137e-01,7.6392509137e-01,7.6392509137e-01,7.6392509137e-01,7.6392509137e-01,7.6392509137e-01,7.6392509137e-01,7.6392509137e-01,7.6392517063e-01,7.6392535331e-01,7.6392555415e-01,7.6392577494e-01,7.6392601766e-01,7.6392628449e-01,7.6392657783e-01,7.6392690032e-01,7.6392725484e-01,7.6392764459e-01,7.6392807305e-01,7.6392854408e-01,7.6392791739e-01,7.6392704280e-01,7.6392608132e-01,7.6392502432e-01,7.6392386231e-01,7.6392189091e-01,7.6391891193e-01,7.6391563702e-01,7.6391203678e-01,7.6390546238e-01,7.6389799711e-01,7.6388895320e-01,7.6387659890e-01,7.6386299737e-01,7.6384792360e-01,7.6383179072e-01,7.6381479114e-01,7.6379826846e-01,7.6377593326e-01,7.6374007424e-01,7.6363525659e-01,7.6337865999e-01,7.6304983197e-01,7.6267182193e-01,7.6215214079e-01,7.6156654186e-01,7.6088350346e-01,7.5930826964e-01,7.5714819585e-01,7.5448502474e-01,7.5165293394e-01,7.4693057654e-01,7.4072176067e-01,7.3507809373e-01,7.2685958625e-01,7.1839813809e-01,7.0945383244e-01,7.0023051485e-01,6.9074971666e-01,6.8252493695e-01,6.7425214342e-01,6.6484295131e-01,6.4834171130e-01,6.1879287639e-01,5.6335595767e-01,4.6970444846e-01,3.3087089582e-01,1.4322415615e-01,1.9442715461e-02,1.1151661949e-03,3.5823918806e-05,0.0000000000e+00,0.0000000000e+00,0.0000000000e+00,0.0000000000e+00,0.0000000000e+00,0.0000000000e+00,0.0000000000e+00,0.0000000000e+00,0.0000000000e+00,0.0000000000e+00,0.0000000000e+00,0.0000000000e+00,0.0000000000e+00,0.0000000000e+00,0.0000000000e+00,0.0000000000e+00,0.0000000000e+00,0.0000000000e+00,0.0000000000e+00,0.0000000000e+00,0.0000000000e+00,0.0000000000e+00,0.0000000000e+00,0.0000000000e+00,0.0000000000e+00,0.0000000000e+00,0.0000000000e+00,0.0000000000e+00,0.0000000000e+00,0.0000000000e+00,0.0000000000e+00,0.0000000000e+00,0.0000000000e+00,0.0000000000e+00,0.0000000000e+00,0.0000000000e+00,0.0000000000e+00,0.0000000000e+00,0.0000000000e+00,0.0000000000e+00,0.0000000000e+00,0.0000000000e+00,0.0000000000e+00,0.0000000000e+00,0.0000000000e+00,0.0000000000e+00,0.0000000000e+00,0.0000000000e+00,0.0000000000e+00,0.0000000000e+00,0.0000000000e+00,0.0000000000e+00,0.0000000000e+00,0.0000000000e+00,0.0000000000e+00,0.0000000000e+00,0.0000000000e+00,0.0000000000e+00,0.0000000000e+00,0.0000000000e+00,0.0000000000e+00,0.0000000000e+00,0.0000000000e+00,0.0000000000e+00,0.0000000000e+00,0.0000000000e+00,0.0000000000e+00,0.0000000000e+00,0.0000000000e+00,0.0000000000e+00,0.0000000000e+00,0.0000000000e+00,0.0000000000e+00,0.0000000000e+00,0.0000000000e+00,0.0000000000e+00,0.0000000000e+00,0.0000000000e+00,0.0000000000e+00
1.6275654480e+01,7.5392193210e-01,7.5392193210e-01,7.5392193210e-01,7.5392193210e-01,7.5392193210e-01,7.5392193210e-01,7.5392193210e-01,7.5392193210e-01,7.5392193210e-01,7.5392193210e-01,7.5392193210e-01,7.5392193210e-01,7.5392193210e-01,7.5392193210e-01,7.5392193210e-01,7.5392193210e-01,7.5392193210e-01,7.5392193210e-01,7.5392193210e-01,7.5392193210e-01,7.5392193210e-01,7.5392193210e-01,7.5392193210e-01,7.5392193210e-01,7.5392193210e-01,7.5392193210e-01,7.5392193210e-01,7.5392193210e-01,7.5392193210e-01,7.5392193210e-01,7.5392193210e-01,7.5392193210e-01,7.5392193210e-01,7.5392193210e-01,7.5392193210e-01,7.5392193210e-01,7.5392193210e-01,7.5392193210e-01,7.5392193210e-01,7.5392193210e-01,7.5392193210e-01,7.5392193210e-01,7.5392193210e-01,7.5392193210e-01,7.5392193210e-01,7.5392193210e-01,7.5392193210e-01,7.5392193210e-01,7.5392193210e-01,7.5392193210e-01,7.5392193210e-01,7.5392193210e-01,7.5392193210e-01,7.5392193210e-01,7.5392193210e-01,7.5392193210e-01,7.5392193210e-01,7.5392193210e-01,7.5392200373e-01,7.5392216884e-01,7.5392235036e-01,7.5392254991e-01,7.5392276928e-01,7.5392301044e-01,7.5392327557e-01,7.5392356703e-01,7.5392388745e-01,7.5392423970e-01,7.5392462695e-01,7.5392505266e-01,7.5392448473e-01,7.5392369233e-01,7.5392282121e-01,7.5392186355e-01,7.5392081075e-01,7.5391902406e-01,7.5391632379e-01,7.5391335527e-01,7.5391009185e-01,7.5390412838e-01,7.5389735658e-01,7.5388915151e-01,7.5387793980e-01,7.5386559385e-01,7.5385189737e-01,7.5383722781e-01,7.5382175168e-01,7.5380666918e-01,7.5378629307e-01,7.5375363765e-01,7.5365857032e-01,7.5342619240e-01,7.5312838032e-01,7.5278590660e-01,7.5231482834e-01,7.5178382755e-01,7.5116426262e-01,7.4973648849e-01,7.4777858346e-01,7.4536281750e-01,7.4279167634e-01,7.3850425649e-01,7.3286465300e-01,7.2773213945e-01,7.2025561935e-01,7.1255039801e-01,7.0439150949e-01,6.9593570105e-01,6.8717698028e-01,6.7950838834e-01,6.7173045570e-01,6.6277038623e-01,6.4683891193e-01,6.1807955657e-01,5.6421553610e-01,4.7292746817e-01,3.3688659453e-01,1.4987964181e-01,2.2123599517e-02,1.4329787647e-03,5.3519187092e-05,0.0000000000e+00,0.0000000000e+00,0.0000000000e+00,0.0000000000e+00,0.0000000000e+00,0.0000000000e+00,0.0000000000e+00,0.0000000000e+00,0.0000000000e+00,0.0000000000e+00,0.0000000000e+00,0.0000000000e+00,0.0000000000e+00,0.0000000000e+00,0.0000000000e+00,0.0000000000e+00,0.0000000000e+00,0.0000000000e+00,0.0000000000e+00,0.0000000000e+00,0.0000000000e+00,0.0000000000e+00,0.0000000000e+00,0.0000000000e+00,0.0000000000e+00,0.0000000000e+00,0.0000000000e+00,0.0000000000e+00,0.0000000000e+00,0.0000000000e+00,0.0000000000e+00,0.0000000000e+00,0.0000000000e+00,0.0000000000e+00,0.0000000000e+00,0.0000000000e+00,0.0000000000e+00,0.0000000000e+00,0.0000000000e+00,0.0000000000e+00,0.0000000000e+00,0.0000000000e+00,0.0000000000e+00,0.0000000000e+00,0.0000000000e+00,0.0000000000e+00,0.0000000000e+00,0.0000000000e+00,0.0000000000e+00,0.0000000000e+00,0.0000000000e+00,0.0000000000e+00,0.0000000000e+00,0.0000000000e+00,0.0000000000e+00,0.0000000000e+00,0.0000000000e+00,0.0000000000e+00,0.0000000000e+00,0.0000000000e+00,0.0000000000e+00,0.0000000000e+00,0.0000000000e+00,0.0000000000e+00,0.0000000000e+00,0.0000000000e+00,0.0000000000e+00,0.0000000000e+00,0.0000000000e+00,0.0000000000e+00,0.0000000000e+00,0.0000000000e+00,0.0000000000e+00,0.0000000000e+00,0.0000000000e+00,0.0000000000e+00,0.0000000000e+00,0.0000000000e+00,0.0000000000e+00
1.7012542799e+01,7.4462686355e-01,7.4462686355e-01,7.4462686355e-01,7.4462686355e-01,7.4462686355e-01,7.4462686355e-01,7.4462686355e-01,7.4462686355e-01,7.4462686355e-01,7.4462686355e-01,7.4462686355e-01,7.4462686355e-01,7.4462686355e-01,7.4462686355e-01,7.4462686355e-01,7.4462686355e-01,7.4462686355e-01,7.4462686355e-01,7.4462686355e-01,7.4462686355e-01,7.4462686355e-01,7.4462686355e-01,7.4462686355e-01,7.4462686355e-01,7.4462686355e-01,7.4462686355e-01,7.4462686355e-01,7.4462686355e-01,7.4462686355e-01,7.4462686355e-01,7.4462686355e-01,7.4462686355e-01,7.4462686355e-01,7.4462686355e-01,7.4462686355e-01,7.4462686355e-01,7.4462686355e-01,7.4462686355e-01,7.4462686355e-01,7.4462686355e-01,7.4462686355e-01,7.4462686355e-01,7.4462686355e-01,7.4462686355e-01,7.4462686355e-01,7.4462686355e-01,7.4462686355e-01,7.4462686355e-01,7.4462686355e-01,7.4462686355e-01,7.4462686355e-01,7.4462686355e-01,7.4462686355e-01,7.4462686355e-01,7.4462686355e-01,7.4462686355e-01,7.4462686355e-01,7.4462686355e-01,7.4462692840e-01,7.4462707788e-01,7.4462724222e-01,7.4462742288e-01,7.4462762149e-01,7.4462783983e-01,7.4462807986e-01,7.4462834374e-01,7.4462863383e-01,7.4462895274e-01,7.4462930333e-01,7.4462968876e-01,7.4462917420e-01,7.4462845632e-01,7.4462766712e-01,7.4462679952e-01,7.4462584573e-01,7.4462422624e-01,7.4462177803e-01,7.4461908661e-01,7.4461612781e-01,7.4461071687e-01,7.4460457228e-01,7.4459712597e-01,7.4458694797e-01,7.4457573829e-01,7.4456329037e-01,7.4454994908e-01,7.4453585870e-01,7.4452209279e-01,7.4450350505e-01,7.4447376346e-01,7.4438749931e-01,7.4417693148e-01,7.4390705298e-01,7.4359660096e-01,7.4316935731e-01,7.4268762160e-01,7.4212535864e-01,7.4083054958e-01,7.3905492942e-01,7.3686251097e-01,7.3452725009e-01,7.3063298319e-01,7.2550822839e-01,7.2083880158e-01,7.1403498791e-01,7.0701590517e-01,6.9956955934e-01,6.9180810390e-01,6.8369800042e-01,6.7652208867e-01,6.6917727835e-01,6.6060233431e-01,6.4517034784e-01,6.1711903741e-01,5.6472157966e-01,4.7572113813e-01,3.4249632321e-01,1.5647444330e-01,2.5031868446e-02,1.8217119255e-03,7.8631186222e-05,0.0000000000e+00,0.0000000000e+00,0.0000000000e+00,0.0000000000e+00,0.0000000000e+00,0.0000000000e+00,0.0000000000e+00,0.0000000000e+00,0.0000000000e+00,0.0000000000e+00,0.0000000000e+00,0.0000000000e+00,0.0000000000e+00,0.0000000000e+00,0.0000000000e+00,0.0000000000e+00,0.0000000000e+00,0.0000000000e+00,0.0000000000e+00,0.0000000000e+00,0.0000000000e+00,0.0000000000e+00,0.0000000000e+00,0.0000000000e+00,0.0000000000e+00,0.0000000000e+00,0.0000000000e+00,0.0000000000e+00,0.0000000000e+00,0.0000000000e+00,0.0000000000e+00,0.0000000000e+00,0.0000000000e+00,0.0000000000e+00,0.0000000000e+00,0.0000000000e+00,0.0000000000e+00,0.0000000000e+00,0.0000000000e+00,0.0000000000e+00,0.0000000000e+00,0.0000000000e+00,0.0000000000e+00,0.0000000000e+00,0.0000000000e+00,0.0000000000e+00,0.0000000000e+00,0.0000000000e+00,0.0000000000e+00,0.0000000000e+00,0.0000000000e+00,0.0000000000e+00,0.0000000000e+00,0.0000000000e+00,0.0000000000e+00,0.0000000000e+00,0.0000000000e+00,0.0000000000e+00,0.0000000000e+00,0.0000000000e+00,0.0000000000e+00,0.0000000000e+00,0.0000000000e+00,0.0000000000e+00,0.0000000000e+00,0.0000000000e+00,0.0000000000e+00,0.0000000000e+00,0.0000000000e+00,0.0000000000e+00,0.0000000000e+00,0.0000000000e+00,0.0000000000e+00,0.0000000000e+00,0.0000000000e+00,0.0000000000e+00,0.0000000000e+00,0.0000000000e+00,0.0000000000e+00
1.7782794100e+01,7.3597714739e-01,7.3597714739e-01,7.3597714739e-01,7.3597714739e-01,7.3597714739e-01,7.3597714739e-01,7.3597714739e-01,7.3597714739e-01,7.3597714739e-01,7.3597714739e-01,7.3597714739e-01,7.3597714739e-01,7.3597714739e-01,7.3597714739e-01,7.3597714739e-01,7.3597714739e-01,7.3597714739e-01,7.3597714739e-01,7.3597714739e-01,7.3597714739e-01,7.3597714739e-01,7.3597714739e-01,7.3597714739e-01,7.3597714739e-01,7.3597714739e-01,7.3597714739e-01,7.3597714739e-01,7.3597714739e-01,7.3597714739e-01,7.3597714739e-01,7.3597714739e-01,7.3597714739e-01,7.3597714739e-01,7.3597714739e-01,7.3597714739e-01,7.3597714739e-01,7.3597714739e-01,7.3597714739e-01,7.3597714739e-01,7.3597714739e-01,7.3597714739e-01,7.3597714739e-01,7.3597714739e-01,7.3597714739e-01,7.3597714739e-01,7.3597714739e-01,7.3597714739e-01,7.3597714739e-01,7.3597714739e-01,7.3597714739e-01,7.3597714739e-01,7.3597714739e-01,7.3597714739e-01,7.3597714739e-01,7.3597714739e-01,7.3597714739e-01,7.3597714739e-01,7.3597714739e-01,7.3597720620e-01,7.3597734175e-01,7.3597749077e-01,7.3597765460e-01,7.3597783470e-01,7.3597803269e-01,7.3597825035e-01,7.3597848964e-01,7.3597875269e-01,7.3597904188e-01,7.3597935980e-01,7.3597970931e-01,7.3597924322e-01,7.3597859291e-01,7.3597787799e-01,7.3597709204e-01,7.3597622802e-01,7.3597475991e-01,7.3597253977e-01,7.3597009907e-01,7.3596741590e-01,7.3596250499e-01,7.3595692799e-01,7.3595016841e-01,7.3594092615e-01,7.3593074538e-01,7.3591942988e-01,7.3590729470e-01,7.3589446514e-01,7.3588190267e-01,7.3586494745e-01,7.3583785692e-01,7.3575954736e-01,7.3556863967e-01,7.3532394308e-01,7.3504237268e-01,7.3465469721e-01,7.3421745115e-01,7.3370695946e-01,7.3253214610e-01,7.3092101542e-01,7.2893036689e-01,7.2680844849e-01,7.2326975590e-01,7.1861087728e-01,7.1436105391e-01,7.0816719309e-01,7.0177054219e-01,6.9497017166e-01,6.8783604412e-01,6.8030703899e-01,6.7356489836e-01,6.6659550586e-01,6.5834597772e-01,6.4334766079e-01,6.1592944295e-01,5.6489780628e-01,4.7810892736e-01,3.4771113171e-01,1.6299659053e-01,2.8169923453e-02,2.2922853429e-03,1.1369906323e-04,0.0000000000e+00,0.0000000000e+00,0.0000000000e+00,0.0000000000e+00,0.0000000000e+00,0.0000000000e+00,0.0000000000e+00,0.0000000000e+00,0.0000000000e+00,0.0000000000e+00,0.0000000000e+00,0.0000000000e+00,0.0000000000e+00,0.0000000000e+00,0.0000000000e+00,0.0000000000e+00,0.0000000000e+00,0.0000000000e+00,0.0000000000e+00,0.0000000000e+00,0.0000000000e+00,0.0000000000e+00,0.0000000000e+00,0.0000000000e+00,0.0000000000e+00,0.0000000000e+00,0.0000000000e+00,0.0000000000e+00,0.0000000000e+00,0.0000000000e+00,0.0000000000e+00,0.0000000000e+00,0.0000000000e+00,0.0000000000e+00,0.0000000000e+00,0.0000000000e+00,0.0000000000e+00,0.0000000000e+00,0.0000000000e+00,0.0000000000e+00,0.0000000000e+00,0.0000000000e+00,0.0000000000e+00,0.0000000000e+00,0.0000000000e+00,0.0000000000e+00,0.0000000000e+00,0.0000000000e+00,0.0000000000e+00,0.0000000000e+00,0.0000000000e+00,0.0000000000e+00,0.0000000000e+00,0.0000000000e+00,0.0000000000e+00,0.0000000000e+00,0.0000000000e+00,0.0000000000e+00,0.0000000000e+00,0.0000000000e+00,0.0000000000e+00,0.0000000000e+00,0.0000000000e+00,0.0000000000e+00,0.0000000000e+00,0.0000000000e+00,0.0000000000e+00,0.0000000000e+00,0.0000000000e+00,0.0000000000e+00,0.0000000000e+00,0.0000000000e+00,0.0000000000e+00,0.0000000000e+00,0.0000000000e+00,0.0000000000e+00,0.0000000000e+00,0.0000000000e+00,0.0000000000e+00
1.8587918911e+01,7.2791441474e-01,7.2791441474e-01,7.2791441474e-01,7.2791441474e-01,7.2791441474e-01,7.2791441474e-01,7.2791441474e-01,7.2791441474e-01,7.2791441474e-01,7.2791441474e-01,7.2791441474e-01,7.2791441474e-01,7.2791441474e-01,7.2791441474e-01,7.2791441474e-01,7.2791441474e-01,7.2791441474e-01,7.2791441474e-01,7.2791441474e-01,7.2791441474e-01,7.2791441474e-01,7.2791441474e-01,7.2791441474e-01,7.2791441474e-01,7.2791441474e-01,7.2791441474e-01,7.2791441474e-01,7.2791441474e-01,7.2791441474e-01,7.2791441474e-01,7.2791441474e-01,7.2791441474e-01,7.2791441474e-01,7.2791441474e-01,7.2791441474e-01,7.2791441474e-01,7.2791441474e-01,7.2791441474e-01,7.2791441474e-01,7.2791441474e-01,7.2791441474e-01,7.2791441474e-01,7.2791441474e-01,7.2791441474e-01,7.2791441474e-01,7.2791441474e-01,7.2791441474e-01,7.2791441474e-01,7.2791441474e-01,7.2791441474e-01,7.2791441474e-01,7.2791441474e-01,7.2791441474e-01,7.2791441474e-01,7.2791441474e-01,7.2791441474e-01,7.2791441474e-01,7.2791441474e-01,7.2791446815e-01,7.2791459125e-01,7.2791472659e-01,7.2791487537e-01,7.2791503892e-01,7.2791521873e-01,7.2791541640e-01,7.2791563371e-01,7.2791587261e-01,7.2791613524e-01,7.2791642396e-01,7.2791674136e-01,7.2791631930e-01,7.2791573024e-01,7.2791508265e-01,7.2791437074e-01,7.2791358809e-01,7.2791225709e-01,7.2791024339e-01,7.2790802965e-01,7.2790559599e-01,7.2790113781e-01,7.2789607474e-01,7.2788993702e-01,7.2788154232e-01,7.2787229374e-01,7.2786200575e-01,7.2785096618e-01,7.2783928401e-01,7.2782782138e-01,7.2781235640e-01,7.2778767853e-01,7.2771656235e-01,7.2754339324e-01,7.2732141889e-01,7.2706592100e-01,7.2671399178e-01,7.2631695427e-01,7.2585327163e-01,7.2478683563e-01,7.2332424851e-01,7.2151599456e-01,7.1958713609e-01,7.1637018918e-01,7.1213302958e-01,7.0826343651e-01,7.0262263844e-01,6.9679046152e-01,6.9057521008e-01,6.8400697227e-01,6.7699703090e-01,6.7063408103e-01,6.6398623882e-01,6.5600655846e-01,6.4138049003e-01,6.1452668734e-01,5.6476618248e-01,4.8011365488e-01,3.5254360273e-01,1.6943556069e-01,3.1538652183e-02,2.8563183571e-03,1.6192383772e-04,0.0000000000e+00,0.0000000000e+00,0.0000000000e+00,0.0000000000e+00,0.0000000000e+00,0.0000000000e+00,0.0000000000e+00,0.0000000000e+00,0.0000000000e+00,0.0000000000e+00,0.0000000000e+00,0.0000000000e+00,0.0000000000e+00,0.0000000000e+00,0.0000000000e+00,0.0000000000e+00,0.0000000000e+00,0.0000000000e+00,0.0000000000e+00,0.0000000000e+00,0.0000000000e+00,0.0000000000e+00,0.0000000000e+00,0.0000000000e+00,0.0000000000e+00,0.0000000000e+00,0.0000000000e+00,0.0000000000e+00,0.0000000000e+00,0.0000000000e+00,0.0000000000e+00,0.0000000000e+00,0.0000000000e+00,0.0000000000e+00,0.0000000000e+00,0.0000000000e+00,0.0000000000e+00,0.0000000000e+00,0.0000000000e+00,0.0000000000e+00,0.0000000000e+00,0.0000000000e+00,0.0000000000e+00,0.0000000000e+00,0.0000000000e+00,0.0000000000e+00,0.0000000000e+00,0.0000000000e+00,0.0000000000e+00,0.0000000000e+00,0.0000000000e+00,0.0000000000e+00,0.0000000000e+00,0.0000000000e+00,0.0000000000e+00,0.0000000000e+00,0.0000000000e+00,0.0000000000e+00,0.0000000000e+00,0.0000000000e+00,0.0000000000e+00,0.0000000000e+00,0.0000000000e+00,0.0000000000e+00,0.0000000000e+00,0.0000000000e+00,0.0000000000e+00,0.0000000000e+00,0.0000000000e+00,0.0000000000e+00,0.0000000000e+00,0.0000000000e+00,0.0000000000e+00,0.0000000000e+00,0.0000000000e+00,0.0000000000e+00,0.0000000000e+00,0.0000000000e+00,0.0000000000e+00
1.9429496147e+01,7.2041562403e-01,7.2041562403e-01,7.2041562403e-01,7.2041562403e-01,7.2041562403e-01,7.2041562403e-01,7.2041562403e-01,7.2041562403e-01,7.2041562403e-01,7.2041562403e-01,7.2041562403e-01,7.2041562403e-01,7.2041562403e-01,7.2041562403e-01,7.2041562403e-01,7.2041562403e-01,7.2041562403e-01,7.2041562403e-01,7.2041562403e-01,7.2041562403e-01,7.2041562403e-01,7.2041562403e-01,7.2041562403e-01,7.2041562403e-01,7.2041562403e-01,7.2041562403e-01,7.2041562403e-01,7.2041562403e-01,7.2041562403e-01,7.2041562403e-01,7.2041562403e-01,7.2041562403e-01,7.2041562403e-01,7.2041562403e-01,7.2041562403e-01,7.2041562403e-01,7.2041562403e-01,7.2041562403e-01,7.2041562403e-01,7.2041562403e-01,7.2041562403e-01,7.2041562403e-01,7.2041562403e-01,7.2041562403e-01,7.2041562403e-01,7.2041562403e-01,7.2041562403e-01,7.2041562403e-01,7.2041562403e-01,7.2041562403e-01,7.2041562403e-01,7.2041562403e-01,7.2041562403e-01,7.2041562403e-01,7.2041562403e-01,7.2041562403e-01,7.2041562403e-01,7.2041562403e-01,7.2041562403e-01,7.2041562403e-01,7.2041569318e-01,7.2041576996e-01,7.2041585438e-01,7.2041594717e-01,7.2041604919e-01,7.2041616134e-01,7.2041628463e-01,7.2041642017e-01,7.2041656918e-01,7.2041673299e-01,7.2041691307e-01,7.2041673862e-01,7.2041593700e-01,7.2041505574e-01,7.2041408693e-01,7.2041302188e-01,7.2041185103e-01,7.2040926050e-01,7.2040640863e-01,7.2040327345e-01,7.2039877835e-01,7.2039246338e-01,7.2038552112e-01,7.2037693848e-01,7.2036724034e-01,7.2035729058e-01,7.2034671580e-01,7.2033622880e-01,7.2032234569e-01,7.2030028243e-01,7.2023959040e-01,7.2007619504e-01,7.1987617427e-01,7.1964897721e-01,7.1932578891e-01,7.1896393043e-01,7.1853399633e-01,7.1755044900e-01,7.1622217722e-01,7.1458049704e-01,7.1283961534e-01,7.0987263028e-01,7.0601316962e-01,7.0249567189e-01,6.9734303635e-01,6.9202593240e-01,6.8633840454e-01,6.8029209752e-01,6.7377574198e-01,6.6770915690e-01,6.6133079412e-01,6.5356356280e-01,6.3926272572e-01,6.1287768427e-01,5.6436215073e-01,4.8176357974e-01,3.5706758352e-01,1.7576036055e-01,3.5126124155e-02,3.5260404269e-03,2.2480453423e-04,1.6129433102e-05,2.9437594250e-06,0.0000000000e+00,0.0000000000e+00,0.0000000000e+00,0.0000000000e+00,0.0000000000e+00,0.0000000000e+00,0.0000000000e+00,0.0000000000e+00,0.0000000000e+00,0.0000000000e+00,0.0000000000e+00,0.0000000000e+00,0.0000000000e+00,0.0000000000e+00,0.0000000000e+00,0.0000000000e+00,0.0000000000e+00,0.0000000000e+00,0.0000000000e+00,0.0000000000e+00,0.0000000000e+00,0.0000000000e+00,0.0000000000e+00,0.0000000000e+00,0.0000000000e+00,0.0000000000e+00,0.0000000000e+00,0.0000000000e+00,0.0000000000e+00,0.0000000000e+00,0.0000000000e+00,0.0000000000e+00,0.0000000000e+00,0.0000000000e+00,0.0000000000e+00,0.0000000000e+00,0.0000000000e+00,0.0000000000e+00,0.0000000000e+00,0.0000000000e+00,0.0000000000e+00,0.0000000000e+00,0.0000000000e+00,0.0000000000e+00,0.0000000000e+00,0.0000000000e+00,0.0000000000e+00,0.0000000000e+00,0.0000000000e+00,0.0000000000e+00,0.0000000000e+00,0.0000000000e+00,0.0000000000e+00,0.0000000000e+00,0.0000000000e+00,0.0000000000e+00,0.0000000000e+00,0.0000000000e+00,0.0000000000e+00,0.0000000000e+00,0.0000000000e+00,0.0000000000e+00,0.0000000000e+00,0.0000000000e+00,0.0000000000e+00,0.0000000000e+00,0.0000000000e+00,0.0000000000e+00,0.0000000000e+00,0.0000000000e+00,0.0000000000e+00,0.0000000000e+00,0.0000000000e+00,0.0000000000e+00,0.0000000000e+00,0.0000000000e+00,0.0000000000e+00
2.0309176209e+01,7.1336263044e-01,7.1336263044e-01,7.1336263044e-01,7.1336263044e-01,7.1336263044e-01,7.1336263044e-01,7.1336263044e-01,7.1336263044e-01,7.1336263044e-01,7.1336263044e-01,7.1336263044e-01,7.1336263044e-01,7.1336263044e-01,7.1336263044e-01,7.1336263044e-01,7.1336263044e-01,7.1336263044e-01,7.1336263044e-01,7.1336263044e-01,7.1336263044e-01,7.1336263044e-01,7.1336263044e-01,7.1336263044e-01,7.1336263044e-01,7.1336263044e-01,7.1336263044e-01,7.1336263044e-01,7.1336263044e-01,7.1336263044e-01,7.1336263044e-01,7.1336263044e-01,7.1336263044e-01,7.1336263044e-01,7.1336263044e-01,7.1336263044e-01,7.1336263044e-01,7.1336263044e-01,7.1336263044e-01,7.1336263044e-01,7.1336263044e-01,7.1336263044e-01,7.1336263044e-01,7.1336263044e-01,7.1336263044e-01,7.1336263044e-01,7.1336263044e-01,7.1336263044e-01,7.1336263044e-01,7.1336263044e-01,7.1336263044e-01,7.1336263044e-01,7.1336263044e-01,7.1336263044e-01,7.1336263044e-01,7.1336263044e-01,7.1336263044e-01,7.1336263044e-01,7.1336263044e-01,7.1336263044e-01,7.1336263044e-01,7.1336269356e-01,7.1336276366e-01,7.1336284071e-01,7.1336292542e-01,7.1336301855e-01,7.1336312093e-01,7.1336323348e-01,7.1336335721e-01,7.1336349324e-01,7.1336364277e-01,7.1336380717e-01,7.1336364980e-01,7.1336292319e-01,7.1336212439e-01,7.1336124624e-01,7.1336028084e-01,7.1335921954e-01,7.1335686799e-01,7.1335427919e-01,7.1335143322e-01,7.1334735075e-01,7.1334161344e-01,7.1333530621e-01,7.1332750419e-01,7.1331868702e-01,7.1330963193e-01,7.1330000301e-01,7.1329043595e-01,7.1327777430e-01,7.1325767342e-01,7.1320251147e-01,7.1305417694e-01,7.1287257010e-01,7.1266624151e-01,7.1237261927e-01,7.1204378036e-01,7.1165299436e-01,7.1075944874e-01,7.0955260647e-01,7.0806012036e-01,7.0647626908e-01,7.0377655962e-01,7.0026300455e-01,6.9705659506e-01,6.9235939868e-01,6.8750554476e-01,6.8229646862e-01,6.7670621510e-01,6.7059602253e-01,6.6481414373e-01,6.5866142954e-01,6.5106455532e-01,6.3702596035e-01,6.1108746626e-01,5.6367110602e-01,4.8306595278e-01,3.6117583399e-01,1.8200688219e-01,3.8951596328e-02,4.3134185902e-03,3.1033414684e-04,2.5127416209e-05,5.0677160934e-06,0.0000000000e+00,0.0000000000e+00,0.0000000000e+00,0.0000000000e+00,0.0000000000e+00,0.0000000000e+00,0.0000000000e+00,0.0000000000e+00,0.0000000000e+00,0.0000000000e+00,0.0000000000e+00,0.0000000000e+00,0.0000000000e+00,0.0000000000e+00,0.0000000000e+00,0.0000000000e+00,0.0000000000e+00,0.0000000000e+00,0.0000000000e+00,0.0000000000e+00,0.0000000000e+00,0.0000000000e+00,0.0000000000e+00,0.0000000000e+00,0.0000000000e+00,0.0000000000e+00,0.0000000000e+00,0.0000000000e+00,0.0000000000e+00,0.0000000000e+00,0.0000000000e+00,0.0000000000e+00,0.0000000000e+00,0.0000000000e+00,0.0000000000e+00,0.0000000000e+00,0.0000000000e+00,0.0000000000e+00,0.0000000000e+00,0.0000000000e+00,0.0000000000e+00,0.0000000000e+00,0.0000000000e+00,0.0000000000e+00,0.0000000000e+00,0.0000000000e+00,0.0000000000e+00,0.0000000000e+00,0.0000000000e+00,0.0000000000e+00,0.0000000000e+00,0.0000000000e+00,0.0000000000e+00,0.0000000000e+00,0.0000000000e+00,0.0000000000e+00,0.0000000000e+00,0.0000000000e+00,0.0000000000e+00,0.0000000000e+00,0.0000000000e+00,0.0000000000e+00,0.0000000000e+00,0.0000000000e+00,0.0000000000e+00,0.0000000000e+00,0.0000000000e+00,0.0000000000e+00,0.0000000000e+00,0.0000000000e+00,0.0000000000e+00,0.0000000000e+00,0.0000000000e+00,0.0000000000e+00,0.0000000000e+00,0.0000000000e+00,0.0000000000e+00
2.1228684221e+01,7.0674351927e-01,7.0674351927e-01,7.0674351927e-01,7.0674351927e-01,7.0674351927e-01,7.0674351927e-01,7.0674351927e-01,7.0674351927e-01,7.0674351927e-01,7.0674351927e-01,7.0674351927e-01,7.0674351927e-01,7.0674351927e-01,7.0674351927e-01,7.0674351927e-01,7.0674351927e-01,7.0674351927e-01,7.0674351927e-01,7.0674351927e-01,7.0674351927e-01,7.0674351927e-01,7.0674351927e-01,7.0674351927e-01,7.0674351927e-01,7.0674351927e-01,7.0674351927e-01,7.0674351927e-01,7.0674351927e-01,7.0674351927e-01,7.0674351927e-01,7.0674351927e-01,7.0674351927e-01,7.0674351927e-01,7.0674351927e-01,7.0674351927e-01,7.0674351927e-01,7.0674351927e-01,7.0674351927e-01,7.0674351927e-01,7.0674351927e-01,7.0674351927e-01,7.0674351927e-01,7.0674351927e-01,7.0674351927e-01,7.0674351927e-01,7.0674351927e-01,7.0674351927e-01,7.0674351927e-01,7.0674351927e-01,7.0674351927e-01,7.0674351927e-01,7.0674351927e-01,7.0674351927e-01,7.0674351927e-01,7.0674351927e-01,7.0674351927e-01,7.0674351927e-01,7.0674351927e-01,7.0674351927e-01,7.0674351927e-01,7.0674357699e-01,7.0674364108e-01,7.0674371154e-01,7.0674378900e-01,7.0674387415e-01,7.0674396777e-01,7.0674407068e-01,7.0674418382e-01,7.0674430820e-01,7.0674444493e-01,7.0674459525e-01,7.0674445346e-01,7.0674379482e-01,7.0674307075e-01,7.0674227474e-01,7.0674139966e-01,7.0674043764e-01,7.0673830269e-01,7.0673595234e-01,7.0673336850e-01,7.0672966016e-01,7.0672444673e-01,7.0671871542e-01,7.0671162194e-01,7.0670360453e-01,7.0669536318e-01,7.0668659539e-01,7.0667786887e-01,7.0666632231e-01,7.0664800872e-01,7.0659785943e-01,7.0646314676e-01,7.0629819724e-01,7.0611075190e-01,7.0584389959e-01,7.0554496656e-01,7.0518964519e-01,7.0437756345e-01,7.0328060948e-01,7.0192321904e-01,7.0048160686e-01,6.9802393707e-01,6.9482360149e-01,6.9189883664e-01,6.8761424843e-01,6.8317972690e-01,6.7840228815e-01,6.7322049846e-01,6.6746849225e-01,6.6192798523e-01,6.5595766526e-01,6.4848722829e-01,6.3466240617e-01,6.0911944490e-01,5.6272757466e-01,4.8404824620e-01,3.6494460201e-01,1.8814604452e-01,4.3001225416e-02,5.2317633695e-03,4.2264108240e-04,3.8433194541e-05,8.5271736273e-06,0.0000000000e+00,0.0000000000e+00,0.0000000000e+00,0.0000000000e+00,0.0000000000e+00,0.0000000000e+00,0.0000000000e+00,0.0000000000e+00,0.0000000000e+00,0.0000000000e+00,0.0000000000e+00,0.0000000000e+00,0.0000000000e+00,0.0000000000e+00,0.0000000000e+00,0.0000000000e+00,0.0000000000e+00,0.0000000000e+00,0.0000000000e+00,0.0000000000e+00,0.0000000000e+00,0.0000000000e+00,0.0000000000e+00,0.0000000000e+00,0.0000000000e+00,0.0000000000e+00,0.0000000000e+00,0.0000000000e+00,0.0000000000e+00,0.0000000000e+00,0.0000000000e+00,0.0000000000e+00,0.0000000000e+00,0.0000000000e+00,0.0000000000e+00,0.0000000000e+00,0.0000000000e+00,0.0000000000e+00,0.0000000000e+00,0.0000000000e+00,0.0000000000e+00,0.0000000000e+00,0.0000000000e+00,0.0000000000e+00,0.0000000000e+00,0.0000000000e+00,0.0000000000e+00,0.0000000000e+00,0.0000000000e+00,0.0000000000e+00,0.0000000000e+00,0.0000000000e+00,0.0000000000e+00,0.0000000000e+00,0.0000000000e+00,0.0000000000e+00,0.0000000000e+00,0.0000000000e+00,0.0000000000e+00,0.0000000000e+00,0.0000000000e+00,0.0000000000e+00,0.0000000000e+00,0.0000000000e+00,0.0000000000e+00,0.0000000000e+00,0.0000000000e+00,0.0000000000e+00,0.0000000000e+00,0.0000000000e+00,0.0000000000e+00,0.0000000000e+00,0.0000000000e+00,0.0000000000e+00,0.0000000000e+00,0.0000000000e+00,0.0000000000e+00
2.2189823415e+01,7.0058785104e-01,7.0058785104e-01,7.0058785104e-01,7.0058785104e-01,7.0058785104e-01,7.0058785104e-01,7.0058785104e-01,7.0058785104e-01,7.0058785104e-01,7.0058785104e-01,7.0058785104e-01,7.0058785104e-01,7.0058785104e-01,7.0058785104e-01,7.0058785104e-01,7.0058785104e-01,7.0058785104e-01,7.0058785104e-01,7.0058785104e-01,7.0058785104e-01,7.0058785104e-01,7.0058785104e-01,7.0058785104e-01,7.0058785104e-01,7.0058785104e-01,7.0058785104e-01,7.0058785104e-01,7.0058785104e-01,7.0058785104e-01,7.0058785104e-01,7.0058785104e-01,7.0058785104e-01,7.0058785104e-01,7.0058785104e-01,7.0058785104e-01,7.0058785104e-01,7.0058785104e-01,7.0058785104e-01,7.0058785104e-01,7.0058785104e-01,7.0058785104e-01,7.0058785104e-01,7.0058785104e-01,7.0058785104e-01,7.0058785104e-01,7.0058785104e-01,7.0058785104e-01,7.0058785104e-01,7.0058785104e-01,7.0058785104e-01,7.0058785104e-01,7.0058785104e-01,7.0058785104e-01,7.0058785104e-01,7.0058785104e-01,7.0058785104e-01,7.0058785104e-01,7.0058785104e-01,7.0058785104e-01,7.0058785104e-01,7.0058785104e-01,7.0058785104e-01,7.0058785104e-01,7.0058785104e-01,7.0058785104e-01,7.0058785104e-01,7.0058785104e-01,7.0058761735e-01,7.0058720479e-01,7.0058675125e-01,7.0058625265e-01,7.0058570451e-01,7.0058510192e-01,7.0058443947e-01,7.0058371120e-01,7.0058291059e-01,7.0058203044e-01,7.0058106285e-01,7.0057996646e-01,7.0057601699e-01,7.0057167518e-01,7.0056690207e-01,7.0056165481e-01,7.0055588630e-01,7.0054936703e-01,7.0054208549e-01,7.0053408064e-01,7.0052504208e-01,7.0051159662e-01,7.0049681571e-01,7.0043657099e-01,7.0030483926e-01,7.0015620867e-01,6.9998320304e-01,6.9976259524e-01,6.9949172810e-01,6.9918408146e-01,6.9843888666e-01,6.9741471204e-01,6.9624281451e-01,6.9493234253e-01,6.9280999987e-01,6.8984972293e-01,6.8719005756e-01,6.8345894412e-01,6.7941520918e-01,6.7496162985e-01,6.7010485519e-01,6.6470244897e-01,6.5933845449e-01,6.5348238588e-01,6.4603161514e-01,6.3239864650e-01,6.0713415660e-01,5.6161396618e-01,4.8442166486e-01,3.6782942694e-01,1.9383399491e-01,4.7225457172e-02,6.3249014428e-03,5.7784602193e-04,5.9172191354e-05,1.0847089508e-05,4.1668861043e-06,2.7408477454e-06,2.2916047680e-06,2.0359853281e-06,1.7978606410e-06,1.5726508036e-06,1.3898865447e-06,0.0000000000e+00,0.0000000000e+00,0.0000000000e+00,0.0000000000e+00,0.0000000000e+00,0.0000000000e+00,0.0000000000e+00,0.0000000000e+00,0.0000000000e+00,0.0000000000e+00,0.0000000000e+00,0.0000000000e+00,0.0000000000e+00,0.0000000000e+00,0.0000000000e+00,0.0000000000e+00,0.0000000000e+00,0.0000000000e+00,0.0000000000e+00,0.0000000000e+00,0.0000000000e+00,0.0000000000e+00,0.0000000000e+00,0.0000000000e+00,0.0000000000e+00,0.0000000000e+00,0.0000000000e+00,0.0000000000e+00,0.0000000000e+00,0.0000000000e+00,0.0000000000e+00,0.0000000000e+00,0.0000000000e+00,0.0000000000e+00,0.0000000000e+00,0.0000000000e+00,0.0000000000e+00,0.0000000000e+00,0.0000000000e+00,0.0000000000e+00,0.0000000000e+00,0.0000000000e+00,0.0000000000e+00,0.0000000000e+00,0.0000000000e+00,0.0000000000e+00,0.0000000000e+00,0.0000000000e+00,0.0000000000e+00,0.0000000000e+00,0.0000000000e+00,0.0000000000e+00,0.0000000000e+00,0.0000000000e+00,0.0000000000e+00,0.0000000000e+00,0.0000000000e+00,0.0000000000e+00,0.0000000000e+00,0.0000000000e+00,0.0000000000e+00,0.0000000000e+00,0.0000000000e+00,0.0000000000e+00,0.0000000000e+00,0.0000000000e+00,0.0000000000e+00,0.0000000000e+00,0.0000000000e+00,0.0000000000e+00
2.3194478661e+01,6.9470601419e-01,6.9470601419e-01,6.9470601419e-01,6.9470601419e-01,6.9470601419e-01,6.9470601419e-01,6.9470601419e-01,6.9470601419e-01,6.9470601419e-01,6.9470601419e-01,6.9470601419e-01,6.9470601419e-01,6.9470601419e-01,6.9470601419e-01,6.9470601419e-01,6.9470601419e-01,6.9470601419e-01,6.9470601419e-01,6.9470601419e-01,6.9470601419e-01,6.9470601419e-01,6.9470601419e-01,6.9470601419e-01,6.9470601419e-01,6.9470601419e-01,6.9470601419e-01,6.9470601419e-01,6.9470601419e-01,6.9470601419e-01,6.9470601419e-01,6.9470601419e-01,6.9470601419e-01,6.9470601419e-01,6.9470601419e-01,6.9470601419e-01,6.9470601419e-01,6.9470601419e-01,6.9470601419e-01,6.9470601419e-01,6.9470601419e-01,6.9470601419e-01,6.9470601419e-01,6.9470601419e-01,6.9470601419e-01,6.9470601419e-01,6.9470601419e-01,6.9470601419e-01,6.9470601419e-01,6.9470601419e-01,6.9470601419e-01,6.9470601419e-01,6.9470601419e-01,6.9470601419e-01,6.9470601419e-01,6.9470601419e-01,6.9470601419e-01,6.9470601419e-01,6.9470601419e-01,6.9470601419e-01,6.9470601419e-01,6.9470601419e-01,6.9470601419e-01,6.9470601419e-01,6.9470601419e-01,6.9470601419e-01,6.9470601419e-01,6.9470601419e-01,6.9470580238e-01,6.9470542845e-01,6.9470501736e-01,6.9470456544e-01,6.9470406862e-01,6.9470352244e-01,6.9470292201e-01,6.9470226192e-01,6.9470153626e-01,6.9470073851e-01,6.9469986150e-01,6.9469886763e-01,6.9469527784e-01,6.9469133145e-01,6.9468699302e-01,6.9468222363e-01,6.9467698045e-01,6.9467104805e-01,6.9466441771e-01,6.9465712876e-01,6.9464889776e-01,6.9463664264e-01,6.9462317029e-01,6.9456840064e-01,6.9444869637e-01,6.9431361745e-01,6.9415634275e-01,6.9395573644e-01,6.9370937604e-01,6.9342945364e-01,6.9275175285e-01,6.9182012195e-01,6.9075341621e-01,6.8955947780e-01,6.8762525000e-01,6.8492564409e-01,6.8249532671e-01,6.7908607935e-01,6.7538366842e-01,6.7128443096e-01,6.6675602311e-01,6.6162293494e-01,6.5642550908e-01,6.5067517565e-01,6.4327783927e-01,6.2977238188e-01,6.0482213664e-01,5.6020447262e-01,4.8482881204e-01,3.7098067656e-01,1.9975425942e-01,5.1700495439e-02,7.5439786127e-03,7.6560462953e-04,8.7070703010e-05,1.7401012509e-05,7.1070814848e-06,4.8232356605e-06,4.0923898967e-06,3.6730625301e-06,3.2794015104e-06,2.9043349471e-06,2.5990935166e-06,0.0000000000e+00,0.0000000000e+00,0.0000000000e+00,0.0000000000e+00,0.0000000000e+00,0.0000000000e+00,0.0000000000e+00,0.0000000000e+00,0.0000000000e+00,0.0000000000e+00,0.0000000000e+00,0.0000000000e+00,0.0000000000e+00,0.0000000000e+00,0.0000000000e+00,0.0000000000e+00,0.0000000000e+00,0.0000000000e+00,0.0000000000e+00,0.0000000000e+00,0.0000000000e+00,0.0000000000e+00,0.0000000000e+00,0.0000000000e+00,0.0000000000e+00,0.0000000000e+00,0.0000000000e+00,0.0000000000e+00,0.0000000000e+00,0.0000000000e+00,0.0000000000e+00,0.0000000000e+00,0.0000000000e+00,0.0000000000e+00,0.0000000000e+00,0.0000000000e+00,0.0000000000e+00,0.0000000000e+00,0.0000000000e+00,0.0000000000e+00,0.0000000000e+00,0.0000000000e+00,0.0000000000e+00,0.0000000000e+00,0.0000000000e+00,0.0000000000e+00,0.0000000000e+00,0.0000000000e+00,0.0000000000e+00,0.0000000000e+00,0.0000000000e+00,0.0000000000e+00,0.0000000000e+00,0.0000000000e+00,0.0000000000e+00,0.0000000000e+00,0.0000000000e+00,0.0000000000e+00,0.0000000000e+00,0.0000000000e+00,0.0000000000e+00,0.0000000000e+00,0.0000000000e+00,0.0000000000e+00,0.0000000000e+00,0.0000000000e+00,0.0000000000e+00,0.0000000000e+00,0.0000000000e+00,0.0000000000e+00
2.4244620171e+01,6.8912389407e-01,6.8912389407e-01,6.8912389407e-01,6.8912389407e-01,6.8912389407e-01,6.8912389407e-01,6.8912389407e-01,6.8912389407e-01,6.8912389407e-01,6.8912389407e-01,6.8912389407e-01,6.8912389407e-01,6.8912389407e-01,6.8912389407e-01,6.8912389407e-01,6.8912389407e-01,6.8912389407e-01,6.8912389407e-01,6.8912389407e-01,6.8912389407e-01,6.8912389407e-01,6.8912389407e-01,6.8912389407e-01,6.8912389407e-01,6.8912389407e-01,6.8912389407e-01,6.8912389407e-01,6.8912389407e-01,6.8912389407e-01,6.8912389407e-01,6.8912389407e-01,6.8912389407e-01,6.8912389407e-01,6.8912389407e-01,6.8912389407e-01,6.8912389407e-01,6.8912389407e-01,6.8912389407e-01,6.8912389407e-01,6.8912389407e-01,6.8912389407e-01,6.8912389407e-01,6.8912389407e-01,6.8912389407e-01,6.8912389407e-01,6.8912389407e-01,6.8912389407e-01,6.8912389407e-01,6.8912389407e-01,6.8912389407e-01,6.8912389407e-01,6.8912389407e-01,6.8912389407e-01,6.8912389407e-01,6.8912389407e-01,6.8912389407e-01,6.8912389407e-01,6.8912389407e-01,6.8912389407e-01,6.8912389407e-01,6.8912389407e-01,6.8912389407e-01,6.8912389407e-01,6.8912389407e-01,6.8912389407e-01,6.8912389407e-01,6.8912389407e-01,6.8912370211e-01,6.8912336323e-01,6.8912299068e-01,6.8912258112e-01,6.8912213088e-01,6.8912163590e-01,6.8912109175e-01,6.8912049355e-01,6.8911983591e-01,6.8911911295e-01,6.8911831816e-01,6.8911741734e-01,6.8911415424e-01,6.8911056699e-01,6.8910662339e-01,6.8910228803e-01,6.8909752201e-01,6.8909212368e-01,6.8908608660e-01,6.8907944982e-01,6.8907195461e-01,6.8906078521e-01,6.8904850639e-01,6.8899870382e-01,6.8888990079e-01,6.8876710646e-01,6.8862409591e-01,6.8844163163e-01,6.8821750469e-01,6.8796274101e-01,6.8734623357e-01,6.8649848468e-01,6.8552711916e-01,6.8443874729e-01,6.8267485868e-01,6.8021120745e-01,6.7798804263e-01,6.7486963941e-01,6.7147503908e-01,6.6769339355e-01,6.6345598641e-01,6.5855555540e-01,6.5349116166e-01,6.4781293930e-01,6.4043558310e-01,6.2702189062e-01,6.0235052431e-01,5.5858112811e-01,4.8496716327e-01,3.7383720999e-01,2.0555095890e-01,5.6380121024e-02,8.9320593548e-03,1.0026735643e-03,1.2611861205e-04,2.7385400982e-05,1.1851948828e-05,8.2776175001e-06,7.1148261233e-06,6.4413652707e-06,5.8049366760e-06,5.1946828968e-06,4.6962154441e-06,0.0000000000e+00,0.0000000000e+00,0.0000000000e+00,0.0000000000e+00,0.0000000000e+00,0.0000000000e+00,0.0000000000e+00,0.0000000000e+00,0.0000000000e+00,0.0000000000e+00,0.0000000000e+00,0.0000000000e+00,0.0000000000e+00,0.0000000000e+00,0.0000000000e+00,0.0000000000e+00,0.0000000000e+00,0.0000000000e+00,0.0000000000e+00,0.0000000000e+00,0.0000000000e+00,0.0000000000e+00,0.0000000000e+00,0.0000000000e+00,0.0000000000e+00,0.0000000000e+00,0.0000000000e+00,0.0000000000e+00,0.0000000000e+00,0.0000000000e+00,0.0000000000e+00,0.0000000000e+00,0.0000000000e+00,0.0000000000e+00,0.0000000000e+00,0.0000000000e+00,0.0000000000e+00,0.0000000000e+00,0.0000000000e+00,0.0000000000e+00,0.0000000000e+00,0.0000000000e+00,0.0000000000e+00,0.0000000000e+00,0.0000000000e+00,0.0000000000e+00,0.0000000000e+00,0.0000000000e+00,0.0000000000e+00,0.0000000000e+00,0.0000000000e+00,0.0000000000e+00,0.0000000000e+00,0.0000000000e+00,0.0000000000e+00,0.0000000000e+00,0.0000000000e+00,0.0000000000e+00,0.0000000000e+00,0.0000000000e+00,0.0000000000e+00,0.0000000000e+00,0.0000000000e+00,0.0000000000e+00,0.0000000000e+00,0.0000000000e+00,0.0000000000e+00,0.0000000000e+00,0.0000000000e+00,0.0000000000e+00
2.5342307358e+01,6.8380085701e-01,6.8380085701e-01,6.8380085701e-01,6.8380085701e-01,6.8380085701e-01,6.8380085701e-01,6.8380085701e-01,6.8380085701e-01,6.8380085701e-01,6.8380085701e-01,6.8380085701e-01,6.8380085701e-01,6.8380085701e-01,6.8380085701e-01,6.8380085701e-01,6.8380085701e-01,6.8380085701e-01,6.8380085701e-01,6.8380085701e-01,6.8380085701e-01,6.8380085701e-01,6.8380085701e-01,6.8380085701e-01,6.8380085701e-01,6.8380085701e-01,6.8380085701e-01,6.8380085701e-01,6.8380085701e-01,6.8380085701e-01,6.8380085701e-01,6.8380085701e-01,6.8380085701e-01,6.8380085701e-01,6.8380085701e-01,6.8380085701e-01,6.8380085701e-01,6.8380085701e-01,6.8380085701e-01,6.8380085701e-01,6.8380085701e-01,6.8380085701e-01,6.8380085701e-01,6.8380085701e-01,6.8380085701e-01,6.8380085701e-01,6.8380085701e-01,6.8380085701e-01,6.8380085701e-01,6.8380085701e-01,6.8380085701e-01,6.8380085701e-01,6.8380085701e-01,6.8380085701e-01,6.8380085701e-01,6.8380085701e-01,6.8380085701e-01,6.8380085701e-01,6.8380085701e-01,6.8380085701e-01,6.8380085701e-01,6.8380085701e-01,6.8380085701e-01,6.8380085701e-01,6.8380085701e-01,6.8380085701e-01,6.8380085701e-01,6.8380085701e-01,6.8380068310e-01,6.8380037605e-01,6.8380003851e-01,6.8379966743e-01,6.8379925949e-01,6.8379881102e-01,6.8379831800e-01,6.8379777599e-01,6.8379718015e-01,6.8379652511e-01,6.8379580499e-01,6.8379498870e-01,6.8379202249e-01,6.8378876161e-01,6.8378517681e-01,6.8378123589e-01,6.8377690348e-01,6.8377199132e-01,6.8376649483e-01,6.8376045233e-01,6.8375362764e-01,6.8374344860e-01,6.8373225850e-01,6.8368696475e-01,6.8358804874e-01,6.8347639750e-01,6.8334632885e-01,6.8318032905e-01,6.8297638360e-01,6.8274446042e-01,6.8218346132e-01,6.8141177355e-01,6.8052683365e-01,6.7953407735e-01,6.7792439443e-01,6.7567423404e-01,6.7363794501e-01,6.7078202730e-01,6.6766450489e-01,6.6416666182e-01,6.6018588929e-01,6.5548457696e-01,6.5052266778e-01,6.4488595195e-01,6.3749853688e-01,6.2414491407e-01,5.9972202522e-01,5.5675331235e-01,4.8485079016e-01,3.7641241366e-01,2.1121937102e-01,6.1254824814e-02,1.0501183106e-02,1.2986157273e-03,1.7993543062e-04,4.2313911739e-05,1.9344012665e-05,1.3874236897e-05,1.2065630607e-05,1.1008047406e-05,1.0002782660e-05,9.0333696325e-06,8.2384445266e-06,0.0000000000e+00,0.0000000000e+00,0.0000000000e+00,0.0000000000e+00,0.0000000000e+00,0.0000000000e+00,0.0000000000e+00,0.0000000000e+00,0.0000000000e+00,0.0000000000e+00,0.0000000000e+00,0.0000000000e+00,0.0000000000e+00,0.0000000000e+00,0.0000000000e+00,0.0000000000e+00,0.0000000000e+00,0.0000000000e+00,0.0000000000e+00,0.0000000000e+00,0.0000000000e+00,0.0000000000e+00,0.0000000000e+00,0.0000000000e+00,0.0000000000e+00,0.0000000000e+00,0.0000000000e+00,0.0000000000e+00,0.0000000000e+00,0.0000000000e+00,0.0000000000e+00,0.0000000000e+00,0.0000000000e+00,0.0000000000e+00,0.0000000000e+00,0.0000000000e+00,0.0000000000e+00,0.0000000000e+00,0.0000000000e+00,0.0000000000e+00,0.0000000000e+00,0.0000000000e+00,0.0000000000e+00,0.0000000000e+00,0.0000000000e+00,0.0000000000e+00,0.0000000000e+00,0.0000000000e+00,0.0000000000e+00,0.0000000000e+00,0.0000000000e+00,0.0000000000e+00,0.0000000000e+00,0.0000000000e+00,0.0000000000e+00,0.0000000000e+00,0.0000000000e+00,0.0000000000e+00,0.0000000000e+00,0.0000000000e+00,0.0000000000e+00,0.0000000000e+00,0.0000000000e+00,0.0000000000e+00,0.0000000000e+00,0.0000000000e+00,0.0000000000e+00,0.0000000000e+00,0.0000000000e+00,0.0000000000e+00
2.6489692876e+01,6.7869670368e-01,6.7869670368e-01,6.7869670368e-01,6.7869670368e-01,6.7869670368e-01,6.7869670368e-01,6.7869670368e-01,6.7869670368e-01,6.7869670368e-01,6.7869670368e-01,6.7869670368e-01,6.7869670368e-01,6.7869670368e-01,6.7869670368e-01,6.7869670368e-01,6.7869670368e-01,6.7869670368e-01,6.7869670368e-01,6.7869670368e-01,6.7869670368e-01,6.7869670368e-01,6.7869670368e-01,6.7869670368e-01,6.7869670368e-01,6.7869670368e-01,6.7869670368e-01,6.7869670368e-01,6.7869670368e-01,6.7869670368e-01,6.7869670368e-01,6.7869670368e-01,6.7869670368e-01,6.7869670368e-01,6.7869670368e-01,6.7869670368e-01,6.7869670368e-01,6.7869670368e-01,6.7869670368e-01,6.7869670368e-01,6.7869670368e-01,6.7869670368e-01,6.7869670368e-01,6.7869670368e-01,6.7869670368e-01,6.7869670368e-01,6.7869670368e-01,6.7869670368e-01,6.7869670368e-01,6.7869670368e-01,6.7869670368e-01,6.7869670368e-01,6.7869670368e-01,6.7869670368e-01,6.7869670368e-01,6.7869670368e-01,6.7869670368e-01,6.7869670368e-01,6.7869670368e-01,6.7869670368e-01,6.7869670368e-01,6.7869670368e-01,6.7869670368e-01,6.7869670368e-01,6.7869670368e-01,6.7869670368e-01,6.7869670368e-01,6.7869670368e-01,6.7869654616e-01,6.7869626807e-01,6.7869596235e-01,6.7869562627e-01,6.7869525679e-01,6.7869485061e-01,6.7869440407e-01,6.7869391318e-01,6.7869337352e-01,6.7869278024e-01,6.7869212803e-01,6.7869138859e-01,6.7868869234e-01,6.7868572823e-01,6.7868246967e-01,6.7867888741e-01,6.7867494928e-01,6.7867047986e-01,6.7866547607e-01,6.7865997521e-01,6.7865376171e-01,6.7864448613e-01,6.7863428922e-01,6.7859309058e-01,6.7850314738e-01,6.7840160998e-01,6.7828329023e-01,6.7813224032e-01,6.7794662269e-01,6.7773544378e-01,6.7722481941e-01,6.7652212502e-01,6.7571553668e-01,6.7480935796e-01,6.7333922428e-01,6.7128212153e-01,6.6941416936e-01,6.6679479207e-01,6.6392614431e-01,6.6068103489e-01,6.5692531610e-01,6.5239251798e-01,6.4750542227e-01,6.4188258205e-01,6.3445843601e-01,6.2113720884e-01,5.9693722311e-01,5.5472816603e-01,4.8449171178e-01,3.7871837833e-01,2.1675469942e-01,6.6313647701e-02,1.2262648981e-02,1.6640342005e-03,2.5301749775e-04,6.4236799653e-05,3.0927986307e-05,2.2737786716e-05,1.9986993528e-05,1.8363398553e-05,1.6812029801e-05,1.5308297546e-05,1.4070479910e-05,0.0000000000e+00,0.0000000000e+00,0.0000000000e+00,0.0000000000e+00,0.0000000000e+00,0.0000000000e+00,0.0000000000e+00,0.0000000000e+00,0.0000000000e+00,0.0000000000e+00,0.0000000000e+00,0.0000000000e+00,0.0000000000e+00,0.0000000000e+00,0.0000000000e+00,0.0000000000e+00,0.0000000000e+00,0.0000000000e+00,0.0000000000e+00,0.0000000000e+00,0.0000000000e+00,0.0000000000e+00,0.0000000000e+00,0.0000000000e+00,0.0000000000e+00,0.0000000000e+00,0.0000000000e+00,0.0000000000e+00,0.0000000000e+00,0.0000000000e+00,0.0000000000e+00,0.0000000000e+00,0.0000000000e+00,0.0000000000e+00,0.0000000000e+00,0.0000000000e+00,0.0000000000e+00,0.0000000000e+00,0.0000000000e+00,0.0000000000e+00,0.0000000000e+00,0.0000000000e+00,0.0000000000e+00,0.0000000000e+00,0.0000000000e+00,0.0000000000e+00,0.0000000000e+00,0.0000000000e+00,0.0000000000e+00,0.0000000000e+00,0.0000000000e+00,0.0000000000e+00,0.0000000000e+00,0.0000000000e+00,0.0000000000e+00,0.0000000000e+00,0.0000000000e+00,0.0000000000e+00,0.0000000000e+00,0.0000000000e+00,0.0000000000e+00,0.0000000000e+00,0.0000000000e+00,0.0000000000e+00,0.0000000000e+00,0.0000000000e+00,0.0000000000e+00,0.0000000000e+00,0.0000000000e+00,0.0000000000e+00
2.7689026842e+01,6.7435462294e-01,6.7435462294e-01,6.7435462294e-01,6.7435462294e-01,6.7435462294e-01,6.7435462294e-01,6.7435462294e-01,6.7435462294e-01,6.7435462294e-01,6.7435462294e-01,6.7435462294e-01,6.7435462294e-01,6.7435462294e-01,6.7435462294e-01,6.7435462294e-01,6.7435462294e-01,6.7435462294e-01,6.7435462294e-01,6.7435462294e-01,6.7435462294e-01,6.7435462294e-01,6.7435462294e-01,6.7435462294e-01,6.7435462294e-01,6.7435462294e-01,6.7435462294e-01,6.7435462294e-01,6.7435462294e-01,6.7435462294e-01,6.7435462294e-01,6.7435462294e-01,6.7435462294e-01,6.7435462294e-01,6.7435462294e-01,6.7435462294e-01,6.7435462294e-01,6.7435462294e-01,6.7435462294e-01,6.7435462294e-01,6.7435462294e-01,6.7435462294e-01,6.7435462294e-01,6.7435462294e-01,6.7435462294e-01,6.7435462294e-01,6.7435462294e-01,6.7435462294e-01,6.7435462294e-01,6.7435462294e-01,6.7435462294e-01,6.7435462294e-01,6.7435462294e-01,6.7435462294e-01,6.7435462294e-01,6.7435462294e-01,6.7435462294e-01,6.7435462294e-01,6.7435462294e-01,6.7435462294e-01,6.7435462294e-01,6.7435462294e-01,6.7435462294e-01,6.7435462294e-01,6.7435462294e-01,6.7435462294e-01,6.7435462294e-01,6.7435462294e-01,6.7435462294e-01,6.7435462294e-01,6.7435462294e-01,6.7435462294e-01,6.7435448759e-01,6.7435371210e-01,6.7435285957e-01,6.7435192235e-01,6.7435089202e-01,6.7434975933e-01,6.7434851412e-01,6.7434714521e-01,6.7434564030e-01,6.7434398590e-01,6.7434216714e-01,6.7434016770e-01,6.7433702064e-01,6.7433285664e-01,6.7432827900e-01,6.7432324662e-01,6.7431771435e-01,6.7430628769e-01,6.7427017052e-01,6.7423046752e-01,6.7418682291e-01,6.7410339722e-01,6.7399077086e-01,6.7386697732e-01,6.7369498165e-01,6.7350542900e-01,6.7298271309e-01,6.7234693411e-01,6.7154569876e-01,6.7064712025e-01,6.6945261238e-01,6.6762800760e-01,6.6590841723e-01,6.6330981737e-01,6.6044386772e-01,6.5745648400e-01,6.5411509815e-01,6.4975469422e-01,6.4478575785e-01,6.3911314675e-01,6.3167951102e-01,6.1810294325e-01,5.9397569420e-01,5.5232516358e-01,4.8382671339e-01,3.8031844459e-01,2.2140322482e-01,7.1385356447e-02,1.4274006750e-02,2.1419902587e-03,3.5956863410e-04,9.7607686158e-05,4.7512279817e-05,3.3362280603e-05,2.7149471370e-05,2.2759075573e-05,1.8711736036e-05,1.4863783085e-05,1.1228399184e-05,7.9022467449e-06,5.0721578174e-06,2.8997581976e-06,1.4313685951e-06,7.9011074366e-07,0.0000000000e+00,0.0000000000e+00,0.0000000000e+00,0.0000000000e+00,0.0000000000e+00,0.0000000000e+00,0.0000000000e+00,0.0000000000e+00,0.0000000000e+00,0.0000000000e+00,0.0000000000e+00,0.0000000000e+00,0.0000000000e+00,0.0000000000e+00,0.0000000000e+00,0.0000000000e+00,0.0000000000e+00,0.0000000000e+00,0.0000000000e+00,0.0000000000e+00,0.0000000000e+00,0.0000000000e+00,0.0000000000e+00,0.0000000000e+00,0.0000000000e+00,0.0000000000e+00,0.0000000000e+00,0.0000000000e+00,0.0000000000e+00,0.0000000000e+00,0.0000000000e+00,0.0000000000e+00,0.0000000000e+00,0.0000000000e+00,0.0000000000e+00,0.0000000000e+00,0.0000000000e+00,0.0000000000e+00,0.0000000000e+00,0.0000000000e+00,0.0000000000e+00,0.0000000000e+00,0.0000000000e+00,0.0000000000e+00,0.0000000000e+00,0.0000000000e+00,0.0000000000e+00,0.0000000000e+00,0.0000000000e+00,0.0000000000e+00,0.0000000000e+00,0.0000000000e+00,0.0000000000e+00,0.0000000000e+00,0.0000000000e+00,0.0000000000e+00,0.0000000000e+00,0.0000000000e+00,0.0000000000e+00,0.0000000000e+00,0.0000000000e+00,0.0000000000e+00,0.0000000000e+00,0.0000000000e+00,0.0000000000e+00
2.8942661247e+01,6.6931745738e-01,6.6931745738e-01,6.6931745738e-01,6.6931745738e-01,6.6931745738e-01,6.6931745738e-01,6.6931745738e-01,6.6931745738e-01,6.6931745738e-01,6.6931745738e-01,6.6931745738e-01,6.6931745738e-01,6.6931745738e-01,6.6931745738e-01,6.6931745738e-01,6.6931745738e-01,6.6931745738e-01,6.6931745738e-01,6.6931745738e-01,6.6931745738e-01,6.6931745738e-01,6.6931745738e-01,6.6931745738e-01,6.6931745738e-01,6.6931745738e-01,6.6931745738e-01,6.6931745738e-01,6.6931745738e-01,6.6931745738e-01,6.6931745738e-01,6.6931745738e-01,6.6931745738e-01,6.6931745738e-01,6.6931745738e-01,6.6931745738e-01,6.6931745738e-01,6.6931745738e-01,6.6931745738e-01,6.6931745738e-01,6.6931745738e-01,6.6931745738e-01,6.6931745738e-01,6.6931745738e-01,6.6931745738e-01,6.6931745738e-01,6.6931745738e-01,6.6931745738e-01,6.6931745738e-01,6.6931745738e-01,6.6931745738e-01,6.6931745738e-01,6.6931745738e-01,6.6931745738e-01,6.6931745738e-01,6.6931745738e-01,6.6931745738e-01,6.6931745738e-01,6.6931745738e-01,6.6931745738e-01,6.6931745738e-01,6.6931745738e-01,6.6931745738e-01,6.6931745738e-01,6.6931745738e-01,6.6931745738e-01,6.6931745738e-01,6.6931745738e-01,6.6931745738e-01,6.6931745738e-01,6.6931745738e-01,6.6931745738e-01,6.6931745738e-01,6.6931745738e-01,6.6931672437e-01,6.6931560324e-01,6.6931437073e-01,6.6931301579e-01,6.6931152624e-01,6.6930988871e-01,6.6930808851e-01,6.6930610947e-01,6.6930393383e-01,6.6930154206e-01,6.6929891269e-01,6.6929595893e-01,6.6929217509e-01,6.6928801537e-01,6.6928344243e-01,6.6927841522e-01,6.6927288863e-01,6.6922000774e-01,6.6914247646e-01,6.6905725318e-01,6.6895783972e-01,6.6881793582e-01,6.6866416688e-01,6.6835762860e-01,6.6788276518e-01,6.6729764378e-01,6.6655189760e-01,6.6567872419e-01,6.6460921650e-01,6.6282778277e-01,6.6119850446e-01,6.5896386321e-01,6.5656384922e-01,6.5383500608e-01,6.5070306756e-01,6.4649283290e-01,6.4165615058e-01,6.3602237329e-01,6.2847357957e-01,6.1507660293e-01,5.9104054921e-01,5.4969862405e-01,4.8305835854e-01,3.8246036197e-01,2.2699685089e-01,7.6558614016e-02,1.6478824474e-02,2.7033234125e-03,4.9491263749e-04,1.4434869829e-04,7.3472642553e-05,5.2546418444e-05,4.3019666304e-05,3.6164822338e-05,2.9827911516e-05,2.3785617236e-05,1.8048866374e-05,1.2762691240e-05,8.2103645513e-06,4.6412400211e-06,2.1208731074e-06,6.8289577169e-07,1.8952985969e-07,0.0000000000e+00,0.0000000000e+00,0.0000000000e+00,0.0000000000e+00,0.0000000000e+00,0.0000000000e+00,0.0000000000e+00,0.0000000000e+00,0.0000000000e+00,0.0000000000e+00,0.0000000000e+00,0.0000000000e+00,0.0000000000e+00,0.0000000000e+00,0.0000000000e+00,0.0000000000e+00,0.0000000000e+00,0.0000000000e+00,0.0000000000e+00,0.0000000000e+00,0.0000000000e+00,0.0000000000e+00,0.0000000000e+00,0.0000000000e+00,0.0000000000e+00,0.0000000000e+00,0.0000000000e+00,0.0000000000e+00,0.0000000000e+00,0.0000000000e+00,0.0000000000e+00,0.0000000000e+00,0.0000000000e+00,0.0000000000e+00,0.0000000000e+00,0.0000000000e+00,0.0000000000e+00,0.0000000000e+00,0.0000000000e+00,0.0000000000e+00,0.0000000000e+00,0.0000000000e+00,0.0000000000e+00,0.0000000000e+00,0.0000000000e+00,0.0000000000e+00,0.0000000000e+00,0.0000000000e+00,0.0000000000e+00,0.0000000000e+00,0.0000000000e+00,0.0000000000e+00,0.0000000000e+00,0.0000000000e+00,0.0000000000e+00,0.0000000000e+00,0.0000000000e+00,0.0000000000e+00,0.0000000000e+00,0.0000000000e+00,0.0000000000e+00,0.0000000000e+00,0.0000000000e+00,0.0000000000e+00
3.0253054571e+01,6.6462669657e-01,6.6462669657e-01,6.6462669657e-01,6.6462669657e-01,6.6462669657e-01,6.6462669657e-01,6.6462669657e-01,6.6462669657e-01,6.6462669657e-01,6.6462669657e-01,6.6462669657e-01,6.6462669657e-01,6.6462669657e-01,6.6462669657e-01,6.6462669657e-01,6.6462669657e-01,6.6462669657e-01,6.6462669657e-01,6.6462669657e-01,6.6462669657e-01,6.6462669657e-01,6.6462669657e-01,6.6462669657e-01,6.6462669657e-01,6.6462669657e-01,6.6462669657e-01,6.6462669657e-01,6.6462669657e-01,6.6462669657e-01,6.6462669657e-01,6.6462669657e-01,6.6462669657e-01,6.6462669657e-01,6.6462669657e-01,6.6462669657e-01,6.6462669657e-01,6.6462669657e-01,6.6462669657e-01,6.6462669657e-01,6.6462669657e-01,6.6462669657e-01,6.6462669657e-01,6.6462669657e-01,6.6462669657e-01,6.6462669657e-01,6.6462669657e-01,6.6462669657e-01,6.6462669657e-01,6.6462669657e-01,6.6462669657e-01,6.6462669657e-01,6.6462669657e-01,6.6462669657e-01,6.6462669657e-01,6.6462669657e-01,6.6462669657e-01,6.6462669657e-01,6.6462669657e-01,6.6462669657e-01,6.6462669657e-01,6.6462669657e-01,6.6462669657e-01,6.6462669657e-01,6.6462669657e-01,6.6462669657e-01,6.6462669657e-01,6.6462669657e-01,6.6462669657e-01,6.6462669657e-01,6.6462669657e-01,6.6462669657e-01,6.6462669657e-01,6.6462669657e-01,6.6462603136e-01,6.6462501395e-01,6.6462389545e-01,6.6462266585e-01,6.6462131409e-01,6.6461982804e-01,6.6461819437e-01,6.6461639840e-01,6.6461442401e-01,6.6461225349e-01,6.6460986735e-01,6.6460718554e-01,6.6460373944e-01,6.6459995100e-01,6.6459578623e-01,6.6459120773e-01,6.6458617442e-01,6.6453806800e-01,6.6446753882e-01,6.6439001154e-01,6.6429955454e-01,6.6417215277e-01,6.6403212243e-01,6.6375295483e-01,6.6332046568e-01,6.6278698880e-01,6.6210623624e-01,6.6130701237e-01,6.6032645736e-01,6.5869134557e-01,6.5718754914e-01,6.5512519675e-01,6.5289623451e-01,6.5033224170e-01,6.4732371638e-01,6.4319807797e-01,6.3836868750e-01,6.3267738862e-01,6.2503450366e-01,6.1161813123e-01,5.8776570560e-01,5.4712479143e-01,4.8203346930e-01,3.8403029508e-01,2.3212898098e-01,8.2076941337e-02,1.8869708173e-02,3.3544978629e-03,6.6554130977e-04,2.0713714685e-04,1.0972638587e-04,7.9828809763e-05,6.5779200705e-05,5.5511220940e-05,4.5991686350e-05,3.6887000890e-05,2.8208766325e-05,2.0163891574e-05,1.3164800043e-05,7.5913810942e-06,3.5711809836e-06,1.2074614979e-06,3.5928403229e-07,0.0000000000e+00,0.0000000000e+00,0.0000000000e+00,0.0000000000e+00,0.0000000000e+00,0.0000000000e+00,0.0000000000e+00,0.0000000000e+00,0.0000000000e+00,0.0000000000e+00,0.0000000000e+00,0.0000000000e+00,0.0000000000e+00,0.0000000000e+00,0.0000000000e+00,0.0000000000e+00,0.0000000000e+00,0.0000000000e+00,0.0000000000e+00,0.0000000000e+00,0.0000000000e+00,0.0000000000e+00,0.0000000000e+00,0.0000000000e+00,0.0000000000e+00,0.0000000000e+00,0.0000000000e+00,0.0000000000e+00,0.0000000000e+00,0.0000000000e+00,0.0000000000e+00,0.0000000000e+00,0.0000000000e+00,0.0000000000e+00,0.0000000000e+00,0.0000000000e+00,0.0000000000e+00,0.0000000000e+00,0.0000000000e+00,0.0000000000e+00,0.0000000000e+00,0.0000000000e+00,0.0000000000e+00,0.0000000000e+00,0.0000000000e+00,0.0000000000e+00,0.0000000000e+00,0.0000000000e+00,0.0000000000e+00,0.0000000000e+00,0.0000000000e+00,0.0000000000e+00,0.0000000000e+00,0.0000000000e+00,0.0000000000e+00,0.0000000000e+00,0.0000000000e+00,0.0000000000e+00,0.0000000000e+00,0.0000000000e+00,0.0000000000e+00,0.0000000000e+00,0.0000000000e+00,0.0000000000e+00
3.1622776602e+01,6.5999096281e-01,6.5999096281e-01,6.5999096281e-01,6.5999096281e-01,6.5999096281e-01,6.5999096281e-01,6.5999096281e-01,6.5999096281e-01,6.5999096281e-01,6.5999096281e-01,6.5999096281e-01,6.5999096281e-01,6.5999096281e-01,6.5999096281e-01,6.5999096281e-01,6.5999096281e-01,6.5999096281e-01,6.5999096281e-01,6.5999096281e-01,6.5999096281e-01,6.5999096281e-01,6.5999096281e-01,6.5999096281e-01,6.5999096281e-01,6.5999096281e-01,6.5999096281e-01,6.5999096281e-01,6.5999096281e-01,6.5999096281e-01,6.5999096281e-01,6.5999096281e-01,6.5999096281e-01,6.5999096281e-01,6.5999096281e-01,6.5999096281e-01,6.5999096281e-01,6.5999096281e-01,6.5999096281e-01,6.5999096281e-01,6.5999096281e-01,6.5999096281e-01,6.5999096281e-01,6.5999096281e-01,6.5999096281e-01,6.5999096281e-01,6.5999096281e-01,6.5999096281e-01,6.5999096281e-01,6.5999096281e-01,6.5999096281e-01,6.5999096281e-01,6.5999096281e-01,6.5999096281e-01,6.5999096281e-01,6.5999096281e-01,6.5999096281e-01,6.5999096281e-01,6.5999096281e-01,6.5999096281e-01,6.5999096281e-01,6.5999096281e-01,6.5999096281e-01,6.5999096281e-01,6.5999096281e-01,6.5999096281e-01,6.5999096281e-01,6.5999096281e-01,6.5999096281e-01,6.5999096281e-01,6.5999096281e-01,6.5999096281e-01,6.5999096281e-01,6.5999096281e-01,6.5999035963e-01,6.5998943708e-01,6.5998842288e-01,6.5998730793e-01,6.5998608221e-01,6.5998473473e-01,6.5998325338e-01,6.5998162487e-01,6.5997983458e-01,6.5997786644e-01,6.5997570279e-01,6.5997326971e-01,6.5997013218e-01,6.5996668298e-01,6.5996289113e-01,6.5995872261e-01,6.5995413999e-01,6.5991037658e-01,6.5984621594e-01,6.5977568845e-01,6.5969337723e-01,6.5957734333e-01,6.5944980555e-01,6.5919551778e-01,6.5880154472e-01,6.5831495171e-01,6.5769311663e-01,6.5696070336e-01,6.5606035675e-01,6.5455706744e-01,6.5316537301e-01,6.5125691630e-01,6.4917945020e-01,6.4675907716e-01,6.4385398532e-01,6.3979348488e-01,6.3495464860e-01,6.2919066569e-01,6.2143996575e-01,6.0799168456e-01,5.8431514690e-01,5.4435785726e-01,4.8079033108e-01,3.8536070717e-01,2.3710245609e-01,8.7722969649e-02,2.1485494025e-02,4.1260989632e-03,8.8438283696e-04,2.9287869990e-04,1.6107151114e-04,1.1906099798e-04,9.8699787096e-05,8.3597591082e-05,6.9559172208e-05,5.6095244409e-05,4.3216083806e-05,3.1210549079e-05,2.0665802899e-05,1.2145481961e-05,5.8754647749e-06,2.0826860507e-06,6.6337762004e-07,0.0000000000e+00,0.0000000000e+00,0.0000000000e+00,0.0000000000e+00,0.0000000000e+00,0.0000000000e+00,0.0000000000e+00,0.0000000000e+00,0.0000000000e+00,0.0000000000e+00,0.0000000000e+00,0.0000000000e+00,0.0000000000e+00,0.0000000000e+00,0.0000000000e+00,0.0000000000e+00,0.0000000000e+00,0.0000000000e+00,0.0000000000e+00,0.0000000000e+00,0.0000000000e+00,0.0000000000e+00,0.0000000000e+00,0.0000000000e+00,0.0000000000e+00,0.0000000000e+00,0.0000000000e+00,0.0000000000e+00,0.0000000000e+00,0.0000000000e+00,0.0000000000e+00,0.0000000000e+00,0.0000000000e+00,0.0000000000e+00,0.0000000000e+00,0.0000000000e+00,0.0000000000e+00,0.0000000000e+00,0.0000000000e+00,0.0000000000e+00,0.0000000000e+00,0.0000000000e+00,0.0000000000e+00,0.0000000000e+00,0.0000000000e+00,0.0000000000e+00,0.0000000000e+00,0.0000000000e+00,0.0000000000e+00,0.0000000000e+00,0.0000000000e+00,0.0000000000e+00,0.0000000000e+00,0.0000000000e+00,0.0000000000e+00,0.0000000000e+00,0.0000000000e+00,0.0000000000e+00,0.0000000000e+00,0.0000000000e+00,0.0000000000e+00,0.0000000000e+00,0.0000000000e+00,0.0000000000e+00
3.3054513476e+01,6.5582523521e-01,6.5582523521e-01,6.5582523521e-01,6.5582523521e-01,6.5582523521e-01,6.5582523521e-01,6.5582523521e-01,6.5582523521e-01,6.5582523521e-01,6.5582523521e-01,6.5582523521e-01,6.5582523521e-01,6.5582523521e-01,6.5582523521e-01,6.5582523521e-01,6.5582523521e-01,6.5582523521e-01,6.5582523521e-01,6.5582523521e-01,6.5582523521e-01,6.5582523521e-01,6.5582523521e-01,6.5582523521e-01,6.5582523521e-01,6.5582523521e-01,6.5582523521e-01,6.5582523521e-01,6.5582523521e-01,6.5582523521e-01,6.5582523521e-01,6.5582523521e-01,6.5582523521e-01,6.5582523521e-01,6.5582523521e-01,6.5582523521e-01,6.5582523521e-01,6.5582523521e-01,6.5582523521e-01,6.5582523521e-01,6.5582523521e-01,6.5582523521e-01,6.5582523521e-01,6.5582523521e-01,6.5582523521e-01,6.5582523521e-01,6.5582523521e-01,6.5582523521e-01,6.5582523521e-01,6.5582523521e-01,6.5582523521e-01,6.5582523521e-01,6.5582523521e-01,6.5582523521e-01,6.5582523521e-01,6.5582523521e-01,6.5582523521e-01,6.5582523521e-01,6.5582523521e-01,6.5582523521e-01,6.5582523521e-01,6.5582523521e-01,6.5582523521e-01,6.5582523521e-01,6.5582523521e-01,6.5582523521e-01,6.5582523521e-01,6.5582523521e-01,6.5582523521e-01,6.5582523521e-01,6.5582523521e-01,6.5582523521e-01,6.5582523521e-01,6.5582523521e-01,6.5582523521e-01,6.5582498212e-01,6.5582383242e-01,6.5582256851e-01,6.5582117904e-01,6.5581965153e-01,6.5581797227e-01,6.5581612619e-01,6.5581409672e-01,6.5581186564e-01,6.5580941292e-01,6.5580671655e-01,6.5580375231e-01,6.5579943320e-01,6.5579404408e-01,6.5578811963e-01,6.5578160668e-01,6.5577444677e-01,6.5575300304e-01,6.5568460625e-01,6.5560942279e-01,6.5552678015e-01,6.5541490906e-01,6.5528197445e-01,6.5512564881e-01,6.5465980037e-01,6.5414805431e-01,6.5354973882e-01,6.5279252416e-01,6.5139973607e-01,6.4999203135e-01,6.4833766764e-01,6.4613367591e-01,6.4372591673e-01,6.4046983065e-01,6.3647240781e-01,6.3157450073e-01,6.2580565085e-01,6.1768419725e-01,6.0414299350e-01,5.8085134260e-01,5.4179411091e-01,4.7900498699e-01,3.8619044229e-01,2.4046874769e-01,9.3355401230e-02,2.4349302898e-02,5.0659306051e-03,1.1777246535e-03,4.1434656335e-04,2.3595558515e-04,1.7719772862e-04,1.4787313197e-04,1.2573680793e-04,1.0508461296e-04,8.5191345564e-05,6.6087680661e-05,4.8184547640e-05,3.2316742935e-05,1.9313489595e-05,9.5544888994e-06,3.4612941013e-06,9.5188363643e-07,2.0795000627e-07,6.6524517827e-08,0.0000000000e+00,0.0000000000e+00,0.0000000000e+00,0.0000000000e+00,0.0000000000e+00,0.0000000000e+00,0.0000000000e+00,0.0000000000e+00,0.0000000000e+00,0.0000000000e+00,0.0000000000e+00,0.0000000000e+00,0.0000000000e+00,0.0000000000e+00,0.0000000000e+00,0.0000000000e+00,0.0000000000e+00,0.0000000000e+00,0.0000000000e+00,0.0000000000e+00,0.0000000000e+00,0.0000000000e+00,0.0000000000e+00,0.0000000000e+00,0.0000000000e+00,0.0000000000e+00,0.0000000000e+00,0.0000000000e+00,0.0000000000e+00,0.0000000000e+00,0.0000000000e+00,0.0000000000e+00,0.0000000000e+00,0.0000000000e+00,0.0000000000e+00,0.0000000000e+00,0.0000000000e+00,0.0000000000e+00,0.0000000000e+00,0.0000000000e+00,0.0000000000e+00,0.0000000000e+00,0.0000000000e+00,0.0000000000e+00,0.0000000000e+00,0.0000000000e+00,0.0000000000e+00,0.0000000000e+00,0.0000000000e+00,0.0000000000e+00,0.0000000000e+00,0.0000000000e+00,0.0000000000e+00,0.0000000000e+00,0.0000000000e+00,0.0000000000e+00,0.0000000000e+00,0.0000000000e+00,0.0000000000e+00,0.0000000000e+00,0.0000000000e+00,0.0000000000e+00
3.4551072946e+01,6.5112970061e-01,6.5112970061e-01,6.5112970061e-01,6.5112970061e-01,6.5112970061e-01,6.5112970061e-01,6.5112970061e-01,6.5112970061e-01,6.5112970061e-01,6.5112970061e-01,6.5112970061e-01,6.5112970061e-01,6.5112970061e-01,6.5112970061e-01,6.5112970061e-01,6.5112970061e-01,6.5112970061e-01,6.5112970061e-01,6.5112970061e-01,6.5112970061e-01,6.5112970061e-01,6.5112970061e-01,6.5112970061e-01,6.5112970061e-01,6.5112970061e-01,6.5112970061e-01,6.5112970061e-01,6.5112970061e-01,6.5112970061e-01,6.5112970061e-01,6.5112970061e-01,6.5112970061e-01,6.5112970061e-01,6.5112970061e-01,6.5112970061e-01,6.5112970061e-01,6.5112970061e-01,6.5112970061e-01,6.5112970061e-01,6.5112970061e-01,6.5112970061e-01,6.5112970061e-01,6.5112970061e-01,6.5112970061e-01,6.5112970061e-01,6.5112970061e-01,6.5112970061e-01,6.5112970061e-01,6.5112970061e-01,6.5112970061e-01,6.5112970061e-01,6.5112970061e-01,6.5112970061e-01,6.5112970061e-01,6.5112970061e-01,6.5112970061e-01,6.5112970061e-01,6.5112970061e-01,6.5112970061e-01,6.5112970061e-01,6.5112970061e-01,6.5112970061e-01,6.5112970061e-01,6.5112970061e-01,6.5112970061e-01,6.5112970061e-01,6.5112970061e-01,6.5112970061e-01,6.5112970061e-01,6.5112970061e-01,6.5112970061e-01,6.5112970061e-01,6.5112970061e-01,6.5112970061e-01,6.5112947137e-01,6.5112842998e-01,6.5112728514e-01,6.5112602657e-01,6.5112464296e-01,6.5112312191e-01,6.5112144975e-01,6.5111961147e-01,6.5111759057e-01,6.5111536892e-01,6.5111292656e-01,6.5111024158e-01,6.5110631392e-01,6.5110140619e-01,6.5109601095e-01,6.5109007976e-01,6.5108355941e-01,6.5106403775e-01,6.5100177930e-01,6.5093334265e-01,6.5085811543e-01,6.5075612582e-01,6.5063487156e-01,6.5049224961e-01,6.5006643200e-01,6.4959863306e-01,6.4904736991e-01,6.4834898002e-01,6.4706307480e-01,6.4575462792e-01,6.4421117169e-01,6.4215025589e-01,6.3985993726e-01,6.3670755762e-01,6.3274103558e-01,6.2781171366e-01,6.2194888413e-01,6.1370525938e-01,6.0012195458e-01,5.7699888875e-01,5.3859238132e-01,4.7732212069e-01,3.8705091783e-01,2.4515189194e-01,9.9194551803e-02,2.7422510306e-02,6.1233485377e-03,1.5278622883e-03,5.6877985434e-04,3.3480913679e-04,2.5497229096e-04,2.1393829563e-04,1.8253214216e-04,1.5315390409e-04,1.2477857443e-04,9.7444143540e-05,7.1706022803e-05,4.8703166248e-05,2.9607479251e-05,1.5017291018e-05,5.6660288733e-06,1.6457540238e-06,3.8561944719e-07,1.3270450043e-07,0.0000000000e+00,0.0000000000e+00,0.0000000000e+00,0.0000000000e+00,0.0000000000e+00,0.0000000000e+00,0.0000000000e+00,0.0000000000e+00,0.0000000000e+00,0.0000000000e+00,0.0000000000e+00,0.0000000000e+00,0.0000000000e+00,0.0000000000e+00,0.0000000000e+00,0.0000000000e+00,0.0000000000e+00,0.0000000000e+00,0.0000000000e+00,0.0000000000e+00,0.0000000000e+00,0.0000000000e+00,0.0000000000e+00,0.0000000000e+00,0.0000000000e+00,0.0000000000e+00,0.0000000000e+00,0.0000000000e+00,0.0000000000e+00,0.0000000000e+00,0.0000000000e+00,0.0000000000e+00,0.0000000000e+00,0.0000000000e+00,0.0000000000e+00,0.0000000000e+00,0.0000000000e+00,0.0000000000e+00,0.0000000000e+00,0.0000000000e+00,0.0000000000e+00,0.0000000000e+00,0.0000000000e+00,0.0000000000e+00,0.0000000000e+00,0.0000000000e+00,0.0000000000e+00,0.0000000000e+00,0.0000000000e+00,0.0000000000e+00,0.0000000000e+00,0.0000000000e+00,0.0000000000e+00,0.0000000000e+00,0.0000000000e+00,0.0000000000e+00,0.0000000000e+00,0.0000000000e+00,0.0000000000e+00,0.0000000000e+00,0.0000000000e+00,0.0000000000e+00
3.6115389887e+01,6.4633738444e-01,6.4633738444e-01,6.4633738444e-01,6.4633738444e-01,6.4633738444e-01,6.4633738444e-01,6.4633738444e-01,6.4633738444e-01,6.4633738444e-01,6.4633738444e-01,6.4633738444e-01,6.4633738444e-01,6.4633738444e-01,6.4633738444e-01,6.4633738444e-01,6.4633738444e-01,6.4633738444e-01,6.4633738444e-01,6.4633738444e-01,6.4633738444e-01,6.4633738444e-01,6.4633738444e-01,6.4633738444e-01,6.4633738444e-01,6.4633738444e-01,6.4633738444e-01,6.4633738444e-01,6.4633738444e-01,6.4633738444e-01,6.4633738444e-01,6.4633738444e-01,6.4633738444e-01,6.4633738444e-01,6.4633738444e-01,6.4633738444e-01,6.4633738444e-01,6.4633738444e-01,6.4633738444e-01,6.4633738444e-01,6.4633738444e-01,6.4633738444e-01,6.4633738444e-01,6.4633738444e-01,6.4633738444e-01,6.4633738444e-01,6.4633738444e-01,6.4633738444e-01,6.4633738444e-01,6.4633738444e-01,6.4633738444e-01,6.4633738444e-01,6.4633738444e-01,6.4633738444e-01,6.4633738444e-01,6.4633738444e-01,6.4633738444e-01,6.4633738444e-01,6.4633738444e-01,6.4633738444e-01,6.4633738444e-01,6.4633738444e-01,6.4633738444e-01,6.4633738444e-01,6.4633738444e-01,6.4633738444e-01,6.4633738444e-01,6.4633738444e-01,6.4633738444e-01,6.4633738444e-01,6.4633738444e-01,6.4633738444e-01,6.4633738444e-01,6.4633738444e-01,6.4633738444e-01,6.4633717711e-01,6.4633623528e-01,6.4633519989e-01,6.4633406163e-01,6.4633281029e-01,6.4633143465e-01,6.4632992234e-01,6.4632825980e-01,6.4632643209e-01,6.4632442282e-01,6.4632221394e-01,6.4631978563e-01,6.4631621509e-01,6.4631174527e-01,6.4630683142e-01,6.4630142945e-01,6.4629549087e-01,6.4627771744e-01,6.4622104199e-01,6.4615874184e-01,6.4609025938e-01,6.4599724689e-01,6.4588660004e-01,6.4575642077e-01,6.4536688202e-01,6.4493891558e-01,6.4442989460e-01,6.4378427762e-01,6.4259428130e-01,6.4137404876e-01,6.3992853635e-01,6.3799366785e-01,6.3580410447e-01,6.3273796444e-01,6.2878978959e-01,6.2381958825e-01,6.1785615912e-01,6.0948709570e-01,5.9586129244e-01,5.7291212517e-01,5.3515698789e-01,4.7539541412e-01,3.8765552549e-01,2.4963522017e-01,1.0509800515e-01,3.0725379682e-02,7.3434795636e-03,1.9611096653e-03,7.7051273016e-04,4.6786915522e-04,3.6097584293e-04,3.0444123017e-04,2.6059755587e-04,2.1948052772e-04,1.7966498720e-04,1.4119927753e-04,1.0482152046e-04,7.2056135398e-05,4.4523828888e-05,2.3129910796e-05,9.0731798687e-06,2.7770490567e-06,6.9611103781e-07,2.5645190141e-07,0.0000000000e+00,0.0000000000e+00,0.0000000000e+00,0.0000000000e+00,0.0000000000e+00,0.0000000000e+00,0.0000000000e+00,0.0000000000e+00,0.0000000000e+00,0.0000000000e+00,0.0000000000e+00,0.0000000000e+00,0.0000000000e+00,0.0000000000e+00,0.0000000000e+00,0.0000000000e+00,0.0000000000e+00,0.0000000000e+00,0.0000000000e+00,0.0000000000e+00,0.0000000000e+00,0.0000000000e+00,0.0000000000e+00,0.0000000000e+00,0.0000000000e+00,0.0000000000e+00,0.0000000000e+00,0.0000000000e+00,0.0000000000e+00,0.0000000000e+00,0.0000000000e+00,0.0000000000e+00,0.0000000000e+00,0.0000000000e+00,0.0000000000e+00,0.0000000000e+00,0.0000000000e+00,0.0000000000e+00,0.0000000000e+00,0.0000000000e+00,0.0000000000e+00,0.0000000000e+00,0.0000000000e+00,0.0000000000e+00,0.0000000000e+00,0.0000000000e+00,0.0000000000e+00,0.0000000000e+00,0.0000000000e+00,0.0000000000e+00,0.0000000000e+00,0.0000000000e+00,0.0000000000e+00,0.0000000000e+00,0.0000000000e+00,0.0000000000e+00,0.0000000000e+00,0.0000000000e+00,0.0000000000e+00,0.0000000000e+00,0.0000000000e+00,0.0000000000e+00
3.7750532053e+01,6.4138845733e-01,6.4138845733e-01,6.4138845733e-01,6.4138845733e-01,6.4138845733e-01,6.4138845733e-01,6.4138845733e-01,6.4138845733e-01,6.4138845733e-01,6.4138845733e-01,6.4138845733e-01,6.4138845733e-01,6.4138845733e-01,6.4138845733e-01,6.4138845733e-01,6.4138845733e-01,6.4138845733e-01,6.4138845733e-01,6.4138845733e-01,6.4138845733e-01,6.4138845733e-01,6.4138845733e-01,6.4138845733e-01,6.4138845733e-01,6.4138845733e-01,6.4138845733e-01,6.4138845733e-01,6.4138845733e-01,6.4138845733e-01,6.4138845733e-01,6.4138845733e-01,6.4138845733e-01,6.4138845733e-01,6.4138845733e-01,6.4138845733e-01,6.4138845733e-01,6.4138845733e-01,6.4138845733e-01,6.4138845733e-01,6.4138845733e-01,6.4138845733e-01,6.4138845733e-01,6.4138845733e-01,6.4138845733e-01,6.4138845733e-01,6.4138845733e-01,6.4138845733e-01,6.4138845733e-01,6.4138845733e-01,6.4138845733e-01,6.4138845733e-01,6.4138845733e-01,6.4138845733e-01,6.4138845733e-01,6.4138845733e-01,6.4138845733e-01,6.4138845733e-01,6.4138845733e-01,6.4138845733e-01,6.4138845733e-01,6.4138845733e-01,6.4138845733e-01,6.4138845733e-01,6.4138845733e-01,6.4138845733e-01,6.4138845733e-01,6.4138845733e-01,6.4138845733e-01,6.4138845733e-01,6.4138845733e-01,6.4138845733e-01,6.4138845733e-01,6.4138845733e-01,6.4138845733e-01,6.4138827019e-01,6.4138742011e-01,6.4138648557e-01,6.4138545819e-01,6.4138432875e-01,6.4138308710e-01,6.4138172211e-01,6.4138022151e-01,6.4137857184e-01,6.4137675829e-01,6.4137476458e-01,6.4137257281e-01,6.4136932789e-01,6.4136525567e-01,6.4136077893e-01,6.4135585748e-01,6.4135044715e-01,6.4133426284e-01,6.4128266435e-01,6.4122594458e-01,6.4116359575e-01,6.4107873500e-01,6.4097771577e-01,6.4085882814e-01,6.4050215805e-01,6.4011028353e-01,6.3963912757e-01,6.3904078052e-01,6.3793674042e-01,6.3679471171e-01,6.3543539360e-01,6.3361115094e-01,6.3150738545e-01,6.2851214059e-01,6.2457196643e-01,6.1955398043e-01,6.1348623827e-01,6.0499184724e-01,5.9132709388e-01,5.6856137284e-01,5.3146365181e-01,4.7320609348e-01,3.8798949850e-01,2.5389877148e-01,1.1103923774e-01,3.4253953967e-02,8.7396703478e-03,2.4913324005e-03,1.0304708223e-03,6.4420667767e-04,5.0310518721e-04,4.2637503551e-04,3.6611640548e-04,3.0946621742e-04,2.5447415259e-04,2.0120477473e-04,1.5062356110e-04,1.0473376906e-04,6.5731334201e-05,3.4939559247e-05,1.4225976536e-05,4.5782566222e-06,1.2248239494e-06,4.8144720523e-07,0.0000000000e+00,0.0000000000e+00,0.0000000000e+00,0.0000000000e+00,0.0000000000e+00,0.0000000000e+00,0.0000000000e+00,0.0000000000e+00,0.0000000000e+00,0.0000000000e+00,0.0000000000e+00,0.0000000000e+00,0.0000000000e+00,0.0000000000e+00,0.0000000000e+00,0.0000000000e+00,0.0000000000e+00,0.0000000000e+00,0.0000000000e+00,0.0000000000e+00,0.0000000000e+00,0.0000000000e+00,0.0000000000e+00,0.0000000000e+00,0.0000000000e+00,0.0000000000e+00,0.0000000000e+00,0.0000000000e+00,0.0000000000e+00,0.0000000000e+00,0.0000000000e+00,0.0000000000e+00,0.0000000000e+00,0.0000000000e+00,0.0000000000e+00,0.0000000000e+00,0.0000000000e+00,0.0000000000e+00,0.0000000000e+00,0.0000000000e+00,0.0000000000e+00,0.0000000000e+00,0.0000000000e+00,0.0000000000e+00,0.0000000000e+00,0.0000000000e+00,0.0000000000e+00,0.0000000000e+00,0.0000000000e+00,0.0000000000e+00,0.0000000000e+00,0.0000000000e+00,0.0000000000e+00,0.0000000000e+00,0.0000000000e+00,0.0000000000e+00,0.0000000000e+00,0.0000000000e+00,0.0000000000e+00,0.0000000000e+00,0.0000000000e+00,0.0000000000e+00
3.9459706091e+01,6.3653089268e-01,6.3653089268e-01,6.3653089268e-01,6.3653089268e-01,6.3653089268e-01,6.3653089268e-01,6.3653089268e-01,6.3653089268e-01,6.3653089268e-01,6.3653089268e-01,6.3653089268e-01,6.3653089268e-01,6.3653089268e-01,6.3653089268e-01,6.3653089268e-01,6.3653089268e-01,6.3653089268e-01,6.3653089268e-01,6.3653089268e-01,6.3653089268e-01,6.3653089268e-01,6.3653089268e-01,6.3653089268e-01,6.3653089268e-01,6.3653089268e-01,6.3653089268e-01,6.3653089268e-01,6.3653089268e-01,6.3653089268e-01,6.3653089268e-01,6.3653089268e-01,6.3653089268e-01,6.3653089268e-01,6.3653089268e-01,6.3653089268e-01,6.3653089268e-01,6.3653089268e-01,6.3653089268e-01,6.3653089268e-01,6.3653089268e-01,6.3653089268e-01,6.3653089268e-01,6.3653089268e-01,6.3653089268e-01,6.3653089268e-01,6.3653089268e-01,6.3653089268e-01,6.3653089268e-01,6.3653089268e-01,6.3653089268e-01,6.3653089268e-01,6.3653089268e-01,6.3653089268e-01,6.3653089268e-01,6.3653089268e-01,6.3653089268e-01,6.3653089268e-01,6.3653089268e-01,6.3653089268e-01,6.3653089268e-01,6.3653089268e-01,6.3653089268e-01,6.3653089268e-01,6.3653089268e-01,6.3653089268e-01,6.3653089268e-01,6.3653089268e-01,6.3653089268e-01,6.3653089268e-01,6.3653089268e-01,6.3653089268e-01,6.3653089268e-01,6.3653089268e-01,6.3653089268e-01,6.3653089268e-01,6.3653089268e-01,6.3653015226e-01,6.3652909029e-01,6.3652792282e-01,6.3652663936e-01,6.3652522841e-01,6.3652367728e-01,6.3652197207e-01,6.3652009745e-01,6.3651803660e-01,6.3651577103e-01,6.3651328039e-01,6.3650823763e-01,6.3648988002e-01,6.3646969927e-01,6.3644751440e-01,6.3642312646e-01,6.3639631677e-01,6.3633813805e-01,6.3626496271e-01,6.3618452744e-01,6.3606115797e-01,6.3579009220e-01,6.3549223061e-01,6.3513080317e-01,6.3470555227e-01,6.3403486175e-01,6.3302811061e-01,6.3191834676e-01,6.3066143814e-01,6.2908982860e-01,6.2702679084e-01,6.2433195128e-01,6.2038584394e-01,6.1523300811e-01,6.0908305466e-01,6.0041955605e-01,5.8670673501e-01,5.6384542682e-01,5.2764756435e-01,4.7127731401e-01,3.8730003811e-01,2.5728992266e-01,1.1683955725e-01,3.7996681857e-02,1.0336457235e-02,3.1499512230e-03,1.3712479912e-03,8.8097573378e-04,6.9568157907e-04,5.9243037651e-04,5.1039420032e-04,4.3303310519e-04,3.5776442426e-04,2.8457761501e-04,2.1478393213e-04,1.5099132519e-04,9.6174528825e-05,5.2248416362e-05,2.2032805330e-05,7.4015873979e-06,1.9950282197e-06,4.0016211894e-07,5.7890096921e-08,0.0000000000e+00,0.0000000000e+00,0.0000000000e+00,0.0000000000e+00,0.0000000000e+00,0.0000000000e+00,0.0000000000e+00,0.0000000000e+00,0.0000000000e+00,0.0000000000e+00,0.0000000000e+00,0.0000000000e+00,0.0000000000e+00,0.0000000000e+00,0.0000000000e+00,0.0000000000e+00,0.0000000000e+00,0.0000000000e+00,0.0000000000e+00,0.0000000000e+00,0.0000000000e+00,0.0000000000e+00,0.0000000000e+00,0.0000000000e+00,0.0000000000e+00,0.0000000000e+00,0.0000000000e+00,0.0000000000e+00,0.0000000000e+00,0.0000000000e+00,0.0000000000e+00,0.0000000000e+00,0.0000000000e+00,0.0000000000e+00,0.0000000000e+00,0.0000000000e+00,0.0000000000e+00,0.0000000000e+00,0.0000000000e+00,0.0000000000e+00,0.0000000000e+00,0.0000000000e+00,0.0000000000e+00,0.0000000000e+00,0.0000000000e+00,0.0000000000e+00,0.0000000000e+00,0.0000000000e+00,0.0000000000e+00,0.0000000000e+00,0.0000000000e+00,0.0000000000e+00,0.0000000000e+00,0.0000000000e+00,0.0000000000e+00,0.0000000000e+00,0.0000000000e+00,0.0000000000e+00,0.0000000000e+00,0.0000000000e+00,0.0000000000e+00
4.1246263829e+01,6.3103629869e-01,6.3103629869e-01,6.3103629869e-01,6.3103629869e-01,6.3103629869e-01,6.3103629869e-01,6.3103629869e-01,6.3103629869e-01,6.3103629869e-01,6.3103629869e-01,6.3103629869e-01,6.3103629869e-01,6.3103629869e-01,6.3103629869e-01,6.3103629869e-01,6.3103629869e-01,6.3103629869e-01,6.3103629869e-01,6.3103629869e-01,6.3103629869e-01,6.3103629869e-01,6.3103629869e-01,6.3103629869e-01,6.3103629869e-01,6.3103629869e-01,6.3103629869e-01,6.3103629869e-01,6.3103629869e-01,6.3103629869e-01,6.3103629869e-01,6.3103629869e-01,6.3103629869e-01,6.3103629869e-01,6.3103629869e-01,6.3103629869e-01,6.3103629869e-01,6.3103629869e-01,6.3103629869e-01,6.3103629869e-01,6.3103629869e-01,6.3103629869e-01,6.3103629869e-01,6.3103629869e-01,6.3103629869e-01,6.3103629869e-01,6.3103629869e-01,6.3103629869e-01,6.3103629869e-01,6.3103629869e-01,6.3103629869e-01,6.3103629869e-01,6.3103629869e-01,6.3103629869e-01,6.3103629869e-01,6.3103629869e-01,6.3103629869e-01,6.3103629869e-01,6.3103629869e-01,6.3103629869e-01,6.3103629869e-01,6.3103629869e-01,6.3103629869e-01,6.3103629869e-01,6.3103629869e-01,6.3103629869e-01,6.3103629869e-01,6.3103629869e-01,6.3103629869e-01,6.3103629869e-01,6.3103629869e-01,6.3103629869e-01,6.3103629869e-01,6.3103629869e-01,6.3103629869e-01,6.3103629869e-01,6.3103629869e-01,6.3103563187e-01,6.3103467545e-01,6.3103362402e-01,6.3103246813e-01,6.3103119742e-01,6.3102980047e-01,6.3102826475e-01,6.3102657646e-01,6.3102472045e-01,6.3102268006e-01,6.3102043698e-01,6.3101587110e-01,6.3099917607e-01,6.3098082298e-01,6.3096064721e-01,6.3093846782e-01,6.3091408590e-01,6.3086104982e-01,6.3079432173e-01,6.3072097267e-01,6.3060836130e-01,6.3036062407e-01,6.3008838761e-01,6.2975505355e-01,6.2936060906e-01,6.2873664495e-01,6.2779826824e-01,6.2675253164e-01,6.2556020286e-01,6.2405863218e-01,6.2205393196e-01,6.1938106074e-01,6.1543503003e-01,6.1023998656e-01,6.0398488142e-01,5.9521151464e-01,5.8147592250e-01,5.5884160270e-01,5.2332557104e-01,4.6845528910e-01,3.8706722025e-01,2.6108102134e-01,1.2277380730e-01,4.1946647181e-02,1.2118097227e-02,3.9201217868e-03,1.7874443448e-03,1.1780080209e-03,9.4018763640e-04,8.0418730672e-04,6.9489910435e-04,5.9158882106e-04,4.9083949416e-04,3.9261881486e-04,2.9860523552e-04,2.1211977883e-04,1.3704909471e-04,7.6039437828e-05,3.3172170036e-05,1.1656270823e-05,3.3168482933e-06,7.1136647015e-07,1.1368422768e-07,0.0000000000e+00,0.0000000000e+00,0.0000000000e+00,0.0000000000e+00,0.0000000000e+00,0.0000000000e+00,0.0000000000e+00,0.0000000000e+00,0.0000000000e+00,0.0000000000e+00,0.0000000000e+00,0.0000000000e+00,0.0000000000e+00,0.0000000000e+00,0.0000000000e+00,0.0000000000e+00,0.0000000000e+00,0.0000000000e+00,0.0000000000e+00,0.0000000000e+00,0.0000000000e+00,0.0000000000e+00,0.0000000000e+00,0.0000000000e+00,0.0000000000e+00,0.0000000000e+00,0.0000000000e+00,0.0000000000e+00,0.0000000000e+00,0.0000000000e+00,0.0000000000e+00,0.0000000000e+00,0.0000000000e+00,0.0000000000e+00,0.0000000000e+00,0.0000000000e+00,0.0000000000e+00,0.0000000000e+00,0.0000000000e+00,0.0000000000e+00,0.0000000000e+00,0.0000000000e+00,0.0000000000e+00,0.0000000000e+00,0.0000000000e+00,0.0000000000e+00,0.0000000000e+00,0.0000000000e+00,0.0000000000e+00,0.0000000000e+00,0.0000000000e+00,0.0000000000e+00,0.0000000000e+00,0.0000000000e+00,0.0000000000e+00,0.0000000000e+00,0.0000000000e+00,0.0000000000e+00,0.0000000000e+00,0.0000000000e+00,0.0000000000e+00
4.3113708854e+01,6.2517306001e-01,6.2517306001e-01,6.2517306001e-01,6.2517306001e-01,6.2517306001e-01,6.2517306001e-01,6.2517306001e-01,6.2517306001e-01,6.2517306001e-01,6.2517306001e-01,6.2517306001e-01,6.2517306001e-01,6.2517306001e-01,6.2517306001e-01,6.2517306001e-01,6.2517306001e-01,6.2517306001e-01,6.2517306001e-01,6.2517306001e-01,6.2517306001e-01,6.2517306001e-01,6.2517306001e-01,6.2517306001e-01,6.2517306001e-01,6.2517306001e-01,6.2517306001e-01,6.2517306001e-01,6.2517306001e-01,6.2517306001e-01,6.2517306001e-01,6.2517306001e-01,6.2517306001e-01,6.2517306001e-01,6.2517306001e-01,6.2517306001e-01,6.2517306001e-01,6.2517306001e-01,6.2517306001e-01,6.2517306001e-01,6.2517306001e-01,6.2517306001e-01,6.2517306001e-01,6.2517306001e-01,6.2517306001e-01,6.2517306001e-01,6.2517306001e-01,6.2517306001e-01,6.2517306001e-01,6.2517306001e-01,6.2517306001e-01,6.2517306001e-01,6.2517306001e-01,6.2517306001e-01,6.2517306001e-01,6.2517306001e-01,6.2517306001e-01,6.2517306001e-01,6.2517306001e-01,6.2517306001e-01,6.2517306001e-01,6.2517306001e-01,6.2517306001e-01,6.2517306001e-01,6.2517306001e-01,6.2517306001e-01,6.2517306001e-01,6.2517306001e-01,6.2517306001e-01,6.2517306001e-01,6.2517306001e-01,6.2517306001e-01,6.2517306001e-01,6.2517306001e-01,6.2517306001e-01,6.2517306001e-01,6.2517306001e-01,6.2517246111e-01,6.2517160210e-01,6.2517065776e-01,6.2516961960e-01,6.2516847831e-01,6.2516722364e-01,6.2516584433e-01,6.2516432799e-01,6.2516266102e-01,6.2516082845e-01,6.2515881382e-01,6.2515468438e-01,6.2513949931e-01,6.2512280609e-01,6.2510445500e-01,6.2508428144e-01,6.2506210447e-01,6.2501373383e-01,6.2495285397e-01,6.2488593283e-01,6.2478308360e-01,6.2455652514e-01,6.2430755395e-01,6.2399952559e-01,6.2363266562e-01,6.2305052043e-01,6.2217332282e-01,6.2118408530e-01,6.2004811548e-01,6.1860677793e-01,6.1665044256e-01,6.1399259522e-01,6.1004229313e-01,6.0480486239e-01,5.9845003153e-01,5.8957687431e-01,5.7583435878e-01,5.5344892035e-01,5.1863585895e-01,4.6527719987e-01,3.8648223344e-01,2.6456394782e-01,1.2864601919e-01,4.6088297497e-02,1.4106982539e-02,4.8326525838e-03,2.3027645673e-03,1.5542697182e-03,1.2529011882e-03,1.0761882474e-03,9.3264008960e-04,7.9661708604e-04,6.6366310944e-04,5.3371651946e-04,4.0890114022e-04,2.9338330226e-04,1.9215679222e-04,1.0879213491e-04,4.9026589624e-05,1.7983375843e-05,5.3893100710e-06,1.2324415230e-06,2.1632230633e-07,0.0000000000e+00,0.0000000000e+00,0.0000000000e+00,0.0000000000e+00,0.0000000000e+00,0.0000000000e+00,0.0000000000e+00,0.0000000000e+00,0.0000000000e+00,0.0000000000e+00,0.0000000000e+00,0.0000000000e+00,0.0000000000e+00,0.0000000000e+00,0.0000000000e+00,0.0000000000e+00,0.0000000000e+00,0.0000000000e+00,0.0000000000e+00,0.0000000000e+00,0.0000000000e+00,0.0000000000e+00,0.0000000000e+00,0.0000000000e+00,0.0000000000e+00,0.0000000000e+00,0.0000000000e+00,0.0000000000e+00,0.0000000000e+00,0.0000000000e+00,0.0000000000e+00,0.0000000000e+00,0.0000000000e+00,0.0000000000e+00,0.0000000000e+00,0.0000000000e+00,0.0000000000e+00,0.0000000000e+00,0.0000000000e+00,0.0000000000e+00,0.0000000000e+00,0.0000000000e+00,0.0000000000e+00,0.0000000000e+00,0.0000000000e+00,0.0000000000e+00,0.0000000000e+00,0.0000000000e+00,0.0000000000e+00,0.0000000000e+00,0.0000000000e+00,0.0000000000e+00,0.0000000000e+00,0.0000000000e+00,0.0000000000e+00,0.0000000000e+00,0.0000000000e+00,0.0000000000e+00,0.0000000000e+00,0.0000000000e+00,0.0000000000e+00
4.5065703377e+01,6.1885942001e-01,6.1885942001e-01,6.1885942001e-01,6.1885942001e-01,6.1885942001e-01,6.1885942001e-01,6.1885942001e-01,6.1885942001e-01,6.1885942001e-01,6.1885942001e-01,6.1885942001e-01,6.1885942001e-01,6.1885942001e-01,6.1885942001e-01,6.1885942001e-01,6.1885942001e-01,6.1885942001e-01,6.1885942001e-01,6.1885942001e-01,6.1885942001e-01,6.1885942001e-01,6.1885942001e-01,6.1885942001e-01,6.1885942001e-01,6.1885942001e-01,6.1885942001e-01,6.1885942001e-01,6.1885942001e-01,6.1885942001e-01,6.1885942001e-01,6.1885942001e-01,6.1885942001e-01,6.1885942001e-01,6.1885942001e-01,6.1885942001e-01,6.1885942001e-01,6.1885942001e-01,6.1885942001e-01,6.1885942001e-01,6.1885942001e-01,6.1885942001e-01,6.1885942001e-01,6.1885942001e-01,6.1885942001e-01,6.1885942001e-01,6.1885942001e-01,6.1885942001e-01,6.1885942001e-01,6.1885942001e-01,6.1885942001e-01,6.1885942001e-01,6.1885942001e-01,6.1885942001e-01,6.1885942001e-01,6.1885942001e-01,6.1885942001e-01,6.1885942001e-01,6.1885942001e-01,6.1885942001e-01,6.1885942001e-01,6.1885942001e-01,6.1885942001e-01,6.1885942001e-01,6.1885942001e-01,6.1885942001e-01,6.1885942001e-01,6.1885942001e-01,6.1885942001e-01,6.1885942001e-01,6.1885942001e-01,6.1885942001e-01,6.1885942001e-01,6.1885942001e-01,6.1885942001e-01,6.1885942001e-01,6.1885942001e-01,6.1885888380e-01,6.1885811471e-01,6.1885726921e-01,6.1885633972e-01,6.1885531789e-01,6.1885419455e-01,6.1885295961e-01,6.1885160199e-01,6.1885010950e-01,6.1884846874e-01,6.1884666499e-01,6.1884293471e-01,6.1882911882e-01,6.1881393074e-01,6.1879723423e-01,6.1877887952e-01,6.1875870198e-01,6.1871455792e-01,6.1865897558e-01,6.1859787716e-01,6.1850387803e-01,6.1829653980e-01,6.1806868369e-01,6.1778343504e-01,6.1744125076e-01,6.1689651900e-01,6.1607406419e-01,6.1513466161e-01,6.1404782393e-01,6.1265817086e-01,6.1074182880e-01,6.0809384648e-01,6.0413714127e-01,5.9885979192e-01,5.9241363056e-01,5.8345423273e-01,5.6972453502e-01,5.4761404106e-01,5.1353004748e-01,4.6170006022e-01,3.8550716376e-01,2.6770049702e-01,1.3441471344e-01,5.0401410625e-02,1.6308859791e-02,5.9026137008e-03,2.9327839766e-03,2.0242018374e-03,1.6470107116e-03,1.4204248263e-03,1.2344546636e-03,1.0578103544e-03,8.8476077221e-04,7.1520665548e-04,5.5180694820e-04,3.9971511760e-04,2.6524679111e-04,1.5311526819e-04,7.1177332471e-05,2.7201861572e-05,8.5656782900e-06,2.0831640759e-06,3.9987701852e-07,0.0000000000e+00,0.0000000000e+00,0.0000000000e+00,0.0000000000e+00,0.0000000000e+00,0.0000000000e+00,0.0000000000e+00,0.0000000000e+00,0.0000000000e+00,0.0000000000e+00,0.0000000000e+00,0.0000000000e+00,0.0000000000e+00,0.0000000000e+00,0.0000000000e+00,0.0000000000e+00,0.0000000000e+00,0.0000000000e+00,0.0000000000e+00,0.0000000000e+00,0.0000000000e+00,0.0000000000e+00,0.0000000000e+00,0.0000000000e+00,0.0000000000e+00,0.0000000000e+00,0.0000000000e+00,0.0000000000e+00,0.0000000000e+00,0.0000000000e+00,0.0000000000e+00,0.0000000000e+00,0.0000000000e+00,0.0000000000e+00,0.0000000000e+00,0.0000000000e+00,0.0000000000e+00,0.0000000000e+00,0.0000000000e+00,0.0000000000e+00,0.0000000000e+00,0.0000000000e+00,0.0000000000e+00,0.0000000000e+00,0.0000000000e+00,0.0000000000e+00,0.0000000000e+00,0.0000000000e+00,0.0000000000e+00,0.0000000000e+00,0.0000000000e+00,0.0000000000e+00,0.0000000000e+00,0.0000000000e+00,0.0000000000e+00,0.0000000000e+00,0.0000000000e+00,0.0000000000e+00,0.0000000000e+00,0.0000000000e+00,0.0000000000e+00
4.7106075420e+01,6.1200985111e-01,6.1200985111e-01,6.1200985111e-01,6.1200985111e-01,6.1200985111e-01,6.1200985111e-01,6.1200985111e-01,6.1200985111e-01,6.1200985111e-01,6.1200985111e-01,6.1200985111e-01,6.1200985111e-01,6.1200985111e-01,6.1200985111e-01,6.1200985111e-01,6.1200985111e-01,6.1200985111e-01,6.1200985111e-01,6.1200985111e-01,6.1200985111e-01,6.1200985111e-01,6.1200985111e-01,6.1200985111e-01,6.1200985111e-01,6.1200985111e-01,6.1200985111e-01,6.1200985111e-01,6.1200985111e-01,6.1200985111e-01,6.1200985111e-01,6.1200985111e-01,6.1200985111e-01,6.1200985111e-01,6.1200985111e-01,6.1200985111e-01,6.1200985111e-01,6.1200985111e-01,6.1200985111e-01,6.1200985111e-01,6.1200985111e-01,6.1200985111e-01,6.1200985111e-01,6.1200985111e-01,6.1200985111e-01,6.1200985111e-01,6.1200985111e-01,6.1200985111e-01,6.1200985111e-01,6.1200985111e-01,6.1200985111e-01,6.1200985111e-01,6.1200985111e-01,6.1200985111e-01,6.1200985111e-01,6.1200985111e-01,6.1200985111e-01,6.1200985111e-01,6.1200985111e-01,6.1200985111e-01,6.1200985111e-01,6.1200985111e-01,6.1200985111e-01,6.1200985111e-01,6.1200985111e-01,6.1200985111e-01,6.1200985111e-01,6.1200985111e-01,6.1200985111e-01,6.1200985111e-01,6.1200985111e-01,6.1200985111e-01,6.1200985111e-01,6.1200985111e-01,6.1200985111e-01,6.1200985111e-01,6.1200985111e-01,6.1200937269e-01,6.1200868649e-01,6.1200793212e-01,6.1200710281e-01,6.1200619111e-01,6.1200518884e-01,6.1200408701e-01,6.1200287571e-01,6.1200154408e-01,6.1200008016e-01,6.1199847081e-01,6.1199510499e-01,6.1198252787e-01,6.1196870156e-01,6.1195350204e-01,6.1193679295e-01,6.1191842442e-01,6.1187810215e-01,6.1182730966e-01,6.1177147603e-01,6.1168549017e-01,6.1149558633e-01,6.1128688446e-01,6.1102213088e-01,6.1070200578e-01,6.1019075186e-01,6.0941731547e-01,6.0852190757e-01,6.0747793262e-01,6.0613263879e-01,6.0424948773e-01,6.0160798306e-01,5.9764493736e-01,5.9233275579e-01,5.8580660590e-01,5.7677794559e-01,5.6308461348e-01,5.4127914977e-01,5.0795502383e-01,4.5767588405e-01,3.8409896074e-01,2.7044789182e-01,1.4003419889e-01,5.4860695744e-02,1.8726025557e-02,7.1440951599e-03,3.6934015361e-03,2.6029970811e-03,2.1365756623e-03,1.8497799081e-03,1.6120623803e-03,1.3857224636e-03,1.1634873493e-03,9.4521123336e-04,7.3419048879e-04,5.3671514061e-04,3.6065414886e-04,2.1210484618e-04,1.0157347292e-04,4.0369847634e-05,1.3328340248e-05,3.4387518210e-06,7.1928739333e-07,0.0000000000e+00,0.0000000000e+00,0.0000000000e+00,0.0000000000e+00,0.0000000000e+00,0.0000000000e+00,0.0000000000e+00,0.0000000000e+00,0.0000000000e+00,0.0000000000e+00,0.0000000000e+00,0.0000000000e+00,0.0000000000e+00,0.0000000000e+00,0.0000000000e+00,0.0000000000e+00,0.0000000000e+00,0.0000000000e+00,0.0000000000e+00,0.0000000000e+00,0.0000000000e+00,0.0000000000e+00,0.0000000000e+00,0.0000000000e+00,0.0000000000e+00,0.0000000000e+00,0.0000000000e+00,0.0000000000e+00,0.0000000000e+00,0.0000000000e+00,0.0000000000e+00,0.0000000000e+00,0.0000000000e+00,0.0000000000e+00,0.0000000000e+00,0.0000000000e+00,0.0000000000e+00,0.0000000000e+00,0.0000000000e+00,0.0000000000e+00,0.0000000000e+00,0.0000000000e+00,0.0000000000e+00,0.0000000000e+00,0.0000000000e+00,0.0000000000e+00,0.0000000000e+00,0.0000000000e+00,0.0000000000e+00,0.0000000000e+00,0.0000000000e+00,0.0000000000e+00,0.0000000000e+00,0.0000000000e+00,0.0000000000e+00,0.0000000000e+00,0.0000000000e+00,0.0000000000e+00,0.0000000000e+00,0.0000000000e+00,0.0000000000e+00
4.9238826317e+01,6.0463905643e-01,6.0463905643e-01,6.0463905643e-01,6.0463905643e-01,6.0463905643e-01,6.0463905643e-01,6.0463905643e-01,6.0463905643e-01,6.0463905643e-01,6.0463905643e-01,6.0463905643e-01,6.0463905643e-01,6.0463905643e-01,6.0463905643e-01,6.0463905643e-01,6.0463905643e-01,6.0463905643e-01,6.0463905643e-01,6.0463905643e-01,6.0463905643e-01,6.0463905643e-01,6.0463905643e-01,6.0463905643e-01,6.0463905643e-01,6.0463905643e-01,6.0463905643e-01,6.0463905643e-01,6.0463905643e-01,6.0463905643e-01,6.0463905643e-01,6.0463905643e-01,6.0463905643e-01,6.0463905643e-01,6.0463905643e-01,6.0463905643e-01,6.0463905643e-01,6.0463905643e-01,6.0463905643e-01,6.0463905643e-01,6.0463905643e-01,6.0463905643e-01,6.0463905643e-01,6.0463905643e-01,6.0463905643e-01,6.0463905643e-01,6.0463905643e-01,6.0463905643e-01,6.0463905643e-01,6.0463905643e-01,6.0463905643e-01,6.0463905643e-01,6.0463905643e-01,6.0463905643e-01,6.0463905643e-01,6.0463905643e-01,6.0463905643e-01,6.0463905643e-01,6.0463905643e-01,6.0463905643e-01,6.0463905643e-01,6.0463905643e-01,6.0463905643e-01,6.0463905643e-01,6.0463905643e-01,6.0463905643e-01,6.0463905643e-01,6.0463905643e-01,6.0463905643e-01,6.0463905643e-01,6.0463905643e-01,6.0463905643e-01,6.0463905643e-01,6.0463905643e-01,6.0463905643e-01,6.0463905643e-01,6.0463905643e-01,6.0463905643e-01,6.0463888375e-01,6.0463823344e-01,6.0463751852e-01,6.0463673258e-01,6.0463586856e-01,6.0463491871e-01,6.0463387450e-01,6.0463272655e-01,6.0463146455e-01,6.0463007719e-01,6.0462855201e-01,6.0462687530e-01,6.0461197494e-01,6.0458924427e-01,6.0456425641e-01,6.0453678731e-01,6.0450659072e-01,6.0446856057e-01,6.0441432853e-01,6.0435471441e-01,6.0428918469e-01,6.0409067908e-01,6.0382531397e-01,6.0351204692e-01,6.0291992248e-01,6.0226964362e-01,6.0146887604e-01,6.0052631153e-01,5.9924207603e-01,5.9732989769e-01,5.9459183589e-01,5.9067293503e-01,5.8539921657e-01,5.7851859330e-01,5.6940340340e-01,5.5567076499e-01,5.3464811531e-01,5.0131846764e-01,4.5243204529e-01,3.8213299918e-01,2.7273604284e-01,1.4503781592e-01,5.9455517116e-02,2.1462499383e-02,8.6376649417e-03,4.6277407309e-03,3.3346704265e-03,2.7601529169e-03,2.3980466422e-03,2.0954472545e-03,1.8066978693e-03,1.5225788039e-03,1.2429182685e-03,9.7178077571e-04,7.1682266441e-04,4.8755151479e-04,2.9194138030e-04,1.4384017817e-04,5.9341561894e-05,2.0483571195e-05,5.5415388651e-06,1.0525445527e-06,1.4499975046e-07,0.0000000000e+00,0.0000000000e+00,0.0000000000e+00,0.0000000000e+00,0.0000000000e+00,0.0000000000e+00,0.0000000000e+00,0.0000000000e+00,0.0000000000e+00,0.0000000000e+00,0.0000000000e+00,0.0000000000e+00,0.0000000000e+00,0.0000000000e+00,0.0000000000e+00,0.0000000000e+00,0.0000000000e+00,0.0000000000e+00,0.0000000000e+00,0.0000000000e+00,0.0000000000e+00,0.0000000000e+00,0.0000000000e+00,0.0000000000e+00,0.0000000000e+00,0.0000000000e+00,0.0000000000e+00,0.0000000000e+00,0.0000000000e+00,0.0000000000e+00,0.0000000000e+00,0.0000000000e+00,0.0000000000e+00,0.0000000000e+00,0.0000000000e+00,0.0000000000e+00,0.0000000000e+00,0.0000000000e+00,0.0000000000e+00,0.0000000000e+00,0.0000000000e+00,0.0000000000e+00,0.0000000000e+00,0.0000000000e+00,0.0000000000e+00,0.0000000000e+00,0.0000000000e+00,0.0000000000e+00,0.0000000000e+00,0.0000000000e+00,0.0000000000e+00,0.0000000000e+00,0.0000000000e+00,0.0000000000e+00,0.0000000000e+00,0.0000000000e+00,0.0000000000e+00,0.0000000000e+00,0.0000000000e+00,0.0000000000e+00
5.1468138568e+01,5.9643629664e-01,5.9643629664e-01,5.9643629664e-01,5.9643629664e-01,5.9643629664e-01,5.9643629664e-01,5.9643629664e-01,5.9643629664e-01,5.9643629664e-01,5.9643629664e-01,5.9643629664e-01,5.9643629664e-01,5.9643629664e-01,5.9643629664e-01,5.9643629664e-01,5.9643629664e-01,5.9643629664e-01,5.9643629664e-01,5.9643629664e-01,5.9643629664e-01,5.9643629664e-01,5.9643629664e-01,5.9643629664e-01,5.9643629664e-01,5.9643629664e-01,5.9643629664e-01,5.9643629664e-01,5.9643629664e-01,5.9643629664e-01,5.9643629664e-01,5.9643629664e-01,5.9643629664e-01,5.9643629664e-01,5.9643629664e-01,5.9643629664e-01,5.9643629664e-01,5.9643629664e-01,5.9643629664e-01,5.9643629664e-01,5.9643629664e-01,5.9643629664e-01,5.9643629664e-01,5.9643629664e-01,5.9643629664e-01,5.9643629664e-01,5.9643629664e-01,5.9643629664e-01,5.9643629664e-01,5.9643629664e-01,5.9643629664e-01,5.9643629664e-01,5.9643629664e-01,5.9643629664e-01,5.9643629664e-01,5.9643629664e-01,5.9643629664e-01,5.9643629664e-01,5.9643629664e-01,5.9643629664e-01,5.9643629664e-01,5.9643629664e-01,5.9643629664e-01,5.9643629664e-01,5.9643629664e-01,5.9643629664e-01,5.9643629664e-01,5.9643629664e-01,5.9643629664e-01,5.9643629664e-01,5.9643629664e-01,5.9643629664e-01,5.9643629664e-01,5.9643629664e-01,5.9643629664e-01,5.9643629664e-01,5.9643629664e-01,5.9643629664e-01,5.9643614179e-01,5.9643555860e-01,5.9643491748e-01,5.9643421267e-01,5.9643343783e-01,5.9643258603e-01,5.9643164960e-01,5.9643062014e-01,5.9642948841e-01,5.9642824426e-01,5.9642687650e-01,5.9642537287e-01,5.9641179991e-01,5.9639108150e-01,5.9636830564e-01,5.9634326810e-01,5.9631574442e-01,5.9628093534e-01,5.9623097093e-01,5.9617604761e-01,5.9611567376e-01,5.9593146107e-01,5.9568501812e-01,5.9539335373e-01,5.9483429863e-01,5.9422030975e-01,5.9344479774e-01,5.9252917078e-01,5.9127356648e-01,5.8938758153e-01,5.8666771485e-01,5.8274849929e-01,5.7744875698e-01,5.7053635070e-01,5.6139918963e-01,5.4776687548e-01,5.2710337084e-01,4.9465003427e-01,4.4738634975e-01,3.7970536914e-01,2.7455353599e-01,1.5020106541e-01,6.4103909746e-02,2.4302326981e-02,1.0261273868e-02,5.6972532209e-03,4.1803335150e-03,3.4869617233e-03,3.0404338875e-03,2.6638776655e-03,2.3036807395e-03,1.9484661775e-03,1.5980221218e-03,1.2572685970e-03,9.3529544305e-04,6.4358098500e-04,3.9206412301e-04,1.9849992870e-04,8.4869538403e-05,3.0582798824e-05,8.7208939401e-06,1.7732427764e-06,2.6714690957e-07,0.0000000000e+00,0.0000000000e+00,0.0000000000e+00,0.0000000000e+00,0.0000000000e+00,0.0000000000e+00,0.0000000000e+00,0.0000000000e+00,0.0000000000e+00,0.0000000000e+00,0.0000000000e+00,0.0000000000e+00,0.0000000000e+00,0.0000000000e+00,0.0000000000e+00,0.0000000000e+00,0.0000000000e+00,0.0000000000e+00,0.0000000000e+00,0.0000000000e+00,0.0000000000e+00,0.0000000000e+00,0.0000000000e+00,0.0000000000e+00,0.0000000000e+00,0.0000000000e+00,0.0000000000e+00,0.0000000000e+00,0.0000000000e+00,0.0000000000e+00,0.0000000000e+00,0.0000000000e+00,0.0000000000e+00,0.0000000000e+00,0.0000000000e+00,0.0000000000e+00,0.0000000000e+00,0.0000000000e+00,0.0000000000e+00,0.0000000000e+00,0.0000000000e+00,0.0000000000e+00,0.0000000000e+00,0.0000000000e+00,0.0000000000e+00,0.0000000000e+00,0.0000000000e+00,0.0000000000e+00,0.0000000000e+00,0.0000000000e+00,0.0000000000e+00,0.0000000000e+00,0.0000000000e+00,0.0000000000e+00,0.0000000000e+00,0.0000000000e+00,0.0000000000e+00,0.0000000000e+00,0.0000000000e+00,0.0000000000e+00
5.3798384034e+01,5.8743844767e-01,5.8743844767e-01,5.8743844767e-01,5.8743844767e-01,5.8743844767e-01,5.8743844767e-01,5.8743844767e-01,5.8743844767e-01,5.8743844767e-01,5.8743844767e-01,5.8743844767e-01,5.8743844767e-01,5.8743844767e-01,5.8743844767e-01,5.8743844767e-01,5.8743844767e-01,5.8743844767e-01,5.8743844767e-01,5.8743844767e-01,5.8743844767e-01,5.8743844767e-01,5.8743844767e-01,5.8743844767e-01,5.8743844767e-01,5.8743844767e-01,5.8743844767e-01,5.8743844767e-01,5.8743844767e-01,5.8743844767e-01,5.8743844767e-01,5.8743844767e-01,5.8743844767e-01,5.8743844767e-01,5.8743844767e-01,5.8743844767e-01,5.8743844767e-01,5.8743844767e-01,5.8743844767e-01,5.8743844767e-01,5.8743844767e-01,5.8743844767e-01,5.8743844767e-01,5.8743844767e-01,5.8743844767e-01,5.8743844767e-01,5.8743844767e-01,5.8743844767e-01,5.8743844767e-01,5.8743844767e-01,5.8743844767e-01,5.8743844767e-01,5.8743844767e-01,5.8743844767e-01,5.8743844767e-01,5.8743844767e-01,5.8743844767e-01,5.8743844767e-01,5.8743844767e-01,5.8743844767e-01,5.8743844767e-01,5.8743844767e-01,5.8743844767e-01,5.8743844767e-01,5.8743844767e-01,5.8743844767e-01,5.8743844767e-01,5.8743844767e-01,5.8743844767e-01,5.8743844767e-01,5.8743844767e-01,5.8743844767e-01,5.8743844767e-01,5.8743844767e-01,5.8743844767e-01,5.8743844767e-01,5.8743844767e-01,5.8743844767e-01,5.8743830860e-01,5.8743778482e-01,5.8743720900e-01,5.8743657598e-01,5.8743588008e-01,5.8743511504e-01,5.8743427400e-01,5.8743334941e-01,5.8743233297e-01,5.8743121555e-01,5.8742998712e-01,5.8742863665e-01,5.8741625530e-01,5.8739734445e-01,5.8737655561e-01,5.8735370234e-01,5.8732857973e-01,5.8729665555e-01,5.8725049321e-01,5.8719974905e-01,5.8714396875e-01,5.8697262744e-01,5.8674324581e-01,5.8647106285e-01,5.8594185516e-01,5.8536062420e-01,5.8460757270e-01,5.8371583536e-01,5.8248541754e-01,5.8062331497e-01,5.7792220866e-01,5.7400899489e-01,5.6869669762e-01,5.6177141803e-01,5.5263864303e-01,5.3914041217e-01,5.1887619025e-01,4.8734053680e-01,4.4173315340e-01,3.7669710079e-01,2.7583352230e-01,1.5505713962e-01,6.8790272671e-02,2.7336441625e-02,1.2084761088e-02,6.9401076214e-03,5.1792637382e-03,4.3517761699e-03,3.8077331119e-03,3.3449326373e-03,2.9011500388e-03,2.4625170192e-03,2.0287851140e-03,1.6058552957e-03,1.2043907932e-03,8.3806596234e-04,5.1906712457e-04,2.6973529064e-04,1.1932876959e-04,4.4803463843e-05,1.3435357125e-05,2.9161983212e-06,4.7871348643e-07,0.0000000000e+00,0.0000000000e+00,0.0000000000e+00,0.0000000000e+00,0.0000000000e+00,0.0000000000e+00,0.0000000000e+00,0.0000000000e+00,0.0000000000e+00,0.0000000000e+00,0.0000000000e+00,0.0000000000e+00,0.0000000000e+00,0.0000000000e+00,0.0000000000e+00,0.0000000000e+00,0.0000000000e+00,0.0000000000e+00,0.0000000000e+00,0.0000000000e+00,0.0000000000e+00,0.0000000000e+00,0.0000000000e+00,0.0000000000e+00,0.0000000000e+00,0.0000000000e+00,0.0000000000e+00,0.0000000000e+00,0.0000000000e+00,0.0000000000e+00,0.0000000000e+00,0.0000000000e+00,0.0000000000e+00,0.0000000000e+00,0.0000000000e+00,0.0000000000e+00,0.0000000000e+00,0.0000000000e+00,0.0000000000e+00,0.0000000000e+00,0.0000000000e+00,0.0000000000e+00,0.0000000000e+00,0.0000000000e+00,0.0000000000e+00,0.0000000000e+00,0.0000000000e+00,0.0000000000e+00,0.0000000000e+00,0.0000000000e+00,0.0000000000e+00,0.0000000000e+00,0.0000000000e+00,0.0000000000e+00,0.0000000000e+00,0.0000000000e+00,0.0000000000e+00,0.0000000000e+00,0.0000000000e+00,0.0000000000e+00
5.6234132519e+01,5.7756983565e-01,5.7756983565e-01,5.7756983565e-01,5.7756983565e-01,5.7756983565e-01,5.7756983565e-01,5.7756983565e-01,5.7756983565e-01,5.7756983565e-01,5.7756983565e-01,5.7756983565e-01,5.7756983565e-01,5.7756983565e-01,5.7756983565e-01,5.7756983565e-01,5.7756983565e-01,5.7756983565e-01,5.7756983565e-01,5.7756983565e-01,5.7756983565e-01,5.7756983565e-01,5.7756983565e-01,5.7756983565e-01,5.7756983565e-01,5.7756983565e-01,5.7756983565e-01,5.7756983565e-01,5.7756983565e-01,5.7756983565e-01,5.7756983565e-01,5.7756983565e-01,5.7756983565e-01,5.7756983565e-01,5.7756983565e-01,5.7756983565e-01,5.7756983565e-01,5.7756983565e-01,5.7756983565e-01,5.7756983565e-01,5.7756983565e-01,5.7756983565e-01,5.7756983565e-01,5.7756983565e-01,5.7756983565e-01,5.7756983565e-01,5.7756983565e-01,5.7756983565e-01,5.7756983565e-01,5.7756983565e-01,5.7756983565e-01,5.7756983565e-01,5.7756983565e-01,5.7756983565e-01,5.7756983565e-01,5.7756983565e-01,5.7756983565e-01,5.7756983565e-01,5.7756983565e-01,5.7756983565e-01,5.7756983565e-01,5.7756983565e-01,5.7756983565e-01,5.7756983565e-01,5.7756983565e-01,5.7756983565e-01,5.7756983565e-01,5.7756983565e-01,5.7756983565e-01,5.7756983565e-01,5.7756983565e-01,5.7756983565e-01,5.7756983565e-01,5.7756983565e-01,5.7756983565e-01,5.7756983565e-01,5.7756983565e-01,5.7756983565e-01,5.7756971022e-01,5.7756923782e-01,5.7756871849e-01,5.7756814757e-01,5.7756751994e-01,5.7756682995e-01,5.7756607141e-01,5.7756523752e-01,5.7756432078e-01,5.7756331298e-01,5.7756220506e-01,5.7756098707e-01,5.7754966941e-01,5.7753237440e-01,5.7751336180e-01,5.7749246112e-01,5.7746948492e-01,5.7744013164e-01,5.7739733863e-01,5.7735029800e-01,5.7729858853e-01,5.7713883588e-01,5.7692484259e-01,5.7667024279e-01,5.7616809824e-01,5.7561657254e-01,5.7488381576e-01,5.7401366593e-01,5.7280602368e-01,5.7096685162e-01,5.6828668135e-01,5.6438758133e-01,5.5907821331e-01,5.5216138437e-01,5.4306194189e-01,5.2973414874e-01,5.0991170136e-01,4.7933741949e-01,4.3542199766e-01,3.7305915073e-01,2.7652472841e-01,1.5954779819e-01,7.3468237037e-02,3.0547100017e-02,1.4110347835e-02,8.3663049316e-03,6.3433713735e-03,5.3666420319e-03,4.7115817896e-03,4.1496799735e-03,3.6095311188e-03,3.0744294328e-03,2.5440968711e-03,2.0255474568e-03,1.5311462410e-03,1.0769764402e-03,6.7774974376e-04,3.6108508912e-04,1.6503177455e-04,6.4442977883e-05,2.0277261997e-05,4.6855845094e-06,8.3535676436e-07,0.0000000000e+00,0.0000000000e+00,0.0000000000e+00,0.0000000000e+00,0.0000000000e+00,0.0000000000e+00,0.0000000000e+00,0.0000000000e+00,0.0000000000e+00,0.0000000000e+00,0.0000000000e+00,0.0000000000e+00,0.0000000000e+00,0.0000000000e+00,0.0000000000e+00,0.0000000000e+00,0.0000000000e+00,0.0000000000e+00,0.0000000000e+00,0.0000000000e+00,0.0000000000e+00,0.0000000000e+00,0.0000000000e+00,0.0000000000e+00,0.0000000000e+00,0.0000000000e+00,0.0000000000e+00,0.0000000000e+00,0.0000000000e+00,0.0000000000e+00,0.0000000000e+00,0.0000000000e+00,0.0000000000e+00,0.0000000000e+00,0.0000000000e+00,0.0000000000e+00,0.0000000000e+00,0.0000000000e+00,0.0000000000e+00,0.0000000000e+00,0.0000000000e+00,0.0000000000e+00,0.0000000000e+00,0.0000000000e+00,0.0000000000e+00,0.0000000000e+00,0.0000000000e+00,0.0000000000e+00,0.0000000000e+00,0.0000000000e+00,0.0000000000e+00,0.0000000000e+00,0.0000000000e+00,0.0000000000e+00,0.0000000000e+00,0.0000000000e+00,0.0000000000e+00,0.0000000000e+00,0.0000000000e+00,0.0000000000e+00
5.8780160723e+01,5.6674305904e-01,5.6674305904e-01,5.6674305904e-01,5.6674305904e-01,5.6674305904e-01,5.6674305904e-01,5.6674305904e-01,5.6674305904e-01,5.6674305904e-01,5.6674305904e-01,5.6674305904e-01,5.6674305904e-01,5.6674305904e-01,5.6674305904e-01,5.6674305904e-01,5.6674305904e-01,5.6674305904e-01,5.6674305904e-01,5.6674305904e-01,5.6674305904e-01,5.6674305904e-01,5.6674305904e-01,5.6674305904e-01,5.6674305904e-01,5.6674305904e-01,5.6674305904e-01,5.6674305904e-01,5.6674305904e-01,5.6674305904e-01,5.6674305904e-01,5.6674305904e-01,5.6674305904e-01,5.6674305904e-01,5.6674305904e-01,5.6674305904e-01,5.6674305904e-01,5.6674305904e-01,5.6674305904e-01,5.6674305904e-01,5.6674305904e-01,5.6674305904e-01,5.6674305904e-01,5.6674305904e-01,5.6674305904e-01,5.6674305904e-01,5.6674305904e-01,5.6674305904e-01,5.6674305904e-01,5.6674305904e-01,5.6674305904e-01,5.6674305904e-01,5.6674305904e-01,5.6674305904e-01,5.6674305904e-01,5.6674305904e-01,5.6674305904e-01,5.6674305904e-01,5.6674305904e-01,5.6674305904e-01,5.6674305904e-01,5.6674305904e-01,5.6674305904e-01,5.6674305904e-01,5.6674305904e-01,5.6674305904e-01,5.6674305904e-01,5.6674305904e-01,5.6674305904e-01,5.6674305904e-01,5.6674305904e-01,5.6674305904e-01,5.6674305904e-01,5.6674305904e-01,5.6674305904e-01,5.6674305904e-01,5.6674305904e-01,5.6674305904e-01,5.6674305904e-01,5.6674305904e-01,5.6674262934e-01,5.6674204897e-01,5.6674141095e-01,5.6674070955e-01,5.6673993846e-01,5.6673909078e-01,5.6673815888e-01,5.6673713440e-01,5.6673600815e-01,5.6673477001e-01,5.6673340887e-01,5.6672829057e-01,5.6670815494e-01,5.6668601975e-01,5.6666168654e-01,5.6663493714e-01,5.6660553177e-01,5.6650689720e-01,5.6638262327e-01,5.6624603477e-01,5.6606346023e-01,5.6576684279e-01,5.6544093715e-01,5.6492726982e-01,5.6425820194e-01,5.6333587970e-01,5.6211897337e-01,5.6023529723e-01,5.5766451101e-01,5.5374520155e-01,5.4835420990e-01,5.4159706364e-01,5.3267015719e-01,5.1960688511e-01,5.0029592159e-01,4.7053266398e-01,4.2854483883e-01,3.6785855958e-01,2.7625121712e-01,1.6373995040e-01,7.8060802823e-02,3.3916534342e-02,1.6378990913e-02,1.0033071215e-02,7.7130275457e-03,6.5681230850e-03,5.7860816665e-03,5.1089009454e-03,4.4563684216e-03,3.8086397381e-03,3.1653916356e-03,2.5344149344e-03,1.9302269401e-03,1.3719187586e-03,8.7662544928e-04,4.7835722043e-04,2.2558349264e-04,9.1454266887e-05,3.0128386285e-05,7.3815073954e-06,1.3724901061e-06,2.1595467484e-07,2.9858703760e-08,0.0000000000e+00,0.0000000000e+00,0.0000000000e+00,0.0000000000e+00,0.0000000000e+00,0.0000000000e+00,0.0000000000e+00,0.0000000000e+00,0.0000000000e+00,0.0000000000e+00,0.0000000000e+00,0.0000000000e+00,0.0000000000e+00,0.0000000000e+00,0.0000000000e+00,0.0000000000e+00,0.0000000000e+00,0.0000000000e+00,0.0000000000e+00,0.0000000000e+00,0.0000000000e+00,0.0000000000e+00,0.0000000000e+00,0.0000000000e+00,0.0000000000e+00,0.0000000000e+00,0.0000000000e+00,0.0000000000e+00,0.0000000000e+00,0.0000000000e+00,0.0000000000e+00,0.0000000000e+00,0.0000000000e+00,0.0000000000e+00,0.0000000000e+00,0.0000000000e+00,0.0000000000e+00,0.0000000000e+00,0.0000000000e+00,0.0000000000e+00,0.0000000000e+00,0.0000000000e+00,0.0000000000e+00,0.0000000000e+00,0.0000000000e+00,0.0000000000e+00,0.0000000000e+00,0.0000000000e+00,0.0000000000e+00,0.0000000000e+00,0.0000000000e+00,0.0000000000e+00,0.0000000000e+00,0.0000000000e+00,0.0000000000e+00,0.0000000000e+00,0.0000000000e+00,0.0000000000e+00
6.1441461614e+01,5.5492572390e-01,5.5492572390e-01,5.5492572390e-01,5.5492572390e-01,5.5492572390e-01,5.5492572390e-01,5.5492572390e-01,5.5492572390e-01,5.5492572390e-01,5.5492572390e-01,5.5492572390e-01,5.5492572390e-01,5.5492572390e-01,5.5492572390e-01,5.5492572390e-01,5.5492572390e-01,5.5492572390e-01,5.5492572390e-01,5.5492572390e-01,5.5492572390e-01,5.5492572390e-01,5.5492572390e-01,5.5492572390e-01,5.5492572390e-01,5.5492572390e-01,5.5492572390e-01,5.5492572390e-01,5.5492572390e-01,5.5492572390e-01,5.5492572390e-01,5.5492572390e-01,5.5492572390e-01,5.5492572390e-01,5.5492572390e-01,5.5492572390e-01,5.5492572390e-01,5.5492572390e-01,5.5492572390e-01,5.5492572390e-01,5.5492572390e-01,5.5492572390e-01,5.5492572390e-01,5.5492572390e-01,5.5492572390e-01,5.5492572390e-01,5.5492572390e-01,5.5492572390e-01,5.5492572390e-01,5.5492572390e-01,5.5492572390e-01,5.5492572390e-01,5.5492572390e-01,5.5492572390e-01,5.5492572390e-01,5.5492572390e-01,5.5492572390e-01,5.5492572390e-01,5.5492572390e-01,5.5492572390e-01,5.5492572390e-01,5.5492572390e-01,5.5492572390e-01,5.5492572390e-01,5.5492572390e-01,5.5492572390e-01,5.5492572390e-01,5.5492572390e-01,5.5492572390e-01,5.5492572390e-01,5.5492572390e-01,5.5492572390e-01,5.5492572390e-01,5.5492572390e-01,5.5492572390e-01,5.5492572390e-01,5.5492572390e-01,5.5492572390e-01,5.5492572390e-01,5.5492572390e-01,5.5492531570e-01,5.5492476437e-01,5.5492415828e-01,5.5492349198e-01,5.5492275948e-01,5.5492195421e-01,5.5492106894e-01,5.5492009573e-01,5.5491902583e-01,5.5491784965e-01,5.5491655663e-01,5.5491179266e-01,5.5489316599e-01,5.5487268957e-01,5.5485017979e-01,5.5482543483e-01,5.5479823283e-01,5.5470722303e-01,5.5459257296e-01,5.5446656029e-01,5.5429576870e-01,5.5401257362e-01,5.5370141139e-01,5.5320442148e-01,5.5255398986e-01,5.5165502765e-01,5.5046691598e-01,5.4861067762e-01,5.4606969130e-01,5.4218820157e-01,5.3683940252e-01,5.3012924633e-01,5.2129151523e-01,5.0847700672e-01,4.8969735107e-01,4.6099854218e-01,4.2076391766e-01,3.6288765346e-01,2.7565451634e-01,1.6733307528e-01,8.2568392972e-02,3.7399661645e-02,1.8794277440e-02,1.1842967323e-02,9.2323004175e-03,7.9103468947e-03,6.9906373012e-03,6.1881601045e-03,5.4129343491e-03,4.6416120192e-03,3.8738493176e-03,3.1187275031e-03,2.3927260489e-03,1.7177769863e-03,1.1139647207e-03,6.2193495879e-04,3.0215025936e-04,1.2696305400e-04,4.3706121261e-05,1.1337317510e-05,2.2635319187e-06,3.8567175275e-07,6.1515271933e-08,0.0000000000e+00,0.0000000000e+00,0.0000000000e+00,0.0000000000e+00,0.0000000000e+00,0.0000000000e+00,0.0000000000e+00,0.0000000000e+00,0.0000000000e+00,0.0000000000e+00,0.0000000000e+00,0.0000000000e+00,0.0000000000e+00,0.0000000000e+00,0.0000000000e+00,0.0000000000e+00,0.0000000000e+00,0.0000000000e+00,0.0000000000e+00,0.0000000000e+00,0.0000000000e+00,0.0000000000e+00,0.0000000000e+00,0.0000000000e+00,0.0000000000e+00,0.0000000000e+00,0.0000000000e+00,0.0000000000e+00,0.0000000000e+00,0.0000000000e+00,0.0000000000e+00,0.0000000000e+00,0.0000000000e+00,0.0000000000e+00,0.0000000000e+00,0.0000000000e+00,0.0000000000e+00,0.0000000000e+00,0.0000000000e+00,0.0000000000e+00,0.0000000000e+00,0.0000000000e+00,0.0000000000e+00,0.0000000000e+00,0.0000000000e+00,0.0000000000e+00,0.0000000000e+00,0.0000000000e+00,0.0000000000e+00,0.0000000000e+00,0.0000000000e+00,0.0000000000e+00,0.0000000000e+00,0.0000000000e+00,0.0000000000e+00,0.0000000000e+00,0.0000000000e+00,0.0000000000e+00
6.4223254222e+01,5.4209925325e-01,5.4209925325e-01,5.4209925325e-01,5.4209925325e-01,5.4209925325e-01,5.4209925325e-01,5.4209925325e-01,5.4209925325e-01,5.4209925325e-01,5.4209925325e-01,5.4209925325e-01,5.4209925325e-01,5.4209925325e-01,5.4209925325e-01,5.4209925325e-01,5.4209925325e-01,5.4209925325e-01,5.4209925325e-01,5.4209925325e-01,5.4209925325e-01,5.4209925325e-01,5.4209925325e-01,5.4209925325e-01,5.4209925325e-01,5.4209925325e-01,5.4209925325e-01,5.4209925325e-01,5.4209925325e-01,5.4209925325e-01,5.4209925325e-01,5.4209925325e-01,5.4209925325e-01,5.4209925325e-01,5.4209925325e-01,5.4209925325e-01,5.4209925325e-01,5.4209925325e-01,5.4209925325e-01,5.4209925325e-01,5.4209925325e-01,5.4209925325e-01,5.4209925325e-01,5.4209925325e-01,5.4209925325e-01,5.4209925325e-01,5.4209925325e-01,5.4209925325e-01,5.4209925325e-01,5.4209925325e-01,5.4209925325e-01,5.4209925325e-01,5.4209925325e-01,5.4209925325e-01,5.4209925325e-01,5.4209925325e-01,5.4209925325e-01,5.4209925325e-01,5.4209925325e-01,5.4209925325e-01,5.4209925325e-01,5.4209925325e-01,5.4209925325e-01,5.4209925325e-01,5.4209925325e-01,5.4209925325e-01,5.4209925325e-01,5.4209925325e-01,5.4209925325e-01,5.4209925325e-01,5.4209925325e-01,5.4209925325e-01,5.4209925325e-01,5.4209925325e-01,5.4209925325e-01,5.4209925325e-01,5.4209925325e-01,5.4209925325e-01,5.4209925325e-01,5.4209925325e-01,5.4209885726e-01,5.4209832244e-01,5.4209773448e-01,5.4209708811e-01,5.4209637752e-01,5.4209559635e-01,5.4209473757e-01,5.4209379348e-01,5.4209275559e-01,5.4209161460e-01,5.4209036026e-01,5.4208588703e-01,5.4206857423e-01,5.4204954211e-01,5.4202862002e-01,5.4200562035e-01,5.4198033690e-01,5.4189617360e-01,5.4179018103e-01,5.4167368253e-01,5.4151355012e-01,5.4124266916e-01,5.4094503380e-01,5.4046376902e-01,5.3983118831e-01,5.3895487354e-01,5.3779494023e-01,5.3596856511e-01,5.3346284191e-01,5.2963115930e-01,5.2434432260e-01,5.1770781909e-01,5.0899339189e-01,4.9646735091e-01,4.7826313890e-01,4.5067206049e-01,4.1222392778e-01,3.5717498533e-01,2.7433580464e-01,1.7038925827e-01,8.6907287039e-02,4.0970512324e-02,2.1385597003e-02,1.3840474290e-02,1.0931393131e-02,9.4208637802e-03,8.3512992167e-03,7.4112251564e-03,6.5007552085e-03,5.5927176172e-03,4.6867561409e-03,3.7933603783e-03,2.9310459825e-03,2.1247255437e-03,1.3976272086e-03,7.9759215359e-04,3.9866395277e-04,1.7335076679e-04,6.2237220481e-05,1.7051673544e-05,3.6442987139e-06,6.7005706886e-07,1.2011931615e-07,0.0000000000e+00,0.0000000000e+00,0.0000000000e+00,0.0000000000e+00,0.0000000000e+00,0.0000000000e+00,0.0000000000e+00,0.0000000000e+00,0.0000000000e+00,0.0000000000e+00,0.0000000000e+00,0.0000000000e+00,0.0000000000e+00,0.0000000000e+00,0.0000000000e+00,0.0000000000e+00,0.0000000000e+00,0.0000000000e+00,0.0000000000e+00,0.0000000000e+00,0.0000000000e+00,0.0000000000e+00,0.0000000000e+00,0.0000000000e+00,0.0000000000e+00,0.0000000000e+00,0.0000000000e+00,0.0000000000e+00,0.0000000000e+00,0.0000000000e+00,0.0000000000e+00,0.0000000000e+00,0.0000000000e+00,0.0000000000e+00,0.0000000000e+00,0.0000000000e+00,0.0000000000e+00,0.0000000000e+00,0.0000000000e+00,0.0000000000e+00,0.0000000000e+00,0.0000000000e+00,0.0000000000e+00,0.0000000000e+00,0.0000000000e+00,0.0000000000e+00,0.0000000000e+00,0.0000000000e+00,0.0000000000e+00,0.0000000000e+00,0.0000000000e+00,0.0000000000e+00,0.0000000000e+00,0.0000000000e+00,0.0000000000e+00,0.0000000000e+00,0.0000000000e+00,0.0000000000e+00
6.7130993868e+01,5.2825822293e-01,5.2825822293e-01,5.2825822293e-01,5.2825822293e-01,5.2825822293e-01,5.2825822293e-01,5.2825822293e-01,5.2825822293e-01,5.2825822293e-01,5.2825822293e-01,5.2825822293e-01,5.2825822293e-01,5.2825822293e-01,5.2825822293e-01,5.2825822293e-01,5.2825822293e-01,5.2825822293e-01,5.2825822293e-01,5.2825822293e-01,5.2825822293e-01,5.2825822293e-01,5.2825822293e-01,5.2825822293e-01,5.2825822293e-01,5.2825822293e-01,5.2825822293e-01,5.2825822293e-01,5.2825822293e-01,5.2825822293e-01,5.2825822293e-01,5.2825822293e-01,5.2825822293e-01,5.2825822293e-01,5.2825822293e-01,5.2825822293e-01,5.2825822293e-01,5.2825822293e-01,5.2825822293e-01,5.2825822293e-01,5.2825822293e-01,5.2825822293e-01,5.2825822293e-01,5.2825822293e-01,5.2825822293e-01,5.2825822293e-01,5.2825822293e-01,5.2825822293e-01,5.2825822293e-01,5.2825822293e-01,5.2825822293e-01,5.2825822293e-01,5.2825822293e-01,5.2825822293e-01,5.2825822293e-01,5.2825822293e-01,5.2825822293e-01,5.2825822293e-01,5.2825822293e-01,5.2825822293e-01,5.2825822293e-01,5.2825822293e-01,5.2825822293e-01,5.2825822293e-01,5.2825822293e-01,5.2825822293e-01,5.2825822293e-01,5.2825822293e-01,5.2825822293e-01,5.2825822293e-01,5.2825822293e-01,5.2825822293e-01,5.2825822293e-01,5.2825822293e-01,5.2825822293e-01,5.2825822293e-01,5.2825822293e-01,5.2825822293e-01,5.2825822293e-01,5.2825822293e-01,5.2825782939e-01,5.2825729786e-01,5.2825671353e-01,5.2825607115e-01,5.2825536495e-01,5.2825458860e-01,5.2825373512e-01,5.2825279686e-01,5.2825176538e-01,5.2825063144e-01,5.2824938484e-01,5.2824513989e-01,5.2822895840e-01,5.2821116992e-01,5.2819161494e-01,5.2817011810e-01,5.2814648665e-01,5.2806845649e-01,5.2797023706e-01,5.2786228108e-01,5.2771180417e-01,5.2745232368e-01,5.2716721225e-01,5.2670103472e-01,5.2608591834e-01,5.2523208694e-01,5.2410043775e-01,5.2230719308e-01,5.1984308477e-01,5.1607397010e-01,5.1086948804e-01,5.0433382371e-01,4.9577707946e-01,4.8357887700e-01,4.6599282490e-01,4.3954990476e-01,4.0291729400e-01,3.5070659674e-01,2.7226899160e-01,1.7286087519e-01,9.1021176218e-02,4.4588806692e-02,2.4132317689e-02,1.6016248176e-02,1.2805699155e-02,1.1097347968e-02,9.8671450894e-03,8.7782702564e-03,7.7209691466e-03,6.6639545638e-03,5.6068635266e-03,4.5617007986e-03,3.5490624474e-03,2.5969381925e-03,1.7318492552e-03,1.0092896229e-03,5.1837269942e-04,2.3289724376e-04,8.7046953585e-05,2.5131320301e-05,5.7326144713e-06,1.1337912737e-06,2.2522534895e-07,0.0000000000e+00,0.0000000000e+00,0.0000000000e+00,0.0000000000e+00,0.0000000000e+00,0.0000000000e+00,0.0000000000e+00,0.0000000000e+00,0.0000000000e+00,0.0000000000e+00,0.0000000000e+00,0.0000000000e+00,0.0000000000e+00,0.0000000000e+00,0.0000000000e+00,0.0000000000e+00,0.0000000000e+00,0.0000000000e+00,0.0000000000e+00,0.0000000000e+00,0.0000000000e+00,0.0000000000e+00,0.0000000000e+00,0.0000000000e+00,0.0000000000e+00,0.0000000000e+00,0.0000000000e+00,0.0000000000e+00,0.0000000000e+00,0.0000000000e+00,0.0000000000e+00,0.0000000000e+00,0.0000000000e+00,0.0000000000e+00,0.0000000000e+00,0.0000000000e+00,0.0000000000e+00,0.0000000000e+00,0.0000000000e+00,0.0000000000e+00,0.0000000000e+00,0.0000000000e+00,0.0000000000e+00,0.0000000000e+00,0.0000000000e+00,0.0000000000e+00,0.0000000000e+00,0.0000000000e+00,0.0000000000e+00,0.0000000000e+00,0.0000000000e+00,0.0000000000e+00,0.0000000000e+00,0.0000000000e+00,0.0000000000e+00,0.0000000000e+00,0.0000000000e+00,0.0000000000e+00
7.0170382867e+01,5.1342340570e-01,5.1342340570e-01,5.1342340570e-01,5.1342340570e-01,5.1342340570e-01,5.1342340570e-01,5.1342340570e-01,5.1342340570e-01,5.1342340570e-01,5.1342340570e-01,5.1342340570e-01,5.1342340570e-01,5.1342340570e-01,5.1342340570e-01,5.1342340570e-01,5.1342340570e-01,5.1342340570e-01,5.1342340570e-01,5.1342340570e-01,5.1342340570e-01,5.1342340570e-01,5.1342340570e-01,5.1342340570e-01,5.1342340570e-01,5.1342340570e-01,5.1342340570e-01,5.1342340570e-01,5.1342340570e-01,5.1342340570e-01,5.1342340570e-01,5.1342340570e-01,5.1342340570e-01,5.1342340570e-01,5.1342340570e-01,5.1342340570e-01,5.1342340570e-01,5.1342340570e-01,5.1342340570e-01,5.1342340570e-01,5.1342340570e-01,5.1342340570e-01,5.1342340570e-01,5.1342340570e-01,5.1342340570e-01,5.1342340570e-01,5.1342340570e-01,5.1342340570e-01,5.1342340570e-01,5.1342340570e-01,5.1342340570e-01,5.1342340570e-01,5.1342340570e-01,5.1342340570e-01,5.1342340570e-01,5.1342340570e-01,5.1342340570e-01,5.1342340570e-01,5.1342340570e-01,5.1342340570e-01,5.1342340570e-01,5.1342340570e-01,5.1342340570e-01,5.1342340570e-01,5.1342340570e-01,5.1342340570e-01,5.1342340570e-01,5.1342340570e-01,5.1342340570e-01,5.1342340570e-01,5.1342340570e-01,5.1342340570e-01,5.1342340570e-01,5.1342340570e-01,5.1342340570e-01,5.1342340570e-01,5.1342340570e-01,5.1342340570e-01,5.1342340570e-01,5.1342340570e-01,5.1342300445e-01,5.1342246251e-01,5.1342186673e-01,5.1342121176e-01,5.1342049172e-01,5.1341970016e-01,5.1341882995e-01,5.1341787330e-01,5.1341682161e-01,5.1341566544e-01,5.1341439442e-01,5.1341031668e-01,5.1339509645e-01,5.1337836469e-01,5.1335997133e-01,5.1333975144e-01,5.1331752371e-01,5.1324497417e-01,5.1315372010e-01,5.1305341909e-01,5.1291170387e-01,5.1266288282e-01,5.1238948185e-01,5.1193802275e-01,5.1134032050e-01,5.1050926697e-01,5.0940660767e-01,5.0765040828e-01,5.0523489534e-01,5.0154150929e-01,4.9643989013e-01,4.9003214617e-01,4.8166694007e-01,4.6983465098e-01,4.5290687960e-01,4.2764818800e-01,3.9285406847e-01,3.4348393397e-01,2.6944054476e-01,1.7470858456e-01,9.4855387681e-02,4.8210342446e-02,2.7007806357e-02,1.8354870282e-02,1.4844961315e-02,1.2932321069e-02,1.1532596205e-02,1.0285299547e-02,9.0710289587e-03,7.8541292647e-03,6.6342315360e-03,5.4249457085e-03,4.2489587394e-03,3.1373841708e-03,2.1201319244e-03,1.2606764814e-03,6.6452022859e-04,3.0803766356e-04,1.1964654730e-04,3.6320106176e-05,8.8176733368e-06,1.8703998514e-06,4.0810928187e-07,0.0000000000e+00,0.0000000000e+00,0.0000000000e+00,0.0000000000e+00,0.0000000000e+00,0.0000000000e+00,0.0000000000e+00,0.0000000000e+00,0.0000000000e+00,0.0000000000e+00,0.0000000000e+00,0.0000000000e+00,0.0000000000e+00,0.0000000000e+00,0.0000000000e+00,0.0000000000e+00,0.0000000000e+00,0.0000000000e+00,0.0000000000e+00,0.0000000000e+00,0.0000000000e+00,0.0000000000e+00,0.0000000000e+00,0.0000000000e+00,0.0000000000e+00,0.0000000000e+00,0.0000000000e+00,0.0000000000e+00,0.0000000000e+00,0.0000000000e+00,0.0000000000e+00,0.0000000000e+00,0.0000000000e+00,0.0000000000e+00,0.0000000000e+00,0.0000000000e+00,0.0000000000e+00,0.0000000000e+00,0.0000000000e+00,0.0000000000e+00,0.0000000000e+00,0.0000000000e+00,0.0000000000e+00,0.0000000000e+00,0.0000000000e+00,0.0000000000e+00,0.0000000000e+00,0.0000000000e+00,0.0000000000e+00,0.0000000000e+00,0.0000000000e+00,0.0000000000e+00,0.0000000000e+00,0.0000000000e+00,0.0000000000e+00,0.0000000000e+00,0.0000000000e+00,0.0000000000e+00
7.3347381708e+01,4.9803108680e-01,4.9803108680e-01,4.9803108680e-01,4.9803108680e-01,4.9803108680e-01,4.9803108680e-01,4.9803108680e-01,4.9803108680e-01,4.9803108680e-01,4.9803108680e-01,4.9803108680e-01,4.9803108680e-01,4.9803108680e-01,4.9803108680e-01,4.9803108680e-01,4.9803108680e-01,4.9803108680e-01,4.9803108680e-01,4.9803108680e-01,4.9803108680e-01,4.9803108680e-01,4.9803108680e-01,4.9803108680e-01,4.9803108680e-01,4.9803108680e-01,4.9803108680e-01,4.9803108680e-01,4.9803108680e-01,4.9803108680e-01,4.9803108680e-01,4.9803108680e-01,4.9803108680e-01,4.9803108680e-01,4.9803108680e-01,4.9803108680e-01,4.9803108680e-01,4.9803108680e-01,4.9803108680e-01,4.9803108680e-01,4.9803108680e-01,4.9803108680e-01,4.9803108680e-01,4.9803108680e-01,4.9803108680e-01,4.9803108680e-01,4.9803108680e-01,4.9803108680e-01,4.9803108680e-01,4.9803108680e-01,4.9803108680e-01,4.9803108680e-01,4.9803108680e-01,4.9803108680e-01,4.9803108680e-01,4.9803108680e-01,4.9803108680e-01,4.9803108680e-01,4.9803108680e-01,4.9803108680e-01,4.9803108680e-01,4.9803108680e-01,4.9803108680e-01,4.9803108680e-01,4.9803108680e-01,4.9803108680e-01,4.9803108680e-01,4.9803108680e-01,4.9803108680e-01,4.9803108680e-01,4.9803108680e-01,4.9803108680e-01,4.9803108680e-01,4.9803108680e-01,4.9803108680e-01,4.9803108680e-01,4.9803108680e-01,4.9803108680e-01,4.9803108680e-01,4.9803108680e-01,4.9803108680e-01,4.9803084553e-01,4.9803006901e-01,4.9802921534e-01,4.9802827687e-01,4.9802724517e-01,4.9802611098e-01,4.9802486411e-01,4.9802349338e-01,4.9802198647e-01,4.9802032987e-01,4.9801850869e-01,4.9801650660e-01,4.9800110864e-01,4.9797911329e-01,4.9795493392e-01,4.9792835379e-01,4.9789913470e-01,4.9783581455e-01,4.9770231116e-01,4.9755558615e-01,4.9739433461e-01,4.9700249316e-01,4.9651092643e-01,4.9593015591e-01,4.9501239223e-01,4.9399584096e-01,4.9217720362e-01,4.8982618163e-01,4.8613300033e-01,4.8113519711e-01,4.7483396577e-01,4.6666484529e-01,4.5520492450e-01,4.3854461931e-01,4.1470896629e-01,3.8162525216e-01,3.3592082253e-01,2.6496859433e-01,1.7518736310e-01,9.8317446841e-02,5.1921141394e-02,3.0080138544e-02,2.0865968715e-02,1.7082503769e-02,1.4955480843e-02,1.3374031030e-02,1.1957539128e-02,1.0574136332e-02,9.1845364486e-03,7.7878004109e-03,6.3995743049e-03,5.0451340690e-03,3.7578735979e-03,2.5720587442e-03,1.5591619760e-03,8.4254121905e-04,4.0243333263e-04,1.6220888799e-04,5.1677632620e-05,1.3311815059e-05,2.9885308972e-06,5.6685316754e-07,9.2065378501e-08,0.0000000000e+00,0.0000000000e+00,0.0000000000e+00,0.0000000000e+00,0.0000000000e+00,0.0000000000e+00,0.0000000000e+00,0.0000000000e+00,0.0000000000e+00,0.0000000000e+00,0.0000000000e+00,0.0000000000e+00,0.0000000000e+00,0.0000000000e+00,0.0000000000e+00,0.0000000000e+00,0.0000000000e+00,0.0000000000e+00,0.0000000000e+00,0.0000000000e+00,0.0000000000e+00,0.0000000000e+00,0.0000000000e+00,0.0000000000e+00,0.0000000000e+00,0.0000000000e+00,0.0000000000e+00,0.0000000000e+00,0.0000000000e+00,0.0000000000e+00,0.0000000000e+00,0.0000000000e+00,0.0000000000e+00,0.0000000000e+00,0.0000000000e+00,0.0000000000e+00,0.0000000000e+00,0.0000000000e+00,0.0000000000e+00,0.0000000000e+00,0.0000000000e+00,0.0000000000e+00,0.0000000000e+00,0.0000000000e+00,0.0000000000e+00,0.0000000000e+00,0.0000000000e+00,0.0000000000e+00,0.0000000000e+00,0.0000000000e+00,0.0000000000e+00,0.0000000000e+00,0.0000000000e+00,0.0000000000e+00,0.0000000000e+00,0.0000000000e+00,0.0000000000e+00
7.6668220745e+01,4.8133613393e-01,4.8133613393e-01,4.8133613393e-01,4.8133613393e-01,4.8133613393e-01,4.8133613393e-01,4.8133613393e-01,4.8133613393e-01,4.8133613393e-01,4.8133613393e-01,4.8133613393e-01,4.8133613393e-01,4.8133613393e-01,4.8133613393e-01,4.8133613393e-01,4.8133613393e-01,4.8133613393e-01,4.8133613393e-01,4.8133613393e-01,4.8133613393e-01,4.8133613393e-01,4.8133613393e-01,4.8133613393e-01,4.8133613393e-01,4.8133613393e-01,4.8133613393e-01,4.8133613393e-01,4.8133613393e-01,4.8133613393e-01,4.8133613393e-01,4.8133613393e-01,4.8133613393e-01,4.8133613393e-01,4.8133613393e-01,4.8133613393e-01,4.8133613393e-01,4.8133613393e-01,4.8133613393e-01,4.8133613393e-01,4.8133613393e-01,4.8133613393e-01,4.8133613393e-01,4.8133613393e-01,4.8133613393e-01,4.8133613393e-01,4.8133613393e-01,4.8133613393e-01,4.8133613393e-01,4.8133613393e-01,4.8133613393e-01,4.8133613393e-01,4.8133613393e-01,4.8133613393e-01,4.8133613393e-01,4.8133613393e-01,4.8133613393e-01,4.8133613393e-01,4.8133613393e-01,4.8133613393e-01,4.8133613393e-01,4.8133613393e-01,4.8133613393e-01,4.8133613393e-01,4.8133613393e-01,4.8133613393e-01,4.8133613393e-01,4.8133613393e-01,4.8133613393e-01,4.8133613393e-01,4.8133613393e-01,4.8133613393e-01,4.8133613393e-01,4.8133613393e-01,4.8133613393e-01,4.8133613393e-01,4.8133613393e-01,4.8133613393e-01,4.8133613393e-01,4.8133613393e-01,4.8133613393e-01,4.8133587309e-01,4.8133503357e-01,4.8133411065e-01,4.8133309605e-01,4.8133198066e-01,4.8133075445e-01,4.8132940644e-01,4.8132792451e-01,4.8132629536e-01,4.8132450437e-01,4.8132253546e-01,4.8132037096e-01,4.8130559228e-01,4.8128458409e-01,4.8126148989e-01,4.8123610268e-01,4.8120819491e-01,4.8114812095e-01,4.8102188157e-01,4.8088313911e-01,4.8073065942e-01,4.8035640945e-01,4.7988642707e-01,4.7932995995e-01,4.7844301447e-01,4.7746042066e-01,4.7568960112e-01,4.7340258117e-01,4.6981566511e-01,4.6496322137e-01,4.5884888354e-01,4.5094187552e-01,4.3992008995e-01,4.2402012017e-01,4.0141157498e-01,3.7019732114e-01,3.2723193413e-01,2.6069477103e-01,1.7574466614e-01,1.0144018972e-01,5.5400908171e-02,3.3108535966e-02,2.3455880460e-02,1.9395654216e-02,1.7061646998e-02,1.5300541391e-02,1.3713252237e-02,1.2158995911e-02,1.0593899036e-02,9.0169391940e-03,7.4454919630e-03,5.9068519212e-03,4.4373593357e-03,3.0747638731e-03,1.8986411288e-03,1.0506224850e-03,5.1636773094e-04,2.1560344736e-04,7.1924331581e-05,1.9611239507e-05,4.6857548043e-06,9.5283071428e-07,1.6682288130e-07,0.0000000000e+00,0.0000000000e+00,0.0000000000e+00,0.0000000000e+00,0.0000000000e+00,0.0000000000e+00,0.0000000000e+00,0.0000000000e+00,0.0000000000e+00,0.0000000000e+00,0.0000000000e+00,0.0000000000e+00,0.0000000000e+00,0.0000000000e+00,0.0000000000e+00,0.0000000000e+00,0.0000000000e+00,0.0000000000e+00,0.0000000000e+00,0.0000000000e+00,0.0000000000e+00,0.0000000000e+00,0.0000000000e+00,0.0000000000e+00,0.0000000000e+00,0.0000000000e+00,0.0000000000e+00,0.0000000000e+00,0.0000000000e+00,0.0000000000e+00,0.0000000000e+00,0.0000000000e+00,0.0000000000e+00,0.0000000000e+00,0.0000000000e+00,0.0000000000e+00,0.0000000000e+00,0.0000000000e+00,0.0000000000e+00,0.0000000000e+00,0.0000000000e+00,0.0000000000e+00,0.0000000000e+00,0.0000000000e+00,0.0000000000e+00,0.0000000000e+00,0.0000000000e+00,0.0000000000e+00,0.0000000000e+00,0.0000000000e+00,0.0000000000e+00,0.0000000000e+00,0.0000000000e+00,0.0000000000e+00,0.0000000000e+00,0.0000000000e+00,0.0000000000e+00
8.0139412415e+01,4.6388154925e-01,4.6388154925e-01,4.6388154925e-01,4.6388154925e-01,4.6388154925e-01,4.6388154925e-01,4.6388154925e-01,4.6388154925e-01,4.6388154925e-01,4.6388154925e-01,4.6388154925e-01,4.6388154925e-01,4.6388154925e-01,4.6388154925e-01,4.6388154925e-01,4.6388154925e-01,4.6388154925e-01,4.6388154925e-01,4.6388154925e-01,4.6388154925e-01,4.6388154925e-01,4.6388154925e-01,4.6388154925e-01,4.6388154925e-01,4.6388154925e-01,4.6388154925e-01,4.6388154925e-01,4.6388154925e-01,4.6388154925e-01,4.6388154925e-01,4.6388154925e-01,4.6388154925e-01,4.6388154925e-01,4.6388154925e-01,4.6388154925e-01,4.6388154925e-01,4.6388154925e-01,4.6388154925e-01,4.6388154925e-01,4.6388154925e-01,4.6388154925e-01,4.6388154925e-01,4.6388154925e-01,4.6388154925e-01,4.6388154925e-01,4.6388154925e-01,4.6388154925e-01,4.6388154925e-01,4.6388154925e-01,4.6388154925e-01,4.6388154925e-01,4.6388154925e-01,4.6388154925e-01,4.6388154925e-01,4.6388154925e-01,4.6388154925e-01,4.6388154925e-01,4.6388154925e-01,4.6388154925e-01,4.6388154925e-01,4.6388154925e-01,4.6388154925e-01,4.6388154925e-01,4.6388154925e-01,4.6388154925e-01,4.6388154925e-01,4.6388154925e-01,4.6388154925e-01,4.6388154925e-01,4.6388154925e-01,4.6388154925e-01,4.6388154925e-01,4.6388154925e-01,4.6388154925e-01,4.6388154925e-01,4.6388154925e-01,4.6388154925e-01,4.6388154925e-01,4.6388154925e-01,4.6388154925e-01,4.6388126424e-01,4.6388034691e-01,4.6387933845e-01,4.6387822980e-01,4.6387701102e-01,4.6387567117e-01,4.6387419821e-01,4.6387257892e-01,4.6387079878e-01,4.6386884179e-01,4.6386669039e-01,4.6386432527e-01,4.6385003427e-01,4.6382983418e-01,4.6380762833e-01,4.6378321765e-01,4.6375638337e-01,4.6369919116e-01,4.6357960438e-01,4.6344817279e-01,4.6330372709e-01,4.6294649577e-01,4.6249753757e-01,4.6196494568e-01,4.6110961967e-01,4.6016192020e-01,4.5844409055e-01,4.5622812970e-01,4.5275954348e-01,4.4806974457e-01,4.4216429763e-01,4.3454585159e-01,4.2399022512e-01,4.0887460807e-01,3.8750767066e-01,3.5815804788e-01,3.1790102800e-01,2.5571011744e-01,1.7563216269e-01,1.0415073785e-01,5.8742366334e-02,3.6156604722e-02,2.6128306538e-02,2.1809146713e-02,1.9272049185e-02,1.7330534822e-02,1.5570100290e-02,1.3841792586e-02,1.2097074727e-02,1.0334817022e-02,8.5741224679e-03,6.8441861724e-03,5.1841714632e-03,3.6352128655e-03,2.2848146411e-03,1.2933266032e-03,6.5326379562e-04,2.8213082486e-04,9.8361687851e-05,2.8318473912e-05,7.1815868610e-06,1.5610641377e-06,2.9468243649e-07,0.0000000000e+00,0.0000000000e+00,0.0000000000e+00,0.0000000000e+00,0.0000000000e+00,0.0000000000e+00,0.0000000000e+00,0.0000000000e+00,0.0000000000e+00,0.0000000000e+00,0.0000000000e+00,0.0000000000e+00,0.0000000000e+00,0.0000000000e+00,0.0000000000e+00,0.0000000000e+00,0.0000000000e+00,0.0000000000e+00,0.0000000000e+00,0.0000000000e+00,0.0000000000e+00,0.0000000000e+00,0.0000000000e+00,0.0000000000e+00,0.0000000000e+00,0.0000000000e+00,0.0000000000e+00,0.0000000000e+00,0.0000000000e+00,0.0000000000e+00,0.0000000000e+00,0.0000000000e+00,0.0000000000e+00,0.0000000000e+00,0.0000000000e+00,0.0000000000e+00,0.0000000000e+00,0.0000000000e+00,0.0000000000e+00,0.0000000000e+00,0.0000000000e+00,0.0000000000e+00,0.0000000000e+00,0.0000000000e+00,0.0000000000e+00,0.0000000000e+00,0.0000000000e+00,0.0000000000e+00,0.0000000000e+00,0.0000000000e+00,0.0000000000e+00,0.0000000000e+00,0.0000000000e+00,0.0000000000e+00,0.0000000000e+00,0.0000000000e+00,0.0000000000e+00
8.3767764007e+01,4.4579254008e-01,4.4579254008e-01,4.4579254008e-01,4.4579254008e-01,4.4579254008e-01,4.4579254008e-01,4.4579254008e-01,4.4579254008e-01,4.4579254008e-01,4.4579254008e-01,4.4579254008e-01,4.4579254008e-01,4.4579254008e-01,4.4579254008e-01,4.4579254008e-01,4.4579254008e-01,4.4579254008e-01,4.4579254008e-01,4.4579254008e-01,4.4579254008e-01,4.4579254008e-01,4.4579254008e-01,4.4579254008e-01,4.4579254008e-01,4.4579254008e-01,4.4579254008e-01,4.4579254008e-01,4.4579254008e-01,4.4579254008e-01,4.4579254008e-01,4.4579254008e-01,4.4579254008e-01,4.4579254008e-01,4.4579254008e-01,4.4579254008e-01,4.4579254008e-01,4.4579254008e-01,4.4579254008e-01,4.4579254008e-01,4.4579254008e-01,4.4579254008e-01,4.4579254008e-01,4.4579254008e-01,4.4579254008e-01,4.4579254008e-01,4.4579254008e-01,4.4579254008e-01,4.4579254008e-01,4.4579254008e-01,4.4579254008e-01,4.4579254008e-01,4.4579254008e-01,4.4579254008e-01,4.4579254008e-01,4.4579254008e-01,4.4579254008e-01,4.4579254008e-01,4.4579254008e-01,4.4579254008e-01,4.4579254008e-01,4.4579254008e-01,4.4579254008e-01,4.4579254008e-01,4.4579254008e-01,4.4579254008e-01,4.4579254008e-01,4.4579254008e-01,4.4579254008e-01,4.4579254008e-01,4.4579254008e-01,4.4579254008e-01,4.4579254008e-01,4.4579254008e-01,4.4579254008e-01,4.4579254008e-01,4.4579254008e-01,4.4579254008e-01,4.4579254008e-01,4.4579254008e-01,4.4579254008e-01,4.4579222656e-01,4.4579121753e-01,4.4579010825e-01,4.4578888877e-01,4.4578754815e-01,4.4578607435e-01,4.4578445414e-01,4.4578267297e-01,4.4578071487e-01,4.4577856224e-01,4.4577619577e-01,4.4577359422e-01,4.4575967388e-01,4.4574012344e-01,4.4571863175e-01,4.4569500616e-01,4.4566903491e-01,4.4561440340e-01,4.4550093268e-01,4.4537622252e-01,4.4523916327e-01,4.4489848231e-01,4.4447010417e-01,4.4396108103e-01,4.4313827149e-01,4.4222650256e-01,4.4056657789e-01,4.3842824331e-01,4.3508886807e-01,4.3057710853e-01,4.2489999156e-01,4.1759312053e-01,4.0752689944e-01,3.9321299846e-01,3.7309326517e-01,3.4559217303e-01,3.0799842738e-01,2.5006259374e-01,1.7486000946e-01,1.0642041705e-01,6.1901455981e-02,3.9182968885e-02,2.8848245344e-02,2.4292644145e-02,2.1559976435e-02,1.9440438915e-02,1.7507444902e-02,1.5604760048e-02,1.3679175127e-02,1.1729418475e-02,9.7762792818e-03,7.8506918377e-03,5.9944621805e-03,4.2519412373e-03,2.7182104163e-03,1.5724073911e-03,8.1526385966e-04,3.6366889753e-04,1.3226235433e-04,4.0110791991e-05,1.0768671024e-05,2.4953148065e-06,5.0740556160e-07,0.0000000000e+00,0.0000000000e+00,0.0000000000e+00,0.0000000000e+00,0.0000000000e+00,0.0000000000e+00,0.0000000000e+00,0.0000000000e+00,0.0000000000e+00,0.0000000000e+00,0.0000000000e+00,0.0000000000e+00,0.0000000000e+00,0.0000000000e+00,0.0000000000e+00,0.0000000000e+00,0.0000000000e+00,0.0000000000e+00,0.0000000000e+00,0.0000000000e+00,0.0000000000e+00,0.0000000000e+00,0.0000000000e+00,0.0000000000e+00,0.0000000000e+00,0.0000000000e+00,0.0000000000e+00,0.0000000000e+00,0.0000000000e+00,0.0000000000e+00,0.0000000000e+00,0.0000000000e+00,0.0000000000e+00,0.0000000000e+00,0.0000000000e+00,0.0000000000e+00,0.0000000000e+00,0.0000000000e+00,0.0000000000e+00,0.0000000000e+00,0.0000000000e+00,0.0000000000e+00,0.0000000000e+00,0.0000000000e+00,0.0000000000e+00,0.0000000000e+00,0.0000000000e+00,0.0000000000e+00,0.0000000000e+00,0.0000000000e+00,0.0000000000e+00,0.0000000000e+00,0.0000000000e+00,0.0000000000e+00,0.0000000000e+00,0.0000000000e+00,0.0000000000e+00
8.7560391014e+01,4.2721263100e-01,4.2721263100e-01,4.2721263100e-01,4.2721263100e-01,4.2721263100e-01,4.2721263100e-01,4.2721263100e-01,4.2721263100e-01,4.2721263100e-01,4.2721263100e-01,4.2721263100e-01,4.2721263100e-01,4.2721263100e-01,4.2721263100e-01,4.2721263100e-01,4.2721263100e-01,4.2721263100e-01,4.2721263100e-01,4.2721263100e-01,4.2721263100e-01,4.2721263100e-01,4.2721263100e-01,4.2721263100e-01,4.2721263100e-01,4.2721263100e-01,4.2721263100e-01,4.2721263100e-01,4.2721263100e-01,4.2721263100e-01,4.2721263100e-01,4.2721263100e-01,4.2721263100e-01,4.2721263100e-01,4.2721263100e-01,4.2721263100e-01,4.2721263100e-01,4.2721263100e-01,4.2721263100e-01,4.2721263100e-01,4.2721263100e-01,4.2721263100e-01,4.2721263100e-01,4.2721263100e-01,4.2721263100e-01,4.2721263100e-01,4.2721263100e-01,4.2721263100e-01,4.2721263100e-01,4.2721263100e-01,4.2721263100e-01,4.2721263100e-01,4.2721263100e-01,4.2721263100e-01,4.2721263100e-01,4.2721263100e-01,4.2721263100e-01,4.2721263100e-01,4.2721263100e-01,4.2721263100e-01,4.2721263100e-01,4.2721263100e-01,4.2721263100e-01,4.2721263100e-01,4.2721263100e-01,4.2721263100e-01,4.2721263100e-01,4.2721263100e-01,4.2721263100e-01,4.2721263100e-01,4.2721263100e-01,4.2721263100e-01,4.2721263100e-01,4.2721263100e-01,4.2721263100e-01,4.2721263100e-01,4.2721263100e-01,4.2721263100e-01,4.2721263100e-01,4.2721263100e-01,4.2721263100e-01,4.2721228509e-01,4.2721117177e-01,4.2720994784e-01,4.2720860234e-01,4.2720712316e-01,4.2720549704e-01,4.2720370939e-01,4.2720174414e-01,4.2719958367e-01,4.2719720858e-01,4.2719459755e-01,4.2719172715e-01,4.2717807539e-01,4.2715903688e-01,4.2713810796e-01,4.2711510103e-01,4.2708980990e-01,4.2703745886e-01,4.2692963418e-01,4.2681112903e-01,4.2668088890e-01,4.2635636030e-01,4.2594819001e-01,4.2546249653e-01,4.2467309675e-01,4.2379828409e-01,4.2220073406e-01,4.2014587964e-01,4.1694511521e-01,4.1262452727e-01,4.0719218093e-01,4.0021595490e-01,3.9065706886e-01,3.7715508751e-01,3.5827880313e-01,3.3259853638e-01,2.9760835903e-01,2.4381422602e-01,1.7345200408e-01,1.0823059944e-01,6.4838411485e-02,4.2146165503e-02,3.1578549589e-02,2.6813021814e-02,2.3895768931e-02,2.1603740210e-02,1.9501774851e-02,1.7427359923e-02,1.5322674994e-02,1.3186260590e-02,1.1040509769e-02,8.9178934261e-03,6.8626254845e-03,4.9220378553e-03,3.1982681067e-03,1.8889211760e-03,1.0041757511e-03,4.6203428066e-04,1.7498179844e-04,5.5771188318e-05,1.5811961230e-05,3.8955517713e-06,8.5199385712e-07,0.0000000000e+00,0.0000000000e+00,0.0000000000e+00,0.0000000000e+00,0.0000000000e+00,0.0000000000e+00,0.0000000000e+00,0.0000000000e+00,0.0000000000e+00,0.0000000000e+00,0.0000000000e+00,0.0000000000e+00,0.0000000000e+00,0.0000000000e+00,0.0000000000e+00,0.0000000000e+00,0.0000000000e+00,0.0000000000e+00,0.0000000000e+00,0.0000000000e+00,0.0000000000e+00,0.0000000000e+00,0.0000000000e+00,0.0000000000e+00,0.0000000000e+00,0.0000000000e+00,0.0000000000e+00,0.0000000000e+00,0.0000000000e+00,0.0000000000e+00,0.0000000000e+00,0.0000000000e+00,0.0000000000e+00,0.0000000000e+00,0.0000000000e+00,0.0000000000e+00,0.0000000000e+00,0.0000000000e+00,0.0000000000e+00,0.0000000000e+00,0.0000000000e+00,0.0000000000e+00,0.0000000000e+00,0.0000000000e+00,0.0000000000e+00,0.0000000000e+00,0.0000000000e+00,0.0000000000e+00,0.0000000000e+00,0.0000000000e+00,0.0000000000e+00,0.0000000000e+00,0.0000000000e+00,0.0000000000e+00,0.0000000000e+00,0.0000000000e+00,0.0000000000e+00
9.1524731088e+01,4.0784398898e-01,4.0784398898e-01,4.0784398898e-01,4.0784398898e-01,4.0784398898e-01,4.0784398898e-01,4.0784398898e-01,4.0784398898e-01,4.0784398898e-01,4.0784398898e-01,4.0784398898e-01,4.0784398898e-01,4.0784398898e-01,4.0784398898e-01,4.0784398898e-01,4.0784398898e-01,4.0784398898e-01,4.0784398898e-01,4.0784398898e-01,4.0784398898e-01,4.0784398898e-01,4.0784398898e-01,4.0784398898e-01,4.0784398898e-01,4.0784398898e-01,4.0784398898e-01,4.0784398898e-01,4.0784398898e-01,4.0784398898e-01,4.0784398898e-01,4.0784398898e-01,4.0784398898e-01,4.0784398898e-01,4.0784398898e-01,4.0784398898e-01,4.0784398898e-01,4.0784398898e-01,4.0784398898e-01,4.0784398898e-01,4.0784398898e-01,4.0784398898e-01,4.0784398898e-01,4.0784398898e-01,4.0784398898e-01,4.0784398898e-01,4.0784398898e-01,4.0784398898e-01,4.0784398898e-01,4.0784398898e-01,4.0784398898e-01,4.0784398898e-01,4.0784398898e-01,4.0784398898e-01,4.0784398898e-01,4.0784398898e-01,4.0784398898e-01,4.0784398898e-01,4.0784398898e-01,4.0784398898e-01,4.0784398898e-01,4.0784398898e-01,4.0784398898e-01,4.0784398898e-01,4.0784398898e-01,4.0784398898e-01,4.0784398898e-01,4.0784398898e-01,4.0784398898e-01,4.0784398898e-01,4.0784398898e-01,4.0784398898e-01,4.0784398898e-01,4.0784398898e-01,4.0784398898e-01,4.0784398898e-01,4.0784398898e-01,4.0784398898e-01,4.0784398898e-01,4.0784398898e-01,4.0784398898e-01,4.0784398898e-01,4.0784398898e-01,4.0784245176e-01,4.0784048950e-01,4.0783833230e-01,4.0783596080e-01,4.0783335373e-01,4.0783048768e-01,4.0782733692e-01,4.0782387317e-01,4.0782006535e-01,4.0781587928e-01,4.0781127740e-01,4.0780168846e-01,4.0777736065e-01,4.0775061766e-01,4.0772121990e-01,4.0768890406e-01,4.0765338075e-01,4.0750359063e-01,4.0732055968e-01,4.0711944033e-01,4.0680608255e-01,4.0624701699e-01,4.0563329744e-01,4.0460538629e-01,4.0328521044e-01,4.0115549039e-01,3.9821749292e-01,3.9404850350e-01,3.8891786148e-01,3.8246820155e-01,3.7318466284e-01,3.6043378120e-01,3.4286246842e-01,3.1913516922e-01,2.8661867905e-01,2.3617157075e-01,1.7154239920e-01,1.0946964971e-01,6.7575126299e-02,4.5045206880e-02,3.4441908485e-02,2.9408101440e-02,2.6315457275e-02,2.3851470386e-02,2.1581364532e-02,1.9336311295e-02,1.7050818608e-02,1.4726048297e-02,1.2384242940e-02,1.0060229155e-02,7.8008398600e-03,5.6550571138e-03,3.7326978283e-03,2.2486379079e-03,1.2244437220e-03,5.8034205810e-04,2.2848977725e-04,7.6405999702e-05,2.2827527100e-05,5.9445641128e-06,1.3112216882e-06,2.3872202477e-07,4.6317396630e-08,0.0000000000e+00,0.0000000000e+00,0.0000000000e+00,0.0000000000e+00,0.0000000000e+00,0.0000000000e+00,0.0000000000e+00,0.0000000000e+00,0.0000000000e+00,0.0000000000e+00,0.0000000000e+00,0.0000000000e+00,0.0000000000e+00,0.0000000000e+00,0.0000000000e+00,0.0000000000e+00,0.0000000000e+00,0.0000000000e+00,0.0000000000e+00,0.0000000000e+00,0.0000000000e+00,0.0000000000e+00,0.0000000000e+00,0.0000000000e+00,0.0000000000e+00,0.0000000000e+00,0.0000000000e+00,0.0000000000e+00,0.0000000000e+00,0.0000000000e+00,0.0000000000e+00,0.0000000000e+00,0.0000000000e+00,0.0000000000e+00,0.0000000000e+00,0.0000000000e+00,0.0000000000e+00,0.0000000000e+00,0.0000000000e+00,0.0000000000e+00,0.0000000000e+00,0.0000000000e+00,0.0000000000e+00,0.0000000000e+00,0.0000000000e+00,0.0000000000e+00,0.0000000000e+00,0.0000000000e+00,0.0000000000e+00,0.0000000000e+00,0.0000000000e+00,0.0000000000e+00,0.0000000000e+00,0.0000000000e+00,0.0000000000e+00
9.5668558622e+01,3.8877893116e-01,3.8877893116e-01,3.8877893116e-01,3.8877893116e-01,3.8877893116e-01,3.8877893116e-01,3.8877893116e-01,3.8877893116e-01,3.8877893116e-01,3.8877893116e-01,3.8877893116e-01,3.8877893116e-01,3.8877893116e-01,3.8877893116e-01,3.8877893116e-01,3.8877893116e-01,3.8877893116e-01,3.8877893116e-01,3.8877893116e-01,3.8877893116e-01,3.8877893116e-01,3.8877893116e-01,3.8877893116e-01,3.8877893116e-01,3.8877893116e-01,3.8877893116e-01,3.8877893116e-01,3.8877893116e-01,3.8877893116e-01,3.8877893116e-01,3.8877893116e-01,3.8877893116e-01,3.8877893116e-01,3.8877893116e-01,3.8877893116e-01,3.8877893116e-01,3.8877893116e-01,3.8877893116e-01,3.8877893116e-01,3.8877893116e-01,3.8877893116e-01,3.8877893116e-01,3.8877893116e-01,3.8877893116e-01,3.8877893116e-01,3.8877893116e-01,3.8877893116e-01,3.8877893116e-01,3.8877893116e-01,3.8877893116e-01,3.8877893116e-01,3.8877893116e-01,3.8877893116e-01,3.8877893116e-01,3.8877893116e-01,3.8877893116e-01,3.8877893116e-01,3.8877893116e-01,3.8877893116e-01,3.8877893116e-01,3.8877893116e-01,3.8877893116e-01,3.8877893116e-01,3.8877893116e-01,3.8877893116e-01,3.8877893116e-01,3.8877893116e-01,3.8877893116e-01,3.8877893116e-01,3.8877893116e-01,3.8877893116e-01,3.8877893116e-01,3.8877893116e-01,3.8877893116e-01,3.8877893116e-01,3.8877893116e-01,3.8877893116e-01,3.8877893116e-01,3.8877893116e-01,3.8877893116e-01,3.8877893116e-01,3.8877893116e-01,3.8877727391e-01,3.8877515842e-01,3.8877283279e-01,3.8877027612e-01,3.8876746549e-01,3.8876437565e-01,3.8876097888e-01,3.8875724469e-01,3.8875313957e-01,3.8874862667e-01,3.8874366550e-01,3.8873386432e-01,3.8870985935e-01,3.8868347131e-01,3.8865446381e-01,3.8862257705e-01,3.8858752551e-01,3.8844373161e-01,3.8826820178e-01,3.8807532540e-01,3.8777531858e-01,3.8724090607e-01,3.8665425202e-01,3.8567217617e-01,3.8441105425e-01,3.8238385229e-01,3.7959163520e-01,3.7563562526e-01,3.7077095086e-01,3.6466215190e-01,3.5592600730e-01,3.4399167279e-01,3.2762441842e-01,3.0561705546e-01,2.7554971105e-01,2.2902145631e-01,1.6897200494e-01,1.1035262300e-01,6.9965633118e-02,4.7757953830e-02,3.7075558258e-02,3.1894714573e-02,2.8649080978e-02,2.6032956852e-02,2.3610058831e-02,2.1207677585e-02,1.8755842102e-02,1.6255591653e-02,1.3730382559e-02,1.1216118338e-02,8.7614530411e-03,6.4176305804e-03,4.3000737928e-03,2.6401892615e-03,1.4709795143e-03,7.1731000604e-04,2.9312332957e-04,1.0258302835e-04,3.2215343833e-05,8.8683185159e-06,2.0824109555e-06,4.0741359575e-07,8.4235985396e-08,0.0000000000e+00,0.0000000000e+00,0.0000000000e+00,0.0000000000e+00,0.0000000000e+00,0.0000000000e+00,0.0000000000e+00,0.0000000000e+00,0.0000000000e+00,0.0000000000e+00,0.0000000000e+00,0.0000000000e+00,0.0000000000e+00,0.0000000000e+00,0.0000000000e+00,0.0000000000e+00,0.0000000000e+00,0.0000000000e+00,0.0000000000e+00,0.0000000000e+00,0.0000000000e+00,0.0000000000e+00,0.0000000000e+00,0.0000000000e+00,0.0000000000e+00,0.0000000000e+00,0.0000000000e+00,0.0000000000e+00,0.0000000000e+00,0.0000000000e+00,0.0000000000e+00,0.0000000000e+00,0.0000000000e+00,0.0000000000e+00,0.0000000000e+00,0.0000000000e+00,0.0000000000e+00,0.0000000000e+00,0.0000000000e+00,0.0000000000e+00,0.0000000000e+00,0.0000000000e+00,0.0000000000e+00,0.0000000000e+00,0.0000000000e+00,0.0000000000e+00,0.0000000000e+00,0.0000000000e+00,0.0000000000e+00,0.0000000000e+00,0.0000000000e+00,0.0000000000e+00,0.0000000000e+00,0.0000000000e+00,0.0000000000e+00
1.0000000000e+02,3.6970542845e-01,3.6970542845e-01,3.6970542845e-01,3.6970542845e-01,3.6970542845e-01,3.6970542845e-01,3.6970542845e-01,3.6970542845e-01,3.6970542845e-01,3.6970542845e-01,3.6970542845e-01,3.6970542845e-01,3.6970542845e-01,3.6970542845e-01,3.6970542845e-01,3.6970542845e-01,3.6970542845e-01,3.6970542845e-01,3.6970542845e-01,3.6970542845e-01,3.6970542845e-01,3.6970542845e-01,3.6970542845e-01,3.6970542845e-01,3.6970542845e-01,3.6970542845e-01,3.6970542845e-01,3.6970542845e-01,3.6970542845e-01,3.6970542845e-01,3.6970542845e-01,3.6970542845e-01,3.6970542845e-01,3.6970542845e-01,3.6970542845e-01,3.6970542845e-01,3.6970542845e-01,3.6970542845e-01,3.6970542845e-01,3.6970542845e-01,3.6970542845e-01,3.6970542845e-01,3.6970542845e-01,3.6970542845e-01,3.6970542845e-01,3.6970542845e-01,3.6970542845e-01,3.6970542845e-01,3.6970542845e-01,3.6970542845e-01,3.6970542845e-01,3.6970542845e-01,3.6970542845e-01,3.6970542845e-01,3.6970542845e-01,3.6970542845e-01,3.6970542845e-01,3.6970542845e-01,3.6970542845e-01,3.6970542845e-01,3.6970542845e-01,3.6970542845e-01,3.6970542845e-01,3.6970542845e-01,3.6970542845e-01,3.6970542845e-01,3.6970542845e-01,3.6970542845e-01,3.6970542845e-01,3.6970542845e-01,3.6970542845e-01,3.6970542845e-01,3.6970542845e-01,3.6970542845e-01,3.6970542845e-01,3.6970542845e-01,3.6970542845e-01,3.6970542845e-01,3.6970542845e-01,3.6970542845e-01,3.6970542845e-01,3.6970542845e-01,3.6970364520e-01,3.6970136888e-01,3.6969886642e-01,3.6969611539e-01,3.6969309107e-01,3.6968976633e-01,3.6968611133e-01,3.6968209326e-01,3.6967767607e-01,3.6967282010e-01,3.6966748180e-01,3.6965743682e-01,3.6963368366e-01,3.6960757249e-01,3.6957886943e-01,3.6954731743e-01,3.6951263399e-01,3.6937474565e-01,3.6920662121e-01,3.6902188270e-01,3.6873526396e-01,3.6822589990e-01,3.6766674483e-01,3.6673181612e-01,3.6553163792e-01,3.6360978712e-01,3.6096711205e-01,3.5722918024e-01,3.5263635375e-01,3.4687495712e-01,3.3868576888e-01,3.2755589246e-01,3.1236161155e-01,2.9201440862e-01,2.6429665076e-01,2.2151151484e-01,1.6590610736e-01,1.1078260378e-01,7.2053073414e-02,5.0298430004e-02,3.9609357806e-02,3.4315523758e-02,3.0935945093e-02,2.8181416780e-02,2.5617463205e-02,2.3068659452e-02,2.0460829078e-02,1.7794800710e-02,1.5095057826e-02,1.2398281258e-02,9.7545854867e-03,7.2170922715e-03,4.9059052467e-03,3.0675428165e-03,1.7470048822e-03,8.7546760459e-04,3.7074448789e-04,1.3552028716e-04,4.4638276767e-05,1.2958350584e-05,3.2305422196e-06,6.7748589972e-07,1.5085262600e-07,0.0000000000e+00,0.0000000000e+00,0.0000000000e+00,0.0000000000e+00,0.0000000000e+00,0.0000000000e+00,0.0000000000e+00,0.0000000000e+00,0.0000000000e+00,0.0000000000e+00,0.0000000000e+00,0.0000000000e+00,0.0000000000e+00,0.0000000000e+00,0.0000000000e+00,0.0000000000e+00,0.0000000000e+00,0.0000000000e+00,0.0000000000e+00,0.0000000000e+00,0.0000000000e+00,0.0000000000e+00,0.0000000000e+00,0.0000000000e+00,0.0000000000e+00,0.0000000000e+00,0.0000000000e+00,0.0000000000e+00,0.0000000000e+00,0.0000000000e+00,0.0000000000e+00,0.0000000000e+00,0.0000000000e+00,0.0000000000e+00,0.0000000000e+00,0.0000000000e+00,0.0000000000e+00,0.0000000000e+00,0.0000000000e+00,0.0000000000e+00,0.0000000000e+00,0.0000000000e+00,0.0000000000e+00,0.0000000000e+00,0.0000000000e+00,0.0000000000e+00,0.0000000000e+00,0.0000000000e+00,0.0000000000e+00,0.0000000000e+00,0.0000000000e+00,0.0000000000e+00,0.0000000000e+00,0.0000000000e+00,0.0000000000e+00
1.0452754953e+02,3.5077948729e-01,3.5077948729e-01,3.5077948729e-01,3.5077948729e-01,3.5077948729e-01,3.5077948729e-01,3.5077948729e-01,3.5077948729e-01,3.5077948729e-01,3.5077948729e-01,3.5077948729e-01,3.5077948729e-01,3.5077948729e-01,3.5077948729e-01,3.5077948729e-01,3.5077948729e-01,3.5077948729e-01,3.5077948729e-01,3.5077948729e-01,3.5077948729e-01,3.5077948729e-01,3.5077948729e-01,3.5077948729e-01,3.5077948729e-01,3.5077948729e-01,3.5077948729e-01,3.5077948729e-01,3.5077948729e-01,3.5077948729e-01,3.5077948729e-01,3.5077948729e-01,3.5077948729e-01,3.5077948729e-01,3.5077948729e-01,3.5077948729e-01,3.5077948729e-01,3.5077948729e-01,3.5077948729e-01,3.5077948729e-01,3.5077948729e-01,3.5077948729e-01,3.5077948729e-01,3.5077948729e-01,3.5077948729e-01,3.5077948729e-01,3.5077948729e-01,3.5077948729e-01,3.5077948729e-01,3.5077948729e-01,3.5077948729e-01,3.5077948729e-01,3.5077948729e-01,3.5077948729e-01,3.5077948729e-01,3.5077948729e-01,3.5077948729e-01,3.5077948729e-01,3.5077948729e-01,3.5077948729e-01,3.5077948729e-01,3.5077948729e-01,3.5077948729e-01,3.5077948729e-01,3.5077948729e-01,3.5077948729e-01,3.5077948729e-01,3.5077948729e-01,3.5077948729e-01,3.5077948729e-01,3.5077948729e-01,3.5077948729e-01,3.5077948729e-01,3.5077948729e-01,3.5077948729e-01,3.5077948729e-01,3.5077948729e-01,3.5077948729e-01,3.5077948729e-01,3.5077948729e-01,3.5077948729e-01,3.5077948729e-01,3.5077948729e-01,3.5077757439e-01,3.5077513256e-01,3.5077244817e-01,3.5076949712e-01,3.5076625292e-01,3.5076268647e-01,3.5075876574e-01,3.5075445556e-01,3.5074971725e-01,3.5074450828e-01,3.5073878191e-01,3.5072847188e-01,3.5070491903e-01,3.5067902813e-01,3.5065056731e-01,3.5061928170e-01,3.5058489124e-01,3.5045281910e-01,3.5029200075e-01,3.5011529102e-01,3.4984204191e-01,3.4935794151e-01,3.4882652098e-01,3.4793957433e-01,3.4680156544e-01,3.4498665008e-01,3.4249545237e-01,3.3897796125e-01,3.3465946714e-01,3.2924775026e-01,3.2159972085e-01,3.1125578816e-01,2.9719584287e-01,2.7844056647e-01,2.5296303475e-01,2.1373187734e-01,1.6240725363e-01,1.1078016306e-01,7.3825313932e-02,5.2639484310e-02,4.2012389217e-02,3.6639992243e-02,3.3147107395e-02,3.0269841788e-02,2.7578618126e-02,2.4896443208e-02,2.2145266075e-02,1.9325609640e-02,1.6462770562e-02,1.3593889982e-02,1.0770157028e-02,8.0461547244e-03,5.5456642393e-03,3.5286184693e-03,2.0522998653e-03,1.0557166476e-03,4.6262849400e-04,1.7629674375e-04,6.0780468015e-05,1.8563603927e-05,4.9008838696e-06,1.0989462682e-06,2.6455096705e-07,0.0000000000e+00,0.0000000000e+00,0.0000000000e+00,0.0000000000e+00,0.0000000000e+00,0.0000000000e+00,0.0000000000e+00,0.0000000000e+00,0.0000000000e+00,0.0000000000e+00,0.0000000000e+00,0.0000000000e+00,0.0000000000e+00,0.0000000000e+00,0.0000000000e+00,0.0000000000e+00,0.0000000000e+00,0.0000000000e+00,0.0000000000e+00,0.0000000000e+00,0.0000000000e+00,0.0000000000e+00,0.0000000000e+00,0.0000000000e+00,0.0000000000e+00,0.0000000000e+00,0.0000000000e+00,0.0000000000e+00,0.0000000000e+00,0.0000000000e+00,0.0000000000e+00,0.0000000000e+00,0.0000000000e+00,0.0000000000e+00,0.0000000000e+00,0.0000000000e+00,0.0000000000e+00,0.0000000000e+00,0.0000000000e+00,0.0000000000e+00,0.0000000000e+00,0.0000000000e+00,0.0000000000e+00,0.0000000000e+00,0.0000000000e+00,0.0000000000e+00,0.0000000000e+00,0.0000000000e+00,0.0000000000e+00,0.0000000000e+00,0.0000000000e+00,0.0000000000e+00,0.0000000000e+00,0.0000000000e+00,0.0000000000e+00
1.0926008611e+02,3.3231609675e-01,3.3231609675e-01,3.3231609675e-01,3.3231609675e-01,3.3231609675e-01,3.3231609675e-01,3.3231609675e-01,3.3231609675e-01,3.3231609675e-01,3.3231609675e-01,3.3231609675e-01,3.3231609675e-01,3.3231609675e-01,3.3231609675e-01,3.3231609675e-01,3.3231609675e-01,3.3231609675e-01,3.3231609675e-01,3.3231609675e-01,3.3231609675e-01,3.3231609675e-01,3.3231609675e-01,3.3231609675e-01,3.3231609675e-01,3.3231609675e-01,3.3231609675e-01,3.3231609675e-01,3.3231609675e-01,3.3231609675e-01,3.3231609675e-01,3.3231609675e-01,3.3231609675e-01,3.3231609675e-01,3.3231609675e-01,3.3231609675e-01,3.3231609675e-01,3.3231609675e-01,3.3231609675e-01,3.3231609675e-01,3.3231609675e-01,3.3231609675e-01,3.3231609675e-01,3.3231609675e-01,3.3231609675e-01,3.3231609675e-01,3.3231609675e-01,3.3231609675e-01,3.3231609675e-01,3.3231609675e-01,3.3231609675e-01,3.3231609675e-01,3.3231609675e-01,3.3231609675e-01,3.3231609675e-01,3.3231609675e-01,3.3231609675e-01,3.3231609675e-01,3.3231609675e-01,3.3231609675e-01,3.3231609675e-01,3.3231609675e-01,3.3231609675e-01,3.3231609675e-01,3.3231609675e-01,3.3231609675e-01,3.3231609675e-01,3.3231609675e-01,3.3231609675e-01,3.3231609675e-01,3.3231609675e-01,3.3231609675e-01,3.3231609675e-01,3.3231609675e-01,3.3231609675e-01,3.3231609675e-01,3.3231609675e-01,3.3231609675e-01,3.3231609675e-01,3.3231609675e-01,3.3231609675e-01,3.3231609675e-01,3.3231609675e-01,3.3231609675e-01,3.3231463481e-01,3.3231052447e-01,3.3230600586e-01,3.3230103841e-01,3.3229557756e-01,3.3228957430e-01,3.3228297477e-01,3.3227571975e-01,3.3226774417e-01,3.3225897647e-01,3.3224933801e-01,3.3223874234e-01,3.3220157340e-01,3.3215320098e-01,3.3210003111e-01,3.3204158888e-01,3.3197735257e-01,3.3183439215e-01,3.3155739020e-01,3.3125313623e-01,3.3091897823e-01,3.3028703272e-01,3.2953890454e-01,3.2855244204e-01,3.2669014568e-01,3.2458276155e-01,3.2116107025e-01,3.1712532182e-01,3.1198311344e-01,3.0476762777e-01,2.9518105082e-01,2.8226188416e-01,2.6480310399e-01,2.4072515378e-01,2.0536531476e-01,1.5798806432e-01,1.1031793336e-01,7.5222953748e-02,5.4871529286e-02,4.4301802220e-02,3.8890717168e-02,3.5298037040e-02,3.2310305669e-02,2.9503824204e-02,2.6699404790e-02,2.3815687300e-02,2.0853529587e-02,1.7839067866e-02,1.4805900321e-02,1.1810625130e-02,8.9061404824e-03,6.2203020603e-03,4.0249886817e-03,2.3887081146e-03,1.2599457440e-03,5.7054616848e-04,2.2626753945e-04,8.1495903542e-05,2.6141727903e-05,7.2893508883e-06,1.7183391992e-06,3.3645871336e-07,5.5210108679e-08,0.0000000000e+00,0.0000000000e+00,0.0000000000e+00,0.0000000000e+00,0.0000000000e+00,0.0000000000e+00,0.0000000000e+00,0.0000000000e+00,0.0000000000e+00,0.0000000000e+00,0.0000000000e+00,0.0000000000e+00,0.0000000000e+00,0.0000000000e+00,0.0000000000e+00,0.0000000000e+00,0.0000000000e+00,0.0000000000e+00,0.0000000000e+00,0.0000000000e+00,0.0000000000e+00,0.0000000000e+00,0.0000000000e+00,0.0000000000e+00,0.0000000000e+00,0.0000000000e+00,0.0000000000e+00,0.0000000000e+00,0.0000000000e+00,0.0000000000e+00,0.0000000000e+00,0.0000000000e+00,0.0000000000e+00,0.0000000000e+00,0.0000000000e+00,0.0000000000e+00,0.0000000000e+00,0.0000000000e+00,0.0000000000e+00,0.0000000000e+00,0.0000000000e+00,0.0000000000e+00,0.0000000000e+00,0.0000000000e+00,0.0000000000e+00,0.0000000000e+00,0.0000000000e+00,0.0000000000e+00,0.0000000000e+00,0.0000000000e+00,0.0000000000e+00,0.0000000000e+00,0.0000000000e+00,0.0000000000e+00
1.1420689063e+02,3.1406750546e-01,3.1406750546e-01,3.1406750546e-01,3.1406750546e-01,3.1406750546e-01,3.1406750546e-01,3.1406750546e-01,3.1406750546e-01,3.1406750546e-01,3.1406750546e-01,3.1406750546e-01,3.1406750546e-01,3.1406750546e-01,3.1406750546e-01,3.1406750546e-01,3.1406750546e-01,3.1406750546e-01,3.1406750546e-01,3.1406750546e-01,3.1406750546e-01,3.1406750546e-01,3.1406750546e-01,3.1406750546e-01,3.1406750546e-01,3.1406750546e-01,3.1406750546e-01,3.1406750546e-01,3.1406750546e-01,3.1406750546e-01,3.1406750546e-01,3.1406750546e-01,3.1406750546e-01,3.1406750546e-01,3.1406750546e-01,3.1406750546e-01,3.1406750546e-01,3.1406750546e-01,3.1406750546e-01,3.1406750546e-01,3.1406750546e-01,3.1406750546e-01,3.1406750546e-01,3.1406750546e-01,3.1406750546e-01,3.1406750546e-01,3.1406750546e-01,3.1406750546e-01,3.1406750546e-01,3.1406750546e-01,3.1406750546e-01,3.1406750546e-01,3.1406750546e-01,3.1406750546e-01,3.1406750546e-01,3.1406750546e-01,3.1406750546e-01,3.1406750546e-01,3.1406750546e-01,3.1406750546e-01,3.1406750546e-01,3.1406750546e-01,3.1406750546e-01,3.1406750546e-01,3.1406750546e-01,3.1406750546e-01,3.1406750546e-01,3.1406750546e-01,3.1406750546e-01,3.1406750546e-01,3.1406750546e-01,3.1406750546e-01,3.1406750546e-01,3.1406750546e-01,3.1406750546e-01,3.1406750546e-01,3.1406750546e-01,3.1406750546e-01,3.1406750546e-01,3.1406750546e-01,3.1406750546e-01,3.1406750546e-01,3.1406750546e-01,3.1406750546e-01,3.1406600971e-01,3.1406180433e-01,3.1405718123e-01,3.1405209893e-01,3.1404651182e-01,3.1404036977e-01,3.1403361768e-01,3.1402619497e-01,3.1401803504e-01,3.1400906471e-01,3.1399920352e-01,3.1398836302e-01,3.1395248958e-01,3.1390600208e-01,3.1385490420e-01,3.1379873959e-01,3.1373700688e-01,3.1360137845e-01,3.1334002340e-01,3.1305295529e-01,3.1273767178e-01,3.1214063219e-01,3.1143373236e-01,3.1050392482e-01,3.0875753097e-01,3.0678205702e-01,3.0358699102e-01,2.9982118080e-01,2.9502908843e-01,2.8834017781e-01,2.7948739773e-01,2.6760370288e-01,2.5160380736e-01,2.2960694883e-01,1.9734970065e-01,1.5387349936e-01,1.0954435876e-01,7.6361348492e-02,5.6750005927e-02,4.6365285612e-02,4.0942592427e-02,3.7281032720e-02,3.4205977135e-02,3.1304416292e-02,2.8397715307e-02,2.5401427280e-02,2.2315919605e-02,1.9167668345e-02,1.5989975126e-02,1.2839836090e-02,9.7706352152e-03,6.9118139306e-03,4.5446984249e-03,2.7497585111e-03,1.4857510662e-03,6.9428648882e-04,2.8603111621e-04,1.0741345268e-04,3.6096039920e-05,1.0606132191e-05,2.6536367626e-06,5.5619097610e-07,9.9612939101e-08,0.0000000000e+00,0.0000000000e+00,0.0000000000e+00,0.0000000000e+00,0.0000000000e+00,0.0000000000e+00,0.0000000000e+00,0.0000000000e+00,0.0000000000e+00,0.0000000000e+00,0.0000000000e+00,0.0000000000e+00,0.0000000000e+00,0.0000000000e+00,0.0000000000e+00,0.0000000000e+00,0.0000000000e+00,0.0000000000e+00,0.0000000000e+00,0.0000000000e+00,0.0000000000e+00,0.0000000000e+00,0.0000000000e+00,0.0000000000e+00,0.0000000000e+00,0.0000000000e+00,0.0000000000e+00,0.0000000000e+00,0.0000000000e+00,0.0000000000e+00,0.0000000000e+00,0.0000000000e+00,0.0000000000e+00,0.0000000000e+00,0.0000000000e+00,0.0000000000e+00,0.0000000000e+00,0.0000000000e+00,0.0000000000e+00,0.0000000000e+00,0.0000000000e+00,0.0000000000e+00,0.0000000000e+00,0.0000000000e+00,0.0000000000e+00,0.0000000000e+00,0.0000000000e+00,0.0000000000e+00,0.0000000000e+00,0.0000000000e+00,0.0000000000e+00,0.0000000000e+00,0.0000000000e+00,0.0000000000e+00
1.1937766417e+02,2.9635821015e-01,2.9635821015e-01,2.9635821015e-01,2.9635821015e-01,2.9635821015e-01,2.9635821015e-01,2.9635821015e-01,2.9635821015e-01,2.9635821015e-01,2.9635821015e-01,2.9635821015e-01,2.9635821015e-01,2.9635821015e-01,2.9635821015e-01,2.9635821015e-01,2.9635821015e-01,2.9635821015e-01,2.9635821015e-01,2.9635821015e-01,2.9635821015e-01,2.9635821015e-01,2.9635821015e-01,2.9635821015e-01,2.9635821015e-01,2.9635821015e-01,2.9635821015e-01,2.9635821015e-01,2.9635821015e-01,2.9635821015e-01,2.9635821015e-01,2.9635821015e-01,2.9635821015e-01,2.9635821015e-01,2.9635821015e-01,2.9635821015e-01,2.9635821015e-01,2.9635821015e-01,2.9635821015e-01,2.9635821015e-01,2.9635821015e-01,2.9635821015e-01,2.9635821015e-01,2.9635821015e-01,2.9635821015e-01,2.9635821015e-01,2.9635821015e-01,2.9635821015e-01,2.9635821015e-01,2.9635821015e-01,2.9635821015e-01,2.9635821015e-01,2.9635821015e-01,2.9635821015e-01,2.9635821015e-01,2.9635821015e-01,2.9635821015e-01,2.9635821015e-01,2.9635821015e-01,2.9635821015e-01,2.9635821015e-01,2.9635821015e-01,2.9635821015e-01,2.9635821015e-01,2.9635821015e-01,2.9635821015e-01,2.9635821015e-01,2.9635821015e-01,2.9635821015e-01,2.9635821015e-01,2.9635821015e-01,2.9635821015e-01,2.9635821015e-01,2.9635821015e-01,2.9635821015e-01,2.9635821015e-01,2.9635821015e-01,2.9635821015e-01,2.9635821015e-01,2.9635821015e-01,2.9635821015e-01,2.9635821015e-01,2.9635821015e-01,2.9635821015e-01,2.9635667873e-01,2.9635237306e-01,2.9634763973e-01,2.9634243624e-01,2.9633671592e-01,2.9633042744e-01,2.9632351438e-01,2.9631591473e-01,2.9630756032e-01,2.9629837620e-01,2.9628828001e-01,2.9627718122e-01,2.9624248987e-01,2.9619773360e-01,2.9614853880e-01,2.9609446616e-01,2.9603503304e-01,2.9590641692e-01,2.9566019934e-01,2.9538975760e-01,2.9509273420e-01,2.9453027053e-01,2.9386430653e-01,2.9299059557e-01,2.9135837960e-01,2.8951275319e-01,2.8653939802e-01,2.8303726683e-01,2.7858629508e-01,2.7240436620e-01,2.6425234408e-01,2.5334984037e-01,2.3872277766e-01,2.1867346089e-01,1.8931349509e-01,1.4952153286e-01,1.0843587281e-01,7.7190063384e-02,5.8382986949e-02,4.8233664995e-02,4.2829970264e-02,3.9121407331e-02,3.5977523054e-02,3.2998090433e-02,3.0005986280e-02,2.6914104066e-02,2.3722222167e-02,2.0456905659e-02,1.7150865367e-02,1.3861067625e-02,1.0640951074e-02,7.6204795823e-03,5.0882633019e-03,3.1362280659e-03,1.7342163094e-03,8.3519767073e-04,3.5685339013e-04,1.3947013874e-04,4.9001163193e-05,1.5137613350e-05,4.0093638899e-06,8.9692485321e-07,1.7440882323e-07,0.0000000000e+00,0.0000000000e+00,0.0000000000e+00,0.0000000000e+00,0.0000000000e+00,0.0000000000e+00,0.0000000000e+00,0.0000000000e+00,0.0000000000e+00,0.0000000000e+00,0.0000000000e+00,0.0000000000e+00,0.0000000000e+00,0.0000000000e+00,0.0000000000e+00,0.0000000000e+00,0.0000000000e+00,0.0000000000e+00,0.0000000000e+00,0.0000000000e+00,0.0000000000e+00,0.0000000000e+00,0.0000000000e+00,0.0000000000e+00,0.0000000000e+00,0.0000000000e+00,0.0000000000e+00,0.0000000000e+00,0.0000000000e+00,0.0000000000e+00,0.0000000000e+00,0.0000000000e+00,0.0000000000e+00,0.0000000000e+00,0.0000000000e+00,0.0000000000e+00,0.0000000000e+00,0.0000000000e+00,0.0000000000e+00,0.0000000000e+00,0.0000000000e+00,0.0000000000e+00,0.0000000000e+00,0.0000000000e+00,0.0000000000e+00,0.0000000000e+00,0.0000000000e+00,0.0000000000e+00,0.0000000000e+00,0.0000000000e+00,0.0000000000e+00,0.0000000000e+00,0.0000000000e+00,0.0000000000e+00
1.2478254705e+02,2.7927976976e-01,2.7927976976e-01,2.7927976976e-01,2.7927976976e-01,2.7927976976e-01,2.7927976976e-01,2.7927976976e-01,2.7927976976e-01,2.7927976976e-01,2.7927976976e-01,2.7927976976e-01,2.7927976976e-01,2.7927976976e-01,2.7927976976e-01,2.7927976976e-01,2.7927976976e-01,2.7927976976e-01,2.7927976976e-01,2.7927976976e-01,2.7927976976e-01,2.7927976976e-01,2.7927976976e-01,2.7927976976e-01,2.7927976976e-01,2.7927976976e-01,2.7927976976e-01,2.7927976976e-01,2.7927976976e-01,2.7927976976e-01,2.7927976976e-01,2.7927976976e-01,2.7927976976e-01,2.7927976976e-01,2.7927976976e-01,2.7927976976e-01,2.7927976976e-01,2.7927976976e-01,2.7927976976e-01,2.7927976976e-01,2.7927976976e-01,2.7927976976e-01,2.7927976976e-01,2.7927976976e-01,2.7927976976e-01,2.7927976976e-01,2.7927976976e-01,2.7927976976e-01,2.7927976976e-01,2.7927976976e-01,2.7927976976e-01,2.7927976976e-01,2.7927976976e-01,2.7927976976e-01,2.7927976976e-01,2.7927976976e-01,2.7927976976e-01,2.7927976976e-01,2.7927976976e-01,2.7927976976e-01,2.7927976976e-01,2.7927976976e-01,2.7927976976e-01,2.7927976976e-01,2.7927976976e-01,2.7927976976e-01,2.7927976976e-01,2.7927976976e-01,2.7927976976e-01,2.7927976976e-01,2.7927976976e-01,2.7927976976e-01,2.7927976976e-01,2.7927976976e-01,2.7927976976e-01,2.7927976976e-01,2.7927976976e-01,2.7927976976e-01,2.7927976976e-01,2.7927976976e-01,2.7927976976e-01,2.7927976976e-01,2.7927976976e-01,2.7927976976e-01,2.7927820202e-01,2.7927379425e-01,2.7926894866e-01,2.7926362179e-01,2.7925776583e-01,2.7925132825e-01,2.7924425130e-01,2.7923647150e-01,2.7922791906e-01,2.7921851728e-01,2.7920818183e-01,2.7919682006e-01,2.7916321630e-01,2.7912006107e-01,2.7907262627e-01,2.7902048835e-01,2.7896318201e-01,2.7884126303e-01,2.7860962906e-01,2.7835520538e-01,2.7807577400e-01,2.7754727253e-01,2.7692159437e-01,2.7610292783e-01,2.7458214537e-01,2.7286315566e-01,2.7010476557e-01,2.6685793766e-01,2.6273648038e-01,2.5703909705e-01,2.4955189025e-01,2.3957364919e-01,2.2623148951e-01,2.0799560012e-01,1.8132785136e-01,1.4499497819e-01,1.0703174091e-01,7.7722259026e-02,5.9766892369e-02,4.9895887050e-02,4.4539368207e-02,4.0805036300e-02,3.7610801235e-02,3.4570928327e-02,3.1510667654e-02,2.8340694812e-02,2.5060108746e-02,2.1695315114e-02,1.8278155476e-02,1.4865153920e-02,1.1509381898e-02,8.3402984456e-03,5.6516023926e-03,3.5459511228e-03,2.0048114168e-03,9.9384044290e-04,4.3970159023e-04,1.7854351486e-04,6.5456696824e-05,2.1213549319e-05,5.9331514936e-06,1.4127796524e-06,2.9708584143e-07,0.0000000000e+00,0.0000000000e+00,0.0000000000e+00,0.0000000000e+00,0.0000000000e+00,0.0000000000e+00,0.0000000000e+00,0.0000000000e+00,0.0000000000e+00,0.0000000000e+00,0.0000000000e+00,0.0000000000e+00,0.0000000000e+00,0.0000000000e+00,0.0000000000e+00,0.0000000000e+00,0.0000000000e+00,0.0000000000e+00,0.0000000000e+00,0.0000000000e+00,0.0000000000e+00,0.0000000000e+00,0.0000000000e+00,0.0000000000e+00,0.0000000000e+00,0.0000000000e+00,0.0000000000e+00,0.0000000000e+00,0.0000000000e+00,0.0000000000e+00,0.0000000000e+00,0.0000000000e+00,0.0000000000e+00,0.0000000000e+00,0.0000000000e+00,0.0000000000e+00,0.0000000000e+00,0.0000000000e+00,0.0000000000e+00,0.0000000000e+00,0.0000000000e+00,0.0000000000e+00,0.0000000000e+00,0.0000000000e+00,0.0000000000e+00,0.0000000000e+00,0.0000000000e+00,0.0000000000e+00,0.0000000000e+00,0.0000000000e+00,0.0000000000e+00,0.0000000000e+00,0.0000000000e+00,0.0000000000e+00
1.3043213867e+02,2.6290375859e-01,2.6290375859e-01,2.6290375859e-01,2.6290375859e-01,2.6290375859e-01,2.6290375859e-01,2.6290375859e-01,2.6290375859e-01,2.6290375859e-01,2.6290375859e-01,2.6290375859e-01,2.6290375859e-01,2.6290375859e-01,2.6290375859e-01,2.6290375859e-01,2.6290375859e-01,2.6290375859e-01,2.6290375859e-01,2.6290375859e-01,2.6290375859e-01,2.6290375859e-01,2.6290375859e-01,2.6290375859e-01,2.6290375859e-01,2.6290375859e-01,2.6290375859e-01,2.6290375859e-01,2.6290375859e-01,2.6290375859e-01,2.6290375859e-01,2.6290375859e-01,2.6290375859e-01,2.6290375859e-01,2.6290375859e-01,2.6290375859e-01,2.6290375859e-01,2.6290375859e-01,2.6290375859e-01,2.6290375859e-01,2.6290375859e-01,2.6290375859e-01,2.6290375859e-01,2.6290375859e-01,2.6290375859e-01,2.6290375859e-01,2.6290375859e-01,2.6290375859e-01,2.6290375859e-01,2.6290375859e-01,2.6290375859e-01,2.6290375859e-01,2.6290375859e-01,2.6290375859e-01,2.6290375859e-01,2.6290375859e-01,2.6290375859e-01,2.6290375859e-01,2.6290375859e-01,2.6290375859e-01,2.6290375859e-01,2.6290375859e-01,2.6290375859e-01,2.6290375859e-01,2.6290375859e-01,2.6290375859e-01,2.6290375859e-01,2.6290375859e-01,2.6290375859e-01,2.6290375859e-01,2.6290375859e-01,2.6290375859e-01,2.6290375859e-01,2.6290375859e-01,2.6290375859e-01,2.6290375859e-01,2.6290375859e-01,2.6290375859e-01,2.6290375859e-01,2.6290375859e-01,2.6290375859e-01,2.6290375859e-01,2.6290375859e-01,2.6290375859e-01,2.6290215490e-01,2.6289764605e-01,2.6289268936e-01,2.6288724036e-01,2.6288125015e-01,2.6287466500e-01,2.6286742583e-01,2.6285946772e-01,2.6285071929e-01,2.6284110207e-01,2.6283052984e-01,2.6281890780e-01,2.6278631308e-01,2.6274464854e-01,2.6269885244e-01,2.6264851593e-01,2.6259318985e-01,2.6247765617e-01,2.6226001324e-01,2.6202095674e-01,2.6175840255e-01,2.6126300005e-01,2.6067664335e-01,2.5991154231e-01,2.5849859528e-01,2.5690207310e-01,2.5435041479e-01,2.5134880581e-01,2.4754317297e-01,2.4230577562e-01,2.3544546105e-01,2.2633308867e-01,2.1418752296e-01,1.9763232239e-01,1.7345479979e-01,1.4035207264e-01,1.0537186097e-01,7.7975068854e-02,6.0903146399e-02,5.1345831131e-02,4.6061885646e-02,4.2321977667e-02,3.9095449124e-02,3.6012390679e-02,3.2901182921e-02,2.9670730644e-02,2.6319374203e-02,2.2873120411e-02,1.9362685180e-02,1.5843762690e-02,1.2368652771e-02,9.0653395291e-03,6.2304386824e-03,3.9764306221e-03,2.2966715731e-03,1.1705392981e-03,5.3544340357e-04,2.2551518971e-04,8.6112882792e-05,2.9216763795e-05,8.6085058413e-06,2.1762169830e-06,4.9326651919e-07,0.0000000000e+00,0.0000000000e+00,0.0000000000e+00,0.0000000000e+00,0.0000000000e+00,0.0000000000e+00,0.0000000000e+00,0.0000000000e+00,0.0000000000e+00,0.0000000000e+00,0.0000000000e+00,0.0000000000e+00,0.0000000000e+00,0.0000000000e+00,0.0000000000e+00,0.0000000000e+00,0.0000000000e+00,0.0000000000e+00,0.0000000000e+00,0.0000000000e+00,0.0000000000e+00,0.0000000000e+00,0.0000000000e+00,0.0000000000e+00,0.0000000000e+00,0.0000000000e+00,0.0000000000e+00,0.0000000000e+00,0.0000000000e+00,0.0000000000e+00,0.0000000000e+00,0.0000000000e+00,0.0000000000e+00,0.0000000000e+00,0.0000000000e+00,0.0000000000e+00,0.0000000000e+00,0.0000000000e+00,0.0000000000e+00,0.0000000000e+00,0.0000000000e+00,0.0000000000e+00,0.0000000000e+00,0.0000000000e+00,0.0000000000e+00,0.0000000000e+00,0.0000000000e+00,0.0000000000e+00,0.0000000000e+00,0.0000000000e+00,0.0000000000e+00,0.0000000000e+00,0.0000000000e+00,0.0000000000e+00
1.3633751836e+02,2.4695491314e-01,2.4695491314e-01,2.4695491314e-01,2.4695491314e-01,2.4695491314e-01,2.4695491314e-01,2.4695491314e-01,2.4695491314e-01,2.4695491314e-01,2.4695491314e-01,2.4695491314e-01,2.4695491314e-01,2.4695491314e-01,2.4695491314e-01,2.4695491314e-01,2.4695491314e-01,2.4695491314e-01,2.4695491314e-01,2.4695491314e-01,2.4695491314e-01,2.4695491314e-01,2.4695491314e-01,2.4695491314e-01,2.4695491314e-01,2.4695491314e-01,2.4695491314e-01,2.4695491314e-01,2.4695491314e-01,2.4695491314e-01,2.4695491314e-01,2.4695491314e-01,2.4695491314e-01,2.4695491314e-01,2.4695491314e-01,2.4695491314e-01,2.4695491314e-01,2.4695491314e-01,2.4695491314e-01,2.4695491314e-01,2.4695491314e-01,2.4695491314e-01,2.4695491314e-01,2.4695491314e-01,2.4695491314e-01,2.4695491314e-01,2.4695491314e-01,2.4695491314e-01,2.4695491314e-01,2.4695491314e-01,2.4695491314e-01,2.4695491314e-01,2.4695491314e-01,2.4695491314e-01,2.4695491314e-01,2.4695491314e-01,2.4695491314e-01,2.4695491314e-01,2.4695491314e-01,2.4695491314e-01,2.4695491314e-01,2.4695491314e-01,2.4695491314e-01,2.4695491314e-01,2.4695491314e-01,2.4695491314e-01,2.4695491314e-01,2.4695491314e-01,2.4695491314e-01,2.4695491314e-01,2.4695491314e-01,2.4695491314e-01,2.4695491314e-01,2.4695491314e-01,2.4695491314e-01,2.4695491314e-01,2.4695491314e-01,2.4695491314e-01,2.4695491314e-01,2.4695491314e-01,2.4695491314e-01,2.4695491314e-01,2.4695491314e-01,2.4695491314e-01,2.4695491314e-01,2.4695491314e-01,2.4694945579e-01,2.4694285041e-01,2.4693558901e-01,2.4692760647e-01,2.4691883121e-01,2.4690918452e-01,2.4689857991e-01,2.4688692231e-01,2.4687410722e-01,2.4686001978e-01,2.4684453374e-01,2.4681466334e-01,2.4675114456e-01,2.4668133435e-01,2.4660461161e-01,2.4652029437e-01,2.4642763387e-01,2.4614410036e-01,2.4581437008e-01,2.4545239233e-01,2.4488972828e-01,2.4396452501e-01,2.4295144022e-01,2.4120286187e-01,2.3901840860e-01,2.3617756346e-01,2.3275780765e-01,2.2787025637e-01,2.2169932846e-01,2.1364564720e-01,2.0248170204e-01,1.8776657359e-01,1.6582074021e-01,1.3568357491e-01,1.0342460558e-01,7.8168831906e-02,6.1658893825e-02,5.2659872390e-02,4.7429179412e-02,4.3694840240e-02,4.0452587119e-02,3.7338044763e-02,3.4189848226e-02,3.0915053431e-02,2.7507884405e-02,2.3996743855e-02,2.0411604072e-02,1.6799995669e-02,1.3221230373e-02,9.7967615717e-03,6.8242095752e-03,4.4272696050e-03,2.6100670021e-03,1.3662564367e-03,6.4523325566e-04,2.8146968187e-04,1.1176480681e-04,3.9619914645e-05,1.2276747420e-05,3.2751725952e-06,7.3957121428e-07,1.3749300273e-07,2.0598969710e-08,0.0000000000e+00,0.0000000000e+00,0.0000000000e+00,0.0000000000e+00,0.0000000000e+00,0.0000000000e+00,0.0000000000e+00,0.0000000000e+00,0.0000000000e+00,0.0000000000e+00,0.0000000000e+00,0.0000000000e+00,0.0000000000e+00,0.0000000000e+00,0.0000000000e+00,0.0000000000e+00,0.0000000000e+00,0.0000000000e+00,0.0000000000e+00,0.0000000000e+00,0.0000000000e+00,0.0000000000e+00,0.0000000000e+00,0.0000000000e+00,0.0000000000e+00,0.0000000000e+00,0.0000000000e+00,0.0000000000e+00,0.0000000000e+00,0.0000000000e+00,0.0000000000e+00,0.0000000000e+00,0.0000000000e+00,0.0000000000e+00,0.0000000000e+00,0.0000000000e+00,0.0000000000e+00,0.0000000000e+00,0.0000000000e+00,0.0000000000e+00,0.0000000000e+00,0.0000000000e+00,0.0000000000e+00,0.0000000000e+00,0.0000000000e+00,0.0000000000e+00,0.0000000000e+00,0.0000000000e+00,0.0000000000e+00,0.0000000000e+00,0.0000000000e+00,0.0000000000e+00
1.4251026703e+02,2.3217191361e-01,2.3217191361e-01,2.3217191361e-01,2.3217191361e-01,2.3217191361e-01,2.3217191361e-01,2.3217191361e-01,2.3217191361e-01,2.3217191361e-01,2.3217191361e-01,2.3217191361e-01,2.3217191361e-01,2.3217191361e-01,2.3217191361e-01,2.3217191361e-01,2.3217191361e-01,2.3217191361e-01,2.3217191361e-01,2.3217191361e-01,2.3217191361e-01,2.3217191361e-01,2.3217191361e-01,2.3217191361e-01,2.3217191361e-01,2.3217191361e-01,2.3217191361e-01,2.3217191361e-01,2.3217191361e-01,2.3217191361e-01,2.3217191361e-01,2.3217191361e-01,2.3217191361e-01,2.3217191361e-01,2.3217191361e-01,2.3217191361e-01,2.3217191361e-01,2.3217191361e-01,2.3217191361e-01,2.3217191361e-01,2.3217191361e-01,2.3217191361e-01,2.3217191361e-01,2.3217191361e-01,2.3217191361e-01,2.3217191361e-01,2.3217191361e-01,2.3217191361e-01,2.3217191361e-01,2.3217191361e-01,2.3217191361e-01,2.3217191361e-01,2.3217191361e-01,2.3217191361e-01,2.3217191361e-01,2.3217191361e-01,2.3217191361e-01,2.3217191361e-01,2.3217191361e-01,2.3217191361e-01,2.3217191361e-01,2.3217191361e-01,2.3217191361e-01,2.3217191361e-01,2.3217191361e-01,2.3217191361e-01,2.3217191361e-01,2.3217191361e-01,2.3217191361e-01,2.3217191361e-01,2.3217191361e-01,2.3217191361e-01,2.3217191361e-01,2.3217191361e-01,2.3217191361e-01,2.3217191361e-01,2.3217191361e-01,2.3217191361e-01,2.3217191361e-01,2.3217191361e-01,2.3217191361e-01,2.3217191361e-01,2.3217191361e-01,2.3217191361e-01,2.3217191361e-01,2.3217191361e-01,2.3216640789e-01,2.3215974397e-01,2.3215241824e-01,2.3214436500e-01,2.3213551203e-01,2.3212577995e-01,2.3211508150e-01,2.3210332078e-01,2.3209039238e-01,2.3207618043e-01,2.3206055760e-01,2.3203137829e-01,2.3197062912e-01,2.3190386316e-01,2.3183048649e-01,2.3174984698e-01,2.3166122868e-01,2.3139557974e-01,2.3108684723e-01,2.3074791891e-01,2.3022382032e-01,2.2936561222e-01,2.2842583639e-01,2.2681320647e-01,2.2480089084e-01,2.2218811549e-01,2.1904487723e-01,2.1457316480e-01,2.0894003161e-01,2.0160561475e-01,1.9147960371e-01,1.7815710704e-01,1.5831844959e-01,1.3096021117e-01,1.0137640228e-01,7.7908811513e-02,6.2325899665e-02,5.3675464595e-02,4.8561361537e-02,4.4858153267e-02,4.1617716121e-02,3.8493099208e-02,3.5327339242e-02,3.2026647280e-02,2.8584363226e-02,2.5028066840e-02,2.1386171138e-02,1.7704641703e-02,1.4041299623e-02,1.0514408776e-02,7.4203071372e-03,4.8903953739e-03,2.9404406453e-03,1.5789477621e-03,7.6879379509e-04,3.4679125952e-04,1.4293342135e-04,5.2839978081e-05,1.7172842414e-05,4.8362055034e-06,1.1610739046e-06,2.3220360630e-07,4.2071662496e-08,0.0000000000e+00,0.0000000000e+00,0.0000000000e+00,0.0000000000e+00,0.0000000000e+00,0.0000000000e+00,0.0000000000e+00,0.0000000000e+00,0.0000000000e+00,0.0000000000e+00,0.0000000000e+00,0.0000000000e+00,0.0000000000e+00,0.0000000000e+00,0.0000000000e+00,0.0000000000e+00,0.0000000000e+00,0.0000000000e+00,0.0000000000e+00,0.0000000000e+00,0.0000000000e+00,0.0000000000e+00,0.0000000000e+00,0.0000000000e+00,0.0000000000e+00,0.0000000000e+00,0.0000000000e+00,0.0000000000e+00,0.0000000000e+00,0.0000000000e+00,0.0000000000e+00,0.0000000000e+00,0.0000000000e+00,0.0000000000e+00,0.0000000000e+00,0.0000000000e+00,0.0000000000e+00,0.0000000000e+00,0.0000000000e+00,0.0000000000e+00,0.0000000000e+00,0.0000000000e+00,0.0000000000e+00,0.0000000000e+00,0.0000000000e+00,0.0000000000e+00,0.0000000000e+00,0.0000000000e+00,0.0000000000e+00,0.0000000000e+00,0.0000000000e+00,0.0000000000e+00
1.4896248996e+02,2.1818897633e-01,2.1818897633e-01,2.1818897633e-01,2.1818897633e-01,2.1818897633e-01,2.1818897633e-01,2.1818897633e-01,2.1818897633e-01,2.1818897633e-01,2.1818897633e-01,2.1818897633e-01,2.1818897633e-01,2.1818897633e-01,2.1818897633e-01,2.1818897633e-01,2.1818897633e-01,2.1818897633e-01,2.1818897633e-01,2.1818897633e-01,2.1818897633e-01,2.1818897633e-01,2.1818897633e-01,2.1818897633e-01,2.1818897633e-01,2.1818897633e-01,2.1818897633e-01,2.1818897633e-01,2.1818897633e-01,2.1818897633e-01,2.1818897633e-01,2.1818897633e-01,2.1818897633e-01,2.1818897633e-01,2.1818897633e-01,2.1818897633e-01,2.1818897633e-01,2.1818897633e-01,2.1818897633e-01,2.1818897633e-01,2.1818897633e-01,2.1818897633e-01,2.1818897633e-01,2.1818897633e-01,2.1818897633e-01,2.1818897633e-01,2.1818897633e-01,2.1818897633e-01,2.1818897633e-01,2.1818897633e-01,2.1818897633e-01,2.1818897633e-01,2.1818897633e-01,2.1818897633e-01,2.1818897633e-01,2.1818897633e-01,2.1818897633e-01,2.1818897633e-01,2.1818897633e-01,2.1818897633e-01,2.1818897633e-01,2.1818897633e-01,2.1818897633e-01,2.1818897633e-01,2.1818897633e-01,2.1818897633e-01,2.1818897633e-01,2.1818897633e-01,2.1818897633e-01,2.1818897633e-01,2.1818897633e-01,2.1818897633e-01,2.1818897633e-01,2.1818897633e-01,2.1818897633e-01,2.1818897633e-01,2.1818897633e-01,2.1818897633e-01,2.1818897633e-01,2.1818897633e-01,2.1818897633e-01,2.1818897633e-01,2.1818897633e-01,2.1818897633e-01,2.1818897633e-01,2.1818897633e-01,2.1818342649e-01,2.1817670917e-01,2.1816932476e-01,2.1816120703e-01,2.1815228319e-01,2.1814247323e-01,2.1813168920e-01,2.1811983445e-01,2.1810680273e-01,2.1809247726e-01,2.1807672971e-01,2.1804821351e-01,2.1799010454e-01,2.1792624058e-01,2.1785605363e-01,2.1777892003e-01,2.1769415507e-01,2.1744559651e-01,2.1715693014e-01,2.1684002831e-01,2.1635267347e-01,2.1555816174e-01,2.1468808546e-01,2.1320386318e-01,2.1135393584e-01,2.0895583708e-01,2.0607263409e-01,2.0198884902e-01,1.9685539379e-01,1.9018656601e-01,1.8101475607e-01,1.6896872188e-01,1.5105738223e-01,1.2625935112e-01,9.9184295407e-02,7.7435267651e-02,6.2772987306e-02,5.4485766271e-02,4.9504488768e-02,4.5847874171e-02,4.2624211144e-02,3.9504369538e-02,3.6336190786e-02,3.3025458817e-02,2.9564612929e-02,2.5980221187e-02,2.2298966551e-02,1.8564989533e-02,1.4834275767e-02,1.1221208681e-02,8.0190121257e-03,5.3655501855e-03,3.2877874416e-03,1.8091837576e-03,9.0700773573e-04,4.2246261637e-04,1.8044690036e-04,6.9440442705e-05,2.3621101150e-05,7.0056624439e-06,1.7834674097e-06,3.8258757509e-07,8.0750678691e-08,0.0000000000e+00,0.0000000000e+00,0.0000000000e+00,0.0000000000e+00,0.0000000000e+00,0.0000000000e+00,0.0000000000e+00,0.0000000000e+00,0.0000000000e+00,0.0000000000e+00,0.0000000000e+00,0.0000000000e+00,0.0000000000e+00,0.0000000000e+00,0.0000000000e+00,0.0000000000e+00,0.0000000000e+00,0.0000000000e+00,0.0000000000e+00,0.0000000000e+00,0.0000000000e+00,0.0000000000e+00,0.0000000000e+00,0.0000000000e+00,0.0000000000e+00,0.0000000000e+00,0.0000000000e+00,0.0000000000e+00,0.0000000000e+00,0.0000000000e+00,0.0000000000e+00,0.0000000000e+00,0.0000000000e+00,0.0000000000e+00,0.0000000000e+00,0.0000000000e+00,0.0000000000e+00,0.0000000000e+00,0.0000000000e+00,0.0000000000e+00,0.0000000000e+00,0.0000000000e+00,0.0000000000e+00,0.0000000000e+00,0.0000000000e+00,0.0000000000e+00,0.0000000000e+00,0.0000000000e+00,0.0000000000e+00,0.0000000000e+00,0.0000000000e+00,0.0000000000e+00
1.5570684048e+02,2.0500992087e-01,2.0500992087e-01,2.0500992087e-01,2.0500992087e-01,2.0500992087e-01,2.0500992087e-01,2.0500992087e-01,2.0500992087e-01,2.0500992087e-01,2.0500992087e-01,2.0500992087e-01,2.0500992087e-01,2.0500992087e-01,2.0500992087e-01,2.0500992087e-01,2.0500992087e-01,2.0500992087e-01,2.0500992087e-01,2.0500992087e-01,2.0500992087e-01,2.0500992087e-01,2.0500992087e-01,2.0500992087e-01,2.0500992087e-01,2.0500992087e-01,2.0500992087e-01,2.0500992087e-01,2.0500992087e-01,2.0500992087e-01,2.0500992087e-01,2.0500992087e-01,2.0500992087e-01,2.0500992087e-01,2.0500992087e-01,2.0500992087e-01,2.0500992087e-01,2.0500992087e-01,2.0500992087e-01,2.0500992087e-01,2.0500992087e-01,2.0500992087e-01,2.0500992087e-01,2.0500992087e-01,2.0500992087e-01,2.0500992087e-01,2.0500992087e-01,2.0500992087e-01,2.0500992087e-01,2.0500992087e-01,2.0500992087e-01,2.0500992087e-01,2.0500992087e-01,2.0500992087e-01,2.0500992087e-01,2.0500992087e-01,2.0500992087e-01,2.0500992087e-01,2.0500992087e-01,2.0500992087e-01,2.0500992087e-01,2.0500992087e-01,2.0500992087e-01,2.0500992087e-01,2.0500992087e-01,2.0500992087e-01,2.0500992087e-01,2.0500992087e-01,2.0500992087e-01,2.0500992087e-01,2.0500992087e-01,2.0500992087e-01,2.0500992087e-01,2.0500992087e-01,2.0500992087e-01,2.0500992087e-01,2.0500992087e-01,2.0500992087e-01,2.0500992087e-01,2.0500992087e-01,2.0500992087e-01,2.0500992087e-01,2.0500992087e-01,2.0500992087e-01,2.0500992087e-01,2.0500992087e-01,2.0500433229e-01,2.0499756810e-01,2.0499013218e-01,2.0498195784e-01,2.0497297180e-01,2.0496309350e-01,2.0495223438e-01,2.0494029712e-01,2.0492717475e-01,2.0491274970e-01,2.0489689277e-01,2.0486901539e-01,2.0481342170e-01,2.0475232244e-01,2.0468517430e-01,2.0461138071e-01,2.0453028677e-01,2.0429797828e-01,2.0402839048e-01,2.0373243089e-01,2.0327989584e-01,2.0254560480e-01,2.0174142578e-01,2.0037783191e-01,1.9868027275e-01,1.9648318666e-01,1.9384325989e-01,1.9011973881e-01,1.8544861964e-01,1.7939335189e-01,1.7109579261e-01,1.6021602500e-01,1.4406208082e-01,1.2161425493e-01,9.6880214742e-02,7.6771182499e-02,6.3013762892e-02,5.5098848155e-02,5.0263683468e-02,4.6667339640e-02,4.3474060892e-02,4.0372672879e-02,3.7216133045e-02,3.3910194647e-02,3.0446395329e-02,2.6850130142e-02,2.3146215243e-02,1.9376744757e-02,1.5595566299e-02,1.1912589899e-02,8.6162627773e-03,5.8496352225e-03,3.6502440110e-03,2.0563261554e-03,1.0601331108e-03,5.0916678780e-04,2.2503551780e-04,8.9990453632e-05,3.1976376915e-05,9.9651409259e-06,2.6832710188e-06,6.1570784940e-07,1.4747904708e-07,0.0000000000e+00,0.0000000000e+00,0.0000000000e+00,0.0000000000e+00,0.0000000000e+00,0.0000000000e+00,0.0000000000e+00,0.0000000000e+00,0.0000000000e+00,0.0000000000e+00,0.0000000000e+00,0.0000000000e+00,0.0000000000e+00,0.0000000000e+00,0.0000000000e+00,0.0000000000e+00,0.0000000000e+00,0.0000000000e+00,0.0000000000e+00,0.0000000000e+00,0.0000000000e+00,0.0000000000e+00,0.0000000000e+00,0.0000000000e+00,0.0000000000e+00,0.0000000000e+00,0.0000000000e+00,0.0000000000e+00,0.0000000000e+00,0.0000000000e+00,0.0000000000e+00,0.0000000000e+00,0.0000000000e+00,0.0000000000e+00,0.0000000000e+00,0.0000000000e+00,0.0000000000e+00,0.0000000000e+00,0.0000000000e+00,0.0000000000e+00,0.0000000000e+00,0.0000000000e+00,0.0000000000e+00,0.0000000000e+00,0.0000000000e+00,0.0000000000e+00,0.0000000000e+00,0.0000000000e+00,0.0000000000e+00,0.0000000000e+00,0.0000000000e+00,0.0000000000e+00
1.6275654480e+02,1.9262668743e-01,1.9262668743e-01,1.9262668743e-01,1.9262668743e-01,1.9262668743e-01,1.9262668743e-01,1.9262668743e-01,1.9262668743e-01,1.9262668743e-01,1.9262668743e-01,1.9262668743e-01,1.9262668743e-01,1.9262668743e-01,1.9262668743e-01,1.9262668743e-01,1.9262668743e-01,1.9262668743e-01,1.9262668743e-01,1.9262668743e-01,1.9262668743e-01,1.9262668743e-01,1.9262668743e-01,1.9262668743e-01,1.9262668743e-01,1.9262668743e-01,1.9262668743e-01,1.9262668743e-01,1.9262668743e-01,1.9262668743e-01,1.9262668743e-01,1.9262668743e-01,1.9262668743e-01,1.9262668743e-01,1.9262668743e-01,1.9262668743e-01,1.9262668743e-01,1.9262668743e-01,1.9262668743e-01,1.9262668743e-01,1.9262668743e-01,1.9262668743e-01,1.9262668743e-01,1.9262668743e-01,1.9262668743e-01,1.9262668743e-01,1.9262668743e-01,1.9262668743e-01,1.9262668743e-01,1.9262668743e-01,1.9262668743e-01,1.9262668743e-01,1.9262668743e-01,1.9262668743e-01,1.9262668743e-01,1.9262668743e-01,1.9262668743e-01,1.9262668743e-01,1.9262668743e-01,1.9262668743e-01,1.9262668743e-01,1.9262668743e-01,1.9262668743e-01,1.9262668743e-01,1.9262668743e-01,1.9262668743e-01,1.9262668743e-01,1.9262668743e-01,1.9262668743e-01,1.9262668743e-01,1.9262668743e-01,1.9262668743e-01,1.9262668743e-01,1.9262668743e-01,1.9262668743e-01,1.9262668743e-01,1.9262668743e-01,1.9262668743e-01,1.9262668743e-01,1.9262668743e-01,1.9262668743e-01,1.9262668743e-01,1.9262668743e-01,1.9262668743e-01,1.9262668743e-01,1.9262668743e-01,1.9262106625e-01,1.9261426261e-01,1.9260678335e-01,1.9259856139e-01,1.9258952302e-01,1.9257958722e-01,1.9256866494e-01,1.9255665829e-01,1.9254345971e-01,1.9252895095e-01,1.9251300207e-01,1.9248574201e-01,1.9243254275e-01,1.9237407537e-01,1.9230982003e-01,1.9223920598e-01,1.9216160668e-01,1.9194467975e-01,1.9169314851e-01,1.9141700915e-01,1.9099731118e-01,1.9031966854e-01,1.8957747931e-01,1.8832665675e-01,1.8677137691e-01,1.8476162828e-01,1.8234825020e-01,1.7895795641e-01,1.7471303227e-01,1.6922142483e-01,1.6172244560e-01,1.5190525216e-01,1.3734939902e-01,1.1705208801e-01,9.4492877399e-02,7.5939111053e-02,6.3063145713e-02,5.5524753437e-02,5.0846215265e-02,4.7322023504e-02,4.4171318078e-02,4.1100791805e-02,3.7968745734e-02,3.4681273985e-02,3.1229026215e-02,2.7636091653e-02,2.3925317032e-02,2.0136568642e-02,1.6321297865e-02,1.2584448234e-02,9.2082131428e-03,6.3395484667e-03,4.0257902205e-03,2.3195180329e-03,1.2282427992e-03,6.0748578574e-04,2.7740933383e-04,1.1508790760e-04,4.2636533366e-05,1.3931652207e-05,3.9582711822e-06,9.6896768355e-07,2.5859641199e-07,0.0000000000e+00,0.0000000000e+00,0.0000000000e+00,0.0000000000e+00,0.0000000000e+00,0.0000000000e+00,0.0000000000e+00,0.0000000000e+00,0.0000000000e+00,0.0000000000e+00,0.0000000000e+00,0.0000000000e+00,0.0000000000e+00,0.0000000000e+00,0.0000000000e+00,0.0000000000e+00,0.0000000000e+00,0.0000000000e+00,0.0000000000e+00,0.0000000000e+00,0.0000000000e+00,0.0000000000e+00,0.0000000000e+00,0.0000000000e+00,0.0000000000e+00,0.0000000000e+00,0.0000000000e+00,0.0000000000e+00,0.0000000000e+00,0.0000000000e+00,0.0000000000e+00,0.0000000000e+00,0.0000000000e+00,0.0000000000e+00,0.0000000000e+00,0.0000000000e+00,0.0000000000e+00,0.0000000000e+00,0.0000000000e+00,0.0000000000e+00,0.0000000000e+00,0.0000000000e+00,0.0000000000e+00,0.0000000000e+00,0.0000000000e+00,0.0000000000e+00,0.0000000000e+00,0.0000000000e+00,0.0000000000e+00,0.0000000000e+00,0.0000000000e+00,0.0000000000e+00
1.7012542799e+02,1.8095533592e-01,1.8095533592e-01,1.8095533592e-01,1.8095533592e-01,1.8095533592e-01,1.8095533592e-01,1.8095533592e-01,1.8095533592e-01,1.8095533592e-01,1.8095533592e-01,1.8095533592e-01,1.8095533592e-01,1.8095533592e-01,1.8095533592e-01,1.8095533592e-01,1.8095533592e-01,1.8095533592e-01,1.8095533592e-01,1.8095533592e-01,1.8095533592e-01,1.8095533592e-01,1.8095533592e-01,1.8095533592e-01,1.8095533592e-01,1.8095533592e-01,1.8095533592e-01,1.8095533592e-01,1.8095533592e-01,1.8095533592e-01,1.8095533592e-01,1.8095533592e-01,1.8095533592e-01,1.8095533592e-01,1.8095533592e-01,1.8095533592e-01,1.8095533592e-01,1.8095533592e-01,1.8095533592e-01,1.8095533592e-01,1.8095533592e-01,1.8095533592e-01,1.8095533592e-01,1.8095533592e-01,1.8095533592e-01,1.8095533592e-01,1.8095533592e-01,1.8095533592e-01,1.8095533592e-01,1.8095533592e-01,1.8095533592e-01,1.8095533592e-01,1.8095533592e-01,1.8095533592e-01,1.8095533592e-01,1.8095533592e-01,1.8095533592e-01,1.8095533592e-01,1.8095533592e-01,1.8095533592e-01,1.8095533592e-01,1.8095533592e-01,1.8095533592e-01,1.8095533592e-01,1.8095533592e-01,1.8095533592e-01,1.8095533592e-01,1.8095533592e-01,1.8095533592e-01,1.8095533592e-01,1.8095533592e-01,1.8095533592e-01,1.8095533592e-01,1.8095533592e-01,1.8095533592e-01,1.8095533592e-01,1.8095533592e-01,1.8095533592e-01,1.8095533592e-01,1.8095533592e-01,1.8095533592e-01,1.8095533592e-01,1.8095533592e-01,1.8095533592e-01,1.8095533592e-01,1.8095533592e-01,1.8095533592e-01,1.8095191939e-01,1.8094338765e-01,1.8093400879e-01,1.8092369874e-01,1.8091236511e-01,1.8089990636e-01,1.8088621088e-01,1.8087115602e-01,1.8085460697e-01,1.8083641560e-01,1.8081641911e-01,1.8079443862e-01,1.8072359064e-01,1.8063567861e-01,1.8053908229e-01,1.8043294918e-01,1.8031634424e-01,1.8010568813e-01,1.7976268049e-01,1.7938635041e-01,1.7897354277e-01,1.7802414075e-01,1.7691819564e-01,1.7558215097e-01,1.7368024738e-01,1.7151736445e-01,1.6838383124e-01,1.6452916888e-01,1.5948518930e-01,1.5259653932e-01,1.4357672284e-01,1.3071761197e-01,1.1248738151e-01,9.2084668584e-02,7.4969367360e-02,6.3028923234e-02,5.5780331213e-02,5.1290013762e-02,4.7845203714e-02,4.4744705452e-02,4.1717823760e-02,3.8618089201e-02,3.5358973344e-02,3.1931023441e-02,2.8352117425e-02,2.4644023690e-02,2.0852587998e-02,1.7016474166e-02,1.3238342570e-02,9.7958214332e-03,6.8356659853e-03,4.4143583747e-03,2.5988286607e-03,1.4119021171e-03,7.1823181224e-04,3.3839111714e-04,1.4542656291e-04,5.6093264118e-05,1.9183212763e-05,5.7386478406e-06,1.4691116329e-06,3.1886636381e-07,5.7736200073e-08,0.0000000000e+00,0.0000000000e+00,0.0000000000e+00,0.0000000000e+00,0.0000000000e+00,0.0000000000e+00,0.0000000000e+00,0.0000000000e+00,0.0000000000e+00,0.0000000000e+00,0.0000000000e+00,0.0000000000e+00,0.0000000000e+00,0.0000000000e+00,0.0000000000e+00,0.0000000000e+00,0.0000000000e+00,0.0000000000e+00,0.0000000000e+00,0.0000000000e+00,0.0000000000e+00,0.0000000000e+00,0.0000000000e+00,0.0000000000e+00,0.0000000000e+00,0.0000000000e+00,0.0000000000e+00,0.0000000000e+00,0.0000000000e+00,0.0000000000e+00,0.0000000000e+00,0.0000000000e+00,0.0000000000e+00,0.0000000000e+00,0.0000000000e+00,0.0000000000e+00,0.0000000000e+00,0.0000000000e+00,0.0000000000e+00,0.0000000000e+00,0.0000000000e+00,0.0000000000e+00,0.0000000000e+00,0.0000000000e+00,0.0000000000e+00,0.0000000000e+00,0.0000000000e+00,0.0000000000e+00,0.0000000000e+00,0.0000000000e+00,0.0000000000e+00
1.7782794100e+02,1.7010997119e-01,1.7010997119e-01,1.7010997119e-01,1.7010997119e-01,1.7010997119e-01,1.7010997119e-01,1.7010997119e-01,1.7010997119e-01,1.7010997119e-01,1.7010997119e-01,1.7010997119e-01,1.7010997119e-01,1.7010997119e-01,1.7010997119e-01,1.7010997119e-01,1.7010997119e-01,1.7010997119e-01,1.7010997119e-01,1.7010997119e-01,1.7010997119e-01,1.7010997119e-01,1.7010997119e-01,1.7010997119e-01,1.7010997119e-01,1.7010997119e-01,1.7010997119e-01,1.7010997119e-01,1.7010997119e-01,1.7010997119e-01,1.7010997119e-01,1.7010997119e-01,1.7010997119e-01,1.7010997119e-01,1.7010997119e-01,1.7010997119e-01,1.7010997119e-01,1.7010997119e-01,1.7010997119e-01,1.7010997119e-01,1.7010997119e-01,1.7010997119e-01,1.7010997119e-01,1.7010997119e-01,1.7010997119e-01,1.7010997119e-01,1.7010997119e-01,1.7010997119e-01,1.7010997119e-01,1.7010997119e-01,1.7010997119e-01,1.7010997119e-01,1.7010997119e-01,1.7010997119e-01,1.7010997119e-01,1.7010997119e-01,1.7010997119e-01,1.7010997119e-01,1.7010997119e-01,1.7010997119e-01,1.7010997119e-01,1.7010997119e-01,1.7010997119e-01,1.7010997119e-01,1.7010997119e-01,1.7010997119e-01,1.7010997119e-01,1.7010997119e-01,1.7010997119e-01,1.7010997119e-01,1.7010997119e-01,1.7010997119e-01,1.7010997119e-01,1.7010997119e-01,1.7010997119e-01,1.7010997119e-01,1.7010997119e-01,1.7010997119e-01,1.7010997119e-01,1.7010997119e-01,1.7010997119e-01,1.7010997119e-01,1.7010997119e-01,1.7010997119e-01,1.7010997119e-01,1.7010997119e-01,1.7010997119e-01,1.7010656318e-01,1.7009805275e-01,1.7008869735e-01,1.7007841312e-01,1.7006710792e-01,1.7005468047e-01,1.7004101945e-01,1.7002600255e-01,1.7000949531e-01,1.6999135001e-01,1.6997140429e-01,1.6994947976e-01,1.6988228724e-01,1.6979916664e-01,1.6970783533e-01,1.6960748737e-01,1.6949723878e-01,1.6930063095e-01,1.6898260354e-01,1.6863367093e-01,1.6825090488e-01,1.6738141395e-01,1.6636911454e-01,1.6514737914e-01,1.6341215576e-01,1.6143973544e-01,1.5859336651e-01,1.5509775563e-01,1.5053292117e-01,1.4431962615e-01,1.3619587268e-01,1.2462317228e-01,1.0816812220e-01,8.9603265191e-02,7.3863367618e-02,6.2733242047e-02,5.5864574389e-02,5.1543164825e-02,4.8189320958e-02,4.5151836943e-02,4.2176831858e-02,3.9123761154e-02,3.5906948199e-02,3.2516107509e-02,2.8967733024e-02,2.5281497434e-02,2.1500604633e-02,1.7661170494e-02,1.3860068220e-02,1.0366241034e-02,7.3278990256e-03,4.8094508112e-03,2.8906969298e-03,1.6094080391e-03,8.4101682372e-04,4.0827287651e-04,1.8146529422e-04,7.2723043422e-05,2.5972918065e-05,8.1598368281e-06,2.2089347886e-06,5.1113210834e-07,1.0191229773e-07,0.0000000000e+00,0.0000000000e+00,0.0000000000e+00,0.0000000000e+00,0.0000000000e+00,0.0000000000e+00,0.0000000000e+00,0.0000000000e+00,0.0000000000e+00,0.0000000000e+00,0.0000000000e+00,0.0000000000e+00,0.0000000000e+00,0.0000000000e+00,0.0000000000e+00,0.0000000000e+00,0.0000000000e+00,0.0000000000e+00,0.0000000000e+00,0.0000000000e+00,0.0000000000e+00,0.0000000000e+00,0.0000000000e+00,0.0000000000e+00,0.0000000000e+00,0.0000000000e+00,0.0000000000e+00,0.0000000000e+00,0.0000000000e+00,0.0000000000e+00,0.0000000000e+00,0.0000000000e+00,0.0000000000e+00,0.0000000000e+00,0.0000000000e+00,0.0000000000e+00,0.0000000000e+00,0.0000000000e+00,0.0000000000e+00,0.0000000000e+00,0.0000000000e+00,0.0000000000e+00,0.0000000000e+00,0.0000000000e+00,0.0000000000e+00,0.0000000000e+00,0.0000000000e+00,0.0000000000e+00,0.0000000000e+00,0.0000000000e+00,0.0000000000e+00
1.8587918911e+02,1.5998597462e-01,1.5998597462e-01,1.5998597462e-01,1.5998597462e-01,1.5998597462e-01,1.5998597462e-01,1.5998597462e-01,1.5998597462e-01,1.5998597462e-01,1.5998597462e-01,1.5998597462e-01,1.5998597462e-01,1.5998597462e-01,1.5998597462e-01,1.5998597462e-01,1.5998597462e-01,1.5998597462e-01,1.5998597462e-01,1.5998597462e-01,1.5998597462e-01,1.5998597462e-01,1.5998597462e-01,1.5998597462e-01,1.5998597462e-01,1.5998597462e-01,1.5998597462e-01,1.5998597462e-01,1.5998597462e-01,1.5998597462e-01,1.5998597462e-01,1.5998597462e-01,1.5998597462e-01,1.5998597462e-01,1.5998597462e-01,1.5998597462e-01,1.5998597462e-01,1.5998597462e-01,1.5998597462e-01,1.5998597462e-01,1.5998597462e-01,1.5998597462e-01,1.5998597462e-01,1.5998597462e-01,1.5998597462e-01,1.5998597462e-01,1.5998597462e-01,1.5998597462e-01,1.5998597462e-01,1.5998597462e-01,1.5998597462e-01,1.5998597462e-01,1.5998597462e-01,1.5998597462e-01,1.5998597462e-01,1.5998597462e-01,1.5998597462e-01,1.5998597462e-01,1.5998597462e-01,1.5998597462e-01,1.5998597462e-01,1.5998597462e-01,1.5998597462e-01,1.5998597462e-01,1.5998597462e-01,1.5998597462e-01,1.5998597462e-01,1.5998597462e-01,1.5998597462e-01,1.5998597462e-01,1.5998597462e-01,1.5998597462e-01,1.5998597462e-01,1.5998597462e-01,1.5998597462e-01,1.5998597462e-01,1.5998597462e-01,1.5998597462e-01,1.5998597462e-01,1.5998597462e-01,1.5998597462e-01,1.5998597462e-01,1.5998597462e-01,1.5998597462e-01,1.5998597462e-01,1.5998597462e-01,1.5998597462e-01,1.5998257860e-01,1.5997409810e-01,1.5996477562e-01,1.5995452763e-01,1.5994326230e-01,1.5993087874e-01,1.5991726603e-01,1.5990230229e-01,1.5988585360e-01,1.5986777276e-01,1.5984789803e-01,1.5982605169e-01,1.5976230589e-01,1.5968369708e-01,1.5959732349e-01,1.5950242300e-01,1.5939815971e-01,1.5921470013e-01,1.5891999898e-01,1.5859665007e-01,1.5824193710e-01,1.5744632032e-01,1.5652056122e-01,1.5540437836e-01,1.5382279254e-01,1.5202578685e-01,1.4944244315e-01,1.4627485675e-01,1.4214648203e-01,1.3654531308e-01,1.2923205777e-01,1.1882198778e-01,1.0397918451e-01,8.7104650368e-02,7.2650768787e-02,6.2294349633e-02,5.5798825718e-02,5.1649905720e-02,4.8393854969e-02,4.5427270445e-02,4.2512548893e-02,3.9515115071e-02,3.6350409042e-02,3.3007360608e-02,2.9501042392e-02,2.5849022929e-02,2.2091779218e-02,1.8262788770e-02,1.4452924074e-02,1.0921518768e-02,7.8171129300e-03,5.2110245322e-03,3.1949230973e-03,1.8209739274e-03,9.7638561109e-04,4.8775534864e-04,2.2389097989e-04,9.3070345917e-05,3.4648343664e-05,1.1407315751e-05,3.2574431168e-06,8.0137650860e-07,1.7444760411e-07,0.0000000000e+00,0.0000000000e+00,0.0000000000e+00,0.0000000000e+00,0.0000000000e+00,0.0000000000e+00,0.0000000000e+00,0.0000000000e+00,0.0000000000e+00,0.0000000000e+00,0.0000000000e+00,0.0000000000e+00,0.0000000000e+00,0.0000000000e+00,0.0000000000e+00,0.0000000000e+00,0.0000000000e+00,0.0000000000e+00,0.0000000000e+00,0.0000000000e+00,0.0000000000e+00,0.0000000000e+00,0.0000000000e+00,0.0000000000e+00,0.0000000000e+00,0.0000000000e+00,0.0000000000e+00,0.0000000000e+00,0.0000000000e+00,0.0000000000e+00,0.0000000000e+00,0.0000000000e+00,0.0000000000e+00,0.0000000000e+00,0.0000000000e+00,0.0000000000e+00,0.0000000000e+00,0.0000000000e+00,0.0000000000e+00,0.0000000000e+00,0.0000000000e+00,0.0000000000e+00,0.0000000000e+00,0.0000000000e+00,0.0000000000e+00,0.0000000000e+00,0.0000000000e+00,0.0000000000e+00,0.0000000000e+00,0.0000000000e+00,0.0000000000e+00
1.9429496147e+02,1.5054835402e-01,1.5054835402e-01,1.5054835402e-01,1.5054835402e-01,1.5054835402e-01,1.5054835402e-01,1.5054835402e-01,1.5054835402e-01,1.5054835402e-01,1.5054835402e-01,1.5054835402e-01,1.5054835402e-01,1.5054835402e-01,1.5054835402e-01,1.5054835402e-01,1.5054835402e-01,1.5054835402e-01,1.5054835402e-01,1.5054835402e-01,1.5054835402e-01,1.5054835402e-01,1.5054835402e-01,1.5054835402e-01,1.5054835402e-01,1.5054835402e-01,1.5054835402e-01,1.5054835402e-01,1.5054835402e-01,1.5054835402e-01,1.5054835402e-01,1.5054835402e-01,1.5054835402e-01,1.5054835402e-01,1.5054835402e-01,1.5054835402e-01,1.5054835402e-01,1.5054835402e-01,1.5054835402e-01,1.5054835402e-01,1.5054835402e-01,1.5054835402e-01,1.5054835402e-01,1.5054835402e-01,1.5054835402e-01,1.5054835402e-01,1.5054835402e-01,1.5054835402e-01,1.5054835402e-01,1.5054835402e-01,1.5054835402e-01,1.5054835402e-01,1.5054835402e-01,1.5054835402e-01,1.5054835402e-01,1.5054835402e-01,1.5054835402e-01,1.5054835402e-01,1.5054835402e-01,1.5054835402e-01,1.5054835402e-01,1.5054835402e-01,1.5054835402e-01,1.5054835402e-01,1.5054835402e-01,1.5054835402e-01,1.5054835402e-01,1.5054835402e-01,1.5054835402e-01,1.5054835402e-01,1.5054835402e-01,1.5054835402e-01,1.5054835402e-01,1.5054835402e-01,1.5054835402e-01,1.5054835402e-01,1.5054835402e-01,1.5054835402e-01,1.5054835402e-01,1.5054835402e-01,1.5054835402e-01,1.5054835402e-01,1.5054835402e-01,1.5054835402e-01,1.5054835402e-01,1.5054835402e-01,1.5054835402e-01,1.5054497325e-01,1.5053653085e-01,1.5052725028e-01,1.5051704839e-01,1.5050583380e-01,1.5049350604e-01,1.5047995475e-01,1.5046505861e-01,1.5044868431e-01,1.5043068536e-01,1.5041090078e-01,1.5038915369e-01,1.5032865226e-01,1.5025428427e-01,1.5017257063e-01,1.5008279039e-01,1.4998415285e-01,1.4981296635e-01,1.4953998129e-01,1.4924045041e-01,1.4891185483e-01,1.4818432919e-01,1.4733830798e-01,1.4631930550e-01,1.4487892193e-01,1.4324301564e-01,1.4089999688e-01,1.3803141624e-01,1.3429980880e-01,1.2925250293e-01,1.2267119262e-01,1.1331025922e-01,9.9928972679e-02,8.4604877456e-02,7.1348898513e-02,6.1727488031e-02,5.5595956686e-02,5.1621332366e-02,4.8468454568e-02,4.5579352915e-02,4.2732077885e-02,3.9798015691e-02,3.6693960315e-02,3.3408113322e-02,2.9954110115e-02,2.6347433207e-02,2.2625785826e-02,1.8819954486e-02,1.5014682997e-02,1.1458953871e-02,8.3005936984e-03,5.6167922510e-03,3.5099703320e-03,2.0459220830e-03,1.1243669483e-03,5.7728628469e-04,2.7328650883e-04,1.1765376231e-04,4.5574314380e-05,1.5691705158e-05,4.7156546897e-06,1.2302530473e-06,2.9049708053e-07,0.0000000000e+00,0.0000000000e+00,0.0000000000e+00,0.0000000000e+00,0.0000000000e+00,0.0000000000e+00,0.0000000000e+00,0.0000000000e+00,0.0000000000e+00,0.0000000000e+00,0.0000000000e+00,0.0000000000e+00,0.0000000000e+00,0.0000000000e+00,0.0000000000e+00,0.0000000000e+00,0.0000000000e+00,0.0000000000e+00,0.0000000000e+00,0.0000000000e+00,0.0000000000e+00,0.0000000000e+00,0.0000000000e+00,0.0000000000e+00,0.0000000000e+00,0.0000000000e+00,0.0000000000e+00,0.0000000000e+00,0.0000000000e+00,0.0000000000e+00,0.0000000000e+00,0.0000000000e+00,0.0000000000e+00,0.0000000000e+00,0.0000000000e+00,0.0000000000e+00,0.0000000000e+00,0.0000000000e+00,0.0000000000e+00,0.0000000000e+00,0.0000000000e+00,0.0000000000e+00,0.0000000000e+00,0.0000000000e+00,0.0000000000e+00,0.0000000000e+00,0.0000000000e+00,0.0000000000e+00,0.0000000000e+00,0.0000000000e+00,0.0000000000e+00
2.0309176209e+02,1.4175960546e-01,1.4175960546e-01,1.4175960546e-01,1.4175960546e-01,1.4175960546e-01,1.4175960546e-01,1.4175960546e-01,1.4175960546e-01,1.4175960546e-01,1.4175960546e-01,1.4175960546e-01,1.4175960546e-01,1.4175960546e-01,1.4175960546e-01,1.4175960546e-01,1.4175960546e-01,1.4175960546e-01,1.4175960546e-01,1.4175960546e-01,1.4175960546e-01,1.4175960546e-01,1.4175960546e-01,1.4175960546e-01,1.4175960546e-01,1.4175960546e-01,1.4175960546e-01,1.4175960546e-01,1.4175960546e-01,1.4175960546e-01,1.4175960546e-01,1.4175960546e-01,1.4175960546e-01,1.4175960546e-01,1.4175960546e-01,1.4175960546e-01,1.4175960546e-01,1.4175960546e-01,1.4175960546e-01,1.4175960546e-01,1.4175960546e-01,1.4175960546e-01,1.4175960546e-01,1.4175960546e-01,1.4175960546e-01,1.4175960546e-01,1.4175960546e-01,1.4175960546e-01,1.4175960546e-01,1.4175960546e-01,1.4175960546e-01,1.4175960546e-01,1.4175960546e-01,1.4175960546e-01,1.4175960546e-01,1.4175960546e-01,1.4175960546e-01,1.4175960546e-01,1.4175960546e-01,1.4175960546e-01,1.4175960546e-01,1.4175960546e-01,1.4175960546e-01,1.4175960546e-01,1.4175960546e-01,1.4175960546e-01,1.4175960546e-01,1.4175960546e-01,1.4175960546e-01,1.4175960546e-01,1.4175960546e-01,1.4175960546e-01,1.4175960546e-01,1.4175960546e-01,1.4175960546e-01,1.4175960546e-01,1.4175960546e-01,1.4175960546e-01,1.4175960546e-01,1.4175960546e-01,1.4175960546e-01,1.4175960546e-01,1.4175960546e-01,1.4175960546e-01,1.4175960546e-01,1.4175960546e-01,1.4175960546e-01,1.4175624299e-01,1.4174784632e-01,1.4173861606e-01,1.4172846951e-01,1.4171731579e-01,1.4170505500e-01,1.4169157739e-01,1.4167676233e-01,1.4166047724e-01,1.4164257646e-01,1.4162289994e-01,1.4160127180e-01,1.4154381984e-01,1.4147343182e-01,1.4139609147e-01,1.4131111651e-01,1.4121775861e-01,1.4105800176e-01,1.4080518042e-01,1.4052776533e-01,1.4022342102e-01,1.3955849313e-01,1.3878575148e-01,1.3785599050e-01,1.3654504779e-01,1.3505672710e-01,1.3293282153e-01,1.3033626171e-01,1.2696470176e-01,1.2241780408e-01,1.1649661167e-01,1.0808116247e-01,9.6022619634e-02,8.2117306666e-02,6.9973465898e-02,6.1047225527e-02,5.5268689414e-02,5.1468636313e-02,4.8422995585e-02,4.5616746426e-02,4.2842906596e-02,3.9978771889e-02,3.6942699850e-02,3.3722226657e-02,3.0329553410e-02,2.6778117889e-02,2.3102837309e-02,1.9331789569e-02,1.5543540014e-02,1.1976151937e-02,8.7757868577e-03,6.0244738755e-03,3.8341863134e-03,2.2834020004e-03,1.2848292493e-03,6.7720786210e-04,3.3019358612e-04,1.4699963287e-04,5.9146511083e-05,2.1255738761e-05,6.7075122256e-06,1.8512096272e-06,4.7172235880e-07,0.0000000000e+00,0.0000000000e+00,0.0000000000e+00,0.0000000000e+00,0.0000000000e+00,0.0000000000e+00,0.0000000000e+00,0.0000000000e+00,0.0000000000e+00,0.0000000000e+00,0.0000000000e+00,0.0000000000e+00,0.0000000000e+00,0.0000000000e+00,0.0000000000e+00,0.0000000000e+00,0.0000000000e+00,0.0000000000e+00,0.0000000000e+00,0.0000000000e+00,0.0000000000e+00,0.0000000000e+00,0.0000000000e+00,0.0000000000e+00,0.0000000000e+00,0.0000000000e+00,0.0000000000e+00,0.0000000000e+00,0.0000000000e+00,0.0000000000e+00,0.0000000000e+00,0.0000000000e+00,0.0000000000e+00,0.0000000000e+00,0.0000000000e+00,0.0000000000e+00,0.0000000000e+00,0.0000000000e+00,0.0000000000e+00,0.0000000000e+00,0.0000000000e+00,0.0000000000e+00,0.0000000000e+00,0.0000000000e+00,0.0000000000e+00,0.0000000000e+00,0.0000000000e+00,0.0000000000e+00,0.0000000000e+00,0.0000000000e+00,0.0000000000e+00
2.1228684221e+02,1.3358090259e-01,1.3358090259e-01,1.3358090259e-01,1.3358090259e-01,1.3358090259e-01,1.3358090259e-01,1.3358090259e-01,1.3358090259e-01,1.3358090259e-01,1.3358090259e-01,1.3358090259e-01,1.3358090259e-01,1.3358090259e-01,1.3358090259e-01,1.3358090259e-01,1.3358090259e-01,1.3358090259e-01,1.3358090259e-01,1.3358090259e-01,1.3358090259e-01,1.3358090259e-01,1.3358090259e-01,1.3358090259e-01,1.3358090259e-01,1.3358090259e-01,1.3358090259e-01,1.3358090259e-01,1.3358090259e-01,1.3358090259e-01,1.3358090259e-01,1.3358090259e-01,1.3358090259e-01,1.3358090259e-01,1.3358090259e-01,1.3358090259e-01,1.3358090259e-01,1.3358090259e-01,1.3358090259e-01,1.3358090259e-01,1.3358090259e-01,1.3358090259e-01,1.3358090259e-01,1.3358090259e-01,1.3358090259e-01,1.3358090259e-01,1.3358090259e-01,1.3358090259e-01,1.3358090259e-01,1.3358090259e-01,1.3358090259e-01,1.3358090259e-01,1.3358090259e-01,1.3358090259e-01,1.3358090259e-01,1.3358090259e-01,1.3358090259e-01,1.3358090259e-01,1.3358090259e-01,1.3358090259e-01,1.3358090259e-01,1.3358090259e-01,1.3358090259e-01,1.3358090259e-01,1.3358090259e-01,1.3358090259e-01,1.3358090259e-01,1.3358090259e-01,1.3358090259e-01,1.3358090259e-01,1.3358090259e-01,1.3358090259e-01,1.3358090259e-01,1.3358090259e-01,1.3358090259e-01,1.3358090259e-01,1.3358090259e-01,1.3358090259e-01,1.3358090259e-01,1.3358090259e-01,1.3358090259e-01,1.3358090259e-01,1.3358090259e-01,1.3358090259e-01,1.3358090259e-01,1.3358090259e-01,1.3358090259e-01,1.3357756126e-01,1.3356921740e-01,1.3356004522e-01,1.3354996255e-01,1.3353887910e-01,1.3352669562e-01,1.3351330305e-01,1.3349858154e-01,1.3348239939e-01,1.3346461188e-01,1.3344506000e-01,1.3342356904e-01,1.3336897993e-01,1.3330232227e-01,1.3322908092e-01,1.3314860982e-01,1.3306020038e-01,1.3291106657e-01,1.3267692466e-01,1.3241999780e-01,1.3213812056e-01,1.3153060960e-01,1.3082505960e-01,1.2997706502e-01,1.2878451543e-01,1.2743110711e-01,1.2550660279e-01,1.2315709470e-01,1.2011176384e-01,1.1601641470e-01,1.1068989086e-01,1.0312558354e-01,9.2262548286e-02,7.9652884543e-02,6.8538574774e-02,6.0267306620e-02,5.4829384090e-02,5.1202878251e-02,4.8267358029e-02,4.5548215134e-02,4.2852706934e-02,4.0063950477e-02,3.7102049488e-02,3.3953941943e-02,3.0630413606e-02,2.7142918298e-02,2.3523605663e-02,1.9797859014e-02,1.6038085478e-02,1.2471022509e-02,9.2403136500e-03,6.4318221987e-03,4.1658273413e-03,2.5324028675e-03,1.4574783868e-03,7.8774411306e-04,3.9509725965e-04,1.8163011462e-04,7.5785796904e-05,2.8373826095e-05,9.3820613642e-06,2.7330417247e-06,7.4838277337e-07,0.0000000000e+00,0.0000000000e+00,0.0000000000e+00,0.0000000000e+00,0.0000000000e+00,0.0000000000e+00,0.0000000000e+00,0.0000000000e+00,0.0000000000e+00,0.0000000000e+00,0.0000000000e+00,0.0000000000e+00,0.0000000000e+00,0.0000000000e+00,0.0000000000e+00,0.0000000000e+00,0.0000000000e+00,0.0000000000e+00,0.0000000000e+00,0.0000000000e+00,0.0000000000e+00,0.0000000000e+00,0.0000000000e+00,0.0000000000e+00,0.0000000000e+00,0.0000000000e+00,0.0000000000e+00,0.0000000000e+00,0.0000000000e+00,0.0000000000e+00,0.0000000000e+00,0.0000000000e+00,0.0000000000e+00,0.0000000000e+00,0.0000000000e+00,0.0000000000e+00,0.0000000000e+00,0.0000000000e+00,0.0000000000e+00,0.0000000000e+00,0.0000000000e+00,0.0000000000e+00,0.0000000000e+00,0.0000000000e+00,0.0000000000e+00,0.0000000000e+00,0.0000000000e+00,0.0000000000e+00,0.0000000000e+00,0.0000000000e+00,0.0000000000e+00
2.2189823415e+02,1.2597306071e-01,1.2597306071e-01,1.2597306071e-01,1.2597306071e-01,1.2597306071e-01,1.2597306071e-01,1.2597306071e-01,1.2597306071e-01,1.2597306071e-01,1.2597306071e-01,1.2597306071e-01,1.2597306071e-01,1.2597306071e-01,1.2597306071e-01,1.2597306071e-01,1.2597306071e-01,1.2597306071e-01,1.2597306071e-01,1.2597306071e-01,1.2597306071e-01,1.2597306071e-01,1.2597306071e-01,1.2597306071e-01,1.2597306071e-01,1.2597306071e-01,1.2597306071e-01,1.2597306071e-01,1.2597306071e-01,1.2597306071e-01,1.2597306071e-01,1.2597306071e-01,1.2597306071e-01,1.2597306071e-01,1.2597306071e-01,1.2597306071e-01,1.2597306071e-01,1.2597306071e-01,1.2597306071e-01,1.2597306071e-01,1.2597306071e-01,1.2597306071e-01,1.2597306071e-01,1.2597306071e-01,1.2597306071e-01,1.2597306071e-01,1.2597306071e-01,1.2597306071e-01,1.2597306071e-01,1.2597306071e-01,1.2597306071e-01,1.2597306071e-01,1.2597306071e-01,1.2597306071e-01,1.2597306071e-01,1.2597306071e-01,1.2597306071e-01,1.2597306071e-01,1.2597306071e-01,1.2597306071e-01,1.2597306071e-01,1.2597306071e-01,1.2597306071e-01,1.2597306071e-01,1.2597306071e-01,1.2597306071e-01,1.2597306071e-01,1.2597306071e-01,1.2597306071e-01,1.2597306071e-01,1.2597306071e-01,1.2597306071e-01,1.2597306071e-01,1.2597306071e-01,1.2597306071e-01,1.2597306071e-01,1.2597306071e-01,1.2597306071e-01,1.2597306071e-01,1.2597306071e-01,1.2597306071e-01,1.2597306071e-01,1.2597306071e-01,1.2597306071e-01,1.2597306071e-01,1.2597306071e-01,1.2597306071e-01,1.2596974313e-01,1.2596145861e-01,1.2595235168e-01,1.2594234078e-01,1.2593133627e-01,1.2591923962e-01,1.2590594256e-01,1.2589132613e-01,1.2587525957e-01,1.2585759925e-01,1.2583818732e-01,1.2581685035e-01,1.2576494642e-01,1.2570178157e-01,1.2563237820e-01,1.2555612415e-01,1.2547234802e-01,1.2533307107e-01,1.2511619956e-01,1.2487821589e-01,1.2461711198e-01,1.2406216219e-01,1.2341810038e-01,1.2264487644e-01,1.2156040395e-01,1.2033009063e-01,1.1858675655e-01,1.1646129587e-01,1.1371116811e-01,1.1002285278e-01,1.0523153768e-01,9.8432754769e-02,8.8648984225e-02,7.7220430853e-02,6.7056781441e-02,5.9400559715e-02,5.4289883933e-02,5.0834815024e-02,4.8011251838e-02,4.5382455721e-02,4.2769172707e-02,4.0060223123e-02,3.7177613395e-02,3.4107752921e-02,3.0860044314e-02,2.7444034001e-02,2.3889148912e-02,2.0218119643e-02,1.6497276756e-02,1.2941773098e-02,9.6919834265e-03,6.8366463500e-03,4.5030828290e-03,2.7917688182e-03,1.6418590574e-03,9.0899095315e-04,4.6841116381e-04,2.2205028762e-04,9.5930889312e-05,3.7350284825e-05,1.2915048371e-05,3.9624959771e-06,1.1617508162e-06,0.0000000000e+00,0.0000000000e+00,0.0000000000e+00,0.0000000000e+00,0.0000000000e+00,0.0000000000e+00,0.0000000000e+00,0.0000000000e+00,0.0000000000e+00,0.0000000000e+00,0.0000000000e+00,0.0000000000e+00,0.0000000000e+00,0.0000000000e+00,0.0000000000e+00,0.0000000000e+00,0.0000000000e+00,0.0000000000e+00,0.0000000000e+00,0.0000000000e+00,0.0000000000e+00,0.0000000000e+00,0.0000000000e+00,0.0000000000e+00,0.0000000000e+00,0.0000000000e+00,0.0000000000e+00,0.0000000000e+00,0.0000000000e+00,0.0000000000e+00,0.0000000000e+00,0.0000000000e+00,0.0000000000e+00,0.0000000000e+00,0.0000000000e+00,0.0000000000e+00,0.0000000000e+00,0.0000000000e+00,0.0000000000e+00,0.0000000000e+00,0.0000000000e+00,0.0000000000e+00,0.0000000000e+00,0.0000000000e+00,0.0000000000e+00,0.0000000000e+00,0.0000000000e+00,0.0000000000e+00,0.0000000000e+00,0.0000000000e+00,0.0000000000e+00
2.3194478661e+02,1.1889730001e-01,1.1889730001e-01,1.1889730001e-01,1.1889730001e-01,1.1889730001e-01,1.1889730001e-01,1.1889730001e-01,1.1889730001e-01,1.1889730001e-01,1.1889730001e-01,1.1889730001e-01,1.1889730001e-01,1.1889730001e-01,1.1889730001e-01,1.1889730001e-01,1.1889730001e-01,1.1889730001e-01,1.1889730001e-01,1.1889730001e-01,1.1889730001e-01,1.1889730001e-01,1.1889730001e-01,1.1889730001e-01,1.1889730001e-01,1.1889730001e-01,1.1889730001e-01,1.1889730001e-01,1.1889730001e-01,1.1889730001e-01,1.1889730001e-01,1.1889730001e-01,1.1889730001e-01,1.1889730001e-01,1.1889730001e-01,1.1889730001e-01,1.1889730001e-01,1.1889730001e-01,1.1889730001e-01,1.1889730001e-01,1.1889730001e-01,1.1889730001e-01,1.1889730001e-01,1.1889730001e-01,1.1889730001e-01,1.1889730001e-01,1.1889730001e-01,1.1889730001e-01,1.1889730001e-01,1.1889730001e-01,1.1889730001e-01,1.1889730001e-01,1.1889730001e-01,1.1889730001e-01,1.1889730001e-01,1.1889730001e-01,1.1889730001e-01,1.1889730001e-01,1.1889730001e-01,1.1889730001e-01,1.1889730001e-01,1.1889730001e-01,1.1889730001e-01,1.1889730001e-01,1.1889730001e-01,1.1889730001e-01,1.1889730001e-01,1.1889730001e-01,1.1889730001e-01,1.1889730001e-01,1.1889730001e-01,1.1889730001e-01,1.1889730001e-01,1.1889730001e-01,1.1889730001e-01,1.1889730001e-01,1.1889730001e-01,1.1889730001e-01,1.1889730001e-01,1.1889730001e-01,1.1889730001e-01,1.1889730001e-01,1.1889730001e-01,1.1889730001e-01,1.1889730001e-01,1.1889730001e-01,1.1889730001e-01,1.1889400859e-01,1.1888578942e-01,1.1887675437e-01,1.1886682252e-01,1.1885590494e-01,1.1884390391e-01,1.1883071204e-01,1.1881621130e-01,1.1880027202e-01,1.1878275172e-01,1.1876349384e-01,1.1874232639e-01,1.1869293932e-01,1.1863304238e-01,1.1856722985e-01,1.1849492127e-01,1.1841548007e-01,1.1828533650e-01,1.1808440603e-01,1.1786390790e-01,1.1762197941e-01,1.1711506407e-01,1.1652717554e-01,1.1582220939e-01,1.1483623040e-01,1.1371804683e-01,1.1213909111e-01,1.1021656270e-01,1.0773326893e-01,1.0441154419e-01,1.0010155750e-01,9.3990793444e-02,8.5180412606e-02,7.4826919675e-02,6.5539182992e-02,5.8458851314e-02,5.3661409123e-02,5.0374773379e-02,4.7664085676e-02,4.5127966812e-02,4.2599892097e-02,3.9974243582e-02,3.7175062024e-02,3.4188298622e-02,3.1022015523e-02,2.7683940485e-02,2.4200844639e-02,2.0592871437e-02,1.6920409125e-02,1.3386900259e-02,1.0128802606e-02,7.2368329206e-03,4.8440997495e-03,3.0602165111e-03,1.8373596185e-03,1.0409091574e-03,5.5046406270e-04,2.6873482127e-04,1.2002963452e-04,4.8516212582e-05,1.7509798397e-05,5.6468399027e-06,1.7669221957e-06,0.0000000000e+00,0.0000000000e+00,0.0000000000e+00,0.0000000000e+00,0.0000000000e+00,0.0000000000e+00,0.0000000000e+00,0.0000000000e+00,0.0000000000e+00,0.0000000000e+00,0.0000000000e+00,0.0000000000e+00,0.0000000000e+00,0.0000000000e+00,0.0000000000e+00,0.0000000000e+00,0.0000000000e+00,0.0000000000e+00,0.0000000000e+00,0.0000000000e+00,0.0000000000e+00,0.0000000000e+00,0.0000000000e+00,0.0000000000e+00,0.0000000000e+00,0.0000000000e+00,0.0000000000e+00,0.0000000000e+00,0.0000000000e+00,0.0000000000e+00,0.0000000000e+00,0.0000000000e+00,0.0000000000e+00,0.0000000000e+00,0.0000000000e+00,0.0000000000e+00,0.0000000000e+00,0.0000000000e+00,0.0000000000e+00,0.0000000000e+00,0.0000000000e+00,0.0000000000e+00,0.0000000000e+00,0.0000000000e+00,0.0000000000e+00,0.0000000000e+00,0.0000000000e+00,0.0000000000e+00,0.0000000000e+00,0.0000000000e+00,0.0000000000e+00
2.4244620171e+02,1.1236818212e-01,1.1236818212e-01,1.1236818212e-01,1.1236818212e-01,1.1236818212e-01,1.1236818212e-01,1.1236818212e-01,1.1236818212e-01,1.1236818212e-01,1.1236818212e-01,1.1236818212e-01,1.1236818212e-01,1.1236818212e-01,1.1236818212e-01,1.1236818212e-01,1.1236818212e-01,1.1236818212e-01,1.1236818212e-01,1.1236818212e-01,1.1236818212e-01,1.1236818212e-01,1.1236818212e-01,1.1236818212e-01,1.1236818212e-01,1.1236818212e-01,1.1236818212e-01,1.1236818212e-01,1.1236818212e-01,1.1236818212e-01,1.1236818212e-01,1.1236818212e-01,1.1236818212e-01,1.1236818212e-01,1.1236818212e-01,1.1236818212e-01,1.1236818212e-01,1.1236818212e-01,1.1236818212e-01,1.1236818212e-01,1.1236818212e-01,1.1236818212e-01,1.1236818212e-01,1.1236818212e-01,1.1236818212e-01,1.1236818212e-01,1.1236818212e-01,1.1236818212e-01,1.1236818212e-01,1.1236818212e-01,1.1236818212e-01,1.1236818212e-01,1.1236818212e-01,1.1236818212e-01,1.1236818212e-01,1.1236818212e-01,1.1236818212e-01,1.1236818212e-01,1.1236818212e-01,1.1236818212e-01,1.1236818212e-01,1.1236818212e-01,1.1236818212e-01,1.1236818212e-01,1.1236818212e-01,1.1236818212e-01,1.1236818212e-01,1.1236818212e-01,1.1236818212e-01,1.1236818212e-01,1.1236818212e-01,1.1236818212e-01,1.1236818212e-01,1.1236818212e-01,1.1236818212e-01,1.1236818212e-01,1.1236818212e-01,1.1236818212e-01,1.1236818212e-01,1.1236818212e-01,1.1236818212e-01,1.1236818212e-01,1.1236818212e-01,1.1236818212e-01,1.1236818212e-01,1.1236818212e-01,1.1236818212e-01,1.1236818212e-01,1.1236818212e-01,1.1235882294e-01,1.1234805103e-01,1.1233621016e-01,1.1232319440e-01,1.1230888733e-01,1.1229316101e-01,1.1227587491e-01,1.1225687458e-01,1.1223599036e-01,1.1221303589e-01,1.1218780640e-01,1.1214314328e-01,1.1206165703e-01,1.1197214383e-01,1.1187382041e-01,1.1176582866e-01,1.1164722871e-01,1.1136747443e-01,1.1105431914e-01,1.1071106937e-01,1.1020898178e-01,1.0946926776e-01,1.0866179461e-01,1.0752548283e-01,1.0620406270e-01,1.0438860723e-01,1.0220462587e-01,9.9162854291e-02,9.5253385424e-02,9.0016201467e-02,8.1801159556e-02,7.2387709213e-02,6.3889375371e-02,5.7395048588e-02,5.2946389689e-02,4.9847402730e-02,4.7232475883e-02,4.4797143674e-02,4.2352596048e-02,3.9811054296e-02,3.7099582183e-02,3.4200230383e-02,3.1118691764e-02,2.7865176586e-02,2.4459874932e-02,2.0920759837e-02,1.7306936538e-02,1.3804473134e-02,1.0549152515e-02,7.6306994834e-03,5.1874579384e-03,3.3367469286e-03,2.0434775863e-03,1.1834355042e-03,6.4148681956e-04,3.2202660530e-04,1.4844049372e-04,6.2263116607e-05,2.3417685111e-05,7.8485479815e-06,2.3061650250e-06,5.8842538947e-07,1.4595518708e-07,0.0000000000e+00,0.0000000000e+00,0.0000000000e+00,0.0000000000e+00,0.0000000000e+00,0.0000000000e+00,0.0000000000e+00,0.0000000000e+00,0.0000000000e+00,0.0000000000e+00,0.0000000000e+00,0.0000000000e+00,0.0000000000e+00,0.0000000000e+00,0.0000000000e+00,0.0000000000e+00,0.0000000000e+00,0.0000000000e+00,0.0000000000e+00,0.0000000000e+00,0.0000000000e+00,0.0000000000e+00,0.0000000000e+00,0.0000000000e+00,0.0000000000e+00,0.0000000000e+00,0.0000000000e+00,0.0000000000e+00,0.0000000000e+00,0.0000000000e+00,0.0000000000e+00,0.0000000000e+00,0.0000000000e+00,0.0000000000e+00,0.0000000000e+00,0.0000000000e+00,0.0000000000e+00,0.0000000000e+00,0.0000000000e+00,0.0000000000e+00,0.0000000000e+00,0.0000000000e+00,0.0000000000e+00,0.0000000000e+00,0.0000000000e+00,0.0000000000e+00,0.0000000000e+00,0.0000000000e+00,0.0000000000e+00
2.5342307358e+02,1.0623898574e-01,1.0623898574e-01,1.0623898574e-01,1.0623898574e-01,1.0623898574e-01,1.0623898574e-01,1.0623898574e-01,1.0623898574e-01,1.0623898574e-01,1.0623898574e-01,1.0623898574e-01,1.0623898574e-01,1.0623898574e-01,1.0623898574e-01,1.0623898574e-01,1.0623898574e-01,1.0623898574e-01,1.0623898574e-01,1.0623898574e-01,1.0623898574e-01,1.0623898574e-01,1.0623898574e-01,1.0623898574e-01,1.0623898574e-01,1.0623898574e-01,1.0623898574e-01,1.0623898574e-01,1.0623898574e-01,1.0623898574e-01,1.0623898574e-01,1.0623898574e-01,1.0623898574e-01,1.0623898574e-01,1.0623898574e-01,1.0623898574e-01,1.0623898574e-01,1.0623898574e-01,1.0623898574e-01,1.0623898574e-01,1.0623898574e-01,1.0623898574e-01,1.0623898574e-01,1.0623898574e-01,1.0623898574e-01,1.0623898574e-01,1.0623898574e-01,1.0623898574e-01,1.0623898574e-01,1.0623898574e-01,1.0623898574e-01,1.0623898574e-01,1.0623898574e-01,1.0623898574e-01,1.0623898574e-01,1.0623898574e-01,1.0623898574e-01,1.0623898574e-01,1.0623898574e-01,1.0623898574e-01,1.0623898574e-01,1.0623898574e-01,1.0623898574e-01,1.0623898574e-01,1.0623898574e-01,1.0623898574e-01,1.0623898574e-01,1.0623898574e-01,1.0623898574e-01,1.0623898574e-01,1.0623898574e-01,1.0623898574e-01,1.0623898574e-01,1.0623898574e-01,1.0623898574e-01,1.0623898574e-01,1.0623898574e-01,1.0623898574e-01,1.0623898574e-01,1.0623898574e-01,1.0623898574e-01,1.0623898574e-01,1.0623898574e-01,1.0623898574e-01,1.0623898574e-01,1.0623898574e-01,1.0623898574e-01,1.0623898574e-01,1.0623898574e-01,1.0622975607e-01,1.0621913325e-01,1.0620745632e-01,1.0619462083e-01,1.0618051198e-01,1.0616500365e-01,1.0614795725e-01,1.0612922053e-01,1.0610862621e-01,1.0608599057e-01,1.0606111175e-01,1.0601832815e-01,1.0594176629e-01,1.0585766217e-01,1.0576527975e-01,1.0566381260e-01,1.0555237749e-01,1.0529507982e-01,1.0500715258e-01,1.0469152957e-01,1.0423259087e-01,1.0355947257e-01,1.0282449816e-01,1.0179354367e-01,1.0059503680e-01,9.8954045202e-02,9.6981269340e-02,9.4241677475e-02,9.0724048781e-02,8.6013376460e-02,7.8618669386e-02,7.0096705570e-02,6.2338984367e-02,5.6340841615e-02,5.2170903029e-02,4.9230740532e-02,4.6729482049e-02,4.4388654455e-02,4.2033105710e-02,3.9579497359e-02,3.6957110685e-02,3.4147803570e-02,3.1156075075e-02,2.7990356881e-02,2.4668523074e-02,2.1206133458e-02,1.7656610901e-02,1.4194627263e-02,1.0951021197e-02,8.0157924969e-03,5.5305813922e-03,3.6192405613e-03,2.2588751640e-03,1.3360378850e-03,7.4157749179e-04,3.8241450290e-04,1.8172537807e-04,7.8897429018e-05,3.0863962865e-05,1.0811596099e-05,3.3406733395e-06,9.0885386544e-07,2.6682366823e-07,0.0000000000e+00,0.0000000000e+00,0.0000000000e+00,0.0000000000e+00,0.0000000000e+00,0.0000000000e+00,0.0000000000e+00,0.0000000000e+00,0.0000000000e+00,0.0000000000e+00,0.0000000000e+00,0.0000000000e+00,0.0000000000e+00,0.0000000000e+00,0.0000000000e+00,0.0000000000e+00,0.0000000000e+00,0.0000000000e+00,0.0000000000e+00,0.0000000000e+00,0.0000000000e+00,0.0000000000e+00,0.0000000000e+00,0.0000000000e+00,0.0000000000e+00,0.0000000000e+00,0.0000000000e+00,0.0000000000e+00,0.0000000000e+00,0.0000000000e+00,0.0000000000e+00,0.0000000000e+00,0.0000000000e+00,0.0000000000e+00,0.0000000000e+00,0.0000000000e+00,0.0000000000e+00,0.0000000000e+00,0.0000000000e+00,0.0000000000e+00,0.0000000000e+00,0.0000000000e+00,0.0000000000e+00,0.0000000000e+00,0.0000000000e+00,0.0000000000e+00,0.0000000000e+00,0.0000000000e+00,0.0000000000e+00
2.6489692876e+02,1.0049729435e-01,1.0049729435e-01,1.0049729435e-01,1.0049729435e-01,1.0049729435e-01,1.0049729435e-01,1.0049729435e-01,1.0049729435e-01,1.0049729435e-01,1.0049729435e-01,1.0049729435e-01,1.0049729435e-01,1.0049729435e-01,1.0049729435e-01,1.0049729435e-01,1.0049729435e-01,1.0049729435e-01,1.0049729435e-01,1.0049729435e-01,1.0049729435e-01,1.0049729435e-01,1.0049729435e-01,1.0049729435e-01,1.0049729435e-01,1.0049729435e-01,1.0049729435e-01,1.0049729435e-01,1.0049729435e-01,1.0049729435e-01,1.0049729435e-01,1.0049729435e-01,1.0049729435e-01,1.0049729435e-01,1.0049729435e-01,1.0049729435e-01,1.0049729435e-01,1.0049729435e-01,1.0049729435e-01,1.0049729435e-01,1.0049729435e-01,1.0049729435e-01,1.0049729435e-01,1.0049729435e-01,1.0049729435e-01,1.0049729435e-01,1.0049729435e-01,1.0049729435e-01,1.0049729435e-01,1.0049729435e-01,1.0049729435e-01,1.0049729435e-01,1.0049729435e-01,1.0049729435e-01,1.0049729435e-01,1.0049729435e-01,1.0049729435e-01,1.0049729435e-01,1.0049729435e-01,1.0049729435e-01,1.0049729435e-01,1.0049729435e-01,1.0049729435e-01,1.0049729435e-01,1.0049729435e-01,1.0049729435e-01,1.0049729435e-01,1.0049729435e-01,1.0049729435e-01,1.0049729435e-01,1.0049729435e-01,1.0049729435e-01,1.0049729435e-01,1.0049729435e-01,1.0049729435e-01,1.0049729435e-01,1.0049729435e-01,1.0049729435e-01,1.0049729435e-01,1.0049729435e-01,1.0049729435e-01,1.0049729435e-01,1.0049729435e-01,1.0049729435e-01,1.0049729435e-01,1.0049729435e-01,1.0049729435e-01,1.0049729435e-01,1.0049729435e-01,1.0049729435e-01,1.0049169908e-01,1.0047912640e-01,1.0046530650e-01,1.0045011585e-01,1.0043341874e-01,1.0041506604e-01,1.0039489396e-01,1.0037272256e-01,1.0034835418e-01,1.0032157174e-01,1.0029213685e-01,1.0025978770e-01,1.0016809791e-01,1.0005924714e-01,9.9939719053e-02,9.9808481168e-02,9.9664404274e-02,9.9401289320e-02,9.8996405173e-02,9.8553200509e-02,9.8068254892e-02,9.7285383522e-02,9.6412967524e-02,9.5334338076e-02,9.3819304297e-02,9.2072366578e-02,8.9604565356e-02,8.6396625112e-02,8.2134391439e-02,7.5360864500e-02,6.7950472676e-02,6.0926007136e-02,5.5346259721e-02,5.1373985302e-02,4.8553204765e-02,4.6161263132e-02,4.3910143275e-02,4.1647519412e-02,3.9285945242e-02,3.6753467412e-02,3.4035003204e-02,3.1139644231e-02,2.8062541504e-02,2.4828553493e-02,2.1448690434e-02,1.7968858657e-02,1.4556144587e-02,1.1332070552e-02,8.3905850937e-03,5.8718120235e-03,3.9066034969e-03,2.4829212775e-03,1.4984755924e-03,8.5084305033e-04,4.5019531270e-04,2.2025616688e-04,9.8818490734e-05,4.0126333664e-05,1.4677505894e-05,4.7539942337e-06,1.3420626774e-06,3.2241828130e-07,5.1695185806e-08,0.0000000000e+00,0.0000000000e+00,0.0000000000e+00,0.0000000000e+00,0.0000000000e+00,0.0000000000e+00,0.0000000000e+00,0.0000000000e+00,0.0000000000e+00,0.0000000000e+00,0.0000000000e+00,0.0000000000e+00,0.0000000000e+00,0.0000000000e+00,0.0000000000e+00,0.0000000000e+00,0.0000000000e+00,0.0000000000e+00,0.0000000000e+00,0.0000000000e+00,0.0000000000e+00,0.0000000000e+00,0.0000000000e+00,0.0000000000e+00,0.0000000000e+00,0.0000000000e+00,0.0000000000e+00,0.0000000000e+00,0.0000000000e+00,0.0000000000e+00,0.0000000000e+00,0.0000000000e+00,0.0000000000e+00,0.0000000000e+00,0.0000000000e+00,0.0000000000e+00,0.0000000000e+00,0.0000000000e+00,0.0000000000e+00,0.0000000000e+00,0.0000000000e+00,0.0000000000e+00,0.0000000000e+00,0.0000000000e+00,0.0000000000e+00,0.0000000000e+00,0.0000000000e+00,0.0000000000e+00
2.7689026842e+02,9.5184040509e-02,9.5184040509e-02,9.5184040509e-02,9.5184040509e-02,9.5184040509e-02,9.5184040509e-02,9.5184040509e-02,9.5184040509e-02,9.5184040509e-02,9.5184040509e-02,9.5184040509e-02,9.5184040509e-02,9.5184040509e-02,9.5184040509e-02,9.5184040509e-02,9.5184040509e-02,9.5184040509e-02,9.5184040509e-02,9.5184040509e-02,9.5184040509e-02,9.5184040509e-02,9.5184040509e-02,9.5184040509e-02,9.5184040509e-02,9.5184040509e-02,9.5184040509e-02,9.5184040509e-02,9.5184040509e-02,9.5184040509e-02,9.5184040509e-02,9.5184040509e-02,9.5184040509e-02,9.5184040509e-02,9.5184040509e-02,9.5184040509e-02,9.5184040509e-02,9.5184040509e-02,9.5184040509e-02,9.5184040509e-02,9.5184040509e-02,9.5184040509e-02,9.5184040509e-02,9.5184040509e-02,9.5184040509e-02,9.5184040509e-02,9.5184040509e-02,9.5184040509e-02,9.5184040509e-02,9.5184040509e-02,9.5184040509e-02,9.5184040509e-02,9.5184040509e-02,9.5184040509e-02,9.5184040509e-02,9.5184040509e-02,9.5184040509e-02,9.5184040509e-02,9.5184040509e-02,9.5184040509e-02,9.5184040509e-02,9.5184040509e-02,9.5184040509e-02,9.5184040509e-02,9.5184040509e-02,9.5184040509e-02,9.5184040509e-02,9.5184040509e-02,9.5184040509e-02,9.5184040509e-02,9.5184040509e-02,9.5184040509e-02,9.5184040509e-02,9.5184040509e-02,9.5184040509e-02,9.5184040509e-02,9.5184040509e-02,9.5184040509e-02,9.5184040509e-02,9.5184040509e-02,9.5184040509e-02,9.5184040509e-02,9.5184040509e-02,9.5184040509e-02,9.5184040509e-02,9.5184040509e-02,9.5184040509e-02,9.5184040509e-02,9.5184040509e-02,9.5184040509e-02,9.5178551983e-02,9.5166219200e-02,9.5152663056e-02,9.5137762402e-02,9.5121384130e-02,9.5103382008e-02,9.5083595390e-02,9.5061847815e-02,9.5037945460e-02,9.5011675454e-02,9.4982804025e-02,9.4951074478e-02,9.4865251454e-02,9.4763595533e-02,9.4651966270e-02,9.4529398899e-02,9.4394838176e-02,9.4152920105e-02,9.3783166675e-02,9.3378355389e-02,9.2935344072e-02,9.2224085297e-02,9.1431401200e-02,9.0453122336e-02,8.9083353487e-02,8.7504470142e-02,8.5280899368e-02,8.2394008323e-02,7.8559568672e-02,7.2461483502e-02,6.5753528443e-02,5.9344728591e-02,5.4197367803e-02,5.0483907573e-02,4.7815481933e-02,4.5534535482e-02,4.3378114179e-02,4.1205368910e-02,3.8933426926e-02,3.6492838954e-02,3.3868306563e-02,3.1067606528e-02,2.8084815166e-02,2.4942313634e-02,2.1649027527e-02,1.8245766014e-02,1.4888574281e-02,1.1693535811e-02,8.7534737008e-03,6.2097096981e-03,4.1970592274e-03,2.7142391661e-03,1.6700075952e-03,9.6905078607e-04,5.2551494185e-04,2.6436778159e-04,1.2240454377e-04,5.1517621300e-05,1.9623511534e-05,6.6555340017e-06,1.9789865027e-06,5.0602990160e-07,9.8775713156e-08,0.0000000000e+00,0.0000000000e+00,0.0000000000e+00,0.0000000000e+00,0.0000000000e+00,0.0000000000e+00,0.0000000000e+00,0.0000000000e+00,0.0000000000e+00,0.0000000000e+00,0.0000000000e+00,0.0000000000e+00,0.0000000000e+00,0.0000000000e+00,0.0000000000e+00,0.0000000000e+00,0.0000000000e+00,0.0000000000e+00,0.0000000000e+00,0.0000000000e+00,0.0000000000e+00,0.0000000000e+00,0.0000000000e+00,0.0000000000e+00,0.0000000000e+00,0.0000000000e+00,0.0000000000e+00,0.0000000000e+00,0.0000000000e+00,0.0000000000e+00,0.0000000000e+00,0.0000000000e+00,0.0000000000e+00,0.0000000000e+00,0.0000000000e+00,0.0000000000e+00,0.0000000000e+00,0.0000000000e+00,0.0000000000e+00,0.0000000000e+00,0.0000000000e+00,0.0000000000e+00,0.0000000000e+00,0.0000000000e+00,0.0000000000e+00,0.0000000000e+00,0.0000000000e+00,0.0000000000e+00
2.8942661247e+02,9.0230708908e-02,9.0230708908e-02,9.0230708908e-02,9.0230708908e-02,9.0230708908e-02,9.0230708908e-02,9.0230708908e-02,9.0230708908e-02,9.0230708908e-02,9.0230708908e-02,9.0230708908e-02,9.0230708908e-02,9.0230708908e-02,9.0230708908e-02,9.0230708908e-02,9.0230708908e-02,9.0230708908e-02,9.0230708908e-02,9.0230708908e-02,9.0230708908e-02,9.0230708908e-02,9.0230708908e-02,9.0230708908e-02,9.0230708908e-02,9.0230708908e-02,9.0230708908e-02,9.0230708908e-02,9.0230708908e-02,9.0230708908e-02,9.0230708908e-02,9.0230708908e-02,9.0230708908e-02,9.0230708908e-02,9.0230708908e-02,9.0230708908e-02,9.0230708908e-02,9.0230708908e-02,9.0230708908e-02,9.0230708908e-02,9.0230708908e-02,9.0230708908e-02,9.0230708908e-02,9.0230708908e-02,9.0230708908e-02,9.0230708908e-02,9.0230708908e-02,9.0230708908e-02,9.0230708908e-02,9.0230708908e-02,9.0230708908e-02,9.0230708908e-02,9.0230708908e-02,9.0230708908e-02,9.0230708908e-02,9.0230708908e-02,9.0230708908e-02,9.0230708908e-02,9.0230708908e-02,9.0230708908e-02,9.0230708908e-02,9.0230708908e-02,9.0230708908e-02,9.0230708908e-02,9.0230708908e-02,9.0230708908e-02,9.0230708908e-02,9.0230708908e-02,9.0230708908e-02,9.0230708908e-02,9.0230708908e-02,9.0230708908e-02,9.0230708908e-02,9.0230708908e-02,9.0230708908e-02,9.0230708908e-02,9.0230708908e-02,9.0230708908e-02,9.0230708908e-02,9.0230708908e-02,9.0230708908e-02,9.0230708908e-02,9.0230708908e-02,9.0230708908e-02,9.0230708908e-02,9.0230708908e-02,9.0230708908e-02,9.0230708908e-02,9.0230708908e-02,9.0230708908e-02,9.0225326956e-02,9.0213233686e-02,9.0199940878e-02,9.0185329751e-02,9.0169269809e-02,9.0151617686e-02,9.0132215896e-02,9.0110891447e-02,9.0087454336e-02,9.0061695892e-02,9.0033386966e-02,9.0002275949e-02,8.9921863300e-02,8.9826835102e-02,8.9722482179e-02,8.9607902167e-02,8.9482108013e-02,8.9259501608e-02,8.8921640595e-02,8.8551690227e-02,8.8146762879e-02,8.7500352052e-02,8.6779890493e-02,8.5892352907e-02,8.4653568613e-02,8.3226170944e-02,8.1222029324e-02,7.8623236999e-02,7.5172791666e-02,6.9682167840e-02,6.3610649035e-02,5.7765391769e-02,5.3019277026e-02,4.9550400251e-02,4.7028860248e-02,4.4856775733e-02,4.2794239846e-02,4.0711097801e-02,3.8528875745e-02,3.6180659896e-02,3.3650993429e-02,3.0946405506e-02,2.8059998499e-02,2.5011799961e-02,2.1808779079e-02,1.8486931086e-02,1.5191586545e-02,1.2033218463e-02,9.1029755521e-03,6.5424212821e-03,4.4891354177e-03,2.9517632469e-03,1.8500142214e-03,1.0960392748e-03,6.0854307816e-04,3.1440552676e-04,1.5002723241e-04,6.5347299355e-05,2.5875662135e-05,9.1712615777e-06,2.8656935155e-06,7.7777348835e-07,1.7719475941e-07,0.0000000000e+00,0.0000000000e+00,0.0000000000e+00,0.0000000000e+00,0.0000000000e+00,0.0000000000e+00,0.0000000000e+00,0.0000000000e+00,0.0000000000e+00,0.0000000000e+00,0.0000000000e+00,0.0000000000e+00,0.0000000000e+00,0.0000000000e+00,0.0000000000e+00,0.0000000000e+00,0.0000000000e+00,0.0000000000e+00,0.0000000000e+00,0.0000000000e+00,0.0000000000e+00,0.0000000000e+00,0.0000000000e+00,0.0000000000e+00,0.0000000000e+00,0.0000000000e+00,0.0000000000e+00,0.0000000000e+00,0.0000000000e+00,0.0000000000e+00,0.0000000000e+00,0.0000000000e+00,0.0000000000e+00,0.0000000000e+00,0.0000000000e+00,0.0000000000e+00,0.0000000000e+00,0.0000000000e+00,0.0000000000e+00,0.0000000000e+00,0.0000000000e+00,0.0000000000e+00,0.0000000000e+00,0.0000000000e+00,0.0000000000e+00,0.0000000000e+00,0.0000000000e+00,0.0000000000e+00
3.0253054571e+02,8.5608559398e-02,8.5608559398e-02,8.5608559398e-02,8.5608559398e-02,8.5608559398e-02,8.5608559398e-02,8.5608559398e-02,8.5608559398e-02,8.5608559398e-02,8.5608559398e-02,8.5608559398e-02,8.5608559398e-02,8.5608559398e-02,8.5608559398e-02,8.5608559398e-02,8.5608559398e-02,8.5608559398e-02,8.5608559398e-02,8.5608559398e-02,8.5608559398e-02,8.5608559398e-02,8.5608559398e-02,8.5608559398e-02,8.5608559398e-02,8.5608559398e-02,8.5608559398e-02,8.5608559398e-02,8.5608559398e-02,8.5608559398e-02,8.5608559398e-02,8.5608559398e-02,8.5608559398e-02,8.5608559398e-02,8.5608559398e-02,8.5608559398e-02,8.5608559398e-02,8.5608559398e-02,8.5608559398e-02,8.5608559398e-02,8.5608559398e-02,8.5608559398e-02,8.5608559398e-02,8.5608559398e-02,8.5608559398e-02,8.5608559398e-02,8.5608559398e-02,8.5608559398e-02,8.5608559398e-02,8.5608559398e-02,8.5608559398e-02,8.5608559398e-02,8.5608559398e-02,8.5608559398e-02,8.5608559398e-02,8.5608559398e-02,8.5608559398e-02,8.5608559398e-02,8.5608559398e-02,8.5608559398e-02,8.5608559398e-02,8.5608559398e-02,8.5608559398e-02,8.5608559398e-02,8.5608559398e-02,8.5608559398e-02,8.5608559398e-02,8.5608559398e-02,8.5608559398e-02,8.5608559398e-02,8.5608559398e-02,8.5608559398e-02,8.5608559398e-02,8.5608559398e-02,8.5608559398e-02,8.5608559398e-02,8.5608559398e-02,8.5608559398e-02,8.5608559398e-02,8.5608559398e-02,8.5608559398e-02,8.5608559398e-02,8.5608559398e-02,8.5608559398e-02,8.5608559398e-02,8.5608559398e-02,8.5608559398e-02,8.5608559398e-02,8.5608559398e-02,8.5608559398e-02,8.5603283952e-02,8.5591430039e-02,8.5578400390e-02,8.5564078595e-02,8.5548336762e-02,8.5531034394e-02,8.5512017156e-02,8.5491115522e-02,8.5468143306e-02,8.5442896030e-02,8.5415149161e-02,8.5384656169e-02,8.5309234568e-02,8.5220312938e-02,8.5122664313e-02,8.5015443865e-02,8.4897727408e-02,8.4692711926e-02,8.4383792794e-02,8.4045484102e-02,8.3675130966e-02,8.3087414281e-02,8.2432341045e-02,8.1626821953e-02,8.0506109509e-02,7.9215225847e-02,7.7408208501e-02,7.5067937227e-02,7.1962149921e-02,6.7017745591e-02,6.1522567946e-02,5.6192683229e-02,5.1818474095e-02,4.8580368125e-02,4.6200102999e-02,4.4134414982e-02,4.2164555105e-02,4.0170317871e-02,3.8077451864e-02,3.5821594444e-02,3.3387183881e-02,3.0779569723e-02,2.7990977186e-02,2.5039206264e-02,2.1929399453e-02,1.8693029494e-02,1.5465086707e-02,1.2350332922e-02,9.4377726329e-03,6.8683435560e-03,4.7812650782e-03,3.1942359596e-03,2.0376895207e-03,1.2314687785e-03,6.9931732733e-04,3.7063767091e-04,1.8203586546e-04,8.1935465696e-05,3.3670106174e-05,1.2446322983e-05,4.0771909277e-06,1.1707143680e-06,3.0022307245e-07,0.0000000000e+00,0.0000000000e+00,0.0000000000e+00,0.0000000000e+00,0.0000000000e+00,0.0000000000e+00,0.0000000000e+00,0.0000000000e+00,0.0000000000e+00,0.0000000000e+00,0.0000000000e+00,0.0000000000e+00,0.0000000000e+00,0.0000000000e+00,0.0000000000e+00,0.0000000000e+00,0.0000000000e+00,0.0000000000e+00,0.0000000000e+00,0.0000000000e+00,0.0000000000e+00,0.0000000000e+00,0.0000000000e+00,0.0000000000e+00,0.0000000000e+00,0.0000000000e+00,0.0000000000e+00,0.0000000000e+00,0.0000000000e+00,0.0000000000e+00,0.0000000000e+00,0.0000000000e+00,0.0000000000e+00,0.0000000000e+00,0.0000000000e+00,0.0000000000e+00,0.0000000000e+00,0.0000000000e+00,0.0000000000e+00,0.0000000000e+00,0.0000000000e+00,0.0000000000e+00,0.0000000000e+00,0.0000000000e+00,0.0000000000e+00,0.0000000000e+00,0.0000000000e+00,0.0000000000e+00
3.1622776602e+02,8.1212654299e-02,8.1212654299e-02,8.1212654299e-02,8.1212654299e-02,8.1212654299e-02,8.1212654299e-02,8.1212654299e-02,8.1212654299e-02,8.1212654299e-02,8.1212654299e-02,8.1212654299e-02,8.1212654299e-02,8.1212654299e-02,8.1212654299e-02,8.1212654299e-02,8.1212654299e-02,8.1212654299e-02,8.1212654299e-02,8.1212654299e-02,8.1212654299e-02,8.1212654299e-02,8.1212654299e-02,8.1212654299e-02,8.1212654299e-02,8.1212654299e-02,8.1212654299e-02,8.1212654299e-02,8.1212654299e-02,8.1212654299e-02,8.1212654299e-02,8.1212654299e-02,8.1212654299e-02,8.1212654299e-02,8.1212654299e-02,8.1212654299e-02,8.1212654299e-02,8.1212654299e-02,8.1212654299e-02,8.1212654299e-02,8.1212654299e-02,8.1212654299e-02,8.1212654299e-02,8.1212654299e-02,8.1212654299e-02,8.1212654299e-02,8.1212654299e-02,8.1212654299e-02,8.1212654299e-02,8.1212654299e-02,8.1212654299e-02,8.1212654299e-02,8.1212654299e-02,8.1212654299e-02,8.1212654299e-02,8.1212654299e-02,8.1212654299e-02,8.1212654299e-02,8.1212654299e-02,8.1212654299e-02,8.1212654299e-02,8.1212654299e-02,8.1212654299e-02,8.1212654299e-02,8.1212654299e-02,8.1212654299e-02,8.1212654299e-02,8.1212654299e-02,8.1212654299e-02,8.1212654299e-02,8.1212654299e-02,8.1212654299e-02,8.1212654299e-02,8.1212654299e-02,8.1212654299e-02,8.1212654299e-02,8.1212654299e-02,8.1212654299e-02,8.1212654299e-02,8.1212654299e-02,8.1212654299e-02,8.1212654299e-02,8.1212654299e-02,8.1212654299e-02,8.1212654299e-02,8.1212654299e-02,8.1212654299e-02,8.1212654299e-02,8.1212654299e-02,8.1212654299e-02,8.1212654299e-02,8.1212630088e-02,8.1198305450e-02,8.1182560641e-02,8.1165255183e-02,8.1146234765e-02,8.1125329901e-02,8.1102354452e-02,8.1077104008e-02,8.1049354122e-02,8.1018858375e-02,8.0985346259e-02,8.0948520867e-02,8.0882683582e-02,8.0770942754e-02,8.0648279128e-02,8.0513644398e-02,8.0365893687e-02,8.0201950643e-02,7.9819010420e-02,7.9400136463e-02,7.8942185479e-02,7.8326995670e-02,7.7514573422e-02,7.6631161376e-02,7.5309877204e-02,7.3792878684e-02,7.1572614163e-02,6.8936147242e-02,6.4362723846e-02,5.9465765168e-02,5.4515398886e-02,5.0571057923e-02,4.7605267686e-02,4.5348948246e-02,4.3384686635e-02,4.1508899989e-02,3.9602587740e-02,3.7595047734e-02,3.5429491852e-02,3.3088218340e-02,3.0574852414e-02,2.7888019691e-02,2.5032130909e-02,2.2017975014e-02,1.8869045621e-02,1.5714065649e-02,1.2646246303e-02,9.7579304279e-03,7.1872242551e-03,5.0728363429e-03,3.4409546752e-03,2.2326662649e-03,1.3752130933e-03,7.9797819593e-04,4.3337775631e-04,2.1881498929e-04,1.0162937811e-04,4.3264221683e-05,1.6640861728e-05,5.7090955966e-06,1.7192304044e-06,4.4717631776e-07,9.0994984340e-08,0.0000000000e+00,0.0000000000e+00,0.0000000000e+00,0.0000000000e+00,0.0000000000e+00,0.0000000000e+00,0.0000000000e+00,0.0000000000e+00,0.0000000000e+00,0.0000000000e+00,0.0000000000e+00,0.0000000000e+00,0.0000000000e+00,0.0000000000e+00,0.0000000000e+00,0.0000000000e+00,0.0000000000e+00,0.0000000000e+00,0.0000000000e+00,0.0000000000e+00,0.0000000000e+00,0.0000000000e+00,0.0000000000e+00,0.0000000000e+00,0.0000000000e+00,0.0000000000e+00,0.0000000000e+00,0.0000000000e+00,0.0000000000e+00,0.0000000000e+00,0.0000000000e+00,0.0000000000e+00,0.0000000000e+00,0.0000000000e+00,0.0000000000e+00,0.0000000000e+00,0.0000000000e+00,0.0000000000e+00,0.0000000000e+00,0.0000000000e+00,0.0000000000e+00,0.0000000000e+00,0.0000000000e+00,0.0000000000e+00,0.0000000000e+00,0.0000000000e+00,0.0000000000e+00
3.3054513476e+02,7.7180247346e-02,7.7180247346e-02,7.7180247346e-02,7.7180247346e-02,7.7180247346e-02,7.7180247346e-02,7.7180247346e-02,7.7180247346e-02,7.7180247346e-02,7.7180247346e-02,7.7180247346e-02,7.7180247346e-02,7.7180247346e-02,7.7180247346e-02,7.7180247346e-02,7.7180247346e-02,7.7180247346e-02,7.7180247346e-02,7.7180247346e-02,7.7180247346e-02,7.7180247346e-02,7.7180247346e-02,7.7180247346e-02,7.7180247346e-02,7.7180247346e-02,7.7180247346e-02,7.7180247346e-02,7.7180247346e-02,7.7180247346e-02,7.7180247346e-02,7.7180247346e-02,7.7180247346e-02,7.7180247346e-02,7.7180247346e-02,7.7180247346e-02,7.7180247346e-02,7.7180247346e-02,7.7180247346e-02,7.7180247346e-02,7.7180247346e-02,7.7180247346e-02,7.7180247346e-02,7.7180247346e-02,7.7180247346e-02,7.7180247346e-02,7.7180247346e-02,7.7180247346e-02,7.7180247346e-02,7.7180247346e-02,7.7180247346e-02,7.7180247346e-02,7.7180247346e-02,7.7180247346e-02,7.7180247346e-02,7.7180247346e-02,7.7180247346e-02,7.7180247346e-02,7.7180247346e-02,7.7180247346e-02,7.7180247346e-02,7.7180247346e-02,7.7180247346e-02,7.7180247346e-02,7.7180247346e-02,7.7180247346e-02,7.7180247346e-02,7.7180247346e-02,7.7180247346e-02,7.7180247346e-02,7.7180247346e-02,7.7180247346e-02,7.7180247346e-02,7.7180247346e-02,7.7180247346e-02,7.7180247346e-02,7.7180247346e-02,7.7180247346e-02,7.7180247346e-02,7.7180247346e-02,7.7180247346e-02,7.7180247346e-02,7.7180247346e-02,7.7180247346e-02,7.7180247346e-02,7.7180247346e-02,7.7180247346e-02,7.7180247346e-02,7.7180247346e-02,7.7180247346e-02,7.7180247346e-02,7.7180223807e-02,7.7166297031e-02,7.7150989594e-02,7.7134164939e-02,7.7115673068e-02,7.7095349231e-02,7.7073012498e-02,7.7048464182e-02,7.7021486129e-02,7.6991838833e-02,7.6959259385e-02,7.6923459231e-02,7.6861185654e-02,7.6757144341e-02,7.6642929518e-02,7.6517564095e-02,7.6379980822e-02,7.6227379485e-02,7.5878151229e-02,7.5496074774e-02,7.5078260539e-02,7.4519003919e-02,7.3782326220e-02,7.2980864092e-02,7.1787565156e-02,7.0417297528e-02,6.8417968377e-02,6.6042262719e-02,6.1923002393e-02,5.7490228554e-02,5.2980324714e-02,4.9345636877e-02,4.6578970686e-02,4.4452564374e-02,4.2589140517e-02,4.0802442367e-02,3.8982624832e-02,3.7062840539e-02,3.4988498775e-02,3.2742039698e-02,3.0326067785e-02,2.7738172159e-02,2.4981318494e-02,2.2064374158e-02,1.9007079398e-02,1.5928503133e-02,1.2916305663e-02,1.0059798393e-02,7.4950207410e-03,5.3603813540e-03,3.6893271767e-03,2.4329128237e-03,1.5261103316e-03,9.0399753967e-04,5.0255249300e-04,2.6052959019e-04,1.2469184155e-04,5.4907481945e-05,2.1938173524e-05,7.8571297198e-06,2.4866258298e-06,6.8483980299e-07,1.5386587798e-07,0.0000000000e+00,0.0000000000e+00,0.0000000000e+00,0.0000000000e+00,0.0000000000e+00,0.0000000000e+00,0.0000000000e+00,0.0000000000e+00,0.0000000000e+00,0.0000000000e+00,0.0000000000e+00,0.0000000000e+00,0.0000000000e+00,0.0000000000e+00,0.0000000000e+00,0.0000000000e+00,0.0000000000e+00,0.0000000000e+00,0.0000000000e+00,0.0000000000e+00,0.0000000000e+00,0.0000000000e+00,0.0000000000e+00,0.0000000000e+00,0.0000000000e+00,0.0000000000e+00,0.0000000000e+00,0.0000000000e+00,0.0000000000e+00,0.0000000000e+00,0.0000000000e+00,0.0000000000e+00,0.0000000000e+00,0.0000000000e+00,0.0000000000e+00,0.0000000000e+00,0.0000000000e+00,0.0000000000e+00,0.0000000000e+00,0.0000000000e+00,0.0000000000e+00,0.0000000000e+00,0.0000000000e+00,0.0000000000e+00,0.0000000000e+00,0.0000000000e+00,0.0000000000e+00
3.4551072946e+02,7.3404850089e-02,7.3404850089e-02,7.3404850089e-02,7.3404850089e-02,7.3404850089e-02,7.3404850089e-02,7.3404850089e-02,7.3404850089e-02,7.3404850089e-02,7.3404850089e-02,7.3404850089e-02,7.3404850089e-02,7.3404850089e-02,7.3404850089e-02,7.3404850089e-02,7.3404850089e-02,7.3404850089e-02,7.3404850089e-02,7.3404850089e-02,7.3404850089e-02,7.3404850089e-02,7.3404850089e-02,7.3404850089e-02,7.3404850089e-02,7.3404850089e-02,7.3404850089e-02,7.3404850089e-02,7.3404850089e-02,7.3404850089e-02,7.3404850089e-02,7.3404850089e-02,7.3404850089e-02,7.3404850089e-02,7.3404850089e-02,7.3404850089e-02,7.3404850089e-02,7.3404850089e-02,7.3404850089e-02,7.3404850089e-02,7.3404850089e-02,7.3404850089e-02,7.3404850089e-02,7.3404850089e-02,7.3404850089e-02,7.3404850089e-02,7.3404850089e-02,7.3404850089e-02,7.3404850089e-02,7.3404850089e-02,7.3404850089e-02,7.3404850089e-02,7.3404850089e-02,7.3404850089e-02,7.3404850089e-02,7.3404850089e-02,7.3404850089e-02,7.3404850089e-02,7.3404850089e-02,7.3404850089e-02,7.3404850089e-02,7.3404850089e-02,7.3404850089e-02,7.3404850089e-02,7.3404850089e-02,7.3404850089e-02,7.3404850089e-02,7.3404850089e-02,7.3404850089e-02,7.3404850089e-02,7.3404850089e-02,7.3404850089e-02,7.3404850089e-02,7.3404850089e-02,7.3404850089e-02,7.3404850089e-02,7.3404850089e-02,7.3404850089e-02,7.3404850089e-02,7.3404850089e-02,7.3404850089e-02,7.3404850089e-02,7.3404850089e-02,7.3404850089e-02,7.3404850089e-02,7.3404850089e-02,7.3404850089e-02,7.3404850089e-02,7.3404850089e-02,7.3404850089e-02,7.3404850089e-02,7.3404827203e-02,7.3391286884e-02,7.3376404280e-02,7.3360046641e-02,7.3342068156e-02,7.3322308676e-02,7.3300592328e-02,7.3276725985e-02,7.3250497599e-02,7.3221674379e-02,7.3190000795e-02,7.3155196398e-02,7.3096229630e-02,7.2999257085e-02,7.2892799220e-02,7.2775944410e-02,7.2647696780e-02,7.2505505805e-02,7.2186789742e-02,7.1838027179e-02,7.1456560798e-02,7.0947823873e-02,7.0279451476e-02,6.9551942983e-02,6.8473665204e-02,6.7235349243e-02,6.5434119562e-02,6.3292582053e-02,5.9581532950e-02,5.5568810830e-02,5.1460836124e-02,4.8112592772e-02,4.5533296258e-02,4.3531201887e-02,4.1765490077e-02,4.0065823197e-02,3.8330850111e-02,3.6497420537e-02,3.4513128944e-02,3.2360595009e-02,3.0041469729e-02,2.7552398047e-02,2.4895007365e-02,2.2076377010e-02,1.9112776101e-02,1.6114075731e-02,1.3162449362e-02,1.0343911320e-02,7.7918402225e-03,5.6434955486e-03,3.9386882659e-03,2.6379348490e-03,1.6838265412e-03,1.0173077495e-03,5.7831878999e-04,3.0747809090e-04,1.5145062859e-04,6.8882620914e-05,2.8541876484e-05,1.0651293757e-05,3.5341399395e-06,1.0274642464e-06,2.5175087554e-07,2.3102124630e-08,0.0000000000e+00,0.0000000000e+00,0.0000000000e+00,0.0000000000e+00,0.0000000000e+00,0.0000000000e+00,0.0000000000e+00,0.0000000000e+00,0.0000000000e+00,0.0000000000e+00,0.0000000000e+00,0.0000000000e+00,0.0000000000e+00,0.0000000000e+00,0.0000000000e+00,0.0000000000e+00,0.0000000000e+00,0.0000000000e+00,0.0000000000e+00,0.0000000000e+00,0.0000000000e+00,0.0000000000e+00,0.0000000000e+00,0.0000000000e+00,0.0000000000e+00,0.0000000000e+00,0.0000000000e+00,0.0000000000e+00,0.0000000000e+00,0.0000000000e+00,0.0000000000e+00,0.0000000000e+00,0.0000000000e+00,0.0000000000e+00,0.0000000000e+00,0.0000000000e+00,0.0000000000e+00,0.0000000000e+00,0.0000000000e+00,0.0000000000e+00,0.0000000000e+00,0.0000000000e+00,0.0000000000e+00,0.0000000000e+00,0.0000000000e+00,0.0000000000e+00
3.6115389887e+02,6.9666357115e-02,6.9666357115e-02,6.9666357115e-02,6.9666357115e-02,6.9666357115e-02,6.9666357115e-02,6.9666357115e-02,6.9666357115e-02,6.9666357115e-02,6.9666357115e-02,6.9666357115e-02,6.9666357115e-02,6.9666357115e-02,6.9666357115e-02,6.9666357115e-02,6.9666357115e-02,6.9666357115e-02,6.9666357115e-02,6.9666357115e-02,6.9666357115e-02,6.9666357115e-02,6.9666357115e-02,6.9666357115e-02,6.9666357115e-02,6.9666357115e-02,6.9666357115e-02,6.9666357115e-02,6.9666357115e-02,6.9666357115e-02,6.9666357115e-02,6.9666357115e-02,6.9666357115e-02,6.9666357115e-02,6.9666357115e-02,6.9666357115e-02,6.9666357115e-02,6.9666357115e-02,6.9666357115e-02,6.9666357115e-02,6.9666357115e-02,6.9666357115e-02,6.9666357115e-02,6.9666357115e-02,6.9666357115e-02,6.9666357115e-02,6.9666357115e-02,6.9666357115e-02,6.9666357115e-02,6.9666357115e-02,6.9666357115e-02,6.9666357115e-02,6.9666357115e-02,6.9666357115e-02,6.9666357115e-02,6.9666357115e-02,6.9666357115e-02,6.9666357115e-02,6.9666357115e-02,6.9666357115e-02,6.9666357115e-02,6.9666357115e-02,6.9666357115e-02,6.9666357115e-02,6.9666357115e-02,6.9666357115e-02,6.9666357115e-02,6.9666357115e-02,6.9666357115e-02,6.9666357115e-02,6.9666357115e-02,6.9666357115e-02,6.9666357115e-02,6.9666357115e-02,6.9666357115e-02,6.9666357115e-02,6.9666357115e-02,6.9666357115e-02,6.9666357115e-02,6.9666357115e-02,6.9666357115e-02,6.9666357115e-02,6.9666357115e-02,6.9666357115e-02,6.9666357115e-02,6.9666357115e-02,6.9666357115e-02,6.9666357115e-02,6.9666357115e-02,6.9666357115e-02,6.9666357115e-02,6.9666357115e-02,6.9666357115e-02,6.9657566672e-02,6.9639606459e-02,6.9619867327e-02,6.9598173661e-02,6.9574332631e-02,6.9548132530e-02,6.9519340958e-02,6.9487702832e-02,6.9452938220e-02,6.9414739978e-02,6.9372771162e-02,6.9326662221e-02,6.9203747231e-02,6.9062923813e-02,6.8908440905e-02,6.8739009568e-02,6.8553226715e-02,6.8258062235e-02,6.7851723068e-02,6.7407806790e-02,6.6923140205e-02,6.6096975724e-02,6.5194632043e-02,6.4056927740e-02,6.2493185514e-02,6.0500207126e-02,5.7181819991e-02,5.3636037666e-02,4.9860832020e-02,4.6901041868e-02,4.4507880207e-02,4.2606738375e-02,4.0943064683e-02,3.9324276671e-02,3.7671039585e-02,3.5921606959e-02,3.4022504462e-02,3.1966451502e-02,2.9739143902e-02,2.7345206256e-02,2.4786567042e-02,2.2068717801e-02,1.9195510710e-02,1.6276775934e-02,1.3390606766e-02,1.0614507530e-02,8.0799551166e-03,5.9233010932e-03,4.1896617365e-03,2.8480280113e-03,1.8485873483e-03,1.1382416365e-03,6.6112085128e-04,3.6012231240e-04,1.8233264601e-04,8.5542704823e-05,3.6710898868e-05,1.4260302866e-05,4.9633309480e-06,1.5364597322e-06,4.2268051085e-07,1.0496848335e-07,3.6822826263e-08,0.0000000000e+00,0.0000000000e+00,0.0000000000e+00,0.0000000000e+00,0.0000000000e+00,0.0000000000e+00,0.0000000000e+00,0.0000000000e+00,0.0000000000e+00,0.0000000000e+00,0.0000000000e+00,0.0000000000e+00,0.0000000000e+00,0.0000000000e+00,0.0000000000e+00,0.0000000000e+00,0.0000000000e+00,0.0000000000e+00,0.0000000000e+00,0.0000000000e+00,0.0000000000e+00,0.0000000000e+00,0.0000000000e+00,0.0000000000e+00,0.0000000000e+00,0.0000000000e+00,0.0000000000e+00,0.0000000000e+00,0.0000000000e+00,0.0000000000e+00,0.0000000000e+00,0.0000000000e+00,0.0000000000e+00,0.0000000000e+00,0.0000000000e+00,0.0000000000e+00,0.0000000000e+00,0.0000000000e+00,0.0000000000e+00,0.0000000000e+00,0.0000000000e+00,0.0000000000e+00,0.0000000000e+00,0.0000000000e+00,0.0000000000e+00
3.7750532053e+02,6.6363692130e-02,6.6363692130e-02,6.6363692130e-02,6.6363692130e-02,6.6363692130e-02,6.6363692130e-02,6.6363692130e-02,6.6363692130e-02,6.6363692130e-02,6.6363692130e-02,6.6363692130e-02,6.6363692130e-02,6.6363692130e-02,6.6363692130e-02,6.6363692130e-02,6.6363692130e-02,6.6363692130e-02,6.6363692130e-02,6.6363692130e-02,6.6363692130e-02,6.6363692130e-02,6.6363692130e-02,6.6363692130e-02,6.6363692130e-02,6.6363692130e-02,6.6363692130e-02,6.6363692130e-02,6.6363692130e-02,6.6363692130e-02,6.6363692130e-02,6.6363692130e-02,6.6363692130e-02,6.6363692130e-02,6.6363692130e-02,6.6363692130e-02,6.6363692130e-02,6.6363692130e-02,6.6363692130e-02,6.6363692130e-02,6.6363692130e-02,6.6363692130e-02,6.6363692130e-02,6.6363692130e-02,6.6363692130e-02,6.6363692130e-02,6.6363692130e-02,6.6363692130e-02,6.6363692130e-02,6.6363692130e-02,6.6363692130e-02,6.6363692130e-02,6.6363692130e-02,6.6363692130e-02,6.6363692130e-02,6.6363692130e-02,6.6363692130e-02,6.6363692130e-02,6.6363692130e-02,6.6363692130e-02,6.6363692130e-02,6.6363692130e-02,6.6363692130e-02,6.6363692130e-02,6.6363692130e-02,6.6363692130e-02,6.6363692130e-02,6.6363692130e-02,6.6363692130e-02,6.6363692130e-02,6.6363692130e-02,6.6363692130e-02,6.6363692130e-02,6.6363692130e-02,6.6363692130e-02,6.6363692130e-02,6.6363692130e-02,6.6363692130e-02,6.6363692130e-02,6.6363692130e-02,6.6363692130e-02,6.6363692130e-02,6.6363692130e-02,6.6363692130e-02,6.6363692130e-02,6.6363692130e-02,6.6363692130e-02,6.6363692130e-02,6.6363692130e-02,6.6363692130e-02,6.6363692130e-02,6.6363692130e-02,6.6363692130e-02,6.6355210021e-02,6.6337879824e-02,6.6318833176e-02,6.6297900643e-02,6.6274896185e-02,6.6249615554e-02,6.6221834537e-02,6.6191307050e-02,6.6157763040e-02,6.6120906205e-02,6.6080411510e-02,6.6035922474e-02,6.5922025156e-02,6.5791685876e-02,6.5648695357e-02,6.5491857991e-02,6.5319871910e-02,6.5049427691e-02,6.4678822023e-02,6.4273834470e-02,6.3831538929e-02,6.3083360912e-02,6.2265727974e-02,6.1236660078e-02,5.9825421703e-02,5.8027228649e-02,5.5035913175e-02,5.1824328669e-02,4.8386702237e-02,4.5658045114e-02,4.3432083811e-02,4.1646745937e-02,4.0073733655e-02,3.8537848610e-02,3.6965678041e-02,3.5299222452e-02,3.3487283126e-02,3.1522377395e-02,2.9390096481e-02,2.7093869803e-02,2.4634405455e-02,2.2015661943e-02,1.9238985528e-02,1.6405520664e-02,1.3588095280e-02,1.0860714406e-02,8.3512267752e-03,6.1933775154e-03,4.4369676511e-03,3.0592798385e-03,2.0176797871e-03,1.2650280081e-03,7.4994731839e-04,4.1806439937e-04,2.1730564376e-04,1.0500848943e-04,4.6586295398e-05,1.8783969995e-05,6.8168662107e-06,2.2102798440e-06,6.3820294093e-07,1.6609144759e-07,5.5474501010e-08,0.0000000000e+00,0.0000000000e+00,0.0000000000e+00,0.0000000000e+00,0.0000000000e+00,0.0000000000e+00,0.0000000000e+00,0.0000000000e+00,0.0000000000e+00,0.0000000000e+00,0.0000000000e+00,0.0000000000e+00,0.0000000000e+00,0.0000000000e+00,0.0000000000e+00,0.0000000000e+00,0.0000000000e+00,0.0000000000e+00,0.0000000000e+00,0.0000000000e+00,0.0000000000e+00,0.0000000000e+00,0.0000000000e+00,0.0000000000e+00,0.0000000000e+00,0.0000000000e+00,0.0000000000e+00,0.0000000000e+00,0.0000000000e+00,0.0000000000e+00,0.0000000000e+00,0.0000000000e+00,0.0000000000e+00,0.0000000000e+00,0.0000000000e+00,0.0000000000e+00,0.0000000000e+00,0.0000000000e+00,0.0000000000e+00,0.0000000000e+00,0.0000000000e+00,0.0000000000e+00,0.0000000000e+00,0.0000000000e+00,0.0000000000e+00
3.9459706091e+02,6.3258627520e-02,6.3258627520e-02,6.3258627520e-02,6.3258627520e-02,6.3258627520e-02,6.3258627520e-02,6.3258627520e-02,6.3258627520e-02,6.3258627520e-02,6.3258627520e-02,6.3258627520e-02,6.3258627520e-02,6.3258627520e-02,6.3258627520e-02,6.3258627520e-02,6.3258627520e-02,6.3258627520e-02,6.3258627520e-02,6.3258627520e-02,6.3258627520e-02,6.3258627520e-02,6.3258627520e-02,6.3258627520e-02,6.3258627520e-02,6.3258627520e-02,6.3258627520e-02,6.3258627520e-02,6.3258627520e-02,6.3258627520e-02,6.3258627520e-02,6.3258627520e-02,6.3258627520e-02,6.3258627520e-02,6.3258627520e-02,6.3258627520e-02,6.3258627520e-02,6.3258627520e-02,6.3258627520e-02,6.3258627520e-02,6.3258627520e-02,6.3258627520e-02,6.3258627520e-02,6.3258627520e-02,6.3258627520e-02,6.3258627520e-02,6.3258627520e-02,6.3258627520e-02,6.3258627520e-02,6.3258627520e-02,6.3258627520e-02,6.3258627520e-02,6.3258627520e-02,6.3258627520e-02,6.3258627520e-02,6.3258627520e-02,6.3258627520e-02,6.3258627520e-02,6.3258627520e-02,6.3258627520e-02,6.3258627520e-02,6.3258627520e-02,6.3258627520e-02,6.3258627520e-02,6.3258627520e-02,6.3258627520e-02,6.3258627520e-02,6.3258627520e-02,6.3258627520e-02,6.3258627520e-02,6.3258627520e-02,6.3258627520e-02,6.3258627520e-02,6.3258627520e-02,6.3258627520e-02,6.3258627520e-02,6.3258627520e-02,6.3258627520e-02,6.3258627520e-02,6.3258627520e-02,6.3258627520e-02,6.3258627520e-02,6.3258627520e-02,6.3258627520e-02,6.3258627520e-02,6.3258627520e-02,6.3258627520e-02,6.3258627520e-02,6.3258627520e-02,6.3258627520e-02,6.3258627520e-02,6.3258627520e-02,6.3258627520e-02,6.3250440812e-02,6.3233714206e-02,6.3215330994e-02,6.3195127662e-02,6.3172924676e-02,6.3148524928e-02,6.3121712055e-02,6.3092248585e-02,6.3059873928e-02,6.3024302170e-02,6.2985219679e-02,6.2942282492e-02,6.2836626439e-02,6.2715862862e-02,6.2583369794e-02,6.2438037134e-02,6.2278655780e-02,6.2030633771e-02,6.1692357066e-02,6.1322602527e-02,6.0918671411e-02,6.0240686798e-02,5.9499367290e-02,5.8568022628e-02,5.7293747678e-02,5.5670603026e-02,5.2973436687e-02,5.0064286349e-02,4.6934349525e-02,4.4419513363e-02,4.2350152266e-02,4.0674920774e-02,3.9189177418e-02,3.7733597041e-02,3.6240265903e-02,3.4654738516e-02,3.2928053945e-02,3.1052571256e-02,2.9013814300e-02,2.6814112773e-02,2.4453051542e-02,2.1933173788e-02,1.9253559458e-02,1.6507146594e-02,1.3761645428e-02,1.1087460570e-02,8.6084560223e-03,6.4552090717e-03,4.6814104121e-03,3.2720102153e-03,2.1912347314e-03,1.3978278786e-03,8.4505945144e-04,4.8162663927e-04,2.5671877972e-04,1.2761048759e-04,5.8440490584e-05,2.4419464369e-05,9.2237449804e-06,3.1266118932e-06,9.4659530062e-07,2.5843985266e-07,8.4852790916e-08,0.0000000000e+00,0.0000000000e+00,0.0000000000e+00,0.0000000000e+00,0.0000000000e+00,0.0000000000e+00,0.0000000000e+00,0.0000000000e+00,0.0000000000e+00,0.0000000000e+00,0.0000000000e+00,0.0000000000e+00,0.0000000000e+00,0.0000000000e+00,0.0000000000e+00,0.0000000000e+00,0.0000000000e+00,0.0000000000e+00,0.0000000000e+00,0.0000000000e+00,0.0000000000e+00,0.0000000000e+00,0.0000000000e+00,0.0000000000e+00,0.0000000000e+00,0.0000000000e+00,0.0000000000e+00,0.0000000000e+00,0.0000000000e+00,0.0000000000e+00,0.0000000000e+00,0.0000000000e+00,0.0000000000e+00,0.0000000000e+00,0.0000000000e+00,0.0000000000e+00,0.0000000000e+00,0.0000000000e+00,0.0000000000e+00,0.0000000000e+00,0.0000000000e+00,0.0000000000e+00,0.0000000000e+00,0.0000000000e+00,0.0000000000e+00
4.1246263829e+02,6.0335574166e-02,6.0335574166e-02,6.0335574166e-02,6.0335574166e-02,6.0335574166e-02,6.0335574166e-02,6.0335574166e-02,6.0335574166e-02,6.0335574166e-02,6.0335574166e-02,6.0335574166e-02,6.0335574166e-02,6.0335574166e-02,6.0335574166e-02,6.0335574166e-02,6.0335574166e-02,6.0335574166e-02,6.0335574166e-02,6.0335574166e-02,6.0335574166e-02,6.0335574166e-02,6.0335574166e-02,6.0335574166e-02,6.0335574166e-02,6.0335574166e-02,6.0335574166e-02,6.0335574166e-02,6.0335574166e-02,6.0335574166e-02,6.0335574166e-02,6.0335574166e-02,6.0335574166e-02,6.0335574166e-02,6.0335574166e-02,6.0335574166e-02,6.0335574166e-02,6.0335574166e-02,6.0335574166e-02,6.0335574166e-02,6.0335574166e-02,6.0335574166e-02,6.0335574166e-02,6.0335574166e-02,6.0335574166e-02,6.0335574166e-02,6.0335574166e-02,6.0335574166e-02,6.0335574166e-02,6.0335574166e-02,6.0335574166e-02,6.0335574166e-02,6.0335574166e-02,6.0335574166e-02,6.0335574166e-02,6.0335574166e-02,6.0335574166e-02,6.0335574166e-02,6.0335574166e-02,6.0335574166e-02,6.0335574166e-02,6.0335574166e-02,6.0335574166e-02,6.0335574166e-02,6.0335574166e-02,6.0335574166e-02,6.0335574166e-02,6.0335574166e-02,6.0335574166e-02,6.0335574166e-02,6.0335574166e-02,6.0335574166e-02,6.0335574166e-02,6.0335574166e-02,6.0335574166e-02,6.0335574166e-02,6.0335574166e-02,6.0335574166e-02,6.0335574166e-02,6.0335574166e-02,6.0335574166e-02,6.0335574166e-02,6.0335574166e-02,6.0335574166e-02,6.0335574166e-02,6.0335574166e-02,6.0335574166e-02,6.0335574166e-02,6.0335574166e-02,6.0335574166e-02,6.0335574166e-02,6.0335574166e-02,6.0335574166e-02,6.0327671060e-02,6.0311523932e-02,6.0293777649e-02,6.0274274382e-02,6.0252840836e-02,6.0229286764e-02,6.0203403329e-02,6.0174961333e-02,6.0143709262e-02,6.0109371174e-02,6.0071644381e-02,6.0030196931e-02,5.9932077281e-02,5.9820064638e-02,5.9697165630e-02,5.9562348526e-02,5.9414489286e-02,5.9186811797e-02,5.8877789842e-02,5.8539929519e-02,5.8170741161e-02,5.7555951429e-02,5.6883394745e-02,5.6039979573e-02,5.4888747629e-02,5.3422952613e-02,5.0990363959e-02,4.8354886664e-02,4.5505311420e-02,4.3188196658e-02,4.1265397969e-02,3.9694721696e-02,3.8292821837e-02,3.6914857034e-02,3.5498017974e-02,3.3991227820e-02,3.2347721243e-02,3.0559739930e-02,2.8612776721e-02,2.6508152722e-02,2.4244422646e-02,2.1822826685e-02,1.9240404631e-02,1.6582360248e-02,1.3911452127e-02,1.1294423399e-02,8.8508647656e-03,6.7077124306e-03,4.9218006322e-03,3.4851114439e-03,2.3683708011e-03,1.5360670829e-03,9.4619875717e-04,5.5081085471e-04,3.0074317929e-04,1.5359053879e-04,7.2507856283e-05,3.1349359941e-05,1.2303471029e-05,4.3522127051e-06,1.3797887837e-06,3.9525982134e-07,1.3058464908e-07,0.0000000000e+00,0.0000000000e+00,0.0000000000e+00,0.0000000000e+00,0.0000000000e+00,0.0000000000e+00,0.0000000000e+00,0.0000000000e+00,0.0000000000e+00,0.0000000000e+00,0.0000000000e+00,0.0000000000e+00,0.0000000000e+00,0.0000000000e+00,0.0000000000e+00,0.0000000000e+00,0.0000000000e+00,0.0000000000e+00,0.0000000000e+00,0.0000000000e+00,0.0000000000e+00,0.0000000000e+00,0.0000000000e+00,0.0000000000e+00,0.0000000000e+00,0.0000000000e+00,0.0000000000e+00,0.0000000000e+00,0.0000000000e+00,0.0000000000e+00,0.0000000000e+00,0.0000000000e+00,0.0000000000e+00,0.0000000000e+00,0.0000000000e+00,0.0000000000e+00,0.0000000000e+00,0.0000000000e+00,0.0000000000e+00,0.0000000000e+00,0.0000000000e+00,0.0000000000e+00,0.0000000000e+00,0.0000000000e+00,0.0000000000e+00
4.3113708854e+02,5.7580315551e-02,5.7580315551e-02,5.7580315551e-02,5.7580315551e-02,5.7580315551e-02,5.7580315551e-02,5.7580315551e-02,5.7580315551e-02,5.7580315551e-02,5.7580315551e-02,5.7580315551e-02,5.7580315551e-02,5.7580315551e-02,5.7580315551e-02,5.7580315551e-02,5.7580315551e-02,5.7580315551e-02,5.7580315551e-02,5.7580315551e-02,5.7580315551e-02,5.7580315551e-02,5.7580315551e-02,5.7580315551e-02,5.7580315551e-02,5.7580315551e-02,5.7580315551e-02,5.7580315551e-02,5.7580315551e-02,5.7580315551e-02,5.7580315551e-02,5.7580315551e-02,5.7580315551e-02,5.7580315551e-02,5.7580315551e-02,5.7580315551e-02,5.7580315551e-02,5.7580315551e-02,5.7580315551e-02,5.7580315551e-02,5.7580315551e-02,5.7580315551e-02,5.7580315551e-02,5.7580315551e-02,5.7580315551e-02,5.7580315551e-02,5.7580315551e-02,5.7580315551e-02,5.7580315551e-02,5.7580315551e-02,5.7580315551e-02,5.7580315551e-02,5.7580315551e-02,5.7580315551e-02,5.7580315551e-02,5.7580315551e-02,5.7580315551e-02,5.7580315551e-02,5.7580315551e-02,5.7580315551e-02,5.7580315551e-02,5.7580315551e-02,5.7580315551e-02,5.7580315551e-02,5.7580315551e-02,5.7580315551e-02,5.7580315551e-02,5.7580315551e-02,5.7580315551e-02,5.7580315551e-02,5.7580315551e-02,5.7580315551e-02,5.7580315551e-02,5.7580315551e-02,5.7580315551e-02,5.7580315551e-02,5.7580315551e-02,5.7580315551e-02,5.7580315551e-02,5.7580315551e-02,5.7580315551e-02,5.7580315551e-02,5.7580315551e-02,5.7580315551e-02,5.7580315551e-02,5.7580315551e-02,5.7580315551e-02,5.7580315551e-02,5.7580315551e-02,5.7580315551e-02,5.7580315551e-02,5.7580315551e-02,5.7580315551e-02,5.7572685285e-02,5.7557095640e-02,5.7539962109e-02,5.7521132326e-02,5.7500439004e-02,5.7477698488e-02,5.7452709186e-02,5.7425249851e-02,5.7395077703e-02,5.7361926388e-02,5.7325503740e-02,5.7285489360e-02,5.7194266720e-02,5.7090256814e-02,5.6976132264e-02,5.6850933217e-02,5.6713613674e-02,5.6504403476e-02,5.6221862046e-02,5.5912881488e-02,5.5575164302e-02,5.5017285865e-02,5.4406704551e-02,5.3642430687e-02,5.2601772197e-02,5.1277455732e-02,4.9082885345e-02,4.6695049096e-02,4.4100870431e-02,4.1966519185e-02,4.0180791950e-02,3.8709278378e-02,3.7387785909e-02,3.6084681383e-02,3.4741892290e-02,3.3311532738e-02,3.1748987223e-02,3.0046418196e-02,2.8189323162e-02,2.6178101635e-02,2.4010367401e-02,2.1686164703e-02,1.9200705780e-02,1.6631921596e-02,1.4037798917e-02,1.1481392843e-02,9.0777937904e-03,6.9499058780e-03,5.1570133129e-03,3.6974937609e-03,2.5481803283e-03,1.6791133097e-03,1.0530351784e-03,6.2555242660e-04,3.4950230435e-04,1.8316666422e-04,8.9019638372e-05,3.9765697265e-05,1.6189072153e-05,5.9656517720e-06,1.9776054045e-06,5.9415975192e-07,2.0072320432e-07,0.0000000000e+00,0.0000000000e+00,0.0000000000e+00,0.0000000000e+00,0.0000000000e+00,0.0000000000e+00,0.0000000000e+00,0.0000000000e+00,0.0000000000e+00,0.0000000000e+00,0.0000000000e+00,0.0000000000e+00,0.0000000000e+00,0.0000000000e+00,0.0000000000e+00,0.0000000000e+00,0.0000000000e+00,0.0000000000e+00,0.0000000000e+00,0.0000000000e+00,0.0000000000e+00,0.0000000000e+00,0.0000000000e+00,0.0000000000e+00,0.0000000000e+00,0.0000000000e+00,0.0000000000e+00,0.0000000000e+00,0.0000000000e+00,0.0000000000e+00,0.0000000000e+00,0.0000000000e+00,0.0000000000e+00,0.0000000000e+00,0.0000000000e+00,0.0000000000e+00,0.0000000000e+00,0.0000000000e+00,0.0000000000e+00,0.0000000000e+00,0.0000000000e+00,0.0000000000e+00,0.0000000000e+00,0.0000000000e+00,0.0000000000e+00
4.5065703377e+02,5.4979899475e-02,5.4979899475e-02,5.4979899475e-02,5.4979899475e-02,5.4979899475e-02,5.4979899475e-02,5.4979899475e-02,5.4979899475e-02,5.4979899475e-02,5.4979899475e-02,5.4979899475e-02,5.4979899475e-02,5.4979899475e-02,5.4979899475e-02,5.4979899475e-02,5.4979899475e-02,5.4979899475e-02,5.4979899475e-02,5.4979899475e-02,5.4979899475e-02,5.4979899475e-02,5.4979899475e-02,5.4979899475e-02,5.4979899475e-02,5.4979899475e-02,5.4979899475e-02,5.4979899475e-02,5.4979899475e-02,5.4979899475e-02,5.4979899475e-02,5.4979899475e-02,5.4979899475e-02,5.4979899475e-02,5.4979899475e-02,5.4979899475e-02,5.4979899475e-02,5.4979899475e-02,5.4979899475e-02,5.4979899475e-02,5.4979899475e-02,5.4979899475e-02,5.4979899475e-02,5.4979899475e-02,5.4979899475e-02,5.4979899475e-02,5.4979899475e-02,5.4979899475e-02,5.4979899475e-02,5.4979899475e-02,5.4979899475e-02,5.4979899475e-02,5.4979899475e-02,5.4979899475e-02,5.4979899475e-02,5.4979899475e-02,5.4979899475e-02,5.4979899475e-02,5.4979899475e-02,5.4979899475e-02,5.4979899475e-02,5.4979899475e-02,5.4979899475e-02,5.4979899475e-02,5.4979899475e-02,5.4979899475e-02,5.4979899475e-02,5.4979899475e-02,5.4979899475e-02,5.4979899475e-02,5.4979899475e-02,5.4979899475e-02,5.4979899475e-02,5.4979899475e-02,5.4979899475e-02,5.4979899475e-02,5.4979899475e-02,5.4979899475e-02,5.4979899475e-02,5.4979899475e-02,5.4979899475e-02,5.4979899475e-02,5.4979899475e-02,5.4979899475e-02,5.4979899475e-02,5.4979899475e-02,5.4979899475e-02,5.4979899475e-02,5.4979899475e-02,5.4979899475e-02,5.4979899475e-02,5.4979899475e-02,5.4979899475e-02,5.4972532227e-02,5.4957479997e-02,5.4940937155e-02,5.4922756605e-02,5.4902776844e-02,5.4880820575e-02,5.4856693186e-02,5.4830181093e-02,5.4801049935e-02,5.4769042592e-02,5.4733877041e-02,5.4695244012e-02,5.4610338755e-02,5.4513653303e-02,5.4407560123e-02,5.4291165332e-02,5.4163494582e-02,5.3971056489e-02,5.3712493361e-02,5.3429672392e-02,5.3120472632e-02,5.2613864688e-02,5.2059158548e-02,5.1366140554e-02,5.0424884843e-02,4.9227814110e-02,4.7247408246e-02,4.5083658545e-02,4.2722086179e-02,4.0756612096e-02,3.9098994017e-02,3.7721418406e-02,3.6476905825e-02,3.5245861827e-02,3.3974608555e-02,3.2618280957e-02,3.1134364572e-02,2.9514978193e-02,2.7745659080e-02,2.5825968249e-02,2.3752664176e-02,2.1524697161e-02,1.9135651130e-02,1.6656632496e-02,1.4141045892e-02,1.1648261324e-02,9.2886971758e-03,7.1809101153e-03,5.3859950547e-03,3.9080970386e-03,2.7297423635e-03,1.8262869418e-03,1.1651731665e-03,7.0572078529e-04,4.0306803500e-04,2.1652717575e-04,1.0819855714e-04,4.9866596188e-05,2.1025953645e-05,8.0577035230e-06,2.7887500530e-06,8.7807195930e-07,3.0651862517e-07,0.0000000000e+00,0.0000000000e+00,0.0000000000e+00,0.0000000000e+00,0.0000000000e+00,0.0000000000e+00,0.0000000000e+00,0.0000000000e+00,0.0000000000e+00,0.0000000000e+00,0.0000000000e+00,0.0000000000e+00,0.0000000000e+00,0.0000000000e+00,0.0000000000e+00,0.0000000000e+00,0.0000000000e+00,0.0000000000e+00,0.0000000000e+00,0.0000000000e+00,0.0000000000e+00,0.0000000000e+00,0.0000000000e+00,0.0000000000e+00,0.0000000000e+00,0.0000000000e+00,0.0000000000e+00,0.0000000000e+00,0.0000000000e+00,0.0000000000e+00,0.0000000000e+00,0.0000000000e+00,0.0000000000e+00,0.0000000000e+00,0.0000000000e+00,0.0000000000e+00,0.0000000000e+00,0.0000000000e+00,0.0000000000e+00,0.0000000000e+00,0.0000000000e+00,0.0000000000e+00,0.0000000000e+00,0.0000000000e+00,0.0000000000e+00
4.7106075420e+02,5.2588879527e-02,5.2588879527e-02,5.2588879527e-02,5.2588879527e-02,5.2588879527e-02,5.2588879527e-02,5.2588879527e-02,5.2588879527e-02,5.2588879527e-02,5.2588879527e-02,5.2588879527e-02,5.2588879527e-02,5.2588879527e-02,5.2588879527e-02,5.2588879527e-02,5.2588879527e-02,5.2588879527e-02,5.2588879527e-02,5.2588879527e-02,5.2588879527e-02,5.2588879527e-02,5.2588879527e-02,5.2588879527e-02,5.2588879527e-02,5.2588879527e-02,5.2588879527e-02,5.2588879527e-02,5.2588879527e-02,5.2588879527e-02,5.2588879527e-02,5.2588879527e-02,5.2588879527e-02,5.2588879527e-02,5.2588879527e-02,5.2588879527e-02,5.2588879527e-02,5.2588879527e-02,5.2588879527e-02,5.2588879527e-02,5.2588879527e-02,5.2588879527e-02,5.2588879527e-02,5.2588879527e-02,5.2588879527e-02,5.2588879527e-02,5.2588879527e-02,5.2588879527e-02,5.2588879527e-02,5.2588879527e-02,5.2588879527e-02,5.2588879527e-02,5.2588879527e-02,5.2588879527e-02,5.2588879527e-02,5.2588879527e-02,5.2588879527e-02,5.2588879527e-02,5.2588879527e-02,5.2588879527e-02,5.2588879527e-02,5.2588879527e-02,5.2588879527e-02,5.2588879527e-02,5.2588879527e-02,5.2588879527e-02,5.2588879527e-02,5.2588879527e-02,5.2588879527e-02,5.2588879527e-02,5.2588879527e-02,5.2588879527e-02,5.2588879527e-02,5.2588879527e-02,5.2588879527e-02,5.2588879527e-02,5.2588879527e-02,5.2588879527e-02,5.2588879527e-02,5.2588879527e-02,5.2588879527e-02,5.2588879527e-02,5.2588879527e-02,5.2588879527e-02,5.2588879527e-02,5.2588879527e-02,5.2588879527e-02,5.2588879527e-02,5.2588879527e-02,5.2588879527e-02,5.2588879527e-02,5.2588879527e-02,5.2588879527e-02,5.2588879527e-02,5.2588021429e-02,5.2570179378e-02,5.2550571789e-02,5.2529024717e-02,5.2505347239e-02,5.2479329830e-02,5.2450742590e-02,5.2419333311e-02,5.2384825372e-02,5.2346915444e-02,5.2305271000e-02,5.2259527606e-02,5.2180670652e-02,5.2057735081e-02,5.1922920631e-02,5.1775115844e-02,5.1613112816e-02,5.1429073682e-02,5.1117088525e-02,5.0776292637e-02,5.0404261562e-02,4.9886394926e-02,4.9209931395e-02,4.8476844707e-02,4.7100557256e-02,4.5530688253e-02,4.3560340442e-02,4.1382471359e-02,3.9611767150e-02,3.8036434938e-02,3.6730129700e-02,3.5558788871e-02,3.4397987234e-02,3.3192328519e-02,3.1909286913e-02,3.0501980643e-02,2.8961058893e-02,2.7280266530e-02,2.5451741290e-02,2.3468896862e-02,2.1333251809e-02,1.9045445967e-02,1.6654526888e-02,1.4221952545e-02,1.1794165697e-02,9.4822793100e-03,7.3990720427e-03,5.6070567476e-03,4.1154190927e-03,2.9117635455e-03,1.9765663121e-03,1.2819064709e-03,7.9101178599e-04,4.6142860692e-04,2.5380863246e-04,1.3023512770e-04,6.1830056652e-05,2.6941080636e-05,1.0691895926e-05,3.8250724688e-06,1.2316922990e-06,3.5248057205e-07,8.2512034453e-08,0.0000000000e+00,0.0000000000e+00,0.0000000000e+00,0.0000000000e+00,0.0000000000e+00,0.0000000000e+00,0.0000000000e+00,0.0000000000e+00,0.0000000000e+00,0.0000000000e+00,0.0000000000e+00,0.0000000000e+00,0.0000000000e+00,0.0000000000e+00,0.0000000000e+00,0.0000000000e+00,0.0000000000e+00,0.0000000000e+00,0.0000000000e+00,0.0000000000e+00,0.0000000000e+00,0.0000000000e+00,0.0000000000e+00,0.0000000000e+00,0.0000000000e+00,0.0000000000e+00,0.0000000000e+00,0.0000000000e+00,0.0000000000e+00,0.0000000000e+00,0.0000000000e+00,0.0000000000e+00,0.0000000000e+00,0.0000000000e+00,0.0000000000e+00,0.0000000000e+00,0.0000000000e+00,0.0000000000e+00,0.0000000000e+00,0.0000000000e+00,0.0000000000e+00,0.0000000000e+00,0.0000000000e+00,0.0000000000e+00
4.9238826317e+02,5.0255878433e-02,5.0255878433e-02,5.0255878433e-02,5.0255878433e-02,5.0255878433e-02,5.0255878433e-02,5.0255878433e-02,5.0255878433e-02,5.0255878433e-02,5.0255878433e-02,5.0255878433e-02,5.0255878433e-02,5.0255878433e-02,5.0255878433e-02,5.0255878433e-02,5.0255878433e-02,5.0255878433e-02,5.0255878433e-02,5.0255878433e-02,5.0255878433e-02,5.0255878433e-02,5.0255878433e-02,5.0255878433e-02,5.0255878433e-02,5.0255878433e-02,5.0255878433e-02,5.0255878433e-02,5.0255878433e-02,5.0255878433e-02,5.0255878433e-02,5.0255878433e-02,5.0255878433e-02,5.0255878433e-02,5.0255878433e-02,5.0255878433e-02,5.0255878433e-02,5.0255878433e-02,5.0255878433e-02,5.0255878433e-02,5.0255878433e-02,5.0255878433e-02,5.0255878433e-02,5.0255878433e-02,5.0255878433e-02,5.0255878433e-02,5.0255878433e-02,5.0255878433e-02,5.0255878433e-02,5.0255878433e-02,5.0255878433e-02,5.0255878433e-02,5.0255878433e-02,5.0255878433e-02,5.0255878433e-02,5.0255878433e-02,5.0255878433e-02,5.0255878433e-02,5.0255878433e-02,5.0255878433e-02,5.0255878433e-02,5.0255878433e-02,5.0255878433e-02,5.0255878433e-02,5.0255878433e-02,5.0255878433e-02,5.0255878433e-02,5.0255878433e-02,5.0255878433e-02,5.0255878433e-02,5.0255878433e-02,5.0255878433e-02,5.0255878433e-02,5.0255878433e-02,5.0255878433e-02,5.0255878433e-02,5.0255878433e-02,5.0255878433e-02,5.0255878433e-02,5.0255878433e-02,5.0255878433e-02,5.0255878433e-02,5.0255878433e-02,5.0255878433e-02,5.0255878433e-02,5.0255878433e-02,5.0255878433e-02,5.0255878433e-02,5.0255878433e-02,5.0255878433e-02,5.0255878433e-02,5.0255878433e-02,5.0255878433e-02,5.0255878433e-02,5.0255055654e-02,5.0237947992e-02,5.0219147484e-02,5.0198487352e-02,5.0175784541e-02,5.0150838160e-02,5.0123427786e-02,5.0093311606e-02,5.0060224406e-02,5.0023875365e-02,4.9983945674e-02,4.9940085933e-02,4.9866294633e-02,4.9752724004e-02,4.9628169122e-02,4.9491600092e-02,4.9341897203e-02,4.9172011265e-02,4.8887214884e-02,4.8576028390e-02,4.8236212272e-02,4.7765393450e-02,4.7151912675e-02,4.6486573939e-02,4.5244641275e-02,4.3826238223e-02,4.2039259885e-02,4.0057728275e-02,3.8426492990e-02,3.6966310239e-02,3.5745318856e-02,3.4644159014e-02,3.3549554149e-02,3.2410500759e-02,3.1196363548e-02,2.9862749098e-02,2.8400349249e-02,2.6802599398e-02,2.5061287283e-02,2.3169279283e-02,2.1127000631e-02,1.8933380787e-02,1.6632274234e-02,1.4280390195e-02,1.1920956109e-02,9.6599791201e-03,7.6054963285e-03,5.8207281728e-03,4.3194321110e-03,3.0940425697e-03,2.1297856842e-03,1.4032164289e-03,8.8142269445e-04,5.2465645755e-04,2.9518924303e-04,1.5536637328e-04,7.5898382159e-05,3.4149097695e-05,1.4048100137e-05,5.2319702582e-06,1.7638339884e-06,5.3482134727e-07,1.3986562236e-07,1.1725969811e-08,0.0000000000e+00,0.0000000000e+00,0.0000000000e+00,0.0000000000e+00,0.0000000000e+00,0.0000000000e+00,0.0000000000e+00,0.0000000000e+00,0.0000000000e+00,0.0000000000e+00,0.0000000000e+00,0.0000000000e+00,0.0000000000e+00,0.0000000000e+00,0.0000000000e+00,0.0000000000e+00,0.0000000000e+00,0.0000000000e+00,0.0000000000e+00,0.0000000000e+00,0.0000000000e+00,0.0000000000e+00,0.0000000000e+00,0.0000000000e+00,0.0000000000e+00,0.0000000000e+00,0.0000000000e+00,0.0000000000e+00,0.0000000000e+00,0.0000000000e+00,0.0000000000e+00,0.0000000000e+00,0.0000000000e+00,0.0000000000e+00,0.0000000000e+00,0.0000000000e+00,0.0000000000e+00,0.0000000000e+00,0.0000000000e+00,0.0000000000e+00,0.0000000000e+00,0.0000000000e+00,0.0000000000e+00
5.1468138568e+02,4.8046222790e-02,4.8046222790e-02,4.8046222790e-02,4.8046222790e-02,4.8046222790e-02,4.8046222790e-02,4.8046222790e-02,4.8046222790e-02,4.8046222790e-02,4.8046222790e-02,4.8046222790e-02,4.8046222790e-02,4.8046222790e-02,4.8046222790e-02,4.8046222790e-02,4.8046222790e-02,4.8046222790e-02,4.8046222790e-02,4.8046222790e-02,4.8046222790e-02,4.8046222790e-02,4.8046222790e-02,4.8046222790e-02,4.8046222790e-02,4.8046222790e-02,4.8046222790e-02,4.8046222790e-02,4.8046222790e-02,4.8046222790e-02,4.8046222790e-02,4.8046222790e-02,4.8046222790e-02,4.8046222790e-02,4.8046222790e-02,4.8046222790e-02,4.8046222790e-02,4.8046222790e-02,4.8046222790e-02,4.8046222790e-02,4.8046222790e-02,4.8046222790e-02,4.8046222790e-02,4.8046222790e-02,4.8046222790e-02,4.8046222790e-02,4.8046222790e-02,4.8046222790e-02,4.8046222790e-02,4.8046222790e-02,4.8046222790e-02,4.8046222790e-02,4.8046222790e-02,4.8046222790e-02,4.8046222790e-02,4.8046222790e-02,4.8046222790e-02,4.8046222790e-02,4.8046222790e-02,4.8046222790e-02,4.8046222790e-02,4.8046222790e-02,4.8046222790e-02,4.8046222790e-02,4.8046222790e-02,4.8046222790e-02,4.8046222790e-02,4.8046222790e-02,4.8046222790e-02,4.8046222790e-02,4.8046222790e-02,4.8046222790e-02,4.8046222790e-02,4.8046222790e-02,4.8046222790e-02,4.8046222790e-02,4.8046222790e-02,4.8046222790e-02,4.8046222790e-02,4.8046222790e-02,4.8046222790e-02,4.8046222790e-02,4.8046222790e-02,4.8046222790e-02,4.8046222790e-02,4.8046222790e-02,4.8046222790e-02,4.8046222790e-02,4.8046222790e-02,4.8046222790e-02,4.8046222790e-02,4.8046222790e-02,4.8046222790e-02,4.8046222790e-02,4.8045433676e-02,4.8029026015e-02,4.8010994794e-02,4.7991180068e-02,4.7969406278e-02,4.7945480764e-02,4.7919192132e-02,4.7890308481e-02,4.7858575464e-02,4.7823714184e-02,4.7785418902e-02,4.7743354549e-02,4.7674225190e-02,4.7569187481e-02,4.7453981799e-02,4.7327652913e-02,4.7189161889e-02,4.7032167059e-02,4.6771948899e-02,4.6487540356e-02,4.6176872420e-02,4.5748479687e-02,4.5191720418e-02,4.4587465475e-02,4.3466244525e-02,4.2184266148e-02,4.0563333943e-02,3.8760484460e-02,3.7258161606e-02,3.5905332043e-02,3.4764890065e-02,3.3730614078e-02,3.2699409610e-02,3.1624332981e-02,3.0476551850e-02,2.9214079721e-02,2.7827681295e-02,2.6310531612e-02,2.4654128716e-02,2.2850860213e-02,2.0900155402e-02,1.8799414534e-02,1.6587669948e-02,1.4317101753e-02,1.2027780370e-02,9.8205719085e-03,7.7986409833e-03,6.0254350526e-03,4.5187151910e-03,3.2753154105e-03,2.2848973028e-03,1.5283185628e-03,9.7652110980e-04,5.9260875142e-04,3.4071316874e-04,1.8373749857e-04,9.2243859950e-05,4.2796864255e-05,1.8221242616e-05,7.0527232582e-06,2.4845509569e-06,7.9565451465e-07,2.2916398518e-07,5.6566320311e-08,0.0000000000e+00,0.0000000000e+00,0.0000000000e+00,0.0000000000e+00,0.0000000000e+00,0.0000000000e+00,0.0000000000e+00,0.0000000000e+00,0.0000000000e+00,0.0000000000e+00,0.0000000000e+00,0.0000000000e+00,0.0000000000e+00,0.0000000000e+00,0.0000000000e+00,0.0000000000e+00,0.0000000000e+00,0.0000000000e+00,0.0000000000e+00,0.0000000000e+00,0.0000000000e+00,0.0000000000e+00,0.0000000000e+00,0.0000000000e+00,0.0000000000e+00,0.0000000000e+00,0.0000000000e+00,0.0000000000e+00,0.0000000000e+00,0.0000000000e+00,0.0000000000e+00,0.0000000000e+00,0.0000000000e+00,0.0000000000e+00,0.0000000000e+00,0.0000000000e+00,0.0000000000e+00,0.0000000000e+00,0.0000000000e+00,0.0000000000e+00,0.0000000000e+00,0.0000000000e+00,0.0000000000e+00
5.3798384034e+02,4.5950869491e-02,4.5950869491e-02,4.5950869491e-02,4.5950869491e-02,4.5950869491e-02,4.5950869491e-02,4.5950869491e-02,4.5950869491e-02,4.5950869491e-02,4.5950869491e-02,4.5950869491e-02,4.5950869491e-02,4.5950869491e-02,4.5950869491e-02,4.5950869491e-02,4.5950869491e-02,4.5950869491e-02,4.5950869491e-02,4.5950869491e-02,4.5950869491e-02,4.5950869491e-02,4.5950869491e-02,4.5950869491e-02,4.5950869491e-02,4.5950869491e-02,4.5950869491e-02,4.5950869491e-02,4.5950869491e-02,4.5950869491e-02,4.5950869491e-02,4.5950869491e-02,4.5950869491e-02,4.5950869491e-02,4.5950869491e-02,4.5950869491e-02,4.5950869491e-02,4.5950869491e-02,4.5950869491e-02,4.5950869491e-02,4.5950869491e-02,4.5950869491e-02,4.5950869491e-02,4.5950869491e-02,4.5950869491e-02,4.5950869491e-02,4.5950869491e-02,4.5950869491e-02,4.5950869491e-02,4.5950869491e-02,4.5950869491e-02,4.5950869491e-02,4.5950869491e-02,4.5950869491e-02,4.5950869491e-02,4.5950869491e-02,4.5950869491e-02,4.5950869491e-02,4.5950869491e-02,4.5950869491e-02,4.5950869491e-02,4.5950869491e-02,4.5950869491e-02,4.5950869491e-02,4.5950869491e-02,4.5950869491e-02,4.5950869491e-02,4.5950869491e-02,4.5950869491e-02,4.5950869491e-02,4.5950869491e-02,4.5950869491e-02,4.5950869491e-02,4.5950869491e-02,4.5950869491e-02,4.5950869491e-02,4.5950869491e-02,4.5950869491e-02,4.5950869491e-02,4.5950869491e-02,4.5950869491e-02,4.5950869491e-02,4.5950869491e-02,4.5950869491e-02,4.5950869491e-02,4.5950869491e-02,4.5950869491e-02,4.5950869491e-02,4.5950869491e-02,4.5950869491e-02,4.5950869491e-02,4.5950869491e-02,4.5950869491e-02,4.5950869491e-02,4.5950112558e-02,4.5934374020e-02,4.5917078152e-02,4.5898071535e-02,4.5877185780e-02,4.5854236089e-02,4.5829019701e-02,4.5801314185e-02,4.5770875584e-02,4.5737436392e-02,4.5700703364e-02,4.5660355124e-02,4.5595524544e-02,4.5498271038e-02,4.5391595209e-02,4.5274610233e-02,4.5146351233e-02,4.5001111392e-02,4.4763127983e-02,4.4502954088e-02,4.4218677799e-02,4.3828567772e-02,4.3322919619e-02,4.2773766857e-02,4.1761045765e-02,4.0601973885e-02,3.9131421205e-02,3.7491166842e-02,3.6107962553e-02,3.4855160852e-02,3.3790692986e-02,3.2820068652e-02,3.1849489563e-02,3.0835763202e-02,2.9751775568e-02,2.8557864140e-02,2.7244894615e-02,2.5805829186e-02,2.4231933565e-02,2.2515182445e-02,2.0654102147e-02,1.8644733203e-02,1.6521639755e-02,1.4332693150e-02,1.2114879288e-02,9.9639223869e-03,7.9780326975e-03,6.2204545608e-03,4.7124122000e-03,3.4547151147e-03,2.4411345052e-03,1.6566286135e-03,1.0759444887e-03,6.6513895006e-04,3.9040736369e-04,2.1548539124e-04,1.1104635163e-04,5.3054842675e-05,2.3343352199e-05,9.3740279493e-06,3.4430531592e-06,1.1593863746e-06,3.6124743581e-07,1.2566605401e-07,0.0000000000e+00,0.0000000000e+00,0.0000000000e+00,0.0000000000e+00,0.0000000000e+00,0.0000000000e+00,0.0000000000e+00,0.0000000000e+00,0.0000000000e+00,0.0000000000e+00,0.0000000000e+00,0.0000000000e+00,0.0000000000e+00,0.0000000000e+00,0.0000000000e+00,0.0000000000e+00,0.0000000000e+00,0.0000000000e+00,0.0000000000e+00,0.0000000000e+00,0.0000000000e+00,0.0000000000e+00,0.0000000000e+00,0.0000000000e+00,0.0000000000e+00,0.0000000000e+00,0.0000000000e+00,0.0000000000e+00,0.0000000000e+00,0.0000000000e+00,0.0000000000e+00,0.0000000000e+00,0.0000000000e+00,0.0000000000e+00,0.0000000000e+00,0.0000000000e+00,0.0000000000e+00,0.0000000000e+00,0.0000000000e+00,0.0000000000e+00,0.0000000000e+00,0.0000000000e+00,0.0000000000e+00
5.6234132519e+02,4.3964106367e-02,4.3964106367e-02,4.3964106367e-02,4.3964106367e-02,4.3964106367e-02,4.3964106367e-02,4.3964106367e-02,4.3964106367e-02,4.3964106367e-02,4.3964106367e-02,4.3964106367e-02,4.3964106367e-02,4.3964106367e-02,4.3964106367e-02,4.3964106367e-02,4.3964106367e-02,4.3964106367e-02,4.3964106367e-02,4.3964106367e-02,4.3964106367e-02,4.3964106367e-02,4.3964106367e-02,4.3964106367e-02,4.3964106367e-02,4.3964106367e-02,4.3964106367e-02,4.3964106367e-02,4.3964106367e-02,4.3964106367e-02,4.3964106367e-02,4.3964106367e-02,4.3964106367e-02,4.3964106367e-02,4.3964106367e-02,4.3964106367e-02,4.3964106367e-02,4.3964106367e-02,4.3964106367e-02,4.3964106367e-02,4.3964106367e-02,4.3964106367e-02,4.3964106367e-02,4.3964106367e-02,4.3964106367e-02,4.3964106367e-02,4.3964106367e-02,4.3964106367e-02,4.3964106367e-02,4.3964106367e-02,4.3964106367e-02,4.3964106367e-02,4.3964106367e-02,4.3964106367e-02,4.3964106367e-02,4.3964106367e-02,4.3964106367e-02,4.3964106367e-02,4.3964106367e-02,4.3964106367e-02,4.3964106367e-02,4.3964106367e-02,4.3964106367e-02,4.3964106367e-02,4.3964106367e-02,4.3964106367e-02,4.3964106367e-02,4.3964106367e-02,4.3964106367e-02,4.3964106367e-02,4.3964106367e-02,4.3964106367e-02,4.3964106367e-02,4.3964106367e-02,4.3964106367e-02,4.3964106367e-02,4.3964106367e-02,4.3964106367e-02,4.3964106367e-02,4.3964106367e-02,4.3964106367e-02,4.3964106367e-02,4.3964106367e-02,4.3964106367e-02,4.3964106367e-02,4.3964106367e-02,4.3964106367e-02,4.3964106367e-02,4.3964106367e-02,4.3964106367e-02,4.3964106367e-02,4.3964106367e-02,4.3964106367e-02,4.3964106367e-02,4.3964106367e-02,4.3964106367e-02,4.3953393718e-02,4.3933320556e-02,4.3911263797e-02,4.3887028581e-02,4.3860401145e-02,4.3831147040e-02,4.3799009193e-02,4.3763705792e-02,4.3724927999e-02,4.3682337463e-02,4.3635563627e-02,4.3584200823e-02,4.3471105074e-02,4.3345643252e-02,4.3208135187e-02,4.3057469671e-02,4.2892442419e-02,4.2647799294e-02,4.2332767885e-02,4.1989124263e-02,4.1606503429e-02,4.0920464064e-02,4.0179316186e-02,3.9164353865e-02,3.7716931321e-02,3.6267600338e-02,3.4971343416e-02,3.3814833716e-02,3.2811473354e-02,3.1915564778e-02,3.1001059555e-02,3.0047397718e-02,2.9020948760e-02,2.7894036725e-02,2.6652871357e-02,2.5292072603e-02,2.3793028698e-02,2.2166054917e-02,2.0390573140e-02,1.8468487003e-02,1.6435835687e-02,1.4326398775e-02,1.2181383989e-02,1.0089472882e-02,8.1432184132e-03,6.4053093752e-03,4.8996649934e-03,3.6314530975e-03,2.5977394469e-03,1.7875438186e-03,1.1792682555e-03,7.4203895297e-04,4.4428413280e-04,2.5073042201e-04,1.3247616882e-04,6.5092178320e-05,2.9547101047e-05,1.2280682621e-05,4.6799355793e-06,1.6362540352e-06,5.1968470242e-07,1.4082292994e-07,1.0354103735e-08,0.0000000000e+00,0.0000000000e+00,0.0000000000e+00,0.0000000000e+00,0.0000000000e+00,0.0000000000e+00,0.0000000000e+00,0.0000000000e+00,0.0000000000e+00,0.0000000000e+00,0.0000000000e+00,0.0000000000e+00,0.0000000000e+00,0.0000000000e+00,0.0000000000e+00,0.0000000000e+00,0.0000000000e+00,0.0000000000e+00,0.0000000000e+00,0.0000000000e+00,0.0000000000e+00,0.0000000000e+00,0.0000000000e+00,0.0000000000e+00,0.0000000000e+00,0.0000000000e+00,0.0000000000e+00,0.0000000000e+00,0.0000000000e+00,0.0000000000e+00,0.0000000000e+00,0.0000000000e+00,0.0000000000e+00,0.0000000000e+00,0.0000000000e+00,0.0000000000e+00,0.0000000000e+00,0.0000000000e+00,0.0000000000e+00,0.0000000000e+00,0.0000000000e+00,0.0000000000e+00
5.8780160723e+02,4.2072340271e-02,4.2072340271e-02,4.2072340271e-02,4.2072340271e-02,4.2072340271e-02,4.2072340271e-02,4.2072340271e-02,4.2072340271e-02,4.2072340271e-02,4.2072340271e-02,4.2072340271e-02,4.2072340271e-02,4.2072340271e-02,4.2072340271e-02,4.2072340271e-02,4.2072340271e-02,4.2072340271e-02,4.2072340271e-02,4.2072340271e-02,4.2072340271e-02,4.2072340271e-02,4.2072340271e-02,4.2072340271e-02,4.2072340271e-02,4.2072340271e-02,4.2072340271e-02,4.2072340271e-02,4.2072340271e-02,4.2072340271e-02,4.2072340271e-02,4.2072340271e-02,4.2072340271e-02,4.2072340271e-02,4.2072340271e-02,4.2072340271e-02,4.2072340271e-02,4.2072340271e-02,4.2072340271e-02,4.2072340271e-02,4.2072340271e-02,4.2072340271e-02,4.2072340271e-02,4.2072340271e-02,4.2072340271e-02,4.2072340271e-02,4.2072340271e-02,4.2072340271e-02,4.2072340271e-02,4.2072340271e-02,4.2072340271e-02,4.2072340271e-02,4.2072340271e-02,4.2072340271e-02,4.2072340271e-02,4.2072340271e-02,4.2072340271e-02,4.2072340271e-02,4.2072340271e-02,4.2072340271e-02,4.2072340271e-02,4.2072340271e-02,4.2072340271e-02,4.2072340271e-02,4.2072340271e-02,4.2072340271e-02,4.2072340271e-02,4.2072340271e-02,4.2072340271e-02,4.2072340271e-02,4.2072340271e-02,4.2072340271e-02,4.2072340271e-02,4.2072340271e-02,4.2072340271e-02,4.2072340271e-02,4.2072340271e-02,4.2072340271e-02,4.2072340271e-02,4.2072340271e-02,4.2072340271e-02,4.2072340271e-02,4.2072340271e-02,4.2072340271e-02,4.2072340271e-02,4.2072340271e-02,4.2072340271e-02,4.2072340271e-02,4.2072340271e-02,4.2072340271e-02,4.2072340271e-02,4.2072340271e-02,4.2072340271e-02,4.2072340271e-02,4.2072340271e-02,4.2072340271e-02,4.2062123874e-02,4.2042980557e-02,4.2021945495e-02,4.1998832843e-02,4.1973438726e-02,4.1945539540e-02,4.1914890100e-02,4.1881221623e-02,4.1844239549e-02,4.1803621162e-02,4.1759013025e-02,4.1710028205e-02,4.1605588286e-02,4.1489761782e-02,4.1362800517e-02,4.1223674521e-02,4.1071266950e-02,4.0847248709e-02,4.0559770130e-02,4.0246066085e-02,3.9896805806e-02,3.9275696041e-02,3.8604034164e-02,3.7684392423e-02,3.6372225129e-02,3.5052420082e-02,3.3860443693e-02,3.2790617387e-02,3.1855521592e-02,3.1015810710e-02,3.0156712967e-02,2.9259107252e-02,2.8291595046e-02,2.7228001112e-02,2.6054975430e-02,2.4766929193e-02,2.3345660688e-02,2.1800156971e-02,2.0110126012e-02,1.8276008469e-02,1.6329775487e-02,1.4301806027e-02,1.2230071382e-02,1.0198272449e-02,8.2940276835e-03,6.5790954604e-03,5.0798487791e-03,3.8046190787e-03,2.7539177400e-03,1.9203982375e-03,1.2860664222e-03,8.2309057829e-04,5.0226328747e-04,2.8956083857e-04,1.5669247344e-04,7.9082029472e-05,3.6988397599e-05,1.5894605111e-05,6.2852274511e-06,2.2905040180e-06,7.6526726972e-07,2.2574020331e-07,3.9282564992e-08,0.0000000000e+00,0.0000000000e+00,0.0000000000e+00,0.0000000000e+00,0.0000000000e+00,0.0000000000e+00,0.0000000000e+00,0.0000000000e+00,0.0000000000e+00,0.0000000000e+00,0.0000000000e+00,0.0000000000e+00,0.0000000000e+00,0.0000000000e+00,0.0000000000e+00,0.0000000000e+00,0.0000000000e+00,0.0000000000e+00,0.0000000000e+00,0.0000000000e+00,0.0000000000e+00,0.0000000000e+00,0.0000000000e+00,0.0000000000e+00,0.0000000000e+00,0.0000000000e+00,0.0000000000e+00,0.0000000000e+00,0.0000000000e+00,0.0000000000e+00,0.0000000000e+00,0.0000000000e+00,0.0000000000e+00,0.0000000000e+00,0.0000000000e+00,0.0000000000e+00,0.0000000000e+00,0.0000000000e+00,0.0000000000e+00,0.0000000000e+00,0.0000000000e+00,0.0000000000e+00
6.1441461614e+02,4.0272631912e-02,4.0272631912e-02,4.0272631912e-02,4.0272631912e-02,4.0272631912e-02,4.0272631912e-02,4.0272631912e-02,4.0272631912e-02,4.0272631912e-02,4.0272631912e-02,4.0272631912e-02,4.0272631912e-02,4.0272631912e-02,4.0272631912e-02,4.0272631912e-02,4.0272631912e-02,4.0272631912e-02,4.0272631912e-02,4.0272631912e-02,4.0272631912e-02,4.0272631912e-02,4.0272631912e-02,4.0272631912e-02,4.0272631912e-02,4.0272631912e-02,4.0272631912e-02,4.0272631912e-02,4.0272631912e-02,4.0272631912e-02,4.0272631912e-02,4.0272631912e-02,4.0272631912e-02,4.0272631912e-02,4.0272631912e-02,4.0272631912e-02,4.0272631912e-02,4.0272631912e-02,4.0272631912e-02,4.0272631912e-02,4.0272631912e-02,4.0272631912e-02,4.0272631912e-02,4.0272631912e-02,4.0272631912e-02,4.0272631912e-02,4.0272631912e-02,4.0272631912e-02,4.0272631912e-02,4.0272631912e-02,4.0272631912e-02,4.0272631912e-02,4.0272631912e-02,4.0272631912e-02,4.0272631912e-02,4.0272631912e-02,4.0272631912e-02,4.0272631912e-02,4.0272631912e-02,4.0272631912e-02,4.0272631912e-02,4.0272631912e-02,4.0272631912e-02,4.0272631912e-02,4.0272631912e-02,4.0272631912e-02,4.0272631912e-02,4.0272631912e-02,4.0272631912e-02,4.0272631912e-02,4.0272631912e-02,4.0272631912e-02,4.0272631912e-02,4.0272631912e-02,4.0272631912e-02,4.0272631912e-02,4.0272631912e-02,4.0272631912e-02,4.0272631912e-02,4.0272631912e-02,4.0272631912e-02,4.0272631912e-02,4.0272631912e-02,4.0272631912e-02,4.0272631912e-02,4.0272631912e-02,4.0272631912e-02,4.0272631912e-02,4.0272631912e-02,4.0272631912e-02,4.0272631912e-02,4.0272631912e-02,4.0272631912e-02,4.0272631912e-02,4.0272631912e-02,4.0272631912e-02,4.0262886341e-02,4.0244625227e-02,4.0224559514e-02,4.0202511911e-02,4.0178287927e-02,4.0151674247e-02,4.0122436964e-02,4.0090319661e-02,4.0055041322e-02,4.0016294066e-02,3.9973740704e-02,3.9927012080e-02,3.9830462849e-02,3.9723418712e-02,3.9606072181e-02,3.9477467804e-02,3.9336569012e-02,3.9131238256e-02,3.8868672410e-02,3.8582054441e-02,3.8262982304e-02,3.7700300883e-02,3.7091263517e-02,3.6257679974e-02,3.5067959089e-02,3.3866119266e-02,3.2770321832e-02,3.1781097737e-02,3.0910185363e-02,3.0123766110e-02,2.9317392336e-02,2.8473285520e-02,2.7562153197e-02,2.6559269592e-02,2.5451734470e-02,2.4233794999e-02,2.2887685057e-02,2.1421167521e-02,1.9814272761e-02,1.8066137108e-02,1.6204975922e-02,1.4257968327e-02,1.2259962944e-02,1.0289757433e-02,8.4300629079e-03,6.7414114238e-03,5.2521804221e-03,3.9734778622e-03,2.9089303267e-03,2.0545706543e-03,1.3958651488e-03,9.0801121288e-04,5.6425591282e-04,3.3200942276e-04,1.8381630208e-04,9.5179613581e-05,4.5810596494e-05,2.0323679275e-05,8.3261233913e-06,3.1569600671e-06,1.1063047013e-06,3.5145134749e-07,8.8230714788e-08,0.0000000000e+00,0.0000000000e+00,0.0000000000e+00,0.0000000000e+00,0.0000000000e+00,0.0000000000e+00,0.0000000000e+00,0.0000000000e+00,0.0000000000e+00,0.0000000000e+00,0.0000000000e+00,0.0000000000e+00,0.0000000000e+00,0.0000000000e+00,0.0000000000e+00,0.0000000000e+00,0.0000000000e+00,0.0000000000e+00,0.0000000000e+00,0.0000000000e+00,0.0000000000e+00,0.0000000000e+00,0.0000000000e+00,0.0000000000e+00,0.0000000000e+00,0.0000000000e+00,0.0000000000e+00,0.0000000000e+00,0.0000000000e+00,0.0000000000e+00,0.0000000000e+00,0.0000000000e+00,0.0000000000e+00,0.0000000000e+00,0.0000000000e+00,0.0000000000e+00,0.0000000000e+00,0.0000000000e+00,0.0000000000e+00,0.0000000000e+00,0.0000000000e+00,0.0000000000e+00
6.4223254222e+02,3.4210294656e-02,3.4210294656e-02,3.4210294656e-02,3.4210294656e-02,3.4210294656e-02,3.4210294656e-02,3.4210294656e-02,3.4210294656e-02,3.4210294656e-02,3.4210294656e-02,3.4210294656e-02,3.4210294656e-02,3.4210294656e-02,3.4210294656e-02,3.4210294656e-02,3.4210294656e-02,3.4210294656e-02,3.4210294656e-02,3.4210294656e-02,3.4210294656e-02,3.4210294656e-02,3.4210294656e-02,3.4210294656e-02,3.4210294656e-02,3.4210294656e-02,3.4210294656e-02,3.4210294656e-02,3.4210294656e-02,3.4210294656e-02,3.4210294656e-02,3.4210294656e-02,3.4210294656e-02,3.4210294656e-02,3.4210294656e-02,3.4210294656e-02,3.4210294656e-02,3.4210294656e-02,3.4210294656e-02,3.4210294656e-02,3.4210294656e-02,3.4210294656e-02,3.4210294656e-02,3.4210294656e-02,3.4210294656e-02,3.4210294656e-02,3.4210294656e-02,3.4210294656e-02,3.4210294656e-02,3.4210294656e-02,3.4210294656e-02,3.4210294656e-02,3.4210294656e-02,3.4210294656e-02,3.4210294656e-02,3.4210294656e-02,3.4210294656e-02,3.4210294656e-02,3.4210294656e-02,3.4210294656e-02,3.4210294656e-02,3.4210294656e-02,3.4210294656e-02,3.4210294656e-02,3.4210294656e-02,3.4210294656e-02,3.4210294656e-02,3.4210294656e-02,3.4210294656e-02,3.4210294656e-02,3.4210294656e-02,3.4210294656e-02,3.4210294656e-02,3.4210294656e-02,3.4210294656e-02,3.4210294656e-02,3.4210294656e-02,3.4210294656e-02,3.4210294656e-02,3.4210294656e-02,3.4210294656e-02,3.4210294656e-02,3.4210294656e-02,3.4210294656e-02,3.4210294656e-02,3.4210294656e-02,3.4210294656e-02,3.4210294656e-02,3.4210294656e-02,3.4210294656e-02,3.4210294656e-02,3.4210294656e-02,3.4210294656e-02,3.4210294656e-02,3.4210294656e-02,3.4210294656e-02,3.4207528519e-02,3.4202344169e-02,3.4196645686e-02,3.4190382180e-02,3.4183497749e-02,3.4175930981e-02,3.4167614422e-02,3.4158473988e-02,3.4148428317e-02,3.4137388064e-02,3.4125255133e-02,3.4111921828e-02,3.4059081240e-02,3.4000094891e-02,3.3935366403e-02,3.3864349634e-02,3.3786449168e-02,3.3659055817e-02,3.3488193119e-02,3.3301356721e-02,3.3091988998e-02,3.2689688328e-02,3.2253062428e-02,3.1639874076e-02,3.0742891507e-02,2.9835526871e-02,2.9013610027e-02,2.8276611155e-02,2.7635275611e-02,2.7061285278e-02,2.6470537931e-02,2.5847388056e-02,2.5166181507e-02,2.4404403157e-02,2.3548993850e-02,2.2592492848e-02,2.1515570529e-02,2.0321963548e-02,1.8988694257e-02,1.7509437058e-02,1.5903624025e-02,1.4189911650e-02,1.2394437917e-02,1.0586901135e-02,8.8439005308e-03,7.2255860438e-03,5.7642800803e-03,4.4769687080e-03,3.3747822670e-03,2.4625583688e-03,1.7349708146e-03,1.1753302323e-03,7.6410187895e-04,4.7279728699e-04,2.7685643636e-04,1.5262449716e-04,7.8780845936e-05,3.7784600014e-05,1.6879717549e-05,7.0456767260e-06,2.7500494986e-06,9.9251231968e-07,3.1608477916e-07,0.0000000000e+00,0.0000000000e+00,0.0000000000e+00,0.0000000000e+00,0.0000000000e+00,0.0000000000e+00,0.0000000000e+00,0.0000000000e+00,0.0000000000e+00,0.0000000000e+00,0.0000000000e+00,0.0000000000e+00,0.0000000000e+00,0.0000000000e+00,0.0000000000e+00,0.0000000000e+00,0.0000000000e+00,0.0000000000e+00,0.0000000000e+00,0.0000000000e+00,0.0000000000e+00,0.0000000000e+00,0.0000000000e+00,0.0000000000e+00,0.0000000000e+00,0.0000000000e+00,0.0000000000e+00,0.0000000000e+00,0.0000000000e+00,0.0000000000e+00,0.0000000000e+00,0.0000000000e+00,0.0000000000e+00,0.0000000000e+00,0.0000000000e+00,0.0000000000e+00,0.0000000000e+00,0.0000000000e+00,0.0000000000e+00,0.0000000000e+00,0.0000000000e+00,0.0000000000e+00
6.7130993868e+02,3.2531572979e-02,3.2531572979e-02,3.2531572979e-02,3.2531572979e-02,3.2531572979e-02,3.2531572979e-02,3.2531572979e-02,3.2531572979e-02,3.2531572979e-02,3.2531572979e-02,3.2531572979e-02,3.2531572979e-02,3.2531572979e-02,3.2531572979e-02,3.2531572979e-02,3.2531572979e-02,3.2531572979e-02,3.2531572979e-02,3.2531572979e-02,3.2531572979e-02,3.2531572979e-02,3.2531572979e-02,3.2531572979e-02,3.2531572979e-02,3.2531572979e-02,3.2531572979e-02,3.2531572979e-02,3.2531572979e-02,3.2531572979e-02,3.2531572979e-02,3.2531572979e-02,3.2531572979e-02,3.2531572979e-02,3.2531572979e-02,3.2531572979e-02,3.2531572979e-02,3.2531572979e-02,3.2531572979e-02,3.2531572979e-02,3.2531572979e-02,3.2531572979e-02,3.2531572979e-02,3.2531572979e-02,3.2531572979e-02,3.2531572979e-02,3.2531572979e-02,3.2531572979e-02,3.2531572979e-02,3.2531572979e-02,3.2531572979e-02,3.2531572979e-02,3.2531572979e-02,3.2531572979e-02,3.2531572979e-02,3.2531572979e-02,3.2531572979e-02,3.2531572979e-02,3.2531572979e-02,3.2531572979e-02,3.2531572979e-02,3.2531572979e-02,3.2531572979e-02,3.2531572979e-02,3.2531572979e-02,3.2531572979e-02,3.2531572979e-02,3.2531572979e-02,3.2531572979e-02,3.2531572979e-02,3.2531572979e-02,3.2531572979e-02,3.2531572979e-02,3.2531572979e-02,3.2531572979e-02,3.2531572979e-02,3.2531572979e-02,3.2531572979e-02,3.2531572979e-02,3.2531572979e-02,3.2531572979e-02,3.2531572979e-02,3.2531572979e-02,3.2531572979e-02,3.2531572979e-02,3.2531572979e-02,3.2531572979e-02,3.2531572979e-02,3.2531572979e-02,3.2531572979e-02,3.2531572979e-02,3.2531572979e-02,3.2531572979e-02,3.2531572979e-02,3.2531572979e-02,3.2531572979e-02,3.2531572979e-02,3.2530961317e-02,3.2524473430e-02,3.2517342495e-02,3.2509504939e-02,3.2500890938e-02,3.2491423811e-02,3.2481019351e-02,3.2469585101e-02,3.2457019557e-02,3.2443211296e-02,3.2428038029e-02,3.2411365556e-02,3.2370409814e-02,3.2301777753e-02,3.2226495324e-02,3.2143936387e-02,3.2053419650e-02,3.1944097834e-02,3.1736239616e-02,3.1509292066e-02,3.1261670662e-02,3.0794201958e-02,3.0125628080e-02,2.9407372536e-02,2.8653757954e-02,2.7849361209e-02,2.7225946697e-02,2.6626137276e-02,2.6104437720e-02,2.5558490311e-02,2.4985510986e-02,2.4362568459e-02,2.3657734541e-02,2.2863646290e-02,2.1969509889e-02,2.0965998560e-02,1.9848198770e-02,1.8598418546e-02,1.7210250757e-02,1.5690123858e-02,1.4063702591e-02,1.2353148837e-02,1.0617227766e-02,8.9333429688e-03,7.3560403355e-03,5.9195412431e-03,4.6423365723e-03,3.5376077287e-03,2.6130250823e-03,1.8663159719e-03,1.2839254450e-03,8.4915977777e-04,5.3567070870e-04,3.2051000792e-04,1.8095827950e-04,9.5951835665e-05,4.7420411496e-05,2.1898845657e-05,9.4809043825e-06,3.8546813470e-06,1.4653143776e-06,4.9815895869e-07,1.1620018634e-07,0.0000000000e+00,0.0000000000e+00,0.0000000000e+00,0.0000000000e+00,0.0000000000e+00,0.0000000000e+00,0.0000000000e+00,0.0000000000e+00,0.0000000000e+00,0.0000000000e+00,0.0000000000e+00,0.0000000000e+00,0.0000000000e+00,0.0000000000e+00,0.0000000000e+00,0.0000000000e+00,0.0000000000e+00,0.0000000000e+00,0.0000000000e+00,0.0000000000e+00,0.0000000000e+00,0.0000000000e+00,0.0000000000e+00,0.0000000000e+00,0.0000000000e+00,0.0000000000e+00,0.0000000000e+00,0.0000000000e+00,0.0000000000e+00,0.0000000000e+00,0.0000000000e+00,0.0000000000e+00,0.0000000000e+00,0.0000000000e+00,0.0000000000e+00,0.0000000000e+00,0.0000000000e+00,0.0000000000e+00,0.0000000000e+00,0.0000000000e+00,0.0000000000e+00
7.0170382867e+02,3.0933721149e-02,3.0933721149e-02,3.0933721149e-02,3.0933721149e-02,3.0933721149e-02,3.0933721149e-02,3.0933721149e-02,3.0933721149e-02,3.0933721149e-02,3.0933721149e-02,3.0933721149e-02,3.0933721149e-02,3.0933721149e-02,3.0933721149e-02,3.0933721149e-02,3.0933721149e-02,3.0933721149e-02,3.0933721149e-02,3.0933721149e-02,3.0933721149e-02,3.0933721149e-02,3.0933721149e-02,3.0933721149e-02,3.0933721149e-02,3.0933721149e-02,3.0933721149e-02,3.0933721149e-02,3.0933721149e-02,3.0933721149e-02,3.0933721149e-02,3.0933721149e-02,3.0933721149e-02,3.0933721149e-02,3.0933721149e-02,3.0933721149e-02,3.0933721149e-02,3.0933721149e-02,3.0933721149e-02,3.0933721149e-02,3.0933721149e-02,3.0933721149e-02,3.0933721149e-02,3.0933721149e-02,3.0933721149e-02,3.0933721149e-02,3.0933721149e-02,3.0933721149e-02,3.0933721149e-02,3.0933721149e-02,3.0933721149e-02,3.0933721149e-02,3.0933721149e-02,3.0933721149e-02,3.0933721149e-02,3.0933721149e-02,3.0933721149e-02,3.0933721149e-02,3.0933721149e-02,3.0933721149e-02,3.0933721149e-02,3.0933721149e-02,3.0933721149e-02,3.0933721149e-02,3.0933721149e-02,3.0933721149e-02,3.0933721149e-02,3.0933721149e-02,3.0933721149e-02,3.0933721149e-02,3.0933721149e-02,3.0933721149e-02,3.0933721149e-02,3.0933721149e-02,3.0933721149e-02,3.0933721149e-02,3.0933721149e-02,3.0933721149e-02,3.0933721149e-02,3.0933721149e-02,3.0933721149e-02,3.0933721149e-02,3.0933721149e-02,3.0933721149e-02,3.0933721149e-02,3.0933721149e-02,3.0933721149e-02,3.0933721149e-02,3.0933721149e-02,3.0933721149e-02,3.0933721149e-02,3.0933721149e-02,3.0933721149e-02,3.0933721149e-02,3.0933721149e-02,3.0933721149e-02,3.0933721149e-02,3.0933176773e-02,3.0927402553e-02,3.0921055936e-02,3.0914080314e-02,3.0906413514e-02,3.0897987247e-02,3.0888726520e-02,3.0878548987e-02,3.0867364233e-02,3.0855073001e-02,3.0841566340e-02,3.0826724679e-02,3.0790272465e-02,3.0729184451e-02,3.0662167477e-02,3.0588661327e-02,3.0508056014e-02,3.0410721795e-02,3.0225885674e-02,3.0023983077e-02,2.9803578356e-02,2.9387989259e-02,2.8793253470e-02,2.8153312966e-02,2.7476833371e-02,2.6753083394e-02,2.6187630765e-02,2.5641427038e-02,2.5163663602e-02,2.4662617152e-02,2.4135474397e-02,2.3561069147e-02,2.2909679009e-02,2.2174154539e-02,2.1343913117e-02,2.0409709904e-02,1.9366262263e-02,1.8196175279e-02,1.6892293294e-02,1.5458736827e-02,1.3918034120e-02,1.2289563725e-02,1.0627442055e-02,9.0036311753e-03,7.4702932090e-03,6.0619904227e-03,4.7985421521e-03,3.6949811619e-03,2.7613566418e-03,1.9982738163e-03,1.3951124379e-03,9.3798028581e-04,6.0269820111e-04,3.6814648508e-04,2.1271438340e-04,1.1571780834e-04,5.8844666872e-05,2.8045184025e-05,1.2569402598e-05,5.3087876591e-06,2.1093857918e-06,7.6537809645e-07,2.1802377120e-07,0.0000000000e+00,0.0000000000e+00,0.0000000000e+00,0.0000000000e+00,0.0000000000e+00,0.0000000000e+00,0.0000000000e+00,0.0000000000e+00,0.0000000000e+00,0.0000000000e+00,0.0000000000e+00,0.0000000000e+00,0.0000000000e+00,0.0000000000e+00,0.0000000000e+00,0.0000000000e+00,0.0000000000e+00,0.0000000000e+00,0.0000000000e+00,0.0000000000e+00,0.0000000000e+00,0.0000000000e+00,0.0000000000e+00,0.0000000000e+00,0.0000000000e+00,0.0000000000e+00,0.0000000000e+00,0.0000000000e+00,0.0000000000e+00,0.0000000000e+00,0.0000000000e+00,0.0000000000e+00,0.0000000000e+00,0.0000000000e+00,0.0000000000e+00,0.0000000000e+00,0.0000000000e+00,0.0000000000e+00,0.0000000000e+00,0.0000000000e+00,0.0000000000e+00
7.3347381708e+02,2.9413664989e-02,2.9413664989e-02,2.9413664989e-02,2.9413664989e-02,2.9413664989e-02,2.9413664989e-02,2.9413664989e-02,2.9413664989e-02,2.9413664989e-02,2.9413664989e-02,2.9413664989e-02,2.9413664989e-02,2.9413664989e-02,2.9413664989e-02,2.9413664989e-02,2.9413664989e-02,2.9413664989e-02,2.9413664989e-02,2.9413664989e-02,2.9413664989e-02,2.9413664989e-02,2.9413664989e-02,2.9413664989e-02,2.9413664989e-02,2.9413664989e-02,2.9413664989e-02,2.9413664989e-02,2.9413664989e-02,2.9413664989e-02,2.9413664989e-02,2.9413664989e-02,2.9413664989e-02,2.9413664989e-02,2.9413664989e-02,2.9413664989e-02,2.9413664989e-02,2.9413664989e-02,2.9413664989e-02,2.9413664989e-02,2.9413664989e-02,2.9413664989e-02,2.9413664989e-02,2.9413664989e-02,2.9413664989e-02,2.9413664989e-02,2.9413664989e-02,2.9413664989e-02,2.9413664989e-02,2.9413664989e-02,2.9413664989e-02,2.9413664989e-02,2.9413664989e-02,2.9413664989e-02,2.9413664989e-02,2.9413664989e-02,2.9413664989e-02,2.9413664989e-02,2.9413664989e-02,2.9413664989e-02,2.9413664989e-02,2.9413664989e-02,2.9413664989e-02,2.9413664989e-02,2.9413664989e-02,2.9413664989e-02,2.9413664989e-02,2.9413664989e-02,2.9413664989e-02,2.9413664989e-02,2.9413664989e-02,2.9413664989e-02,2.9413664989e-02,2.9413664989e-02,2.9413664989e-02,2.9413664989e-02,2.9413664989e-02,2.9413664989e-02,2.9413664989e-02,2.9413664989e-02,2.9413664989e-02,2.9413664989e-02,2.9413664989e-02,2.9413664989e-02,2.9413664989e-02,2.9413664989e-02,2.9413664989e-02,2.9413664989e-02,2.9413664989e-02,2.9413664989e-02,2.9413664989e-02,2.9413664989e-02,2.9413664989e-02,2.9413664989e-02,2.9413664989e-02,2.9413664989e-02,2.9413664989e-02,2.9413181391e-02,2.9408051812e-02,2.9402413666e-02,2.9396216644e-02,2.9389405484e-02,2.9381919489e-02,2.9373691995e-02,2.9364649797e-02,2.9354712511e-02,2.9343791882e-02,2.9331791028e-02,2.9318603610e-02,2.9286191314e-02,2.9231858007e-02,2.9172243253e-02,2.9106846338e-02,2.9035121707e-02,2.8948523820e-02,2.8784255011e-02,2.8604742315e-02,2.8408687491e-02,2.8039466334e-02,2.7510805564e-02,2.6941119587e-02,2.6334567645e-02,2.5684192049e-02,2.5172081940e-02,2.4675511879e-02,2.4238735547e-02,2.3779687605e-02,2.3295545309e-02,2.2766795269e-02,2.2165816550e-02,2.1485692760e-02,2.0716086632e-02,1.9847880576e-02,1.8875499157e-02,1.7781896958e-02,1.6559307178e-02,1.5209803882e-02,1.3753013079e-02,1.2205700051e-02,1.0617500499e-02,9.0550944726e-03,7.5681185084e-03,6.1911358723e-03,4.9449600505e-03,3.8461438737e-03,2.9068017202e-03,2.1301541285e-03,1.5083443567e-03,1.0301919666e-03,6.7372013977e-04,4.1974688234e-04,2.4794254434e-04,1.3821751137e-04,7.2225756914e-05,3.5474255521e-05,1.6433063322e-05,7.1977247917e-06,2.9825636820e-06,1.1477879491e-06,3.7784450172e-07,4.5443031235e-08,0.0000000000e+00,0.0000000000e+00,0.0000000000e+00,0.0000000000e+00,0.0000000000e+00,0.0000000000e+00,0.0000000000e+00,0.0000000000e+00,0.0000000000e+00,0.0000000000e+00,0.0000000000e+00,0.0000000000e+00,0.0000000000e+00,0.0000000000e+00,0.0000000000e+00,0.0000000000e+00,0.0000000000e+00,0.0000000000e+00,0.0000000000e+00,0.0000000000e+00,0.0000000000e+00,0.0000000000e+00,0.0000000000e+00,0.0000000000e+00,0.0000000000e+00,0.0000000000e+00,0.0000000000e+00,0.0000000000e+00,0.0000000000e+00,0.0000000000e+00,0.0000000000e+00,0.0000000000e+00,0.0000000000e+00,0.0000000000e+00,0.0000000000e+00,0.0000000000e+00,0.0000000000e+00,0.0000000000e+00,0.0000000000e+00,0.0000000000e+00
7.6668220745e+02,2.7966871436e-02,2.7966871436e-02,2.7966871436e-02,2.7966871436e-02,2.7966871436e-02,2.7966871436e-02,2.7966871436e-02,2.7966871436e-02,2.7966871436e-02,2.7966871436e-02,2.7966871436e-02,2.7966871436e-02,2.7966871436e-02,2.7966871436e-02,2.7966871436e-02,2.7966871436e-02,2.7966871436e-02,2.7966871436e-02,2.7966871436e-02,2.7966871436e-02,2.7966871436e-02,2.7966871436e-02,2.7966871436e-02,2.7966871436e-02,2.7966871436e-02,2.7966871436e-02,2.7966871436e-02,2.7966871436e-02,2.7966871436e-02,2.7966871436e-02,2.7966871436e-02,2.7966871436e-02,2.7966871436e-02,2.7966871436e-02,2.7966871436e-02,2.7966871436e-02,2.7966871436e-02,2.7966871436e-02,2.7966871436e-02,2.7966871436e-02,2.7966871436e-02,2.7966871436e-02,2.7966871436e-02,2.7966871436e-02,2.7966871436e-02,2.7966871436e-02,2.7966871436e-02,2.7966871436e-02,2.7966871436e-02,2.7966871436e-02,2.7966871436e-02,2.7966871436e-02,2.7966871436e-02,2.7966871436e-02,2.7966871436e-02,2.7966871436e-02,2.7966871436e-02,2.7966871436e-02,2.7966871436e-02,2.7966871436e-02,2.7966871436e-02,2.7966871436e-02,2.7966871436e-02,2.7966871436e-02,2.7966871436e-02,2.7966871436e-02,2.7966871436e-02,2.7966871436e-02,2.7966871436e-02,2.7966871436e-02,2.7966871436e-02,2.7966871436e-02,2.7966871436e-02,2.7966871436e-02,2.7966871436e-02,2.7966871436e-02,2.7966871436e-02,2.7966871436e-02,2.7966871436e-02,2.7966871436e-02,2.7966871436e-02,2.7966871436e-02,2.7966871436e-02,2.7966871436e-02,2.7966871436e-02,2.7966871436e-02,2.7966871436e-02,2.7966871436e-02,2.7966871436e-02,2.7966871436e-02,2.7966871436e-02,2.7966871436e-02,2.7966871436e-02,2.7966871436e-02,2.7966871436e-02,2.7966871436e-02,2.7966442692e-02,2.7961894928e-02,2.7956896219e-02,2.7951401942e-02,2.7945363080e-02,2.7938725792e-02,2.7931430939e-02,2.7923413574e-02,2.7914602378e-02,2.7904919038e-02,2.7894277581e-02,2.7882583627e-02,2.7853793721e-02,2.7805506103e-02,2.7752517931e-02,2.7694382148e-02,2.7630611370e-02,2.7553625399e-02,2.7407725814e-02,2.7248223123e-02,2.7073945533e-02,2.6746151985e-02,2.6276593478e-02,2.5769893732e-02,2.5226681068e-02,2.4642994583e-02,2.4179904788e-02,2.3729211864e-02,2.3330595531e-02,2.2910751143e-02,2.2466864543e-02,2.1980968443e-02,2.1427439723e-02,2.0799611486e-02,2.0087422259e-02,1.9281922459e-02,1.8377314918e-02,1.7356951714e-02,1.6212582054e-02,1.4944479558e-02,1.3569596177e-02,1.2102256777e-02,1.0587798083e-02,9.0877967008e-03,7.6492576607e-03,6.3064409853e-03,5.0808451559e-03,3.9902291010e-03,3.0484666739e-03,2.2611268900e-03,1.6229297201e-03,1.1252910715e-03,7.4843892046e-04,4.7520366884e-04,2.8667990593e-04,1.6357567143e-04,8.7724333434e-05,4.4341593954e-05,2.1198954418e-05,9.6133153241e-06,4.1455221220e-06,1.6832216023e-06,6.1940407409e-07,1.9998143301e-07,0.0000000000e+00,0.0000000000e+00,0.0000000000e+00,0.0000000000e+00,0.0000000000e+00,0.0000000000e+00,0.0000000000e+00,0.0000000000e+00,0.0000000000e+00,0.0000000000e+00,0.0000000000e+00,0.0000000000e+00,0.0000000000e+00,0.0000000000e+00,0.0000000000e+00,0.0000000000e+00,0.0000000000e+00,0.0000000000e+00,0.0000000000e+00,0.0000000000e+00,0.0000000000e+00,0.0000000000e+00,0.0000000000e+00,0.0000000000e+00,0.0000000000e+00,0.0000000000e+00,0.0000000000e+00,0.0000000000e+00,0.0000000000e+00,0.0000000000e+00,0.0000000000e+00,0.0000000000e+00,0.0000000000e+00,0.0000000000e+00,0.0000000000e+00,0.0000000000e+00,0.0000000000e+00,0.0000000000e+00,0.0000000000e+00,0.0000000000e+00
8.0139412415e+02,2.6535645216e-02,2.6535645216e-02,2.6535645216e-02,2.6535645216e-02,2.6535645216e-02,2.6535645216e-02,2.6535645216e-02,2.6535645216e-02,2.6535645216e-02,2.6535645216e-02,2.6535645216e-02,2.6535645216e-02,2.6535645216e-02,2.6535645216e-02,2.6535645216e-02,2.6535645216e-02,2.6535645216e-02,2.6535645216e-02,2.6535645216e-02,2.6535645216e-02,2.6535645216e-02,2.6535645216e-02,2.6535645216e-02,2.6535645216e-02,2.6535645216e-02,2.6535645216e-02,2.6535645216e-02,2.6535645216e-02,2.6535645216e-02,2.6535645216e-02,2.6535645216e-02,2.6535645216e-02,2.6535645216e-02,2.6535645216e-02,2.6535645216e-02,2.6535645216e-02,2.6535645216e-02,2.6535645216e-02,2.6535645216e-02,2.6535645216e-02,2.6535645216e-02,2.6535645216e-02,2.6535645216e-02,2.6535645216e-02,2.6535645216e-02,2.6535645216e-02,2.6535645216e-02,2.6535645216e-02,2.6535645216e-02,2.6535645216e-02,2.6535645216e-02,2.6535645216e-02,2.6535645216e-02,2.6535645216e-02,2.6535645216e-02,2.6535645216e-02,2.6535645216e-02,2.6535645216e-02,2.6535645216e-02,2.6535645216e-02,2.6535645216e-02,2.6535645216e-02,2.6535645216e-02,2.6535645216e-02,2.6535645216e-02,2.6535645216e-02,2.6535645216e-02,2.6535645216e-02,2.6535645216e-02,2.6535645216e-02,2.6535645216e-02,2.6535645216e-02,2.6535645216e-02,2.6535645216e-02,2.6535645216e-02,2.6535645216e-02,2.6535645216e-02,2.6535645216e-02,2.6535645216e-02,2.6535645216e-02,2.6535645216e-02,2.6535645216e-02,2.6535645216e-02,2.6535645216e-02,2.6535645216e-02,2.6535645216e-02,2.6535645216e-02,2.6535645216e-02,2.6535645216e-02,2.6535645216e-02,2.6535645216e-02,2.6535645216e-02,2.6535645216e-02,2.6535645216e-02,2.6535645216e-02,2.6535645216e-02,2.6535645216e-02,2.6535645216e-02,2.6532056463e-02,2.6525842644e-02,2.6519013192e-02,2.6511507294e-02,2.6503258171e-02,2.6494192500e-02,2.6484229774e-02,2.6473281621e-02,2.6461251043e-02,2.6448031592e-02,2.6433506472e-02,2.6416588874e-02,2.6358153023e-02,2.6294060998e-02,2.6223781555e-02,2.6146736922e-02,2.6062299444e-02,2.5902449542e-02,2.5686978453e-02,2.5452169105e-02,2.5180460783e-02,2.4691462835e-02,2.4164836334e-02,2.3670998521e-02,2.3239999564e-02,2.2814451296e-02,2.2446958694e-02,2.2061839458e-02,2.1656074484e-02,2.1204691775e-02,2.0693877518e-02,2.0114961583e-02,1.9458052436e-02,1.8714352071e-02,1.7874621593e-02,1.6926346378e-02,1.5851089126e-02,1.4665544870e-02,1.3370536812e-02,1.1979927018e-02,1.0540542644e-02,9.1024499482e-03,7.7140384622e-03,6.4078862272e-03,5.2058341288e-03,4.1267287062e-03,3.1856747493e-03,2.3905411498e-03,1.7382380938e-03,1.2227300631e-03,8.2646725734e-04,5.3430698561e-04,3.2892698206e-04,1.9192484735e-04,1.0548504298e-04,5.4795009225e-05,2.6989100393e-05,1.2639822193e-05,5.6440080305e-06,2.3820154369e-06,9.2045585396e-07,2.9762075088e-07,2.0060047199e-08,0.0000000000e+00,0.0000000000e+00,0.0000000000e+00,0.0000000000e+00,0.0000000000e+00,0.0000000000e+00,0.0000000000e+00,0.0000000000e+00,0.0000000000e+00,0.0000000000e+00,0.0000000000e+00,0.0000000000e+00,0.0000000000e+00,0.0000000000e+00,0.0000000000e+00,0.0000000000e+00,0.0000000000e+00,0.0000000000e+00,0.0000000000e+00,0.0000000000e+00,0.0000000000e+00,0.0000000000e+00,0.0000000000e+00,0.0000000000e+00,0.0000000000e+00,0.0000000000e+00,0.0000000000e+00,0.0000000000e+00,0.0000000000e+00,0.0000000000e+00,0.0000000000e+00,0.0000000000e+00,0.0000000000e+00,0.0000000000e+00,0.0000000000e+00,0.0000000000e+00,0.0000000000e+00,0.0000000000e+00,0.0000000000e+00
8.3767764007e+02,2.5231692692e-02,2.5231692692e-02,2.5231692692e-02,2.5231692692e-02,2.5231692692e-02,2.5231692692e-02,2.5231692692e-02,2.5231692692e-02,2.5231692692e-02,2.5231692692e-02,2.5231692692e-02,2.5231692692e-02,2.5231692692e-02,2.5231692692e-02,2.5231692692e-02,2.5231692692e-02,2.5231692692e-02,2.5231692692e-02,2.5231692692e-02,2.5231692692e-02,2.5231692692e-02,2.5231692692e-02,2.5231692692e-02,2.5231692692e-02,2.5231692692e-02,2.5231692692e-02,2.5231692692e-02,2.5231692692e-02,2.5231692692e-02,2.5231692692e-02,2.5231692692e-02,2.5231692692e-02,2.5231692692e-02,2.5231692692e-02,2.5231692692e-02,2.5231692692e-02,2.5231692692e-02,2.5231692692e-02,2.5231692692e-02,2.5231692692e-02,2.5231692692e-02,2.5231692692e-02,2.5231692692e-02,2.5231692692e-02,2.5231692692e-02,2.5231692692e-02,2.5231692692e-02,2.5231692692e-02,2.5231692692e-02,2.5231692692e-02,2.5231692692e-02,2.5231692692e-02,2.5231692692e-02,2.5231692692e-02,2.5231692692e-02,2.5231692692e-02,2.5231692692e-02,2.5231692692e-02,2.5231692692e-02,2.5231692692e-02,2.5231692692e-02,2.5231692692e-02,2.5231692692e-02,2.5231692692e-02,2.5231692692e-02,2.5231692692e-02,2.5231692692e-02,2.5231692692e-02,2.5231692692e-02,2.5231692692e-02,2.5231692692e-02,2.5231692692e-02,2.5231692692e-02,2.5231692692e-02,2.5231692692e-02,2.5231692692e-02,2.5231692692e-02,2.5231692692e-02,2.5231692692e-02,2.5231692692e-02,2.5231692692e-02,2.5231692692e-02,2.5231692692e-02,2.5231692692e-02,2.5231692692e-02,2.5231692692e-02,2.5231692692e-02,2.5231692692e-02,2.5231692692e-02,2.5231692692e-02,2.5231692692e-02,2.5231692692e-02,2.5231692692e-02,2.5231692692e-02,2.5231692692e-02,2.5231692692e-02,2.5231692692e-02,2.5231692692e-02,2.5228518892e-02,2.5223023482e-02,2.5216983510e-02,2.5210345164e-02,2.5203049347e-02,2.5195031160e-02,2.5186219348e-02,2.5176535680e-02,2.5165894281e-02,2.5154200899e-02,2.5141352104e-02,2.5126383050e-02,2.5074544343e-02,2.5017679110e-02,2.4955313387e-02,2.4886931311e-02,2.4811972004e-02,2.4670271987e-02,2.4479258847e-02,2.4270975642e-02,2.4029745869e-02,2.3594587280e-02,2.3125285809e-02,2.2683108320e-02,2.2294369613e-02,2.1909547604e-02,2.1575411364e-02,2.1224381624e-02,2.0853670656e-02,2.0440153690e-02,1.9971220732e-02,1.9438579676e-02,1.8832725613e-02,1.8145063611e-02,1.7366492119e-02,1.6484733796e-02,1.5481688564e-02,1.4371636848e-02,1.3153950058e-02,1.1840287359e-02,1.0473319598e-02,9.0986492250e-03,7.7618147585e-03,6.4945922073e-03,5.3189709714e-03,4.2544387548e-03,3.3172908774e-03,2.5172154666e-03,1.8533000904e-03,1.3218116914e-03,9.0733629095e-04,5.9680587904e-04,3.7456553031e-04,2.2330735921e-04,1.2568420798e-04,6.7006784096e-05,3.3954730450e-05,1.6398834971e-05,7.5715129746e-06,3.3178652609e-06,1.3460591854e-06,4.8040868176e-07,9.9891768118e-08,0.0000000000e+00,0.0000000000e+00,0.0000000000e+00,0.0000000000e+00,0.0000000000e+00,0.0000000000e+00,0.0000000000e+00,0.0000000000e+00,0.0000000000e+00,0.0000000000e+00,0.0000000000e+00,0.0000000000e+00,0.0000000000e+00,0.0000000000e+00,0.0000000000e+00,0.0000000000e+00,0.0000000000e+00,0.0000000000e+00,0.0000000000e+00,0.0000000000e+00,0.0000000000e+00,0.0000000000e+00,0.0000000000e+00,0.0000000000e+00,0.0000000000e+00,0.0000000000e+00,0.0000000000e+00,0.0000000000e+00,0.0000000000e+00,0.0000000000e+00,0.0000000000e+00,0.0000000000e+00,0.0000000000e+00,0.0000000000e+00,0.0000000000e+00,0.0000000000e+00,0.0000000000e+00,0.0000000000e+00,0.0000000000e+00
8.7560391014e+02,2.4071947277e-02,2.4071947277e-02,2.4071947277e-02,2.4071947277e-02,2.4071947277e-02,2.4071947277e-02,2.4071947277e-02,2.4071947277e-02,2.4071947277e-02,2.4071947277e-02,2.4071947277e-02,2.4071947277e-02,2.4071947277e-02,2.4071947277e-02,2.4071947277e-02,2.4071947277e-02,2.4071947277e-02,2.4071947277e-02,2.4071947277e-02,2.4071947277e-02,2.4071947277e-02,2.4071947277e-02,2.4071947277e-02,2.4071947277e-02,2.4071947277e-02,2.4071947277e-02,2.4071947277e-02,2.4071947277e-02,2.4071947277e-02,2.4071947277e-02,2.4071947277e-02,2.4071947277e-02,2.4071947277e-02,2.4071947277e-02,2.4071947277e-02,2.4071947277e-02,2.4071947277e-02,2.4071947277e-02,2.4071947277e-02,2.4071947277e-02,2.4071947277e-02,2.4071947277e-02,2.4071947277e-02,2.4071947277e-02,2.4071947277e-02,2.4071947277e-02,2.4071947277e-02,2.4071947277e-02,2.4071947277e-02,2.4071947277e-02,2.4071947277e-02,2.4071947277e-02,2.4071947277e-02,2.4071947277e-02,2.4071947277e-02,2.4071947277e-02,2.4071947277e-02,2.4071947277e-02,2.4071947277e-02,2.4071947277e-02,2.4071947277e-02,2.4071947277e-02,2.4071947277e-02,2.4071947277e-02,2.4071947277e-02,2.4071947277e-02,2.4071947277e-02,2.4071947277e-02,2.4071947277e-02,2.4071947277e-02,2.4071947277e-02,2.4071947277e-02,2.4071947277e-02,2.4071947277e-02,2.4071947277e-02,2.4071947277e-02,2.4071947277e-02,2.4071947277e-02,2.4071947277e-02,2.4071947277e-02,2.4071947277e-02,2.4071947277e-02,2.4071947277e-02,2.4071947277e-02,2.4071947277e-02,2.4071947277e-02,2.4071947277e-02,2.4071947277e-02,2.4071947277e-02,2.4071947277e-02,2.4071947277e-02,2.4071947277e-02,2.4071947277e-02,2.4071947277e-02,2.4071947277e-02,2.4071947277e-02,2.4071947277e-02,2.4071947277e-02,2.4071947277e-02,2.4070918817e-02,2.4063586313e-02,2.4055527937e-02,2.4046672113e-02,2.4036940267e-02,2.4026246152e-02,2.4014495117e-02,2.4001583303e-02,2.3987396773e-02,2.3971810553e-02,2.3954687601e-02,2.3935877678e-02,2.3891270233e-02,2.3821761361e-02,2.3745580446e-02,2.3662112415e-02,2.3570690754e-02,2.3443007307e-02,2.3148055819e-02,2.2828082782e-02,2.2481423456e-02,2.2119104267e-02,2.1736138388e-02,2.1322773635e-02,2.1027751370e-02,2.0716359490e-02,2.0401257436e-02,2.0063909964e-02,1.9684374657e-02,1.9255047960e-02,1.8768079044e-02,1.8213685561e-02,1.7579556527e-02,1.6856278914e-02,1.6034173781e-02,1.5101102069e-02,1.4064138454e-02,1.2919103010e-02,1.1683636432e-02,1.0386760974e-02,9.0762445718e-03,7.7922536585e-03,6.5659143367e-03,5.4194408783e-03,4.3725201477e-03,3.4424136968e-03,2.6403493097e-03,1.9673999996e-03,1.4219775799e-03,9.9067909209e-04,6.6251572030e-04,4.2359668684e-04,2.5779724144e-04,1.4841426922e-04,8.1037966074e-05,4.2177848865e-05,2.0980125462e-05,1.0004358231e-05,4.5482208959e-06,1.9376863244e-06,7.6159142212e-07,2.5315200245e-07,2.5204035120e-08,0.0000000000e+00,0.0000000000e+00,0.0000000000e+00,0.0000000000e+00,0.0000000000e+00,0.0000000000e+00,0.0000000000e+00,0.0000000000e+00,0.0000000000e+00,0.0000000000e+00,0.0000000000e+00,0.0000000000e+00,0.0000000000e+00,0.0000000000e+00,0.0000000000e+00,0.0000000000e+00,0.0000000000e+00,0.0000000000e+00,0.0000000000e+00,0.0000000000e+00,0.0000000000e+00,0.0000000000e+00,0.0000000000e+00,0.0000000000e+00,0.0000000000e+00,0.0000000000e+00,0.0000000000e+00,0.0000000000e+00,0.0000000000e+00,0.0000000000e+00,0.0000000000e+00,0.0000000000e+00,0.0000000000e+00,0.0000000000e+00,0.0000000000e+00,0.0000000000e+00,0.0000000000e+00,0.0000000000e+00
9.1524731088e+02,2.2877998263e-02,2.2877998263e-02,2.2877998263e-02,2.2877998263e-02,2.2877998263e-02,2.2877998263e-02,2.2877998263e-02,2.2877998263e-02,2.2877998263e-02,2.2877998263e-02,2.2877998263e-02,2.2877998263e-02,2.2877998263e-02,2.2877998263e-02,2.2877998263e-02,2.2877998263e-02,2.2877998263e-02,2.2877998263e-02,2.2877998263e-02,2.2877998263e-02,2.2877998263e-02,2.2877998263e-02,2.2877998263e-02,2.2877998263e-02,2.2877998263e-02,2.2877998263e-02,2.2877998263e-02,2.2877998263e-02,2.2877998263e-02,2.2877998263e-02,2.2877998263e-02,2.2877998263e-02,2.2877998263e-02,2.2877998263e-02,2.2877998263e-02,2.2877998263e-02,2.2877998263e-02,2.2877998263e-02,2.2877998263e-02,2.2877998263e-02,2.2877998263e-02,2.2877998263e-02,2.2877998263e-02,2.2877998263e-02,2.2877998263e-02,2.2877998263e-02,2.2877998263e-02,2.2877998263e-02,2.2877998263e-02,2.2877998263e-02,2.2877998263e-02,2.2877998263e-02,2.2877998263e-02,2.2877998263e-02,2.2877998263e-02,2.2877998263e-02,2.2877998263e-02,2.2877998263e-02,2.2877998263e-02,2.2877998263e-02,2.2877998263e-02,2.2877998263e-02,2.2877998263e-02,2.2877998263e-02,2.2877998263e-02,2.2877998263e-02,2.2877998263e-02,2.2877998263e-02,2.2877998263e-02,2.2877998263e-02,2.2877998263e-02,2.2877998263e-02,2.2877998263e-02,2.2877998263e-02,2.2877998263e-02,2.2877998263e-02,2.2877998263e-02,2.2877998263e-02,2.2877998263e-02,2.2877998263e-02,2.2877998263e-02,2.2877998263e-02,2.2877998263e-02,2.2877998263e-02,2.2877998263e-02,2.2877998263e-02,2.2877998263e-02,2.2877998263e-02,2.2877998263e-02,2.2877998263e-02,2.2877998263e-02,2.2877998263e-02,2.2877998263e-02,2.2877998263e-02,2.2877998263e-02,2.2877998263e-02,2.2877998263e-02,2.2877998263e-02,2.2877998263e-02,2.2877090350e-02,2.2870617213e-02,2.2863503115e-02,2.2855684818e-02,2.2847092895e-02,2.2837651132e-02,2.2827275876e-02,2.2815875326e-02,2.2803348756e-02,2.2789585665e-02,2.2774464861e-02,2.2757853453e-02,2.2718374100e-02,2.2656813236e-02,2.2589329068e-02,2.2515372589e-02,2.2434348258e-02,2.2321267749e-02,2.2060403435e-02,2.1777140131e-02,2.1469931311e-02,2.1147029326e-02,2.0804318732e-02,2.0433967045e-02,2.0167291597e-02,1.9885416120e-02,1.9599024879e-02,1.9291896800e-02,1.8945320930e-02,1.8552505140e-02,1.8105979895e-02,1.7596402305e-02,1.7012025308e-02,1.6343648370e-02,1.5581754577e-02,1.4714333036e-02,1.3746844671e-02,1.2674123715e-02,1.1511518824e-02,1.0284842047e-02,9.0375405461e-03,7.8069964078e-03,6.6231818681e-03,5.5080026855e-03,4.4812957598e-03,3.5609954522e-03,2.7596409708e-03,2.0800646991e-03,1.5226403941e-03,1.0759400457e-03,7.3099714977e-04,4.7569410352e-04,2.9523769080e-04,1.7372487874e-04,9.7175075688e-05,5.1903330614e-05,2.6545142548e-05,1.3041964592e-05,6.1239137833e-06,2.7053489828e-06,1.1125952542e-06,4.0289710866e-07,8.3510602352e-08,0.0000000000e+00,0.0000000000e+00,0.0000000000e+00,0.0000000000e+00,0.0000000000e+00,0.0000000000e+00,0.0000000000e+00,0.0000000000e+00,0.0000000000e+00,0.0000000000e+00,0.0000000000e+00,0.0000000000e+00,0.0000000000e+00,0.0000000000e+00,0.0000000000e+00,0.0000000000e+00,0.0000000000e+00,0.0000000000e+00,0.0000000000e+00,0.0000000000e+00,0.0000000000e+00,0.0000000000e+00,0.0000000000e+00,0.0000000000e+00,0.0000000000e+00,0.0000000000e+00,0.0000000000e+00,0.0000000000e+00,0.0000000000e+00,0.0000000000e+00,0.0000000000e+00,0.0000000000e+00,0.0000000000e+00,0.0000000000e+00,0.0000000000e+00,0.0000000000e+00,0.0000000000e+00,0.0000000000e+00
9.5668558622e+02,2.1740518844e-02,2.1740518844e-02,2.1740518844e-02,2.1740518844e-02,2.1740518844e-02,2.1740518844e-02,2.1740518844e-02,2.1740518844e-02,2.1740518844e-02,2.1740518844e-02,2.1740518844e-02,2.1740518844e-02,2.1740518844e-02,2.1740518844e-02,2.1740518844e-02,2.1740518844e-02,2.1740518844e-02,2.1740518844e-02,2.1740518844e-02,2.1740518844e-02,2.1740518844e-02,2.1740518844e-02,2.1740518844e-02,2.1740518844e-02,2.1740518844e-02,2.1740518844e-02,2.1740518844e-02,2.1740518844e-02,2.1740518844e-02,2.1740518844e-02,2.1740518844e-02,2.1740518844e-02,2.1740518844e-02,2.1740518844e-02,2.1740518844e-02,2.1740518844e-02,2.1740518844e-02,2.1740518844e-02,2.1740518844e-02,2.1740518844e-02,2.1740518844e-02,2.1740518844e-02,2.1740518844e-02,2.1740518844e-02,2.1740518844e-02,2.1740518844e-02,2.1740518844e-02,2.1740518844e-02,2.1740518844e-02,2.1740518844e-02,2.1740518844e-02,2.1740518844e-02,2.1740518844e-02,2.1740518844e-02,2.1740518844e-02,2.1740518844e-02,2.1740518844e-02,2.1740518844e-02,2.1740518844e-02,2.1740518844e-02,2.1740518844e-02,2.1740518844e-02,2.1740518844e-02,2.1740518844e-02,2.1740518844e-02,2.1740518844e-02,2.1740518844e-02,2.1740518844e-02,2.1740518844e-02,2.1740518844e-02,2.1740518844e-02,2.1740518844e-02,2.1740518844e-02,2.1740518844e-02,2.1740518844e-02,2.1740518844e-02,2.1740518844e-02,2.1740518844e-02,2.1740518844e-02,2.1740518844e-02,2.1740518844e-02,2.1740518844e-02,2.1740518844e-02,2.1740518844e-02,2.1740518844e-02,2.1740518844e-02,2.1740518844e-02,2.1740518844e-02,2.1740518844e-02,2.1740518844e-02,2.1740518844e-02,2.1740518844e-02,2.1740518844e-02,2.1740518844e-02,2.1740518844e-02,2.1740518844e-02,2.1740518844e-02,2.1740518844e-02,2.1740518844e-02,2.1739718823e-02,2.1734014859e-02,2.1727745960e-02,2.1720856362e-02,2.1713284835e-02,2.1704964158e-02,2.1695820541e-02,2.1685772993e-02,2.1674732637e-02,2.1662601960e-02,2.1649273991e-02,2.1634631413e-02,2.1599727521e-02,2.1545252831e-02,2.1485524860e-02,2.1420054247e-02,2.1348309628e-02,2.1248252090e-02,2.1017743877e-02,2.0767220323e-02,2.0495252936e-02,2.0207861401e-02,1.9901652381e-02,1.9570374546e-02,1.9329737883e-02,1.9075031681e-02,1.8815177010e-02,1.8536037388e-02,1.8220082125e-02,1.7861267108e-02,1.7452505433e-02,1.6984898706e-02,1.6447267680e-02,1.5830658798e-02,1.5125759945e-02,1.4320758243e-02,1.3419695469e-02,1.2416575037e-02,1.1324640519e-02,1.0166700226e-02,8.9821190065e-03,7.8055255809e-03,6.6655988293e-03,5.5837558168e-03,4.5797734727e-03,3.6720244888e-03,2.8741182487e-03,2.1904348597e-03,1.6231254582e-03,1.1626334977e-03,8.0195221760e-04,5.3074941152e-04,3.3564556589e-04,2.0167075000e-04,1.1543320777e-04,6.3194234536e-05,3.3186394961e-05,1.6775546727e-05,8.1230181663e-06,3.7139105259e-06,1.5925155058e-06,6.1844620949e-07,1.7530092916e-07,0.0000000000e+00,0.0000000000e+00,0.0000000000e+00,0.0000000000e+00,0.0000000000e+00,0.0000000000e+00,0.0000000000e+00,0.0000000000e+00,0.0000000000e+00,0.0000000000e+00,0.0000000000e+00,0.0000000000e+00,0.0000000000e+00,0.0000000000e+00,0.0000000000e+00,0.0000000000e+00,0.0000000000e+00,0.0000000000e+00,0.0000000000e+00,0.0000000000e+00,0.0000000000e+00,0.0000000000e+00,0.0000000000e+00,0.0000000000e+00,0.0000000000e+00,0.0000000000e+00,0.0000000000e+00,0.0000000000e+00,0.0000000000e+00,0.0000000000e+00,0.0000000000e+00,0.0000000000e+00,0.0000000000e+00,0.0000000000e+00,0.0000000000e+00,0.0000000000e+00,0.0000000000e+00,0.0000000000e+00
1.0000000000e+03,2.0615170583e-02,2.0615170583e-02,2.0615170583e-02,2.0615170583e-02,2.0615170583e-02,2.0615170583e-02,2.0615170583e-02,2.0615170583e-02,2.0615170583e-02,2.0615170583e-02,2.0615170583e-02,2.0615170583e-02,2.0615170583e-02,2.0615170583e-02,2.0615170583e-02,2.0615170583e-02,2.0615170583e-02,2.0615170583e-02,2.0615170583e-02,2.0615170583e-02,2.0615170583e-02,2.0615170583e-02,2.0615170583e-02,2.0615170583e-02,2.0615170583e-02,2.0615170583e-02,2.0615170583e-02,2.0615170583e-02,2.0615170583e-02,2.0615170583e-02,2.0615170583e-02,2.0615170583e-02,2.0615170583e-02,2.0615170583e-02,2.0615170583e-02,2.0615170583e-02,2.0615170583e-02,2.0615170583e-02,2.0615170583e-02,2.0615170583e-02,2.0615170583e-02,2.0615170583e-02,2.0615170583e-02,2.0615170583e-02,2.0615170583e-02,2.0615170583e-02,2.0615170583e-02,2.0615170583e-02,2.0615170583e-02,2.0615170583e-02,2.0615170583e-02,2.0615170583e-02,2.0615170583e-02,2.0615170583e-02,2.0615170583e-02,2.0615170583e-02,2.0615170583e-02,2.0615170583e-02,2.0615170583e-02,2.0615170583e-02,2.0615170583e-02,2.0615170583e-02,2.0615170583e-02,2.0615170583e-02,2.0615170583e-02,2.0615170583e-02,2.0615170583e-02,2.0615170583e-02,2.0615170583e-02,2.0615170583e-02,2.0615170583e-02,2.0615170583e-02,2.0615170583e-02,2.0615170583e-02,2.0615170583e-02,2.0615170583e-02,2.0615170583e-02,2.0615170583e-02,2.0615170583e-02,2.0615170583e-02,2.0615170583e-02,2.0615170583e-02,2.0615170583e-02,2.0615170583e-02,2.0615170583e-02,2.0615170583e-02,2.0615170583e-02,2.0615170583e-02,2.0615170583e-02,2.0615170583e-02,2.0615170583e-02,2.0615170583e-02,2.0615170583e-02,2.0615170583e-02,2.0615170583e-02,2.0615170583e-02,2.0615170583e-02,2.0615170583e-02,2.0615170583e-02,2.0615170583e-02,2.0615170583e-02,2.0610059098e-02,2.0601833074e-02,2.0592793622e-02,2.0582860719e-02,2.0571946557e-02,2.0559954803e-02,2.0546779790e-02,2.0532305644e-02,2.0516405324e-02,2.0498939592e-02,2.0479755877e-02,2.0455677008e-02,2.0389454538e-02,2.0316900541e-02,2.0237436533e-02,2.0150436753e-02,2.0055225478e-02,1.9851271554e-02,1.9580956742e-02,1.9288033056e-02,1.8986173452e-02,1.8766625818e-02,1.8528195630e-02,1.8289855332e-02,1.8054648675e-02,1.7796609113e-02,1.7511660307e-02,1.7183584527e-02,1.6812771733e-02,1.6379236429e-02,1.5882785714e-02,1.5315427169e-02,1.4665025342e-02,1.3921700281e-02,1.3084175963e-02,1.2149168012e-02,1.1122506702e-02,1.0033481415e-02,8.9117593957e-03,7.7889449918e-03,6.6941032339e-03,5.6467922175e-03,4.6679185049e-03,3.7751082480e-03,2.9831747655e-03,2.2978640068e-03,1.7228897649e-03,1.2502815898e-03,8.7506595153e-04,5.8860718224e-04,3.7902180805e-04,2.3235415913e-04,1.3595949475e-04,7.6146474074e-05,4.0938642662e-05,2.1262982239e-05,1.0606404497e-05,5.0164672946e-06,2.2460373859e-06,9.4168860635e-07,3.4961301955e-07,8.0663339851e-08,0.0000000000e+00,0.0000000000e+00,0.0000000000e+00,0.0000000000e+00,0.0000000000e+00,0.0000000000e+00,0.0000000000e+00,0.0000000000e+00,0.0000000000e+00,0.0000000000e+00,0.0000000000e+00,0.0000000000e+00,0.0000000000e+00,0.0000000000e+00,0.0000000000e+00,0.0000000000e+00,0.0000000000e+00,0.0000000000e+00,0.0000000000e+00,0.0000000000e+00,0.0000000000e+00,0.0000000000e+00,0.0000000000e+00,0.0000000000e+00,0.0000000000e+00,0.0000000000e+00,0.0000000000e+00,0.0000000000e+00,0.0000000000e+00,0.0000000000e+00,0.0000000000e+00,0.0000000000e+00,0.0000000000e+00,0.0000000000e+00,0.0000000000e+00,0.0000000000e+00,0.0000000000e+00
1.0452754953e+03,1.9587200898e-02,1.9587200898e-02,1.9587200898e-02,1.9587200898e-02,1.9587200898e-02,1.9587200898e-02,1.9587200898e-02,1.9587200898e-02,1.9587200898e-02,1.9587200898e-02,1.9587200898e-02,1.9587200898e-02,1.9587200898e-02,1.9587200898e-02,1.9587200898e-02,1.9587200898e-02,1.9587200898e-02,1.9587200898e-02,1.9587200898e-02,1.9587200898e-02,1.9587200898e-02,1.9587200898e-02,1.9587200898e-02,1.9587200898e-02,1.9587200898e-02,1.9587200898e-02,1.9587200898e-02,1.9587200898e-02,1.9587200898e-02,1.9587200898e-02,1.9587200898e-02,1.9587200898e-02,1.9587200898e-02,1.9587200898e-02,1.9587200898e-02,1.9587200898e-02,1.9587200898e-02,1.9587200898e-02,1.9587200898e-02,1.9587200898e-02,1.9587200898e-02,1.9587200898e-02,1.9587200898e-02,1.9587200898e-02,1.9587200898e-02,1.9587200898e-02,1.9587200898e-02,1.9587200898e-02,1.9587200898e-02,1.9587200898e-02,1.9587200898e-02,1.9587200898e-02,1.9587200898e-02,1.9587200898e-02,1.9587200898e-02,1.9587200898e-02,1.9587200898e-02,1.9587200898e-02,1.9587200898e-02,1.9587200898e-02,1.9587200898e-02,1.9587200898e-02,1.9587200898e-02,1.9587200898e-02,1.9587200898e-02,1.9587200898e-02,1.9587200898e-02,1.9587200898e-02,1.9587200898e-02,1.9587200898e-02,1.9587200898e-02,1.9587200898e-02,1.9587200898e-02,1.9587200898e-02,1.9587200898e-02,1.9587200898e-02,1.9587200898e-02,1.9587200898e-02,1.9587200898e-02,1.9587200898e-02,1.9587200898e-02,1.9587200898e-02,1.9587200898e-02,1.9587200898e-02,1.9587200898e-02,1.9587200898e-02,1.9587200898e-02,1.9587200898e-02,1.9587200898e-02,1.9587200898e-02,1.9587200898e-02,1.9587200898e-02,1.9587200898e-02,1.9587200898e-02,1.9587200898e-02,1.9587200898e-02,1.9587200898e-02,1.9587200898e-02,1.9587200898e-02,1.9587200898e-02,1.9587200898e-02,1.9582701616e-02,1.9575460649e-02,1.9567503416e-02,1.9558759401e-02,1.9549151219e-02,1.9538593955e-02,1.9526994455e-02,1.9514250546e-02,1.9500250187e-02,1.9484870547e-02,1.9467977010e-02,1.9446760902e-02,1.9388284886e-02,1.9324202439e-02,1.9253998088e-02,1.9177113545e-02,1.9092945114e-02,1.8912646539e-02,1.8673502554e-02,1.8414088701e-02,1.8146222519e-02,1.7949403889e-02,1.7735494758e-02,1.7520917077e-02,1.7308276419e-02,1.7074533187e-02,1.6815678118e-02,1.6516986189e-02,1.6178718988e-02,1.5782149498e-02,1.5326891606e-02,1.4805241046e-02,1.4205566061e-02,1.3518129509e-02,1.2740893665e-02,1.1869799373e-02,1.0909225230e-02,9.8853646210e-03,8.8246573819e-03,7.7560059645e-03,6.7069551986e-03,5.6963027883e-03,4.7445277853e-03,3.8692822784e-03,3.0859924632e-03,2.4015373045e-03,1.8210369912e-03,1.3381516745e-03,9.4969151828e-04,6.4875906509e-04,4.2497985835e-04,2.6553976720e-04,1.5867529973e-04,9.0932866440e-05,5.0111330656e-05,2.6706122409e-05,1.3694151090e-05,6.6745669025e-06,3.0892634143e-06,1.3467678290e-06,5.3137221128e-07,1.5590478865e-07,0.0000000000e+00,0.0000000000e+00,0.0000000000e+00,0.0000000000e+00,0.0000000000e+00,0.0000000000e+00,0.0000000000e+00,0.0000000000e+00,0.0000000000e+00,0.0000000000e+00,0.0000000000e+00,0.0000000000e+00,0.0000000000e+00,0.0000000000e+00,0.0000000000e+00,0.0000000000e+00,0.0000000000e+00,0.0000000000e+00,0.0000000000e+00,0.0000000000e+00,0.0000000000e+00,0.0000000000e+00,0.0000000000e+00,0.0000000000e+00,0.0000000000e+00,0.0000000000e+00,0.0000000000e+00,0.0000000000e+00,0.0000000000e+00,0.0000000000e+00,0.0000000000e+00,0.0000000000e+00,0.0000000000e+00,0.0000000000e+00,0.0000000000e+00,0.0000000000e+00,0.0000000000e+00
1.0926008611e+03,1.8607014456e-02,1.8607014456e-02,1.8607014456e-02,1.8607014456e-02,1.8607014456e-02,1.8607014456e-02,1.8607014456e-02,1.8607014456e-02,1.8607014456e-02,1.8607014456e-02,1.8607014456e-02,1.8607014456e-02,1.8607014456e-02,1.8607014456e-02,1.8607014456e-02,1.8607014456e-02,1.8607014456e-02,1.8607014456e-02,1.8607014456e-02,1.8607014456e-02,1.8607014456e-02,1.8607014456e-02,1.8607014456e-02,1.8607014456e-02,1.8607014456e-02,1.8607014456e-02,1.8607014456e-02,1.8607014456e-02,1.8607014456e-02,1.8607014456e-02,1.8607014456e-02,1.8607014456e-02,1.8607014456e-02,1.8607014456e-02,1.8607014456e-02,1.8607014456e-02,1.8607014456e-02,1.8607014456e-02,1.8607014456e-02,1.8607014456e-02,1.8607014456e-02,1.8607014456e-02,1.8607014456e-02,1.8607014456e-02,1.8607014456e-02,1.8607014456e-02,1.8607014456e-02,1.8607014456e-02,1.8607014456e-02,1.8607014456e-02,1.8607014456e-02,1.8607014456e-02,1.8607014456e-02,1.8607014456e-02,1.8607014456e-02,1.8607014456e-02,1.8607014456e-02,1.8607014456e-02,1.8607014456e-02,1.8607014456e-02,1.8607014456e-02,1.8607014456e-02,1.8607014456e-02,1.8607014456e-02,1.8607014456e-02,1.8607014456e-02,1.8607014456e-02,1.8607014456e-02,1.8607014456e-02,1.8607014456e-02,1.8607014456e-02,1.8607014456e-02,1.8607014456e-02,1.8607014456e-02,1.8607014456e-02,1.8607014456e-02,1.8607014456e-02,1.8607014456e-02,1.8607014456e-02,1.8607014456e-02,1.8607014456e-02,1.8607014456e-02,1.8607014456e-02,1.8607014456e-02,1.8607014456e-02,1.8607014456e-02,1.8607014456e-02,1.8607014456e-02,1.8607014456e-02,1.8607014456e-02,1.8607014456e-02,1.8607014456e-02,1.8607014456e-02,1.8607014456e-02,1.8607014456e-02,1.8607014456e-02,1.8607014456e-02,1.8607014456e-02,1.8607014456e-02,1.8607014456e-02,1.8607014456e-02,1.8603061286e-02,1.8596699068e-02,1.8589707304e-02,1.8582023974e-02,1.8573581006e-02,1.8564303696e-02,1.8554110075e-02,1.8542910225e-02,1.8530605524e-02,1.8517087830e-02,1.8502238595e-02,1.8483576272e-02,1.8431989929e-02,1.8375444848e-02,1.8313482431e-02,1.8245605416e-02,1.8171275413e-02,1.8012084641e-02,1.7800795203e-02,1.7571374125e-02,1.7334020787e-02,1.7157894541e-02,1.6966335362e-02,1.6773495927e-02,1.6581590759e-02,1.6370220010e-02,1.6135462013e-02,1.5863972981e-02,1.5555908317e-02,1.5193751557e-02,1.4776960208e-02,1.4298136146e-02,1.3746165413e-02,1.3111509795e-02,1.2391502967e-02,1.1581446698e-02,1.0684426390e-02,9.7237620900e-03,8.7228890775e-03,7.7081056032e-03,6.7053740358e-03,5.7326260565e-03,4.8097685388e-03,3.9543005641e-03,3.1820566820e-03,2.5008520370e-03,1.9170251192e-03,1.4257338893e-03,1.0254576924e-03,7.1098209711e-04,4.7345353862e-04,3.0127373550e-04,1.8368068857e-04,1.0759460747e-04,6.0703525257e-05,3.3153762671e-05,1.7452606918e-05,8.7533562408e-06,4.1810175693e-06,1.8903404973e-06,7.8608046854e-07,2.6853923533e-07,5.0346922373e-09,0.0000000000e+00,0.0000000000e+00,0.0000000000e+00,0.0000000000e+00,0.0000000000e+00,0.0000000000e+00,0.0000000000e+00,0.0000000000e+00,0.0000000000e+00,0.0000000000e+00,0.0000000000e+00,0.0000000000e+00,0.0000000000e+00,0.0000000000e+00,0.0000000000e+00,0.0000000000e+00,0.0000000000e+00,0.0000000000e+00,0.0000000000e+00,0.0000000000e+00,0.0000000000e+00,0.0000000000e+00,0.0000000000e+00,0.0000000000e+00,0.0000000000e+00,0.0000000000e+00,0.0000000000e+00,0.0000000000e+00,0.0000000000e+00,0.0000000000e+00,0.0000000000e+00,0.0000000000e+00,0.0000000000e+00,0.0000000000e+00,0.0000000000e+00,0.0000000000e+00
1.1420689063e+03,1.7639298936e-02,1.7639298936e-02,1.7639298936e-02,1.7639298936e-02,1.7639298936e-02,1.7639298936e-02,1.7639298936e-02,1.7639298936e-02,1.7639298936e-02,1.7639298936e-02,1.7639298936e-02,1.7639298936e-02,1.7639298936e-02,1.7639298936e-02,1.7639298936e-02,1.7639298936e-02,1.7639298936e-02,1.7639298936e-02,1.7639298936e-02,1.7639298936e-02,1.7639298936e-02,1.7639298936e-02,1.7639298936e-02,1.7639298936e-02,1.7639298936e-02,1.7639298936e-02,1.7639298936e-02,1.7639298936e-02,1.7639298936e-02,1.7639298936e-02,1.7639298936e-02,1.7639298936e-02,1.7639298936e-02,1.7639298936e-02,1.7639298936e-02,1.7639298936e-02,1.7639298936e-02,1.7639298936e-02,1.7639298936e-02,1.7639298936e-02,1.7639298936e-02,1.7639298936e-02,1.7639298936e-02,1.7639298936e-02,1.7639298936e-02,1.7639298936e-02,1.7639298936e-02,1.7639298936e-02,1.7639298936e-02,1.7639298936e-02,1.7639298936e-02,1.7639298936e-02,1.7639298936e-02,1.7639298936e-02,1.7639298936e-02,1.7639298936e-02,1.7639298936e-02,1.7639298936e-02,1.7639298936e-02,1.7639298936e-02,1.7639298936e-02,1.7639298936e-02,1.7639298936e-02,1.7639298936e-02,1.7639298936e-02,1.7639298936e-02,1.7639298936e-02,1.7639298936e-02,1.7639298936e-02,1.7639298936e-02,1.7639298936e-02,1.7639298936e-02,1.7639298936e-02,1.7639298936e-02,1.7639298936e-02,1.7639298936e-02,1.7639298936e-02,1.7639298936e-02,1.7639298936e-02,1.7639298936e-02,1.7639298936e-02,1.7639298936e-02,1.7639298936e-02,1.7639298936e-02,1.7639298936e-02,1.7639298936e-02,1.7639298936e-02,1.7639298936e-02,1.7639298936e-02,1.7639298936e-02,1.7639298936e-02,1.7639298936e-02,1.7639298936e-02,1.7639298936e-02,1.7639298936e-02,1.7639298936e-02,1.7639298936e-02,1.7639298936e-02,1.7639298936e-02,1.7639298936e-02,1.7639298936e-02,1.7639298936e-02,1.7637874307e-02,1.7630216693e-02,1.7621802168e-02,1.7612556334e-02,1.7602397567e-02,1.7591236335e-02,1.7578974454e-02,1.7565504276e-02,1.7550707808e-02,1.7534455764e-02,1.7516606521e-02,1.7497005005e-02,1.7445650677e-02,1.7368420815e-02,1.7283912992e-02,1.7191484120e-02,1.7090443148e-02,1.6968835776e-02,1.6790819778e-02,1.6597273009e-02,1.6387071760e-02,1.6211348079e-02,1.6049331307e-02,1.5873086790e-02,1.5681471872e-02,1.5473488929e-02,1.5222628552e-02,1.4943961333e-02,1.4612167462e-02,1.4231474302e-02,1.3795271650e-02,1.3292060954e-02,1.2707358431e-02,1.2038422191e-02,1.1284339837e-02,1.0449109453e-02,9.5509955866e-03,8.6064198371e-03,7.6458707383e-03,6.6900381177e-03,5.7564692440e-03,4.8635777405e-03,4.0300106310e-03,3.2710247600e-03,2.5953931738e-03,2.0102989288e-03,1.5125385055e-03,1.1019770140e-03,7.7501499679e-04,5.2432924712e-04,3.3959139130e-04,2.1110648504e-04,1.2630526831e-04,7.2860998051e-05,4.0651110047e-05,2.1905117969e-05,1.1293819402e-05,5.5642150907e-06,2.6121603971e-06,1.1527086308e-06,4.6475598489e-07,1.4650904578e-07,0.0000000000e+00,0.0000000000e+00,0.0000000000e+00,0.0000000000e+00,0.0000000000e+00,0.0000000000e+00,0.0000000000e+00,0.0000000000e+00,0.0000000000e+00,0.0000000000e+00,0.0000000000e+00,0.0000000000e+00,0.0000000000e+00,0.0000000000e+00,0.0000000000e+00,0.0000000000e+00,0.0000000000e+00,0.0000000000e+00,0.0000000000e+00,0.0000000000e+00,0.0000000000e+00,0.0000000000e+00,0.0000000000e+00,0.0000000000e+00,0.0000000000e+00,0.0000000000e+00,0.0000000000e+00,0.0000000000e+00,0.0000000000e+00,0.0000000000e+00,0.0000000000e+00,0.0000000000e+00,0.0000000000e+00,0.0000000000e+00,0.0000000000e+00,0.0000000000e+00
1.1937766417e+03,1.6751811590e-02,1.6751811590e-02,1.6751811590e-02,1.6751811590e-02,1.6751811590e-02,1.6751811590e-02,1.6751811590e-02,1.6751811590e-02,1.6751811590e-02,1.6751811590e-02,1.6751811590e-02,1.6751811590e-02,1.6751811590e-02,1.6751811590e-02,1.6751811590e-02,1.6751811590e-02,1.6751811590e-02,1.6751811590e-02,1.6751811590e-02,1.6751811590e-02,1.6751811590e-02,1.6751811590e-02,1.6751811590e-02,1.6751811590e-02,1.6751811590e-02,1.6751811590e-02,1.6751811590e-02,1.6751811590e-02,1.6751811590e-02,1.6751811590e-02,1.6751811590e-02,1.6751811590e-02,1.6751811590e-02,1.6751811590e-02,1.6751811590e-02,1.6751811590e-02,1.6751811590e-02,1.6751811590e-02,1.6751811590e-02,1.6751811590e-02,1.6751811590e-02,1.6751811590e-02,1.6751811590e-02,1.6751811590e-02,1.6751811590e-02,1.6751811590e-02,1.6751811590e-02,1.6751811590e-02,1.6751811590e-02,1.6751811590e-02,1.6751811590e-02,1.6751811590e-02,1.6751811590e-02,1.6751811590e-02,1.6751811590e-02,1.6751811590e-02,1.6751811590e-02,1.6751811590e-02,1.6751811590e-02,1.6751811590e-02,1.6751811590e-02,1.6751811590e-02,1.6751811590e-02,1.6751811590e-02,1.6751811590e-02,1.6751811590e-02,1.6751811590e-02,1.6751811590e-02,1.6751811590e-02,1.6751811590e-02,1.6751811590e-02,1.6751811590e-02,1.6751811590e-02,1.6751811590e-02,1.6751811590e-02,1.6751811590e-02,1.6751811590e-02,1.6751811590e-02,1.6751811590e-02,1.6751811590e-02,1.6751811590e-02,1.6751811590e-02,1.6751811590e-02,1.6751811590e-02,1.6751811590e-02,1.6751811590e-02,1.6751811590e-02,1.6751811590e-02,1.6751811590e-02,1.6751811590e-02,1.6751811590e-02,1.6751811590e-02,1.6751811590e-02,1.6751811590e-02,1.6751811590e-02,1.6751811590e-02,1.6751811590e-02,1.6751811590e-02,1.6751811590e-02,1.6751811590e-02,1.6751811590e-02,1.6751811590e-02,1.6750562465e-02,1.6743848082e-02,1.6736469762e-02,1.6728362192e-02,1.6719453706e-02,1.6709665677e-02,1.6698911866e-02,1.6687097701e-02,1.6674119498e-02,1.6659863619e-02,1.6644205550e-02,1.6627008906e-02,1.6581862186e-02,1.6513923657e-02,1.6439556918e-02,1.6358188587e-02,1.6269201355e-02,1.6161933337e-02,1.6004381380e-02,1.5832949121e-02,1.5646604133e-02,1.5489814000e-02,1.5344521174e-02,1.5186366340e-02,1.5013432648e-02,1.4825589011e-02,1.4598264097e-02,1.4345356140e-02,1.4043340818e-02,1.3695984482e-02,1.3296973086e-02,1.2835389629e-02,1.2297478702e-02,1.1679986802e-02,1.0981318254e-02,1.0204347625e-02,9.3650896801e-03,8.4775265159e-03,7.5695821214e-03,6.6603782687e-03,5.7664539346e-03,4.9054300341e-03,4.0954888166e-03,3.3519377227e-03,2.6841146322e-03,2.1000470156e-03,1.5977508862e-03,1.1785014426e-03,8.4022492764e-04,5.7708458081e-04,3.8005738046e-04,2.4063488294e-04,1.4687206333e-04,8.6572999004e-05,4.9438139060e-05,2.7297206658e-05,1.4440977063e-05,7.3159729219e-06,3.5403269566e-06,1.6172458598e-06,6.8339401307e-07,2.4250953138e-07,1.9698399066e-08,0.0000000000e+00,0.0000000000e+00,0.0000000000e+00,0.0000000000e+00,0.0000000000e+00,0.0000000000e+00,0.0000000000e+00,0.0000000000e+00,0.0000000000e+00,0.0000000000e+00,0.0000000000e+00,0.0000000000e+00,0.0000000000e+00,0.0000000000e+00,0.0000000000e+00,0.0000000000e+00,0.0000000000e+00,0.0000000000e+00,0.0000000000e+00,0.0000000000e+00,0.0000000000e+00,0.0000000000e+00,0.0000000000e+00,0.0000000000e+00,0.0000000000e+00,0.0000000000e+00,0.0000000000e+00,0.0000000000e+00,0.0000000000e+00,0.0000000000e+00,0.0000000000e+00,0.0000000000e+00,0.0000000000e+00,0.0000000000e+00,0.0000000000e+00
1.2478254705e+03,1.5905003374e-02,1.5905003374e-02,1.5905003374e-02,1.5905003374e-02,1.5905003374e-02,1.5905003374e-02,1.5905003374e-02,1.5905003374e-02,1.5905003374e-02,1.5905003374e-02,1.5905003374e-02,1.5905003374e-02,1.5905003374e-02,1.5905003374e-02,1.5905003374e-02,1.5905003374e-02,1.5905003374e-02,1.5905003374e-02,1.5905003374e-02,1.5905003374e-02,1.5905003374e-02,1.5905003374e-02,1.5905003374e-02,1.5905003374e-02,1.5905003374e-02,1.5905003374e-02,1.5905003374e-02,1.5905003374e-02,1.5905003374e-02,1.5905003374e-02,1.5905003374e-02,1.5905003374e-02,1.5905003374e-02,1.5905003374e-02,1.5905003374e-02,1.5905003374e-02,1.5905003374e-02,1.5905003374e-02,1.5905003374e-02,1.5905003374e-02,1.5905003374e-02,1.5905003374e-02,1.5905003374e-02,1.5905003374e-02,1.5905003374e-02,1.5905003374e-02,1.5905003374e-02,1.5905003374e-02,1.5905003374e-02,1.5905003374e-02,1.5905003374e-02,1.5905003374e-02,1.5905003374e-02,1.5905003374e-02,1.5905003374e-02,1.5905003374e-02,1.5905003374e-02,1.5905003374e-02,1.5905003374e-02,1.5905003374e-02,1.5905003374e-02,1.5905003374e-02,1.5905003374e-02,1.5905003374e-02,1.5905003374e-02,1.5905003374e-02,1.5905003374e-02,1.5905003374e-02,1.5905003374e-02,1.5905003374e-02,1.5905003374e-02,1.5905003374e-02,1.5905003374e-02,1.5905003374e-02,1.5905003374e-02,1.5905003374e-02,1.5905003374e-02,1.5905003374e-02,1.5905003374e-02,1.5905003374e-02,1.5905003374e-02,1.5905003374e-02,1.5905003374e-02,1.5905003374e-02,1.5905003374e-02,1.5905003374e-02,1.5905003374e-02,1.5905003374e-02,1.5905003374e-02,1.5905003374e-02,1.5905003374e-02,1.5905003374e-02,1.5905003374e-02,1.5905003374e-02,1.5905003374e-02,1.5905003374e-02,1.5905003374e-02,1.5905003374e-02,1.5905003374e-02,1.5905003374e-02,1.5905003374e-02,1.5905003374e-02,1.5903910297e-02,1.5898034605e-02,1.5891577695e-02,1.5884482347e-02,1.5876685766e-02,1.5868119047e-02,1.5858706598e-02,1.5848365510e-02,1.5837004863e-02,1.5824524987e-02,1.5810816642e-02,1.5795760140e-02,1.5756120761e-02,1.5696423484e-02,1.5631056533e-02,1.5559509765e-02,1.5481233005e-02,1.5386744462e-02,1.5247553940e-02,1.5095988040e-02,1.4931102769e-02,1.4791463828e-02,1.4661410102e-02,1.4519755304e-02,1.4363947968e-02,1.4194588121e-02,1.3988935301e-02,1.3759793161e-02,1.3485341001e-02,1.3168931041e-02,1.2804553723e-02,1.2381873374e-02,1.1887864825e-02,1.1318874735e-02,1.0672739995e-02,9.9513493457e-03,9.1686612097e-03,8.3364364145e-03,7.4801511823e-03,6.6173710282e-03,5.7635808594e-03,4.9355270008e-03,4.1508065452e-03,3.4246208619e-03,2.7667061742e-03,2.1857606532e-03,1.6808790570e-03,1.2546055323e-03,9.0629038032e-04,6.3153629842e-04,4.2263916170e-04,2.7234071206e-04,1.6942722079e-04,1.0194749249e-04,5.9520486000e-05,3.3633327437e-05,1.8234435394e-05,9.4862261107e-06,4.7247799256e-06,2.2297031373e-06,9.8276923791e-07,3.8089705993e-07,8.1744944995e-08,0.0000000000e+00,0.0000000000e+00,0.0000000000e+00,0.0000000000e+00,0.0000000000e+00,0.0000000000e+00,0.0000000000e+00,0.0000000000e+00,0.0000000000e+00,0.0000000000e+00,0.0000000000e+00,0.0000000000e+00,0.0000000000e+00,0.0000000000e+00,0.0000000000e+00,0.0000000000e+00,0.0000000000e+00,0.0000000000e+00,0.0000000000e+00,0.0000000000e+00,0.0000000000e+00,0.0000000000e+00,0.0000000000e+00,0.0000000000e+00,0.0000000000e+00,0.0000000000e+00,0.0000000000e+00,0.0000000000e+00,0.0000000000e+00,0.0000000000e+00,0.0000000000e+00,0.0000000000e+00,0.0000000000e+00,0.0000000000e+00,0.0000000000e+00
1.3043213867e+03,1.5097000807e-02,1.5097000807e-02,1.5097000807e-02,1.5097000807e-02,1.5097000807e-02,1.5097000807e-02,1.5097000807e-02,1.5097000807e-02,1.5097000807e-02,1.5097000807e-02,1.5097000807e-02,1.5097000807e-02,1.5097000807e-02,1.5097000807e-02,1.5097000807e-02,1.5097000807e-02,1.5097000807e-02,1.5097000807e-02,1.5097000807e-02,1.5097000807e-02,1.5097000807e-02,1.5097000807e-02,1.5097000807e-02,1.5097000807e-02,1.5097000807e-02,1.5097000807e-02,1.5097000807e-02,1.5097000807e-02,1.5097000807e-02,1.5097000807e-02,1.5097000807e-02,1.5097000807e-02,1.5097000807e-02,1.5097000807e-02,1.5097000807e-02,1.5097000807e-02,1.5097000807e-02,1.5097000807e-02,1.5097000807e-02,1.5097000807e-02,1.5097000807e-02,1.5097000807e-02,1.5097000807e-02,1.5097000807e-02,1.5097000807e-02,1.5097000807e-02,1.5097000807e-02,1.5097000807e-02,1.5097000807e-02,1.5097000807e-02,1.5097000807e-02,1.5097000807e-02,1.5097000807e-02,1.5097000807e-02,1.5097000807e-02,1.5097000807e-02,1.5097000807e-02,1.5097000807e-02,1.5097000807e-02,1.5097000807e-02,1.5097000807e-02,1.5097000807e-02,1.5097000807e-02,1.5097000807e-02,1.5097000807e-02,1.5097000807e-02,1.5097000807e-02,1.5097000807e-02,1.5097000807e-02,1.5097000807e-02,1.5097000807e-02,1.5097000807e-02,1.5097000807e-02,1.5097000807e-02,1.5097000807e-02,1.5097000807e-02,1.5097000807e-02,1.5097000807e-02,1.5097000807e-02,1.5097000807e-02,1.5097000807e-02,1.5097000807e-02,1.5097000807e-02,1.5097000807e-02,1.5097000807e-02,1.5097000807e-02,1.5097000807e-02,1.5097000807e-02,1.5097000807e-02,1.5097000807e-02,1.5097000807e-02,1.5097000807e-02,1.5097000807e-02,1.5097000807e-02,1.5097000807e-02,1.5097000807e-02,1.5097000807e-02,1.5097000807e-02,1.5097000807e-02,1.5097000807e-02,1.5097000807e-02,1.5097000807e-02,1.5096046376e-02,1.5090915871e-02,1.5085277685e-02,1.5079081804e-02,1.5072273327e-02,1.5064792007e-02,1.5056571738e-02,1.5047540000e-02,1.5037617252e-02,1.5026716277e-02,1.5014741459e-02,1.5001588011e-02,1.4966831501e-02,1.4914439277e-02,1.4857053744e-02,1.4794221986e-02,1.4725454775e-02,1.4642344401e-02,1.4519604455e-02,1.4385857809e-02,1.4240245297e-02,1.4116116659e-02,1.3999923942e-02,1.3873291369e-02,1.3733157202e-02,1.3580730960e-02,1.3394998379e-02,1.3187742318e-02,1.2938755152e-02,1.2651017788e-02,1.2318830109e-02,1.1932433811e-02,1.1479530768e-02,1.0956167192e-02,1.0359718065e-02,9.6912149852e-03,8.9627455365e-03,8.1840599406e-03,7.3783104817e-03,6.5615341122e-03,5.7481336415e-03,4.9539178824e-03,4.1957973049e-03,3.4887275778e-03,2.8426892545e-03,2.2668862106e-03,1.7613530414e-03,1.3297583313e-03,9.7276455379e-04,6.8735097812e-04,4.6712697538e-04,3.0612769193e-04,1.9396378570e-04,1.1903686689e-04,7.0980651840e-05,4.1001455419e-05,2.2753830044e-05,1.2140281203e-05,6.2148264201e-06,3.0247140482e-06,1.3859316958e-06,5.7686069747e-07,1.7736047219e-07,0.0000000000e+00,0.0000000000e+00,0.0000000000e+00,0.0000000000e+00,0.0000000000e+00,0.0000000000e+00,0.0000000000e+00,0.0000000000e+00,0.0000000000e+00,0.0000000000e+00,0.0000000000e+00,0.0000000000e+00,0.0000000000e+00,0.0000000000e+00,0.0000000000e+00,0.0000000000e+00,0.0000000000e+00,0.0000000000e+00,0.0000000000e+00,0.0000000000e+00,0.0000000000e+00,0.0000000000e+00,0.0000000000e+00,0.0000000000e+00,0.0000000000e+00,0.0000000000e+00,0.0000000000e+00,0.0000000000e+00,0.0000000000e+00,0.0000000000e+00,0.0000000000e+00,0.0000000000e+00,0.0000000000e+00,0.0000000000e+00,0.0000000000e+00
1.3633751836e+03,1.4377925300e-02,1.4377925300e-02,1.4377925300e-02,1.4377925300e-02,1.4377925300e-02,1.4377925300e-02,1.4377925300e-02,1.4377925300e-02,1.4377925300e-02,1.4377925300e-02,1.4377925300e-02,1.4377925300e-02,1.4377925300e-02,1.4377925300e-02,1.4377925300e-02,1.4377925300e-02,1.4377925300e-02,1.4377925300e-02,1.4377925300e-02,1.4377925300e-02,1.4377925300e-02,1.4377925300e-02,1.4377925300e-02,1.4377925300e-02,1.4377925300e-02,1.4377925300e-02,1.4377925300e-02,1.4377925300e-02,1.4377925300e-02,1.4377925300e-02,1.4377925300e-02,1.4377925300e-02,1.4377925300e-02,1.4377925300e-02,1.4377925300e-02,1.4377925300e-02,1.4377925300e-02,1.4377925300e-02,1.4377925300e-02,1.4377925300e-02,1.4377925300e-02,1.4377925300e-02,1.4377925300e-02,1.4377925300e-02,1.4377925300e-02,1.4377925300e-02,1.4377925300e-02,1.4377925300e-02,1.4377925300e-02,1.4377925300e-02,1.4377925300e-02,1.4377925300e-02,1.4377925300e-02,1.4377925300e-02,1.4377925300e-02,1.4377925300e-02,1.4377925300e-02,1.4377925300e-02,1.4377925300e-02,1.4377925300e-02,1.4377925300e-02,1.4377925300e-02,1.4377925300e-02,1.4377925300e-02,1.4377925300e-02,1.4377925300e-02,1.4377925300e-02,1.4377925300e-02,1.4377925300e-02,1.4377925300e-02,1.4377925300e-02,1.4377925300e-02,1.4377925300e-02,1.4377925300e-02,1.4377925300e-02,1.4377925300e-02,1.4377925300e-02,1.4377925300e-02,1.4377925300e-02,1.4377925300e-02,1.4377925300e-02,1.4377925300e-02,1.4377925300e-02,1.4377925300e-02,1.4377925300e-02,1.4377925300e-02,1.4377925300e-02,1.4377925300e-02,1.4377925300e-02,1.4377925300e-02,1.4377925300e-02,1.4377925300e-02,1.4377925300e-02,1.4377925300e-02,1.4377925300e-02,1.4377925300e-02,1.4377925300e-02,1.4377925300e-02,1.4377925300e-02,1.4377925300e-02,1.4377925300e-02,1.4377925300e-02,1.4377925300e-02,1.4377925300e-02,1.4373607117e-02,1.4367113303e-02,1.4359977743e-02,1.4352137389e-02,1.4343523072e-02,1.4334058929e-02,1.4323661774e-02,1.4312240413e-02,1.4299694902e-02,1.4285915742e-02,1.4270783009e-02,1.4247236849e-02,1.4169374122e-02,1.4084267048e-02,1.3991294754e-02,1.3889794152e-02,1.3779059440e-02,1.3680276853e-02,1.3580994513e-02,1.3472680189e-02,1.3357381737e-02,1.3245261990e-02,1.3123089372e-02,1.2980479403e-02,1.2816425057e-02,1.2626884803e-02,1.2404169119e-02,1.2141927071e-02,1.1842296640e-02,1.1486260545e-02,1.1068727381e-02,1.0588730200e-02,1.0041066030e-02,9.4241465223e-03,8.7474596239e-03,8.0211672524e-03,7.2639918848e-03,6.4925675491e-03,5.7201592096e-03,4.9607779157e-03,4.2303027605e-03,3.5438374304e-03,2.9115713266e-03,2.3428250579e-03,1.8385205049e-03,1.4032898349e-03,1.0390965450e-03,7.4410954970e-04,5.1323478685e-04,3.4185669487e-04,2.2046992652e-04,1.3790579572e-04,8.3914410741e-05,4.9476243331e-05,2.8012898009e-05,1.5304101206e-05,8.0442157612e-06,4.0352884192e-06,1.9231852034e-06,8.6072669219e-07,3.4409309588e-07,8.6676178178e-08,0.0000000000e+00,0.0000000000e+00,0.0000000000e+00,0.0000000000e+00,0.0000000000e+00,0.0000000000e+00,0.0000000000e+00,0.0000000000e+00,0.0000000000e+00,0.0000000000e+00,0.0000000000e+00,0.0000000000e+00,0.0000000000e+00,0.0000000000e+00,0.0000000000e+00,0.0000000000e+00,0.0000000000e+00,0.0000000000e+00,0.0000000000e+00,0.0000000000e+00,0.0000000000e+00,0.0000000000e+00,0.0000000000e+00,0.0000000000e+00,0.0000000000e+00,0.0000000000e+00,0.0000000000e+00,0.0000000000e+00,0.0000000000e+00,0.0000000000e+00,0.0000000000e+00,0.0000000000e+00,0.0000000000e+00,0.0000000000e+00
1.4251026703e+03,1.3635665120e-02,1.3635665120e-02,1.3635665120e-02,1.3635665120e-02,1.3635665120e-02,1.3635665120e-02,1.3635665120e-02,1.3635665120e-02,1.3635665120e-02,1.3635665120e-02,1.3635665120e-02,1.3635665120e-02,1.3635665120e-02,1.3635665120e-02,1.3635665120e-02,1.3635665120e-02,1.3635665120e-02,1.3635665120e-02,1.3635665120e-02,1.3635665120e-02,1.3635665120e-02,1.3635665120e-02,1.3635665120e-02,1.3635665120e-02,1.3635665120e-02,1.3635665120e-02,1.3635665120e-02,1.3635665120e-02,1.3635665120e-02,1.3635665120e-02,1.3635665120e-02,1.3635665120e-02,1.3635665120e-02,1.3635665120e-02,1.3635665120e-02,1.3635665120e-02,1.3635665120e-02,1.3635665120e-02,1.3635665120e-02,1.3635665120e-02,1.3635665120e-02,1.3635665120e-02,1.3635665120e-02,1.3635665120e-02,1.3635665120e-02,1.3635665120e-02,1.3635665120e-02,1.3635665120e-02,1.3635665120e-02,1.3635665120e-02,1.3635665120e-02,1.3635665120e-02,1.3635665120e-02,1.3635665120e-02,1.3635665120e-02,1.3635665120e-02,1.3635665120e-02,1.3635665120e-02,1.3635665120e-02,1.3635665120e-02,1.3635665120e-02,1.3635665120e-02,1.3635665120e-02,1.3635665120e-02,1.3635665120e-02,1.3635665120e-02,1.3635665120e-02,1.3635665120e-02,1.3635665120e-02,1.3635665120e-02,1.3635665120e-02,1.3635665120e-02,1.3635665120e-02,1.3635665120e-02,1.3635665120e-02,1.3635665120e-02,1.3635665120e-02,1.3635665120e-02,1.3635665120e-02,1.3635665120e-02,1.3635665120e-02,1.3635665120e-02,1.3635665120e-02,1.3635665120e-02,1.3635665120e-02,1.3635665120e-02,1.3635665120e-02,1.3635665120e-02,1.3635665120e-02,1.3635665120e-02,1.3635665120e-02,1.3635665120e-02,1.3635665120e-02,1.3635665120e-02,1.3635665120e-02,1.3635665120e-02,1.3635665120e-02,1.3635665120e-02,1.3635665120e-02,1.3635665120e-02,1.3635665120e-02,1.3635665120e-02,1.3635665120e-02,1.3635665120e-02,1.3631901670e-02,1.3626241907e-02,1.3620022584e-02,1.3613188677e-02,1.3605679809e-02,1.3597429750e-02,1.3588365859e-02,1.3578408485e-02,1.3567470312e-02,1.3555455651e-02,1.3542259666e-02,1.3521710991e-02,1.3453667920e-02,1.3379260139e-02,1.3297935086e-02,1.3209101089e-02,1.3112126496e-02,1.3025067162e-02,1.2937283816e-02,1.2841462158e-02,1.2739244892e-02,1.2639007998e-02,1.2529722923e-02,1.2401752768e-02,1.2254150142e-02,1.2083251072e-02,1.1881925635e-02,1.1644236467e-02,1.1372045179e-02,1.1047651942e-02,1.0666145211e-02,1.0226208391e-02,9.7225353148e-03,9.1530436148e-03,8.5257429261e-03,7.8490376605e-03,7.1396943546e-03,6.4128365046e-03,5.6806445245e-03,4.9561420193e-03,4.2543694476e-03,3.5899558237e-03,2.9730698041e-03,2.4132367858e-03,1.9120467690e-03,1.4749531400e-03,1.1049861105e-03,8.0152721417e-04,5.6074017777e-04,3.7933452360e-04,2.4877276723e-04,1.5843263761e-04,9.8275267040e-05,5.9153579938e-05,3.4251793884e-05,1.9148113659e-05,1.0314201154e-05,5.3134013753e-06,2.6080306811e-06,1.2095089664e-06,5.1299200539e-07,1.6528658480e-07,0.0000000000e+00,0.0000000000e+00,0.0000000000e+00,0.0000000000e+00,0.0000000000e+00,0.0000000000e+00,0.0000000000e+00,0.0000000000e+00,0.0000000000e+00,0.0000000000e+00,0.0000000000e+00,0.0000000000e+00,0.0000000000e+00,0.0000000000e+00,0.0000000000e+00,0.0000000000e+00,0.0000000000e+00,0.0000000000e+00,0.0000000000e+00,0.0000000000e+00,0.0000000000e+00,0.0000000000e+00,0.0000000000e+00,0.0000000000e+00,0.0000000000e+00,0.0000000000e+00,0.0000000000e+00,0.0000000000e+00,0.0000000000e+00,0.0000000000e+00,0.0000000000e+00,0.0000000000e+00,0.0000000000e+00,0.0000000000e+00
1.4896248996e+03,1.2928012481e-02,1.2928012481e-02,1.2928012481e-02,1.2928012481e-02,1.2928012481e-02,1.2928012481e-02,1.2928012481e-02,1.2928012481e-02,1.2928012481e-02,1.2928012481e-02,1.2928012481e-02,1.2928012481e-02,1.2928012481e-02,1.2928012481e-02,1.2928012481e-02,1.2928012481e-02,1.2928012481e-02,1.2928012481e-02,1.2928012481e-02,1.2928012481e-02,1.2928012481e-02,1.2928012481e-02,1.2928012481e-02,1.2928012481e-02,1.2928012481e-02,1.2928012481e-02,1.2928012481e-02,1.2928012481e-02,1.2928012481e-02,1.2928012481e-02,1.2928012481e-02,1.2928012481e-02,1.2928012481e-02,1.2928012481e-02,1.2928012481e-02,1.2928012481e-02,1.2928012481e-02,1.2928012481e-02,1.2928012481e-02,1.2928012481e-02,1.2928012481e-02,1.2928012481e-02,1.2928012481e-02,1.2928012481e-02,1.2928012481e-02,1.2928012481e-02,1.2928012481e-02,1.2928012481e-02,1.2928012481e-02,1.2928012481e-02,1.2928012481e-02,1.2928012481e-02,1.2928012481e-02,1.2928012481e-02,1.2928012481e-02,1.2928012481e-02,1.2928012481e-02,1.2928012481e-02,1.2928012481e-02,1.2928012481e-02,1.2928012481e-02,1.2928012481e-02,1.2928012481e-02,1.2928012481e-02,1.2928012481e-02,1.2928012481e-02,1.2928012481e-02,1.2928012481e-02,1.2928012481e-02,1.2928012481e-02,1.2928012481e-02,1.2928012481e-02,1.2928012481e-02,1.2928012481e-02,1.2928012481e-02,1.2928012481e-02,1.2928012481e-02,1.2928012481e-02,1.2928012481e-02,1.2928012481e-02,1.2928012481e-02,1.2928012481e-02,1.2928012481e-02,1.2928012481e-02,1.2928012481e-02,1.2928012481e-02,1.2928012481e-02,1.2928012481e-02,1.2928012481e-02,1.2928012481e-02,1.2928012481e-02,1.2928012481e-02,1.2928012481e-02,1.2928012481e-02,1.2928012481e-02,1.2928012481e-02,1.2928012481e-02,1.2928012481e-02,1.2928012481e-02,1.2928012481e-02,1.2928012481e-02,1.2928012481e-02,1.2928012481e-02,1.2928012481e-02,1.2924740777e-02,1.2919820397e-02,1.2914413362e-02,1.2908471775e-02,1.2901943073e-02,1.2894769586e-02,1.2886888049e-02,1.2878229076e-02,1.2868716590e-02,1.2858267190e-02,1.2846789482e-02,1.2828895361e-02,1.2769524389e-02,1.2704572205e-02,1.2633548503e-02,1.2555927023e-02,1.2471144434e-02,1.2394568539e-02,1.2317119253e-02,1.2232534086e-02,1.2142107504e-02,1.2052661890e-02,1.1955090436e-02,1.1840465062e-02,1.1707898226e-02,1.1554075327e-02,1.1372398744e-02,1.1157331144e-02,1.0910491507e-02,1.0615437849e-02,1.0267458680e-02,9.8649629955e-03,9.4026064481e-03,8.8779072281e-03,8.2975533689e-03,7.6683790980e-03,7.0053279316e-03,6.3220729090e-03,5.6297260303e-03,4.9403110844e-03,4.2679813647e-03,3.6268021929e-03,3.0268093690e-03,2.4776013838e-03,1.9813114127e-03,1.5440700450e-03,1.1698448620e-03,8.5913294369e-04,6.0930330622e-04,4.1837562443e-04,2.7882715482e-04,1.8066372260e-04,1.1414746833e-04,7.0077477672e-05,4.1451687291e-05,2.3685904767e-05,1.3059426979e-05,6.9000994128e-06,3.4829706074e-06,1.6698751105e-06,7.4529222120e-07,2.8060709368e-07,2.6191627321e-08,0.0000000000e+00,0.0000000000e+00,0.0000000000e+00,0.0000000000e+00,0.0000000000e+00,0.0000000000e+00,0.0000000000e+00,0.0000000000e+00,0.0000000000e+00,0.0000000000e+00,0.0000000000e+00,0.0000000000e+00,0.0000000000e+00,0.0000000000e+00,0.0000000000e+00,0.0000000000e+00,0.0000000000e+00,0.0000000000e+00,0.0000000000e+00,0.0000000000e+00,0.0000000000e+00,0.0000000000e+00,0.0000000000e+00,0.0000000000e+00,0.0000000000e+00,0.0000000000e+00,0.0000000000e+00,0.0000000000e+00,0.0000000000e+00,0.0000000000e+00,0.0000000000e+00,0.0000000000e+00,0.0000000000e+00
1.5570684048e+03,1.2258430263e-02,1.2258430263e-02,1.2258430263e-02,1.2258430263e-02,1.2258430263e-02,1.2258430263e-02,1.2258430263e-02,1.2258430263e-02,1.2258430263e-02,1.2258430263e-02,1.2258430263e-02,1.2258430263e-02,1.2258430263e-02,1.2258430263e-02,1.2258430263e-02,1.2258430263e-02,1.2258430263e-02,1.2258430263e-02,1.2258430263e-02,1.2258430263e-02,1.2258430263e-02,1.2258430263e-02,1.2258430263e-02,1.2258430263e-02,1.2258430263e-02,1.2258430263e-02,1.2258430263e-02,1.2258430263e-02,1.2258430263e-02,1.2258430263e-02,1.2258430263e-02,1.2258430263e-02,1.2258430263e-02,1.2258430263e-02,1.2258430263e-02,1.2258430263e-02,1.2258430263e-02,1.2258430263e-02,1.2258430263e-02,1.2258430263e-02,1.2258430263e-02,1.2258430263e-02,1.2258430263e-02,1.2258430263e-02,1.2258430263e-02,1.2258430263e-02,1.2258430263e-02,1.2258430263e-02,1.2258430263e-02,1.2258430263e-02,1.2258430263e-02,1.2258430263e-02,1.2258430263e-02,1.2258430263e-02,1.2258430263e-02,1.2258430263e-02,1.2258430263e-02,1.2258430263e-02,1.2258430263e-02,1.2258430263e-02,1.2258430263e-02,1.2258430263e-02,1.2258430263e-02,1.2258430263e-02,1.2258430263e-02,1.2258430263e-02,1.2258430263e-02,1.2258430263e-02,1.2258430263e-02,1.2258430263e-02,1.2258430263e-02,1.2258430263e-02,1.2258430263e-02,1.2258430263e-02,1.2258430263e-02,1.2258430263e-02,1.2258430263e-02,1.2258430263e-02,1.2258430263e-02,1.2258430263e-02,1.2258430263e-02,1.2258430263e-02,1.2258430263e-02,1.2258430263e-02,1.2258430263e-02,1.2258430263e-02,1.2258430263e-02,1.2258430263e-02,1.2258430263e-02,1.2258430263e-02,1.2258430263e-02,1.2258430263e-02,1.2258430263e-02,1.2258430263e-02,1.2258430263e-02,1.2258430263e-02,1.2258430263e-02,1.2258430263e-02,1.2258430263e-02,1.2258430263e-02,1.2258430263e-02,1.2258430263e-02,1.2258430263e-02,1.2258430263e-02,1.2258430263e-02,1.2257060290e-02,1.2251145236e-02,1.2244645843e-02,1.2237504744e-02,1.2229659017e-02,1.2221039657e-02,1.2211571014e-02,1.2201170172e-02,1.2189746276e-02,1.2177199813e-02,1.2163421818e-02,1.2148293033e-02,1.2102151598e-02,1.2034805443e-02,1.1961201149e-02,1.1880803971e-02,1.1793043155e-02,1.1706406070e-02,1.1639837907e-02,1.1567093242e-02,1.1487646245e-02,1.1396038794e-02,1.1294000871e-02,1.1181757594e-02,1.1036266667e-02,1.0878505443e-02,1.0679840701e-02,1.0457518830e-02,1.0187823175e-02,9.8713212802e-03,9.5056011888e-03,9.0837386514e-03,8.6009326336e-03,8.0630562814e-03,7.4792065358e-03,6.8608726253e-03,6.2212605785e-03,5.5670043009e-03,4.9130432487e-03,4.2710425260e-03,3.6541827571e-03,3.0723642516e-03,2.5353553042e-03,2.0456533462e-03,1.6100201013e-03,1.2330777794e-03,9.1638430826e-04,6.5853246141e-04,4.5871711819e-04,3.1048887923e-04,2.0455543281e-04,1.3157445112e-04,8.2328372525e-05,4.9694600461e-05,2.8947374625e-05,1.6278383370e-05,8.8131713030e-06,4.5720361281e-06,2.2670000419e-06,1.0676184720e-06,4.6527902674e-07,1.6298392350e-07,0.0000000000e+00,0.0000000000e+00,0.0000000000e+00,0.0000000000e+00,0.0000000000e+00,0.0000000000e+00,0.0000000000e+00,0.0000000000e+00,0.0000000000e+00,0.0000000000e+00,0.0000000000e+00,0.0000000000e+00,0.0000000000e+00,0.0000000000e+00,0.0000000000e+00,0.0000000000e+00,0.0000000000e+00,0.0000000000e+00,0.0000000000e+00,0.0000000000e+00,0.0000000000e+00,0.0000000000e+00,0.0000000000e+00,0.0000000000e+00,0.0000000000e+00,0.0000000000e+00,0.0000000000e+00,0.0000000000e+00,0.0000000000e+00,0.0000000000e+00,0.0000000000e+00,0.0000000000e+00,0.0000000000e+00
1.6275654480e+03,1.1614707626e-02,1.1614707626e-02,1.1614707626e-02,1.1614707626e-02,1.1614707626e-02,1.1614707626e-02,1.1614707626e-02,1.1614707626e-02,1.1614707626e-02,1.1614707626e-02,1.1614707626e-02,1.1614707626e-02,1.1614707626e-02,1.1614707626e-02,1.1614707626e-02,1.1614707626e-02,1.1614707626e-02,1.1614707626e-02,1.1614707626e-02,1.1614707626e-02,1.1614707626e-02,1.1614707626e-02,1.1614707626e-02,1.1614707626e-02,1.1614707626e-02,1.1614707626e-02,1.1614707626e-02,1.1614707626e-02,1.1614707626e-02,1.1614707626e-02,1.1614707626e-02,1.1614707626e-02,1.1614707626e-02,1.1614707626e-02,1.1614707626e-02,1.1614707626e-02,1.1614707626e-02,1.1614707626e-02,1.1614707626e-02,1.1614707626e-02,1.1614707626e-02,1.1614707626e-02,1.1614707626e-02,1.1614707626e-02,1.1614707626e-02,1.1614707626e-02,1.1614707626e-02,1.1614707626e-02,1.1614707626e-02,1.1614707626e-02,1.1614707626e-02,1.1614707626e-02,1.1614707626e-02,1.1614707626e-02,1.1614707626e-02,1.1614707626e-02,1.1614707626e-02,1.1614707626e-02,1.1614707626e-02,1.1614707626e-02,1.1614707626e-02,1.1614707626e-02,1.1614707626e-02,1.1614707626e-02,1.1614707626e-02,1.1614707626e-02,1.1614707626e-02,1.1614707626e-02,1.1614707626e-02,1.1614707626e-02,1.1614707626e-02,1.1614707626e-02,1.1614707626e-02,1.1614707626e-02,1.1614707626e-02,1.1614707626e-02,1.1614707626e-02,1.1614707626e-02,1.1614707626e-02,1.1614707626e-02,1.1614707626e-02,1.1614707626e-02,1.1614707626e-02,1.1614707626e-02,1.1614707626e-02,1.1614707626e-02,1.1614707626e-02,1.1614707626e-02,1.1614707626e-02,1.1614707626e-02,1.1614707626e-02,1.1614707626e-02,1.1614707626e-02,1.1614707626e-02,1.1614707626e-02,1.1614707626e-02,1.1614707626e-02,1.1614707626e-02,1.1614707626e-02,1.1614707626e-02,1.1614707626e-02,1.1614707626e-02,1.1614707626e-02,1.1614707626e-02,1.1614707626e-02,1.1613519097e-02,1.1608387323e-02,1.1602748348e-02,1.1596552328e-02,1.1589744580e-02,1.1582265127e-02,1.1574048195e-02,1.1565021675e-02,1.1555106537e-02,1.1544216185e-02,1.1532255771e-02,1.1519121445e-02,1.1478986842e-02,1.1420371397e-02,1.1356278113e-02,1.1286232465e-02,1.1209726564e-02,1.1133977889e-02,1.1075145951e-02,1.1010828000e-02,1.0940551304e-02,1.0858985222e-02,1.0767875794e-02,1.0667568886e-02,1.0536939757e-02,1.0395178363e-02,1.0215967197e-02,1.0015067720e-02,9.7705948966e-03,9.4829155622e-03,9.1495475444e-03,8.7637509813e-03,8.3206396349e-03,7.8249712265e-03,7.2844061338e-03,6.7089841297e-03,6.1105774966e-03,5.4949166070e-03,4.8758445912e-03,4.2641416301e-03,3.6722885504e-03,3.1098669761e-03,2.5865108124e-03,2.1050212228e-03,1.6725726455e-03,1.2944536201e-03,9.7311262392e-04,7.0820728132e-04,5.0016533642e-04,3.4360244817e-04,2.2998551429e-04,1.5043742036e-04,9.5833543165e-05,5.8987026947e-05,3.5099184573e-05,2.0182914320e-05,1.1178308093e-05,5.9432125564e-06,3.0270826853e-06,1.4703651318e-06,6.6948267132e-07,2.6278722716e-07,3.9501385907e-08,0.0000000000e+00,0.0000000000e+00,0.0000000000e+00,0.0000000000e+00,0.0000000000e+00,0.0000000000e+00,0.0000000000e+00,0.0000000000e+00,0.0000000000e+00,0.0000000000e+00,0.0000000000e+00,0.0000000000e+00,0.0000000000e+00,0.0000000000e+00,0.0000000000e+00,0.0000000000e+00,0.0000000000e+00,0.0000000000e+00,0.0000000000e+00,0.0000000000e+00,0.0000000000e+00,0.0000000000e+00,0.0000000000e+00,0.0000000000e+00,0.0000000000e+00,0.0000000000e+00,0.0000000000e+00,0.0000000000e+00,0.0000000000e+00,0.0000000000e+00,0.0000000000e+00,0.0000000000e+00
1.7012542799e+03,1.1001142403e-02,1.1001142403e-02,1.1001142403e-02,1.1001142403e-02,1.1001142403e-02,1.1001142403e-02,1.1001142403e-02,1.1001142403e-02,1.1001142403e-02,1.1001142403e-02,1.1001142403e-02,1.1001142403e-02,1.1001142403e-02,1.1001142403e-02,1.1001142403e-02,1.1001142403e-02,1.1001142403e-02,1.1001142403e-02,1.1001142403e-02,1.1001142403e-02,1.1001142403e-02,1.1001142403e-02,1.1001142403e-02,1.1001142403e-02,1.1001142403e-02,1.1001142403e-02,1.1001142403e-02,1.1001142403e-02,1.1001142403e-02,1.1001142403e-02,1.1001142403e-02,1.1001142403e-02,1.1001142403e-02,1.1001142403e-02,1.1001142403e-02,1.1001142403e-02,1.1001142403e-02,1.1001142403e-02,1.1001142403e-02,1.1001142403e-02,1.1001142403e-02,1.1001142403e-02,1.1001142403e-02,1.1001142403e-02,1.1001142403e-02,1.1001142403e-02,1.1001142403e-02,1.1001142403e-02,1.1001142403e-02,1.1001142403e-02,1.1001142403e-02,1.1001142403e-02,1.1001142403e-02,1.1001142403e-02,1.1001142403e-02,1.1001142403e-02,1.1001142403e-02,1.1001142403e-02,1.1001142403e-02,1.1001142403e-02,1.1001142403e-02,1.1001142403e-02,1.1001142403e-02,1.1001142403e-02,1.1001142403e-02,1.1001142403e-02,1.1001142403e-02,1.1001142403e-02,1.1001142403e-02,1.1001142403e-02,1.1001142403e-02,1.1001142403e-02,1.1001142403e-02,1.1001142403e-02,1.1001142403e-02,1.1001142403e-02,1.1001142403e-02,1.1001142403e-02,1.1001142403e-02,1.1001142403e-02,1.1001142403e-02,1.1001142403e-02,1.1001142403e-02,1.1001142403e-02,1.1001142403e-02,1.1001142403e-02,1.1001142403e-02,1.1001142403e-02,1.1001142403e-02,1.1001142403e-02,1.1001142403e-02,1.1001142403e-02,1.1001142403e-02,1.1001142403e-02,1.1001142403e-02,1.1001142403e-02,1.1001142403e-02,1.1001142403e-02,1.1001142403e-02,1.1001142403e-02,1.1001142403e-02,1.1001142403e-02,1.1001142403e-02,1.1001142403e-02,1.1001142403e-02,1.1000114124e-02,1.0995674165e-02,1.0990795186e-02,1.0985434000e-02,1.0979543224e-02,1.0973070872e-02,1.0965959925e-02,1.0958147856e-02,1.0949566116e-02,1.0940139576e-02,1.0929785918e-02,1.0918414979e-02,1.0883579646e-02,1.0832668325e-02,1.0776973978e-02,1.0716077029e-02,1.0649527263e-02,1.0583442609e-02,1.0531561878e-02,1.0474820469e-02,1.0412794777e-02,1.0340311612e-02,1.0259113894e-02,1.0169644758e-02,1.0052566498e-02,9.9254118410e-03,9.7640296241e-03,9.5828073930e-03,9.3615855711e-03,9.1005671817e-03,8.7972403051e-03,8.4450848255e-03,8.0391887409e-03,7.5833301790e-03,7.0838913280e-03,6.5495868000e-03,5.9910326163e-03,5.4131030024e-03,4.8285627700e-03,4.2473036376e-03,3.6810645042e-03,3.1390379568e-03,2.6306318156e-03,2.1588513206e-03,1.7311581758e-03,1.3533797541e-03,1.0287416969e-03,7.5788167943e-04,5.4239853993e-04,3.7797220686e-04,2.5687350971e-04,1.7075833002e-04,1.1066508964e-04,6.9400784791e-05,4.2140852394e-05,2.4749959533e-05,1.4007818901e-05,7.6239697116e-06,3.9836868053e-06,1.9923303803e-06,9.4356757113e-07,4.0351342226e-07,1.1490923397e-07,0.0000000000e+00,0.0000000000e+00,0.0000000000e+00,0.0000000000e+00,0.0000000000e+00,0.0000000000e+00,0.0000000000e+00,0.0000000000e+00,0.0000000000e+00,0.0000000000e+00,0.0000000000e+00,0.0000000000e+00,0.0000000000e+00,0.0000000000e+00,0.0000000000e+00,0.0000000000e+00,0.0000000000e+00,0.0000000000e+00,0.0000000000e+00,0.0000000000e+00,0.0000000000e+00,0.0000000000e+00,0.0000000000e+00,0.0000000000e+00,0.0000000000e+00,0.0000000000e+00,0.0000000000e+00,0.0000000000e+00,0.0000000000e+00,0.0000000000e+00,0.0000000000e+00,0.0000000000e+00
1.7782794100e+03,1.0416148039e-02,1.0416148039e-02,1.0416148039e-02,1.0416148039e-02,1.0416148039e-02,1.0416148039e-02,1.0416148039e-02,1.0416148039e-02,1.0416148039e-02,1.0416148039e-02,1.0416148039e-02,1.0416148039e-02,1.0416148039e-02,1.0416148039e-02,1.0416148039e-02,1.0416148039e-02,1.0416148039e-02,1.0416148039e-02,1.0416148039e-02,1.0416148039e-02,1.0416148039e-02,1.0416148039e-02,1.0416148039e-02,1.0416148039e-02,1.0416148039e-02,1.0416148039e-02,1.0416148039e-02,1.0416148039e-02,1.0416148039e-02,1.0416148039e-02,1.0416148039e-02,1.0416148039e-02,1.0416148039e-02,1.0416148039e-02,1.0416148039e-02,1.0416148039e-02,1.0416148039e-02,1.0416148039e-02,1.0416148039e-02,1.0416148039e-02,1.0416148039e-02,1.0416148039e-02,1.0416148039e-02,1.0416148039e-02,1.0416148039e-02,1.0416148039e-02,1.0416148039e-02,1.0416148039e-02,1.0416148039e-02,1.0416148039e-02,1.0416148039e-02,1.0416148039e-02,1.0416148039e-02,1.0416148039e-02,1.0416148039e-02,1.0416148039e-02,1.0416148039e-02,1.0416148039e-02,1.0416148039e-02,1.0416148039e-02,1.0416148039e-02,1.0416148039e-02,1.0416148039e-02,1.0416148039e-02,1.0416148039e-02,1.0416148039e-02,1.0416148039e-02,1.0416148039e-02,1.0416148039e-02,1.0416148039e-02,1.0416148039e-02,1.0416148039e-02,1.0416148039e-02,1.0416148039e-02,1.0416148039e-02,1.0416148039e-02,1.0416148039e-02,1.0416148039e-02,1.0416148039e-02,1.0416148039e-02,1.0416148039e-02,1.0416148039e-02,1.0416148039e-02,1.0416148039e-02,1.0416148039e-02,1.0416148039e-02,1.0416148039e-02,1.0416148039e-02,1.0416148039e-02,1.0416148039e-02,1.0416148039e-02,1.0416148039e-02,1.0416148039e-02,1.0416148039e-02,1.0416148039e-02,1.0416148039e-02,1.0416148039e-02,1.0416148039e-02,1.0416148039e-02,1.0416148039e-02,1.0416148039e-02,1.0416148039e-02,1.0416148039e-02,1.0416148039e-02,1.0416148039e-02,1.0415261160e-02,1.0411431661e-02,1.0407223344e-02,1.0402598913e-02,1.0397517438e-02,1.0391934007e-02,1.0385799347e-02,1.0379059417e-02,1.0371654953e-02,1.0363520986e-02,1.0354586309e-02,1.0344772902e-02,1.0314607397e-02,1.0270486355e-02,1.0222199848e-02,1.0169378231e-02,1.0111623948e-02,1.0054104736e-02,1.0008460230e-02,9.9585202439e-03,9.9039064592e-03,9.8396268948e-03,9.7674052457e-03,9.6877613013e-03,9.5830200145e-03,9.4691794764e-03,9.3241117317e-03,9.1609344665e-03,8.9611103950e-03,8.7247107698e-03,8.4492281932e-03,8.1283908447e-03,7.7573126507e-03,7.3389171437e-03,6.8784554967e-03,6.3834371594e-03,5.8633021095e-03,5.3221211109e-03,4.7716076090e-03,4.2207724581e-03,3.6805839444e-03,3.1597883454e-03,2.6674885098e-03,2.2068038883e-03,1.7853663103e-03,1.4094186397e-03,1.0828492353e-03,8.0718480928e-04,5.8512199040e-04,4.1339020087e-04,2.8509594363e-04,1.9248599066e-04,1.2682756737e-04,8.0978424427e-05,5.0134908339e-05,3.0044644285e-05,1.7359103637e-05,9.6613850298e-06,5.1731448625e-06,2.6603405557e-06,1.3071312298e-06,6.0035833754e-07,2.3044655884e-07,1.5380551373e-08,0.0000000000e+00,0.0000000000e+00,0.0000000000e+00,0.0000000000e+00,0.0000000000e+00,0.0000000000e+00,0.0000000000e+00,0.0000000000e+00,0.0000000000e+00,0.0000000000e+00,0.0000000000e+00,0.0000000000e+00,0.0000000000e+00,0.0000000000e+00,0.0000000000e+00,0.0000000000e+00,0.0000000000e+00,0.0000000000e+00,0.0000000000e+00,0.0000000000e+00,0.0000000000e+00,0.0000000000e+00,0.0000000000e+00,0.0000000000e+00,0.0000000000e+00,0.0000000000e+00,0.0000000000e+00,0.0000000000e+00,0.0000000000e+00,0.0000000000e+00,0.0000000000e+00
1.8587918911e+03,9.8368270656e-03,9.8368270656e-03,9.8368270656e-03,9.8368270656e-03,9.8368270656e-03,9.8368270656e-03,9.8368270656e-03,9.8368270656e-03,9.8368270656e-03,9.8368270656e-03,9.8368270656e-03,9.8368270656e-03,9.8368270656e-03,9.8368270656e-03,9.8368270656e-03,9.8368270656e-03,9.8368270656e-03,9.8368270656e-03,9.8368270656e-03,9.8368270656e-03,9.8368270656e-03,9.8368270656e-03,9.8368270656e-03,9.8368270656e-03,9.8368270656e-03,9.8368270656e-03,9.8368270656e-03,9.8368270656e-03,9.8368270656e-03,9.8368270656e-03,9.8368270656e-03,9.8368270656e-03,9.8368270656e-03,9.8368270656e-03,9.8368270656e-03,9.8368270656e-03,9.8368270656e-03,9.8368270656e-03,9.8368270656e-03,9.8368270656e-03,9.8368270656e-03,9.8368270656e-03,9.8368270656e-03,9.8368270656e-03,9.8368270656e-03,9.8368270656e-03,9.8368270656e-03,9.8368270656e-03,9.8368270656e-03,9.8368270656e-03,9.8368270656e-03,9.8368270656e-03,9.8368270656e-03,9.8368270656e-03,9.8368270656e-03,9.8368270656e-03,9.8368270656e-03,9.8368270656e-03,9.8368270656e-03,9.8368270656e-03,9.8368270656e-03,9.8368270656e-03,9.8368270656e-03,9.8368270656e-03,9.8368270656e-03,9.8368270656e-03,9.8368270656e-03,9.8368270656e-03,9.8368270656e-03,9.8368270656e-03,9.8368270656e-03,9.8368270656e-03,9.8368270656e-03,9.8368270656e-03,9.8368270656e-03,9.8368270656e-03,9.8368270656e-03,9.8368270656e-03,9.8368270656e-03,9.8368270656e-03,9.8368270656e-03,9.8368270656e-03,9.8368270656e-03,9.8368270656e-03,9.8368270656e-03,9.8368270656e-03,9.8368270656e-03,9.8368270656e-03,9.8368270656e-03,9.8368270656e-03,9.8368270656e-03,9.8368270656e-03,9.8368270656e-03,9.8368270656e-03,9.8368270656e-03,9.8368270656e-03,9.8368270656e-03,9.8368270656e-03,9.8368270656e-03,9.8368270656e-03,9.8368270656e-03,9.8368270656e-03,9.8368270656e-03,9.8368270656e-03,9.8368270656e-03,9.8368270656e-03,9.8368270656e-03,9.8331879352e-03,9.8280506313e-03,9.8224060574e-03,9.8162044625e-03,9.8093912863e-03,9.8019067099e-03,9.7936851655e-03,9.7846548067e-03,9.7747369322e-03,9.7638453635e-03,9.7518857724e-03,9.7350157971e-03,9.6975414210e-03,9.6565105839e-03,9.6116038278e-03,9.5624767444e-03,9.5087588236e-03,9.4610826572e-03,9.4122366536e-03,9.3588289867e-03,9.2970872530e-03,9.2175890639e-03,9.1309773123e-03,9.0238322951e-03,8.8975321062e-03,8.7480175172e-03,8.5707883464e-03,8.3559659287e-03,8.1086268477e-03,7.8156985903e-03,7.4743943654e-03,7.0915069988e-03,6.6685218945e-03,6.2117738775e-03,5.7284461956e-03,5.2229183569e-03,4.7056670055e-03,4.1849464806e-03,3.6711981842e-03,3.1723526577e-03,2.6970664578e-03,2.2487538062e-03,1.8349843106e-03,1.4622857608e-03,1.1351117807e-03,8.5577004416e-04,6.2804304897e-04,4.4962472567e-04,3.1449498297e-04,2.1551466876e-04,1.4427184692e-04,9.3706794281e-05,5.9093110695e-05,3.6100988642e-05,2.1246956813e-05,1.2070570579e-05,6.6146646898e-06,3.4907715820e-06,1.7705732566e-06,8.5599553547e-07,3.7888646964e-07,1.1998551968e-07,0.0000000000e+00,0.0000000000e+00,0.0000000000e+00,0.0000000000e+00,0.0000000000e+00,0.0000000000e+00,0.0000000000e+00,0.0000000000e+00,0.0000000000e+00,0.0000000000e+00,0.0000000000e+00,0.0000000000e+00,0.0000000000e+00,0.0000000000e+00,0.0000000000e+00,0.0000000000e+00,0.0000000000e+00,0.0000000000e+00,0.0000000000e+00,0.0000000000e+00,0.0000000000e+00,0.0000000000e+00,0.0000000000e+00,0.0000000000e+00,0.0000000000e+00,0.0000000000e+00,0.0000000000e+00,0.0000000000e+00,0.0000000000e+00,0.0000000000e+00,0.0000000000e+00
1.9429496147e+03,9.3090712309e-03,9.3090712309e-03,9.3090712309e-03,9.3090712309e-03,9.3090712309e-03,9.3090712309e-03,9.3090712309e-03,9.3090712309e-03,9.3090712309e-03,9.3090712309e-03,9.3090712309e-03,9.3090712309e-03,9.3090712309e-03,9.3090712309e-03,9.3090712309e-03,9.3090712309e-03,9.3090712309e-03,9.3090712309e-03,9.3090712309e-03,9.3090712309e-03,9.3090712309e-03,9.3090712309e-03,9.3090712309e-03,9.3090712309e-03,9.3090712309e-03,9.3090712309e-03,9.3090712309e-03,9.3090712309e-03,9.3090712309e-03,9.3090712309e-03,9.3090712309e-03,9.3090712309e-03,9.3090712309e-03,9.3090712309e-03,9.3090712309e-03,9.3090712309e-03,9.3090712309e-03,9.3090712309e-03,9.3090712309e-03,9.3090712309e-03,9.3090712309e-03,9.3090712309e-03,9.3090712309e-03,9.3090712309e-03,9.3090712309e-03,9.3090712309e-03,9.3090712309e-03,9.3090712309e-03,9.3090712309e-03,9.3090712309e-03,9.3090712309e-03,9.3090712309e-03,9.3090712309e-03,9.3090712309e-03,9.3090712309e-03,9.3090712309e-03,9.3090712309e-03,9.3090712309e-03,9.3090712309e-03,9.3090712309e-03,9.3090712309e-03,9.3090712309e-03,9.3090712309e-03,9.3090712309e-03,9.3090712309e-03,9.3090712309e-03,9.3090712309e-03,9.3090712309e-03,9.3090712309e-03,9.3090712309e-03,9.3090712309e-03,9.3090712309e-03,9.3090712309e-03,9.3090712309e-03,9.3090712309e-03,9.3090712309e-03,9.3090712309e-03,9.3090712309e-03,9.3090712309e-03,9.3090712309e-03,9.3090712309e-03,9.3090712309e-03,9.3090712309e-03,9.3090712309e-03,9.3090712309e-03,9.3090712309e-03,9.3090712309e-03,9.3090712309e-03,9.3090712309e-03,9.3090712309e-03,9.3090712309e-03,9.3090712309e-03,9.3090712309e-03,9.3090712309e-03,9.3090712309e-03,9.3090712309e-03,9.3090712309e-03,9.3090712309e-03,9.3090712309e-03,9.3090712309e-03,9.3090712309e-03,9.3090712309e-03,9.3090712309e-03,9.3090712309e-03,9.3090712309e-03,9.3090712309e-03,9.3090712309e-03,9.3059408230e-03,9.3015214954e-03,9.2966655499e-03,9.2913301144e-03,9.2854681618e-03,9.2790281193e-03,9.2719534428e-03,9.2641821546e-03,9.2556463414e-03,9.2462716104e-03,9.2359765006e-03,9.2214369647e-03,9.1890701063e-03,9.1536188333e-03,9.1148034488e-03,9.0723218452e-03,9.0258483350e-03,8.9840425653e-03,8.9409959009e-03,8.8939107243e-03,8.8393384764e-03,8.7686435485e-03,8.6915776839e-03,8.5958983241e-03,8.4828336446e-03,8.3486418071e-03,8.1891506732e-03,7.9952656307e-03,7.7714762230e-03,7.5055806451e-03,7.1947172128e-03,6.8446842699e-03,6.4563429512e-03,6.0350367973e-03,5.5870072886e-03,5.1158864340e-03,4.6311831613e-03,4.1403042851e-03,3.6529151435e-03,3.1764183627e-03,2.7190397357e-03,2.2841741742e-03,1.8793563933e-03,1.5113052224e-03,1.1849127923e-03,9.0317120925e-04,6.7077034081e-04,4.8638170027e-04,3.4485140498e-04,2.3971841859e-04,1.6292048106e-04,1.0755906616e-04,6.9031356793e-05,4.2982063857e-05,2.5822844085e-05,1.4976232646e-05,8.3865730962e-06,4.5306570018e-06,2.3585727448e-06,1.1775268919e-06,5.5064945952e-07,2.1252478637e-07,7.5005240259e-09,0.0000000000e+00,0.0000000000e+00,0.0000000000e+00,0.0000000000e+00,0.0000000000e+00,0.0000000000e+00,0.0000000000e+00,0.0000000000e+00,0.0000000000e+00,0.0000000000e+00,0.0000000000e+00,0.0000000000e+00,0.0000000000e+00,0.0000000000e+00,0.0000000000e+00,0.0000000000e+00,0.0000000000e+00,0.0000000000e+00,0.0000000000e+00,0.0000000000e+00,0.0000000000e+00,0.0000000000e+00,0.0000000000e+00,0.0000000000e+00,0.0000000000e+00,0.0000000000e+00,0.0000000000e+00,0.0000000000e+00,0.0000000000e+00,0.0000000000e+00
2.0309176209e+03,8.8056364422e-03,8.8056364422e-03,8.8056364422e-03,8.8056364422e-03,8.8056364422e-03,8.8056364422e-03,8.8056364422e-03,8.8056364422e-03,8.8056364422e-03,8.8056364422e-03,8.8056364422e-03,8.8056364422e-03,8.8056364422e-03,8.8056364422e-03,8.8056364422e-03,8.8056364422e-03,8.8056364422e-03,8.8056364422e-03,8.8056364422e-03,8.8056364422e-03,8.8056364422e-03,8.8056364422e-03,8.8056364422e-03,8.8056364422e-03,8.8056364422e-03,8.8056364422e-03,8.8056364422e-03,8.8056364422e-03,8.8056364422e-03,8.8056364422e-03,8.8056364422e-03,8.8056364422e-03,8.8056364422e-03,8.8056364422e-03,8.8056364422e-03,8.8056364422e-03,8.8056364422e-03,8.8056364422e-03,8.8056364422e-03,8.8056364422e-03,8.8056364422e-03,8.8056364422e-03,8.8056364422e-03,8.8056364422e-03,8.8056364422e-03,8.8056364422e-03,8.8056364422e-03,8.8056364422e-03,8.8056364422e-03,8.8056364422e-03,8.8056364422e-03,8.8056364422e-03,8.8056364422e-03,8.8056364422e-03,8.8056364422e-03,8.8056364422e-03,8.8056364422e-03,8.8056364422e-03,8.8056364422e-03,8.8056364422e-03,8.8056364422e-03,8.8056364422e-03,8.8056364422e-03,8.8056364422e-03,8.8056364422e-03,8.8056364422e-03,8.8056364422e-03,8.8056364422e-03,8.8056364422e-03,8.8056364422e-03,8.8056364422e-03,8.8056364422e-03,8.8056364422e-03,8.8056364422e-03,8.8056364422e-03,8.8056364422e-03,8.8056364422e-03,8.8056364422e-03,8.8056364422e-03,8.8056364422e-03,8.8056364422e-03,8.8056364422e-03,8.8056364422e-03,8.8056364422e-03,8.8056364422e-03,8.8056364422e-03,8.8056364422e-03,8.8056364422e-03,8.8056364422e-03,8.8056364422e-03,8.8056364422e-03,8.8056364422e-03,8.8056364422e-03,8.8056364422e-03,8.8056364422e-03,8.8056364422e-03,8.8056364422e-03,8.8056364422e-03,8.8056364422e-03,8.8056364422e-03,8.8056364422e-03,8.8056364422e-03,8.8056364422e-03,8.8056364422e-03,8.8056364422e-03,8.8056364422e-03,8.8056364422e-03,8.8029527924e-03,8.7991640276e-03,8.7950007486e-03,8.7904261403e-03,8.7853998118e-03,8.7798774576e-03,8.7738104889e-03,8.7671456330e-03,8.7598244970e-03,8.7517830951e-03,8.7429513357e-03,8.7304616087e-03,8.7025911276e-03,8.6720545030e-03,8.6386078399e-03,8.6019872464e-03,8.5619076843e-03,8.5253408285e-03,8.4874943713e-03,8.4460818946e-03,8.3979561368e-03,8.3352156654e-03,8.2667829795e-03,8.1815072883e-03,8.0804832309e-03,7.9602696434e-03,7.8170090811e-03,7.6423477615e-03,7.4402515123e-03,7.1993629478e-03,6.9167897176e-03,6.5974513674e-03,6.2416818545e-03,5.8539392521e-03,5.4396034634e-03,5.0016204959e-03,4.5485779864e-03,4.0870682176e-03,3.6259840840e-03,3.1721797419e-03,2.7334087592e-03,2.3129868259e-03,1.9183282655e-03,1.5562417702e-03,1.2319514860e-03,9.4903285277e-04,7.1298169743e-04,5.2339568488e-04,3.7598175201e-04,2.6498320748e-04,1.8273573586e-04,1.2255147206e-04,7.9996003566e-05,5.0727667356e-05,3.1081870966e-05,1.8384628258e-05,1.0510312406e-05,5.8064940045e-06,3.0989800249e-06,1.5950774705e-06,7.8328392311e-07,3.4680015680e-07,1.0213456842e-07,0.0000000000e+00,0.0000000000e+00,0.0000000000e+00,0.0000000000e+00,0.0000000000e+00,0.0000000000e+00,0.0000000000e+00,0.0000000000e+00,0.0000000000e+00,0.0000000000e+00,0.0000000000e+00,0.0000000000e+00,0.0000000000e+00,0.0000000000e+00,0.0000000000e+00,0.0000000000e+00,0.0000000000e+00,0.0000000000e+00,0.0000000000e+00,0.0000000000e+00,0.0000000000e+00,0.0000000000e+00,0.0000000000e+00,0.0000000000e+00,0.0000000000e+00,0.0000000000e+00,0.0000000000e+00,0.0000000000e+00,0.0000000000e+00,0.0000000000e+00
2.1228684221e+03,8.3032455161e-03,8.3032455161e-03,8.3032455161e-03,8.3032455161e-03,8.3032455161e-03,8.3032455161e-03,8.3032455161e-03,8.3032455161e-03,8.3032455161e-03,8.3032455161e-03,8.3032455161e-03,8.3032455161e-03,8.3032455161e-03,8.3032455161e-03,8.3032455161e-03,8.3032455161e-03,8.3032455161e-03,8.3032455161e-03,8.3032455161e-03,8.3032455161e-03,8.3032455161e-03,8.3032455161e-03,8.3032455161e-03,8.3032455161e-03,8.3032455161e-03,8.3032455161e-03,8.3032455161e-03,8.3032455161e-03,8.3032455161e-03,8.3032455161e-03,8.3032455161e-03,8.3032455161e-03,8.3032455161e-03,8.3032455161e-03,8.3032455161e-03,8.3032455161e-03,8.3032455161e-03,8.3032455161e-03,8.3032455161e-03,8.3032455161e-03,8.3032455161e-03,8.3032455161e-03,8.3032455161e-03,8.3032455161e-03,8.3032455161e-03,8.3032455161e-03,8.3032455161e-03,8.3032455161e-03,8.3032455161e-03,8.3032455161e-03,8.3032455161e-03,8.3032455161e-03,8.3032455161e-03,8.3032455161e-03,8.3032455161e-03,8.3032455161e-03,8.3032455161e-03,8.3032455161e-03,8.3032455161e-03,8.3032455161e-03,8.3032455161e-03,8.3032455161e-03,8.3032455161e-03,8.3032455161e-03,8.3032455161e-03,8.3032455161e-03,8.3032455161e-03,8.3032455161e-03,8.3032455161e-03,8.3032455161e-03,8.3032455161e-03,8.3032455161e-03,8.3032455161e-03,8.3032455161e-03,8.3032455161e-03,8.3032455161e-03,8.3032455161e-03,8.3032455161e-03,8.3032455161e-03,8.3032455161e-03,8.3032455161e-03,8.3032455161e-03,8.3032455161e-03,8.3032455161e-03,8.3032455161e-03,8.3032455161e-03,8.3032455161e-03,8.3032455161e-03,8.3032455161e-03,8.3032455161e-03,8.3032455161e-03,8.3032455161e-03,8.3032455161e-03,8.3032455161e-03,8.3032455161e-03,8.3032455161e-03,8.3032455161e-03,8.3032455161e-03,8.3032455161e-03,8.3032455161e-03,8.3032455161e-03,8.3032455161e-03,8.3032455161e-03,8.3032455161e-03,8.3032455161e-03,8.3032455161e-03,8.3032455161e-03,8.3032455161e-03,8.3019803103e-03,8.2974123222e-03,8.2923934261e-03,8.2868794294e-03,8.2808218738e-03,8.2741676379e-03,8.2668585051e-03,8.2588306947e-03,8.2500143545e-03,8.2403330123e-03,8.2297029835e-03,8.2180327345e-03,8.1991184242e-03,8.1755800445e-03,8.1497812079e-03,8.1215133122e-03,8.0905502639e-03,8.0557427871e-03,8.0154686582e-03,7.9714257905e-03,7.9232866804e-03,7.8576229714e-03,7.7815296124e-03,7.6965496025e-03,7.5830258011e-03,7.4601552560e-03,7.2981245851e-03,7.1166658204e-03,6.8972907849e-03,6.6414258194e-03,6.3517359935e-03,6.0275292952e-03,5.6709500798e-03,5.2874445045e-03,4.8815388912e-03,4.4590284611e-03,4.0266363827e-03,3.5911869359e-03,3.1602849574e-03,2.7406145796e-03,2.3353929805e-03,1.9518272536e-03,1.5969438781e-03,1.2759368222e-03,9.9306300494e-04,7.5434650478e-04,5.6039514128e-04,4.0766785701e-04,2.9112729781e-04,2.0359532708e-04,1.3860759224e-04,9.1943812521e-05,5.9321581927e-05,3.7027605637e-05,2.2314282726e-05,1.2987679063e-05,7.3285701168e-06,4.0032079295e-06,2.1165093809e-06,1.0783026868e-06,5.1516378803e-07,2.0927033986e-07,2.6882785218e-08,0.0000000000e+00,0.0000000000e+00,0.0000000000e+00,0.0000000000e+00,0.0000000000e+00,0.0000000000e+00,0.0000000000e+00,0.0000000000e+00,0.0000000000e+00,0.0000000000e+00,0.0000000000e+00,0.0000000000e+00,0.0000000000e+00,0.0000000000e+00,0.0000000000e+00,0.0000000000e+00,0.0000000000e+00,0.0000000000e+00,0.0000000000e+00,0.0000000000e+00,0.0000000000e+00,0.0000000000e+00,0.0000000000e+00,0.0000000000e+00,0.0000000000e+00,0.0000000000e+00,0.0000000000e+00,0.0000000000e+00,0.0000000000e+00
2.2189823415e+03,7.8504714756e-03,7.8504714756e-03,7.8504714756e-03,7.8504714756e-03,7.8504714756e-03,7.8504714756e-03,7.8504714756e-03,7.8504714756e-03,7.8504714756e-03,7.8504714756e-03,7.8504714756e-03,7.8504714756e-03,7.8504714756e-03,7.8504714756e-03,7.8504714756e-03,7.8504714756e-03,7.8504714756e-03,7.8504714756e-03,7.8504714756e-03,7.8504714756e-03,7.8504714756e-03,7.8504714756e-03,7.8504714756e-03,7.8504714756e-03,7.8504714756e-03,7.8504714756e-03,7.8504714756e-03,7.8504714756e-03,7.8504714756e-03,7.8504714756e-03,7.8504714756e-03,7.8504714756e-03,7.8504714756e-03,7.8504714756e-03,7.8504714756e-03,7.8504714756e-03,7.8504714756e-03,7.8504714756e-03,7.8504714756e-03,7.8504714756e-03,7.8504714756e-03,7.8504714756e-03,7.8504714756e-03,7.8504714756e-03,7.8504714756e-03,7.8504714756e-03,7.8504714756e-03,7.8504714756e-03,7.8504714756e-03,7.8504714756e-03,7.8504714756e-03,7.8504714756e-03,7.8504714756e-03,7.8504714756e-03,7.8504714756e-03,7.8504714756e-03,7.8504714756e-03,7.8504714756e-03,7.8504714756e-03,7.8504714756e-03,7.8504714756e-03,7.8504714756e-03,7.8504714756e-03,7.8504714756e-03,7.8504714756e-03,7.8504714756e-03,7.8504714756e-03,7.8504714756e-03,7.8504714756e-03,7.8504714756e-03,7.8504714756e-03,7.8504714756e-03,7.8504714756e-03,7.8504714756e-03,7.8504714756e-03,7.8504714756e-03,7.8504714756e-03,7.8504714756e-03,7.8504714756e-03,7.8504714756e-03,7.8504714756e-03,7.8504714756e-03,7.8504714756e-03,7.8504714756e-03,7.8504714756e-03,7.8504714756e-03,7.8504714756e-03,7.8504714756e-03,7.8504714756e-03,7.8504714756e-03,7.8504714756e-03,7.8504714756e-03,7.8504714756e-03,7.8504714756e-03,7.8504714756e-03,7.8504714756e-03,7.8504714756e-03,7.8504714756e-03,7.8504714756e-03,7.8504714756e-03,7.8504714756e-03,7.8504714756e-03,7.8504714756e-03,7.8504714756e-03,7.8504714756e-03,7.8504714756e-03,7.8504714756e-03,7.8504714756e-03,7.8493895858e-03,7.8454833232e-03,7.8411912351e-03,7.8364754576e-03,7.8312944624e-03,7.8256027122e-03,7.8193502868e-03,7.8124824767e-03,7.8049393423e-03,7.7966552369e-03,7.7875582905e-03,7.7775698527e-03,7.7612939703e-03,7.7410080848e-03,7.7187680710e-03,7.6943923417e-03,7.6676838177e-03,7.6374595079e-03,7.6020314209e-03,7.5632733324e-03,7.5208927961e-03,7.4627073763e-03,7.3951432311e-03,7.3195937477e-03,7.2181699169e-03,7.1082910967e-03,6.9628056528e-03,6.7995535795e-03,6.6015427152e-03,6.3698500423e-03,6.1066279871e-03,5.8108665936e-03,5.4841155594e-03,5.1310267787e-03,4.7554648036e-03,4.3624997912e-03,3.9581001001e-03,3.5483584699e-03,3.1403125972e-03,2.7401426426e-03,2.3508763931e-03,1.9794716915e-03,1.6328784979e-03,1.3164279079e-03,1.0347690556e-03,7.9451559822e-04,5.9705844642e-04,4.3966236311e-04,3.1801317569e-04,2.2541083328e-04,1.5568846531e-04,1.0487728627e-04,6.8791654504e-05,4.3715787142e-05,2.6866024874e-05,1.5961023285e-05,9.1887248749e-06,5.1281722716e-06,2.7754647333e-06,1.4531799956e-06,7.2262785106e-07,3.2372576181e-07,9.5590466394e-08,0.0000000000e+00,0.0000000000e+00,0.0000000000e+00,0.0000000000e+00,0.0000000000e+00,0.0000000000e+00,0.0000000000e+00,0.0000000000e+00,0.0000000000e+00,0.0000000000e+00,0.0000000000e+00,0.0000000000e+00,0.0000000000e+00,0.0000000000e+00,0.0000000000e+00,0.0000000000e+00,0.0000000000e+00,0.0000000000e+00,0.0000000000e+00,0.0000000000e+00,0.0000000000e+00,0.0000000000e+00,0.0000000000e+00,0.0000000000e+00,0.0000000000e+00,0.0000000000e+00,0.0000000000e+00,0.0000000000e+00,0.0000000000e+00
2.3194478661e+03,7.4187240558e-03,7.4187240558e-03,7.4187240558e-03,7.4187240558e-03,7.4187240558e-03,7.4187240558e-03,7.4187240558e-03,7.4187240558e-03,7.4187240558e-03,7.4187240558e-03,7.4187240558e-03,7.4187240558e-03,7.4187240558e-03,7.4187240558e-03,7.4187240558e-03,7.4187240558e-03,7.4187240558e-03,7.4187240558e-03,7.4187240558e-03,7.4187240558e-03,7.4187240558e-03,7.4187240558e-03,7.4187240558e-03,7.4187240558e-03,7.4187240558e-03,7.4187240558e-03,7.4187240558e-03,7.4187240558e-03,7.4187240558e-03,7.4187240558e-03,7.4187240558e-03,7.4187240558e-03,7.4187240558e-03,7.4187240558e-03,7.4187240558e-03,7.4187240558e-03,7.4187240558e-03,7.4187240558e-03,7.4187240558e-03,7.4187240558e-03,7.4187240558e-03,7.4187240558e-03,7.4187240558e-03,7.4187240558e-03,7.4187240558e-03,7.4187240558e-03,7.4187240558e-03,7.4187240558e-03,7.4187240558e-03,7.4187240558e-03,7.4187240558e-03,7.4187240558e-03,7.4187240558e-03,7.4187240558e-03,7.4187240558e-03,7.4187240558e-03,7.4187240558e-03,7.4187240558e-03,7.4187240558e-03,7.4187240558e-03,7.4187240558e-03,7.4187240558e-03,7.4187240558e-03,7.4187240558e-03,7.4187240558e-03,7.4187240558e-03,7.4187240558e-03,7.4187240558e-03,7.4187240558e-03,7.4187240558e-03,7.4187240558e-03,7.4187240558e-03,7.4187240558e-03,7.4187240558e-03,7.4187240558e-03,7.4187240558e-03,7.4187240558e-03,7.4187240558e-03,7.4187240558e-03,7.4187240558e-03,7.4187240558e-03,7.4187240558e-03,7.4187240558e-03,7.4187240558e-03,7.4187240558e-03,7.4187240558e-03,7.4187240558e-03,7.4187240558e-03,7.4187240558e-03,7.4187240558e-03,7.4187240558e-03,7.4187240558e-03,7.4187240558e-03,7.4187240558e-03,7.4187240558e-03,7.4187240558e-03,7.4187240558e-03,7.4187240558e-03,7.4187240558e-03,7.4187240558e-03,7.4187240558e-03,7.4187240558e-03,7.4187240558e-03,7.4187240558e-03,7.4187240558e-03,7.4187240558e-03,7.4187240558e-03,7.4187240558e-03,7.4178023783e-03,7.4144744728e-03,7.4108176784e-03,7.4067996797e-03,7.4023850254e-03,7.3975348323e-03,7.3922064623e-03,7.3863531725e-03,7.3799237338e-03,7.3728620185e-03,7.3651065521e-03,7.3565900300e-03,7.3426337167e-03,7.3252114220e-03,7.3061060035e-03,7.2851600478e-03,7.2622024982e-03,7.2360377570e-03,7.2049451572e-03,7.1709178018e-03,7.1336954035e-03,7.0822426088e-03,7.0223725958e-03,6.9553428901e-03,6.8649004536e-03,6.7668295053e-03,6.6364452313e-03,6.4898551448e-03,6.3114754913e-03,6.1020885400e-03,5.8634064530e-03,5.5941681345e-03,5.2954128911e-03,4.9710767036e-03,4.6244222615e-03,4.2598490732e-03,3.8826159105e-03,3.4981144084e-03,3.1128171082e-03,2.7323907580e-03,2.3596431854e-03,2.0012303791e-03,1.6639533622e-03,1.3531956041e-03,1.0739040842e-03,8.3317421722e-04,6.3310280365e-04,4.7172285219e-04,3.4543746280e-04,2.4804987875e-04,1.7372515427e-04,1.1877934189e-04,7.9159978634e-05,5.1181627365e-05,3.2051205081e-05,1.9417718779e-05,1.1395025482e-05,6.4915062841e-06,3.5930829640e-06,1.9310818590e-06,9.9653332960e-07,4.8309118210e-07,1.9969738043e-07,0.0000000000e+00,0.0000000000e+00,0.0000000000e+00,0.0000000000e+00,0.0000000000e+00,0.0000000000e+00,0.0000000000e+00,0.0000000000e+00,0.0000000000e+00,0.0000000000e+00,0.0000000000e+00,0.0000000000e+00,0.0000000000e+00,0.0000000000e+00,0.0000000000e+00,0.0000000000e+00,0.0000000000e+00,0.0000000000e+00,0.0000000000e+00,0.0000000000e+00,0.0000000000e+00,0.0000000000e+00,0.0000000000e+00,0.0000000000e+00,0.0000000000e+00,0.0000000000e+00,0.0000000000e+00,0.0000000000e+00,0.0000000000e+00
2.4244620171e+03,7.0179578237e-03,7.0179578237e-03,7.0179578237e-03,7.0179578237e-03,7.0179578237e-03,7.0179578237e-03,7.0179578237e-03,7.0179578237e-03,7.0179578237e-03,7.0179578237e-03,7.0179578237e-03,7.0179578237e-03,7.0179578237e-03,7.0179578237e-03,7.0179578237e-03,7.0179578237e-03,7.0179578237e-03,7.0179578237e-03,7.0179578237e-03,7.0179578237e-03,7.0179578237e-03,7.0179578237e-03,7.0179578237e-03,7.0179578237e-03,7.0179578237e-03,7.0179578237e-03,7.0179578237e-03,7.0179578237e-03,7.0179578237e-03,7.0179578237e-03,7.0179578237e-03,7.0179578237e-03,7.0179578237e-03,7.0179578237e-03,7.0179578237e-03,7.0179578237e-03,7.0179578237e-03,7.0179578237e-03,7.0179578237e-03,7.0179578237e-03,7.0179578237e-03,7.0179578237e-03,7.0179578237e-03,7.0179578237e-03,7.0179578237e-03,7.0179578237e-03,7.0179578237e-03,7.0179578237e-03,7.0179578237e-03,7.0179578237e-03,7.0179578237e-03,7.0179578237e-03,7.0179578237e-03,7.0179578237e-03,7.0179578237e-03,7.0179578237e-03,7.0179578237e-03,7.0179578237e-03,7.0179578237e-03,7.0179578237e-03,7.0179578237e-03,7.0179578237e-03,7.0179578237e-03,7.0179578237e-03,7.0179578237e-03,7.0179578237e-03,7.0179578237e-03,7.0179578237e-03,7.0179578237e-03,7.0179578237e-03,7.0179578237e-03,7.0179578237e-03,7.0179578237e-03,7.0179578237e-03,7.0179578237e-03,7.0179578237e-03,7.0179578237e-03,7.0179578237e-03,7.0179578237e-03,7.0179578237e-03,7.0179578237e-03,7.0179578237e-03,7.0179578237e-03,7.0179578237e-03,7.0179578237e-03,7.0179578237e-03,7.0179578237e-03,7.0179578237e-03,7.0179578237e-03,7.0179578237e-03,7.0179578237e-03,7.0179578237e-03,7.0179578237e-03,7.0179578237e-03,7.0179578237e-03,7.0179578237e-03,7.0179578237e-03,7.0179578237e-03,7.0179578237e-03,7.0179578237e-03,7.0179578237e-03,7.0179578237e-03,7.0179578237e-03,7.0179578237e-03,7.0179578237e-03,7.0179578237e-03,7.0179578237e-03,7.0179578237e-03,7.0179578237e-03,7.0179578237e-03,7.0142877099e-03,7.0094049989e-03,7.0040411355e-03,6.9981491338e-03,6.9916775088e-03,6.9845698641e-03,6.9767644458e-03,6.9681936611e-03,6.9587835585e-03,6.9484532698e-03,6.9371144106e-03,6.9242129834e-03,6.9083575556e-03,6.8909688583e-03,6.8719031777e-03,6.8510042767e-03,6.8281025034e-03,6.7950942963e-03,6.7572577343e-03,6.7159053595e-03,6.6660438538e-03,6.5987355810e-03,6.5255245379e-03,6.4311774326e-03,6.3197115293e-03,6.1857230314e-03,6.0278286562e-03,5.8380352110e-03,5.6235373488e-03,5.3788313015e-03,5.1052340735e-03,4.8081187202e-03,4.4893420173e-03,4.1521440351e-03,3.8011005584e-03,3.4412031827e-03,3.0784419677e-03,2.7177201461e-03,2.3620164822e-03,2.0173224741e-03,1.6900871923e-03,1.3861366232e-03,1.1102212500e-03,8.7005129988e-04,6.6823135309e-04,5.0355183603e-04,3.7319196962e-04,2.7132822918e-04,1.9258670522e-04,1.3355803302e-04,9.0359418246e-05,5.9380712524e-05,3.7843305454e-05,2.3357253378e-05,1.3951307359e-05,8.0960396570e-06,4.5757161692e-06,2.5164373781e-06,1.3356349247e-06,6.7682365567e-07,3.1394827584e-07,1.0617651491e-07,0.0000000000e+00,0.0000000000e+00,0.0000000000e+00,0.0000000000e+00,0.0000000000e+00,0.0000000000e+00,0.0000000000e+00,0.0000000000e+00,0.0000000000e+00,0.0000000000e+00,0.0000000000e+00,0.0000000000e+00,0.0000000000e+00,0.0000000000e+00,0.0000000000e+00,0.0000000000e+00,0.0000000000e+00,0.0000000000e+00,0.0000000000e+00,0.0000000000e+00,0.0000000000e+00,0.0000000000e+00,0.0000000000e+00,0.0000000000e+00,0.0000000000e+00,0.0000000000e+00,0.0000000000e+00,0.0000000000e+00
2.5342307358e+03,6.6252602687e-03,6.6252602687e-03,6.6252602687e-03,6.6252602687e-03,6.6252602687e-03,6.6252602687e-03,6.6252602687e-03,6.6252602687e-03,6.6252602687e-03,6.6252602687e-03,6.6252602687e-03,6.6252602687e-03,6.6252602687e-03,6.6252602687e-03,6.6252602687e-03,6.6252602687e-03,6.6252602687e-03,6.6252602687e-03,6.6252602687e-03,6.6252602687e-03,6.6252602687e-03,6.6252602687e-03,6.6252602687e-03,6.6252602687e-03,6.6252602687e-03,6.6252602687e-03,6.6252602687e-03,6.6252602687e-03,6.6252602687e-03,6.6252602687e-03,6.6252602687e-03,6.6252602687e-03,6.6252602687e-03,6.6252602687e-03,6.6252602687e-03,6.6252602687e-03,6.6252602687e-03,6.6252602687e-03,6.6252602687e-03,6.6252602687e-03,6.6252602687e-03,6.6252602687e-03,6.6252602687e-03,6.6252602687e-03,6.6252602687e-03,6.6252602687e-03,6.6252602687e-03,6.6252602687e-03,6.6252602687e-03,6.6252602687e-03,6.6252602687e-03,6.6252602687e-03,6.6252602687e-03,6.6252602687e-03,6.6252602687e-03,6.6252602687e-03,6.6252602687e-03,6.6252602687e-03,6.6252602687e-03,6.6252602687e-03,6.6252602687e-03,6.6252602687e-03,6.6252602687e-03,6.6252602687e-03,6.6252602687e-03,6.6252602687e-03,6.6252602687e-03,6.6252602687e-03,6.6252602687e-03,6.6252602687e-03,6.6252602687e-03,6.6252602687e-03,6.6252602687e-03,6.6252602687e-03,6.6252602687e-03,6.6252602687e-03,6.6252602687e-03,6.6252602687e-03,6.6252602687e-03,6.6252602687e-03,6.6252602687e-03,6.6252602687e-03,6.6252602687e-03,6.6252602687e-03,6.6252602687e-03,6.6252602687e-03,6.6252602687e-03,6.6252602687e-03,6.6252602687e-03,6.6252602687e-03,6.6252602687e-03,6.6252602687e-03,6.6252602687e-03,6.6252602687e-03,6.6252602687e-03,6.6252602687e-03,6.6252602687e-03,6.6252602687e-03,6.6252602687e-03,6.6252602687e-03,6.6252602687e-03,6.6252602687e-03,6.6252602687e-03,6.6252602687e-03,6.6252602687e-03,6.6252602687e-03,6.6252602687e-03,6.6252602687e-03,6.6252602687e-03,6.6252602687e-03,6.6221444534e-03,6.6179989251e-03,6.6134445526e-03,6.6084413413e-03,6.6029454520e-03,6.5969088460e-03,6.5902788997e-03,6.5829979881e-03,6.5750030340e-03,6.5662250228e-03,6.5565884800e-03,6.5455861906e-03,6.5319335211e-03,6.5169573812e-03,6.5005330519e-03,6.4825248043e-03,6.4627850846e-03,6.4338774165e-03,6.4006539728e-03,6.3643278742e-03,6.3203872619e-03,6.2607407938e-03,6.1958180769e-03,6.1118285367e-03,6.0123652742e-03,5.8924657400e-03,5.7507952924e-03,5.5799229922e-03,5.3862265397e-03,5.1643957818e-03,4.9152807502e-03,4.6435823713e-03,4.3507271301e-03,4.0394230934e-03,3.7136264881e-03,3.3776843789e-03,3.0370622683e-03,2.6961328244e-03,2.3576350560e-03,2.0271807983e-03,1.7109532866e-03,1.4146947021e-03,1.1432803096e-03,9.0469610745e-04,7.0209209173e-04,5.3492222010e-04,4.0103162060e-04,2.9511620439e-04,2.1218937153e-04,1.4918037786e-04,1.0240714391e-04,6.8358422279e-05,4.4308645582e-05,2.7857666092e-05,1.6975097394e-05,1.0044024680e-05,5.7894591229e-06,3.2519776700e-06,1.7680006946e-06,9.2462167240e-07,4.5495347570e-07,1.9043512610e-07,2.1735267074e-08,0.0000000000e+00,0.0000000000e+00,0.0000000000e+00,0.0000000000e+00,0.0000000000e+00,0.0000000000e+00,0.0000000000e+00,0.0000000000e+00,0.0000000000e+00,0.0000000000e+00,0.0000000000e+00,0.0000000000e+00,0.0000000000e+00,0.0000000000e+00,0.0000000000e+00,0.0000000000e+00,0.0000000000e+00,0.0000000000e+00,0.0000000000e+00,0.0000000000e+00,0.0000000000e+00,0.0000000000e+00,0.0000000000e+00,0.0000000000e+00,0.0000000000e+00,0.0000000000e+00,0.0000000000e+00
2.6489692876e+03,6.2800355955e-03,6.2800355955e-03,6.2800355955e-03,6.2800355955e-03,6.2800355955e-03,6.2800355955e-03,6.2800355955e-03,6.2800355955e-03,6.2800355955e-03,6.2800355955e-03,6.2800355955e-03,6.2800355955e-03,6.2800355955e-03,6.2800355955e-03,6.2800355955e-03,6.2800355955e-03,6.2800355955e-03,6.2800355955e-03,6.2800355955e-03,6.2800355955e-03,6.2800355955e-03,6.2800355955e-03,6.2800355955e-03,6.2800355955e-03,6.2800355955e-03,6.2800355955e-03,6.2800355955e-03,6.2800355955e-03,6.2800355955e-03,6.2800355955e-03,6.2800355955e-03,6.2800355955e-03,6.2800355955e-03,6.2800355955e-03,6.2800355955e-03,6.2800355955e-03,6.2800355955e-03,6.2800355955e-03,6.2800355955e-03,6.2800355955e-03,6.2800355955e-03,6.2800355955e-03,6.2800355955e-03,6.2800355955e-03,6.2800355955e-03,6.2800355955e-03,6.2800355955e-03,6.2800355955e-03,6.2800355955e-03,6.2800355955e-03,6.2800355955e-03,6.2800355955e-03,6.2800355955e-03,6.2800355955e-03,6.2800355955e-03,6.2800355955e-03,6.2800355955e-03,6.2800355955e-03,6.2800355955e-03,6.2800355955e-03,6.2800355955e-03,6.2800355955e-03,6.2800355955e-03,6.2800355955e-03,6.2800355955e-03,6.2800355955e-03,6.2800355955e-03,6.2800355955e-03,6.2800355955e-03,6.2800355955e-03,6.2800355955e-03,6.2800355955e-03,6.2800355955e-03,6.2800355955e-03,6.2800355955e-03,6.2800355955e-03,6.2800355955e-03,6.2800355955e-03,6.2800355955e-03,6.2800355955e-03,6.2800355955e-03,6.2800355955e-03,6.2800355955e-03,6.2800355955e-03,6.2800355955e-03,6.2800355955e-03,6.2800355955e-03,6.2800355955e-03,6.2800355955e-03,6.2800355955e-03,6.2800355955e-03,6.2800355955e-03,6.2800355955e-03,6.2800355955e-03,6.2800355955e-03,6.2800355955e-03,6.2800355955e-03,6.2800355955e-03,6.2800355955e-03,6.2800355955e-03,6.2800355955e-03,6.2800355955e-03,6.2800355955e-03,6.2800355955e-03,6.2800355955e-03,6.2800355955e-03,6.2800355955e-03,6.2800355955e-03,6.2800355955e-03,6.2800355955e-03,6.2800355955e-03,6.2781808471e-03,6.2724242841e-03,6.2661019244e-03,6.2591588213e-03,6.2515348308e-03,6.2431641483e-03,6.2339748108e-03,6.2238881630e-03,6.2128182860e-03,6.2006713874e-03,6.1873451546e-03,6.1727280700e-03,6.1582646436e-03,6.1429666250e-03,6.1261926693e-03,6.1078051493e-03,6.0876545950e-03,6.0612479067e-03,6.0239943845e-03,5.9833040626e-03,5.9388884421e-03,5.8748777132e-03,5.8012380672e-03,5.7177306399e-03,5.6053417208e-03,5.4836289361e-03,5.3261386087e-03,5.1522461426e-03,4.9507008490e-03,4.7246358563e-03,4.4773729480e-03,4.2093465854e-03,3.9225968360e-03,3.6206580318e-03,3.3081235380e-03,2.9892114514e-03,2.6681256902e-03,2.3467234410e-03,2.0309531456e-03,1.7265226388e-03,1.4387862032e-03,1.1729800446e-03,9.3694226402e-04,7.3445493429e-04,5.6557903823e-04,4.2870847466e-04,3.1918618077e-04,2.3234930520e-04,1.6551432899e-04,1.1522255191e-04,7.8080434331e-05,5.1439938264e-05,3.2915823447e-05,2.0435000177e-05,1.2299454584e-05,7.1951663712e-06,4.1242200665e-06,2.2948542606e-06,1.2368259245e-06,6.4127763572e-07,3.1050989059e-07,1.1802109165e-07,0.0000000000e+00,0.0000000000e+00,0.0000000000e+00,0.0000000000e+00,0.0000000000e+00,0.0000000000e+00,0.0000000000e+00,0.0000000000e+00,0.0000000000e+00,0.0000000000e+00,0.0000000000e+00,0.0000000000e+00,0.0000000000e+00,0.0000000000e+00,0.0000000000e+00,0.0000000000e+00,0.0000000000e+00,0.0000000000e+00,0.0000000000e+00,0.0000000000e+00,0.0000000000e+00,0.0000000000e+00,0.0000000000e+00,0.0000000000e+00,0.0000000000e+00,0.0000000000e+00,0.0000000000e+00
2.7689026842e+03,5.8725030416e-03,5.8725030416e-03,5.8725030416e-03,5.8725030416e-03,5.8725030416e-03,5.8725030416e-03,5.8725030416e-03,5.8725030416e-03,5.8725030416e-03,5.8725030416e-03,5.8725030416e-03,5.8725030416e-03,5.8725030416e-03,5.8725030416e-03,5.8725030416e-03,5.8725030416e-03,5.8725030416e-03,5.8725030416e-03,5.8725030416e-03,5.8725030416e-03,5.8725030416e-03,5.8725030416e-03,5.8725030416e-03,5.8725030416e-03,5.8725030416e-03,5.8725030416e-03,5.8725030416e-03,5.8725030416e-03,5.8725030416e-03,5.8725030416e-03,5.8725030416e-03,5.8725030416e-03,5.8725030416e-03,5.8725030416e-03,5.8725030416e-03,5.8725030416e-03,5.8725030416e-03,5.8725030416e-03,5.8725030416e-03,5.8725030416e-03,5.8725030416e-03,5.8725030416e-03,5.8725030416e-03,5.8725030416e-03,5.8725030416e-03,5.8725030416e-03,5.8725030416e-03,5.8725030416e-03,5.8725030416e-03,5.8725030416e-03,5.8725030416e-03,5.8725030416e-03,5.8725030416e-03,5.8725030416e-03,5.8725030416e-03,5.8725030416e-03,5.8725030416e-03,5.8725030416e-03,5.8725030416e-03,5.8725030416e-03,5.8725030416e-03,5.8725030416e-03,5.8725030416e-03,5.8725030416e-03,5.8725030416e-03,5.8725030416e-03,5.8725030416e-03,5.8725030416e-03,5.8725030416e-03,5.8725030416e-03,5.8725030416e-03,5.8725030416e-03,5.8725030416e-03,5.8725030416e-03,5.8725030416e-03,5.8725030416e-03,5.8725030416e-03,5.8725030416e-03,5.8725030416e-03,5.8725030416e-03,5.8725030416e-03,5.8725030416e-03,5.8725030416e-03,5.8725030416e-03,5.8725030416e-03,5.8725030416e-03,5.8725030416e-03,5.8725030416e-03,5.8725030416e-03,5.8725030416e-03,5.8725030416e-03,5.8725030416e-03,5.8725030416e-03,5.8725030416e-03,5.8725030416e-03,5.8725030416e-03,5.8725030416e-03,5.8725030416e-03,5.8725030416e-03,5.8725030416e-03,5.8725030416e-03,5.8725030416e-03,5.8725030416e-03,5.8725030416e-03,5.8725030416e-03,5.8725030416e-03,5.8725030416e-03,5.8725030416e-03,5.8725030416e-03,5.8725030416e-03,5.8725030416e-03,5.8725030416e-03,5.8725030416e-03,5.8725030416e-03,5.8725030416e-03,5.8725030416e-03,5.8725030416e-03,5.8725030416e-03,5.8725030416e-03,5.8643568541e-03,5.8551074995e-03,5.8449560981e-03,5.8338165112e-03,5.8215947558e-03,5.8081883704e-03,5.7934857470e-03,5.7773654306e-03,5.7596953917e-03,5.7403322748e-03,5.7191206317e-03,5.6853514397e-03,5.6294903537e-03,5.5687128823e-03,5.5026543713e-03,5.4309371553e-03,5.3531733085e-03,5.2214856259e-03,5.0791012179e-03,4.9270479359e-03,4.7491695407e-03,4.5389342997e-03,4.3185367033e-03,4.0696872377e-03,3.8070110194e-03,3.5276224286e-03,3.2387871472e-03,2.9392416365e-03,2.6367720142e-03,2.3334695717e-03,2.0317699306e-03,1.7388872131e-03,1.4601059460e-03,1.2000458760e-03,9.6731721829e-04,7.6561783554e-04,5.9538699768e-04,4.5619896969e-04,3.4331548184e-04,2.5280397976e-04,1.8225548387e-04,1.2844155679e-04,8.8158951361e-05,5.8836131964e-05,3.8125460716e-05,2.3959094391e-05,1.4592977773e-05,8.6401669757e-06,4.9895265456e-06,2.7896068546e-06,1.4943049405e-06,7.4455291075e-07,3.1134796004e-07,5.3278965300e-08,0.0000000000e+00,0.0000000000e+00,0.0000000000e+00,0.0000000000e+00,0.0000000000e+00,0.0000000000e+00,0.0000000000e+00,0.0000000000e+00,0.0000000000e+00,0.0000000000e+00,0.0000000000e+00,0.0000000000e+00,0.0000000000e+00,0.0000000000e+00,0.0000000000e+00,0.0000000000e+00,0.0000000000e+00,0.0000000000e+00,0.0000000000e+00,0.0000000000e+00,0.0000000000e+00,0.0000000000e+00,0.0000000000e+00,0.0000000000e+00,0.0000000000e+00,0.0000000000e+00,0.0000000000e+00
2.8942661247e+03,5.5778665544e-03,5.5778665544e-03,5.5778665544e-03,5.5778665544e-03,5.5778665544e-03,5.5778665544e-03,5.5778665544e-03,5.5778665544e-03,5.5778665544e-03,5.5778665544e-03,5.5778665544e-03,5.5778665544e-03,5.5778665544e-03,5.5778665544e-03,5.5778665544e-03,5.5778665544e-03,5.5778665544e-03,5.5778665544e-03,5.5778665544e-03,5.5778665544e-03,5.5778665544e-03,5.5778665544e-03,5.5778665544e-03,5.5778665544e-03,5.5778665544e-03,5.5778665544e-03,5.5778665544e-03,5.5778665544e-03,5.5778665544e-03,5.5778665544e-03,5.5778665544e-03,5.5778665544e-03,5.5778665544e-03,5.5778665544e-03,5.5778665544e-03,5.5778665544e-03,5.5778665544e-03,5.5778665544e-03,5.5778665544e-03,5.5778665544e-03,5.5778665544e-03,5.5778665544e-03,5.5778665544e-03,5.5778665544e-03,5.5778665544e-03,5.5778665544e-03,5.5778665544e-03,5.5778665544e-03,5.5778665544e-03,5.5778665544e-03,5.5778665544e-03,5.5778665544e-03,5.5778665544e-03,5.5778665544e-03,5.5778665544e-03,5.5778665544e-03,5.5778665544e-03,5.5778665544e-03,5.5778665544e-03,5.5778665544e-03,5.5778665544e-03,5.5778665544e-03,5.5778665544e-03,5.5778665544e-03,5.5778665544e-03,5.5778665544e-03,5.5778665544e-03,5.5778665544e-03,5.5778665544e-03,5.5778665544e-03,5.5778665544e-03,5.5778665544e-03,5.5778665544e-03,5.5778665544e-03,5.5778665544e-03,5.5778665544e-03,5.5778665544e-03,5.5778665544e-03,5.5778665544e-03,5.5778665544e-03,5.5778665544e-03,5.5778665544e-03,5.5778665544e-03,5.5778665544e-03,5.5778665544e-03,5.5778665544e-03,5.5778665544e-03,5.5778665544e-03,5.5778665544e-03,5.5778665544e-03,5.5778665544e-03,5.5778665544e-03,5.5778665544e-03,5.5778665544e-03,5.5778665544e-03,5.5778665544e-03,5.5778665544e-03,5.5778665544e-03,5.5778665544e-03,5.5778665544e-03,5.5778665544e-03,5.5778665544e-03,5.5778665544e-03,5.5778665544e-03,5.5778665544e-03,5.5778665544e-03,5.5778665544e-03,5.5778665544e-03,5.5778665544e-03,5.5778665544e-03,5.5778665544e-03,5.5765573195e-03,5.5724933554e-03,5.5680290730e-03,5.5631254120e-03,5.5577395786e-03,5.5518247046e-03,5.5453294794e-03,5.5381977525e-03,5.5303681055e-03,5.5217733925e-03,5.5123402476e-03,5.5019885590e-03,5.4913827529e-03,5.4800173941e-03,5.4675500822e-03,5.4538769293e-03,5.4388848671e-03,5.4189226069e-03,5.3902489263e-03,5.3589017013e-03,5.3246506027e-03,5.2746002197e-03,5.2168102924e-03,5.1510638828e-03,5.0618066774e-03,4.9648848544e-03,4.8384076272e-03,4.6980459006e-03,4.5341045642e-03,4.3486917739e-03,4.1442554616e-03,3.9206869000e-03,3.6792231103e-03,3.4223805209e-03,3.1536587607e-03,2.8763288268e-03,2.5936675021e-03,2.3069923753e-03,2.0214089711e-03,1.7419339083e-03,1.4734899839e-03,1.2212156335e-03,9.9305279264e-04,7.9345094083e-04,6.2350135276e-04,4.8273325729e-04,3.6749603414e-04,2.7392837606e-04,2.0008069865e-04,1.4302068854e-04,9.9694359941e-05,6.7697526777e-05,4.4754688320e-05,2.8787660022e-05,1.8011614137e-05,1.0969816658e-05,6.5251192447e-06,3.7774585976e-06,2.1273220377e-06,1.1641409612e-06,6.1451099675e-07,2.9726816184e-07,1.0652161852e-07,0.0000000000e+00,0.0000000000e+00,0.0000000000e+00,0.0000000000e+00,0.0000000000e+00,0.0000000000e+00,0.0000000000e+00,0.0000000000e+00,0.0000000000e+00,0.0000000000e+00,0.0000000000e+00,0.0000000000e+00,0.0000000000e+00,0.0000000000e+00,0.0000000000e+00,0.0000000000e+00,0.0000000000e+00,0.0000000000e+00,0.0000000000e+00,0.0000000000e+00,0.0000000000e+00,0.0000000000e+00,0.0000000000e+00,0.0000000000e+00,0.0000000000e+00,0.0000000000e+00
3.0253054571e+03,5.2550812019e-03,5.2550812019e-03,5.2550812019e-03,5.2550812019e-03,5.2550812019e-03,5.2550812019e-03,5.2550812019e-03,5.2550812019e-03,5.2550812019e-03,5.2550812019e-03,5.2550812019e-03,5.2550812019e-03,5.2550812019e-03,5.2550812019e-03,5.2550812019e-03,5.2550812019e-03,5.2550812019e-03,5.2550812019e-03,5.2550812019e-03,5.2550812019e-03,5.2550812019e-03,5.2550812019e-03,5.2550812019e-03,5.2550812019e-03,5.2550812019e-03,5.2550812019e-03,5.2550812019e-03,5.2550812019e-03,5.2550812019e-03,5.2550812019e-03,5.2550812019e-03,5.2550812019e-03,5.2550812019e-03,5.2550812019e-03,5.2550812019e-03,5.2550812019e-03,5.2550812019e-03,5.2550812019e-03,5.2550812019e-03,5.2550812019e-03,5.2550812019e-03,5.2550812019e-03,5.2550812019e-03,5.2550812019e-03,5.2550812019e-03,5.2550812019e-03,5.2550812019e-03,5.2550812019e-03,5.2550812019e-03,5.2550812019e-03,5.2550812019e-03,5.2550812019e-03,5.2550812019e-03,5.2550812019e-03,5.2550812019e-03,5.2550812019e-03,5.2550812019e-03,5.2550812019e-03,5.2550812019e-03,5.2550812019e-03,5.2550812019e-03,5.2550812019e-03,5.2550812019e-03,5.2550812019e-03,5.2550812019e-03,5.2550812019e-03,5.2550812019e-03,5.2550812019e-03,5.2550812019e-03,5.2550812019e-03,5.2550812019e-03,5.2550812019e-03,5.2550812019e-03,5.2550812019e-03,5.2550812019e-03,5.2550812019e-03,5.2550812019e-03,5.2550812019e-03,5.2550812019e-03,5.2550812019e-03,5.2550812019e-03,5.2550812019e-03,5.2550812019e-03,5.2550812019e-03,5.2550812019e-03,5.2550812019e-03,5.2550812019e-03,5.2550812019e-03,5.2550812019e-03,5.2550812019e-03,5.2550812019e-03,5.2550812019e-03,5.2550812019e-03,5.2550812019e-03,5.2550812019e-03,5.2550812019e-03,5.2550812019e-03,5.2550812019e-03,5.2550812019e-03,5.2550812019e-03,5.2550812019e-03,5.2550812019e-03,5.2550812019e-03,5.2550812019e-03,5.2550812019e-03,5.2550812019e-03,5.2550812019e-03,5.2550812019e-03,5.2550812019e-03,5.2550812019e-03,5.2550812019e-03,5.2550812019e-03,5.2550812019e-03,5.2516936549e-03,5.2474310658e-03,5.2427490008e-03,5.2376066151e-03,5.2319591778e-03,5.2257577207e-03,5.2189486597e-03,5.2114733880e-03,5.2032678379e-03,5.1942620129e-03,5.1843794874e-03,5.1733922779e-03,5.1609282754e-03,5.1472606819e-03,5.1322770414e-03,5.1158551739e-03,5.0978624993e-03,5.0667852561e-03,5.0311532492e-03,4.9922704606e-03,4.9436964555e-03,4.8774245647e-03,4.8055935833e-03,4.7123946229e-03,4.6042084923e-03,4.4766500179e-03,4.3309861208e-03,4.1630062052e-03,3.9785422627e-03,3.7755199450e-03,3.5537879256e-03,3.3177947517e-03,3.0697263045e-03,2.8122554732e-03,2.5481938411e-03,2.2785024319e-03,2.0084889904e-03,1.7417921414e-03,1.4839340475e-03,1.2395523037e-03,1.0166118073e-03,8.1965573860e-04,6.5037245274e-04,5.0862628245e-04,3.9131655738e-04,2.9495406003e-04,2.1800913620e-04,1.5778932450e-04,1.1146415113e-04,7.6776368680e-05,5.1538431246e-05,3.3701185626e-05,2.1460594814e-05,1.3307854078e-05,8.0363986652e-06,4.7301059125e-06,2.7187242747e-06,1.5238859540e-06,8.3202793156e-07,4.3127546378e-07,1.9808051408e-07,5.3368711562e-08,0.0000000000e+00,0.0000000000e+00,0.0000000000e+00,0.0000000000e+00,0.0000000000e+00,0.0000000000e+00,0.0000000000e+00,0.0000000000e+00,0.0000000000e+00,0.0000000000e+00,0.0000000000e+00,0.0000000000e+00,0.0000000000e+00,0.0000000000e+00,0.0000000000e+00,0.0000000000e+00,0.0000000000e+00,0.0000000000e+00,0.0000000000e+00,0.0000000000e+00,0.0000000000e+00,0.0000000000e+00,0.0000000000e+00,0.0000000000e+00,0.0000000000e+00
3.1622776602e+03,4.9144826272e-03,4.9144826272e-03,4.9144826272e-03,4.9144826272e-03,4.9144826272e-03,4.9144826272e-03,4.9144826272e-03,4.9144826272e-03,4.9144826272e-03,4.9144826272e-03,4.9144826272e-03,4.9144826272e-03,4.9144826272e-03,4.9144826272e-03,4.9144826272e-03,4.9144826272e-03,4.9144826272e-03,4.9144826272e-03,4.9144826272e-03,4.9144826272e-03,4.9144826272e-03,4.9144826272e-03,4.9144826272e-03,4.9144826272e-03,4.9144826272e-03,4.9144826272e-03,4.9144826272e-03,4.9144826272e-03,4.9144826272e-03,4.9144826272e-03,4.9144826272e-03,4.9144826272e-03,4.9144826272e-03,4.9144826272e-03,4.9144826272e-03,4.9144826272e-03,4.9144826272e-03,4.9144826272e-03,4.9144826272e-03,4.9144826272e-03,4.9144826272e-03,4.9144826272e-03,4.9144826272e-03,4.9144826272e-03,4.9144826272e-03,4.9144826272e-03,4.9144826272e-03,4.9144826272e-03,4.9144826272e-03,4.9144826272e-03,4.9144826272e-03,4.9144826272e-03,4.9144826272e-03,4.9144826272e-03,4.9144826272e-03,4.9144826272e-03,4.9144826272e-03,4.9144826272e-03,4.9144826272e-03,4.9144826272e-03,4.9144826272e-03,4.9144826272e-03,4.9144826272e-03,4.9144826272e-03,4.9144826272e-03,4.9144826272e-03,4.9144826272e-03,4.9144826272e-03,4.9144826272e-03,4.9144826272e-03,4.9144826272e-03,4.9144826272e-03,4.9144826272e-03,4.9144826272e-03,4.9144826272e-03,4.9144826272e-03,4.9144826272e-03,4.9144826272e-03,4.9144826272e-03,4.9144826272e-03,4.9144826272e-03,4.9144826272e-03,4.9144826272e-03,4.9144826272e-03,4.9144826272e-03,4.9144826272e-03,4.9144826272e-03,4.9144826272e-03,4.9144826272e-03,4.9144826272e-03,4.9144826272e-03,4.9144826272e-03,4.9144826272e-03,4.9144826272e-03,4.9144826272e-03,4.9144826272e-03,4.9144826272e-03,4.9144826272e-03,4.9144826272e-03,4.9144826272e-03,4.9144826272e-03,4.9144826272e-03,4.9144826272e-03,4.9144826272e-03,4.9144826272e-03,4.9144826272e-03,4.9144826272e-03,4.9144826272e-03,4.9144826272e-03,4.9144826272e-03,4.9144826272e-03,4.9144826272e-03,4.9144826272e-03,4.9144826272e-03,4.9144826272e-03,4.9144826272e-03,4.9144826272e-03,4.9144826272e-03,4.9144826272e-03,4.9144826272e-03,4.9110663128e-03,4.9035849779e-03,4.8953735581e-03,4.8863622389e-03,4.8764748279e-03,4.8656282344e-03,4.8537319205e-03,4.8406873249e-03,4.8263872614e-03,4.8107152968e-03,4.7935451132e-03,4.7747398617e-03,4.7278169618e-03,4.6734159638e-03,4.6143325447e-03,4.5502410583e-03,4.4808091678e-03,4.3855883242e-03,4.2625072171e-03,4.1311809025e-03,3.9914721640e-03,3.8165775366e-03,3.6315808946e-03,3.4330776642e-03,3.2142962748e-03,2.9877284369e-03,2.7472892989e-03,2.5006577150e-03,2.2487579293e-03,1.9923403321e-03,1.7387309125e-03,1.4915555101e-03,1.2559003666e-03,1.0385609594e-03,8.4477827375e-04,6.7627039718e-04,5.3406256708e-04,4.1491897562e-04,3.1610081397e-04,2.3621834348e-04,1.7291998709e-04,1.2359274517e-04,8.6192650986e-05,5.8577886386e-05,3.8773430617e-05,2.4977071681e-05,1.5657205851e-05,9.5584394277e-06,5.6747872293e-06,3.2786196434e-06,1.8350132626e-06,9.8101644534e-07,4.7001760245e-07,1.6212492443e-07,0.0000000000e+00,0.0000000000e+00,0.0000000000e+00,0.0000000000e+00,0.0000000000e+00,0.0000000000e+00,0.0000000000e+00,0.0000000000e+00,0.0000000000e+00,0.0000000000e+00,0.0000000000e+00,0.0000000000e+00,0.0000000000e+00,0.0000000000e+00,0.0000000000e+00,0.0000000000e+00,0.0000000000e+00,0.0000000000e+00,0.0000000000e+00,0.0000000000e+00,0.0000000000e+00,0.0000000000e+00,0.0000000000e+00,0.0000000000e+00,0.0000000000e+00,0.0000000000e+00
3.3054513476e+03,4.6524486505e-03,4.6524486505e-03,4.6524486505e-03,4.6524486505e-03,4.6524486505e-03,4.6524486505e-03,4.6524486505e-03,4.6524486505e-03,4.6524486505e-03,4.6524486505e-03,4.6524486505e-03,4.6524486505e-03,4.6524486505e-03,4.6524486505e-03,4.6524486505e-03,4.6524486505e-03,4.6524486505e-03,4.6524486505e-03,4.6524486505e-03,4.6524486505e-03,4.6524486505e-03,4.6524486505e-03,4.6524486505e-03,4.6524486505e-03,4.6524486505e-03,4.6524486505e-03,4.6524486505e-03,4.6524486505e-03,4.6524486505e-03,4.6524486505e-03,4.6524486505e-03,4.6524486505e-03,4.6524486505e-03,4.6524486505e-03,4.6524486505e-03,4.6524486505e-03,4.6524486505e-03,4.6524486505e-03,4.6524486505e-03,4.6524486505e-03,4.6524486505e-03,4.6524486505e-03,4.6524486505e-03,4.6524486505e-03,4.6524486505e-03,4.6524486505e-03,4.6524486505e-03,4.6524486505e-03,4.6524486505e-03,4.6524486505e-03,4.6524486505e-03,4.6524486505e-03,4.6524486505e-03,4.6524486505e-03,4.6524486505e-03,4.6524486505e-03,4.6524486505e-03,4.6524486505e-03,4.6524486505e-03,4.6524486505e-03,4.6524486505e-03,4.6524486505e-03,4.6524486505e-03,4.6524486505e-03,4.6524486505e-03,4.6524486505e-03,4.6524486505e-03,4.6524486505e-03,4.6524486505e-03,4.6524486505e-03,4.6524486505e-03,4.6524486505e-03,4.6524486505e-03,4.6524486505e-03,4.6524486505e-03,4.6524486505e-03,4.6524486505e-03,4.6524486505e-03,4.6524486505e-03,4.6524486505e-03,4.6524486505e-03,4.6524486505e-03,4.6524486505e-03,4.6524486505e-03,4.6524486505e-03,4.6524486505e-03,4.6524486505e-03,4.6524486505e-03,4.6524486505e-03,4.6524486505e-03,4.6524486505e-03,4.6524486505e-03,4.6524486505e-03,4.6524486505e-03,4.6524486505e-03,4.6524486505e-03,4.6524486505e-03,4.6524486505e-03,4.6524486505e-03,4.6524486505e-03,4.6524486505e-03,4.6524486505e-03,4.6524486505e-03,4.6524486505e-03,4.6524486505e-03,4.6524486505e-03,4.6524486505e-03,4.6524486505e-03,4.6524486505e-03,4.6524486505e-03,4.6524486505e-03,4.6524486505e-03,4.6524486505e-03,4.6501527158e-03,4.6472632214e-03,4.6440887411e-03,4.6406013933e-03,4.6367706156e-03,4.6325629171e-03,4.6279416095e-03,4.6228665163e-03,4.6172936585e-03,4.6111749153e-03,4.6044576600e-03,4.5967950231e-03,4.5875607986e-03,4.5774306016e-03,4.5663198284e-03,4.5541363705e-03,4.5407800512e-03,4.5170053609e-03,4.4896561365e-03,4.4597809418e-03,4.4221980115e-03,4.3704318255e-03,4.3142219053e-03,4.2407119180e-03,4.1549800391e-03,4.0531942332e-03,3.9362500926e-03,3.8002184905e-03,3.6497785328e-03,3.4828086359e-03,3.2987171699e-03,3.1009525769e-03,2.8909788672e-03,2.6707104117e-03,2.4421788111e-03,2.2058938538e-03,1.9662915451e-03,1.7262796575e-03,1.4907520759e-03,1.2639664653e-03,1.0535445018e-03,8.6426738150e-04,6.9844860844e-04,5.5680029623e-04,4.3709667261e-04,3.3660852285e-04,2.5450123291e-04,1.8865657277e-04,1.3669593706e-04,9.6734700626e-05,6.6833473530e-05,4.5070528131e-05,2.9669817886e-05,1.9074737466e-05,1.1974325971e-05,7.3124521185e-06,4.3587983487e-06,2.5417664271e-06,1.4527402039e-06,8.0317073619e-07,4.2150436431e-07,1.9740061149e-07,5.7407088309e-08,0.0000000000e+00,0.0000000000e+00,0.0000000000e+00,0.0000000000e+00,0.0000000000e+00,0.0000000000e+00,0.0000000000e+00,0.0000000000e+00,0.0000000000e+00,0.0000000000e+00,0.0000000000e+00,0.0000000000e+00,0.0000000000e+00,0.0000000000e+00,0.0000000000e+00,0.0000000000e+00,0.0000000000e+00,0.0000000000e+00,0.0000000000e+00,0.0000000000e+00,0.0000000000e+00,0.0000000000e+00,0.0000000000e+00,0.0000000000e+00
3.4551072946e+03,4.3560283200e-03,4.3560283200e-03,4.3560283200e-03,4.3560283200e-03,4.3560283200e-03,4.3560283200e-03,4.3560283200e-03,4.3560283200e-03,4.3560283200e-03,4.3560283200e-03,4.3560283200e-03,4.3560283200e-03,4.3560283200e-03,4.3560283200e-03,4.3560283200e-03,4.3560283200e-03,4.3560283200e-03,4.3560283200e-03,4.3560283200e-03,4.3560283200e-03,4.3560283200e-03,4.3560283200e-03,4.3560283200e-03,4.3560283200e-03,4.3560283200e-03,4.3560283200e-03,4.3560283200e-03,4.3560283200e-03,4.3560283200e-03,4.3560283200e-03,4.3560283200e-03,4.3560283200e-03,4.3560283200e-03,4.3560283200e-03,4.3560283200e-03,4.3560283200e-03,4.3560283200e-03,4.3560283200e-03,4.3560283200e-03,4.3560283200e-03,4.3560283200e-03,4.3560283200e-03,4.3560283200e-03,4.3560283200e-03,4.3560283200e-03,4.3560283200e-03,4.3560283200e-03,4.3560283200e-03,4.3560283200e-03,4.3560283200e-03,4.3560283200e-03,4.3560283200e-03,4.3560283200e-03,4.3560283200e-03,4.3560283200e-03,4.3560283200e-03,4.3560283200e-03,4.3560283200e-03,4.3560283200e-03,4.3560283200e-03,4.3560283200e-03,4.3560283200e-03,4.3560283200e-03,4.3560283200e-03,4.3560283200e-03,4.3560283200e-03,4.3560283200e-03,4.3560283200e-03,4.3560283200e-03,4.3560283200e-03,4.3560283200e-03,4.3560283200e-03,4.3560283200e-03,4.3560283200e-03,4.3560283200e-03,4.3560283200e-03,4.3560283200e-03,4.3560283200e-03,4.3560283200e-03,4.3560283200e-03,4.3560283200e-03,4.3560283200e-03,4.3560283200e-03,4.3560283200e-03,4.3560283200e-03,4.3560283200e-03,4.3560283200e-03,4.3560283200e-03,4.3560283200e-03,4.3560283200e-03,4.3560283200e-03,4.3560283200e-03,4.3560283200e-03,4.3560283200e-03,4.3560283200e-03,4.3560283200e-03,4.3560283200e-03,4.3560283200e-03,4.3560283200e-03,4.3560283200e-03,4.3560283200e-03,4.3560283200e-03,4.3560283200e-03,4.3560283200e-03,4.3560283200e-03,4.3560283200e-03,4.3560283200e-03,4.3560283200e-03,4.3560283200e-03,4.3560283200e-03,4.3560283200e-03,4.3560283200e-03,4.3560283200e-03,4.3560283200e-03,4.3560283200e-03,4.3560283200e-03,4.3560283200e-03,4.3560283200e-03,4.3560283200e-03,4.3560283200e-03,4.3535149478e-03,4.3480099135e-03,4.3419660123e-03,4.3353313720e-03,4.3280493093e-03,4.3200579219e-03,4.3112896537e-03,4.3016708341e-03,4.2911211923e-03,4.2795533462e-03,4.2668722707e-03,4.2529747467e-03,4.2166431639e-03,4.1743719668e-03,4.1283901632e-03,4.0784245482e-03,4.0241926331e-03,3.9489624144e-03,3.8508744159e-03,3.7458510000e-03,3.6336962207e-03,3.4912750536e-03,3.3397921113e-03,3.1759539903e-03,2.9933514163e-03,2.8027324209e-03,2.5979735370e-03,2.3857620832e-03,2.1664518750e-03,1.9402225856e-03,1.7134839513e-03,1.4892799560e-03,1.2721889068e-03,1.0686417559e-03,8.8394287198e-04,7.2033266928e-04,5.7952679054e-04,4.5914670048e-04,3.5716544547e-04,2.7286545585e-04,2.0446827378e-04,1.4982628145e-04,1.0729770290e-04,7.5021997251e-05,5.1198535450e-05,3.4093605838e-05,2.2162930392e-05,1.4076075113e-05,8.7148130072e-06,5.2619519716e-06,3.0924501998e-06,1.7582421830e-06,9.3551643333e-07,4.3283927585e-07,1.3647964543e-07,2.6495039474e-09,0.0000000000e+00,0.0000000000e+00,0.0000000000e+00,0.0000000000e+00,0.0000000000e+00,0.0000000000e+00,0.0000000000e+00,0.0000000000e+00,0.0000000000e+00,0.0000000000e+00,0.0000000000e+00,0.0000000000e+00,0.0000000000e+00,0.0000000000e+00,0.0000000000e+00,0.0000000000e+00,0.0000000000e+00,0.0000000000e+00,0.0000000000e+00,0.0000000000e+00,0.0000000000e+00,0.0000000000e+00,0.0000000000e+00,0.0000000000e+00
3.6115389887e+03,4.1040885146e-03,4.1040885146e-03,4.1040885146e-03,4.1040885146e-03,4.1040885146e-03,4.1040885146e-03,4.1040885146e-03,4.1040885146e-03,4.1040885146e-03,4.1040885146e-03,4.1040885146e-03,4.1040885146e-03,4.1040885146e-03,4.1040885146e-03,4.1040885146e-03,4.1040885146e-03,4.1040885146e-03,4.1040885146e-03,4.1040885146e-03,4.1040885146e-03,4.1040885146e-03,4.1040885146e-03,4.1040885146e-03,4.1040885146e-03,4.1040885146e-03,4.1040885146e-03,4.1040885146e-03,4.1040885146e-03,4.1040885146e-03,4.1040885146e-03,4.1040885146e-03,4.1040885146e-03,4.1040885146e-03,4.1040885146e-03,4.1040885146e-03,4.1040885146e-03,4.1040885146e-03,4.1040885146e-03,4.1040885146e-03,4.1040885146e-03,4.1040885146e-03,4.1040885146e-03,4.1040885146e-03,4.1040885146e-03,4.1040885146e-03,4.1040885146e-03,4.1040885146e-03,4.1040885146e-03,4.1040885146e-03,4.1040885146e-03,4.1040885146e-03,4.1040885146e-03,4.1040885146e-03,4.1040885146e-03,4.1040885146e-03,4.1040885146e-03,4.1040885146e-03,4.1040885146e-03,4.1040885146e-03,4.1040885146e-03,4.1040885146e-03,4.1040885146e-03,4.1040885146e-03,4.1040885146e-03,4.1040885146e-03,4.1040885146e-03,4.1040885146e-03,4.1040885146e-03,4.1040885146e-03,4.1040885146e-03,4.1040885146e-03,4.1040885146e-03,4.1040885146e-03,4.1040885146e-03,4.1040885146e-03,4.1040885146e-03,4.1040885146e-03,4.1040885146e-03,4.1040885146e-03,4.1040885146e-03,4.1040885146e-03,4.1040885146e-03,4.1040885146e-03,4.1040885146e-03,4.1040885146e-03,4.1040885146e-03,4.1040885146e-03,4.1040885146e-03,4.1040885146e-03,4.1040885146e-03,4.1040885146e-03,4.1040885146e-03,4.1040885146e-03,4.1040885146e-03,4.1040885146e-03,4.1040885146e-03,4.1040885146e-03,4.1040885146e-03,4.1040885146e-03,4.1040885146e-03,4.1040885146e-03,4.1040885146e-03,4.1040885146e-03,4.1040885146e-03,4.1040885146e-03,4.1040885146e-03,4.1040885146e-03,4.1040885146e-03,4.1040885146e-03,4.1040885146e-03,4.1040885146e-03,4.1040885146e-03,4.1040885146e-03,4.1040885146e-03,4.1034241450e-03,4.1016140290e-03,4.0996250078e-03,4.0974394997e-03,4.0950382161e-03,4.0924000001e-03,4.0895016510e-03,4.0863177331e-03,4.0828203683e-03,4.0789790107e-03,4.0747602028e-03,4.0701273110e-03,4.0618140663e-03,4.0518135862e-03,4.0408480154e-03,4.0288273089e-03,4.0156536617e-03,3.9967861867e-03,3.9692053504e-03,3.9391040672e-03,3.9062757198e-03,3.8566677574e-03,3.8002830220e-03,3.7359482523e-03,3.6523795135e-03,3.5615848967e-03,3.4508316965e-03,3.3294367217e-03,3.1928683180e-03,3.0414064617e-03,2.8776062250e-03,2.7018064015e-03,2.5152579732e-03,2.3195365335e-03,2.1151541168e-03,1.9050102131e-03,1.6919816812e-03,1.4796709192e-03,1.2722548117e-03,1.0766478223e-03,8.9770073910e-04,7.3797100626e-04,5.9893542160e-04,4.7909251970e-04,3.7643402643e-04,2.9071105456e-04,2.2036066910e-04,1.6349003834e-04,1.1864709615e-04,8.4186280166e-05,5.8402226527e-05,3.9620163036e-05,2.6299909599e-05,1.7084463880e-05,1.0812629955e-05,6.6691950415e-06,4.0280031446e-06,2.3912899912e-06,1.3824667529e-06,7.7289593348e-07,4.1188858283e-07,1.9798710946e-07,6.3806726346e-08,0.0000000000e+00,0.0000000000e+00,0.0000000000e+00,0.0000000000e+00,0.0000000000e+00,0.0000000000e+00,0.0000000000e+00,0.0000000000e+00,0.0000000000e+00,0.0000000000e+00,0.0000000000e+00,0.0000000000e+00,0.0000000000e+00,0.0000000000e+00,0.0000000000e+00,0.0000000000e+00,0.0000000000e+00,0.0000000000e+00,0.0000000000e+00,0.0000000000e+00,0.0000000000e+00,0.0000000000e+00,0.0000000000e+00
3.7750532053e+03,3.8524007071e-03,3.8524007071e-03,3.8524007071e-03,3.8524007071e-03,3.8524007071e-03,3.8524007071e-03,3.8524007071e-03,3.8524007071e-03,3.8524007071e-03,3.8524007071e-03,3.8524007071e-03,3.8524007071e-03,3.8524007071e-03,3.8524007071e-03,3.8524007071e-03,3.8524007071e-03,3.8524007071e-03,3.8524007071e-03,3.8524007071e-03,3.8524007071e-03,3.8524007071e-03,3.8524007071e-03,3.8524007071e-03,3.8524007071e-03,3.8524007071e-03,3.8524007071e-03,3.8524007071e-03,3.8524007071e-03,3.8524007071e-03,3.8524007071e-03,3.8524007071e-03,3.8524007071e-03,3.8524007071e-03,3.8524007071e-03,3.8524007071e-03,3.8524007071e-03,3.8524007071e-03,3.8524007071e-03,3.8524007071e-03,3.8524007071e-03,3.8524007071e-03,3.8524007071e-03,3.8524007071e-03,3.8524007071e-03,3.8524007071e-03,3.8524007071e-03,3.8524007071e-03,3.8524007071e-03,3.8524007071e-03,3.8524007071e-03,3.8524007071e-03,3.8524007071e-03,3.8524007071e-03,3.8524007071e-03,3.8524007071e-03,3.8524007071e-03,3.8524007071e-03,3.8524007071e-03,3.8524007071e-03,3.8524007071e-03,3.8524007071e-03,3.8524007071e-03,3.8524007071e-03,3.8524007071e-03,3.8524007071e-03,3.8524007071e-03,3.8524007071e-03,3.8524007071e-03,3.8524007071e-03,3.8524007071e-03,3.8524007071e-03,3.8524007071e-03,3.8524007071e-03,3.8524007071e-03,3.8524007071e-03,3.8524007071e-03,3.8524007071e-03,3.8524007071e-03,3.8524007071e-03,3.8524007071e-03,3.8524007071e-03,3.8524007071e-03,3.8524007071e-03,3.8524007071e-03,3.8524007071e-03,3.8524007071e-03,3.8524007071e-03,3.8524007071e-03,3.8524007071e-03,3.8524007071e-03,3.8524007071e-03,3.8524007071e-03,3.8524007071e-03,3.8524007071e-03,3.8524007071e-03,3.8524007071e-03,3.8524007071e-03,3.8524007071e-03,3.8524007071e-03,3.8524007071e-03,3.8524007071e-03,3.8524007071e-03,3.8524007071e-03,3.8524007071e-03,3.8524007071e-03,3.8524007071e-03,3.8524007071e-03,3.8524007071e-03,3.8524007071e-03,3.8524007071e-03,3.8524007071e-03,3.8524007071e-03,3.8524007071e-03,3.8524007071e-03,3.8524007071e-03,3.8524007071e-03,3.8510325631e-03,3.8493983843e-03,3.8476026578e-03,3.8456295008e-03,3.8434614877e-03,3.8410795029e-03,3.8384625826e-03,3.8355877409e-03,3.8324297817e-03,3.8289610943e-03,3.8251514317e-03,3.8188818186e-03,3.8073073064e-03,3.7946233982e-03,3.7807281592e-03,3.7655112014e-03,3.7488531762e-03,3.7177908076e-03,3.6828448120e-03,3.6448060285e-03,3.5968540426e-03,3.5333781190e-03,3.4648880582e-03,3.3794219507e-03,3.2832221897e-03,3.1730205293e-03,3.0510153707e-03,2.9135303738e-03,2.7652286960e-03,2.6055601298e-03,2.4338547305e-03,2.2531956630e-03,2.0639057096e-03,1.8680673743e-03,1.6680911653e-03,1.4674297292e-03,1.2700628441e-03,1.0825604019e-03,9.0962589931e-04,7.5392275258e-04,6.1719372794e-04,4.9811257793e-04,3.9516999626e-04,3.0826020879e-04,2.3616047139e-04,1.7719516238e-04,1.3012308789e-04,9.3504126245e-05,6.5735696911e-05,4.5230422411e-05,3.0481916993e-05,2.0120009080e-05,1.2954079363e-05,8.1281666560e-06,4.9761350931e-06,2.9983746539e-06,1.7677748497e-06,1.0128253470e-06,5.6085143492e-07,2.9422259445e-07,1.3493155752e-07,3.0007634362e-08,0.0000000000e+00,0.0000000000e+00,0.0000000000e+00,0.0000000000e+00,0.0000000000e+00,0.0000000000e+00,0.0000000000e+00,0.0000000000e+00,0.0000000000e+00,0.0000000000e+00,0.0000000000e+00,0.0000000000e+00,0.0000000000e+00,0.0000000000e+00,0.0000000000e+00,0.0000000000e+00,0.0000000000e+00,0.0000000000e+00,0.0000000000e+00,0.0000000000e+00,0.0000000000e+00,0.0000000000e+00
3.9459706091e+03,3.6200603585e-03,3.6200603585e-03,3.6200603585e-03,3.6200603585e-03,3.6200603585e-03,3.6200603585e-03,3.6200603585e-03,3.6200603585e-03,3.6200603585e-03,3.6200603585e-03,3.6200603585e-03,3.6200603585e-03,3.6200603585e-03,3.6200603585e-03,3.6200603585e-03,3.6200603585e-03,3.6200603585e-03,3.6200603585e-03,3.6200603585e-03,3.6200603585e-03,3.6200603585e-03,3.6200603585e-03,3.6200603585e-03,3.6200603585e-03,3.6200603585e-03,3.6200603585e-03,3.6200603585e-03,3.6200603585e-03,3.6200603585e-03,3.6200603585e-03,3.6200603585e-03,3.6200603585e-03,3.6200603585e-03,3.6200603585e-03,3.6200603585e-03,3.6200603585e-03,3.6200603585e-03,3.6200603585e-03,3.6200603585e-03,3.6200603585e-03,3.6200603585e-03,3.6200603585e-03,3.6200603585e-03,3.6200603585e-03,3.6200603585e-03,3.6200603585e-03,3.6200603585e-03,3.6200603585e-03,3.6200603585e-03,3.6200603585e-03,3.6200603585e-03,3.6200603585e-03,3.6200603585e-03,3.6200603585e-03,3.6200603585e-03,3.6200603585e-03,3.6200603585e-03,3.6200603585e-03,3.6200603585e-03,3.6200603585e-03,3.6200603585e-03,3.6200603585e-03,3.6200603585e-03,3.6200603585e-03,3.6200603585e-03,3.6200603585e-03,3.6200603585e-03,3.6200603585e-03,3.6200603585e-03,3.6200603585e-03,3.6200603585e-03,3.6200603585e-03,3.6200603585e-03,3.6200603585e-03,3.6200603585e-03,3.6200603585e-03,3.6200603585e-03,3.6200603585e-03,3.6200603585e-03,3.6200603585e-03,3.6200603585e-03,3.6200603585e-03,3.6200603585e-03,3.6200603585e-03,3.6200603585e-03,3.6200603585e-03,3.6200603585e-03,3.6200603585e-03,3.6200603585e-03,3.6200603585e-03,3.6200603585e-03,3.6200603585e-03,3.6200603585e-03,3.6200603585e-03,3.6200603585e-03,3.6200603585e-03,3.6200603585e-03,3.6200603585e-03,3.6200603585e-03,3.6200603585e-03,3.6200603585e-03,3.6200603585e-03,3.6200603585e-03,3.6200603585e-03,3.6200603585e-03,3.6200603585e-03,3.6200603585e-03,3.6200603585e-03,3.6200603585e-03,3.6200603585e-03,3.6200603585e-03,3.6200603585e-03,3.6200603585e-03,3.6200603585e-03,3.6200603585e-03,3.6200603585e-03,3.6200603585e-03,3.6200603585e-03,3.6200603585e-03,3.6200603585e-03,3.6200603585e-03,3.6200603585e-03,3.6200603585e-03,3.6165936334e-03,3.6096762083e-03,3.6020868362e-03,3.5937619077e-03,3.5846321369e-03,3.5746221284e-03,3.5636499256e-03,3.5516265457e-03,3.5384555050e-03,3.5240323400e-03,3.5082441336e-03,3.4909690539e-03,3.4446324742e-03,3.3925762041e-03,3.3362557337e-03,3.2754184175e-03,3.2098165960e-03,3.1245169489e-03,3.0209704005e-03,2.9110924378e-03,2.7949047316e-03,2.6552495964e-03,2.5096473382e-03,2.3545008335e-03,2.1868975061e-03,2.0136812786e-03,1.8299919481e-03,1.6431214280e-03,1.4549975623e-03,1.2665370351e-03,1.0872960550e-03,9.2054458115e-04,7.6906208179e-04,6.3479130195e-04,5.1675554389e-04,4.1353199589e-04,3.2574130938e-04,2.5196888807e-04,1.9104838421e-04,1.4182436606e-04,1.0304845103e-04,7.3271435811e-05,5.1009077660e-05,3.4763655700e-05,2.3190049920e-05,1.5072512612e-05,9.5379807933e-06,5.8844641558e-06,3.5595944552e-06,2.0958055229e-06,1.1880055216e-06,6.3363795325e-07,2.9658236404e-07,8.9690580655e-08,0.0000000000e+00,0.0000000000e+00,0.0000000000e+00,0.0000000000e+00,0.0000000000e+00,0.0000000000e+00,0.0000000000e+00,0.0000000000e+00,0.0000000000e+00,0.0000000000e+00,0.0000000000e+00,0.0000000000e+00,0.0000000000e+00,0.0000000000e+00,0.0000000000e+00,0.0000000000e+00,0.0000000000e+00,0.0000000000e+00,0.0000000000e+00,0.0000000000e+00,0.0000000000e+00,0.0000000000e+00,0.0000000000e+00
4.1246263829e+03,3.3903628901e-03,3.3903628901e-03,3.3903628901e-03,3.3903628901e-03,3.3903628901e-03,3.3903628901e-03,3.3903628901e-03,3.3903628901e-03,3.3903628901e-03,3.3903628901e-03,3.3903628901e-03,3.3903628901e-03,3.3903628901e-03,3.3903628901e-03,3.3903628901e-03,3.3903628901e-03,3.3903628901e-03,3.3903628901e-03,3.3903628901e-03,3.3903628901e-03,3.3903628901e-03,3.3903628901e-03,3.3903628901e-03,3.3903628901e-03,3.3903628901e-03,3.3903628901e-03,3.3903628901e-03,3.3903628901e-03,3.3903628901e-03,3.3903628901e-03,3.3903628901e-03,3.3903628901e-03,3.3903628901e-03,3.3903628901e-03,3.3903628901e-03,3.3903628901e-03,3.3903628901e-03,3.3903628901e-03,3.3903628901e-03,3.3903628901e-03,3.3903628901e-03,3.3903628901e-03,3.3903628901e-03,3.3903628901e-03,3.3903628901e-03,3.3903628901e-03,3.3903628901e-03,3.3903628901e-03,3.3903628901e-03,3.3903628901e-03,3.3903628901e-03,3.3903628901e-03,3.3903628901e-03,3.3903628901e-03,3.3903628901e-03,3.3903628901e-03,3.3903628901e-03,3.3903628901e-03,3.3903628901e-03,3.3903628901e-03,3.3903628901e-03,3.3903628901e-03,3.3903628901e-03,3.3903628901e-03,3.3903628901e-03,3.3903628901e-03,3.3903628901e-03,3.3903628901e-03,3.3903628901e-03,3.3903628901e-03,3.3903628901e-03,3.3903628901e-03,3.3903628901e-03,3.3903628901e-03,3.3903628901e-03,3.3903628901e-03,3.3903628901e-03,3.3903628901e-03,3.3903628901e-03,3.3903628901e-03,3.3903628901e-03,3.3903628901e-03,3.3903628901e-03,3.3903628901e-03,3.3903628901e-03,3.3903628901e-03,3.3903628901e-03,3.3903628901e-03,3.3903628901e-03,3.3903628901e-03,3.3903628901e-03,3.3903628901e-03,3.3903628901e-03,3.3903628901e-03,3.3903628901e-03,3.3903628901e-03,3.3903628901e-03,3.3903628901e-03,3.3903628901e-03,3.3903628901e-03,3.3903628901e-03,3.3903628901e-03,3.3903628901e-03,3.3903628901e-03,3.3903628901e-03,3.3903628901e-03,3.3903628901e-03,3.3903628901e-03,3.3903628901e-03,3.3903628901e-03,3.3903628901e-03,3.3903628901e-03,3.3903628901e-03,3.3903628901e-03,3.3903628901e-03,3.3903628901e-03,3.3903628901e-03,3.3898078715e-03,3.3884599155e-03,3.3869786648e-03,3.3853510061e-03,3.3835625497e-03,3.3815975088e-03,3.3794385671e-03,3.3770667353e-03,3.3744611939e-03,3.3715991240e-03,3.3684555219e-03,3.3650029998e-03,3.3546324297e-03,3.3419771159e-03,3.3281196412e-03,3.3129517881e-03,3.2963568375e-03,3.2718174462e-03,3.2368913699e-03,3.1989256271e-03,3.1577018243e-03,3.0981644543e-03,3.0322426519e-03,2.9581732413e-03,2.8686036627e-03,2.7719289422e-03,2.6598973386e-03,2.5389715162e-03,2.4070947836e-03,2.2641025069e-03,2.1120741959e-03,1.9512063123e-03,1.7825749874e-03,1.6084162921e-03,1.4314189629e-03,1.2547252494e-03,1.0843301753e-03,9.2458278745e-04,7.7842270279e-04,6.4770613006e-04,5.3182993863e-04,4.2963372362e-04,3.4166589002e-04,2.6712790031e-04,2.0481273976e-04,1.5389886883e-04,1.1328570370e-04,8.1697339030e-05,5.7741278968e-05,4.0026142644e-05,2.7221048679e-05,1.8101428260e-05,1.1765786755e-05,7.4778420825e-06,4.6523534077e-06,2.8196183064e-06,1.6780710983e-06,9.7459344451e-07,5.5043278263e-07,2.9863631121e-07,1.4638454800e-07,4.7206643906e-08,0.0000000000e+00,0.0000000000e+00,0.0000000000e+00,0.0000000000e+00,0.0000000000e+00,0.0000000000e+00,0.0000000000e+00,0.0000000000e+00,0.0000000000e+00,0.0000000000e+00,0.0000000000e+00,0.0000000000e+00,0.0000000000e+00,0.0000000000e+00,0.0000000000e+00,0.0000000000e+00,0.0000000000e+00,0.0000000000e+00,0.0000000000e+00,0.0000000000e+00,0.0000000000e+00
4.3113708854e+03,3.1878992892e-03,3.1878992892e-03,3.1878992892e-03,3.1878992892e-03,3.1878992892e-03,3.1878992892e-03,3.1878992892e-03,3.1878992892e-03,3.1878992892e-03,3.1878992892e-03,3.1878992892e-03,3.1878992892e-03,3.1878992892e-03,3.1878992892e-03,3.1878992892e-03,3.1878992892e-03,3.1878992892e-03,3.1878992892e-03,3.1878992892e-03,3.1878992892e-03,3.1878992892e-03,3.1878992892e-03,3.1878992892e-03,3.1878992892e-03,3.1878992892e-03,3.1878992892e-03,3.1878992892e-03,3.1878992892e-03,3.1878992892e-03,3.1878992892e-03,3.1878992892e-03,3.1878992892e-03,3.1878992892e-03,3.1878992892e-03,3.1878992892e-03,3.1878992892e-03,3.1878992892e-03,3.1878992892e-03,3.1878992892e-03,3.1878992892e-03,3.1878992892e-03,3.1878992892e-03,3.1878992892e-03,3.1878992892e-03,3.1878992892e-03,3.1878992892e-03,3.1878992892e-03,3.1878992892e-03,3.1878992892e-03,3.1878992892e-03,3.1878992892e-03,3.1878992892e-03,3.1878992892e-03,3.1878992892e-03,3.1878992892e-03,3.1878992892e-03,3.1878992892e-03,3.1878992892e-03,3.1878992892e-03,3.1878992892e-03,3.1878992892e-03,3.1878992892e-03,3.1878992892e-03,3.1878992892e-03,3.1878992892e-03,3.1878992892e-03,3.1878992892e-03,3.1878992892e-03,3.1878992892e-03,3.1878992892e-03,3.1878992892e-03,3.1878992892e-03,3.1878992892e-03,3.1878992892e-03,3.1878992892e-03,3.1878992892e-03,3.1878992892e-03,3.1878992892e-03,3.1878992892e-03,3.1878992892e-03,3.1878992892e-03,3.1878992892e-03,3.1878992892e-03,3.1878992892e-03,3.1878992892e-03,3.1878992892e-03,3.1878992892e-03,3.1878992892e-03,3.1878992892e-03,3.1878992892e-03,3.1878992892e-03,3.1878992892e-03,3.1878992892e-03,3.1878992892e-03,3.1878992892e-03,3.1878992892e-03,3.1878992892e-03,3.1878992892e-03,3.1878992892e-03,3.1878992892e-03,3.1878992892e-03,3.1878992892e-03,3.1878992892e-03,3.1878992892e-03,3.1878992892e-03,3.1878992892e-03,3.1878992892e-03,3.1878992892e-03,3.1878992892e-03,3.1878992892e-03,3.1878992892e-03,3.1878992892e-03,3.1878992892e-03,3.1878992892e-03,3.1878992892e-03,3.1878992892e-03,3.1878992892e-03,3.1878992892e-03,3.1878992892e-03,3.1878992892e-03,3.1878992892e-03,3.1878992892e-03,3.1878992892e-03,3.1853476648e-03,3.1802550099e-03,3.1746658186e-03,3.1685327018e-03,3.1618039603e-03,3.1544232378e-03,3.1463291551e-03,3.1374549277e-03,3.1277279678e-03,3.1170694753e-03,3.1053940200e-03,3.0926091215e-03,3.0568660504e-03,3.0165982488e-03,2.9729418691e-03,2.9256771467e-03,2.8745835506e-03,2.8072642954e-03,2.7247700725e-03,2.6368750768e-03,2.5435164023e-03,2.4295661450e-03,2.3100787389e-03,2.1816063151e-03,2.0411980402e-03,1.8947809557e-03,1.7375564035e-03,1.5757738023e-03,1.4108495991e-03,1.2432679144e-03,1.0815933485e-03,9.2885126505e-04,7.8781083834e-04,6.6063069120e-04,5.4681898576e-04,4.4543732357e-04,3.5750569512e-04,2.8209432167e-04,2.1846291600e-04,1.6587255751e-04,1.2344239406e-04,9.0028073560e-05,6.4378137065e-05,4.5139814778e-05,3.1038650758e-05,2.0853051605e-05,1.3689663289e-05,8.7952398436e-06,5.5527512032e-06,3.4212083380e-06,2.0435502958e-06,1.1707480397e-06,6.2609659599e-07,2.8980874455e-07,8.7307332237e-08,0.0000000000e+00,0.0000000000e+00,0.0000000000e+00,0.0000000000e+00,0.0000000000e+00,0.0000000000e+00,0.0000000000e+00,0.0000000000e+00,0.0000000000e+00,0.0000000000e+00,0.0000000000e+00,0.0000000000e+00,0.0000000000e+00,0.0000000000e+00,0.0000000000e+00,0.0000000000e+00,0.0000000000e+00,0.0000000000e+00,0.0000000000e+00,0.0000000000e+00,0.0000000000e+00,0.0000000000e+00
4.5065703377e+03,2.9800101391e-03,2.9800101391e-03,2.9800101391e-03,2.9800101391e-03,2.9800101391e-03,2.9800101391e-03,2.9800101391e-03,2.9800101391e-03,2.9800101391e-03,2.9800101391e-03,2.9800101391e-03,2.9800101391e-03,2.9800101391e-03,2.9800101391e-03,2.9800101391e-03,2.9800101391e-03,2.9800101391e-03,2.9800101391e-03,2.9800101391e-03,2.9800101391e-03,2.9800101391e-03,2.9800101391e-03,2.9800101391e-03,2.9800101391e-03,2.9800101391e-03,2.9800101391e-03,2.9800101391e-03,2.9800101391e-03,2.9800101391e-03,2.9800101391e-03,2.9800101391e-03,2.9800101391e-03,2.9800101391e-03,2.9800101391e-03,2.9800101391e-03,2.9800101391e-03,2.9800101391e-03,2.9800101391e-03,2.9800101391e-03,2.9800101391e-03,2.9800101391e-03,2.9800101391e-03,2.9800101391e-03,2.9800101391e-03,2.9800101391e-03,2.9800101391e-03,2.9800101391e-03,2.9800101391e-03,2.9800101391e-03,2.9800101391e-03,2.9800101391e-03,2.9800101391e-03,2.9800101391e-03,2.9800101391e-03,2.9800101391e-03,2.9800101391e-03,2.9800101391e-03,2.9800101391e-03,2.9800101391e-03,2.9800101391e-03,2.9800101391e-03,2.9800101391e-03,2.9800101391e-03,2.9800101391e-03,2.9800101391e-03,2.9800101391e-03,2.9800101391e-03,2.9800101391e-03,2.9800101391e-03,2.9800101391e-03,2.9800101391e-03,2.9800101391e-03,2.9800101391e-03,2.9800101391e-03,2.9800101391e-03,2.9800101391e-03,2.9800101391e-03,2.9800101391e-03,2.9800101391e-03,2.9800101391e-03,2.9800101391e-03,2.9800101391e-03,2.9800101391e-03,2.9800101391e-03,2.9800101391e-03,2.9800101391e-03,2.9800101391e-03,2.9800101391e-03,2.9800101391e-03,2.9800101391e-03,2.9800101391e-03,2.9800101391e-03,2.9800101391e-03,2.9800101391e-03,2.9800101391e-03,2.9800101391e-03,2.9800101391e-03,2.9800101391e-03,2.9800101391e-03,2.9800101391e-03,2.9800101391e-03,2.9800101391e-03,2.9800101391e-03,2.9800101391e-03,2.9800101391e-03,2.9800101391e-03,2.9800101391e-03,2.9800101391e-03,2.9800101391e-03,2.9800101391e-03,2.9800101391e-03,2.9800101391e-03,2.9800101391e-03,2.9800101391e-03,2.9800101391e-03,2.9800101391e-03,2.9800101391e-03,2.9796556164e-03,2.9787945321e-03,2.9778481904e-03,2.9768081810e-03,2.9756652706e-03,2.9744093239e-03,2.9730292163e-03,2.9715127406e-03,2.9698465026e-03,2.9680158099e-03,2.9660045486e-03,2.9637950506e-03,2.9561498101e-03,2.9467429025e-03,2.9364360016e-03,2.9251467543e-03,2.9127860508e-03,2.8942233871e-03,2.8675172471e-03,2.8384422565e-03,2.8068188771e-03,2.7605460343e-03,2.7091345959e-03,2.6510537071e-03,2.5801295083e-03,2.5032124423e-03,2.4131699144e-03,2.3152938560e-03,2.2076089750e-03,2.0896801115e-03,1.9631124189e-03,1.8278010122e-03,1.6843914221e-03,1.5345310917e-03,1.3803152759e-03,1.2243282083e-03,1.0717444741e-03,9.2653103718e-04,7.9152829924e-04,6.6875520245e-04,5.5800828789e-04,4.5856234960e-04,3.7132142018e-04,2.9591214402e-04,2.3154067512e-04,1.7778119471e-04,1.3389642537e-04,9.8921014611e-05,7.1707286704e-05,5.1040026223e-05,3.5685186279e-05,2.4437622433e-05,1.6394156705e-05,1.0784956931e-05,6.9682124131e-06,4.3923369631e-06,2.7035582996e-06,1.6282038956e-06,9.5974624015e-07,5.5292509719e-07,3.0549860886e-07,1.5185910386e-07,5.0955991004e-08,0.0000000000e+00,0.0000000000e+00,0.0000000000e+00,0.0000000000e+00,0.0000000000e+00,0.0000000000e+00,0.0000000000e+00,0.0000000000e+00,0.0000000000e+00,0.0000000000e+00,0.0000000000e+00,0.0000000000e+00,0.0000000000e+00,0.0000000000e+00,0.0000000000e+00,0.0000000000e+00,0.0000000000e+00,0.0000000000e+00,0.0000000000e+00,0.0000000000e+00
4.7106075420e+03,2.7932737429e-03,2.7932737429e-03,2.7932737429e-03,2.7932737429e-03,2.7932737429e-03,2.7932737429e-03,2.7932737429e-03,2.7932737429e-03,2.7932737429e-03,2.7932737429e-03,2.7932737429e-03,2.7932737429e-03,2.7932737429e-03,2.7932737429e-03,2.7932737429e-03,2.7932737429e-03,2.7932737429e-03,2.7932737429e-03,2.7932737429e-03,2.7932737429e-03,2.7932737429e-03,2.7932737429e-03,2.7932737429e-03,2.7932737429e-03,2.7932737429e-03,2.7932737429e-03,2.7932737429e-03,2.7932737429e-03,2.7932737429e-03,2.7932737429e-03,2.7932737429e-03,2.7932737429e-03,2.7932737429e-03,2.7932737429e-03,2.7932737429e-03,2.7932737429e-03,2.7932737429e-03,2.7932737429e-03,2.7932737429e-03,2.7932737429e-03,2.7932737429e-03,2.7932737429e-03,2.7932737429e-03,2.7932737429e-03,2.7932737429e-03,2.7932737429e-03,2.7932737429e-03,2.7932737429e-03,2.7932737429e-03,2.7932737429e-03,2.7932737429e-03,2.7932737429e-03,2.7932737429e-03,2.7932737429e-03,2.7932737429e-03,2.7932737429e-03,2.7932737429e-03,2.7932737429e-03,2.7932737429e-03,2.7932737429e-03,2.7932737429e-03,2.7932737429e-03,2.7932737429e-03,2.7932737429e-03,2.7932737429e-03,2.7932737429e-03,2.7932737429e-03,2.7932737429e-03,2.7932737429e-03,2.7932737429e-03,2.7932737429e-03,2.7932737429e-03,2.7932737429e-03,2.7932737429e-03,2.7932737429e-03,2.7932737429e-03,2.7932737429e-03,2.7932737429e-03,2.7932737429e-03,2.7932737429e-03,2.7932737429e-03,2.7932737429e-03,2.7932737429e-03,2.7932737429e-03,2.7932737429e-03,2.7932737429e-03,2.7932737429e-03,2.7932737429e-03,2.7932737429e-03,2.7932737429e-03,2.7932737429e-03,2.7932737429e-03,2.7932737429e-03,2.7932737429e-03,2.7932737429e-03,2.7932737429e-03,2.7932737429e-03,2.7932737429e-03,2.7932737429e-03,2.7932737429e-03,2.7932737429e-03,2.7932737429e-03,2.7932737429e-03,2.7932737429e-03,2.7932737429e-03,2.7932737429e-03,2.7932737429e-03,2.7932737429e-03,2.7932737429e-03,2.7932737429e-03,2.7932737429e-03,2.7932737429e-03,2.7932737429e-03,2.7932737429e-03,2.7932737429e-03,2.7932737429e-03,2.7932737429e-03,2.7932737429e-03,2.7932737429e-03,2.7922674833e-03,2.7911236993e-03,2.7898668263e-03,2.7884857421e-03,2.7869682425e-03,2.7853009393e-03,2.7834691485e-03,2.7814567679e-03,2.7792461456e-03,2.7768179357e-03,2.7741509426e-03,2.7685130765e-03,2.7574270331e-03,2.7452908629e-03,2.7320106498e-03,2.7174852307e-03,2.7016058810e-03,2.6715269886e-03,2.6384781646e-03,2.6026176819e-03,2.5584763230e-03,2.5033372102e-03,2.4440905815e-03,2.3726776939e-03,2.2941456603e-03,2.2054894034e-03,2.1090819016e-03,2.0019809203e-03,1.8871899943e-03,1.7640552431e-03,1.6319983493e-03,1.4934620728e-03,1.3502056801e-03,1.2042808740e-03,1.0606253885e-03,9.2299747431e-04,7.9386787842e-04,6.7572539136e-04,5.6810023003e-04,4.7069480009e-04,3.8442496883e-04,3.0913247144e-04,2.4423541459e-04,1.8945582406e-04,1.4424210574e-04,1.0778948659e-04,7.9069725040e-05,5.6985030927e-05,4.0360941098e-05,2.8020876928e-05,1.9072250922e-05,1.2742236467e-05,8.3680259065e-06,5.3621565954e-06,3.3441827340e-06,2.0430900477e-06,1.2273304813e-06,7.2401838128e-07,4.1523629628e-07,2.2469059370e-07,1.0518418118e-07,2.3579310352e-08,0.0000000000e+00,0.0000000000e+00,0.0000000000e+00,0.0000000000e+00,0.0000000000e+00,0.0000000000e+00,0.0000000000e+00,0.0000000000e+00,0.0000000000e+00,0.0000000000e+00,0.0000000000e+00,0.0000000000e+00,0.0000000000e+00,0.0000000000e+00,0.0000000000e+00,0.0000000000e+00,0.0000000000e+00,0.0000000000e+00,0.0000000000e+00
4.9238826317e+03,2.6141576270e-03,2.6141576270e-03,2.6141576270e-03,2.6141576270e-03,2.6141576270e-03,2.6141576270e-03,2.6141576270e-03,2.6141576270e-03,2.6141576270e-03,2.6141576270e-03,2.6141576270e-03,2.6141576270e-03,2.6141576270e-03,2.6141576270e-03,2.6141576270e-03,2.6141576270e-03,2.6141576270e-03,2.6141576270e-03,2.6141576270e-03,2.6141576270e-03,2.6141576270e-03,2.6141576270e-03,2.6141576270e-03,2.6141576270e-03,2.6141576270e-03,2.6141576270e-03,2.6141576270e-03,2.6141576270e-03,2.6141576270e-03,2.6141576270e-03,2.6141576270e-03,2.6141576270e-03,2.6141576270e-03,2.6141576270e-03,2.6141576270e-03,2.6141576270e-03,2.6141576270e-03,2.6141576270e-03,2.6141576270e-03,2.6141576270e-03,2.6141576270e-03,2.6141576270e-03,2.6141576270e-03,2.6141576270e-03,2.6141576270e-03,2.6141576270e-03,2.6141576270e-03,2.6141576270e-03,2.6141576270e-03,2.6141576270e-03,2.6141576270e-03,2.6141576270e-03,2.6141576270e-03,2.6141576270e-03,2.6141576270e-03,2.6141576270e-03,2.6141576270e-03,2.6141576270e-03,2.6141576270e-03,2.6141576270e-03,2.6141576270e-03,2.6141576270e-03,2.6141576270e-03,2.6141576270e-03,2.6141576270e-03,2.6141576270e-03,2.6141576270e-03,2.6141576270e-03,2.6141576270e-03,2.6141576270e-03,2.6141576270e-03,2.6141576270e-03,2.6141576270e-03,2.6141576270e-03,2.6141576270e-03,2.6141576270e-03,2.6141576270e-03,2.6141576270e-03,2.6141576270e-03,2.6141576270e-03,2.6141576270e-03,2.6141576270e-03,2.6141576270e-03,2.6141576270e-03,2.6141576270e-03,2.6141576270e-03,2.6141576270e-03,2.6141576270e-03,2.6141576270e-03,2.6141576270e-03,2.6141576270e-03,2.6141576270e-03,2.6141576270e-03,2.6141576270e-03,2.6141576270e-03,2.6141576270e-03,2.6141576270e-03,2.6141576270e-03,2.6141576270e-03,2.6141576270e-03,2.6141576270e-03,2.6141576270e-03,2.6141576270e-03,2.6141576270e-03,2.6141576270e-03,2.6141576270e-03,2.6141576270e-03,2.6141576270e-03,2.6141576270e-03,2.6141576270e-03,2.6141576270e-03,2.6141576270e-03,2.6141576270e-03,2.6141576270e-03,2.6141576270e-03,2.6141576270e-03,2.6141576270e-03,2.6141576270e-03,2.6141576270e-03,2.6133450303e-03,2.6124213280e-03,2.6114062370e-03,2.6102907566e-03,2.6090650082e-03,2.6077181517e-03,2.6062382937e-03,2.6046123877e-03,2.6028261261e-03,2.6008638213e-03,2.5987082779e-03,2.5939472966e-03,2.5843916854e-03,2.5739273845e-03,2.5624723911e-03,2.5499382168e-03,2.5362295685e-03,2.5099712788e-03,2.4810916946e-03,2.4497263558e-03,2.4109573287e-03,2.3623172071e-03,2.3099765259e-03,2.2465581276e-03,2.1766218913e-03,2.0973134271e-03,2.0107666593e-03,1.9141223904e-03,1.8101047049e-03,1.6979913130e-03,1.5771027927e-03,1.4495857926e-03,1.3169543418e-03,1.1810181592e-03,1.0462931507e-03,9.1631001681e-04,7.9344438360e-04,6.8013694967e-04,5.7607168158e-04,4.8108807589e-04,3.9621049301e-04,3.2143671688e-04,2.5635370228e-04,2.0085148845e-04,1.5454573381e-04,1.1678779127e-04,8.6683545968e-05,6.3243043004e-05,4.5367608070e-05,3.1920915460e-05,2.2035681760e-05,1.4944509245e-05,9.9733261190e-06,6.5057743089e-06,4.1377534007e-06,2.5734663946e-06,1.5722215545e-06,9.4524476995e-07,5.5554310165e-07,3.1330940571e-07,1.6285759368e-07,6.5353148417e-08,0.0000000000e+00,0.0000000000e+00,0.0000000000e+00,0.0000000000e+00,0.0000000000e+00,0.0000000000e+00,0.0000000000e+00,0.0000000000e+00,0.0000000000e+00,0.0000000000e+00,0.0000000000e+00,0.0000000000e+00,0.0000000000e+00,0.0000000000e+00,0.0000000000e+00,0.0000000000e+00,0.0000000000e+00,0.0000000000e+00,0.0000000000e+00
5.1468138568e+03,2.4448205426e-03,2.4448205426e-03,2.4448205426e-03,2.4448205426e-03,2.4448205426e-03,2.4448205426e-03,2.4448205426e-03,2.4448205426e-03,2.4448205426e-03,2.4448205426e-03,2.4448205426e-03,2.4448205426e-03,2.4448205426e-03,2.4448205426e-03,2.4448205426e-03,2.4448205426e-03,2.4448205426e-03,2.4448205426e-03,2.4448205426e-03,2.4448205426e-03,2.4448205426e-03,2.4448205426e-03,2.4448205426e-03,2.4448205426e-03,2.4448205426e-03,2.4448205426e-03,2.4448205426e-03,2.4448205426e-03,2.4448205426e-03,2.4448205426e-03,2.4448205426e-03,2.4448205426e-03,2.4448205426e-03,2.4448205426e-03,2.4448205426e-03,2.4448205426e-03,2.4448205426e-03,2.4448205426e-03,2.4448205426e-03,2.4448205426e-03,2.4448205426e-03,2.4448205426e-03,2.4448205426e-03,2.4448205426e-03,2.4448205426e-03,2.4448205426e-03,2.4448205426e-03,2.4448205426e-03,2.4448205426e-03,2.4448205426e-03,2.4448205426e-03,2.4448205426e-03,2.4448205426e-03,2.4448205426e-03,2.4448205426e-03,2.4448205426e-03,2.4448205426e-03,2.4448205426e-03,2.4448205426e-03,2.4448205426e-03,2.4448205426e-03,2.4448205426e-03,2.4448205426e-03,2.4448205426e-03,2.4448205426e-03,2.4448205426e-03,2.4448205426e-03,2.4448205426e-03,2.4448205426e-03,2.4448205426e-03,2.4448205426e-03,2.4448205426e-03,2.4448205426e-03,2.4448205426e-03,2.4448205426e-03,2.4448205426e-03,2.4448205426e-03,2.4448205426e-03,2.4448205426e-03,2.4448205426e-03,2.4448205426e-03,2.4448205426e-03,2.4448205426e-03,2.4448205426e-03,2.4448205426e-03,2.4448205426e-03,2.4448205426e-03,2.4448205426e-03,2.4448205426e-03,2.4448205426e-03,2.4448205426e-03,2.4448205426e-03,2.4448205426e-03,2.4448205426e-03,2.4448205426e-03,2.4448205426e-03,2.4448205426e-03,2.4448205426e-03,2.4448205426e-03,2.4448205426e-03,2.4448205426e-03,2.4448205426e-03,2.4448205426e-03,2.4448205426e-03,2.4448205426e-03,2.4448205426e-03,2.4448205426e-03,2.4448205426e-03,2.4448205426e-03,2.4448205426e-03,2.4448205426e-03,2.4448205426e-03,2.4448205426e-03,2.4448205426e-03,2.4448205426e-03,2.4448205426e-03,2.4448205426e-03,2.4448205426e-03,2.4448205426e-03,2.4448205426e-03,2.4443020672e-03,2.4431657897e-03,2.4419172378e-03,2.4405453844e-03,2.4390381332e-03,2.4373822177e-03,2.4355630921e-03,2.4335648116e-03,2.4313699031e-03,2.4289592252e-03,2.4263118157e-03,2.4234047281e-03,2.4130307682e-03,2.4007572637e-03,2.3873364700e-03,2.3726689431e-03,2.3566482340e-03,2.3331357818e-03,2.3012555357e-03,2.2667105880e-03,2.2293318642e-03,2.1787103911e-03,2.1237740209e-03,2.0624382690e-03,1.9907930603e-03,1.9136952631e-03,1.8265968769e-03,1.7326091098e-03,1.6308521689e-03,1.5201426648e-03,1.4032697322e-03,1.2809672531e-03,1.1551439991e-03,1.0293053172e-03,9.0699714360e-04,7.9051412989e-04,6.8223191564e-04,5.8204023860e-04,4.8983809665e-04,4.0671243722e-04,3.3280147379e-04,2.6781992551e-04,2.1188302408e-04,1.6470902585e-04,1.2581092790e-04,9.4441291073e-05,6.9713194610e-05,5.0620857920e-05,3.6070462667e-05,2.5237513564e-05,1.7359498363e-05,1.1759209638e-05,7.7950910011e-06,5.0417845010e-06,3.1799511515e-06,1.9629916869e-06,1.2009454125e-06,7.2165114907e-07,4.2101851879e-07,2.3493561644e-07,1.1868563032e-07,4.0488453767e-08,0.0000000000e+00,0.0000000000e+00,0.0000000000e+00,0.0000000000e+00,0.0000000000e+00,0.0000000000e+00,0.0000000000e+00,0.0000000000e+00,0.0000000000e+00,0.0000000000e+00,0.0000000000e+00,0.0000000000e+00,0.0000000000e+00,0.0000000000e+00,0.0000000000e+00,0.0000000000e+00,0.0000000000e+00,0.0000000000e+00
5.3798384034e+03,2.2846057133e-03,2.2846057133e-03,2.2846057133e-03,2.2846057133e-03,2.2846057133e-03,2.2846057133e-03,2.2846057133e-03,2.2846057133e-03,2.2846057133e-03,2.2846057133e-03,2.2846057133e-03,2.2846057133e-03,2.2846057133e-03,2.2846057133e-03,2.2846057133e-03,2.2846057133e-03,2.2846057133e-03,2.2846057133e-03,2.2846057133e-03,2.2846057133e-03,2.2846057133e-03,2.2846057133e-03,2.2846057133e-03,2.2846057133e-03,2.2846057133e-03,2.2846057133e-03,2.2846057133e-03,2.2846057133e-03,2.2846057133e-03,2.2846057133e-03,2.2846057133e-03,2.2846057133e-03,2.2846057133e-03,2.2846057133e-03,2.2846057133e-03,2.2846057133e-03,2.2846057133e-03,2.2846057133e-03,2.2846057133e-03,2.2846057133e-03,2.2846057133e-03,2.2846057133e-03,2.2846057133e-03,2.2846057133e-03,2.2846057133e-03,2.2846057133e-03,2.2846057133e-03,2.2846057133e-03,2.2846057133e-03,2.2846057133e-03,2.2846057133e-03,2.2846057133e-03,2.2846057133e-03,2.2846057133e-03,2.2846057133e-03,2.2846057133e-03,2.2846057133e-03,2.2846057133e-03,2.2846057133e-03,2.2846057133e-03,2.2846057133e-03,2.2846057133e-03,2.2846057133e-03,2.2846057133e-03,2.2846057133e-03,2.2846057133e-03,2.2846057133e-03,2.2846057133e-03,2.2846057133e-03,2.2846057133e-03,2.2846057133e-03,2.2846057133e-03,2.2846057133e-03,2.2846057133e-03,2.2846057133e-03,2.2846057133e-03,2.2846057133e-03,2.2846057133e-03,2.2846057133e-03,2.2846057133e-03,2.2846057133e-03,2.2846057133e-03,2.2846057133e-03,2.2846057133e-03,2.2846057133e-03,2.2846057133e-03,2.2846057133e-03,2.2846057133e-03,2.2846057133e-03,2.2846057133e-03,2.2846057133e-03,2.2846057133e-03,2.2846057133e-03,2.2846057133e-03,2.2846057133e-03,2.2846057133e-03,2.2846057133e-03,2.2846057133e-03,2.2846057133e-03,2.2846057133e-03,2.2846057133e-03,2.2846057133e-03,2.2846057133e-03,2.2846057133e-03,2.2846057133e-03,2.2846057133e-03,2.2846057133e-03,2.2846057133e-03,2.2846057133e-03,2.2846057133e-03,2.2846057133e-03,2.2846057133e-03,2.2846057133e-03,2.2846057133e-03,2.2846057133e-03,2.2846057133e-03,2.2846057133e-03,2.2846057133e-03,2.2846057133e-03,2.2846057133e-03,2.2841817670e-03,2.2832526178e-03,2.2822315982e-03,2.2811096719e-03,2.2798769239e-03,2.2785224769e-03,2.2770344005e-03,2.2753996121e-03,2.2736037695e-03,2.2716311539e-03,2.2694645430e-03,2.2670850740e-03,2.2581538355e-03,2.2475660268e-03,2.2359836458e-03,2.2233194743e-03,2.2094799312e-03,2.1890280013e-03,2.1611745907e-03,2.1309628733e-03,2.0982368960e-03,2.0535982035e-03,2.0050673318e-03,1.9507115936e-03,1.8869094071e-03,1.8180550914e-03,1.7398660038e-03,1.6551612078e-03,1.5630358729e-03,1.4622728000e-03,1.3553615700e-03,1.2428645515e-03,1.1264437942e-03,1.0092740042e-03,8.9462561643e-04,7.8466322435e-04,6.8166557739e-04,5.8562510813e-04,4.9652487253e-04,4.1551355542e-04,3.4283841467e-04,2.7834735351e-04,2.2228783833e-04,1.7452556545e-04,1.3471818347e-04,1.0225276535e-04,7.6358180957e-05,5.6117772320e-05,4.0494143499e-05,2.8707924908e-05,2.0020283374e-05,1.3758711628e-05,9.2641358056e-06,6.0969593274e-06,3.9212315761e-06,2.4697480252e-06,1.5357788787e-06,9.3929039723e-07,5.6014366876e-07,3.2326086762e-07,1.7566756083e-07,7.9694545297e-08,1.0709299929e-08,0.0000000000e+00,0.0000000000e+00,0.0000000000e+00,0.0000000000e+00,0.0000000000e+00,0.0000000000e+00,0.0000000000e+00,0.0000000000e+00,0.0000000000e+00,0.0000000000e+00,0.0000000000e+00,0.0000000000e+00,0.0000000000e+00,0.0000000000e+00,0.0000000000e+00,0.0000000000e+00,0.0000000000e+00
5.6234132519e+03,2.1349991500e-03,2.1349991500e-03,2.1349991500e-03,2.1349991500e-03,2.1349991500e-03,2.1349991500e-03,2.1349991500e-03,2.1349991500e-03,2.1349991500e-03,2.1349991500e-03,2.1349991500e-03,2.1349991500e-03,2.1349991500e-03,2.1349991500e-03,2.1349991500e-03,2.1349991500e-03,2.1349991500e-03,2.1349991500e-03,2.1349991500e-03,2.1349991500e-03,2.1349991500e-03,2.1349991500e-03,2.1349991500e-03,2.1349991500e-03,2.1349991500e-03,2.1349991500e-03,2.1349991500e-03,2.1349991500e-03,2.1349991500e-03,2.1349991500e-03,2.1349991500e-03,2.1349991500e-03,2.1349991500e-03,2.1349991500e-03,2.1349991500e-03,2.1349991500e-03,2.1349991500e-03,2.1349991500e-03,2.1349991500e-03,2.1349991500e-03,2.1349991500e-03,2.1349991500e-03,2.1349991500e-03,2.1349991500e-03,2.1349991500e-03,2.1349991500e-03,2.1349991500e-03,2.1349991500e-03,2.1349991500e-03,2.1349991500e-03,2.1349991500e-03,2.1349991500e-03,2.1349991500e-03,2.1349991500e-03,2.1349991500e-03,2.1349991500e-03,2.1349991500e-03,2.1349991500e-03,2.1349991500e-03,2.1349991500e-03,2.1349991500e-03,2.1349991500e-03,2.1349991500e-03,2.1349991500e-03,2.1349991500e-03,2.1349991500e-03,2.1349991500e-03,2.1349991500e-03,2.1349991500e-03,2.1349991500e-03,2.1349991500e-03,2.1349991500e-03,2.1349991500e-03,2.1349991500e-03,2.1349991500e-03,2.1349991500e-03,2.1349991500e-03,2.1349991500e-03,2.1349991500e-03,2.1349991500e-03,2.1349991500e-03,2.1349991500e-03,2.1349991500e-03,2.1349991500e-03,2.1349991500e-03,2.1349991500e-03,2.1349991500e-03,2.1349991500e-03,2.1349991500e-03,2.1349991500e-03,2.1349991500e-03,2.1349991500e-03,2.1349991500e-03,2.1349991500e-03,2.1349991500e-03,2.1349991500e-03,2.1349991500e-03,2.1349991500e-03,2.1349991500e-03,2.1349991500e-03,2.1349991500e-03,2.1349991500e-03,2.1349991500e-03,2.1349991500e-03,2.1349991500e-03,2.1349991500e-03,2.1349991500e-03,2.1349991500e-03,2.1349991500e-03,2.1349991500e-03,2.1349991500e-03,2.1349991500e-03,2.1349991500e-03,2.1349991500e-03,2.1349991500e-03,2.1349991500e-03,2.1349991500e-03,2.1349991500e-03,2.1349991500e-03,2.1349991500e-03,2.1349991500e-03,2.1349834438e-03,2.1338071176e-03,2.1325146768e-03,2.1310947414e-03,2.1295348331e-03,2.1278212727e-03,2.1259390693e-03,2.1238717989e-03,2.1216014746e-03,2.1191084046e-03,2.1163710402e-03,2.1133658117e-03,2.1066766125e-03,2.0943604024e-03,2.0809037076e-03,2.0662099051e-03,2.0501760445e-03,2.0324603304e-03,2.0022248599e-03,1.9695044188e-03,1.9341500603e-03,1.8917233901e-03,1.8411964081e-03,1.7872057387e-03,1.7236437760e-03,1.6550026095e-03,1.5779823837e-03,1.4954078521e-03,1.4035424052e-03,1.3062509878e-03,1.2034342538e-03,1.0955951109e-03,9.8682965131e-04,8.7971955935e-04,7.7634328067e-04,6.7876560364e-04,5.8711676233e-04,5.0134246673e-04,4.2274657425e-04,3.5162395376e-04,2.8795188794e-04,2.3203330969e-04,1.8394643762e-04,1.4343146616e-04,1.1003558335e-04,8.3082152187e-05,6.1772001555e-05,4.5112577531e-05,3.2382048269e-05,2.2879393719e-05,1.5939842414e-05,1.0890402604e-05,7.2821037048e-06,4.7633995502e-06,3.0478712221e-06,1.9127892509e-06,1.1849703226e-06,7.2145407592e-07,4.2896562562e-07,2.4668649983e-07,1.3118751007e-07,5.5100107080e-08,0.0000000000e+00,0.0000000000e+00,0.0000000000e+00,0.0000000000e+00,0.0000000000e+00,0.0000000000e+00,0.0000000000e+00,0.0000000000e+00,0.0000000000e+00,0.0000000000e+00,0.0000000000e+00,0.0000000000e+00,0.0000000000e+00,0.0000000000e+00,0.0000000000e+00,0.0000000000e+00,0.0000000000e+00
5.8780160723e+03,1.9916765672e-03,1.9916765672e-03,1.9916765672e-03,1.9916765672e-03,1.9916765672e-03,1.9916765672e-03,1.9916765672e-03,1.9916765672e-03,1.9916765672e-03,1.9916765672e-03,1.9916765672e-03,1.9916765672e-03,1.9916765672e-03,1.9916765672e-03,1.9916765672e-03,1.9916765672e-03,1.9916765672e-03,1.9916765672e-03,1.9916765672e-03,1.9916765672e-03,1.9916765672e-03,1.9916765672e-03,1.9916765672e-03,1.9916765672e-03,1.9916765672e-03,1.9916765672e-03,1.9916765672e-03,1.9916765672e-03,1.9916765672e-03,1.9916765672e-03,1.9916765672e-03,1.9916765672e-03,1.9916765672e-03,1.9916765672e-03,1.9916765672e-03,1.9916765672e-03,1.9916765672e-03,1.9916765672e-03,1.9916765672e-03,1.9916765672e-03,1.9916765672e-03,1.9916765672e-03,1.9916765672e-03,1.9916765672e-03,1.9916765672e-03,1.9916765672e-03,1.9916765672e-03,1.9916765672e-03,1.9916765672e-03,1.9916765672e-03,1.9916765672e-03,1.9916765672e-03,1.9916765672e-03,1.9916765672e-03,1.9916765672e-03,1.9916765672e-03,1.9916765672e-03,1.9916765672e-03,1.9916765672e-03,1.9916765672e-03,1.9916765672e-03,1.9916765672e-03,1.9916765672e-03,1.9916765672e-03,1.9916765672e-03,1.9916765672e-03,1.9916765672e-03,1.9916765672e-03,1.9916765672e-03,1.9916765672e-03,1.9916765672e-03,1.9916765672e-03,1.9916765672e-03,1.9916765672e-03,1.9916765672e-03,1.9916765672e-03,1.9916765672e-03,1.9916765672e-03,1.9916765672e-03,1.9916765672e-03,1.9916765672e-03,1.9916765672e-03,1.9916765672e-03,1.9916765672e-03,1.9916765672e-03,1.9916765672e-03,1.9916765672e-03,1.9916765672e-03,1.9916765672e-03,1.9916765672e-03,1.9916765672e-03,1.9916765672e-03,1.9916765672e-03,1.9916765672e-03,1.9916765672e-03,1.9916765672e-03,1.9916765672e-03,1.9916765672e-03,1.9916765672e-03,1.9916765672e-03,1.9916765672e-03,1.9916765672e-03,1.9916765672e-03,1.9916765672e-03,1.9916765672e-03,1.9916765672e-03,1.9916765672e-03,1.9916765672e-03,1.9916765672e-03,1.9916765672e-03,1.9916765672e-03,1.9916765672e-03,1.9916765672e-03,1.9916765672e-03,1.9916765672e-03,1.9916765672e-03,1.9916765672e-03,1.9916765672e-03,1.9916765672e-03,1.9916765672e-03,1.9916765672e-03,1.9916635978e-03,1.9906922142e-03,1.9896248750e-03,1.9884521609e-03,1.9871637409e-03,1.9857482856e-03,1.9841933750e-03,1.9824853962e-03,1.9806094343e-03,1.9785491527e-03,1.9762866648e-03,1.9738023947e-03,1.9681016692e-03,1.9574783222e-03,1.9458657540e-03,1.9331790124e-03,1.9193273317e-03,1.9040078209e-03,1.8775983233e-03,1.8489876783e-03,1.8180375291e-03,1.7807284335e-03,1.7361035943e-03,1.6883348667e-03,1.6317829112e-03,1.5705320034e-03,1.5014691301e-03,1.4271502697e-03,1.3440185471e-03,1.2555734832e-03,1.1616193749e-03,1.0625117319e-03,9.6194937046e-04,8.6228898279e-04,7.6545190414e-04,6.7338654238e-04,5.8627778393e-04,5.0412836558e-04,4.2824198362e-04,3.5898684349e-04,2.9643661831e-04,2.4099147094e-04,1.9284536217e-04,1.5186552594e-04,1.1772442387e-04,8.9861434140e-05,6.7575282256e-05,4.9942266235e-05,3.6297532885e-05,2.5978883259e-05,1.8342223069e-05,1.2710028567e-05,8.6294760320e-06,5.7404547027e-06,3.7431168202e-06,2.3982994380e-06,1.5127781490e-06,9.3660335630e-07,5.6809525523e-07,3.3598261359e-07,1.8860874312e-07,9.3510040545e-08,2.7936302567e-08,0.0000000000e+00,0.0000000000e+00,0.0000000000e+00,0.0000000000e+00,0.0000000000e+00,0.0000000000e+00,0.0000000000e+00,0.0000000000e+00,0.0000000000e+00,0.0000000000e+00,0.0000000000e+00,0.0000000000e+00,0.0000000000e+00,0.0000000000e+00,0.0000000000e+00,0.0000000000e+00
6.1441461614e+03,1.8569673225e-03,1.8569673225e-03,1.8569673225e-03,1.8569673225e-03,1.8569673225e-03,1.8569673225e-03,1.8569673225e-03,1.8569673225e-03,1.8569673225e-03,1.8569673225e-03,1.8569673225e-03,1.8569673225e-03,1.8569673225e-03,1.8569673225e-03,1.8569673225e-03,1.8569673225e-03,1.8569673225e-03,1.8569673225e-03,1.8569673225e-03,1.8569673225e-03,1.8569673225e-03,1.8569673225e-03,1.8569673225e-03,1.8569673225e-03,1.8569673225e-03,1.8569673225e-03,1.8569673225e-03,1.8569673225e-03,1.8569673225e-03,1.8569673225e-03,1.8569673225e-03,1.8569673225e-03,1.8569673225e-03,1.8569673225e-03,1.8569673225e-03,1.8569673225e-03,1.8569673225e-03,1.8569673225e-03,1.8569673225e-03,1.8569673225e-03,1.8569673225e-03,1.8569673225e-03,1.8569673225e-03,1.8569673225e-03,1.8569673225e-03,1.8569673225e-03,1.8569673225e-03,1.8569673225e-03,1.8569673225e-03,1.8569673225e-03,1.8569673225e-03,1.8569673225e-03,1.8569673225e-03,1.8569673225e-03,1.8569673225e-03,1.8569673225e-03,1.8569673225e-03,1.8569673225e-03,1.8569673225e-03,1.8569673225e-03,1.8569673225e-03,1.8569673225e-03,1.8569673225e-03,1.8569673225e-03,1.8569673225e-03,1.8569673225e-03,1.8569673225e-03,1.8569673225e-03,1.8569673225e-03,1.8569673225e-03,1.8569673225e-03,1.8569673225e-03,1.8569673225e-03,1.8569673225e-03,1.8569673225e-03,1.8569673225e-03,1.8569673225e-03,1.8569673225e-03,1.8569673225e-03,1.8569673225e-03,1.8569673225e-03,1.8569673225e-03,1.8569673225e-03,1.8569673225e-03,1.8569673225e-03,1.8569673225e-03,1.8569673225e-03,1.8569673225e-03,1.8569673225e-03,1.8569673225e-03,1.8569673225e-03,1.8569673225e-03,1.8569673225e-03,1.8569673225e-03,1.8569673225e-03,1.8569673225e-03,1.8569673225e-03,1.8569673225e-03,1.8569673225e-03,1.8569673225e-03,1.8569673225e-03,1.8569673225e-03,1.8569673225e-03,1.8569673225e-03,1.8569673225e-03,1.8569673225e-03,1.8569673225e-03,1.8569673225e-03,1.8569673225e-03,1.8569673225e-03,1.8569673225e-03,1.8569673225e-03,1.8569673225e-03,1.8569673225e-03,1.8569673225e-03,1.8569673225e-03,1.8569673225e-03,1.8569673225e-03,1.8569673225e-03,1.8569673225e-03,1.8569673225e-03,1.8569673225e-03,1.8569673225e-03,1.8563038652e-03,1.8549788247e-03,1.8535232390e-03,1.8519243658e-03,1.8501682434e-03,1.8482395802e-03,1.8461216332e-03,1.8437960786e-03,1.8412428715e-03,1.8384400948e-03,1.8353637985e-03,1.8319878263e-03,1.8203115501e-03,1.8070256778e-03,1.7925317873e-03,1.7767321119e-03,1.7595234664e-03,1.7355887432e-03,1.7051901523e-03,1.6723856417e-03,1.6370499437e-03,1.5912398421e-03,1.5423044679e-03,1.4879710927e-03,1.4260134633e-03,1.3593849254e-03,1.2845287581e-03,1.2043659842e-03,1.1189770168e-03,1.0277157362e-03,9.3515084345e-04,8.4282808467e-04,7.5251655376e-04,6.6597688374e-04,5.8349855651e-04,5.0509056863e-04,4.3218859970e-04,3.6502322199e-04,3.0387463225e-04,2.4917008525e-04,2.0119340151e-04,1.5995246457e-04,1.2525247740e-04,9.6619980973e-05,7.3445253596e-05,5.4897028119e-05,4.0373763169e-05,2.9248755755e-05,2.0910347733e-05,1.4683455226e-05,1.0113060539e-05,6.8320709800e-06,4.5294415403e-06,2.9509517518e-06,1.8822955943e-06,1.1735673236e-06,7.2509704298e-07,4.4011220421e-07,2.5856683725e-07,1.4329657958e-07,6.8684673585e-08,1.6088587610e-08,0.0000000000e+00,0.0000000000e+00,0.0000000000e+00,0.0000000000e+00,0.0000000000e+00,0.0000000000e+00,0.0000000000e+00,0.0000000000e+00,0.0000000000e+00,0.0000000000e+00,0.0000000000e+00,0.0000000000e+00,0.0000000000e+00,0.0000000000e+00,0.0000000000e+00
6.4223254222e+03,1.7292671825e-03,1.7292671825e-03,1.7292671825e-03,1.7292671825e-03,1.7292671825e-03,1.7292671825e-03,1.7292671825e-03,1.7292671825e-03,1.7292671825e-03,1.7292671825e-03,1.7292671825e-03,1.7292671825e-03,1.7292671825e-03,1.7292671825e-03,1.7292671825e-03,1.7292671825e-03,1.7292671825e-03,1.7292671825e-03,1.7292671825e-03,1.7292671825e-03,1.7292671825e-03,1.7292671825e-03,1.7292671825e-03,1.7292671825e-03,1.7292671825e-03,1.7292671825e-03,1.7292671825e-03,1.7292671825e-03,1.7292671825e-03,1.7292671825e-03,1.7292671825e-03,1.7292671825e-03,1.7292671825e-03,1.7292671825e-03,1.7292671825e-03,1.7292671825e-03,1.7292671825e-03,1.7292671825e-03,1.7292671825e-03,1.7292671825e-03,1.7292671825e-03,1.7292671825e-03,1.7292671825e-03,1.7292671825e-03,1.7292671825e-03,1.7292671825e-03,1.7292671825e-03,1.7292671825e-03,1.7292671825e-03,1.7292671825e-03,1.7292671825e-03,1.7292671825e-03,1.7292671825e-03,1.7292671825e-03,1.7292671825e-03,1.7292671825e-03,1.7292671825e-03,1.7292671825e-03,1.7292671825e-03,1.7292671825e-03,1.7292671825e-03,1.7292671825e-03,1.7292671825e-03,1.7292671825e-03,1.7292671825e-03,1.7292671825e-03,1.7292671825e-03,1.7292671825e-03,1.7292671825e-03,1.7292671825e-03,1.7292671825e-03,1.7292671825e-03,1.7292671825e-03,1.7292671825e-03,1.7292671825e-03,1.7292671825e-03,1.7292671825e-03,1.7292671825e-03,1.7292671825e-03,1.7292671825e-03,1.7292671825e-03,1.7292671825e-03,1.7292671825e-03,1.7292671825e-03,1.7292671825e-03,1.7292671825e-03,1.7292671825e-03,1.7292671825e-03,1.7292671825e-03,1.7292671825e-03,1.7292671825e-03,1.7292671825e-03,1.7292671825e-03,1.7292671825e-03,1.7292671825e-03,1.7292671825e-03,1.7292671825e-03,1.7292671825e-03,1.7292671825e-03,1.7292671825e-03,1.7292671825e-03,1.7292671825e-03,1.7292671825e-03,1.7292671825e-03,1.7292671825e-03,1.7292671825e-03,1.7292671825e-03,1.7292671825e-03,1.7292671825e-03,1.7292671825e-03,1.7292671825e-03,1.7292671825e-03,1.7292671825e-03,1.7292671825e-03,1.7292671825e-03,1.7292671825e-03,1.7292671825e-03,1.7292671825e-03,1.7292671825e-03,1.7292671825e-03,1.7292671825e-03,1.7292671825e-03,1.7292671825e-03,1.7287148490e-03,1.7276116795e-03,1.7263997276e-03,1.7250683551e-03,1.7236059017e-03,1.7219995911e-03,1.7202354285e-03,1.7182980901e-03,1.7161708038e-03,1.7138352206e-03,1.7112712759e-03,1.7084570413e-03,1.6983942672e-03,1.6869314140e-03,1.6744190362e-03,1.6607706812e-03,1.6458947675e-03,1.6250615372e-03,1.5984894654e-03,1.5697786927e-03,1.5388103537e-03,1.4983667697e-03,1.4550833951e-03,1.4068525284e-03,1.3515862713e-03,1.2919562474e-03,1.2246189168e-03,1.1521910909e-03,1.0746681345e-03,9.9134371699e-04,9.0636088410e-04,8.2108942123e-04,7.3713870606e-04,6.5614705462e-04,5.7841212134e-04,5.0397603042e-04,4.3422588951e-04,3.6945015363e-04,3.0997474001e-04,2.5629663824e-04,2.0878240889e-04,1.6754094860e-04,1.3248609396e-04,1.0325349827e-04,7.9331554804e-05,5.9966703420e-05,4.4623937145e-05,3.2725498621e-05,2.3691966574e-05,1.6856859364e-05,1.1772489691e-05,8.0722159636e-06,5.4388685832e-06,3.6077575518e-06,2.3487180495e-06,1.4957027648e-06,9.3932861325e-07,5.8059044557e-07,3.4942398600e-07,2.0181119054e-07,1.0725167460e-07,4.3709478747e-08,0.0000000000e+00,0.0000000000e+00,0.0000000000e+00,0.0000000000e+00,0.0000000000e+00,0.0000000000e+00,0.0000000000e+00,0.0000000000e+00,0.0000000000e+00,0.0000000000e+00,0.0000000000e+00,0.0000000000e+00,0.0000000000e+00,0.0000000000e+00,0.0000000000e+00
6.7130993868e+03,1.6087205354e-03,1.6087205354e-03,1.6087205354e-03,1.6087205354e-03,1.6087205354e-03,1.6087205354e-03,1.6087205354e-03,1.6087205354e-03,1.6087205354e-03,1.6087205354e-03,1.6087205354e-03,1.6087205354e-03,1.6087205354e-03,1.6087205354e-03,1.6087205354e-03,1.6087205354e-03,1.6087205354e-03,1.6087205354e-03,1.6087205354e-03,1.6087205354e-03,1.6087205354e-03,1.6087205354e-03,1.6087205354e-03,1.6087205354e-03,1.6087205354e-03,1.6087205354e-03,1.6087205354e-03,1.6087205354e-03,1.6087205354e-03,1.6087205354e-03,1.6087205354e-03,1.6087205354e-03,1.6087205354e-03,1.6087205354e-03,1.6087205354e-03,1.6087205354e-03,1.6087205354e-03,1.6087205354e-03,1.6087205354e-03,1.6087205354e-03,1.6087205354e-03,1.6087205354e-03,1.6087205354e-03,1.6087205354e-03,1.6087205354e-03,1.6087205354e-03,1.6087205354e-03,1.6087205354e-03,1.6087205354e-03,1.6087205354e-03,1.6087205354e-03,1.6087205354e-03,1.6087205354e-03,1.6087205354e-03,1.6087205354e-03,1.6087205354e-03,1.6087205354e-03,1.6087205354e-03,1.6087205354e-03,1.6087205354e-03,1.6087205354e-03,1.6087205354e-03,1.6087205354e-03,1.6087205354e-03,1.6087205354e-03,1.6087205354e-03,1.6087205354e-03,1.6087205354e-03,1.6087205354e-03,1.6087205354e-03,1.6087205354e-03,1.6087205354e-03,1.6087205354e-03,1.6087205354e-03,1.6087205354e-03,1.6087205354e-03,1.6087205354e-03,1.6087205354e-03,1.6087205354e-03,1.6087205354e-03,1.6087205354e-03,1.6087205354e-03,1.6087205354e-03,1.6087205354e-03,1.6087205354e-03,1.6087205354e-03,1.6087205354e-03,1.6087205354e-03,1.6087205354e-03,1.6087205354e-03,1.6087205354e-03,1.6087205354e-03,1.6087205354e-03,1.6087205354e-03,1.6087205354e-03,1.6087205354e-03,1.6087205354e-03,1.6087205354e-03,1.6087205354e-03,1.6087205354e-03,1.6087205354e-03,1.6087205354e-03,1.6087205354e-03,1.6087205354e-03,1.6087205354e-03,1.6087205354e-03,1.6087205354e-03,1.6087205354e-03,1.6087205354e-03,1.6087205354e-03,1.6087205354e-03,1.6087205354e-03,1.6087205354e-03,1.6087205354e-03,1.6087205354e-03,1.6087205354e-03,1.6087205354e-03,1.6087205354e-03,1.6087205354e-03,1.6087205354e-03,1.6087205354e-03,1.6087205354e-03,1.6087205354e-03,1.6082624953e-03,1.6073476094e-03,1.6063424345e-03,1.6052381256e-03,1.6040249847e-03,1.6026923819e-03,1.6012286688e-03,1.5996210852e-03,1.5978556581e-03,1.5959170924e-03,1.5937886531e-03,1.5914520389e-03,1.5827980166e-03,1.5729290092e-03,1.5621505558e-03,1.5503865241e-03,1.5375559952e-03,1.5194626692e-03,1.4962882725e-03,1.4712192649e-03,1.4441441699e-03,1.4085270668e-03,1.3703414049e-03,1.3276417101e-03,1.2784806398e-03,1.2252676644e-03,1.1648754521e-03,1.0996406054e-03,1.0294887268e-03,9.5366974168e-04,8.7592529124e-04,7.9745913917e-04,7.1972399188e-04,6.4423160919e-04,5.7127671040e-04,5.0092249721e-04,4.3449401005e-04,3.7232177185e-04,3.1476218221e-04,2.6236520142e-04,2.1556435876e-04,1.7455604509e-04,1.3935212863e-04,1.0969107554e-04,8.5156831066e-05,6.5075195403e-05,4.8980325201e-05,3.6348025266e-05,2.6636766257e-05,1.9194679791e-05,1.3586396130e-05,9.4500589999e-06,6.4659676550e-06,4.3616672336e-06,2.8926390328e-06,1.8773189938e-06,1.1975006565e-06,7.5298230439e-07,4.6316780516e-07,2.7673586130e-07,1.5788307098e-07,8.0759278803e-08,2.6659693035e-08,0.0000000000e+00,0.0000000000e+00,0.0000000000e+00,0.0000000000e+00,0.0000000000e+00,0.0000000000e+00,0.0000000000e+00,0.0000000000e+00,0.0000000000e+00,0.0000000000e+00,0.0000000000e+00,0.0000000000e+00,0.0000000000e+00,0.0000000000e+00
7.0170382867e+03,1.4965867551e-03,1.4965867551e-03,1.4965867551e-03,1.4965867551e-03,1.4965867551e-03,1.4965867551e-03,1.4965867551e-03,1.4965867551e-03,1.4965867551e-03,1.4965867551e-03,1.4965867551e-03,1.4965867551e-03,1.4965867551e-03,1.4965867551e-03,1.4965867551e-03,1.4965867551e-03,1.4965867551e-03,1.4965867551e-03,1.4965867551e-03,1.4965867551e-03,1.4965867551e-03,1.4965867551e-03,1.4965867551e-03,1.4965867551e-03,1.4965867551e-03,1.4965867551e-03,1.4965867551e-03,1.4965867551e-03,1.4965867551e-03,1.4965867551e-03,1.4965867551e-03,1.4965867551e-03,1.4965867551e-03,1.4965867551e-03,1.4965867551e-03,1.4965867551e-03,1.4965867551e-03,1.4965867551e-03,1.4965867551e-03,1.4965867551e-03,1.4965867551e-03,1.4965867551e-03,1.4965867551e-03,1.4965867551e-03,1.4965867551e-03,1.4965867551e-03,1.4965867551e-03,1.4965867551e-03,1.4965867551e-03,1.4965867551e-03,1.4965867551e-03,1.4965867551e-03,1.4965867551e-03,1.4965867551e-03,1.4965867551e-03,1.4965867551e-03,1.4965867551e-03,1.4965867551e-03,1.4965867551e-03,1.4965867551e-03,1.4965867551e-03,1.4965867551e-03,1.4965867551e-03,1.4965867551e-03,1.4965867551e-03,1.4965867551e-03,1.4965867551e-03,1.4965867551e-03,1.4965867551e-03,1.4965867551e-03,1.4965867551e-03,1.4965867551e-03,1.4965867551e-03,1.4965867551e-03,1.4965867551e-03,1.4965867551e-03,1.4965867551e-03,1.4965867551e-03,1.4965867551e-03,1.4965867551e-03,1.4965867551e-03,1.4965867551e-03,1.4965867551e-03,1.4965867551e-03,1.4965867551e-03,1.4965867551e-03,1.4965867551e-03,1.4965867551e-03,1.4965867551e-03,1.4965867551e-03,1.4965867551e-03,1.4965867551e-03,1.4965867551e-03,1.4965867551e-03,1.4965867551e-03,1.4965867551e-03,1.4965867551e-03,1.4965867551e-03,1.4965867551e-03,1.4965867551e-03,1.4965867551e-03,1.4965867551e-03,1.4965867551e-03,1.4965867551e-03,1.4965867551e-03,1.4965867551e-03,1.4965867551e-03,1.4965867551e-03,1.4965867551e-03,1.4965867551e-03,1.4965867551e-03,1.4965867551e-03,1.4965867551e-03,1.4965867551e-03,1.4965867551e-03,1.4965867551e-03,1.4965867551e-03,1.4965867551e-03,1.4965867551e-03,1.4965867551e-03,1.4965867551e-03,1.4965867551e-03,1.4965867551e-03,1.4965867551e-03,1.4965175864e-03,1.4953592618e-03,1.4940868977e-03,1.4926893794e-03,1.4911545326e-03,1.4894690270e-03,1.4876182728e-03,1.4855863085e-03,1.4833556807e-03,1.4809073152e-03,1.4782203791e-03,1.4752721339e-03,1.4687627875e-03,1.4576963456e-03,1.4456266976e-03,1.4324732765e-03,1.4181511878e-03,1.4020622804e-03,1.3776336901e-03,1.3512691032e-03,1.3228671797e-03,1.2891677803e-03,1.2501151048e-03,1.2085464994e-03,1.1591763606e-03,1.1064014218e-03,1.0471278386e-03,9.8427358086e-04,9.1530409174e-04,8.4450741661e-04,7.7252564268e-04,7.0070001423e-04,6.3061491221e-04,5.6232994091e-04,4.9615376940e-04,4.3313990670e-04,3.7375614755e-04,3.1829278115e-04,2.6737855474e-04,2.2153258854e-04,1.8098096173e-04,1.4579027894e-04,1.1588300445e-04,9.0856489193e-05,7.0165273119e-05,5.3392797511e-05,4.0074296211e-05,2.9710438988e-05,2.1668320874e-05,1.5532454206e-05,1.0948023465e-05,7.5972347501e-06,5.2008522515e-06,3.5034537018e-06,2.3097138903e-06,1.4917239076e-06,9.5064695708e-07,5.9545847243e-07,3.6446105551e-07,2.1643616312e-07,1.2138238694e-07,5.7774200416e-08,1.1659853865e-08,0.0000000000e+00,0.0000000000e+00,0.0000000000e+00,0.0000000000e+00,0.0000000000e+00,0.0000000000e+00,0.0000000000e+00,0.0000000000e+00,0.0000000000e+00,0.0000000000e+00,0.0000000000e+00,0.0000000000e+00,0.0000000000e+00
7.3347381708e+03,1.3894860616e-03,1.3894860616e-03,1.3894860616e-03,1.3894860616e-03,1.3894860616e-03,1.3894860616e-03,1.3894860616e-03,1.3894860616e-03,1.3894860616e-03,1.3894860616e-03,1.3894860616e-03,1.3894860616e-03,1.3894860616e-03,1.3894860616e-03,1.3894860616e-03,1.3894860616e-03,1.3894860616e-03,1.3894860616e-03,1.3894860616e-03,1.3894860616e-03,1.3894860616e-03,1.3894860616e-03,1.3894860616e-03,1.3894860616e-03,1.3894860616e-03,1.3894860616e-03,1.3894860616e-03,1.3894860616e-03,1.3894860616e-03,1.3894860616e-03,1.3894860616e-03,1.3894860616e-03,1.3894860616e-03,1.3894860616e-03,1.3894860616e-03,1.3894860616e-03,1.3894860616e-03,1.3894860616e-03,1.3894860616e-03,1.3894860616e-03,1.3894860616e-03,1.3894860616e-03,1.3894860616e-03,1.3894860616e-03,1.3894860616e-03,1.3894860616e-03,1.3894860616e-03,1.3894860616e-03,1.3894860616e-03,1.3894860616e-03,1.3894860616e-03,1.3894860616e-03,1.3894860616e-03,1.3894860616e-03,1.3894860616e-03,1.3894860616e-03,1.3894860616e-03,1.3894860616e-03,1.3894860616e-03,1.3894860616e-03,1.3894860616e-03,1.3894860616e-03,1.3894860616e-03,1.3894860616e-03,1.3894860616e-03,1.3894860616e-03,1.3894860616e-03,1.3894860616e-03,1.3894860616e-03,1.3894860616e-03,1.3894860616e-03,1.3894860616e-03,1.3894860616e-03,1.3894860616e-03,1.3894860616e-03,1.3894860616e-03,1.3894860616e-03,1.3894860616e-03,1.3894860616e-03,1.3894860616e-03,1.3894860616e-03,1.3894860616e-03,1.3894860616e-03,1.3894860616e-03,1.3894860616e-03,1.3894860616e-03,1.3894860616e-03,1.3894860616e-03,1.3894860616e-03,1.3894860616e-03,1.3894860616e-03,1.3894860616e-03,1.3894860616e-03,1.3894860616e-03,1.3894860616e-03,1.3894860616e-03,1.3894860616e-03,1.3894860616e-03,1.3894860616e-03,1.3894860616e-03,1.3894860616e-03,1.3894860616e-03,1.3894860616e-03,1.3894860616e-03,1.3894860616e-03,1.3894860616e-03,1.3894860616e-03,1.3894860616e-03,1.3894860616e-03,1.3894860616e-03,1.3894860616e-03,1.3894860616e-03,1.3894860616e-03,1.3894860616e-03,1.3894860616e-03,1.3894860616e-03,1.3894860616e-03,1.3894860616e-03,1.3894860616e-03,1.3894860616e-03,1.3894860616e-03,1.3894860616e-03,1.3894860616e-03,1.3894860616e-03,1.3894282909e-03,1.3884608020e-03,1.3873979750e-03,1.3862304999e-03,1.3849481752e-03,1.3835398264e-03,1.3819932173e-03,1.3802949549e-03,1.3784303861e-03,1.3763834875e-03,1.3741367465e-03,1.3716710341e-03,1.3661112756e-03,1.3565864263e-03,1.3461919434e-03,1.3348567006e-03,1.3225054632e-03,1.3086067348e-03,1.2873139083e-03,1.2643053255e-03,1.2394852173e-03,1.2098962314e-03,1.1754650956e-03,1.1387430028e-03,1.0948842625e-03,1.0478599240e-03,9.9478017393e-04,9.3827547796e-04,8.7592675667e-04,8.1161249771e-04,7.4586191203e-04,6.7986008233e-04,6.1504582939e-04,5.5148792337e-04,4.8947330897e-04,4.2999861165e-04,3.7353230953e-04,3.2038042307e-04,2.7118647850e-04,2.2650608093e-04,1.8662849756e-04,1.5169511283e-04,1.2171251127e-04,9.6365924299e-05,7.5188083980e-05,5.7833013842e-05,4.3895066314e-05,3.2920591921e-05,2.4300307415e-05,1.7639820886e-05,1.2598529213e-05,8.8648478431e-06,6.1587155604e-06,4.2158622105e-06,2.8299135069e-06,1.8638580822e-06,1.2080955865e-06,7.6902417137e-07,4.7995964121e-07,2.9298607587e-07,1.7278976410e-07,9.3920497665e-08,4.0405371281e-08,3.0812415830e-10,0.0000000000e+00,0.0000000000e+00,0.0000000000e+00,0.0000000000e+00,0.0000000000e+00,0.0000000000e+00,0.0000000000e+00,0.0000000000e+00,0.0000000000e+00,0.0000000000e+00,0.0000000000e+00,0.0000000000e+00
7.6668220745e+03,1.2965003919e-03,1.2965003919e-03,1.2965003919e-03,1.2965003919e-03,1.2965003919e-03,1.2965003919e-03,1.2965003919e-03,1.2965003919e-03,1.2965003919e-03,1.2965003919e-03,1.2965003919e-03,1.2965003919e-03,1.2965003919e-03,1.2965003919e-03,1.2965003919e-03,1.2965003919e-03,1.2965003919e-03,1.2965003919e-03,1.2965003919e-03,1.2965003919e-03,1.2965003919e-03,1.2965003919e-03,1.2965003919e-03,1.2965003919e-03,1.2965003919e-03,1.2965003919e-03,1.2965003919e-03,1.2965003919e-03,1.2965003919e-03,1.2965003919e-03,1.2965003919e-03,1.2965003919e-03,1.2965003919e-03,1.2965003919e-03,1.2965003919e-03,1.2965003919e-03,1.2965003919e-03,1.2965003919e-03,1.2965003919e-03,1.2965003919e-03,1.2965003919e-03,1.2965003919e-03,1.2965003919e-03,1.2965003919e-03,1.2965003919e-03,1.2965003919e-03,1.2965003919e-03,1.2965003919e-03,1.2965003919e-03,1.2965003919e-03,1.2965003919e-03,1.2965003919e-03,1.2965003919e-03,1.2965003919e-03,1.2965003919e-03,1.2965003919e-03,1.2965003919e-03,1.2965003919e-03,1.2965003919e-03,1.2965003919e-03,1.2965003919e-03,1.2965003919e-03,1.2965003919e-03,1.2965003919e-03,1.2965003919e-03,1.2965003919e-03,1.2965003919e-03,1.2965003919e-03,1.2965003919e-03,1.2965003919e-03,1.2965003919e-03,1.2965003919e-03,1.2965003919e-03,1.2965003919e-03,1.2965003919e-03,1.2965003919e-03,1.2965003919e-03,1.2965003919e-03,1.2965003919e-03,1.2965003919e-03,1.2965003919e-03,1.2965003919e-03,1.2965003919e-03,1.2965003919e-03,1.2965003919e-03,1.2965003919e-03,1.2965003919e-03,1.2965003919e-03,1.2965003919e-03,1.2965003919e-03,1.2965003919e-03,1.2965003919e-03,1.2965003919e-03,1.2965003919e-03,1.2965003919e-03,1.2965003919e-03,1.2965003919e-03,1.2965003919e-03,1.2965003919e-03,1.2965003919e-03,1.2965003919e-03,1.2965003919e-03,1.2965003919e-03,1.2965003919e-03,1.2965003919e-03,1.2965003919e-03,1.2965003919e-03,1.2965003919e-03,1.2965003919e-03,1.2965003919e-03,1.2965003919e-03,1.2965003919e-03,1.2965003919e-03,1.2965003919e-03,1.2965003919e-03,1.2965003919e-03,1.2965003919e-03,1.2965003919e-03,1.2965003919e-03,1.2965003919e-03,1.2965003919e-03,1.2965003919e-03,1.2965003919e-03,1.2965003919e-03,1.2965003919e-03,1.2965003919e-03,1.2965003919e-03,1.2965003919e-03,1.2965003919e-03,1.2965003919e-03,1.2965003919e-03,1.2965003919e-03,1.2928139351e-03,1.2870034300e-03,1.2806458097e-03,1.2736928244e-03,1.2660926461e-03,1.2577897478e-03,1.2487248140e-03,1.2388346926e-03,1.2280524012e-03,1.2163072005e-03,1.2035247539e-03,1.1886810857e-03,1.1621657901e-03,1.1336983378e-03,1.1032067899e-03,1.0706315465e-03,1.0359289703e-03,9.9231251202e-04,9.4348837508e-04,8.9258131998e-04,8.3913817549e-04,7.8020779079e-04,7.2018731842e-04,6.6005882672e-04,6.0027751601e-04,5.4100870852e-04,4.8294042091e-04,4.2691497202e-04,3.7322755134e-04,3.2236419002e-04,2.7493241216e-04,2.3142713048e-04,1.9224930922e-04,1.5760637112e-04,1.2752521342e-04,1.0190102442e-04,8.0264658520e-05,6.2322559834e-05,4.7746926794e-05,3.6164803870e-05,2.6962298166e-05,1.9770104245e-05,1.4253778010e-05,1.0121922594e-05,7.0873670679e-06,4.8829257437e-06,3.2933416844e-06,2.1777938058e-06,1.4158632233e-06,8.9946926646e-07,5.5355829116e-07,3.2435021162e-07,1.7254007861e-07,7.0820408576e-08,6.4958089937e-09,0.0000000000e+00,0.0000000000e+00,0.0000000000e+00,0.0000000000e+00,0.0000000000e+00,0.0000000000e+00,0.0000000000e+00,0.0000000000e+00,0.0000000000e+00,0.0000000000e+00,0.0000000000e+00,0.0000000000e+00,0.0000000000e+00
8.0139412415e+03,1.2027022345e-03,1.2027022345e-03,1.2027022345e-03,1.2027022345e-03,1.2027022345e-03,1.2027022345e-03,1.2027022345e-03,1.2027022345e-03,1.2027022345e-03,1.2027022345e-03,1.2027022345e-03,1.2027022345e-03,1.2027022345e-03,1.2027022345e-03,1.2027022345e-03,1.2027022345e-03,1.2027022345e-03,1.2027022345e-03,1.2027022345e-03,1.2027022345e-03,1.2027022345e-03,1.2027022345e-03,1.2027022345e-03,1.2027022345e-03,1.2027022345e-03,1.2027022345e-03,1.2027022345e-03,1.2027022345e-03,1.2027022345e-03,1.2027022345e-03,1.2027022345e-03,1.2027022345e-03,1.2027022345e-03,1.2027022345e-03,1.2027022345e-03,1.2027022345e-03,1.2027022345e-03,1.2027022345e-03,1.2027022345e-03,1.2027022345e-03,1.2027022345e-03,1.2027022345e-03,1.2027022345e-03,1.2027022345e-03,1.2027022345e-03,1.2027022345e-03,1.2027022345e-03,1.2027022345e-03,1.2027022345e-03,1.2027022345e-03,1.2027022345e-03,1.2027022345e-03,1.2027022345e-03,1.2027022345e-03,1.2027022345e-03,1.2027022345e-03,1.2027022345e-03,1.2027022345e-03,1.2027022345e-03,1.2027022345e-03,1.2027022345e-03,1.2027022345e-03,1.2027022345e-03,1.2027022345e-03,1.2027022345e-03,1.2027022345e-03,1.2027022345e-03,1.2027022345e-03,1.2027022345e-03,1.2027022345e-03,1.2027022345e-03,1.2027022345e-03,1.2027022345e-03,1.2027022345e-03,1.2027022345e-03,1.2027022345e-03,1.2027022345e-03,1.2027022345e-03,1.2027022345e-03,1.2027022345e-03,1.2027022345e-03,1.2027022345e-03,1.2027022345e-03,1.2027022345e-03,1.2027022345e-03,1.2027022345e-03,1.2027022345e-03,1.2027022345e-03,1.2027022345e-03,1.2027022345e-03,1.2027022345e-03,1.2027022345e-03,1.2027022345e-03,1.2027022345e-03,1.2027022345e-03,1.2027022345e-03,1.2027022345e-03,1.2027022345e-03,1.2027022345e-03,1.2027022345e-03,1.2027022345e-03,1.2027022345e-03,1.2027022345e-03,1.2027022345e-03,1.2027022345e-03,1.2027022345e-03,1.2027022345e-03,1.2027022345e-03,1.2027022345e-03,1.2027022345e-03,1.2027022345e-03,1.2027022345e-03,1.2027022345e-03,1.2027022345e-03,1.2027022345e-03,1.2027022345e-03,1.2027022345e-03,1.2027022345e-03,1.2027022345e-03,1.2027022345e-03,1.2027022345e-03,1.2027022345e-03,1.2027022345e-03,1.2027022345e-03,1.2027022345e-03,1.2027022345e-03,1.2027022345e-03,1.2027022345e-03,1.2027022345e-03,1.2027022345e-03,1.2027022345e-03,1.2027022345e-03,1.2027022345e-03,1.2014340557e-03,1.1950313786e-03,1.1880319927e-03,1.1803845488e-03,1.1720341607e-03,1.1629223524e-03,1.1529870517e-03,1.1421626465e-03,1.1303801167e-03,1.1175672608e-03,1.1036490375e-03,1.0885480451e-03,1.0653861579e-03,1.0360641063e-03,1.0047594494e-03,9.7143521070e-04,9.3607435360e-04,8.9667521922e-04,8.4804771512e-04,7.9762686730e-04,7.4564933863e-04,6.9178072752e-04,6.3673442645e-04,5.8127151369e-04,5.2681737764e-04,4.7282150069e-04,4.2069622005e-04,3.7015158092e-04,3.2190860231e-04,2.7654504635e-04,2.3453421235e-04,1.9636141451e-04,1.6233888772e-04,1.3257664805e-04,1.0696182005e-04,8.5070952607e-05,6.6701349748e-05,5.1683164474e-05,3.9558838401e-05,2.9817168569e-05,2.2116022149e-05,1.6148877512e-05,1.1614760702e-05,8.2464184491e-06,5.7652637444e-06,3.9492953008e-06,2.6497575444e-06,1.7418105937e-06,1.1171670442e-06,6.9955324446e-07,4.2530356677e-07,2.4569521466e-07,1.2588211494e-07,4.5490327900e-08,0.0000000000e+00,0.0000000000e+00,0.0000000000e+00,0.0000000000e+00,0.0000000000e+00,0.0000000000e+00,0.0000000000e+00,0.0000000000e+00,0.0000000000e+00,0.0000000000e+00,0.0000000000e+00,0.0000000000e+00,0.0000000000e+00
8.3767764007e+03,1.1127476216e-03,1.1127476216e-03,1.1127476216e-03,1.1127476216e-03,1.1127476216e-03,1.1127476216e-03,1.1127476216e-03,1.1127476216e-03,1.1127476216e-03,1.1127476216e-03,1.1127476216e-03,1.1127476216e-03,1.1127476216e-03,1.1127476216e-03,1.1127476216e-03,1.1127476216e-03,1.1127476216e-03,1.1127476216e-03,1.1127476216e-03,1.1127476216e-03,1.1127476216e-03,1.1127476216e-03,1.1127476216e-03,1.1127476216e-03,1.1127476216e-03,1.1127476216e-03,1.1127476216e-03,1.1127476216e-03,1.1127476216e-03,1.1127476216e-03,1.1127476216e-03,1.1127476216e-03,1.1127476216e-03,1.1127476216e-03,1.1127476216e-03,1.1127476216e-03,1.1127476216e-03,1.1127476216e-03,1.1127476216e-03,1.1127476216e-03,1.1127476216e-03,1.1127476216e-03,1.1127476216e-03,1.1127476216e-03,1.1127476216e-03,1.1127476216e-03,1.1127476216e-03,1.1127476216e-03,1.1127476216e-03,1.1127476216e-03,1.1127476216e-03,1.1127476216e-03,1.1127476216e-03,1.1127476216e-03,1.1127476216e-03,1.1127476216e-03,1.1127476216e-03,1.1127476216e-03,1.1127476216e-03,1.1127476216e-03,1.1127476216e-03,1.1127476216e-03,1.1127476216e-03,1.1127476216e-03,1.1127476216e-03,1.1127476216e-03,1.1127476216e-03,1.1127476216e-03,1.1127476216e-03,1.1127476216e-03,1.1127476216e-03,1.1127476216e-03,1.1127476216e-03,1.1127476216e-03,1.1127476216e-03,1.1127476216e-03,1.1127476216e-03,1.1127476216e-03,1.1127476216e-03,1.1127476216e-03,1.1127476216e-03,1.1127476216e-03,1.1127476216e-03,1.1127476216e-03,1.1127476216e-03,1.1127476216e-03,1.1127476216e-03,1.1127476216e-03,1.1127476216e-03,1.1127476216e-03,1.1127476216e-03,1.1127476216e-03,1.1127476216e-03,1.1127476216e-03,1.1127476216e-03,1.1127476216e-03,1.1127476216e-03,1.1127476216e-03,1.1127476216e-03,1.1127476216e-03,1.1127476216e-03,1.1127476216e-03,1.1127476216e-03,1.1127476216e-03,1.1127476216e-03,1.1127476216e-03,1.1127476216e-03,1.1127476216e-03,1.1127476216e-03,1.1127476216e-03,1.1127476216e-03,1.1127476216e-03,1.1127476216e-03,1.1127476216e-03,1.1127476216e-03,1.1127476216e-03,1.1127476216e-03,1.1127476216e-03,1.1127476216e-03,1.1127476216e-03,1.1127476216e-03,1.1127476216e-03,1.1127476216e-03,1.1127476216e-03,1.1127476216e-03,1.1127476216e-03,1.1127476216e-03,1.1127476216e-03,1.1127476216e-03,1.1127476216e-03,1.1127476216e-03,1.1127476216e-03,1.1127476216e-03,1.1116613293e-03,1.1061756438e-03,1.1001762137e-03,1.0936183092e-03,1.0864540070e-03,1.0786321121e-03,1.0700981163e-03,1.0607942022e-03,1.0506593069e-03,1.0396292584e-03,1.0276370027e-03,1.0146129402e-03,9.9440974816e-04,9.6870001843e-04,9.4120252633e-04,9.1187314489e-04,8.8068358658e-04,8.4579244932e-04,8.0241670521e-04,7.5729432743e-04,7.1061173618e-04,6.6192136605e-04,6.1189978696e-04,5.6126846770e-04,5.1118373876e-04,4.6126513635e-04,4.1272093689e-04,3.6535308435e-04,3.1979652093e-04,2.7663953666e-04,2.3635601209e-04,1.9944528330e-04,1.6625735820e-04,1.3695804920e-04,1.1150093550e-04,8.9531034340e-05,7.0907041054e-05,5.5518936777e-05,4.2959379756e-05,3.2753262938e-05,2.4589529529e-05,1.8185574657e-05,1.3256788786e-05,9.5468009593e-06,6.7772657875e-06,4.7222824012e-06,3.2303155748e-06,2.1711023571e-06,1.4282431655e-06,9.1987932467e-07,5.7827240601e-07,3.5017750916e-07,1.9611869324e-07,9.2581082365e-08,2.4779531945e-08,0.0000000000e+00,0.0000000000e+00,0.0000000000e+00,0.0000000000e+00,0.0000000000e+00,0.0000000000e+00,0.0000000000e+00,0.0000000000e+00,0.0000000000e+00,0.0000000000e+00,0.0000000000e+00,0.0000000000e+00
8.7560391014e+03,1.0214113248e-03,1.0214113248e-03,1.0214113248e-03,1.0214113248e-03,1.0214113248e-03,1.0214113248e-03,1.0214113248e-03,1.0214113248e-03,1.0214113248e-03,1.0214113248e-03,1.0214113248e-03,1.0214113248e-03,1.0214113248e-03,1.0214113248e-03,1.0214113248e-03,1.0214113248e-03,1.0214113248e-03,1.0214113248e-03,1.0214113248e-03,1.0214113248e-03,1.0214113248e-03,1.0214113248e-03,1.0214113248e-03,1.0214113248e-03,1.0214113248e-03,1.0214113248e-03,1.0214113248e-03,1.0214113248e-03,1.0214113248e-03,1.0214113248e-03,1.0214113248e-03,1.0214113248e-03,1.0214113248e-03,1.0214113248e-03,1.0214113248e-03,1.0214113248e-03,1.0214113248e-03,1.0214113248e-03,1.0214113248e-03,1.0214113248e-03,1.0214113248e-03,1.0214113248e-03,1.0214113248e-03,1.0214113248e-03,1.0214113248e-03,1.0214113248e-03,1.0214113248e-03,1.0214113248e-03,1.0214113248e-03,1.0214113248e-03,1.0214113248e-03,1.0214113248e-03,1.0214113248e-03,1.0214113248e-03,1.0214113248e-03,1.0214113248e-03,1.0214113248e-03,1.0214113248e-03,1.0214113248e-03,1.0214113248e-03,1.0214113248e-03,1.0214113248e-03,1.0214113248e-03,1.0214113248e-03,1.0214113248e-03,1.0214113248e-03,1.0214113248e-03,1.0214113248e-03,1.0214113248e-03,1.0214113248e-03,1.0214113248e-03,1.0214113248e-03,1.0214113248e-03,1.0214113248e-03,1.0214113248e-03,1.0214113248e-03,1.0214113248e-03,1.0214113248e-03,1.0214113248e-03,1.0214113248e-03,1.0214113248e-03,1.0214113248e-03,1.0214113248e-03,1.0214113248e-03,1.0214113248e-03,1.0214113248e-03,1.0214113248e-03,1.0214113248e-03,1.0214113248e-03,1.0214113248e-03,1.0214113248e-03,1.0214113248e-03,1.0214113248e-03,1.0214113248e-03,1.0214113248e-03,1.0214113248e-03,1.0214113248e-03,1.0214113248e-03,1.0214113248e-03,1.0214113248e-03,1.0214113248e-03,1.0214113248e-03,1.0214113248e-03,1.0214113248e-03,1.0214113248e-03,1.0214113248e-03,1.0214113248e-03,1.0214113248e-03,1.0214113248e-03,1.0214113248e-03,1.0214113248e-03,1.0214113248e-03,1.0214113248e-03,1.0214113248e-03,1.0214113248e-03,1.0214113248e-03,1.0214113248e-03,1.0214113248e-03,1.0214113248e-03,1.0214113248e-03,1.0214113248e-03,1.0214113248e-03,1.0214113248e-03,1.0214113248e-03,1.0214113248e-03,1.0214113248e-03,1.0214113248e-03,1.0212907239e-03,1.0201517287e-03,1.0189010453e-03,1.0175278817e-03,1.0160204361e-03,1.0143658099e-03,1.0125499135e-03,1.0105573674e-03,1.0083713956e-03,1.0059737138e-03,1.0033444119e-03,1.0004618307e-03,9.9462077090e-04,9.8558770432e-04,9.7575188388e-04,9.6505215299e-04,9.5342479711e-04,9.4022718494e-04,9.2153605753e-04,9.0141654246e-04,8.7980476603e-04,8.5387479374e-04,8.2410793580e-04,7.9257994331e-04,7.5535668913e-04,7.1607742617e-04,6.7372618615e-04,6.2966343334e-04,5.8443586668e-04,5.3885541807e-04,4.9316992253e-04,4.4732270791e-04,4.0215584765e-04,3.5805661709e-04,3.1533335173e-04,2.7456585962e-04,2.3626943409e-04,2.0094073630e-04,1.6884748547e-04,1.4027937491e-04,1.1519413761e-04,9.3363349501e-05,7.4736762334e-05,5.9114635046e-05,4.6263284976e-05,3.5705976812e-05,2.7149495197e-05,2.0353172269e-05,1.5058664180e-05,1.1020451563e-05,7.9671089754e-06,5.6708827508e-06,3.9774162637e-06,2.7512841457e-06,1.8678465900e-06,1.2429077680e-06,8.1310481076e-07,5.2445955926e-07,3.3068690642e-07,2.0282542145e-07,1.1956247495e-07,6.5216003769e-08,2.7943778348e-08,1.8220739874e-10,0.0000000000e+00,0.0000000000e+00,0.0000000000e+00,0.0000000000e+00,0.0000000000e+00,0.0000000000e+00,0.0000000000e+00,0.0000000000e+00,0.0000000000e+00
9.1524731088e+03,9.4518297020e-04,9.4518297020e-04,9.4518297020e-04,9.4518297020e-04,9.4518297020e-04,9.4518297020e-04,9.4518297020e-04,9.4518297020e-04,9.4518297020e-04,9.4518297020e-04,9.4518297020e-04,9.4518297020e-04,9.4518297020e-04,9.4518297020e-04,9.4518297020e-04,9.4518297020e-04,9.4518297020e-04,9.4518297020e-04,9.4518297020e-04,9.4518297020e-04,9.4518297020e-04,9.4518297020e-04,9.4518297020e-04,9.4518297020e-04,9.4518297020e-04,9.4518297020e-04,9.4518297020e-04,9.4518297020e-04,9.4518297020e-04,9.4518297020e-04,9.4518297020e-04,9.4518297020e-04,9.4518297020e-04,9.4518297020e-04,9.4518297020e-04,9.4518297020e-04,9.4518297020e-04,9.4518297020e-04,9.4518297020e-04,9.4518297020e-04,9.4518297020e-04,9.4518297020e-04,9.4518297020e-04,9.4518297020e-04,9.4518297020e-04,9.4518297020e-04,9.4518297020e-04,9.4518297020e-04,9.4518297020e-04,9.4518297020e-04,9.4518297020e-04,9.4518297020e-04,9.4518297020e-04,9.4518297020e-04,9.4518297020e-04,9.4518297020e-04,9.4518297020e-04,9.4518297020e-04,9.4518297020e-04,9.4518297020e-04,9.4518297020e-04,9.4518297020e-04,9.4518297020e-04,9.4518297020e-04,9.4518297020e-04,9.4518297020e-04,9.4518297020e-04,9.4518297020e-04,9.4518297020e-04,9.4518297020e-04,9.4518297020e-04,9.4518297020e-04,9.4518297020e-04,9.4518297020e-04,9.4518297020e-04,9.4518297020e-04,9.4518297020e-04,9.4518297020e-04,9.4518297020e-04,9.4518297020e-04,9.4518297020e-04,9.4518297020e-04,9.4518297020e-04,9.4518297020e-04,9.4518297020e-04,9.4518297020e-04,9.4518297020e-04,9.4518297020e-04,9.4518297020e-04,9.4518297020e-04,9.4518297020e-04,9.4518297020e-04,9.4518297020e-04,9.4518297020e-04,9.4518297020e-04,9.4518297020e-04,9.4518297020e-04,9.4518297020e-04,9.4518297020e-04,9.4518297020e-04,9.4518297020e-04,9.4518297020e-04,9.4518297020e-04,9.4518297020e-04,9.4518297020e-04,9.4518297020e-04,9.4518297020e-04,9.4518297020e-04,9.4518297020e-04,9.4518297020e-04,9.4518297020e-04,9.4518297020e-04,9.4518297020e-04,9.4518297020e-04,9.4518297020e-04,9.4518297020e-04,9.4518297020e-04,9.4518297020e-04,9.4518297020e-04,9.4518297020e-04,9.4518297020e-04,9.4518297020e-04,9.4518297020e-04,9.4518297020e-04,9.4518297020e-04,9.4518297020e-04,9.4518297020e-04,9.4518297020e-04,9.4518297020e-04,9.4518297020e-04,9.4518297020e-04,9.4518297020e-04,9.4518297020e-04,9.4518297020e-04,9.4518297020e-04,9.4147135458e-04,9.3600435350e-04,9.3003085801e-04,9.2350790576e-04,9.1638970983e-04,9.0862765047e-04,9.0017031411e-04,8.9096359132e-04,8.8095084781e-04,8.7007318440e-04,8.5826980394e-04,8.4428091584e-04,8.2126311062e-04,7.9668208702e-04,7.7050720265e-04,7.4272324583e-04,7.1333380213e-04,6.7811827467e-04,6.3994220766e-04,6.0044891951e-04,5.5991840710e-04,5.1884380597e-04,4.7715708783e-04,4.3526191289e-04,3.9350137998e-04,3.5233977113e-04,3.1222094522e-04,2.7372140430e-04,2.3714201942e-04,2.0318828844e-04,1.7214945986e-04,1.4418819176e-04,1.1936080909e-04,9.7581293138e-05,7.8773893880e-05,6.2906729330e-05,4.9680711834e-05,3.8705096833e-05,2.9709264666e-05,2.2487134690e-05,1.6802624388e-05,1.2415480152e-05,9.0550210093e-06,6.4980302747e-06,4.5900327999e-06,3.1922040075e-06,2.1747629762e-06,1.4507122347e-06,9.5007935105e-07,6.1015795534e-07,3.7817393574e-07,2.2145803994e-07,1.1633571745e-07,4.6533783464e-08,2.3890547949e-09,0.0000000000e+00,0.0000000000e+00,0.0000000000e+00,0.0000000000e+00,0.0000000000e+00,0.0000000000e+00,0.0000000000e+00,0.0000000000e+00,0.0000000000e+00,0.0000000000e+00
9.5668558622e+03,8.6967850196e-04,8.6967850196e-04,8.6967850196e-04,8.6967850196e-04,8.6967850196e-04,8.6967850196e-04,8.6967850196e-04,8.6967850196e-04,8.6967850196e-04,8.6967850196e-04,8.6967850196e-04,8.6967850196e-04,8.6967850196e-04,8.6967850196e-04,8.6967850196e-04,8.6967850196e-04,8.6967850196e-04,8.6967850196e-04,8.6967850196e-04,8.6967850196e-04,8.6967850196e-04,8.6967850196e-04,8.6967850196e-04,8.6967850196e-04,8.6967850196e-04,8.6967850196e-04,8.6967850196e-04,8.6967850196e-04,8.6967850196e-04,8.6967850196e-04,8.6967850196e-04,8.6967850196e-04,8.6967850196e-04,8.6967850196e-04,8.6967850196e-04,8.6967850196e-04,8.6967850196e-04,8.6967850196e-04,8.6967850196e-04,8.6967850196e-04,8.6967850196e-04,8.6967850196e-04,8.6967850196e-04,8.6967850196e-04,8.6967850196e-04,8.6967850196e-04,8.6967850196e-04,8.6967850196e-04,8.6967850196e-04,8.6967850196e-04,8.6967850196e-04,8.6967850196e-04,8.6967850196e-04,8.6967850196e-04,8.6967850196e-04,8.6967850196e-04,8.6967850196e-04,8.6967850196e-04,8.6967850196e-04,8.6967850196e-04,8.6967850196e-04,8.6967850196e-04,8.6967850196e-04,8.6967850196e-04,8.6967850196e-04,8.6967850196e-04,8.6967850196e-04,8.6967850196e-04,8.6967850196e-04,8.6967850196e-04,8.6967850196e-04,8.6967850196e-04,8.6967850196e-04,8.6967850196e-04,8.6967850196e-04,8.6967850196e-04,8.6967850196e-04,8.6967850196e-04,8.6967850196e-04,8.6967850196e-04,8.6967850196e-04,8.6967850196e-04,8.6967850196e-04,8.6967850196e-04,8.6967850196e-04,8.6967850196e-04,8.6967850196e-04,8.6967850196e-04,8.6967850196e-04,8.6967850196e-04,8.6967850196e-04,8.6967850196e-04,8.6967850196e-04,8.6967850196e-04,8.6967850196e-04,8.6967850196e-04,8.6967850196e-04,8.6967850196e-04,8.6967850196e-04,8.6967850196e-04,8.6967850196e-04,8.6967850196e-04,8.6967850196e-04,8.6967850196e-04,8.6967850196e-04,8.6967850196e-04,8.6967850196e-04,8.6967850196e-04,8.6967850196e-04,8.6967850196e-04,8.6967850196e-04,8.6967850196e-04,8.6967850196e-04,8.6967850196e-04,8.6967850196e-04,8.6967850196e-04,8.6967850196e-04,8.6967850196e-04,8.6967850196e-04,8.6967850196e-04,8.6967850196e-04,8.6967850196e-04,8.6967850196e-04,8.6967850196e-04,8.6967850196e-04,8.6967850196e-04,8.6967850196e-04,8.6967850196e-04,8.6967850196e-04,8.6893707723e-04,8.6767851865e-04,8.6629703160e-04,8.6478083833e-04,8.6311708037e-04,8.6129172931e-04,8.5928949250e-04,8.5709371359e-04,8.5468626859e-04,8.5204745767e-04,8.4915589380e-04,8.4581970472e-04,8.3757116519e-04,8.2859596674e-04,8.1884006737e-04,8.0824746333e-04,7.9676058855e-04,7.8147670201e-04,7.6340016821e-04,7.4400994949e-04,7.2286588696e-04,6.9631540746e-04,6.6825119941e-04,6.3747687235e-04,6.0371392617e-04,5.6850416475e-04,5.3184209869e-04,4.9453380082e-04,4.5673656833e-04,4.1834944510e-04,3.8010642149e-04,3.4221326373e-04,3.0500769277e-04,2.6898326537e-04,2.3464100022e-04,2.0244149065e-04,1.7277220774e-04,1.4582031027e-04,1.2174578553e-04,1.0042683878e-04,8.1856880963e-05,6.6006114586e-05,5.2676381783e-05,4.1497327528e-05,3.2239190351e-05,2.4714916676e-05,1.8714015909e-05,1.4025110054e-05,1.0392250194e-05,7.5895368217e-06,5.4686154220e-06,3.8926989854e-06,2.7262384423e-06,1.8764401921e-06,1.2699049079e-06,8.4461174040e-07,5.5004185832e-07,3.5112786797e-07,2.1940950301e-07,1.3345504276e-07,7.6911005950e-08,3.9220995329e-08,1.2719198197e-08,0.0000000000e+00,0.0000000000e+00,0.0000000000e+00,0.0000000000e+00,0.0000000000e+00,0.0000000000e+00,0.0000000000e+00,0.0000000000e+00
1.0000000000e+04,8.0022231259e-04,8.0022231259e-04,8.0022231259e-04,8.0022231259e-04,8.0022231259e-04,8.0022231259e-04,8.0022231259e-04,8.0022231259e-04,8.0022231259e-04,8.0022231259e-04,8.0022231259e-04,8.0022231259e-04,8.0022231259e-04,8.0022231259e-04,8.0022231259e-04,8.0022231259e-04,8.0022231259e-04,8.0022231259e-04,8.0022231259e-04,8.0022231259e-04,8.0022231259e-04,8.0022231259e-04,8.0022231259e-04,8.0022231259e-04,8.0022231259e-04,8.0022231259e-04,8.0022231259e-04,8.0022231259e-04,8.0022231259e-04,8.0022231259e-04,8.0022231259e-04,8.0022231259e-04,8.0022231259e-04,8.0022231259e-04,8.0022231259e-04,8.0022231259e-04,8.0022231259e-04,8.0022231259e-04,8.0022231259e-04,8.0022231259e-04,8.0022231259e-04,8.0022231259e-04,8.0022231259e-04,8.0022231259e-04,8.0022231259e-04,8.0022231259e-04,8.0022231259e-04,8.0022231259e-04,8.0022231259e-04,8.0022231259e-04,8.0022231259e-04,8.0022231259e-04,8.0022231259e-04,8.0022231259e-04,8.0022231259e-04,8.0022231259e-04,8.0022231259e-04,8.0022231259e-04,8.0022231259e-04,8.0022231259e-04,8.0022231259e-04,8.0022231259e-04,8.0022231259e-04,8.0022231259e-04,8.0022231259e-04,8.0022231259e-04,8.0022231259e-04,8.0022231259e-04,8.0022231259e-04,8.0022231259e-04,8.0022231259e-04,8.0022231259e-04,8.0022231259e-04,8.0022231259e-04,8.0022231259e-04,8.0022231259e-04,8.0022231259e-04,8.0022231259e-04,8.0022231259e-04,8.0022231259e-04,8.0022231259e-04,8.0022231259e-04,8.0022231259e-04,8.0022231259e-04,8.0022231259e-04,8.0022231259e-04,8.0022231259e-04,8.0022231259e-04,8.0022231259e-04,8.0022231259e-04,8.0022231259e-04,8.0022231259e-04,8.0022231259e-04,8.0022231259e-04,8.0022231259e-04,8.0022231259e-04,8.0022231259e-04,8.0022231259e-04,8.0022231259e-04,8.0022231259e-04,8.0022231259e-04,8.0022231259e-04,8.0022231259e-04,8.0022231259e-04,8.0022231259e-04,8.0022231259e-04,8.0022231259e-04,8.0022231259e-04,8.0022231259e-04,8.0022231259e-04,8.0022231259e-04,8.0022231259e-04,8.0022231259e-04,8.0022231259e-04,8.0022231259e-04,8.0022231259e-04,8.0022231259e-04,8.0022231259e-04,8.0022231259e-04,8.0022231259e-04,8.0022231259e-04,8.0022231259e-04,8.0022231259e-04,8.0022231259e-04,8.0022231259e-04,8.0022231259e-04,8.0022231259e-04,8.0022231259e-04,8.0022231259e-04,8.0022231259e-04,8.0022231259e-04,8.0022231259e-04,8.0022231259e-04,8.0022231259e-04,8.0022231259e-04,8.0022231259e-04,7.9901784213e-04,7.9407882353e-04,7.8868435937e-04,7.8279625932e-04,7.7637391810e-04,7.6937433396e-04,7.6175217398e-04,7.5345989724e-04,7.4444794904e-04,7.3466504082e-04,7.2405853247e-04,7.1257493531e-04,6.9481660955e-04,6.7299849824e-04,6.4980262331e-04,6.2522384738e-04,5.9927475031e-04,5.7118373160e-04,5.3960934555e-04,5.0690856293e-04,4.7324124000e-04,4.3886932825e-04,4.0398193723e-04,3.6883473562e-04,3.3392934545e-04,2.9935595534e-04,2.6578302116e-04,2.3335527040e-04,2.0281807691e-04,1.7441469847e-04,1.4834781209e-04,1.2483540740e-04,1.0382341813e-04,8.5376959299e-05,6.9465822807e-05,5.5927445147e-05,4.4440981454e-05,3.4870423126e-05,2.6985389686e-05,2.0627872059e-05,1.5607946005e-05,1.1674728438e-05,8.6029219636e-06,6.2530368781e-06,4.4837341405e-06,3.1583295836e-06,2.1828124702e-06,1.4808458592e-06,9.8676035047e-07,6.4229871101e-07,4.0623741161e-07,2.4665491596e-07,1.3960888277e-07,6.7150558611e-08,1.9399488481e-08,0.0000000000e+00,0.0000000000e+00,0.0000000000e+00,0.0000000000e+00,0.0000000000e+00,0.0000000000e+00,0.0000000000e+00,0.0000000000e+00,0.0000000000e+00
