# mechanism-hash,23a06d772827b718
# T_gas_K,300
# grid,log-spaced,2.875e-05,541.829,200
# EEDF f0 [eV^-3/2], normalised int f0 sqrt(eps) deps = 1
# Each row was solved on its OWN uniform grid and RESAMPLED here by
# linear interpolation in log(f0); values beyond a row's own eps_max
# are written as 0 rather than extrapolated.
# First column is E/N [Td]; the header row gives the energies [eV].
EN_Td,2.875e-05,3.1275e-05,3.40217e-05,3.70096e-05,4.026e-05,4.37958e-05,4.76421e-05,5.18263e-05,5.63779e-05,6.13293e-05,6.67155e-05,7.25748e-05,7.89487e-05,8.58823e-05,9.34249e-05,0.00010163,0.000110556,0.000120265,0.000130827,0.000142317,0.000154816,0.000168413,0.000183204,0.000199293,0.000216796,0.000235836,0.000256549,0.00027908,0.00030359,0.000330253,0.000359257,0.000390809,0.000425131,0.000462468,0.000503085,0.000547268,0.000595331,0.000647616,0.000704493,0.000766365,0.000833671,0.000906887,0.000986535,0.00107318,0.00116743,0.00126996,0.00138149,0.00150282,0.0016348,0.00177838,0.00193457,0.00210447,0.00228929,0.00249035,0.00270906,0.00294699,0.00320581,0.00348735,0.00379363,0.0041268,0.00448924,0.00488351,0.0053124,0.00577896,0.00628649,0.0068386,0.0074392,0.00809255,0.00880327,0.00957642,0.0104175,0.0113324,0.0123276,0.0134103,0.0145881,0.0158693,0.017263,0.0187791,0.0204283,0.0222225,0.0241741,0.0262972,0.0286068,0.0311192,0.0338522,0.0368252,0.0400594,0.0435776,0.0474048,0.0515681,0.0560971,0.0610238,0.0663832,0.0722133,0.0785554,0.0854545,0.0929595,0.101124,0.110005,0.119666,0.130176,0.141608,0.154045,0.167574,0.182291,0.198301,0.215716,0.234661,0.255271,0.27769,0.302078,0.328607,0.357467,0.388862,0.423013,0.460165,0.500578,0.544541,0.592366,0.64439,0.700983,0.762547,0.829517,0.90237,0.98162,1.06783,1.16161,1.26363,1.37461,1.49533,1.62666,1.76952,1.92493,2.09399,2.27789,2.47794,2.69557,2.93231,3.18983,3.46998,3.77473,4.10625,4.46688,4.85918,5.28593,5.75017,6.25518,6.80453,7.40214,8.05223,8.75942,9.52871,10.3656,11.2759,12.2662,13.3435,14.5154,15.7902,17.177,18.6855,20.3266,22.1118,24.0537,26.1662,28.4643,30.9641,33.6835,36.6418,39.8598,43.3605,47.1687,51.3112,55.8176,60.7198,66.0525,71.8535,78.164,85.0288,92.4964,100.62,109.457,119.07,129.527,140.903,153.277,166.739,181.383,197.313,214.642,233.492,253.999,276.306,300.573,326.97,355.687,386.925,420.906,457.872,498.085,541.829
1.0000000000e-01,6.8957482367e+01,6.8957482367e+01,6.8957482367e+01,6.8957482367e+01,6.8957482367e+01,6.8957482367e+01,6.8957482367e+01,6.8957482367e+01,6.8957482367e+01,6.8957482367e+01,6.8957482367e+01,6.8957482367e+01,6.8957482367e+01,6.8957482367e+01,6.8957482367e+01,6.8957482367e+01,6.8957482367e+01,6.8957482367e+01,6.8957482367e+01,6.8957482367e+01,6.8957482367e+01,6.8957482367e+01,6.8957482367e+01,6.8957482367e+01,6.8957482367e+01,6.8957482367e+01,6.8957482367e+01,6.8957482367e+01,6.8957482367e+01,6.8957482367e+01,6.8957482367e+01,6.8957482367e+01,6.8957482367e+01,6.8957482367e+01,6.8957482367e+01,6.8957482367e+01,6.8957482367e+01,6.8957482367e+01,6.8957482367e+01,6.8957482367e+01,6.8957482367e+01,6.8957482367e+01,6.8957482367e+01,6.8957482367e+01,6.8957482367e+01,6.8957482367e+01,6.8957482367e+01,6.8957482367e+01,6.8957482367e+01,6.8957482367e+01,6.8957482367e+01,6.8957482367e+01,6.8957482367e+01,6.8957482367e+01,6.8957482367e+01,6.8957482367e+01,6.8957482367e+01,6.8957482367e+01,6.8957482367e+01,6.8957482367e+01,6.8957482367e+01,6.8957482367e+01,6.8957482367e+01,6.8957482367e+01,6.8957482367e+01,6.8957482367e+01,6.8957482367e+01,6.8692059448e+01,6.8224788185e+01,6.7720087807e+01,6.7175301175e+01,6.6587644541e+01,6.5954213594e+01,6.5271992560e+01,6.4537866891e+01,6.3748640177e+01,6.2901055964e+01,6.1991825207e+01,6.1017660158e+01,5.9975315487e+01,5.8414787256e+01,5.6401013981e+01,5.4289136880e+01,5.2081484897e+01,4.9781770281e+01,4.7395248776e+01,4.4637182210e+01,4.1518963004e+01,3.8373738666e+01,3.5222245269e+01,3.1652952757e+01,2.7763540156e+01,2.4073252503e+01,2.0542886774e+01,1.7226656579e+01,1.4343125398e+01,1.2530696581e+01,1.0992998101e+01,1.0614227272e+01,1.0043520016e+01,9.2404553469e+00,8.1798290658e+00,6.9759789407e+00,5.7003804720e+00,4.4390733356e+00,3.2277744282e+00,2.2345808412e+00,1.5324895379e+00,9.6773754178e-01,5.2954831813e-01,2.2493208259e-01,4.3295478842e-02,1.2411372184e-02,2.3431539619e-03,3.6818891890e-04,1.1210365912e-04,0.0000000000e+00,0.0000000000e+00,0.0000000000e+00,0.0000000000e+00,0.0000000000e+00,0.0000000000e+00,0.0000000000e+00,0.0000000000e+00,0.0000000000e+00,0.0000000000e+00,0.0000000000e+00,0.0000000000e+00,0.0000000000e+00,0.0000000000e+00,0.0000000000e+00,0.0000000000e+00,0.0000000000e+00,0.0000000000e+00,0.0000000000e+00,0.0000000000e+00,0.0000000000e+00,0.0000000000e+00,0.0000000000e+00,0.0000000000e+00,0.0000000000e+00,0.0000000000e+00,0.0000000000e+00,0.0000000000e+00,0.0000000000e+00,0.0000000000e+00,0.0000000000e+00,0.0000000000e+00,0.0000000000e+00,0.0000000000e+00,0.0000000000e+00,0.0000000000e+00,0.0000000000e+00,0.0000000000e+00,0.0000000000e+00,0.0000000000e+00,0.0000000000e+00,0.0000000000e+00,0.0000000000e+00,0.0000000000e+00,0.0000000000e+00,0.0000000000e+00,0.0000000000e+00,0.0000000000e+00,0.0000000000e+00,0.0000000000e+00,0.0000000000e+00,0.0000000000e+00,0.0000000000e+00,0.0000000000e+00,0.0000000000e+00,0.0000000000e+00,0.0000000000e+00,0.0000000000e+00,0.0000000000e+00,0.0000000000e+00,0.0000000000e+00,0.0000000000e+00,0.0000000000e+00,0.0000000000e+00,0.0000000000e+00,0.0000000000e+00,0.0000000000e+00,0.0000000000e+00,0.0000000000e+00,0.0000000000e+00,0.0000000000e+00,0.0000000000e+00,0.0000000000e+00,0.0000000000e+00,0.0000000000e+00,0.0000000000e+00,0.0000000000e+00,0.0000000000e+00,0.0000000000e+00,0.0000000000e+00,0.0000000000e+00,0.0000000000e+00,0.0000000000e+00,0.0000000000e+00
1.0510254106e-01,6.2916395665e+01,6.2916395665e+01,6.2916395665e+01,6.2916395665e+01,6.2916395665e+01,6.2916395665e+01,6.2916395665e+01,6.2916395665e+01,6.2916395665e+01,6.2916395665e+01,6.2916395665e+01,6.2916395665e+01,6.2916395665e+01,6.2916395665e+01,6.2916395665e+01,6.2916395665e+01,6.2916395665e+01,6.2916395665e+01,6.2916395665e+01,6.2916395665e+01,6.2916395665e+01,6.2916395665e+01,6.2916395665e+01,6.2916395665e+01,6.2916395665e+01,6.2916395665e+01,6.2916395665e+01,6.2916395665e+01,6.2916395665e+01,6.2916395665e+01,6.2916395665e+01,6.2916395665e+01,6.2916395665e+01,6.2916395665e+01,6.2916395665e+01,6.2916395665e+01,6.2916395665e+01,6.2916395665e+01,6.2916395665e+01,6.2916395665e+01,6.2916395665e+01,6.2916395665e+01,6.2916395665e+01,6.2916395665e+01,6.2916395665e+01,6.2916395665e+01,6.2916395665e+01,6.2916395665e+01,6.2916395665e+01,6.2916395665e+01,6.2916395665e+01,6.2916395665e+01,6.2916395665e+01,6.2916395665e+01,6.2916395665e+01,6.2916395665e+01,6.2916395665e+01,6.2916395665e+01,6.2916395665e+01,6.2916395665e+01,6.2916395665e+01,6.2916395665e+01,6.2916395665e+01,6.2916395665e+01,6.2916395665e+01,6.2916395665e+01,6.2916395665e+01,6.2690000504e+01,6.2291297883e+01,6.1860458326e+01,6.1395163699e+01,6.0892978182e+01,6.0351351884e+01,5.9767626847e+01,5.9139045910e+01,5.8462764948e+01,5.7735869058e+01,5.6955393333e+01,5.6118348887e+01,5.5221754872e+01,5.3872908078e+01,5.2126313965e+01,5.0290568043e+01,4.8366938041e+01,4.6357827776e+01,4.4266924053e+01,4.1842468161e+01,3.9090395316e+01,3.6301774420e+01,3.3493672172e+01,3.0303275962e+01,2.6807794773e+01,2.3461610642e+01,2.0245322431e+01,1.7202511495e+01,1.4526391607e+01,1.2862378861e+01,1.1438151944e+01,1.1130659907e+01,1.0625825802e+01,9.8755187360e+00,8.8323798366e+00,7.6115057441e+00,6.2885061863e+00,4.9573061943e+00,3.6558608449e+00,2.5690359712e+00,1.7861164440e+00,1.1444572473e+00,6.3594092871e-01,2.7491237176e-01,5.4350194427e-02,1.6421557542e-02,3.8570083615e-03,7.7729325347e-04,1.5694943509e-04,0.0000000000e+00,0.0000000000e+00,0.0000000000e+00,0.0000000000e+00,0.0000000000e+00,0.0000000000e+00,0.0000000000e+00,0.0000000000e+00,0.0000000000e+00,0.0000000000e+00,0.0000000000e+00,0.0000000000e+00,0.0000000000e+00,0.0000000000e+00,0.0000000000e+00,0.0000000000e+00,0.0000000000e+00,0.0000000000e+00,0.0000000000e+00,0.0000000000e+00,0.0000000000e+00,0.0000000000e+00,0.0000000000e+00,0.0000000000e+00,0.0000000000e+00,0.0000000000e+00,0.0000000000e+00,0.0000000000e+00,0.0000000000e+00,0.0000000000e+00,0.0000000000e+00,0.0000000000e+00,0.0000000000e+00,0.0000000000e+00,0.0000000000e+00,0.0000000000e+00,0.0000000000e+00,0.0000000000e+00,0.0000000000e+00,0.0000000000e+00,0.0000000000e+00,0.0000000000e+00,0.0000000000e+00,0.0000000000e+00,0.0000000000e+00,0.0000000000e+00,0.0000000000e+00,0.0000000000e+00,0.0000000000e+00,0.0000000000e+00,0.0000000000e+00,0.0000000000e+00,0.0000000000e+00,0.0000000000e+00,0.0000000000e+00,0.0000000000e+00,0.0000000000e+00,0.0000000000e+00,0.0000000000e+00,0.0000000000e+00,0.0000000000e+00,0.0000000000e+00,0.0000000000e+00,0.0000000000e+00,0.0000000000e+00,0.0000000000e+00,0.0000000000e+00,0.0000000000e+00,0.0000000000e+00,0.0000000000e+00,0.0000000000e+00,0.0000000000e+00,0.0000000000e+00,0.0000000000e+00,0.0000000000e+00,0.0000000000e+00,0.0000000000e+00,0.0000000000e+00,0.0000000000e+00,0.0000000000e+00,0.0000000000e+00,0.0000000000e+00,0.0000000000e+00,0.0000000000e+00
1.1046544136e-01,5.7291498337e+01,5.7291498337e+01,5.7291498337e+01,5.7291498337e+01,5.7291498337e+01,5.7291498337e+01,5.7291498337e+01,5.7291498337e+01,5.7291498337e+01,5.7291498337e+01,5.7291498337e+01,5.7291498337e+01,5.7291498337e+01,5.7291498337e+01,5.7291498337e+01,5.7291498337e+01,5.7291498337e+01,5.7291498337e+01,5.7291498337e+01,5.7291498337e+01,5.7291498337e+01,5.7291498337e+01,5.7291498337e+01,5.7291498337e+01,5.7291498337e+01,5.7291498337e+01,5.7291498337e+01,5.7291498337e+01,5.7291498337e+01,5.7291498337e+01,5.7291498337e+01,5.7291498337e+01,5.7291498337e+01,5.7291498337e+01,5.7291498337e+01,5.7291498337e+01,5.7291498337e+01,5.7291498337e+01,5.7291498337e+01,5.7291498337e+01,5.7291498337e+01,5.7291498337e+01,5.7291498337e+01,5.7291498337e+01,5.7291498337e+01,5.7291498337e+01,5.7291498337e+01,5.7291498337e+01,5.7291498337e+01,5.7291498337e+01,5.7291498337e+01,5.7291498337e+01,5.7291498337e+01,5.7291498337e+01,5.7291498337e+01,5.7291498337e+01,5.7291498337e+01,5.7291498337e+01,5.7291498337e+01,5.7291498337e+01,5.7291498337e+01,5.7291498337e+01,5.7291498337e+01,5.7291498337e+01,5.7291498337e+01,5.7291498337e+01,5.7291498337e+01,5.7099164113e+01,5.6760332394e+01,5.6394025776e+01,5.5998232406e+01,5.5570832427e+01,5.5109599742e+01,5.4612205643e+01,5.4076224672e+01,5.3499143157e+01,5.2878370881e+01,5.2211256445e+01,5.1495106871e+01,5.0727212098e+01,4.9566956034e+01,4.8059789845e+01,4.6472252468e+01,4.4804783065e+01,4.3058739741e+01,4.1236531329e+01,3.9117389681e+01,3.6702951995e+01,3.4245389856e+01,3.1758487319e+01,2.8924713692e+01,2.5803779879e+01,2.2789916571e+01,1.9880147955e+01,1.7108887849e+01,1.4644760433e+01,1.3130565659e+01,1.1824687272e+01,1.1586086463e+01,1.1148282943e+01,1.0456522885e+01,9.4412115037e+00,8.2151104068e+00,6.8572145017e+00,5.4685141259e+00,4.0879150395e+00,2.9144529469e+00,2.0532523185e+00,1.3345724384e+00,7.5304326487e-01,3.3146234051e-01,6.7545415283e-02,2.1498946676e-02,5.9624309546e-03,1.3829256980e-03,2.1790036082e-04,0.0000000000e+00,0.0000000000e+00,0.0000000000e+00,0.0000000000e+00,0.0000000000e+00,0.0000000000e+00,0.0000000000e+00,0.0000000000e+00,0.0000000000e+00,0.0000000000e+00,0.0000000000e+00,0.0000000000e+00,0.0000000000e+00,0.0000000000e+00,0.0000000000e+00,0.0000000000e+00,0.0000000000e+00,0.0000000000e+00,0.0000000000e+00,0.0000000000e+00,0.0000000000e+00,0.0000000000e+00,0.0000000000e+00,0.0000000000e+00,0.0000000000e+00,0.0000000000e+00,0.0000000000e+00,0.0000000000e+00,0.0000000000e+00,0.0000000000e+00,0.0000000000e+00,0.0000000000e+00,0.0000000000e+00,0.0000000000e+00,0.0000000000e+00,0.0000000000e+00,0.0000000000e+00,0.0000000000e+00,0.0000000000e+00,0.0000000000e+00,0.0000000000e+00,0.0000000000e+00,0.0000000000e+00,0.0000000000e+00,0.0000000000e+00,0.0000000000e+00,0.0000000000e+00,0.0000000000e+00,0.0000000000e+00,0.0000000000e+00,0.0000000000e+00,0.0000000000e+00,0.0000000000e+00,0.0000000000e+00,0.0000000000e+00,0.0000000000e+00,0.0000000000e+00,0.0000000000e+00,0.0000000000e+00,0.0000000000e+00,0.0000000000e+00,0.0000000000e+00,0.0000000000e+00,0.0000000000e+00,0.0000000000e+00,0.0000000000e+00,0.0000000000e+00,0.0000000000e+00,0.0000000000e+00,0.0000000000e+00,0.0000000000e+00,0.0000000000e+00,0.0000000000e+00,0.0000000000e+00,0.0000000000e+00,0.0000000000e+00,0.0000000000e+00,0.0000000000e+00,0.0000000000e+00,0.0000000000e+00,0.0000000000e+00,0.0000000000e+00,0.0000000000e+00,0.0000000000e+00
1.1610198586e-01,5.4477393872e+01,5.4477393872e+01,5.4477393872e+01,5.4477393872e+01,5.4477393872e+01,5.4477393872e+01,5.4477393872e+01,5.4477393872e+01,5.4477393872e+01,5.4477393872e+01,5.4477393872e+01,5.4477393872e+01,5.4477393872e+01,5.4477393872e+01,5.4477393872e+01,5.4477393872e+01,5.4477393872e+01,5.4477393872e+01,5.4477393872e+01,5.4477393872e+01,5.4477393872e+01,5.4477393872e+01,5.4477393872e+01,5.4477393872e+01,5.4477393872e+01,5.4477393872e+01,5.4477393872e+01,5.4477393872e+01,5.4477393872e+01,5.4477393872e+01,5.4477393872e+01,5.4477393872e+01,5.4477393872e+01,5.4477393872e+01,5.4477393872e+01,5.4477393872e+01,5.4477393872e+01,5.4477393872e+01,5.4477393872e+01,5.4477393872e+01,5.4477393872e+01,5.4477393872e+01,5.4477393872e+01,5.4477393872e+01,5.4477393872e+01,5.4477393872e+01,5.4477393872e+01,5.4472983763e+01,5.4464073806e+01,5.4454382988e+01,5.4443843036e+01,5.4432379733e+01,5.4419912409e+01,5.4406353389e+01,5.4391607388e+01,5.4375570863e+01,5.4358131304e+01,5.4339166472e+01,5.4318543574e+01,5.4296118364e+01,5.4259271074e+01,5.4204985382e+01,5.4145993740e+01,5.4081894079e+01,5.4012251054e+01,5.3936593490e+01,5.3833977649e+01,5.3691837220e+01,5.3537639507e+01,5.3370402271e+01,5.3158087567e+01,5.2882164072e+01,5.2583633845e+01,5.2221436163e+01,5.1775492084e+01,5.1290402392e+01,5.0667986536e+01,4.9992749215e+01,4.9156295005e+01,4.8220421338e+01,4.7146068213e+01,4.5912380728e+01,4.4544625071e+01,4.3039734713e+01,4.1401135819e+01,3.9621969715e+01,3.7691389178e+01,3.5600196136e+01,3.3343104611e+01,3.0889846692e+01,2.8278702199e+01,2.5473874721e+01,2.2550633007e+01,1.9612689704e+01,1.6856264935e+01,1.4768584790e+01,1.3272142920e+01,1.2071699060e+01,1.1719252795e+01,1.1333195738e+01,1.0667433621e+01,9.7394228509e+00,8.5146536710e+00,7.1488258622e+00,5.7404570786e+00,4.3269617700e+00,3.0790142297e+00,2.1946978918e+00,1.4379313659e+00,8.2314412605e-01,3.6562116261e-01,7.6776852569e-02,2.6999147291e-02,1.1905964543e-02,3.7542672870e-03,7.1104401404e-04,3.0475116221e-04,1.6604382300e-04,0.0000000000e+00,0.0000000000e+00,0.0000000000e+00,0.0000000000e+00,0.0000000000e+00,0.0000000000e+00,0.0000000000e+00,0.0000000000e+00,0.0000000000e+00,0.0000000000e+00,0.0000000000e+00,0.0000000000e+00,0.0000000000e+00,0.0000000000e+00,0.0000000000e+00,0.0000000000e+00,0.0000000000e+00,0.0000000000e+00,0.0000000000e+00,0.0000000000e+00,0.0000000000e+00,0.0000000000e+00,0.0000000000e+00,0.0000000000e+00,0.0000000000e+00,0.0000000000e+00,0.0000000000e+00,0.0000000000e+00,0.0000000000e+00,0.0000000000e+00,0.0000000000e+00,0.0000000000e+00,0.0000000000e+00,0.0000000000e+00,0.0000000000e+00,0.0000000000e+00,0.0000000000e+00,0.0000000000e+00,0.0000000000e+00,0.0000000000e+00,0.0000000000e+00,0.0000000000e+00,0.0000000000e+00,0.0000000000e+00,0.0000000000e+00,0.0000000000e+00,0.0000000000e+00,0.0000000000e+00,0.0000000000e+00,0.0000000000e+00,0.0000000000e+00,0.0000000000e+00,0.0000000000e+00,0.0000000000e+00,0.0000000000e+00,0.0000000000e+00,0.0000000000e+00,0.0000000000e+00,0.0000000000e+00,0.0000000000e+00,0.0000000000e+00,0.0000000000e+00,0.0000000000e+00,0.0000000000e+00,0.0000000000e+00,0.0000000000e+00,0.0000000000e+00,0.0000000000e+00,0.0000000000e+00,0.0000000000e+00,0.0000000000e+00,0.0000000000e+00,0.0000000000e+00,0.0000000000e+00,0.0000000000e+00,0.0000000000e+00,0.0000000000e+00,0.0000000000e+00,0.0000000000e+00,0.0000000000e+00,0.0000000000e+00,0.0000000000e+00
1.2202613736e-01,4.9401917521e+01,4.9401917521e+01,4.9401917521e+01,4.9401917521e+01,4.9401917521e+01,4.9401917521e+01,4.9401917521e+01,4.9401917521e+01,4.9401917521e+01,4.9401917521e+01,4.9401917521e+01,4.9401917521e+01,4.9401917521e+01,4.9401917521e+01,4.9401917521e+01,4.9401917521e+01,4.9401917521e+01,4.9401917521e+01,4.9401917521e+01,4.9401917521e+01,4.9401917521e+01,4.9401917521e+01,4.9401917521e+01,4.9401917521e+01,4.9401917521e+01,4.9401917521e+01,4.9401917521e+01,4.9401917521e+01,4.9401917521e+01,4.9401917521e+01,4.9401917521e+01,4.9401917521e+01,4.9401917521e+01,4.9401917521e+01,4.9401917521e+01,4.9401917521e+01,4.9401917521e+01,4.9401917521e+01,4.9401917521e+01,4.9401917521e+01,4.9401917521e+01,4.9401917521e+01,4.9401917521e+01,4.9401917521e+01,4.9401917521e+01,4.9401917521e+01,4.9401917521e+01,4.9398230986e+01,4.9390782828e+01,4.9382681813e+01,4.9373870838e+01,4.9364287827e+01,4.9353865303e+01,4.9342529922e+01,4.9330201972e+01,4.9316794821e+01,4.9302214329e+01,4.9286358204e+01,4.9269115312e+01,4.9250364917e+01,4.9219497614e+01,4.9173976122e+01,4.9124504529e+01,4.9070744625e+01,4.9012330082e+01,4.8948864262e+01,4.8862664840e+01,4.8743112781e+01,4.8613393245e+01,4.8472673129e+01,4.8293795506e+01,4.8061020377e+01,4.7809075767e+01,4.7503087865e+01,4.7125927659e+01,4.6715386030e+01,4.6187910904e+01,4.5615147980e+01,4.4904708566e+01,4.4108757751e+01,4.3193581432e+01,4.2140609917e+01,4.0970670800e+01,3.9680280028e+01,3.8271490584e+01,3.6737562205e+01,3.5068131988e+01,3.3253938048e+01,3.1288689425e+01,2.9144261757e+01,2.6851137497e+01,2.4375614147e+01,2.1780368746e+01,1.9156175442e+01,1.6680712953e+01,1.4800616107e+01,1.3454789555e+01,1.2381373912e+01,1.2098689517e+01,1.1776086037e+01,1.1170946221e+01,1.0285393232e+01,9.0681361209e+00,7.6848743542e+00,6.2382359872e+00,4.7631581914e+00,3.4394126969e+00,2.4822039397e+00,1.6486900006e+00,9.5826863540e-01,4.3362491484e-01,9.4186293149e-02,3.3551908245e-02,1.4822749608e-02,4.7096236120e-03,8.3852979972e-04,3.4462004307e-04,1.6826033209e-04,0.0000000000e+00,0.0000000000e+00,0.0000000000e+00,0.0000000000e+00,0.0000000000e+00,0.0000000000e+00,0.0000000000e+00,0.0000000000e+00,0.0000000000e+00,0.0000000000e+00,0.0000000000e+00,0.0000000000e+00,0.0000000000e+00,0.0000000000e+00,0.0000000000e+00,0.0000000000e+00,0.0000000000e+00,0.0000000000e+00,0.0000000000e+00,0.0000000000e+00,0.0000000000e+00,0.0000000000e+00,0.0000000000e+00,0.0000000000e+00,0.0000000000e+00,0.0000000000e+00,0.0000000000e+00,0.0000000000e+00,0.0000000000e+00,0.0000000000e+00,0.0000000000e+00,0.0000000000e+00,0.0000000000e+00,0.0000000000e+00,0.0000000000e+00,0.0000000000e+00,0.0000000000e+00,0.0000000000e+00,0.0000000000e+00,0.0000000000e+00,0.0000000000e+00,0.0000000000e+00,0.0000000000e+00,0.0000000000e+00,0.0000000000e+00,0.0000000000e+00,0.0000000000e+00,0.0000000000e+00,0.0000000000e+00,0.0000000000e+00,0.0000000000e+00,0.0000000000e+00,0.0000000000e+00,0.0000000000e+00,0.0000000000e+00,0.0000000000e+00,0.0000000000e+00,0.0000000000e+00,0.0000000000e+00,0.0000000000e+00,0.0000000000e+00,0.0000000000e+00,0.0000000000e+00,0.0000000000e+00,0.0000000000e+00,0.0000000000e+00,0.0000000000e+00,0.0000000000e+00,0.0000000000e+00,0.0000000000e+00,0.0000000000e+00,0.0000000000e+00,0.0000000000e+00,0.0000000000e+00,0.0000000000e+00,0.0000000000e+00,0.0000000000e+00,0.0000000000e+00,0.0000000000e+00,0.0000000000e+00,0.0000000000e+00,0.0000000000e+00
1.2825257111e-01,4.4905490862e+01,4.4905490862e+01,4.4905490862e+01,4.4905490862e+01,4.4905490862e+01,4.4905490862e+01,4.4905490862e+01,4.4905490862e+01,4.4905490862e+01,4.4905490862e+01,4.4905490862e+01,4.4905490862e+01,4.4905490862e+01,4.4905490862e+01,4.4905490862e+01,4.4905490862e+01,4.4905490862e+01,4.4905490862e+01,4.4905490862e+01,4.4905490862e+01,4.4905490862e+01,4.4905490862e+01,4.4905490862e+01,4.4905490862e+01,4.4905490862e+01,4.4905490862e+01,4.4905490862e+01,4.4905490862e+01,4.4905490862e+01,4.4905490862e+01,4.4905490862e+01,4.4905490862e+01,4.4905490862e+01,4.4905490862e+01,4.4905490862e+01,4.4905490862e+01,4.4905490862e+01,4.4905490862e+01,4.4905490862e+01,4.4905490862e+01,4.4905490862e+01,4.4905490862e+01,4.4905490862e+01,4.4905490862e+01,4.4905490862e+01,4.4905490862e+01,4.4905490862e+01,4.4902407048e+01,4.4896176552e+01,4.4889399846e+01,4.4882029139e+01,4.4874012477e+01,4.4865293380e+01,4.4855810454e+01,4.4845496970e+01,4.4834280400e+01,4.4822081923e+01,4.4808815888e+01,4.4794389227e+01,4.4778700822e+01,4.4752822517e+01,4.4714618010e+01,4.4673095238e+01,4.4627969528e+01,4.4578932428e+01,4.4525649845e+01,4.4453180470e+01,4.4352543809e+01,4.4243327467e+01,4.4124824619e+01,4.3974002377e+01,4.3777485496e+01,4.3564706749e+01,4.3306038375e+01,4.2986867308e+01,4.2639227945e+01,4.2192014482e+01,4.1705983462e+01,4.1102400669e+01,4.0425317253e+01,3.9645663821e+01,3.8746994752e+01,3.7746480095e+01,3.6640447044e+01,3.5429936361e+01,3.4108460668e+01,3.2666251292e+01,3.1094210618e+01,2.9385446020e+01,2.7514014870e+01,2.5503946236e+01,2.3323725533e+01,2.1025329385e+01,1.8688007614e+01,1.6472030650e+01,1.4785068079e+01,1.3579704308e+01,1.2624485202e+01,1.2402788957e+01,1.2137363982e+01,1.1591724448e+01,1.0752937150e+01,9.5519762911e+00,8.1635641420e+00,6.6935040020e+00,5.1730752650e+00,3.7876750799e+00,2.7659298088e+00,1.8615667897e+00,1.0983272070e+00,5.0644302472e-01,1.1408825410e-01,4.1401140276e-02,1.8430504850e-02,5.9012383036e-03,9.8159263559e-04,3.9324274607e-04,1.7435839315e-04,0.0000000000e+00,0.0000000000e+00,0.0000000000e+00,0.0000000000e+00,0.0000000000e+00,0.0000000000e+00,0.0000000000e+00,0.0000000000e+00,0.0000000000e+00,0.0000000000e+00,0.0000000000e+00,0.0000000000e+00,0.0000000000e+00,0.0000000000e+00,0.0000000000e+00,0.0000000000e+00,0.0000000000e+00,0.0000000000e+00,0.0000000000e+00,0.0000000000e+00,0.0000000000e+00,0.0000000000e+00,0.0000000000e+00,0.0000000000e+00,0.0000000000e+00,0.0000000000e+00,0.0000000000e+00,0.0000000000e+00,0.0000000000e+00,0.0000000000e+00,0.0000000000e+00,0.0000000000e+00,0.0000000000e+00,0.0000000000e+00,0.0000000000e+00,0.0000000000e+00,0.0000000000e+00,0.0000000000e+00,0.0000000000e+00,0.0000000000e+00,0.0000000000e+00,0.0000000000e+00,0.0000000000e+00,0.0000000000e+00,0.0000000000e+00,0.0000000000e+00,0.0000000000e+00,0.0000000000e+00,0.0000000000e+00,0.0000000000e+00,0.0000000000e+00,0.0000000000e+00,0.0000000000e+00,0.0000000000e+00,0.0000000000e+00,0.0000000000e+00,0.0000000000e+00,0.0000000000e+00,0.0000000000e+00,0.0000000000e+00,0.0000000000e+00,0.0000000000e+00,0.0000000000e+00,0.0000000000e+00,0.0000000000e+00,0.0000000000e+00,0.0000000000e+00,0.0000000000e+00,0.0000000000e+00,0.0000000000e+00,0.0000000000e+00,0.0000000000e+00,0.0000000000e+00,0.0000000000e+00,0.0000000000e+00,0.0000000000e+00,0.0000000000e+00,0.0000000000e+00,0.0000000000e+00,0.0000000000e+00,0.0000000000e+00,0.0000000000e+00
1.3479671121e-01,4.0440167027e+01,4.0440167027e+01,4.0440167027e+01,4.0440167027e+01,4.0440167027e+01,4.0440167027e+01,4.0440167027e+01,4.0440167027e+01,4.0440167027e+01,4.0440167027e+01,4.0440167027e+01,4.0440167027e+01,4.0440167027e+01,4.0440167027e+01,4.0440167027e+01,4.0440167027e+01,4.0440167027e+01,4.0440167027e+01,4.0440167027e+01,4.0440167027e+01,4.0440167027e+01,4.0440167027e+01,4.0440167027e+01,4.0440167027e+01,4.0440167027e+01,4.0440167027e+01,4.0440167027e+01,4.0440167027e+01,4.0440167027e+01,4.0440167027e+01,4.0440167027e+01,4.0440167027e+01,4.0440167027e+01,4.0440167027e+01,4.0440167027e+01,4.0440167027e+01,4.0440167027e+01,4.0440167027e+01,4.0440167027e+01,4.0440167027e+01,4.0440167027e+01,4.0440167027e+01,4.0440167027e+01,4.0440167027e+01,4.0440167027e+01,4.0440167027e+01,4.0440167027e+01,4.0440167027e+01,4.0440167027e+01,4.0440167027e+01,4.0440167027e+01,4.0440167027e+01,4.0440167027e+01,4.0440167027e+01,4.0440167027e+01,4.0440167027e+01,4.0440167027e+01,4.0440167027e+01,4.0440167027e+01,4.0440167027e+01,4.0428038821e+01,4.0376044769e+01,4.0319560289e+01,4.0258204806e+01,4.0191566818e+01,4.0119201623e+01,4.0040628930e+01,3.9955330352e+01,3.9862746789e+01,3.9762275709e+01,3.9653268330e+01,3.9535026747e+01,3.9406800988e+01,3.9234507248e+01,3.8905572619e+01,3.8550880290e+01,3.8168708334e+01,3.7757273345e+01,3.7314738981e+01,3.6812497306e+01,3.6084972229e+01,3.5309870637e+01,3.4485590651e+01,3.3593343803e+01,3.2530653471e+01,3.1412772431e+01,3.0217346554e+01,2.8832700847e+01,2.7398403017e+01,2.5766883864e+01,2.4055614040e+01,2.2141677153e+01,2.0172578944e+01,1.8114784678e+01,1.6248515291e+01,1.4700339025e+01,1.3660329386e+01,1.2776352198e+01,1.2700238289e+01,1.2476645628e+01,1.1984209442e+01,1.1192055267e+01,1.0036547024e+01,8.6386539083e+00,7.1561948490e+00,5.6069437674e+00,4.1655921753e+00,3.0812031438e+00,2.1017414003e+00,1.2613676147e+00,5.9173717999e-01,1.3843162470e-01,5.3094513350e-02,2.4074450507e-02,7.8342302086e-03,1.2872603391e-03,7.8548510643e-04,2.4633148748e-04,1.4231844691e-04,1.5550141101e-04,3.5124741064e-05,1.3939873823e-04,9.0554120524e-05,2.5784382923e-05,3.9965992336e-05,9.1095458845e-05,8.8762021612e-05,3.3681121741e-06,1.3475551213e-05,3.3846476149e-06,7.3813524264e-08,0.0000000000e+00,0.0000000000e+00,0.0000000000e+00,0.0000000000e+00,0.0000000000e+00,0.0000000000e+00,0.0000000000e+00,0.0000000000e+00,0.0000000000e+00,0.0000000000e+00,0.0000000000e+00,0.0000000000e+00,0.0000000000e+00,0.0000000000e+00,0.0000000000e+00,0.0000000000e+00,0.0000000000e+00,0.0000000000e+00,0.0000000000e+00,0.0000000000e+00,0.0000000000e+00,0.0000000000e+00,0.0000000000e+00,0.0000000000e+00,0.0000000000e+00,0.0000000000e+00,0.0000000000e+00,0.0000000000e+00,0.0000000000e+00,0.0000000000e+00,0.0000000000e+00,0.0000000000e+00,0.0000000000e+00,0.0000000000e+00,0.0000000000e+00,0.0000000000e+00,0.0000000000e+00,0.0000000000e+00,0.0000000000e+00,0.0000000000e+00,0.0000000000e+00,0.0000000000e+00,0.0000000000e+00,0.0000000000e+00,0.0000000000e+00,0.0000000000e+00,0.0000000000e+00,0.0000000000e+00,0.0000000000e+00,0.0000000000e+00,0.0000000000e+00,0.0000000000e+00,0.0000000000e+00,0.0000000000e+00,0.0000000000e+00,0.0000000000e+00,0.0000000000e+00,0.0000000000e+00,0.0000000000e+00,0.0000000000e+00,0.0000000000e+00,0.0000000000e+00,0.0000000000e+00,0.0000000000e+00,0.0000000000e+00,0.0000000000e+00,0.0000000000e+00,0.0000000000e+00,0.0000000000e+00
1.4167476874e-01,3.7509783817e+01,3.7509783817e+01,3.7509783817e+01,3.7509783817e+01,3.7509783817e+01,3.7509783817e+01,3.7509783817e+01,3.7509783817e+01,3.7509783817e+01,3.7509783817e+01,3.7509783817e+01,3.7509783817e+01,3.7509783817e+01,3.7509783817e+01,3.7509783817e+01,3.7509783817e+01,3.7509783817e+01,3.7509783817e+01,3.7509783817e+01,3.7509783817e+01,3.7509783817e+01,3.7509783817e+01,3.7509783817e+01,3.7509783817e+01,3.7509783817e+01,3.7509783817e+01,3.7509783817e+01,3.7509783817e+01,3.7509783817e+01,3.7509783817e+01,3.7509783817e+01,3.7509783817e+01,3.7509783817e+01,3.7509783817e+01,3.7509783817e+01,3.7509783817e+01,3.7509783817e+01,3.7509783817e+01,3.7509783817e+01,3.7509783817e+01,3.7509783817e+01,3.7509783817e+01,3.7509783817e+01,3.7509783817e+01,3.7509783817e+01,3.7509783817e+01,3.7509783817e+01,3.7507610541e+01,3.7503219612e+01,3.7498443636e+01,3.7493248901e+01,3.7487598757e+01,3.7481453359e+01,3.7474769386e+01,3.7467499749e+01,3.7459593260e+01,3.7450994281e+01,3.7441642340e+01,3.7431471720e+01,3.7420411006e+01,3.7402089552e+01,3.7374981695e+01,3.7345515408e+01,3.7313487634e+01,3.7278678221e+01,3.7240848557e+01,3.7189255945e+01,3.7117433715e+01,3.7039461227e+01,3.6954826823e+01,3.6846859625e+01,3.6705845282e+01,3.6553059171e+01,3.6367000962e+01,3.6136985537e+01,3.5886165317e+01,3.5562797720e+01,3.5210805343e+01,3.4772766179e+01,3.4280275499e+01,3.3711685856e+01,3.3054207376e+01,3.2319572629e+01,3.1504157795e+01,3.0607757003e+01,2.9624610083e+01,2.8546280484e+01,2.7364424843e+01,2.6071808354e+01,2.4646687069e+01,2.3103589264e+01,2.1415386628e+01,1.9617591317e+01,1.7770442939e+01,1.6003408021e+01,1.4652962308e+01,1.3692124577e+01,1.2941282675e+01,1.2813914176e+01,1.2641060225e+01,1.2204500838e+01,1.1463571535e+01,1.0312903289e+01,8.9426803106e+00,7.4632954982e+00,5.8965557841e+00,4.4294602454e+00,3.3058248979e+00,2.2813983785e+00,1.3858383908e+00,6.6379396264e-01,1.6185484617e-01,6.1647690432e-02,2.8175938025e-02,9.1934264639e-03,1.3288552348e-03,5.2374567374e-04,2.0079720026e-04,0.0000000000e+00,0.0000000000e+00,0.0000000000e+00,0.0000000000e+00,0.0000000000e+00,0.0000000000e+00,0.0000000000e+00,0.0000000000e+00,0.0000000000e+00,0.0000000000e+00,0.0000000000e+00,0.0000000000e+00,0.0000000000e+00,0.0000000000e+00,0.0000000000e+00,0.0000000000e+00,0.0000000000e+00,0.0000000000e+00,0.0000000000e+00,0.0000000000e+00,0.0000000000e+00,0.0000000000e+00,0.0000000000e+00,0.0000000000e+00,0.0000000000e+00,0.0000000000e+00,0.0000000000e+00,0.0000000000e+00,0.0000000000e+00,0.0000000000e+00,0.0000000000e+00,0.0000000000e+00,0.0000000000e+00,0.0000000000e+00,0.0000000000e+00,0.0000000000e+00,0.0000000000e+00,0.0000000000e+00,0.0000000000e+00,0.0000000000e+00,0.0000000000e+00,0.0000000000e+00,0.0000000000e+00,0.0000000000e+00,0.0000000000e+00,0.0000000000e+00,0.0000000000e+00,0.0000000000e+00,0.0000000000e+00,0.0000000000e+00,0.0000000000e+00,0.0000000000e+00,0.0000000000e+00,0.0000000000e+00,0.0000000000e+00,0.0000000000e+00,0.0000000000e+00,0.0000000000e+00,0.0000000000e+00,0.0000000000e+00,0.0000000000e+00,0.0000000000e+00,0.0000000000e+00,0.0000000000e+00,0.0000000000e+00,0.0000000000e+00,0.0000000000e+00,0.0000000000e+00,0.0000000000e+00,0.0000000000e+00,0.0000000000e+00,0.0000000000e+00,0.0000000000e+00,0.0000000000e+00,0.0000000000e+00,0.0000000000e+00,0.0000000000e+00,0.0000000000e+00,0.0000000000e+00,0.0000000000e+00,0.0000000000e+00,0.0000000000e+00
1.4890378198e-01,3.4507238787e+01,3.4507238787e+01,3.4507238787e+01,3.4507238787e+01,3.4507238787e+01,3.4507238787e+01,3.4507238787e+01,3.4507238787e+01,3.4507238787e+01,3.4507238787e+01,3.4507238787e+01,3.4507238787e+01,3.4507238787e+01,3.4507238787e+01,3.4507238787e+01,3.4507238787e+01,3.4507238787e+01,3.4507238787e+01,3.4507238787e+01,3.4507238787e+01,3.4507238787e+01,3.4507238787e+01,3.4507238787e+01,3.4507238787e+01,3.4507238787e+01,3.4507238787e+01,3.4507238787e+01,3.4507238787e+01,3.4507238787e+01,3.4507238787e+01,3.4507238787e+01,3.4507238787e+01,3.4507238787e+01,3.4507238787e+01,3.4507238787e+01,3.4507238787e+01,3.4507238787e+01,3.4507238787e+01,3.4507238787e+01,3.4507238787e+01,3.4507238787e+01,3.4507238787e+01,3.4507238787e+01,3.4507238787e+01,3.4507238787e+01,3.4507238787e+01,3.4507238787e+01,3.4505404924e+01,3.4501699725e+01,3.4497669570e+01,3.4493286003e+01,3.4488518083e+01,3.4483332170e+01,3.4477691691e+01,3.4471556887e+01,3.4464884535e+01,3.4457627652e+01,3.4449735171e+01,3.4441151588e+01,3.4431816583e+01,3.4416320770e+01,3.4393368224e+01,3.4368417261e+01,3.4341295542e+01,3.4311816170e+01,3.4279776518e+01,3.4236023125e+01,3.4175042274e+01,3.4108829139e+01,3.4036946528e+01,3.3945148312e+01,3.3825120155e+01,3.3695032472e+01,3.3536494021e+01,3.3340333481e+01,3.3126318864e+01,3.2850142447e+01,3.2549302957e+01,3.2174585736e+01,3.1752865542e+01,3.1265416583e+01,3.0700976875e+01,3.0069287908e+01,2.9366872094e+01,2.8593169178e+01,2.7742828955e+01,2.6808088830e+01,2.5781097447e+01,2.4654735539e+01,2.3409196832e+01,2.2055623398e+01,2.0568994289e+01,1.8978628856e+01,1.7337060156e+01,1.5760407173e+01,1.4553341393e+01,1.3696277042e+01,1.3031299348e+01,1.2938329038e+01,1.2801040431e+01,1.2412356545e+01,1.1719408619e+01,1.0599000487e+01,9.2479303548e+00,7.7784864995e+00,6.2073215956e+00,4.7181764994e+00,3.5569550598e+00,2.4840552212e+00,1.5304340579e+00,7.4719539609e-01,1.8999601244e-01,7.4417955747e-02,3.4578974394e-02,1.1417114467e-02,1.5452037539e-03,6.1106313768e-04,2.2289792282e-04,0.0000000000e+00,0.0000000000e+00,0.0000000000e+00,0.0000000000e+00,0.0000000000e+00,0.0000000000e+00,0.0000000000e+00,0.0000000000e+00,0.0000000000e+00,0.0000000000e+00,0.0000000000e+00,0.0000000000e+00,0.0000000000e+00,0.0000000000e+00,0.0000000000e+00,0.0000000000e+00,0.0000000000e+00,0.0000000000e+00,0.0000000000e+00,0.0000000000e+00,0.0000000000e+00,0.0000000000e+00,0.0000000000e+00,0.0000000000e+00,0.0000000000e+00,0.0000000000e+00,0.0000000000e+00,0.0000000000e+00,0.0000000000e+00,0.0000000000e+00,0.0000000000e+00,0.0000000000e+00,0.0000000000e+00,0.0000000000e+00,0.0000000000e+00,0.0000000000e+00,0.0000000000e+00,0.0000000000e+00,0.0000000000e+00,0.0000000000e+00,0.0000000000e+00,0.0000000000e+00,0.0000000000e+00,0.0000000000e+00,0.0000000000e+00,0.0000000000e+00,0.0000000000e+00,0.0000000000e+00,0.0000000000e+00,0.0000000000e+00,0.0000000000e+00,0.0000000000e+00,0.0000000000e+00,0.0000000000e+00,0.0000000000e+00,0.0000000000e+00,0.0000000000e+00,0.0000000000e+00,0.0000000000e+00,0.0000000000e+00,0.0000000000e+00,0.0000000000e+00,0.0000000000e+00,0.0000000000e+00,0.0000000000e+00,0.0000000000e+00,0.0000000000e+00,0.0000000000e+00,0.0000000000e+00,0.0000000000e+00,0.0000000000e+00,0.0000000000e+00,0.0000000000e+00,0.0000000000e+00,0.0000000000e+00,0.0000000000e+00,0.0000000000e+00,0.0000000000e+00,0.0000000000e+00,0.0000000000e+00,0.0000000000e+00,0.0000000000e+00
1.5650165859e-01,3.1893893122e+01,3.1893893122e+01,3.1893893122e+01,3.1893893122e+01,3.1893893122e+01,3.1893893122e+01,3.1893893122e+01,3.1893893122e+01,3.1893893122e+01,3.1893893122e+01,3.1893893122e+01,3.1893893122e+01,3.1893893122e+01,3.1893893122e+01,3.1893893122e+01,3.1893893122e+01,3.1893893122e+01,3.1893893122e+01,3.1893893122e+01,3.1893893122e+01,3.1893893122e+01,3.1893893122e+01,3.1893893122e+01,3.1893893122e+01,3.1893893122e+01,3.1893893122e+01,3.1893893122e+01,3.1893893122e+01,3.1893893122e+01,3.1893893122e+01,3.1893893122e+01,3.1893893122e+01,3.1893893122e+01,3.1893893122e+01,3.1893893122e+01,3.1893893122e+01,3.1893893122e+01,3.1893893122e+01,3.1893893122e+01,3.1893893122e+01,3.1893893122e+01,3.1893893122e+01,3.1893893122e+01,3.1893893122e+01,3.1893893122e+01,3.1893893122e+01,3.1893893122e+01,3.1892339458e+01,3.1889200363e+01,3.1885785928e+01,3.1882072036e+01,3.1878032464e+01,3.1873638699e+01,3.1868859741e+01,3.1863661886e+01,3.1858008494e+01,3.1851859733e+01,3.1845172306e+01,3.1837899153e+01,3.1829989124e+01,3.1816830952e+01,3.1797319569e+01,3.1776108192e+01,3.1753050000e+01,3.1727985730e+01,3.1700742664e+01,3.1663492573e+01,3.1611517086e+01,3.1555073749e+01,3.1493787734e+01,3.1415443076e+01,3.1312899968e+01,3.1201731101e+01,3.1066153455e+01,3.0898271221e+01,3.0715019811e+01,3.0478341169e+01,3.0220354139e+01,2.9898754244e+01,2.9536479353e+01,2.9117294991e+01,2.8631282823e+01,2.8086560413e+01,2.7479836973e+01,2.6810317668e+01,2.6073065184e+01,2.5260969567e+01,2.4366702164e+01,2.3383376904e+01,2.2292992773e+01,2.1104006271e+01,1.9793409659e+01,1.8385412903e+01,1.6925866151e+01,1.5518840797e+01,1.4439779306e+01,1.3675001701e+01,1.3085752238e+01,1.3019937922e+01,1.2911810436e+01,1.2566186735e+01,1.1919250582e+01,1.0830592861e+01,9.5029617017e+00,8.0505157719e+00,6.4848367742e+00,4.9843182657e+00,3.7937446091e+00,2.6800085784e+00,1.6741773680e+00,8.3313650799e-01,2.2117742414e-01,8.9227595815e-02,4.2203540845e-02,1.4124486954e-02,1.8023912760e-03,7.1860491887e-04,2.5265106644e-04,0.0000000000e+00,0.0000000000e+00,0.0000000000e+00,0.0000000000e+00,0.0000000000e+00,0.0000000000e+00,0.0000000000e+00,0.0000000000e+00,0.0000000000e+00,0.0000000000e+00,0.0000000000e+00,0.0000000000e+00,0.0000000000e+00,0.0000000000e+00,0.0000000000e+00,0.0000000000e+00,0.0000000000e+00,0.0000000000e+00,0.0000000000e+00,0.0000000000e+00,0.0000000000e+00,0.0000000000e+00,0.0000000000e+00,0.0000000000e+00,0.0000000000e+00,0.0000000000e+00,0.0000000000e+00,0.0000000000e+00,0.0000000000e+00,0.0000000000e+00,0.0000000000e+00,0.0000000000e+00,0.0000000000e+00,0.0000000000e+00,0.0000000000e+00,0.0000000000e+00,0.0000000000e+00,0.0000000000e+00,0.0000000000e+00,0.0000000000e+00,0.0000000000e+00,0.0000000000e+00,0.0000000000e+00,0.0000000000e+00,0.0000000000e+00,0.0000000000e+00,0.0000000000e+00,0.0000000000e+00,0.0000000000e+00,0.0000000000e+00,0.0000000000e+00,0.0000000000e+00,0.0000000000e+00,0.0000000000e+00,0.0000000000e+00,0.0000000000e+00,0.0000000000e+00,0.0000000000e+00,0.0000000000e+00,0.0000000000e+00,0.0000000000e+00,0.0000000000e+00,0.0000000000e+00,0.0000000000e+00,0.0000000000e+00,0.0000000000e+00,0.0000000000e+00,0.0000000000e+00,0.0000000000e+00,0.0000000000e+00,0.0000000000e+00,0.0000000000e+00,0.0000000000e+00,0.0000000000e+00,0.0000000000e+00,0.0000000000e+00,0.0000000000e+00,0.0000000000e+00,0.0000000000e+00,0.0000000000e+00,0.0000000000e+00,0.0000000000e+00
1.6448721998e-01,2.9617113266e+01,2.9617113266e+01,2.9617113266e+01,2.9617113266e+01,2.9617113266e+01,2.9617113266e+01,2.9617113266e+01,2.9617113266e+01,2.9617113266e+01,2.9617113266e+01,2.9617113266e+01,2.9617113266e+01,2.9617113266e+01,2.9617113266e+01,2.9617113266e+01,2.9617113266e+01,2.9617113266e+01,2.9617113266e+01,2.9617113266e+01,2.9617113266e+01,2.9617113266e+01,2.9617113266e+01,2.9617113266e+01,2.9617113266e+01,2.9617113266e+01,2.9617113266e+01,2.9617113266e+01,2.9617113266e+01,2.9617113266e+01,2.9617113266e+01,2.9617113266e+01,2.9617113266e+01,2.9617113266e+01,2.9617113266e+01,2.9617113266e+01,2.9617113266e+01,2.9617113266e+01,2.9617113266e+01,2.9617113266e+01,2.9617113266e+01,2.9617113266e+01,2.9617113266e+01,2.9617113266e+01,2.9617113266e+01,2.9617113266e+01,2.9617113266e+01,2.9617113266e+01,2.9615791518e+01,2.9613120979e+01,2.9610216174e+01,2.9607056579e+01,2.9603619876e+01,2.9599881799e+01,2.9595815962e+01,2.9591393679e+01,2.9586583760e+01,2.9581352300e+01,2.9575662439e+01,2.9569474110e+01,2.9562743763e+01,2.9551524622e+01,2.9534870597e+01,2.9516764595e+01,2.9497081044e+01,2.9475683696e+01,2.9452424759e+01,2.9420583901e+01,2.9376108207e+01,2.9327802797e+01,2.9275345176e+01,2.9208223016e+01,2.9120283973e+01,2.9024922348e+01,2.8908547499e+01,2.8764340196e+01,2.8606860044e+01,2.8403311463e+01,2.8181299053e+01,2.7904345290e+01,2.7592097773e+01,2.7230447562e+01,2.6810653390e+01,2.6339505641e+01,2.5813921633e+01,2.5232959868e+01,2.4592086249e+01,2.3884811077e+01,2.3104336455e+01,2.2244087320e+01,2.1287730446e+01,2.0241604837e+01,1.9084606905e+01,1.7836739014e+01,1.6538061962e+01,1.5281809343e+01,1.4316694043e+01,1.3633705626e+01,1.3110948683e+01,1.3066119623e+01,1.2981509262e+01,1.2674218052e+01,1.2070763175e+01,1.1014341426e+01,9.7130132327e+00,8.2828914498e+00,6.7307663449e+00,5.2280607172e+00,4.0156751309e+00,2.8684300922e+00,1.8163074559e+00,9.2124858784e-01,2.5555689336e-01,1.0629788179e-01,5.1217330687e-02,1.7402321785e-02,2.1137922027e-03,8.5249039402e-04,2.9200357526e-04,0.0000000000e+00,0.0000000000e+00,0.0000000000e+00,0.0000000000e+00,0.0000000000e+00,0.0000000000e+00,0.0000000000e+00,0.0000000000e+00,0.0000000000e+00,0.0000000000e+00,0.0000000000e+00,0.0000000000e+00,0.0000000000e+00,0.0000000000e+00,0.0000000000e+00,0.0000000000e+00,0.0000000000e+00,0.0000000000e+00,0.0000000000e+00,0.0000000000e+00,0.0000000000e+00,0.0000000000e+00,0.0000000000e+00,0.0000000000e+00,0.0000000000e+00,0.0000000000e+00,0.0000000000e+00,0.0000000000e+00,0.0000000000e+00,0.0000000000e+00,0.0000000000e+00,0.0000000000e+00,0.0000000000e+00,0.0000000000e+00,0.0000000000e+00,0.0000000000e+00,0.0000000000e+00,0.0000000000e+00,0.0000000000e+00,0.0000000000e+00,0.0000000000e+00,0.0000000000e+00,0.0000000000e+00,0.0000000000e+00,0.0000000000e+00,0.0000000000e+00,0.0000000000e+00,0.0000000000e+00,0.0000000000e+00,0.0000000000e+00,0.0000000000e+00,0.0000000000e+00,0.0000000000e+00,0.0000000000e+00,0.0000000000e+00,0.0000000000e+00,0.0000000000e+00,0.0000000000e+00,0.0000000000e+00,0.0000000000e+00,0.0000000000e+00,0.0000000000e+00,0.0000000000e+00,0.0000000000e+00,0.0000000000e+00,0.0000000000e+00,0.0000000000e+00,0.0000000000e+00,0.0000000000e+00,0.0000000000e+00,0.0000000000e+00,0.0000000000e+00,0.0000000000e+00,0.0000000000e+00,0.0000000000e+00,0.0000000000e+00,0.0000000000e+00,0.0000000000e+00,0.0000000000e+00,0.0000000000e+00,0.0000000000e+00,0.0000000000e+00
1.7288024791e-01,2.7692353593e+01,2.7692353593e+01,2.7692353593e+01,2.7692353593e+01,2.7692353593e+01,2.7692353593e+01,2.7692353593e+01,2.7692353593e+01,2.7692353593e+01,2.7692353593e+01,2.7692353593e+01,2.7692353593e+01,2.7692353593e+01,2.7692353593e+01,2.7692353593e+01,2.7692353593e+01,2.7692353593e+01,2.7692353593e+01,2.7692353593e+01,2.7692353593e+01,2.7692353593e+01,2.7692353593e+01,2.7692353593e+01,2.7692353593e+01,2.7692353593e+01,2.7692353593e+01,2.7692353593e+01,2.7692353593e+01,2.7692353593e+01,2.7692353593e+01,2.7692353593e+01,2.7692353593e+01,2.7692353593e+01,2.7692353593e+01,2.7692353593e+01,2.7692353593e+01,2.7692353593e+01,2.7692353593e+01,2.7692353593e+01,2.7692353593e+01,2.7692353593e+01,2.7692353593e+01,2.7692353593e+01,2.7692353593e+01,2.7692353593e+01,2.7692353593e+01,2.7692353593e+01,2.7692353593e+01,2.7692353593e+01,2.7692353593e+01,2.7692353593e+01,2.7692353593e+01,2.7692353593e+01,2.7692353593e+01,2.7692353593e+01,2.7692353593e+01,2.7692353593e+01,2.7692353593e+01,2.7692353593e+01,2.7692353593e+01,2.7692353593e+01,2.7692353593e+01,2.7673761993e+01,2.7639838191e+01,2.7602982263e+01,2.7562945281e+01,2.7519458007e+01,2.7472229388e+01,2.7420944968e+01,2.7365265221e+01,2.7304823800e+01,2.7239225718e+01,2.7168045456e+01,2.7090825018e+01,2.7007071944e+01,2.6860727537e+01,2.6652421103e+01,2.6427654272e+01,2.6185299367e+01,2.5924182912e+01,2.5643089998e+01,2.5292153359e+01,2.4858820155e+01,2.4395856386e+01,2.3902018814e+01,2.3340545707e+01,2.2703877822e+01,2.2031000328e+01,2.1269828458e+01,2.0416299727e+01,1.9513678624e+01,1.8461530577e+01,1.7374654450e+01,1.6215313658e+01,1.5150649911e+01,1.4221235968e+01,1.3605335269e+01,1.3205577141e+01,1.3050259652e+01,1.2989962277e+01,1.2715803241e+01,1.2138321255e+01,1.1135895605e+01,9.8756248081e+00,8.4619603377e+00,6.9391758406e+00,5.4487665980e+00,4.2147089686e+00,3.0413565225e+00,1.9523629647e+00,1.0005529874e+00,2.8780453234e-01,1.2657883271e-01,6.1909813698e-02,2.0991118005e-02,2.5261700364e-03,9.9881723643e-04,2.5962301534e-04,3.8417743811e-05,1.5344384620e-05,2.0148530513e-06,5.0749691137e-06,3.5368975446e-06,8.5916481021e-07,2.0862748252e-06,5.1692936271e-06,1.8532004750e-06,1.7420296106e-07,1.1517318013e-06,4.2533231544e-08,1.3660711512e-08,4.4573480931e-09,7.3820139478e-11,0.0000000000e+00,0.0000000000e+00,0.0000000000e+00,0.0000000000e+00,0.0000000000e+00,0.0000000000e+00,0.0000000000e+00,0.0000000000e+00,0.0000000000e+00,0.0000000000e+00,0.0000000000e+00,0.0000000000e+00,0.0000000000e+00,0.0000000000e+00,0.0000000000e+00,0.0000000000e+00,0.0000000000e+00,0.0000000000e+00,0.0000000000e+00,0.0000000000e+00,0.0000000000e+00,0.0000000000e+00,0.0000000000e+00,0.0000000000e+00,0.0000000000e+00,0.0000000000e+00,0.0000000000e+00,0.0000000000e+00,0.0000000000e+00,0.0000000000e+00,0.0000000000e+00,0.0000000000e+00,0.0000000000e+00,0.0000000000e+00,0.0000000000e+00,0.0000000000e+00,0.0000000000e+00,0.0000000000e+00,0.0000000000e+00,0.0000000000e+00,0.0000000000e+00,0.0000000000e+00,0.0000000000e+00,0.0000000000e+00,0.0000000000e+00,0.0000000000e+00,0.0000000000e+00,0.0000000000e+00,0.0000000000e+00,0.0000000000e+00,0.0000000000e+00,0.0000000000e+00,0.0000000000e+00,0.0000000000e+00,0.0000000000e+00,0.0000000000e+00,0.0000000000e+00,0.0000000000e+00,0.0000000000e+00,0.0000000000e+00,0.0000000000e+00,0.0000000000e+00,0.0000000000e+00,0.0000000000e+00,0.0000000000e+00,0.0000000000e+00,0.0000000000e+00
1.8170153353e-01,2.5888991647e+01,2.5888991647e+01,2.5888991647e+01,2.5888991647e+01,2.5888991647e+01,2.5888991647e+01,2.5888991647e+01,2.5888991647e+01,2.5888991647e+01,2.5888991647e+01,2.5888991647e+01,2.5888991647e+01,2.5888991647e+01,2.5888991647e+01,2.5888991647e+01,2.5888991647e+01,2.5888991647e+01,2.5888991647e+01,2.5888991647e+01,2.5888991647e+01,2.5888991647e+01,2.5888991647e+01,2.5888991647e+01,2.5888991647e+01,2.5888991647e+01,2.5888991647e+01,2.5888991647e+01,2.5888991647e+01,2.5888991647e+01,2.5888991647e+01,2.5888991647e+01,2.5888991647e+01,2.5888991647e+01,2.5888991647e+01,2.5888991647e+01,2.5888991647e+01,2.5888991647e+01,2.5888991647e+01,2.5888991647e+01,2.5888991647e+01,2.5888991647e+01,2.5888991647e+01,2.5888991647e+01,2.5888991647e+01,2.5888991647e+01,2.5888991647e+01,2.5888991647e+01,2.5888023198e+01,2.5886066465e+01,2.5883938050e+01,2.5881622906e+01,2.5879104671e+01,2.5876365550e+01,2.5873386197e+01,2.5870145572e+01,2.5866620801e+01,2.5862787014e+01,2.5858617171e+01,2.5854081876e+01,2.5849149173e+01,2.5840893397e+01,2.5828612909e+01,2.5815260518e+01,2.5800743295e+01,2.5784960373e+01,2.5767802284e+01,2.5744260724e+01,2.5711312209e+01,2.5675517886e+01,2.5636636524e+01,2.5586801492e+01,2.5521397801e+01,2.5450439886e+01,2.5363748575e+01,2.5256189144e+01,2.5138635142e+01,2.4986497074e+01,2.4820373626e+01,2.4612889452e+01,2.4378613878e+01,2.4106809970e+01,2.3790664860e+01,2.3434986220e+01,2.3037123498e+01,2.2596015387e+01,2.2107876736e+01,2.1567339566e+01,2.0968634380e+01,2.0305929463e+01,1.9565823388e+01,1.8751698138e+01,1.7845904709e+01,1.6862133656e+01,1.5831080907e+01,1.4827527554e+01,1.4053698395e+01,1.3507056033e+01,1.3093484918e+01,1.3076138467e+01,1.3024750240e+01,1.2781046738e+01,1.2255941639e+01,1.1262879005e+01,1.0018629603e+01,8.6436383189e+00,7.1364455609e+00,5.6513367276e+00,4.4150026101e+00,3.2209795175e+00,2.0936102548e+00,1.1028035755e+00,3.3453872086e-01,1.4814049022e-01,7.4136953466e-02,2.6067191520e-02,2.9746127829e-03,1.2352183623e-03,4.1132734850e-04,0.0000000000e+00,0.0000000000e+00,0.0000000000e+00,0.0000000000e+00,0.0000000000e+00,0.0000000000e+00,0.0000000000e+00,0.0000000000e+00,0.0000000000e+00,0.0000000000e+00,0.0000000000e+00,0.0000000000e+00,0.0000000000e+00,0.0000000000e+00,0.0000000000e+00,0.0000000000e+00,0.0000000000e+00,0.0000000000e+00,0.0000000000e+00,0.0000000000e+00,0.0000000000e+00,0.0000000000e+00,0.0000000000e+00,0.0000000000e+00,0.0000000000e+00,0.0000000000e+00,0.0000000000e+00,0.0000000000e+00,0.0000000000e+00,0.0000000000e+00,0.0000000000e+00,0.0000000000e+00,0.0000000000e+00,0.0000000000e+00,0.0000000000e+00,0.0000000000e+00,0.0000000000e+00,0.0000000000e+00,0.0000000000e+00,0.0000000000e+00,0.0000000000e+00,0.0000000000e+00,0.0000000000e+00,0.0000000000e+00,0.0000000000e+00,0.0000000000e+00,0.0000000000e+00,0.0000000000e+00,0.0000000000e+00,0.0000000000e+00,0.0000000000e+00,0.0000000000e+00,0.0000000000e+00,0.0000000000e+00,0.0000000000e+00,0.0000000000e+00,0.0000000000e+00,0.0000000000e+00,0.0000000000e+00,0.0000000000e+00,0.0000000000e+00,0.0000000000e+00,0.0000000000e+00,0.0000000000e+00,0.0000000000e+00,0.0000000000e+00,0.0000000000e+00,0.0000000000e+00,0.0000000000e+00,0.0000000000e+00,0.0000000000e+00,0.0000000000e+00,0.0000000000e+00,0.0000000000e+00,0.0000000000e+00,0.0000000000e+00,0.0000000000e+00,0.0000000000e+00,0.0000000000e+00,0.0000000000e+00,0.0000000000e+00,0.0000000000e+00
1.9097292888e-01,2.4409289364e+01,2.4409289364e+01,2.4409289364e+01,2.4409289364e+01,2.4409289364e+01,2.4409289364e+01,2.4409289364e+01,2.4409289364e+01,2.4409289364e+01,2.4409289364e+01,2.4409289364e+01,2.4409289364e+01,2.4409289364e+01,2.4409289364e+01,2.4409289364e+01,2.4409289364e+01,2.4409289364e+01,2.4409289364e+01,2.4409289364e+01,2.4409289364e+01,2.4409289364e+01,2.4409289364e+01,2.4409289364e+01,2.4409289364e+01,2.4409289364e+01,2.4409289364e+01,2.4409289364e+01,2.4409289364e+01,2.4409289364e+01,2.4409289364e+01,2.4409289364e+01,2.4409289364e+01,2.4409289364e+01,2.4409289364e+01,2.4409289364e+01,2.4409289364e+01,2.4409289364e+01,2.4409289364e+01,2.4409289364e+01,2.4409289364e+01,2.4409289364e+01,2.4409289364e+01,2.4409289364e+01,2.4409289364e+01,2.4409289364e+01,2.4409289364e+01,2.4409289364e+01,2.4409289364e+01,2.4409289364e+01,2.4409289364e+01,2.4409289364e+01,2.4409289364e+01,2.4409289364e+01,2.4409289364e+01,2.4409289364e+01,2.4409289364e+01,2.4409289364e+01,2.4409289364e+01,2.4409289364e+01,2.4409289364e+01,2.4409289364e+01,2.4409289364e+01,2.4395445352e+01,2.4370180677e+01,2.4342726852e+01,2.4312897022e+01,2.4280488906e+01,2.4245283611e+01,2.4207044386e+01,2.4165515297e+01,2.4120419831e+01,2.4071459428e+01,2.4018311943e+01,2.3960630043e+01,2.3898039547e+01,2.3788325815e+01,2.3631847662e+01,2.3462795508e+01,2.3280269414e+01,2.3083325129e+01,2.2870975804e+01,2.2605331562e+01,2.2276506883e+01,2.1924232719e+01,2.1547343362e+01,2.1117846176e+01,2.0629399044e+01,2.0110874919e+01,1.9522438122e+01,1.8859769180e+01,1.8154611442e+01,1.7329414804e+01,1.6469719531e+01,1.5548468885e+01,1.4695600121e+01,1.3947139462e+01,1.3453320163e+01,1.3136950933e+01,1.3023327241e+01,1.2987461555e+01,1.2768588953e+01,1.2261076163e+01,1.1320806167e+01,1.0118554183e+01,8.7648870649e+00,7.2947697864e+00,5.8324588999e+00,4.5861210621e+00,3.3780290760e+00,2.2247842057e+00,1.1847587570e+00,3.7324794436e-01,1.7446127668e-01,8.8825442374e-02,3.1267500697e-02,3.6356418119e-03,1.5386859121e-03,4.2358082708e-04,7.1834780827e-05,4.0983495299e-05,6.8665550978e-06,1.9714733023e-05,1.3898910080e-05,3.7528618445e-06,8.6792099490e-06,2.0633017592e-05,7.9663329893e-06,7.8350635985e-07,4.7660929374e-06,1.9754114955e-07,5.8800192263e-08,1.9725839350e-08,3.0879960597e-10,0.0000000000e+00,0.0000000000e+00,0.0000000000e+00,0.0000000000e+00,0.0000000000e+00,0.0000000000e+00,0.0000000000e+00,0.0000000000e+00,0.0000000000e+00,0.0000000000e+00,0.0000000000e+00,0.0000000000e+00,0.0000000000e+00,0.0000000000e+00,0.0000000000e+00,0.0000000000e+00,0.0000000000e+00,0.0000000000e+00,0.0000000000e+00,0.0000000000e+00,0.0000000000e+00,0.0000000000e+00,0.0000000000e+00,0.0000000000e+00,0.0000000000e+00,0.0000000000e+00,0.0000000000e+00,0.0000000000e+00,0.0000000000e+00,0.0000000000e+00,0.0000000000e+00,0.0000000000e+00,0.0000000000e+00,0.0000000000e+00,0.0000000000e+00,0.0000000000e+00,0.0000000000e+00,0.0000000000e+00,0.0000000000e+00,0.0000000000e+00,0.0000000000e+00,0.0000000000e+00,0.0000000000e+00,0.0000000000e+00,0.0000000000e+00,0.0000000000e+00,0.0000000000e+00,0.0000000000e+00,0.0000000000e+00,0.0000000000e+00,0.0000000000e+00,0.0000000000e+00,0.0000000000e+00,0.0000000000e+00,0.0000000000e+00,0.0000000000e+00,0.0000000000e+00,0.0000000000e+00,0.0000000000e+00,0.0000000000e+00,0.0000000000e+00,0.0000000000e+00,0.0000000000e+00,0.0000000000e+00,0.0000000000e+00,0.0000000000e+00,0.0000000000e+00
2.0071740098e-01,2.2927203493e+01,2.2927203493e+01,2.2927203493e+01,2.2927203493e+01,2.2927203493e+01,2.2927203493e+01,2.2927203493e+01,2.2927203493e+01,2.2927203493e+01,2.2927203493e+01,2.2927203493e+01,2.2927203493e+01,2.2927203493e+01,2.2927203493e+01,2.2927203493e+01,2.2927203493e+01,2.2927203493e+01,2.2927203493e+01,2.2927203493e+01,2.2927203493e+01,2.2927203493e+01,2.2927203493e+01,2.2927203493e+01,2.2927203493e+01,2.2927203493e+01,2.2927203493e+01,2.2927203493e+01,2.2927203493e+01,2.2927203493e+01,2.2927203493e+01,2.2927203493e+01,2.2927203493e+01,2.2927203493e+01,2.2927203493e+01,2.2927203493e+01,2.2927203493e+01,2.2927203493e+01,2.2927203493e+01,2.2927203493e+01,2.2927203493e+01,2.2927203493e+01,2.2927203493e+01,2.2927203493e+01,2.2927203493e+01,2.2927203493e+01,2.2927203493e+01,2.2927203493e+01,2.2927203493e+01,2.2927203493e+01,2.2927203493e+01,2.2927203493e+01,2.2927203493e+01,2.2927203493e+01,2.2927203493e+01,2.2927203493e+01,2.2927203493e+01,2.2927203493e+01,2.2927203493e+01,2.2927203493e+01,2.2917282846e+01,2.2905422842e+01,2.2892528206e+01,2.2878509346e+01,2.2863269033e+01,2.2846701773e+01,2.2828693130e+01,2.2809119003e+01,2.2787844843e+01,2.2764724819e+01,2.2739600923e+01,2.2712302014e+01,2.2682642801e+01,2.2614807455e+01,2.2534983721e+01,2.2448469416e+01,2.2354734151e+01,2.2253211029e+01,2.2143295180e+01,2.1978627881e+01,2.1788105312e+01,2.1582725172e+01,2.1361505443e+01,2.1085308625e+01,2.0778495734e+01,2.0449804719e+01,2.0069097410e+01,1.9655790917e+01,1.9195866052e+01,1.8679822892e+01,1.8109281923e+01,1.7475972412e+01,1.6763070240e+01,1.5994908389e+01,1.5174948824e+01,1.4384928532e+01,1.3790396501e+01,1.3331450249e+01,1.3014012883e+01,1.3003783080e+01,1.2968795017e+01,1.2771572781e+01,1.2331129633e+01,1.1382834150e+01,1.0201537302e+01,8.8903616346e+00,7.4455145283e+00,6.0074581125e+00,4.7671900813e+00,3.5509138486e+00,2.3668573356e+00,1.2975214873e+00,4.3463422008e-01,2.0502811854e-01,1.0665294708e-01,3.8855941258e-02,4.5620225243e-03,2.0592912765e-03,6.1805710200e-04,1.2028072746e-04,8.7945701136e-05,2.1837861233e-05,5.3355189353e-05,4.0960287381e-05,2.5350543316e-05,2.7218165499e-05,2.2429304799e-05,5.5850755504e-05,1.1192105202e-05,8.8848212656e-07,2.4365065921e-05,0.0000000000e+00,0.0000000000e+00,0.0000000000e+00,0.0000000000e+00,0.0000000000e+00,0.0000000000e+00,0.0000000000e+00,0.0000000000e+00,0.0000000000e+00,0.0000000000e+00,0.0000000000e+00,0.0000000000e+00,0.0000000000e+00,0.0000000000e+00,0.0000000000e+00,0.0000000000e+00,0.0000000000e+00,0.0000000000e+00,0.0000000000e+00,0.0000000000e+00,0.0000000000e+00,0.0000000000e+00,0.0000000000e+00,0.0000000000e+00,0.0000000000e+00,0.0000000000e+00,0.0000000000e+00,0.0000000000e+00,0.0000000000e+00,0.0000000000e+00,0.0000000000e+00,0.0000000000e+00,0.0000000000e+00,0.0000000000e+00,0.0000000000e+00,0.0000000000e+00,0.0000000000e+00,0.0000000000e+00,0.0000000000e+00,0.0000000000e+00,0.0000000000e+00,0.0000000000e+00,0.0000000000e+00,0.0000000000e+00,0.0000000000e+00,0.0000000000e+00,0.0000000000e+00,0.0000000000e+00,0.0000000000e+00,0.0000000000e+00,0.0000000000e+00,0.0000000000e+00,0.0000000000e+00,0.0000000000e+00,0.0000000000e+00,0.0000000000e+00,0.0000000000e+00,0.0000000000e+00,0.0000000000e+00,0.0000000000e+00,0.0000000000e+00,0.0000000000e+00,0.0000000000e+00,0.0000000000e+00,0.0000000000e+00,0.0000000000e+00,0.0000000000e+00,0.0000000000e+00,0.0000000000e+00,0.0000000000e+00
2.1095908877e-01,2.1816055165e+01,2.1816055165e+01,2.1816055165e+01,2.1816055165e+01,2.1816055165e+01,2.1816055165e+01,2.1816055165e+01,2.1816055165e+01,2.1816055165e+01,2.1816055165e+01,2.1816055165e+01,2.1816055165e+01,2.1816055165e+01,2.1816055165e+01,2.1816055165e+01,2.1816055165e+01,2.1816055165e+01,2.1816055165e+01,2.1816055165e+01,2.1816055165e+01,2.1816055165e+01,2.1816055165e+01,2.1816055165e+01,2.1816055165e+01,2.1816055165e+01,2.1816055165e+01,2.1816055165e+01,2.1816055165e+01,2.1816055165e+01,2.1816055165e+01,2.1816055165e+01,2.1816055165e+01,2.1816055165e+01,2.1816055165e+01,2.1816055165e+01,2.1816055165e+01,2.1816055165e+01,2.1816055165e+01,2.1816055165e+01,2.1816055165e+01,2.1816055165e+01,2.1816055165e+01,2.1816055165e+01,2.1816055165e+01,2.1816055165e+01,2.1816055165e+01,2.1816055165e+01,2.1816055165e+01,2.1816055165e+01,2.1816055165e+01,2.1816055165e+01,2.1816055165e+01,2.1816055165e+01,2.1816055165e+01,2.1812663666e+01,2.1808523545e+01,2.1804020712e+01,2.1799123475e+01,2.1793797389e+01,2.1788005018e+01,2.1781705683e+01,2.1774855178e+01,2.1767405477e+01,2.1759304402e+01,2.1750495276e+01,2.1740916541e+01,2.1730501347e+01,2.1706679806e+01,2.1678243969e+01,2.1647353063e+01,2.1613799159e+01,2.1577357451e+01,2.1537785031e+01,2.1474563748e+01,2.1399636524e+01,2.1318425686e+01,2.1230432473e+01,2.1110204404e+01,2.0972513770e+01,2.0823750160e+01,2.0636594925e+01,2.0427429890e+01,2.0191728998e+01,1.9922190735e+01,1.9624961228e+01,1.9295040741e+01,1.8925564644e+01,1.8518372577e+01,1.8063231612e+01,1.7550975671e+01,1.6982171420e+01,1.6349020511e+01,1.5655445626e+01,1.4920841507e+01,1.4202533030e+01,1.3649737278e+01,1.3244323404e+01,1.2957603069e+01,1.2945793167e+01,1.2920366017e+01,1.2744811350e+01,1.2312686399e+01,1.1412894989e+01,1.0256724821e+01,8.9759546429e+00,7.5644132227e+00,6.1431855020e+00,4.9091243811e+00,3.6877466999e+00,2.4866855872e+00,1.3835214978e+00,4.7998799808e-01,2.3378411236e-01,1.2380313734e-01,4.6044572108e-02,5.3379192163e-03,2.4517849735e-03,7.4731290711e-04,1.0563733483e-04,6.7745185019e-05,2.5017592179e-05,2.3535723027e-05,1.0051773243e-05,2.1753286450e-05,1.8529947884e-04,0.0000000000e+00,0.0000000000e+00,0.0000000000e+00,0.0000000000e+00,0.0000000000e+00,0.0000000000e+00,0.0000000000e+00,0.0000000000e+00,0.0000000000e+00,0.0000000000e+00,0.0000000000e+00,0.0000000000e+00,0.0000000000e+00,0.0000000000e+00,0.0000000000e+00,0.0000000000e+00,0.0000000000e+00,0.0000000000e+00,0.0000000000e+00,0.0000000000e+00,0.0000000000e+00,0.0000000000e+00,0.0000000000e+00,0.0000000000e+00,0.0000000000e+00,0.0000000000e+00,0.0000000000e+00,0.0000000000e+00,0.0000000000e+00,0.0000000000e+00,0.0000000000e+00,0.0000000000e+00,0.0000000000e+00,0.0000000000e+00,0.0000000000e+00,0.0000000000e+00,0.0000000000e+00,0.0000000000e+00,0.0000000000e+00,0.0000000000e+00,0.0000000000e+00,0.0000000000e+00,0.0000000000e+00,0.0000000000e+00,0.0000000000e+00,0.0000000000e+00,0.0000000000e+00,0.0000000000e+00,0.0000000000e+00,0.0000000000e+00,0.0000000000e+00,0.0000000000e+00,0.0000000000e+00,0.0000000000e+00,0.0000000000e+00,0.0000000000e+00,0.0000000000e+00,0.0000000000e+00,0.0000000000e+00,0.0000000000e+00,0.0000000000e+00,0.0000000000e+00,0.0000000000e+00,0.0000000000e+00,0.0000000000e+00,0.0000000000e+00,0.0000000000e+00,0.0000000000e+00,0.0000000000e+00,0.0000000000e+00,0.0000000000e+00,0.0000000000e+00,0.0000000000e+00,0.0000000000e+00,0.0000000000e+00
2.2172336289e-01,2.0752101510e+01,2.0752101510e+01,2.0752101510e+01,2.0752101510e+01,2.0752101510e+01,2.0752101510e+01,2.0752101510e+01,2.0752101510e+01,2.0752101510e+01,2.0752101510e+01,2.0752101510e+01,2.0752101510e+01,2.0752101510e+01,2.0752101510e+01,2.0752101510e+01,2.0752101510e+01,2.0752101510e+01,2.0752101510e+01,2.0752101510e+01,2.0752101510e+01,2.0752101510e+01,2.0752101510e+01,2.0752101510e+01,2.0752101510e+01,2.0752101510e+01,2.0752101510e+01,2.0752101510e+01,2.0752101510e+01,2.0752101510e+01,2.0752101510e+01,2.0752101510e+01,2.0752101510e+01,2.0752101510e+01,2.0752101510e+01,2.0752101510e+01,2.0752101510e+01,2.0752101510e+01,2.0752101510e+01,2.0752101510e+01,2.0752101510e+01,2.0752101510e+01,2.0752101510e+01,2.0752101510e+01,2.0752101510e+01,2.0752101510e+01,2.0752101510e+01,2.0752101510e+01,2.0752101510e+01,2.0752101510e+01,2.0752101510e+01,2.0752101510e+01,2.0752101510e+01,2.0752101510e+01,2.0752101510e+01,2.0749146643e+01,2.0745539482e+01,2.0741616235e+01,2.0737349272e+01,2.0732708562e+01,2.0727661463e+01,2.0722172498e+01,2.0716203117e+01,2.0709711430e+01,2.0702651923e+01,2.0694975149e+01,2.0686627398e+01,2.0677550331e+01,2.0656736200e+01,2.0631882845e+01,2.0604880707e+01,2.0575547244e+01,2.0543684998e+01,2.0509080488e+01,2.0453745570e+01,2.0388139388e+01,2.0317010309e+01,2.0239916110e+01,2.0134547078e+01,2.0013816242e+01,1.9883304198e+01,1.9719030830e+01,1.9535302195e+01,1.9328088396e+01,1.9090895880e+01,1.8829060100e+01,1.8538086325e+01,1.8211861948e+01,1.7851834206e+01,1.7448828357e+01,1.6994541556e+01,1.6489143816e+01,1.5925369693e+01,1.5306295223e+01,1.4648932992e+01,1.4004655742e+01,1.3507653590e+01,1.3142609466e+01,1.2885063948e+01,1.2876221999e+01,1.2855016114e+01,1.2696546863e+01,1.2291092051e+01,1.1418585602e+01,1.0291348152e+01,9.0435516446e+00,7.6671061519e+00,6.2737462476e+00,5.0488522540e+00,3.8281422999e+00,2.6120665299e+00,1.4799054473e+00,5.3664683766e-01,2.6922863285e-01,1.4515603155e-01,5.5099786858e-02,6.5583116662e-03,3.0236060366e-03,9.2620338489e-04,1.2459839785e-04,7.1892652137e-05,2.4592300706e-05,2.2847302704e-05,9.9165210263e-06,2.1559020604e-05,1.7727264330e-04,0.0000000000e+00,0.0000000000e+00,0.0000000000e+00,0.0000000000e+00,0.0000000000e+00,0.0000000000e+00,0.0000000000e+00,0.0000000000e+00,0.0000000000e+00,0.0000000000e+00,0.0000000000e+00,0.0000000000e+00,0.0000000000e+00,0.0000000000e+00,0.0000000000e+00,0.0000000000e+00,0.0000000000e+00,0.0000000000e+00,0.0000000000e+00,0.0000000000e+00,0.0000000000e+00,0.0000000000e+00,0.0000000000e+00,0.0000000000e+00,0.0000000000e+00,0.0000000000e+00,0.0000000000e+00,0.0000000000e+00,0.0000000000e+00,0.0000000000e+00,0.0000000000e+00,0.0000000000e+00,0.0000000000e+00,0.0000000000e+00,0.0000000000e+00,0.0000000000e+00,0.0000000000e+00,0.0000000000e+00,0.0000000000e+00,0.0000000000e+00,0.0000000000e+00,0.0000000000e+00,0.0000000000e+00,0.0000000000e+00,0.0000000000e+00,0.0000000000e+00,0.0000000000e+00,0.0000000000e+00,0.0000000000e+00,0.0000000000e+00,0.0000000000e+00,0.0000000000e+00,0.0000000000e+00,0.0000000000e+00,0.0000000000e+00,0.0000000000e+00,0.0000000000e+00,0.0000000000e+00,0.0000000000e+00,0.0000000000e+00,0.0000000000e+00,0.0000000000e+00,0.0000000000e+00,0.0000000000e+00,0.0000000000e+00,0.0000000000e+00,0.0000000000e+00,0.0000000000e+00,0.0000000000e+00,0.0000000000e+00,0.0000000000e+00,0.0000000000e+00,0.0000000000e+00,0.0000000000e+00,0.0000000000e+00
2.3303688851e-01,1.9800355458e+01,1.9800355458e+01,1.9800355458e+01,1.9800355458e+01,1.9800355458e+01,1.9800355458e+01,1.9800355458e+01,1.9800355458e+01,1.9800355458e+01,1.9800355458e+01,1.9800355458e+01,1.9800355458e+01,1.9800355458e+01,1.9800355458e+01,1.9800355458e+01,1.9800355458e+01,1.9800355458e+01,1.9800355458e+01,1.9800355458e+01,1.9800355458e+01,1.9800355458e+01,1.9800355458e+01,1.9800355458e+01,1.9800355458e+01,1.9800355458e+01,1.9800355458e+01,1.9800355458e+01,1.9800355458e+01,1.9800355458e+01,1.9800355458e+01,1.9800355458e+01,1.9800355458e+01,1.9800355458e+01,1.9800355458e+01,1.9800355458e+01,1.9800355458e+01,1.9800355458e+01,1.9800355458e+01,1.9800355458e+01,1.9800355458e+01,1.9800355458e+01,1.9800355458e+01,1.9800355458e+01,1.9800355458e+01,1.9800355458e+01,1.9800355458e+01,1.9800355458e+01,1.9800355458e+01,1.9800355458e+01,1.9800355458e+01,1.9800355458e+01,1.9800355458e+01,1.9800355458e+01,1.9800355458e+01,1.9797773937e+01,1.9794622498e+01,1.9791194853e+01,1.9787466852e+01,1.9783412236e+01,1.9779002469e+01,1.9774206532e+01,1.9768990713e+01,1.9763318380e+01,1.9757149723e+01,1.9750441492e+01,1.9743146700e+01,1.9735214304e+01,1.9716980841e+01,1.9695202819e+01,1.9671539464e+01,1.9645830167e+01,1.9617901114e+01,1.9587564286e+01,1.9539013374e+01,1.9481429845e+01,1.9418981759e+01,1.9351276488e+01,1.9258715438e+01,1.9152613695e+01,1.9037857297e+01,1.8893352139e+01,1.8731622321e+01,1.8549075016e+01,1.8339928286e+01,1.8108825865e+01,1.7851725558e+01,1.7563177926e+01,1.7244318616e+01,1.6886916829e+01,1.6483455865e+01,1.6033814426e+01,1.5531252145e+01,1.4978161734e+01,1.4389480071e+01,1.3811233298e+01,1.3364030006e+01,1.3034914734e+01,1.2803010077e+01,1.2795812975e+01,1.2777401405e+01,1.2633766187e+01,1.2252753242e+01,1.1406604915e+01,1.0307997889e+01,9.0933290436e+00,7.7530323507e+00,6.3897950810e+00,5.1773617137e+00,3.9614501177e+00,2.7345105461e+00,1.5772924634e+00,5.9744294126e-01,3.0846333639e-01,1.6923705785e-01,6.5586243876e-02,8.1039132281e-03,3.7668091376e-03,1.1634033673e-03,1.4993812954e-04,7.8657450973e-05,2.4447233374e-05,2.2270381451e-05,9.8302924465e-06,2.1439019563e-05,1.6985552382e-04,0.0000000000e+00,0.0000000000e+00,0.0000000000e+00,0.0000000000e+00,0.0000000000e+00,0.0000000000e+00,0.0000000000e+00,0.0000000000e+00,0.0000000000e+00,0.0000000000e+00,0.0000000000e+00,0.0000000000e+00,0.0000000000e+00,0.0000000000e+00,0.0000000000e+00,0.0000000000e+00,0.0000000000e+00,0.0000000000e+00,0.0000000000e+00,0.0000000000e+00,0.0000000000e+00,0.0000000000e+00,0.0000000000e+00,0.0000000000e+00,0.0000000000e+00,0.0000000000e+00,0.0000000000e+00,0.0000000000e+00,0.0000000000e+00,0.0000000000e+00,0.0000000000e+00,0.0000000000e+00,0.0000000000e+00,0.0000000000e+00,0.0000000000e+00,0.0000000000e+00,0.0000000000e+00,0.0000000000e+00,0.0000000000e+00,0.0000000000e+00,0.0000000000e+00,0.0000000000e+00,0.0000000000e+00,0.0000000000e+00,0.0000000000e+00,0.0000000000e+00,0.0000000000e+00,0.0000000000e+00,0.0000000000e+00,0.0000000000e+00,0.0000000000e+00,0.0000000000e+00,0.0000000000e+00,0.0000000000e+00,0.0000000000e+00,0.0000000000e+00,0.0000000000e+00,0.0000000000e+00,0.0000000000e+00,0.0000000000e+00,0.0000000000e+00,0.0000000000e+00,0.0000000000e+00,0.0000000000e+00,0.0000000000e+00,0.0000000000e+00,0.0000000000e+00,0.0000000000e+00,0.0000000000e+00,0.0000000000e+00,0.0000000000e+00,0.0000000000e+00,0.0000000000e+00,0.0000000000e+00,0.0000000000e+00
2.4492769142e-01,1.8944607608e+01,1.8944607608e+01,1.8944607608e+01,1.8944607608e+01,1.8944607608e+01,1.8944607608e+01,1.8944607608e+01,1.8944607608e+01,1.8944607608e+01,1.8944607608e+01,1.8944607608e+01,1.8944607608e+01,1.8944607608e+01,1.8944607608e+01,1.8944607608e+01,1.8944607608e+01,1.8944607608e+01,1.8944607608e+01,1.8944607608e+01,1.8944607608e+01,1.8944607608e+01,1.8944607608e+01,1.8944607608e+01,1.8944607608e+01,1.8944607608e+01,1.8944607608e+01,1.8944607608e+01,1.8944607608e+01,1.8944607608e+01,1.8944607608e+01,1.8944607608e+01,1.8944607608e+01,1.8944607608e+01,1.8944607608e+01,1.8944607608e+01,1.8944607608e+01,1.8944607608e+01,1.8944607608e+01,1.8944607608e+01,1.8944607608e+01,1.8944607608e+01,1.8944607608e+01,1.8944607608e+01,1.8944607608e+01,1.8944607608e+01,1.8944607608e+01,1.8944607608e+01,1.8944607608e+01,1.8944607608e+01,1.8944607608e+01,1.8944607608e+01,1.8944607608e+01,1.8944607608e+01,1.8944607608e+01,1.8942346679e+01,1.8939586573e+01,1.8936584518e+01,1.8933319349e+01,1.8929768057e+01,1.8925905631e+01,1.8921704882e+01,1.8917136263e+01,1.8912167660e+01,1.8906764172e+01,1.8900887877e+01,1.8894497573e+01,1.8887548496e+01,1.8871538508e+01,1.8852411130e+01,1.8831625912e+01,1.8809041261e+01,1.8784503876e+01,1.8757847853e+01,1.8715155311e+01,1.8664503412e+01,1.8609558688e+01,1.8549972123e+01,1.8468492045e+01,1.8375055133e+01,1.8273948892e+01,1.8146582184e+01,1.8003943873e+01,1.7842826825e+01,1.7658077065e+01,1.7453745912e+01,1.7226196799e+01,1.6970566052e+01,1.6687742131e+01,1.6370336909e+01,1.6011548705e+01,1.5611046993e+01,1.5162601005e+01,1.4668052591e+01,1.4140526313e+01,1.3621245048e+01,1.3218547941e+01,1.2921462238e+01,1.2712144485e+01,1.2705596360e+01,1.2688870459e+01,1.2558119992e+01,1.2199534747e+01,1.1378947607e+01,1.0308713562e+01,9.1272126786e+00,7.8237954230e+00,6.4924940799e+00,5.2954554809e+00,4.0881092007e+00,2.8541480830e+00,1.6756500287e+00,6.6244718401e-01,3.5165480152e-01,1.9622708713e-01,7.7653517732e-02,1.0053894406e-02,4.7275291547e-03,1.4765224929e-03,1.8400505874e-04,8.8932155497e-05,2.4642353125e-05,2.1808362597e-05,9.7850675434e-06,2.1370451064e-05,1.6284064022e-04,0.0000000000e+00,0.0000000000e+00,0.0000000000e+00,0.0000000000e+00,0.0000000000e+00,0.0000000000e+00,0.0000000000e+00,0.0000000000e+00,0.0000000000e+00,0.0000000000e+00,0.0000000000e+00,0.0000000000e+00,0.0000000000e+00,0.0000000000e+00,0.0000000000e+00,0.0000000000e+00,0.0000000000e+00,0.0000000000e+00,0.0000000000e+00,0.0000000000e+00,0.0000000000e+00,0.0000000000e+00,0.0000000000e+00,0.0000000000e+00,0.0000000000e+00,0.0000000000e+00,0.0000000000e+00,0.0000000000e+00,0.0000000000e+00,0.0000000000e+00,0.0000000000e+00,0.0000000000e+00,0.0000000000e+00,0.0000000000e+00,0.0000000000e+00,0.0000000000e+00,0.0000000000e+00,0.0000000000e+00,0.0000000000e+00,0.0000000000e+00,0.0000000000e+00,0.0000000000e+00,0.0000000000e+00,0.0000000000e+00,0.0000000000e+00,0.0000000000e+00,0.0000000000e+00,0.0000000000e+00,0.0000000000e+00,0.0000000000e+00,0.0000000000e+00,0.0000000000e+00,0.0000000000e+00,0.0000000000e+00,0.0000000000e+00,0.0000000000e+00,0.0000000000e+00,0.0000000000e+00,0.0000000000e+00,0.0000000000e+00,0.0000000000e+00,0.0000000000e+00,0.0000000000e+00,0.0000000000e+00,0.0000000000e+00,0.0000000000e+00,0.0000000000e+00,0.0000000000e+00,0.0000000000e+00,0.0000000000e+00,0.0000000000e+00,0.0000000000e+00,0.0000000000e+00,0.0000000000e+00,0.0000000000e+00
2.5742522744e-01,1.8171063918e+01,1.8171063918e+01,1.8171063918e+01,1.8171063918e+01,1.8171063918e+01,1.8171063918e+01,1.8171063918e+01,1.8171063918e+01,1.8171063918e+01,1.8171063918e+01,1.8171063918e+01,1.8171063918e+01,1.8171063918e+01,1.8171063918e+01,1.8171063918e+01,1.8171063918e+01,1.8171063918e+01,1.8171063918e+01,1.8171063918e+01,1.8171063918e+01,1.8171063918e+01,1.8171063918e+01,1.8171063918e+01,1.8171063918e+01,1.8171063918e+01,1.8171063918e+01,1.8171063918e+01,1.8171063918e+01,1.8171063918e+01,1.8171063918e+01,1.8171063918e+01,1.8171063918e+01,1.8171063918e+01,1.8171063918e+01,1.8171063918e+01,1.8171063918e+01,1.8171063918e+01,1.8171063918e+01,1.8171063918e+01,1.8171063918e+01,1.8171063918e+01,1.8171063918e+01,1.8171063918e+01,1.8171063918e+01,1.8171063918e+01,1.8171063918e+01,1.8171063918e+01,1.8171063918e+01,1.8171063918e+01,1.8171063918e+01,1.8171063918e+01,1.8171063918e+01,1.8171063918e+01,1.8171063918e+01,1.8169079382e+01,1.8166656665e+01,1.8164021540e+01,1.8161155421e+01,1.8158038099e+01,1.8154647607e+01,1.8150960065e+01,1.8146949516e+01,1.8142587748e+01,1.8137844100e+01,1.8132685250e+01,1.8127074993e+01,1.8120973987e+01,1.8106887045e+01,1.8090052958e+01,1.8071758195e+01,1.8051877710e+01,1.8030276062e+01,1.8006806610e+01,1.7969191574e+01,1.7924550297e+01,1.7876114345e+01,1.7823573139e+01,1.7751713385e+01,1.7669278561e+01,1.7580038578e+01,1.7467579801e+01,1.7341563871e+01,1.7199124622e+01,1.7035663265e+01,1.6854721941e+01,1.6653027816e+01,1.6426235464e+01,1.6175037492e+01,1.5892798663e+01,1.5573366928e+01,1.5216266200e+01,1.4815754564e+01,1.4373230428e+01,1.3900232975e+01,1.3433669368e+01,1.3070799052e+01,1.2802314653e+01,1.2612942819e+01,1.2606312487e+01,1.2590427214e+01,1.2470881973e+01,1.2132918594e+01,1.1337236348e+01,1.0295197700e+01,9.1468571670e+00,7.8808221506e+00,6.5829227021e+00,5.4039073838e+00,4.2085659571e+00,2.9711349775e+00,1.7749585129e+00,7.3170438137e-01,3.9894431725e-01,2.2629564428e-01,9.1454566573e-02,1.2501764796e-02,5.9618784358e-03,1.8877783116e-03,2.3013587742e-04,1.0403990090e-04,2.5287269046e-05,2.1484923426e-05,9.7762977099e-06,2.1334731616e-05,1.5607737212e-04,0.0000000000e+00,0.0000000000e+00,0.0000000000e+00,0.0000000000e+00,0.0000000000e+00,0.0000000000e+00,0.0000000000e+00,0.0000000000e+00,0.0000000000e+00,0.0000000000e+00,0.0000000000e+00,0.0000000000e+00,0.0000000000e+00,0.0000000000e+00,0.0000000000e+00,0.0000000000e+00,0.0000000000e+00,0.0000000000e+00,0.0000000000e+00,0.0000000000e+00,0.0000000000e+00,0.0000000000e+00,0.0000000000e+00,0.0000000000e+00,0.0000000000e+00,0.0000000000e+00,0.0000000000e+00,0.0000000000e+00,0.0000000000e+00,0.0000000000e+00,0.0000000000e+00,0.0000000000e+00,0.0000000000e+00,0.0000000000e+00,0.0000000000e+00,0.0000000000e+00,0.0000000000e+00,0.0000000000e+00,0.0000000000e+00,0.0000000000e+00,0.0000000000e+00,0.0000000000e+00,0.0000000000e+00,0.0000000000e+00,0.0000000000e+00,0.0000000000e+00,0.0000000000e+00,0.0000000000e+00,0.0000000000e+00,0.0000000000e+00,0.0000000000e+00,0.0000000000e+00,0.0000000000e+00,0.0000000000e+00,0.0000000000e+00,0.0000000000e+00,0.0000000000e+00,0.0000000000e+00,0.0000000000e+00,0.0000000000e+00,0.0000000000e+00,0.0000000000e+00,0.0000000000e+00,0.0000000000e+00,0.0000000000e+00,0.0000000000e+00,0.0000000000e+00,0.0000000000e+00,0.0000000000e+00,0.0000000000e+00,0.0000000000e+00,0.0000000000e+00,0.0000000000e+00,0.0000000000e+00,0.0000000000e+00
2.7056045535e-01,1.7467969846e+01,1.7467969846e+01,1.7467969846e+01,1.7467969846e+01,1.7467969846e+01,1.7467969846e+01,1.7467969846e+01,1.7467969846e+01,1.7467969846e+01,1.7467969846e+01,1.7467969846e+01,1.7467969846e+01,1.7467969846e+01,1.7467969846e+01,1.7467969846e+01,1.7467969846e+01,1.7467969846e+01,1.7467969846e+01,1.7467969846e+01,1.7467969846e+01,1.7467969846e+01,1.7467969846e+01,1.7467969846e+01,1.7467969846e+01,1.7467969846e+01,1.7467969846e+01,1.7467969846e+01,1.7467969846e+01,1.7467969846e+01,1.7467969846e+01,1.7467969846e+01,1.7467969846e+01,1.7467969846e+01,1.7467969846e+01,1.7467969846e+01,1.7467969846e+01,1.7467969846e+01,1.7467969846e+01,1.7467969846e+01,1.7467969846e+01,1.7467969846e+01,1.7467969846e+01,1.7467969846e+01,1.7467969846e+01,1.7467969846e+01,1.7467969846e+01,1.7467969846e+01,1.7467969846e+01,1.7467969846e+01,1.7467969846e+01,1.7467969846e+01,1.7467969846e+01,1.7467969846e+01,1.7467969846e+01,1.7466224489e+01,1.7464093739e+01,1.7461776152e+01,1.7459255373e+01,1.7456513621e+01,1.7453531563e+01,1.7450288186e+01,1.7446760645e+01,1.7442924108e+01,1.7438751587e+01,1.7434213749e+01,1.7429278717e+01,1.7423911854e+01,1.7411494048e+01,1.7396651106e+01,1.7380518956e+01,1.7362986992e+01,1.7343935370e+01,1.7323234284e+01,1.7290034953e+01,1.7250623224e+01,1.7207852183e+01,1.7161445204e+01,1.7097964874e+01,1.7025118404e+01,1.6946226618e+01,1.6846775785e+01,1.6735276413e+01,1.6609164314e+01,1.6464332417e+01,1.6303883747e+01,1.6124871810e+01,1.5923410422e+01,1.5700037268e+01,1.5448790347e+01,1.5164107320e+01,1.4845415627e+01,1.4487438013e+01,1.4091216563e+01,1.3666901109e+01,1.3247520745e+01,1.2920333346e+01,1.2677431235e+01,1.2505718892e+01,1.2498487677e+01,1.2482814609e+01,1.2373033603e+01,1.2054083572e+01,1.1282790361e+01,1.0268867277e+01,9.1536763651e+00,7.9253709449e+00,6.6620686941e+00,5.5034447785e+00,4.3232532714e+00,3.0856349318e+00,1.8752015538e+00,8.0522906307e-01,4.5044415129e-01,2.5959828874e-01,1.0714455899e-01,1.5556639471e-02,7.5371656730e-03,2.4248313321e-03,2.9301825276e-04,1.2590094322e-04,2.6562557398e-05,2.1350412420e-05,9.8032798623e-06,2.1316579448e-05,1.4945833402e-04,0.0000000000e+00,0.0000000000e+00,0.0000000000e+00,0.0000000000e+00,0.0000000000e+00,0.0000000000e+00,0.0000000000e+00,0.0000000000e+00,0.0000000000e+00,0.0000000000e+00,0.0000000000e+00,0.0000000000e+00,0.0000000000e+00,0.0000000000e+00,0.0000000000e+00,0.0000000000e+00,0.0000000000e+00,0.0000000000e+00,0.0000000000e+00,0.0000000000e+00,0.0000000000e+00,0.0000000000e+00,0.0000000000e+00,0.0000000000e+00,0.0000000000e+00,0.0000000000e+00,0.0000000000e+00,0.0000000000e+00,0.0000000000e+00,0.0000000000e+00,0.0000000000e+00,0.0000000000e+00,0.0000000000e+00,0.0000000000e+00,0.0000000000e+00,0.0000000000e+00,0.0000000000e+00,0.0000000000e+00,0.0000000000e+00,0.0000000000e+00,0.0000000000e+00,0.0000000000e+00,0.0000000000e+00,0.0000000000e+00,0.0000000000e+00,0.0000000000e+00,0.0000000000e+00,0.0000000000e+00,0.0000000000e+00,0.0000000000e+00,0.0000000000e+00,0.0000000000e+00,0.0000000000e+00,0.0000000000e+00,0.0000000000e+00,0.0000000000e+00,0.0000000000e+00,0.0000000000e+00,0.0000000000e+00,0.0000000000e+00,0.0000000000e+00,0.0000000000e+00,0.0000000000e+00,0.0000000000e+00,0.0000000000e+00,0.0000000000e+00,0.0000000000e+00,0.0000000000e+00,0.0000000000e+00,0.0000000000e+00,0.0000000000e+00,0.0000000000e+00,0.0000000000e+00,0.0000000000e+00,0.0000000000e+00
2.8436591367e-01,1.6825294493e+01,1.6825294493e+01,1.6825294493e+01,1.6825294493e+01,1.6825294493e+01,1.6825294493e+01,1.6825294493e+01,1.6825294493e+01,1.6825294493e+01,1.6825294493e+01,1.6825294493e+01,1.6825294493e+01,1.6825294493e+01,1.6825294493e+01,1.6825294493e+01,1.6825294493e+01,1.6825294493e+01,1.6825294493e+01,1.6825294493e+01,1.6825294493e+01,1.6825294493e+01,1.6825294493e+01,1.6825294493e+01,1.6825294493e+01,1.6825294493e+01,1.6825294493e+01,1.6825294493e+01,1.6825294493e+01,1.6825294493e+01,1.6825294493e+01,1.6825294493e+01,1.6825294493e+01,1.6825294493e+01,1.6825294493e+01,1.6825294493e+01,1.6825294493e+01,1.6825294493e+01,1.6825294493e+01,1.6825294493e+01,1.6825294493e+01,1.6825294493e+01,1.6825294493e+01,1.6825294493e+01,1.6825294493e+01,1.6825294493e+01,1.6825294493e+01,1.6825294493e+01,1.6825294493e+01,1.6825294493e+01,1.6825294493e+01,1.6825294493e+01,1.6825294493e+01,1.6825294493e+01,1.6825294493e+01,1.6823756827e+01,1.6821879610e+01,1.6819837766e+01,1.6817616878e+01,1.6815201275e+01,1.6812573917e+01,1.6809716277e+01,1.6806608218e+01,1.6803227847e+01,1.6799551367e+01,1.6795552916e+01,1.6791204383e+01,1.6786475219e+01,1.6775510938e+01,1.6762402464e+01,1.6748154373e+01,1.6732668702e+01,1.6715839265e+01,1.6697551009e+01,1.6668203922e+01,1.6633356329e+01,1.6595530986e+01,1.6554481317e+01,1.6498321550e+01,1.6433856170e+01,1.6364015150e+01,1.6275946978e+01,1.6177160709e+01,1.6065360064e+01,1.5936874222e+01,1.5794426299e+01,1.5635362765e+01,1.5456205021e+01,1.5257368463e+01,1.5033493596e+01,1.4779553005e+01,1.4494915224e+01,1.4174741400e+01,1.3819787943e+01,1.3438985117e+01,1.3061877020e+01,1.2766696592e+01,1.2546713431e+01,1.2390678276e+01,1.2382496822e+01,1.2366584192e+01,1.2265335720e+01,1.1963973672e+01,1.1216686129e+01,1.0230901333e+01,9.1488739840e+00,7.9585434459e+00,6.7308234937e+00,5.5947353455e+00,4.4325728573e+00,3.1978033099e+00,1.9763562386e+00,8.8300111768e-01,5.0623403617e-01,2.9627415560e-01,1.2487968833e-01,1.9344306369e-02,9.5330665966e-03,3.1216894861e-03,3.7916175221e-04,1.5725945579e-04,2.8754288410e-05,2.1493771840e-05,9.8706916265e-06,2.1304146632e-05,1.4291355988e-04,0.0000000000e+00,0.0000000000e+00,0.0000000000e+00,0.0000000000e+00,0.0000000000e+00,0.0000000000e+00,0.0000000000e+00,0.0000000000e+00,0.0000000000e+00,0.0000000000e+00,0.0000000000e+00,0.0000000000e+00,0.0000000000e+00,0.0000000000e+00,0.0000000000e+00,0.0000000000e+00,0.0000000000e+00,0.0000000000e+00,0.0000000000e+00,0.0000000000e+00,0.0000000000e+00,0.0000000000e+00,0.0000000000e+00,0.0000000000e+00,0.0000000000e+00,0.0000000000e+00,0.0000000000e+00,0.0000000000e+00,0.0000000000e+00,0.0000000000e+00,0.0000000000e+00,0.0000000000e+00,0.0000000000e+00,0.0000000000e+00,0.0000000000e+00,0.0000000000e+00,0.0000000000e+00,0.0000000000e+00,0.0000000000e+00,0.0000000000e+00,0.0000000000e+00,0.0000000000e+00,0.0000000000e+00,0.0000000000e+00,0.0000000000e+00,0.0000000000e+00,0.0000000000e+00,0.0000000000e+00,0.0000000000e+00,0.0000000000e+00,0.0000000000e+00,0.0000000000e+00,0.0000000000e+00,0.0000000000e+00,0.0000000000e+00,0.0000000000e+00,0.0000000000e+00,0.0000000000e+00,0.0000000000e+00,0.0000000000e+00,0.0000000000e+00,0.0000000000e+00,0.0000000000e+00,0.0000000000e+00,0.0000000000e+00,0.0000000000e+00,0.0000000000e+00,0.0000000000e+00,0.0000000000e+00,0.0000000000e+00,0.0000000000e+00,0.0000000000e+00,0.0000000000e+00,0.0000000000e+00,0.0000000000e+00
2.9887580116e-01,1.6234467001e+01,1.6234467001e+01,1.6234467001e+01,1.6234467001e+01,1.6234467001e+01,1.6234467001e+01,1.6234467001e+01,1.6234467001e+01,1.6234467001e+01,1.6234467001e+01,1.6234467001e+01,1.6234467001e+01,1.6234467001e+01,1.6234467001e+01,1.6234467001e+01,1.6234467001e+01,1.6234467001e+01,1.6234467001e+01,1.6234467001e+01,1.6234467001e+01,1.6234467001e+01,1.6234467001e+01,1.6234467001e+01,1.6234467001e+01,1.6234467001e+01,1.6234467001e+01,1.6234467001e+01,1.6234467001e+01,1.6234467001e+01,1.6234467001e+01,1.6234467001e+01,1.6234467001e+01,1.6234467001e+01,1.6234467001e+01,1.6234467001e+01,1.6234467001e+01,1.6234467001e+01,1.6234467001e+01,1.6234467001e+01,1.6234467001e+01,1.6234467001e+01,1.6234467001e+01,1.6234467001e+01,1.6234467001e+01,1.6234467001e+01,1.6234467001e+01,1.6234467001e+01,1.6234467001e+01,1.6234467001e+01,1.6234467001e+01,1.6234467001e+01,1.6234467001e+01,1.6234467001e+01,1.6234467001e+01,1.6233110254e+01,1.6231453895e+01,1.6229652258e+01,1.6227692620e+01,1.6225561146e+01,1.6223242794e+01,1.6220721209e+01,1.6217978612e+01,1.6214995674e+01,1.6211751384e+01,1.6208222901e+01,1.6204385403e+01,1.6200211910e+01,1.6190517214e+01,1.6178924155e+01,1.6166322366e+01,1.6152624974e+01,1.6137737792e+01,1.6121558729e+01,1.6095582015e+01,1.6064729180e+01,1.6031233861e+01,1.5994876128e+01,1.5945129521e+01,1.5888009904e+01,1.5826106113e+01,1.5748024576e+01,1.5660400633e+01,1.5561176089e+01,1.5447067769e+01,1.5320469130e+01,1.5178989798e+01,1.5019513448e+01,1.4842359197e+01,1.4642707189e+01,1.4416014925e+01,1.4161620526e+01,1.3875096241e+01,1.3556970099e+01,1.3215100251e+01,1.2875899054e+01,1.2609459077e+01,1.2410040967e+01,1.2267961551e+01,1.2258614273e+01,1.2242153245e+01,1.2148388072e+01,1.1863355963e+01,1.1139809979e+01,1.0182283847e+01,9.1334729660e+00,7.9812978461e+00,6.7899810683e+00,5.6783776675e+00,4.5368808083e+00,3.3077726355e+00,2.0783835128e+00,9.6496147387e-01,5.6635790861e-01,3.3644363350e-01,1.4481594524e-01,2.4008006314e-02,1.2042681242e-02,4.0196625758e-03,4.9749394318e-04,2.0198160373e-04,3.2306083411e-05,2.2061067671e-05,9.9911395854e-06,2.1288932199e-05,1.3640169173e-04,0.0000000000e+00,0.0000000000e+00,0.0000000000e+00,0.0000000000e+00,0.0000000000e+00,0.0000000000e+00,0.0000000000e+00,0.0000000000e+00,0.0000000000e+00,0.0000000000e+00,0.0000000000e+00,0.0000000000e+00,0.0000000000e+00,0.0000000000e+00,0.0000000000e+00,0.0000000000e+00,0.0000000000e+00,0.0000000000e+00,0.0000000000e+00,0.0000000000e+00,0.0000000000e+00,0.0000000000e+00,0.0000000000e+00,0.0000000000e+00,0.0000000000e+00,0.0000000000e+00,0.0000000000e+00,0.0000000000e+00,0.0000000000e+00,0.0000000000e+00,0.0000000000e+00,0.0000000000e+00,0.0000000000e+00,0.0000000000e+00,0.0000000000e+00,0.0000000000e+00,0.0000000000e+00,0.0000000000e+00,0.0000000000e+00,0.0000000000e+00,0.0000000000e+00,0.0000000000e+00,0.0000000000e+00,0.0000000000e+00,0.0000000000e+00,0.0000000000e+00,0.0000000000e+00,0.0000000000e+00,0.0000000000e+00,0.0000000000e+00,0.0000000000e+00,0.0000000000e+00,0.0000000000e+00,0.0000000000e+00,0.0000000000e+00,0.0000000000e+00,0.0000000000e+00,0.0000000000e+00,0.0000000000e+00,0.0000000000e+00,0.0000000000e+00,0.0000000000e+00,0.0000000000e+00,0.0000000000e+00,0.0000000000e+00,0.0000000000e+00,0.0000000000e+00,0.0000000000e+00,0.0000000000e+00,0.0000000000e+00,0.0000000000e+00,0.0000000000e+00,0.0000000000e+00,0.0000000000e+00,0.0000000000e+00
3.1412606162e-01,1.5688157155e+01,1.5688157155e+01,1.5688157155e+01,1.5688157155e+01,1.5688157155e+01,1.5688157155e+01,1.5688157155e+01,1.5688157155e+01,1.5688157155e+01,1.5688157155e+01,1.5688157155e+01,1.5688157155e+01,1.5688157155e+01,1.5688157155e+01,1.5688157155e+01,1.5688157155e+01,1.5688157155e+01,1.5688157155e+01,1.5688157155e+01,1.5688157155e+01,1.5688157155e+01,1.5688157155e+01,1.5688157155e+01,1.5688157155e+01,1.5688157155e+01,1.5688157155e+01,1.5688157155e+01,1.5688157155e+01,1.5688157155e+01,1.5688157155e+01,1.5688157155e+01,1.5688157155e+01,1.5688157155e+01,1.5688157155e+01,1.5688157155e+01,1.5688157155e+01,1.5688157155e+01,1.5688157155e+01,1.5688157155e+01,1.5688157155e+01,1.5688157155e+01,1.5688157155e+01,1.5688157155e+01,1.5688157155e+01,1.5688157155e+01,1.5688157155e+01,1.5688157155e+01,1.5688157155e+01,1.5688157155e+01,1.5688157155e+01,1.5688157155e+01,1.5688157155e+01,1.5688157155e+01,1.5688157155e+01,1.5686958464e+01,1.5685495051e+01,1.5683903270e+01,1.5682171874e+01,1.5680288636e+01,1.5678240260e+01,1.5676012290e+01,1.5673589009e+01,1.5670953329e+01,1.5668086675e+01,1.5664968853e+01,1.5661577914e+01,1.5657890000e+01,1.5649307276e+01,1.5639041862e+01,1.5627882539e+01,1.5615752193e+01,1.5602567195e+01,1.5588236871e+01,1.5565216674e+01,1.5537869325e+01,1.5508174764e+01,1.5475936727e+01,1.5431822460e+01,1.5381157104e+01,1.5326230959e+01,1.5256932192e+01,1.5179131862e+01,1.5090983687e+01,1.4989549456e+01,1.4876935776e+01,1.4750988796e+01,1.4608914643e+01,1.4450956870e+01,1.4272779322e+01,1.4070278847e+01,1.3842784479e+01,1.3586252022e+01,1.3301027581e+01,1.2994025585e+01,1.2688844356e+01,1.2448237216e+01,1.2267299907e+01,1.2137678640e+01,1.2127054600e+01,1.2109850952e+01,1.2022678059e+01,1.1752868709e+01,1.1052902796e+01,1.0123841444e+01,9.1083427531e+00,7.9944629143e+00,6.8402393447e+00,5.7548950764e+00,4.6364762845e+00,3.4156401226e+00,2.1812192474e+00,1.0510080307e+00,6.3082096708e-01,3.8020616832e-01,1.6710781560e-01,2.9708837231e-02,1.5173423004e-02,5.1683516403e-03,6.6010014255e-04,2.6544068712e-04,3.7897171176e-05,2.3284870921e-05,1.0189849138e-05,2.1266370625e-05,1.2990365493e-04,0.0000000000e+00,0.0000000000e+00,0.0000000000e+00,0.0000000000e+00,0.0000000000e+00,0.0000000000e+00,0.0000000000e+00,0.0000000000e+00,0.0000000000e+00,0.0000000000e+00,0.0000000000e+00,0.0000000000e+00,0.0000000000e+00,0.0000000000e+00,0.0000000000e+00,0.0000000000e+00,0.0000000000e+00,0.0000000000e+00,0.0000000000e+00,0.0000000000e+00,0.0000000000e+00,0.0000000000e+00,0.0000000000e+00,0.0000000000e+00,0.0000000000e+00,0.0000000000e+00,0.0000000000e+00,0.0000000000e+00,0.0000000000e+00,0.0000000000e+00,0.0000000000e+00,0.0000000000e+00,0.0000000000e+00,0.0000000000e+00,0.0000000000e+00,0.0000000000e+00,0.0000000000e+00,0.0000000000e+00,0.0000000000e+00,0.0000000000e+00,0.0000000000e+00,0.0000000000e+00,0.0000000000e+00,0.0000000000e+00,0.0000000000e+00,0.0000000000e+00,0.0000000000e+00,0.0000000000e+00,0.0000000000e+00,0.0000000000e+00,0.0000000000e+00,0.0000000000e+00,0.0000000000e+00,0.0000000000e+00,0.0000000000e+00,0.0000000000e+00,0.0000000000e+00,0.0000000000e+00,0.0000000000e+00,0.0000000000e+00,0.0000000000e+00,0.0000000000e+00,0.0000000000e+00,0.0000000000e+00,0.0000000000e+00,0.0000000000e+00,0.0000000000e+00,0.0000000000e+00,0.0000000000e+00,0.0000000000e+00,0.0000000000e+00,0.0000000000e+00,0.0000000000e+00,0.0000000000e+00,0.0000000000e+00
3.3015447288e-01,1.5180092814e+01,1.5180092814e+01,1.5180092814e+01,1.5180092814e+01,1.5180092814e+01,1.5180092814e+01,1.5180092814e+01,1.5180092814e+01,1.5180092814e+01,1.5180092814e+01,1.5180092814e+01,1.5180092814e+01,1.5180092814e+01,1.5180092814e+01,1.5180092814e+01,1.5180092814e+01,1.5180092814e+01,1.5180092814e+01,1.5180092814e+01,1.5180092814e+01,1.5180092814e+01,1.5180092814e+01,1.5180092814e+01,1.5180092814e+01,1.5180092814e+01,1.5180092814e+01,1.5180092814e+01,1.5180092814e+01,1.5180092814e+01,1.5180092814e+01,1.5180092814e+01,1.5180092814e+01,1.5180092814e+01,1.5180092814e+01,1.5180092814e+01,1.5180092814e+01,1.5180092814e+01,1.5180092814e+01,1.5180092814e+01,1.5180092814e+01,1.5180092814e+01,1.5180092814e+01,1.5180092814e+01,1.5180092814e+01,1.5180092814e+01,1.5180092814e+01,1.5180092814e+01,1.5180092814e+01,1.5180092814e+01,1.5180092814e+01,1.5180092814e+01,1.5180092814e+01,1.5180092814e+01,1.5180092814e+01,1.5179032563e+01,1.5177738154e+01,1.5176330190e+01,1.5174798720e+01,1.5173132924e+01,1.5171321039e+01,1.5169350270e+01,1.5167206710e+01,1.5164875237e+01,1.5162339410e+01,1.5159581356e+01,1.5156581646e+01,1.5153319162e+01,1.5145712783e+01,1.5136613384e+01,1.5126721040e+01,1.5115967246e+01,1.5104277684e+01,1.5091571756e+01,1.5071151190e+01,1.5046887193e+01,1.5020536576e+01,1.4991924124e+01,1.4952767662e+01,1.4907785923e+01,1.4859007328e+01,1.4797449251e+01,1.4728312582e+01,1.4649939945e+01,1.4559700510e+01,1.4459450651e+01,1.4347249231e+01,1.4220589756e+01,1.4079656701e+01,1.3920547783e+01,1.3739557712e+01,1.3536022156e+01,1.3306253225e+01,1.3050452761e+01,1.2774703567e+01,1.2500075848e+01,1.2282709239e+01,1.2118403912e+01,1.1999935498e+01,1.1988004611e+01,1.1969955089e+01,1.1888620003e+01,1.1633060683e+01,1.0956597343e+01,1.0056275926e+01,9.0742239585e+00,7.9987519925e+00,6.8822035497e+00,5.8247322992e+00,4.7315932211e+00,3.5214574725e+00,2.2847663358e+00,1.1409920620e+00,6.9958711837e-01,4.2763817536e-01,1.9190685822e-01,3.6625691560e-02,1.9047676963e-02,6.6266516931e-03,8.8312184723e-04,3.5500440819e-04,4.6556790317e-05,2.5529617590e-05,1.0512909086e-05,2.1237681030e-05,1.2342001482e-04,0.0000000000e+00,0.0000000000e+00,0.0000000000e+00,0.0000000000e+00,0.0000000000e+00,0.0000000000e+00,0.0000000000e+00,0.0000000000e+00,0.0000000000e+00,0.0000000000e+00,0.0000000000e+00,0.0000000000e+00,0.0000000000e+00,0.0000000000e+00,0.0000000000e+00,0.0000000000e+00,0.0000000000e+00,0.0000000000e+00,0.0000000000e+00,0.0000000000e+00,0.0000000000e+00,0.0000000000e+00,0.0000000000e+00,0.0000000000e+00,0.0000000000e+00,0.0000000000e+00,0.0000000000e+00,0.0000000000e+00,0.0000000000e+00,0.0000000000e+00,0.0000000000e+00,0.0000000000e+00,0.0000000000e+00,0.0000000000e+00,0.0000000000e+00,0.0000000000e+00,0.0000000000e+00,0.0000000000e+00,0.0000000000e+00,0.0000000000e+00,0.0000000000e+00,0.0000000000e+00,0.0000000000e+00,0.0000000000e+00,0.0000000000e+00,0.0000000000e+00,0.0000000000e+00,0.0000000000e+00,0.0000000000e+00,0.0000000000e+00,0.0000000000e+00,0.0000000000e+00,0.0000000000e+00,0.0000000000e+00,0.0000000000e+00,0.0000000000e+00,0.0000000000e+00,0.0000000000e+00,0.0000000000e+00,0.0000000000e+00,0.0000000000e+00,0.0000000000e+00,0.0000000000e+00,0.0000000000e+00,0.0000000000e+00,0.0000000000e+00,0.0000000000e+00,0.0000000000e+00,0.0000000000e+00,0.0000000000e+00,0.0000000000e+00,0.0000000000e+00,0.0000000000e+00,0.0000000000e+00,0.0000000000e+00
3.4700074041e-01,1.4704907727e+01,1.4704907727e+01,1.4704907727e+01,1.4704907727e+01,1.4704907727e+01,1.4704907727e+01,1.4704907727e+01,1.4704907727e+01,1.4704907727e+01,1.4704907727e+01,1.4704907727e+01,1.4704907727e+01,1.4704907727e+01,1.4704907727e+01,1.4704907727e+01,1.4704907727e+01,1.4704907727e+01,1.4704907727e+01,1.4704907727e+01,1.4704907727e+01,1.4704907727e+01,1.4704907727e+01,1.4704907727e+01,1.4704907727e+01,1.4704907727e+01,1.4704907727e+01,1.4704907727e+01,1.4704907727e+01,1.4704907727e+01,1.4704907727e+01,1.4704907727e+01,1.4704907727e+01,1.4704907727e+01,1.4704907727e+01,1.4704907727e+01,1.4704907727e+01,1.4704907727e+01,1.4704907727e+01,1.4704907727e+01,1.4704907727e+01,1.4704907727e+01,1.4704907727e+01,1.4704907727e+01,1.4704907727e+01,1.4704907727e+01,1.4704907727e+01,1.4704907727e+01,1.4704907727e+01,1.4704907727e+01,1.4704907727e+01,1.4704907727e+01,1.4704907727e+01,1.4704907727e+01,1.4704907727e+01,1.4703969020e+01,1.4702822990e+01,1.4701576412e+01,1.4700220474e+01,1.4698745593e+01,1.4697141349e+01,1.4695396412e+01,1.4693498461e+01,1.4691434101e+01,1.4689188770e+01,1.4686746632e+01,1.4684090476e+01,1.4681201589e+01,1.4674454384e+01,1.4666381316e+01,1.4657604277e+01,1.4648062362e+01,1.4637689484e+01,1.4626413953e+01,1.4608284077e+01,1.4586737837e+01,1.4563335392e+01,1.4537920268e+01,1.4503136735e+01,1.4463170000e+01,1.4419818261e+01,1.4365095623e+01,1.4303614030e+01,1.4233884737e+01,1.4153551134e+01,1.4064250801e+01,1.3964234003e+01,1.3851250690e+01,1.3725439349e+01,1.3583287139e+01,1.3421448909e+01,1.3239278281e+01,1.3033417139e+01,1.2803953587e+01,1.2556236913e+01,1.2309066671e+01,1.2112625927e+01,1.1963309767e+01,1.1854854286e+01,1.1841647941e+01,1.1822720565e+01,1.1746586141e+01,1.1504422680e+01,1.0851448839e+01,9.9801918186e+00,9.0317502263e+00,7.9947764829e+00,6.9163909311e+00,5.8882544988e+00,4.8223949086e+00,3.6252230893e+00,2.3888881338e+00,1.2347153164e+00,7.7257688383e-01,4.7879103727e-01,2.1936010725e-01,4.4954636468e-02,2.3803158249e-02,8.4637385323e-03,1.1878227958e-03,4.8063721568e-04,5.9827131557e-05,2.9358961190e-05,1.1040711023e-05,2.1212683358e-05,1.1696652751e-04,0.0000000000e+00,0.0000000000e+00,0.0000000000e+00,0.0000000000e+00,0.0000000000e+00,0.0000000000e+00,0.0000000000e+00,0.0000000000e+00,0.0000000000e+00,0.0000000000e+00,0.0000000000e+00,0.0000000000e+00,0.0000000000e+00,0.0000000000e+00,0.0000000000e+00,0.0000000000e+00,0.0000000000e+00,0.0000000000e+00,0.0000000000e+00,0.0000000000e+00,0.0000000000e+00,0.0000000000e+00,0.0000000000e+00,0.0000000000e+00,0.0000000000e+00,0.0000000000e+00,0.0000000000e+00,0.0000000000e+00,0.0000000000e+00,0.0000000000e+00,0.0000000000e+00,0.0000000000e+00,0.0000000000e+00,0.0000000000e+00,0.0000000000e+00,0.0000000000e+00,0.0000000000e+00,0.0000000000e+00,0.0000000000e+00,0.0000000000e+00,0.0000000000e+00,0.0000000000e+00,0.0000000000e+00,0.0000000000e+00,0.0000000000e+00,0.0000000000e+00,0.0000000000e+00,0.0000000000e+00,0.0000000000e+00,0.0000000000e+00,0.0000000000e+00,0.0000000000e+00,0.0000000000e+00,0.0000000000e+00,0.0000000000e+00,0.0000000000e+00,0.0000000000e+00,0.0000000000e+00,0.0000000000e+00,0.0000000000e+00,0.0000000000e+00,0.0000000000e+00,0.0000000000e+00,0.0000000000e+00,0.0000000000e+00,0.0000000000e+00,0.0000000000e+00,0.0000000000e+00,0.0000000000e+00,0.0000000000e+00,0.0000000000e+00,0.0000000000e+00,0.0000000000e+00,0.0000000000e+00,0.0000000000e+00
3.6470659565e-01,1.4258014111e+01,1.4258014111e+01,1.4258014111e+01,1.4258014111e+01,1.4258014111e+01,1.4258014111e+01,1.4258014111e+01,1.4258014111e+01,1.4258014111e+01,1.4258014111e+01,1.4258014111e+01,1.4258014111e+01,1.4258014111e+01,1.4258014111e+01,1.4258014111e+01,1.4258014111e+01,1.4258014111e+01,1.4258014111e+01,1.4258014111e+01,1.4258014111e+01,1.4258014111e+01,1.4258014111e+01,1.4258014111e+01,1.4258014111e+01,1.4258014111e+01,1.4258014111e+01,1.4258014111e+01,1.4258014111e+01,1.4258014111e+01,1.4258014111e+01,1.4258014111e+01,1.4258014111e+01,1.4258014111e+01,1.4258014111e+01,1.4258014111e+01,1.4258014111e+01,1.4258014111e+01,1.4258014111e+01,1.4258014111e+01,1.4258014111e+01,1.4258014111e+01,1.4258014111e+01,1.4258014111e+01,1.4258014111e+01,1.4258014111e+01,1.4258014111e+01,1.4258014111e+01,1.4258014111e+01,1.4258014111e+01,1.4258014111e+01,1.4258014111e+01,1.4258014111e+01,1.4258014111e+01,1.4258014111e+01,1.4257182336e+01,1.4256166850e+01,1.4255062261e+01,1.4253860759e+01,1.4252553851e+01,1.4251132300e+01,1.4249586062e+01,1.4247904218e+01,1.4246074891e+01,1.4244085170e+01,1.4241921019e+01,1.4239567175e+01,1.4237007048e+01,1.4231017414e+01,1.4223849516e+01,1.4216056200e+01,1.4207583286e+01,1.4198371976e+01,1.4188358468e+01,1.4172250885e+01,1.4153104649e+01,1.4132306272e+01,1.4109715991e+01,1.4078796493e+01,1.4043262686e+01,1.4004709971e+01,1.3956033765e+01,1.3901327404e+01,1.3839252868e+01,1.3767698452e+01,1.3688110023e+01,1.3598910165e+01,1.3498077927e+01,1.3385716189e+01,1.3258661890e+01,1.3113895740e+01,1.2950797214e+01,1.2766312444e+01,1.2560440522e+01,1.2337883290e+01,1.2115401627e+01,1.1937817137e+01,1.1802027973e+01,1.1702587918e+01,1.1688183231e+01,1.1668400954e+01,1.1596930440e+01,1.1367412122e+01,1.0737959442e+01,9.8961192273e+00,8.9814672242e+00,7.9830585054e+00,6.9432364448e+00,5.9457483595e+00,4.9089712883e+00,3.7268768013e+00,2.4934034985e+00,1.3319280252e+00,8.4966584747e-01,5.3368918129e-01,2.4960825031e-01,5.4907656917e-02,2.9592909540e-02,1.0760009771e-02,1.6018256974e-03,6.5563095928e-04,7.9991404950e-05,3.5634592792e-05,1.1909934940e-05,2.1215093567e-05,1.1057203139e-04,0.0000000000e+00,0.0000000000e+00,0.0000000000e+00,0.0000000000e+00,0.0000000000e+00,0.0000000000e+00,0.0000000000e+00,0.0000000000e+00,0.0000000000e+00,0.0000000000e+00,0.0000000000e+00,0.0000000000e+00,0.0000000000e+00,0.0000000000e+00,0.0000000000e+00,0.0000000000e+00,0.0000000000e+00,0.0000000000e+00,0.0000000000e+00,0.0000000000e+00,0.0000000000e+00,0.0000000000e+00,0.0000000000e+00,0.0000000000e+00,0.0000000000e+00,0.0000000000e+00,0.0000000000e+00,0.0000000000e+00,0.0000000000e+00,0.0000000000e+00,0.0000000000e+00,0.0000000000e+00,0.0000000000e+00,0.0000000000e+00,0.0000000000e+00,0.0000000000e+00,0.0000000000e+00,0.0000000000e+00,0.0000000000e+00,0.0000000000e+00,0.0000000000e+00,0.0000000000e+00,0.0000000000e+00,0.0000000000e+00,0.0000000000e+00,0.0000000000e+00,0.0000000000e+00,0.0000000000e+00,0.0000000000e+00,0.0000000000e+00,0.0000000000e+00,0.0000000000e+00,0.0000000000e+00,0.0000000000e+00,0.0000000000e+00,0.0000000000e+00,0.0000000000e+00,0.0000000000e+00,0.0000000000e+00,0.0000000000e+00,0.0000000000e+00,0.0000000000e+00,0.0000000000e+00,0.0000000000e+00,0.0000000000e+00,0.0000000000e+00,0.0000000000e+00,0.0000000000e+00,0.0000000000e+00,0.0000000000e+00,0.0000000000e+00,0.0000000000e+00,0.0000000000e+00,0.0000000000e+00,0.0000000000e+00
3.8331589943e-01,1.3835495297e+01,1.3835495297e+01,1.3835495297e+01,1.3835495297e+01,1.3835495297e+01,1.3835495297e+01,1.3835495297e+01,1.3835495297e+01,1.3835495297e+01,1.3835495297e+01,1.3835495297e+01,1.3835495297e+01,1.3835495297e+01,1.3835495297e+01,1.3835495297e+01,1.3835495297e+01,1.3835495297e+01,1.3835495297e+01,1.3835495297e+01,1.3835495297e+01,1.3835495297e+01,1.3835495297e+01,1.3835495297e+01,1.3835495297e+01,1.3835495297e+01,1.3835495297e+01,1.3835495297e+01,1.3835495297e+01,1.3835495297e+01,1.3835495297e+01,1.3835495297e+01,1.3835495297e+01,1.3835495297e+01,1.3835495297e+01,1.3835495297e+01,1.3835495297e+01,1.3835495297e+01,1.3835495297e+01,1.3835495297e+01,1.3835495297e+01,1.3835495297e+01,1.3835495297e+01,1.3835495297e+01,1.3835495297e+01,1.3835495297e+01,1.3835495297e+01,1.3835495297e+01,1.3835495297e+01,1.3835495297e+01,1.3835495297e+01,1.3835495297e+01,1.3835495297e+01,1.3835495297e+01,1.3835495297e+01,1.3834757774e+01,1.3833857352e+01,1.3832877917e+01,1.3831812543e+01,1.3830653696e+01,1.3829393183e+01,1.3828022097e+01,1.3826530749e+01,1.3824908608e+01,1.3823144218e+01,1.3821225127e+01,1.3819137795e+01,1.3816867502e+01,1.3811547030e+01,1.3805178844e+01,1.3798254709e+01,1.3790726407e+01,1.3782541599e+01,1.3773643478e+01,1.3759324241e+01,1.3742300924e+01,1.3723806456e+01,1.3703715980e+01,1.3676216318e+01,1.3644607087e+01,1.3610304743e+01,1.3566985157e+01,1.3518284163e+01,1.3462998625e+01,1.3399235772e+01,1.3328273167e+01,1.3248688608e+01,1.3158666032e+01,1.3058280922e+01,1.2944684557e+01,1.2815152390e+01,1.2669094996e+01,1.2503738418e+01,1.2319012764e+01,1.2119048104e+01,1.1918775729e+01,1.1758194676e+01,1.1634629080e+01,1.1543329744e+01,1.1527836787e+01,1.1507263974e+01,1.1440006160e+01,1.1222471593e+01,1.0616597287e+01,9.8045323941e+00,8.9238488384e+00,7.9640425415e+00,6.9630990971e+00,5.9974249213e+00,4.9913387875e+00,3.8262971082e+00,2.5980836034e+00,1.4323280003e+00,9.3068371876e-01,5.9232823330e-01,2.8278353742e-01,6.6710694238e-02,3.6584877385e-02,1.3607943463e-02,2.1605123960e-03,8.9747341403e-04,1.1038676613e-04,4.5658387763e-05,1.3348903130e-05,2.1292307241e-05,1.0428130820e-04,0.0000000000e+00,0.0000000000e+00,0.0000000000e+00,0.0000000000e+00,0.0000000000e+00,0.0000000000e+00,0.0000000000e+00,0.0000000000e+00,0.0000000000e+00,0.0000000000e+00,0.0000000000e+00,0.0000000000e+00,0.0000000000e+00,0.0000000000e+00,0.0000000000e+00,0.0000000000e+00,0.0000000000e+00,0.0000000000e+00,0.0000000000e+00,0.0000000000e+00,0.0000000000e+00,0.0000000000e+00,0.0000000000e+00,0.0000000000e+00,0.0000000000e+00,0.0000000000e+00,0.0000000000e+00,0.0000000000e+00,0.0000000000e+00,0.0000000000e+00,0.0000000000e+00,0.0000000000e+00,0.0000000000e+00,0.0000000000e+00,0.0000000000e+00,0.0000000000e+00,0.0000000000e+00,0.0000000000e+00,0.0000000000e+00,0.0000000000e+00,0.0000000000e+00,0.0000000000e+00,0.0000000000e+00,0.0000000000e+00,0.0000000000e+00,0.0000000000e+00,0.0000000000e+00,0.0000000000e+00,0.0000000000e+00,0.0000000000e+00,0.0000000000e+00,0.0000000000e+00,0.0000000000e+00,0.0000000000e+00,0.0000000000e+00,0.0000000000e+00,0.0000000000e+00,0.0000000000e+00,0.0000000000e+00,0.0000000000e+00,0.0000000000e+00,0.0000000000e+00,0.0000000000e+00,0.0000000000e+00,0.0000000000e+00,0.0000000000e+00,0.0000000000e+00,0.0000000000e+00,0.0000000000e+00,0.0000000000e+00,0.0000000000e+00,0.0000000000e+00,0.0000000000e+00,0.0000000000e+00,0.0000000000e+00
4.0287475057e-01,1.3434014606e+01,1.3434014606e+01,1.3434014606e+01,1.3434014606e+01,1.3434014606e+01,1.3434014606e+01,1.3434014606e+01,1.3434014606e+01,1.3434014606e+01,1.3434014606e+01,1.3434014606e+01,1.3434014606e+01,1.3434014606e+01,1.3434014606e+01,1.3434014606e+01,1.3434014606e+01,1.3434014606e+01,1.3434014606e+01,1.3434014606e+01,1.3434014606e+01,1.3434014606e+01,1.3434014606e+01,1.3434014606e+01,1.3434014606e+01,1.3434014606e+01,1.3434014606e+01,1.3434014606e+01,1.3434014606e+01,1.3434014606e+01,1.3434014606e+01,1.3434014606e+01,1.3434014606e+01,1.3434014606e+01,1.3434014606e+01,1.3434014606e+01,1.3434014606e+01,1.3434014606e+01,1.3434014606e+01,1.3434014606e+01,1.3434014606e+01,1.3434014606e+01,1.3434014606e+01,1.3434014606e+01,1.3434014606e+01,1.3434014606e+01,1.3434014606e+01,1.3434014606e+01,1.3434014606e+01,1.3434014606e+01,1.3434014606e+01,1.3434014606e+01,1.3434014606e+01,1.3434014606e+01,1.3434014606e+01,1.3433360294e+01,1.3432561458e+01,1.3431692518e+01,1.3430747328e+01,1.3429719203e+01,1.3428600872e+01,1.3427384430e+01,1.3426061279e+01,1.3424622071e+01,1.3423056640e+01,1.3421353933e+01,1.3419501931e+01,1.3417487569e+01,1.3412759085e+01,1.3407098532e+01,1.3400943555e+01,1.3394251228e+01,1.3386974944e+01,1.3379064112e+01,1.3366328675e+01,1.3351185923e+01,1.3334732744e+01,1.3316857594e+01,1.3292388889e+01,1.3264258976e+01,1.3233726159e+01,1.3195158395e+01,1.3151787259e+01,1.3102530462e+01,1.3045691109e+01,1.2982398765e+01,1.2911371094e+01,1.2830975454e+01,1.2741266401e+01,1.2639677861e+01,1.2523751789e+01,1.2392933075e+01,1.2244704659e+01,1.2078943864e+01,1.1899275658e+01,1.1718990260e+01,1.1573752032e+01,1.1461246364e+01,1.1377319052e+01,1.1360870527e+01,1.1339601797e+01,1.1276178029e+01,1.1070042081e+01,1.0487810714e+01,9.7058643575e+00,8.8593107377e+00,7.9381059902e+00,6.9762687160e+00,6.0434239088e+00,5.0694425011e+00,3.9233008999e+00,2.7026506303e+00,1.5355609463e+00,1.0154140610e+00,6.5467324444e-01,3.1900738153e-01,8.0600929008e-02,4.4961006504e-02,1.7112827863e-02,2.9085661800e-03,1.2288576839e-03,1.5582387119e-04,6.1371602620e-05,1.5732581507e-05,2.1531253276e-05,9.8158698763e-05,0.0000000000e+00,0.0000000000e+00,0.0000000000e+00,0.0000000000e+00,0.0000000000e+00,0.0000000000e+00,0.0000000000e+00,0.0000000000e+00,0.0000000000e+00,0.0000000000e+00,0.0000000000e+00,0.0000000000e+00,0.0000000000e+00,0.0000000000e+00,0.0000000000e+00,0.0000000000e+00,0.0000000000e+00,0.0000000000e+00,0.0000000000e+00,0.0000000000e+00,0.0000000000e+00,0.0000000000e+00,0.0000000000e+00,0.0000000000e+00,0.0000000000e+00,0.0000000000e+00,0.0000000000e+00,0.0000000000e+00,0.0000000000e+00,0.0000000000e+00,0.0000000000e+00,0.0000000000e+00,0.0000000000e+00,0.0000000000e+00,0.0000000000e+00,0.0000000000e+00,0.0000000000e+00,0.0000000000e+00,0.0000000000e+00,0.0000000000e+00,0.0000000000e+00,0.0000000000e+00,0.0000000000e+00,0.0000000000e+00,0.0000000000e+00,0.0000000000e+00,0.0000000000e+00,0.0000000000e+00,0.0000000000e+00,0.0000000000e+00,0.0000000000e+00,0.0000000000e+00,0.0000000000e+00,0.0000000000e+00,0.0000000000e+00,0.0000000000e+00,0.0000000000e+00,0.0000000000e+00,0.0000000000e+00,0.0000000000e+00,0.0000000000e+00,0.0000000000e+00,0.0000000000e+00,0.0000000000e+00,0.0000000000e+00,0.0000000000e+00,0.0000000000e+00,0.0000000000e+00,0.0000000000e+00,0.0000000000e+00,0.0000000000e+00,0.0000000000e+00,0.0000000000e+00,0.0000000000e+00,0.0000000000e+00
4.2343160012e-01,1.3050737265e+01,1.3050737265e+01,1.3050737265e+01,1.3050737265e+01,1.3050737265e+01,1.3050737265e+01,1.3050737265e+01,1.3050737265e+01,1.3050737265e+01,1.3050737265e+01,1.3050737265e+01,1.3050737265e+01,1.3050737265e+01,1.3050737265e+01,1.3050737265e+01,1.3050737265e+01,1.3050737265e+01,1.3050737265e+01,1.3050737265e+01,1.3050737265e+01,1.3050737265e+01,1.3050737265e+01,1.3050737265e+01,1.3050737265e+01,1.3050737265e+01,1.3050737265e+01,1.3050737265e+01,1.3050737265e+01,1.3050737265e+01,1.3050737265e+01,1.3050737265e+01,1.3050737265e+01,1.3050737265e+01,1.3050737265e+01,1.3050737265e+01,1.3050737265e+01,1.3050737265e+01,1.3050737265e+01,1.3050737265e+01,1.3050737265e+01,1.3050737265e+01,1.3050737265e+01,1.3050737265e+01,1.3050737265e+01,1.3050737265e+01,1.3050737265e+01,1.3050737265e+01,1.3050737265e+01,1.3050737265e+01,1.3050737265e+01,1.3050737265e+01,1.3050737265e+01,1.3050737265e+01,1.3050737265e+01,1.3050156521e+01,1.3049447500e+01,1.3048676252e+01,1.3047837322e+01,1.3046924774e+01,1.3045932154e+01,1.3044852444e+01,1.3043678010e+01,1.3042400552e+01,1.3041011043e+01,1.3039499669e+01,1.3037855758e+01,1.3036067707e+01,1.3031863652e+01,1.3026830099e+01,1.3021356684e+01,1.3015405179e+01,1.3008934074e+01,1.3001898300e+01,1.2990567325e+01,1.2977092574e+01,1.2962450278e+01,1.2946540789e+01,1.2924761677e+01,1.2899720047e+01,1.2872534237e+01,1.2838186665e+01,1.2799551169e+01,1.2755653843e+01,1.2704973172e+01,1.2648508380e+01,1.2585103222e+01,1.2513289407e+01,1.2433105648e+01,1.2342240146e+01,1.2238475755e+01,1.2121293343e+01,1.1988411116e+01,1.1839666711e+01,1.1678238833e+01,1.1515946625e+01,1.1384561365e+01,1.1282075301e+01,1.1204842934e+01,1.1187585846e+01,1.1165736894e+01,1.1105829759e+01,1.0910571615e+01,1.0352038286e+01,9.6005181394e+00,8.7882215047e+00,7.9055686219e+00,6.9829729823e+00,6.0838193305e+00,5.1431605130e+00,4.0176455375e+00,2.8067783593e+00,1.6412220653e+00,1.1035947237e+00,7.2065700438e-01,3.5838763323e-01,9.6823284850e-02,5.4915806889e-02,2.1393314122e-02,3.9016216271e-03,1.6788311449e-03,2.2313857371e-04,8.5629430714e-05,1.9667182780e-05,2.2085324480e-05,9.2300339240e-05,0.0000000000e+00,0.0000000000e+00,0.0000000000e+00,0.0000000000e+00,0.0000000000e+00,0.0000000000e+00,0.0000000000e+00,0.0000000000e+00,0.0000000000e+00,0.0000000000e+00,0.0000000000e+00,0.0000000000e+00,0.0000000000e+00,0.0000000000e+00,0.0000000000e+00,0.0000000000e+00,0.0000000000e+00,0.0000000000e+00,0.0000000000e+00,0.0000000000e+00,0.0000000000e+00,0.0000000000e+00,0.0000000000e+00,0.0000000000e+00,0.0000000000e+00,0.0000000000e+00,0.0000000000e+00,0.0000000000e+00,0.0000000000e+00,0.0000000000e+00,0.0000000000e+00,0.0000000000e+00,0.0000000000e+00,0.0000000000e+00,0.0000000000e+00,0.0000000000e+00,0.0000000000e+00,0.0000000000e+00,0.0000000000e+00,0.0000000000e+00,0.0000000000e+00,0.0000000000e+00,0.0000000000e+00,0.0000000000e+00,0.0000000000e+00,0.0000000000e+00,0.0000000000e+00,0.0000000000e+00,0.0000000000e+00,0.0000000000e+00,0.0000000000e+00,0.0000000000e+00,0.0000000000e+00,0.0000000000e+00,0.0000000000e+00,0.0000000000e+00,0.0000000000e+00,0.0000000000e+00,0.0000000000e+00,0.0000000000e+00,0.0000000000e+00,0.0000000000e+00,0.0000000000e+00,0.0000000000e+00,0.0000000000e+00,0.0000000000e+00,0.0000000000e+00,0.0000000000e+00,0.0000000000e+00,0.0000000000e+00,0.0000000000e+00,0.0000000000e+00,0.0000000000e+00,0.0000000000e+00,0.0000000000e+00
4.4503737136e-01,1.2683262857e+01,1.2683262857e+01,1.2683262857e+01,1.2683262857e+01,1.2683262857e+01,1.2683262857e+01,1.2683262857e+01,1.2683262857e+01,1.2683262857e+01,1.2683262857e+01,1.2683262857e+01,1.2683262857e+01,1.2683262857e+01,1.2683262857e+01,1.2683262857e+01,1.2683262857e+01,1.2683262857e+01,1.2683262857e+01,1.2683262857e+01,1.2683262857e+01,1.2683262857e+01,1.2683262857e+01,1.2683262857e+01,1.2683262857e+01,1.2683262857e+01,1.2683262857e+01,1.2683262857e+01,1.2683262857e+01,1.2683262857e+01,1.2683262857e+01,1.2683262857e+01,1.2683262857e+01,1.2683262857e+01,1.2683262857e+01,1.2683262857e+01,1.2683262857e+01,1.2683262857e+01,1.2683262857e+01,1.2683262857e+01,1.2683262857e+01,1.2683262857e+01,1.2683262857e+01,1.2683262857e+01,1.2683262857e+01,1.2683262857e+01,1.2683262857e+01,1.2683262857e+01,1.2683262857e+01,1.2683262857e+01,1.2683262857e+01,1.2683262857e+01,1.2683262857e+01,1.2683262857e+01,1.2683262857e+01,1.2682747236e+01,1.2682117719e+01,1.2681432950e+01,1.2680688084e+01,1.2679877850e+01,1.2678996517e+01,1.2678037850e+01,1.2676995070e+01,1.2675860807e+01,1.2674627042e+01,1.2673285058e+01,1.2671825377e+01,1.2670237690e+01,1.2666498762e+01,1.2662021418e+01,1.2657152650e+01,1.2651858409e+01,1.2646101719e+01,1.2639842423e+01,1.2629758272e+01,1.2617764618e+01,1.2604730558e+01,1.2590567076e+01,1.2571177171e+01,1.2548879584e+01,1.2524668629e+01,1.2494072840e+01,1.2459649081e+01,1.2420520736e+01,1.2375323424e+01,1.2324941426e+01,1.2268332211e+01,1.2204174882e+01,1.2132496281e+01,1.2051213468e+01,1.1958326997e+01,1.1853354208e+01,1.1734228356e+01,1.1600757973e+01,1.1455727509e+01,1.1309638326e+01,1.1190768145e+01,1.1097370321e+01,1.1026235067e+01,1.1008324041e+01,1.0986024121e+01,1.0929367607e+01,1.0744519953e+01,1.0209715163e+01,9.4888748970e+00,8.7109115871e+00,7.8667009767e+00,6.9833845987e+00,6.1186261426e+00,5.2123101169e+00,4.1090331144e+00,2.9100945928e+00,1.7488589532e+00,1.1949189810e+00,7.9017845122e-01,4.0101552577e-01,1.1562615594e-01,6.6654351913e-02,2.6581732643e-02,5.2079685415e-03,2.2840719005e-03,3.2190084809e-04,1.2257098215e-04,2.6116976072e-05,2.3217944297e-05,8.6855936321e-05,0.0000000000e+00,0.0000000000e+00,0.0000000000e+00,0.0000000000e+00,0.0000000000e+00,0.0000000000e+00,0.0000000000e+00,0.0000000000e+00,0.0000000000e+00,0.0000000000e+00,0.0000000000e+00,0.0000000000e+00,0.0000000000e+00,0.0000000000e+00,0.0000000000e+00,0.0000000000e+00,0.0000000000e+00,0.0000000000e+00,0.0000000000e+00,0.0000000000e+00,0.0000000000e+00,0.0000000000e+00,0.0000000000e+00,0.0000000000e+00,0.0000000000e+00,0.0000000000e+00,0.0000000000e+00,0.0000000000e+00,0.0000000000e+00,0.0000000000e+00,0.0000000000e+00,0.0000000000e+00,0.0000000000e+00,0.0000000000e+00,0.0000000000e+00,0.0000000000e+00,0.0000000000e+00,0.0000000000e+00,0.0000000000e+00,0.0000000000e+00,0.0000000000e+00,0.0000000000e+00,0.0000000000e+00,0.0000000000e+00,0.0000000000e+00,0.0000000000e+00,0.0000000000e+00,0.0000000000e+00,0.0000000000e+00,0.0000000000e+00,0.0000000000e+00,0.0000000000e+00,0.0000000000e+00,0.0000000000e+00,0.0000000000e+00,0.0000000000e+00,0.0000000000e+00,0.0000000000e+00,0.0000000000e+00,0.0000000000e+00,0.0000000000e+00,0.0000000000e+00,0.0000000000e+00,0.0000000000e+00,0.0000000000e+00,0.0000000000e+00,0.0000000000e+00,0.0000000000e+00,0.0000000000e+00,0.0000000000e+00,0.0000000000e+00,0.0000000000e+00,0.0000000000e+00,0.0000000000e+00,0.0000000000e+00
4.6774558595e-01,1.2329566287e+01,1.2329566287e+01,1.2329566287e+01,1.2329566287e+01,1.2329566287e+01,1.2329566287e+01,1.2329566287e+01,1.2329566287e+01,1.2329566287e+01,1.2329566287e+01,1.2329566287e+01,1.2329566287e+01,1.2329566287e+01,1.2329566287e+01,1.2329566287e+01,1.2329566287e+01,1.2329566287e+01,1.2329566287e+01,1.2329566287e+01,1.2329566287e+01,1.2329566287e+01,1.2329566287e+01,1.2329566287e+01,1.2329566287e+01,1.2329566287e+01,1.2329566287e+01,1.2329566287e+01,1.2329566287e+01,1.2329566287e+01,1.2329566287e+01,1.2329566287e+01,1.2329566287e+01,1.2329566287e+01,1.2329566287e+01,1.2329566287e+01,1.2329566287e+01,1.2329566287e+01,1.2329566287e+01,1.2329566287e+01,1.2329566287e+01,1.2329566287e+01,1.2329566287e+01,1.2329566287e+01,1.2329566287e+01,1.2329566287e+01,1.2329566287e+01,1.2329566287e+01,1.2329566287e+01,1.2329566287e+01,1.2329566287e+01,1.2329566287e+01,1.2329566287e+01,1.2329566287e+01,1.2329566287e+01,1.2329108374e+01,1.2328549311e+01,1.2327941178e+01,1.2327279669e+01,1.2326560103e+01,1.2325777390e+01,1.2324925992e+01,1.2323999886e+01,1.2322992525e+01,1.2321896786e+01,1.2320704925e+01,1.2319408519e+01,1.2317998413e+01,1.2314672437e+01,1.2310689001e+01,1.2306357185e+01,1.2301646659e+01,1.2296524480e+01,1.2290954869e+01,1.2281978666e+01,1.2271301396e+01,1.2259696938e+01,1.2247085784e+01,1.2229820181e+01,1.2209962936e+01,1.2188398347e+01,1.2161140775e+01,1.2130465895e+01,1.2095584507e+01,1.2055273091e+01,1.2010314450e+01,1.1959768636e+01,1.1902447050e+01,1.1838367748e+01,1.1765653865e+01,1.1682502640e+01,1.1588467528e+01,1.1481678020e+01,1.1361922070e+01,1.1231635915e+01,1.1100141351e+01,1.0992583822e+01,1.0907439287e+01,1.0841871902e+01,1.0823463854e+01,1.0800849645e+01,1.0747220598e+01,1.0572359951e+01,1.0061276403e+01,9.3712994652e+00,8.6276803318e+00,7.8217317808e+00,6.9776284979e+00,6.1478077723e+00,5.2766556663e+00,4.1971166499e+00,3.0121852696e+00,1.8579757229e+00,1.2890373506e+00,8.6310120031e-01,4.4696231164e-01,1.3725639590e-01,8.0389682731e-02,3.2824110150e-02,6.9102390805e-03,3.0902713708e-03,4.6530573634e-04,1.7810817063e-04,3.6590380801e-05,2.5372609079e-05,8.2070134695e-05,0.0000000000e+00,0.0000000000e+00,0.0000000000e+00,0.0000000000e+00,0.0000000000e+00,0.0000000000e+00,0.0000000000e+00,0.0000000000e+00,0.0000000000e+00,0.0000000000e+00,0.0000000000e+00,0.0000000000e+00,0.0000000000e+00,0.0000000000e+00,0.0000000000e+00,0.0000000000e+00,0.0000000000e+00,0.0000000000e+00,0.0000000000e+00,0.0000000000e+00,0.0000000000e+00,0.0000000000e+00,0.0000000000e+00,0.0000000000e+00,0.0000000000e+00,0.0000000000e+00,0.0000000000e+00,0.0000000000e+00,0.0000000000e+00,0.0000000000e+00,0.0000000000e+00,0.0000000000e+00,0.0000000000e+00,0.0000000000e+00,0.0000000000e+00,0.0000000000e+00,0.0000000000e+00,0.0000000000e+00,0.0000000000e+00,0.0000000000e+00,0.0000000000e+00,0.0000000000e+00,0.0000000000e+00,0.0000000000e+00,0.0000000000e+00,0.0000000000e+00,0.0000000000e+00,0.0000000000e+00,0.0000000000e+00,0.0000000000e+00,0.0000000000e+00,0.0000000000e+00,0.0000000000e+00,0.0000000000e+00,0.0000000000e+00,0.0000000000e+00,0.0000000000e+00,0.0000000000e+00,0.0000000000e+00,0.0000000000e+00,0.0000000000e+00,0.0000000000e+00,0.0000000000e+00,0.0000000000e+00,0.0000000000e+00,0.0000000000e+00,0.0000000000e+00,0.0000000000e+00,0.0000000000e+00,0.0000000000e+00,0.0000000000e+00,0.0000000000e+00,0.0000000000e+00,0.0000000000e+00,0.0000000000e+00
4.9161249651e-01,1.1987945792e+01,1.1987945792e+01,1.1987945792e+01,1.1987945792e+01,1.1987945792e+01,1.1987945792e+01,1.1987945792e+01,1.1987945792e+01,1.1987945792e+01,1.1987945792e+01,1.1987945792e+01,1.1987945792e+01,1.1987945792e+01,1.1987945792e+01,1.1987945792e+01,1.1987945792e+01,1.1987945792e+01,1.1987945792e+01,1.1987945792e+01,1.1987945792e+01,1.1987945792e+01,1.1987945792e+01,1.1987945792e+01,1.1987945792e+01,1.1987945792e+01,1.1987945792e+01,1.1987945792e+01,1.1987945792e+01,1.1987945792e+01,1.1987945792e+01,1.1987945792e+01,1.1987945792e+01,1.1987945792e+01,1.1987945792e+01,1.1987945792e+01,1.1987945792e+01,1.1987945792e+01,1.1987945792e+01,1.1987945792e+01,1.1987945792e+01,1.1987945792e+01,1.1987945792e+01,1.1987945792e+01,1.1987945792e+01,1.1987945792e+01,1.1987945792e+01,1.1987945792e+01,1.1987945792e+01,1.1987945792e+01,1.1987945792e+01,1.1987945792e+01,1.1987945792e+01,1.1987945792e+01,1.1987945792e+01,1.1987539065e+01,1.1987042492e+01,1.1986502331e+01,1.1985914758e+01,1.1985275614e+01,1.1984580377e+01,1.1983824126e+01,1.1983001512e+01,1.1982106716e+01,1.1981133411e+01,1.1980074715e+01,1.1978923146e+01,1.1977670567e+01,1.1974711540e+01,1.1971167070e+01,1.1967312500e+01,1.1963120812e+01,1.1958562658e+01,1.1953606158e+01,1.1945615304e+01,1.1936108969e+01,1.1925776333e+01,1.1914546394e+01,1.1899171018e+01,1.1881485664e+01,1.1862276946e+01,1.1837991765e+01,1.1810656097e+01,1.1779559344e+01,1.1743604329e+01,1.1703484171e+01,1.1658351499e+01,1.1607136540e+01,1.1549850954e+01,1.1484803513e+01,1.1410369117e+01,1.1326136353e+01,1.1230413522e+01,1.1122974863e+01,1.1005949196e+01,1.0887603333e+01,1.0790276945e+01,1.0712636157e+01,1.0652166788e+01,1.0633416707e+01,1.0610627360e+01,1.0559838093e+01,1.0394576240e+01,9.9071577493e+00,9.2481437358e+00,8.5388013866e+00,7.7708544821e+00,6.9657890142e+00,6.1712842939e+00,5.3359177422e+00,4.2815079044e+00,3.1126000465e+00,1.9680382112e+00,1.3855600333e+00,9.3925221232e-01,4.9627563130e-01,1.6195363762e-01,9.6339603502e-02,4.0279815397e-02,9.1069866505e-03,4.1535871597e-03,6.7126599415e-04,2.6055736927e-04,5.3406065534e-05,2.9281649321e-05,7.8349724977e-05,0.0000000000e+00,0.0000000000e+00,0.0000000000e+00,0.0000000000e+00,0.0000000000e+00,0.0000000000e+00,0.0000000000e+00,0.0000000000e+00,0.0000000000e+00,0.0000000000e+00,0.0000000000e+00,0.0000000000e+00,0.0000000000e+00,0.0000000000e+00,0.0000000000e+00,0.0000000000e+00,0.0000000000e+00,0.0000000000e+00,0.0000000000e+00,0.0000000000e+00,0.0000000000e+00,0.0000000000e+00,0.0000000000e+00,0.0000000000e+00,0.0000000000e+00,0.0000000000e+00,0.0000000000e+00,0.0000000000e+00,0.0000000000e+00,0.0000000000e+00,0.0000000000e+00,0.0000000000e+00,0.0000000000e+00,0.0000000000e+00,0.0000000000e+00,0.0000000000e+00,0.0000000000e+00,0.0000000000e+00,0.0000000000e+00,0.0000000000e+00,0.0000000000e+00,0.0000000000e+00,0.0000000000e+00,0.0000000000e+00,0.0000000000e+00,0.0000000000e+00,0.0000000000e+00,0.0000000000e+00,0.0000000000e+00,0.0000000000e+00,0.0000000000e+00,0.0000000000e+00,0.0000000000e+00,0.0000000000e+00,0.0000000000e+00,0.0000000000e+00,0.0000000000e+00,0.0000000000e+00,0.0000000000e+00,0.0000000000e+00,0.0000000000e+00,0.0000000000e+00,0.0000000000e+00,0.0000000000e+00,0.0000000000e+00,0.0000000000e+00,0.0000000000e+00,0.0000000000e+00,0.0000000000e+00,0.0000000000e+00,0.0000000000e+00,0.0000000000e+00,0.0000000000e+00,0.0000000000e+00,0.0000000000e+00
5.1669722598e-01,1.1656976805e+01,1.1656976805e+01,1.1656976805e+01,1.1656976805e+01,1.1656976805e+01,1.1656976805e+01,1.1656976805e+01,1.1656976805e+01,1.1656976805e+01,1.1656976805e+01,1.1656976805e+01,1.1656976805e+01,1.1656976805e+01,1.1656976805e+01,1.1656976805e+01,1.1656976805e+01,1.1656976805e+01,1.1656976805e+01,1.1656976805e+01,1.1656976805e+01,1.1656976805e+01,1.1656976805e+01,1.1656976805e+01,1.1656976805e+01,1.1656976805e+01,1.1656976805e+01,1.1656976805e+01,1.1656976805e+01,1.1656976805e+01,1.1656976805e+01,1.1656976805e+01,1.1656976805e+01,1.1656976805e+01,1.1656976805e+01,1.1656976805e+01,1.1656976805e+01,1.1656976805e+01,1.1656976805e+01,1.1656976805e+01,1.1656976805e+01,1.1656976805e+01,1.1656976805e+01,1.1656976805e+01,1.1656976805e+01,1.1656976805e+01,1.1656976805e+01,1.1656976805e+01,1.1656976805e+01,1.1656976805e+01,1.1656976805e+01,1.1656976805e+01,1.1656976805e+01,1.1656976805e+01,1.1656976805e+01,1.1656615512e+01,1.1656174408e+01,1.1655694583e+01,1.1655172640e+01,1.1654604884e+01,1.1653987297e+01,1.1653315507e+01,1.1652584761e+01,1.1651789890e+01,1.1650925271e+01,1.1649984791e+01,1.1648961799e+01,1.1647849065e+01,1.1645216348e+01,1.1642062299e+01,1.1638632217e+01,1.1634902036e+01,1.1630845611e+01,1.1626434538e+01,1.1619320607e+01,1.1610856538e+01,1.1601656115e+01,1.1591655948e+01,1.1577963612e+01,1.1562212450e+01,1.1545102281e+01,1.1523465358e+01,1.1499105730e+01,1.1471383529e+01,1.1439314940e+01,1.1403513759e+01,1.1363216179e+01,1.1317459235e+01,1.1266250022e+01,1.1208064600e+01,1.1141438319e+01,1.1065993488e+01,1.0980201121e+01,1.0883827253e+01,1.0778729468e+01,1.0672231847e+01,1.0584163141e+01,1.0513352298e+01,1.0457562533e+01,1.0438620192e+01,1.0415793351e+01,1.0367685256e+01,1.0211661787e+01,9.7477944242e+00,9.1197482877e+00,8.4445267447e+00,7.7142330049e+00,6.9479169357e+00,6.1889410387e+00,5.3897832943e+00,4.3617864529e+00,3.2108590651e+00,2.0784800751e+00,1.4840598875e+00,1.0184206353e+00,5.4897568260e-01,1.8994405062e-01,1.1472287381e-01,4.9120761010e-02,1.1914048530e-02,5.5421175796e-03,9.6371968317e-04,3.8143867345e-04,8.0065474051e-05,3.6132759591e-05,7.6375578973e-05,0.0000000000e+00,0.0000000000e+00,0.0000000000e+00,0.0000000000e+00,0.0000000000e+00,0.0000000000e+00,0.0000000000e+00,0.0000000000e+00,0.0000000000e+00,0.0000000000e+00,0.0000000000e+00,0.0000000000e+00,0.0000000000e+00,0.0000000000e+00,0.0000000000e+00,0.0000000000e+00,0.0000000000e+00,0.0000000000e+00,0.0000000000e+00,0.0000000000e+00,0.0000000000e+00,0.0000000000e+00,0.0000000000e+00,0.0000000000e+00,0.0000000000e+00,0.0000000000e+00,0.0000000000e+00,0.0000000000e+00,0.0000000000e+00,0.0000000000e+00,0.0000000000e+00,0.0000000000e+00,0.0000000000e+00,0.0000000000e+00,0.0000000000e+00,0.0000000000e+00,0.0000000000e+00,0.0000000000e+00,0.0000000000e+00,0.0000000000e+00,0.0000000000e+00,0.0000000000e+00,0.0000000000e+00,0.0000000000e+00,0.0000000000e+00,0.0000000000e+00,0.0000000000e+00,0.0000000000e+00,0.0000000000e+00,0.0000000000e+00,0.0000000000e+00,0.0000000000e+00,0.0000000000e+00,0.0000000000e+00,0.0000000000e+00,0.0000000000e+00,0.0000000000e+00,0.0000000000e+00,0.0000000000e+00,0.0000000000e+00,0.0000000000e+00,0.0000000000e+00,0.0000000000e+00,0.0000000000e+00,0.0000000000e+00,0.0000000000e+00,0.0000000000e+00,0.0000000000e+00,0.0000000000e+00,0.0000000000e+00,0.0000000000e+00,0.0000000000e+00,0.0000000000e+00,0.0000000000e+00,0.0000000000e+00
5.4306191407e-01,1.1335470865e+01,1.1335470865e+01,1.1335470865e+01,1.1335470865e+01,1.1335470865e+01,1.1335470865e+01,1.1335470865e+01,1.1335470865e+01,1.1335470865e+01,1.1335470865e+01,1.1335470865e+01,1.1335470865e+01,1.1335470865e+01,1.1335470865e+01,1.1335470865e+01,1.1335470865e+01,1.1335470865e+01,1.1335470865e+01,1.1335470865e+01,1.1335470865e+01,1.1335470865e+01,1.1335470865e+01,1.1335470865e+01,1.1335470865e+01,1.1335470865e+01,1.1335470865e+01,1.1335470865e+01,1.1335470865e+01,1.1335470865e+01,1.1335470865e+01,1.1335470865e+01,1.1335470865e+01,1.1335470865e+01,1.1335470865e+01,1.1335470865e+01,1.1335470865e+01,1.1335470865e+01,1.1335470865e+01,1.1335470865e+01,1.1335470865e+01,1.1335470865e+01,1.1335470865e+01,1.1335470865e+01,1.1335470865e+01,1.1335470865e+01,1.1335470865e+01,1.1335470865e+01,1.1335470865e+01,1.1335470865e+01,1.1335470865e+01,1.1335470865e+01,1.1335470865e+01,1.1335470865e+01,1.1335470865e+01,1.1335149927e+01,1.1334758092e+01,1.1334331859e+01,1.1333868211e+01,1.1333363864e+01,1.1332815249e+01,1.1332218482e+01,1.1331569340e+01,1.1330863229e+01,1.1330095155e+01,1.1329259683e+01,1.1328350907e+01,1.1327362400e+01,1.1325020036e+01,1.1322213444e+01,1.1319161154e+01,1.1315841731e+01,1.1312231887e+01,1.1308306317e+01,1.1301973268e+01,1.1294437461e+01,1.1286245531e+01,1.1277340893e+01,1.1265147928e+01,1.1251120178e+01,1.1235880281e+01,1.1216604014e+01,1.1194898020e+01,1.1170186120e+01,1.1141586256e+01,1.1109642009e+01,1.1073665023e+01,1.1032788402e+01,1.0987016062e+01,1.0934974874e+01,1.0875345074e+01,1.0807780993e+01,1.0730901544e+01,1.0644468969e+01,1.0550101721e+01,1.0454282238e+01,1.0374594403e+01,1.0310006920e+01,1.0258522910e+01,1.0239530350e+01,1.0216799009e+01,1.0171237071e+01,1.0024112965e+01,9.5836184685e+00,8.9864426866e+00,8.3450897063e+00,7.6520068271e+00,6.9240363629e+00,6.2006374052e+00,5.4379163775e+00,4.4375096079e+00,3.3064605678e+00,2.1887095293e+00,1.5840758341e+00,1.1003568568e+00,6.0505127869e-01,2.2143367240e-01,1.3575481831e-01,5.9530085074e-02,1.5465567276e-02,7.3373320755e-03,1.3741531933e-03,5.5646419346e-04,1.2176225244e-04,4.7817209170e-05,7.7278631938e-05,0.0000000000e+00,0.0000000000e+00,0.0000000000e+00,0.0000000000e+00,0.0000000000e+00,0.0000000000e+00,0.0000000000e+00,0.0000000000e+00,0.0000000000e+00,0.0000000000e+00,0.0000000000e+00,0.0000000000e+00,0.0000000000e+00,0.0000000000e+00,0.0000000000e+00,0.0000000000e+00,0.0000000000e+00,0.0000000000e+00,0.0000000000e+00,0.0000000000e+00,0.0000000000e+00,0.0000000000e+00,0.0000000000e+00,0.0000000000e+00,0.0000000000e+00,0.0000000000e+00,0.0000000000e+00,0.0000000000e+00,0.0000000000e+00,0.0000000000e+00,0.0000000000e+00,0.0000000000e+00,0.0000000000e+00,0.0000000000e+00,0.0000000000e+00,0.0000000000e+00,0.0000000000e+00,0.0000000000e+00,0.0000000000e+00,0.0000000000e+00,0.0000000000e+00,0.0000000000e+00,0.0000000000e+00,0.0000000000e+00,0.0000000000e+00,0.0000000000e+00,0.0000000000e+00,0.0000000000e+00,0.0000000000e+00,0.0000000000e+00,0.0000000000e+00,0.0000000000e+00,0.0000000000e+00,0.0000000000e+00,0.0000000000e+00,0.0000000000e+00,0.0000000000e+00,0.0000000000e+00,0.0000000000e+00,0.0000000000e+00,0.0000000000e+00,0.0000000000e+00,0.0000000000e+00,0.0000000000e+00,0.0000000000e+00,0.0000000000e+00,0.0000000000e+00,0.0000000000e+00,0.0000000000e+00,0.0000000000e+00,0.0000000000e+00,0.0000000000e+00,0.0000000000e+00,0.0000000000e+00,0.0000000000e+00
5.7077187120e-01,1.1022438967e+01,1.1022438967e+01,1.1022438967e+01,1.1022438967e+01,1.1022438967e+01,1.1022438967e+01,1.1022438967e+01,1.1022438967e+01,1.1022438967e+01,1.1022438967e+01,1.1022438967e+01,1.1022438967e+01,1.1022438967e+01,1.1022438967e+01,1.1022438967e+01,1.1022438967e+01,1.1022438967e+01,1.1022438967e+01,1.1022438967e+01,1.1022438967e+01,1.1022438967e+01,1.1022438967e+01,1.1022438967e+01,1.1022438967e+01,1.1022438967e+01,1.1022438967e+01,1.1022438967e+01,1.1022438967e+01,1.1022438967e+01,1.1022438967e+01,1.1022438967e+01,1.1022438967e+01,1.1022438967e+01,1.1022438967e+01,1.1022438967e+01,1.1022438967e+01,1.1022438967e+01,1.1022438967e+01,1.1022438967e+01,1.1022438967e+01,1.1022438967e+01,1.1022438967e+01,1.1022438967e+01,1.1022438967e+01,1.1022438967e+01,1.1022438967e+01,1.1022438967e+01,1.1022438967e+01,1.1022438967e+01,1.1022438967e+01,1.1022438967e+01,1.1022438967e+01,1.1022438967e+01,1.1022438967e+01,1.1022153892e+01,1.1021805842e+01,1.1021427236e+01,1.1021015395e+01,1.1020567401e+01,1.1020080083e+01,1.1019549991e+01,1.1018973372e+01,1.1018346147e+01,1.1017663876e+01,1.1016921733e+01,1.1016114468e+01,1.1015236373e+01,1.1013152498e+01,1.1010655284e+01,1.1007939395e+01,1.1004985745e+01,1.1001773592e+01,1.0998280397e+01,1.0992643036e+01,1.0985934344e+01,1.0978641112e+01,1.0970712852e+01,1.0959856220e+01,1.0947364725e+01,1.0933792334e+01,1.0916621213e+01,1.0897282288e+01,1.0875256767e+01,1.0849753954e+01,1.0821255243e+01,1.0789140422e+01,1.0752629051e+01,1.0711722912e+01,1.0665184880e+01,1.0611826007e+01,1.0551330774e+01,1.0482452391e+01,1.0404952824e+01,1.0320239893e+01,1.0234045364e+01,1.0161948107e+01,1.0103037098e+01,1.0055523610e+01,1.0036613264e+01,1.0014103336e+01,9.9709714219e+00,9.8324236442e+00,9.4150551028e+00,8.8485448305e+00,8.2407070043e+00,7.5842954677e+00,6.8941512846e+00,6.2062156310e+00,5.4799690919e+00,4.5082227630e+00,3.3988890033e+00,2.2981164529e+00,1.6851165756e+00,1.1847718158e+00,6.6445590562e-01,2.5660147941e-01,1.5964239644e-01,7.1700241062e-02,1.9914535616e-02,9.6353767786e-03,1.9433244832e-03,8.0673202424e-04,1.8606323084e-04,6.7292040245e-05,8.2912629340e-05,0.0000000000e+00,0.0000000000e+00,0.0000000000e+00,0.0000000000e+00,0.0000000000e+00,0.0000000000e+00,0.0000000000e+00,0.0000000000e+00,0.0000000000e+00,0.0000000000e+00,0.0000000000e+00,0.0000000000e+00,0.0000000000e+00,0.0000000000e+00,0.0000000000e+00,0.0000000000e+00,0.0000000000e+00,0.0000000000e+00,0.0000000000e+00,0.0000000000e+00,0.0000000000e+00,0.0000000000e+00,0.0000000000e+00,0.0000000000e+00,0.0000000000e+00,0.0000000000e+00,0.0000000000e+00,0.0000000000e+00,0.0000000000e+00,0.0000000000e+00,0.0000000000e+00,0.0000000000e+00,0.0000000000e+00,0.0000000000e+00,0.0000000000e+00,0.0000000000e+00,0.0000000000e+00,0.0000000000e+00,0.0000000000e+00,0.0000000000e+00,0.0000000000e+00,0.0000000000e+00,0.0000000000e+00,0.0000000000e+00,0.0000000000e+00,0.0000000000e+00,0.0000000000e+00,0.0000000000e+00,0.0000000000e+00,0.0000000000e+00,0.0000000000e+00,0.0000000000e+00,0.0000000000e+00,0.0000000000e+00,0.0000000000e+00,0.0000000000e+00,0.0000000000e+00,0.0000000000e+00,0.0000000000e+00,0.0000000000e+00,0.0000000000e+00,0.0000000000e+00,0.0000000000e+00,0.0000000000e+00,0.0000000000e+00,0.0000000000e+00,0.0000000000e+00,0.0000000000e+00,0.0000000000e+00,0.0000000000e+00,0.0000000000e+00,0.0000000000e+00,0.0000000000e+00,0.0000000000e+00,0.0000000000e+00
5.9989574026e-01,1.0717058949e+01,1.0717058949e+01,1.0717058949e+01,1.0717058949e+01,1.0717058949e+01,1.0717058949e+01,1.0717058949e+01,1.0717058949e+01,1.0717058949e+01,1.0717058949e+01,1.0717058949e+01,1.0717058949e+01,1.0717058949e+01,1.0717058949e+01,1.0717058949e+01,1.0717058949e+01,1.0717058949e+01,1.0717058949e+01,1.0717058949e+01,1.0717058949e+01,1.0717058949e+01,1.0717058949e+01,1.0717058949e+01,1.0717058949e+01,1.0717058949e+01,1.0717058949e+01,1.0717058949e+01,1.0717058949e+01,1.0717058949e+01,1.0717058949e+01,1.0717058949e+01,1.0717058949e+01,1.0717058949e+01,1.0717058949e+01,1.0717058949e+01,1.0717058949e+01,1.0717058949e+01,1.0717058949e+01,1.0717058949e+01,1.0717058949e+01,1.0717058949e+01,1.0717058949e+01,1.0717058949e+01,1.0717058949e+01,1.0717058949e+01,1.0717058949e+01,1.0717058949e+01,1.0717058949e+01,1.0717058949e+01,1.0717058949e+01,1.0717058949e+01,1.0717058949e+01,1.0717058949e+01,1.0717058949e+01,1.0716805760e+01,1.0716496638e+01,1.0716160378e+01,1.0715794597e+01,1.0715396707e+01,1.0714963888e+01,1.0714493077e+01,1.0713980941e+01,1.0713423854e+01,1.0712817874e+01,1.0712158714e+01,1.0711441708e+01,1.0710661787e+01,1.0708808129e+01,1.0706586500e+01,1.0704170279e+01,1.0701542475e+01,1.0698684616e+01,1.0695576634e+01,1.0690559299e+01,1.0684587869e+01,1.0678095789e+01,1.0671038022e+01,1.0661372835e+01,1.0650251226e+01,1.0638166039e+01,1.0622872815e+01,1.0605645982e+01,1.0586018482e+01,1.0563281671e+01,1.0537861839e+01,1.0509200326e+01,1.0476594545e+01,1.0440044919e+01,1.0398437010e+01,1.0350699975e+01,1.0296546483e+01,1.0234851587e+01,1.0165379757e+01,1.0089353490e+01,1.0011835682e+01,9.9466162031e+00,9.8928878430e+00,9.8490431097e+00,9.8303364746e+00,9.8081649577e+00,9.7673618141e+00,9.6370788578e+00,9.2425185751e+00,8.7063597013e+00,8.1315803294e+00,7.5112024678e+00,6.8582517876e+00,6.2055092848e+00,5.5155923305e+00,4.5734697253e+00,3.4876232536e+00,2.4060795835e+00,1.7866645136e+00,1.2713366272e+00,7.2710390310e-01,2.9559238163e-01,1.8657879024e-01,8.5830429028e-02,2.5432722350e-02,1.2548156952e-02,2.7231488924e-03,1.1601320169e-03,2.8379624871e-04,9.9094450902e-05,9.6259174840e-05,0.0000000000e+00,0.0000000000e+00,0.0000000000e+00,0.0000000000e+00,0.0000000000e+00,0.0000000000e+00,0.0000000000e+00,0.0000000000e+00,0.0000000000e+00,0.0000000000e+00,0.0000000000e+00,0.0000000000e+00,0.0000000000e+00,0.0000000000e+00,0.0000000000e+00,0.0000000000e+00,0.0000000000e+00,0.0000000000e+00,0.0000000000e+00,0.0000000000e+00,0.0000000000e+00,0.0000000000e+00,0.0000000000e+00,0.0000000000e+00,0.0000000000e+00,0.0000000000e+00,0.0000000000e+00,0.0000000000e+00,0.0000000000e+00,0.0000000000e+00,0.0000000000e+00,0.0000000000e+00,0.0000000000e+00,0.0000000000e+00,0.0000000000e+00,0.0000000000e+00,0.0000000000e+00,0.0000000000e+00,0.0000000000e+00,0.0000000000e+00,0.0000000000e+00,0.0000000000e+00,0.0000000000e+00,0.0000000000e+00,0.0000000000e+00,0.0000000000e+00,0.0000000000e+00,0.0000000000e+00,0.0000000000e+00,0.0000000000e+00,0.0000000000e+00,0.0000000000e+00,0.0000000000e+00,0.0000000000e+00,0.0000000000e+00,0.0000000000e+00,0.0000000000e+00,0.0000000000e+00,0.0000000000e+00,0.0000000000e+00,0.0000000000e+00,0.0000000000e+00,0.0000000000e+00,0.0000000000e+00,0.0000000000e+00,0.0000000000e+00,0.0000000000e+00,0.0000000000e+00,0.0000000000e+00,0.0000000000e+00,0.0000000000e+00,0.0000000000e+00,0.0000000000e+00,0.0000000000e+00,0.0000000000e+00
6.3050566670e-01,1.0418646610e+01,1.0418646610e+01,1.0418646610e+01,1.0418646610e+01,1.0418646610e+01,1.0418646610e+01,1.0418646610e+01,1.0418646610e+01,1.0418646610e+01,1.0418646610e+01,1.0418646610e+01,1.0418646610e+01,1.0418646610e+01,1.0418646610e+01,1.0418646610e+01,1.0418646610e+01,1.0418646610e+01,1.0418646610e+01,1.0418646610e+01,1.0418646610e+01,1.0418646610e+01,1.0418646610e+01,1.0418646610e+01,1.0418646610e+01,1.0418646610e+01,1.0418646610e+01,1.0418646610e+01,1.0418646610e+01,1.0418646610e+01,1.0418646610e+01,1.0418646610e+01,1.0418646610e+01,1.0418646610e+01,1.0418646610e+01,1.0418646610e+01,1.0418646610e+01,1.0418646610e+01,1.0418646610e+01,1.0418646610e+01,1.0418646610e+01,1.0418646610e+01,1.0418646610e+01,1.0418646610e+01,1.0418646610e+01,1.0418646610e+01,1.0418646610e+01,1.0418646610e+01,1.0418646610e+01,1.0418646610e+01,1.0418646610e+01,1.0418646610e+01,1.0418646610e+01,1.0418646610e+01,1.0418646610e+01,1.0418421780e+01,1.0418147280e+01,1.0417848681e+01,1.0417523868e+01,1.0417170539e+01,1.0416786193e+01,1.0416368108e+01,1.0415913324e+01,1.0415418621e+01,1.0414880497e+01,1.0414295145e+01,1.0413658421e+01,1.0412965822e+01,1.0411317270e+01,1.0409341202e+01,1.0407192014e+01,1.0404854577e+01,1.0402312452e+01,1.0399547770e+01,1.0395083195e+01,1.0389769129e+01,1.0383991443e+01,1.0377709981e+01,1.0369107347e+01,1.0359207593e+01,1.0348449129e+01,1.0334831501e+01,1.0319489685e+01,1.0302003281e+01,1.0281737354e+01,1.0259069344e+01,1.0233496199e+01,1.0204385476e+01,1.0171736801e+01,1.0134546445e+01,1.0091850188e+01,1.0043386898e+01,9.9881420940e+00,9.9258849379e+00,9.8576750590e+00,9.7879799899e+00,9.7289949454e+00,9.6800025968e+00,9.6395538713e+00,9.6211606329e+00,9.5994342920e+00,9.5608701590e+00,9.4385484778e+00,9.0664078823e+00,8.5601778178e+00,8.0178974422e+00,7.4328189205e+00,6.8163198073e+00,6.1983512480e+00,5.5444459592e+00,4.6328026261e+00,3.5721446350e+00,2.5119735349e+00,1.8881797615e+00,1.3596825845e+00,7.9286690664e-01,3.3851034021e-01,2.1673759296e-01,1.0212331682e-01,3.2209840126e-02,1.6204085492e-02,3.7786852929e-03,1.6529567252e-03,4.3017954766e-04,1.5005576317e-04,1.2201726138e-04,0.0000000000e+00,0.0000000000e+00,0.0000000000e+00,0.0000000000e+00,0.0000000000e+00,0.0000000000e+00,0.0000000000e+00,0.0000000000e+00,0.0000000000e+00,0.0000000000e+00,0.0000000000e+00,0.0000000000e+00,0.0000000000e+00,0.0000000000e+00,0.0000000000e+00,0.0000000000e+00,0.0000000000e+00,0.0000000000e+00,0.0000000000e+00,0.0000000000e+00,0.0000000000e+00,0.0000000000e+00,0.0000000000e+00,0.0000000000e+00,0.0000000000e+00,0.0000000000e+00,0.0000000000e+00,0.0000000000e+00,0.0000000000e+00,0.0000000000e+00,0.0000000000e+00,0.0000000000e+00,0.0000000000e+00,0.0000000000e+00,0.0000000000e+00,0.0000000000e+00,0.0000000000e+00,0.0000000000e+00,0.0000000000e+00,0.0000000000e+00,0.0000000000e+00,0.0000000000e+00,0.0000000000e+00,0.0000000000e+00,0.0000000000e+00,0.0000000000e+00,0.0000000000e+00,0.0000000000e+00,0.0000000000e+00,0.0000000000e+00,0.0000000000e+00,0.0000000000e+00,0.0000000000e+00,0.0000000000e+00,0.0000000000e+00,0.0000000000e+00,0.0000000000e+00,0.0000000000e+00,0.0000000000e+00,0.0000000000e+00,0.0000000000e+00,0.0000000000e+00,0.0000000000e+00,0.0000000000e+00,0.0000000000e+00,0.0000000000e+00,0.0000000000e+00,0.0000000000e+00,0.0000000000e+00,0.0000000000e+00,0.0000000000e+00,0.0000000000e+00,0.0000000000e+00,0.0000000000e+00,0.0000000000e+00
6.6267747720e-01,1.0126630335e+01,1.0126630335e+01,1.0126630335e+01,1.0126630335e+01,1.0126630335e+01,1.0126630335e+01,1.0126630335e+01,1.0126630335e+01,1.0126630335e+01,1.0126630335e+01,1.0126630335e+01,1.0126630335e+01,1.0126630335e+01,1.0126630335e+01,1.0126630335e+01,1.0126630335e+01,1.0126630335e+01,1.0126630335e+01,1.0126630335e+01,1.0126630335e+01,1.0126630335e+01,1.0126630335e+01,1.0126630335e+01,1.0126630335e+01,1.0126630335e+01,1.0126630335e+01,1.0126630335e+01,1.0126630335e+01,1.0126630335e+01,1.0126630335e+01,1.0126630335e+01,1.0126630335e+01,1.0126630335e+01,1.0126630335e+01,1.0126630335e+01,1.0126630335e+01,1.0126630335e+01,1.0126630335e+01,1.0126630335e+01,1.0126630335e+01,1.0126630335e+01,1.0126630335e+01,1.0126630335e+01,1.0126630335e+01,1.0126630335e+01,1.0126630335e+01,1.0126630335e+01,1.0126630335e+01,1.0126630335e+01,1.0126630335e+01,1.0126630335e+01,1.0126630335e+01,1.0126630335e+01,1.0126630335e+01,1.0126430733e+01,1.0126187035e+01,1.0125921941e+01,1.0125633573e+01,1.0125319888e+01,1.0124978665e+01,1.0124607488e+01,1.0124203728e+01,1.0123764525e+01,1.0123286772e+01,1.0122767085e+01,1.0122201788e+01,1.0121586879e+01,1.0120121104e+01,1.0118363902e+01,1.0116452720e+01,1.0114374099e+01,1.0112113409e+01,1.0109654749e+01,1.0105683074e+01,1.0100955261e+01,1.0095814740e+01,1.0090225726e+01,1.0082570891e+01,1.0073761164e+01,1.0064186467e+01,1.0052064199e+01,1.0038405017e+01,1.0022830620e+01,1.0004772294e+01,9.9845641641e+00,9.9617534204e+00,9.9357708497e+00,9.9066156805e+00,9.8733841146e+00,9.8352081787e+00,9.7918509820e+00,9.7423981288e+00,9.6866251690e+00,9.6254488014e+00,9.5628071698e+00,9.5094754898e+00,9.4648145178e+00,9.4275142397e+00,9.4095317802e+00,9.3883462641e+00,9.3519400396e+00,9.2372812902e+00,8.8871027002e+00,8.4102736490e+00,7.8998330363e+00,7.3492265975e+00,6.7683343339e+00,6.1845809752e+00,5.5662080938e+00,4.6857910457e+00,3.6519443650e+00,2.6151754070e+00,1.9891041682e+00,1.4494016091e+00,8.6157069149e-01,3.8541181030e-01,2.5026669812e-01,1.2078101683e-01,4.0451825489e-02,2.0748374363e-02,5.1901305977e-03,2.3316916437e-03,6.4622118925e-04,2.3026681979e-04,1.6743366736e-04,0.0000000000e+00,0.0000000000e+00,0.0000000000e+00,0.0000000000e+00,0.0000000000e+00,0.0000000000e+00,0.0000000000e+00,0.0000000000e+00,0.0000000000e+00,0.0000000000e+00,0.0000000000e+00,0.0000000000e+00,0.0000000000e+00,0.0000000000e+00,0.0000000000e+00,0.0000000000e+00,0.0000000000e+00,0.0000000000e+00,0.0000000000e+00,0.0000000000e+00,0.0000000000e+00,0.0000000000e+00,0.0000000000e+00,0.0000000000e+00,0.0000000000e+00,0.0000000000e+00,0.0000000000e+00,0.0000000000e+00,0.0000000000e+00,0.0000000000e+00,0.0000000000e+00,0.0000000000e+00,0.0000000000e+00,0.0000000000e+00,0.0000000000e+00,0.0000000000e+00,0.0000000000e+00,0.0000000000e+00,0.0000000000e+00,0.0000000000e+00,0.0000000000e+00,0.0000000000e+00,0.0000000000e+00,0.0000000000e+00,0.0000000000e+00,0.0000000000e+00,0.0000000000e+00,0.0000000000e+00,0.0000000000e+00,0.0000000000e+00,0.0000000000e+00,0.0000000000e+00,0.0000000000e+00,0.0000000000e+00,0.0000000000e+00,0.0000000000e+00,0.0000000000e+00,0.0000000000e+00,0.0000000000e+00,0.0000000000e+00,0.0000000000e+00,0.0000000000e+00,0.0000000000e+00,0.0000000000e+00,0.0000000000e+00,0.0000000000e+00,0.0000000000e+00,0.0000000000e+00,0.0000000000e+00,0.0000000000e+00,0.0000000000e+00,0.0000000000e+00,0.0000000000e+00,0.0000000000e+00,0.0000000000e+00
6.9649086754e-01,9.8405290501e+00,9.8405290501e+00,9.8405290501e+00,9.8405290501e+00,9.8405290501e+00,9.8405290501e+00,9.8405290501e+00,9.8405290501e+00,9.8405290501e+00,9.8405290501e+00,9.8405290501e+00,9.8405290501e+00,9.8405290501e+00,9.8405290501e+00,9.8405290501e+00,9.8405290501e+00,9.8405290501e+00,9.8405290501e+00,9.8405290501e+00,9.8405290501e+00,9.8405290501e+00,9.8405290501e+00,9.8405290501e+00,9.8405290501e+00,9.8405290501e+00,9.8405290501e+00,9.8405290501e+00,9.8405290501e+00,9.8405290501e+00,9.8405290501e+00,9.8405290501e+00,9.8405290501e+00,9.8405290501e+00,9.8405290501e+00,9.8405290501e+00,9.8405290501e+00,9.8405290501e+00,9.8405290501e+00,9.8405290501e+00,9.8405290501e+00,9.8405290501e+00,9.8405290501e+00,9.8405290501e+00,9.8405290501e+00,9.8405290501e+00,9.8405290501e+00,9.8405290501e+00,9.8405290501e+00,9.8405290501e+00,9.8405290501e+00,9.8405290501e+00,9.8405290501e+00,9.8405290501e+00,9.8405290501e+00,9.8403518963e+00,9.8401356054e+00,9.8399003243e+00,9.8396443861e+00,9.8393659777e+00,9.8390631271e+00,9.8387336894e+00,9.8383753314e+00,9.8379855155e+00,9.8375614818e+00,9.8371002281e+00,9.8365984896e+00,9.8360527150e+00,9.8347498505e+00,9.8331877521e+00,9.8314887446e+00,9.8296408557e+00,9.8276310709e+00,9.8254452439e+00,9.8219131642e+00,9.8177082623e+00,9.8131361103e+00,9.8081648284e+00,9.8013555472e+00,9.7935183690e+00,9.7850000092e+00,9.7742124118e+00,9.7620553695e+00,9.7481885780e+00,9.7321028246e+00,9.7140938178e+00,9.6937541479e+00,9.6705716209e+00,9.6445453465e+00,9.6148617461e+00,9.5807397309e+00,9.5419647440e+00,9.4977130238e+00,9.4477678080e+00,9.3929205444e+00,9.3366391520e+00,9.2884356310e+00,9.2477388181e+00,9.2133613158e+00,9.1958745410e+00,9.1753138706e+00,9.1409907648e+00,9.0336997790e+00,8.7049597899e+00,8.2569041913e+00,7.7775494805e+00,7.2605007097e+00,6.7142760086e+00,6.1640508663e+00,5.5805831976e+00,4.7320300565e+00,3.7265302497e+00,2.7150708062e+00,2.0888652947e+00,1.5400472171e+00,9.3299255741e-01,4.3629970755e-01,2.8728200857e-01,1.4200030924e-01,5.0378121916e-02,2.6342739397e-02,7.0547001084e-03,3.2549358128e-03,9.6040575658e-04,3.5434854376e-04,2.4343691454e-04,0.0000000000e+00,0.0000000000e+00,0.0000000000e+00,0.0000000000e+00,0.0000000000e+00,0.0000000000e+00,0.0000000000e+00,0.0000000000e+00,0.0000000000e+00,0.0000000000e+00,0.0000000000e+00,0.0000000000e+00,0.0000000000e+00,0.0000000000e+00,0.0000000000e+00,0.0000000000e+00,0.0000000000e+00,0.0000000000e+00,0.0000000000e+00,0.0000000000e+00,0.0000000000e+00,0.0000000000e+00,0.0000000000e+00,0.0000000000e+00,0.0000000000e+00,0.0000000000e+00,0.0000000000e+00,0.0000000000e+00,0.0000000000e+00,0.0000000000e+00,0.0000000000e+00,0.0000000000e+00,0.0000000000e+00,0.0000000000e+00,0.0000000000e+00,0.0000000000e+00,0.0000000000e+00,0.0000000000e+00,0.0000000000e+00,0.0000000000e+00,0.0000000000e+00,0.0000000000e+00,0.0000000000e+00,0.0000000000e+00,0.0000000000e+00,0.0000000000e+00,0.0000000000e+00,0.0000000000e+00,0.0000000000e+00,0.0000000000e+00,0.0000000000e+00,0.0000000000e+00,0.0000000000e+00,0.0000000000e+00,0.0000000000e+00,0.0000000000e+00,0.0000000000e+00,0.0000000000e+00,0.0000000000e+00,0.0000000000e+00,0.0000000000e+00,0.0000000000e+00,0.0000000000e+00,0.0000000000e+00,0.0000000000e+00,0.0000000000e+00,0.0000000000e+00,0.0000000000e+00,0.0000000000e+00,0.0000000000e+00,0.0000000000e+00,0.0000000000e+00,0.0000000000e+00,0.0000000000e+00,0.0000000000e+00
7.3202960001e-01,9.5599333363e+00,9.5599333363e+00,9.5599333363e+00,9.5599333363e+00,9.5599333363e+00,9.5599333363e+00,9.5599333363e+00,9.5599333363e+00,9.5599333363e+00,9.5599333363e+00,9.5599333363e+00,9.5599333363e+00,9.5599333363e+00,9.5599333363e+00,9.5599333363e+00,9.5599333363e+00,9.5599333363e+00,9.5599333363e+00,9.5599333363e+00,9.5599333363e+00,9.5599333363e+00,9.5599333363e+00,9.5599333363e+00,9.5599333363e+00,9.5599333363e+00,9.5599333363e+00,9.5599333363e+00,9.5599333363e+00,9.5599333363e+00,9.5599333363e+00,9.5599333363e+00,9.5599333363e+00,9.5599333363e+00,9.5599333363e+00,9.5599333363e+00,9.5599333363e+00,9.5599333363e+00,9.5599333363e+00,9.5599333363e+00,9.5599333363e+00,9.5599333363e+00,9.5599333363e+00,9.5599333363e+00,9.5599333363e+00,9.5599333363e+00,9.5599333363e+00,9.5599333363e+00,9.5599333363e+00,9.5599333363e+00,9.5599333363e+00,9.5599333363e+00,9.5599333363e+00,9.5599333363e+00,9.5599333363e+00,9.5597761596e+00,9.5595842590e+00,9.5593755091e+00,9.5591484310e+00,9.5589014160e+00,9.5586327142e+00,9.5583404223e+00,9.5580224701e+00,9.5576766059e+00,9.5573003805e+00,9.5568911300e+00,9.5564459571e+00,9.5559617106e+00,9.5548040650e+00,9.5534159090e+00,9.5519060676e+00,9.5502638958e+00,9.5484778214e+00,9.5465352648e+00,9.5433952759e+00,9.5396568306e+00,9.5355917206e+00,9.5311715606e+00,9.5251166773e+00,9.5181472912e+00,9.5105716116e+00,9.5009753417e+00,9.4901593759e+00,9.4778177168e+00,9.4634946185e+00,9.4474517104e+00,9.4293226106e+00,9.4086465652e+00,9.3854227478e+00,9.3589190513e+00,9.3284328159e+00,9.2937699936e+00,9.2541888628e+00,9.2094813197e+00,9.1603292313e+00,9.1097832903e+00,9.0662328588e+00,9.0291663562e+00,8.9975050187e+00,8.9805864497e+00,8.9607228186e+00,8.9284124402e+00,8.8281958418e+00,8.5203100735e+00,8.1003078588e+00,7.6511975391e+00,7.1667123306e+00,6.6541310594e+00,6.1366316264e+00,5.5873088026e+00,4.7711469717e+00,3.7954324218e+00,2.8110591631e+00,2.1868803169e+00,1.6311360730e+00,1.0068593868e+00,4.9111808617e-01,3.2786110547e-01,1.6596713464e-01,6.2217887290e-02,3.3164389104e-02,9.4882418471e-03,4.4953772587e-03,1.4106680847e-03,5.4307793439e-04,3.6614055059e-04,0.0000000000e+00,0.0000000000e+00,0.0000000000e+00,0.0000000000e+00,0.0000000000e+00,0.0000000000e+00,0.0000000000e+00,0.0000000000e+00,0.0000000000e+00,0.0000000000e+00,0.0000000000e+00,0.0000000000e+00,0.0000000000e+00,0.0000000000e+00,0.0000000000e+00,0.0000000000e+00,0.0000000000e+00,0.0000000000e+00,0.0000000000e+00,0.0000000000e+00,0.0000000000e+00,0.0000000000e+00,0.0000000000e+00,0.0000000000e+00,0.0000000000e+00,0.0000000000e+00,0.0000000000e+00,0.0000000000e+00,0.0000000000e+00,0.0000000000e+00,0.0000000000e+00,0.0000000000e+00,0.0000000000e+00,0.0000000000e+00,0.0000000000e+00,0.0000000000e+00,0.0000000000e+00,0.0000000000e+00,0.0000000000e+00,0.0000000000e+00,0.0000000000e+00,0.0000000000e+00,0.0000000000e+00,0.0000000000e+00,0.0000000000e+00,0.0000000000e+00,0.0000000000e+00,0.0000000000e+00,0.0000000000e+00,0.0000000000e+00,0.0000000000e+00,0.0000000000e+00,0.0000000000e+00,0.0000000000e+00,0.0000000000e+00,0.0000000000e+00,0.0000000000e+00,0.0000000000e+00,0.0000000000e+00,0.0000000000e+00,0.0000000000e+00,0.0000000000e+00,0.0000000000e+00,0.0000000000e+00,0.0000000000e+00,0.0000000000e+00,0.0000000000e+00,0.0000000000e+00,0.0000000000e+00,0.0000000000e+00,0.0000000000e+00,0.0000000000e+00,0.0000000000e+00,0.0000000000e+00,0.0000000000e+00
7.6938171089e-01,9.2836496992e+00,9.2836496992e+00,9.2836496992e+00,9.2836496992e+00,9.2836496992e+00,9.2836496992e+00,9.2836496992e+00,9.2836496992e+00,9.2836496992e+00,9.2836496992e+00,9.2836496992e+00,9.2836496992e+00,9.2836496992e+00,9.2836496992e+00,9.2836496992e+00,9.2836496992e+00,9.2836496992e+00,9.2836496992e+00,9.2836496992e+00,9.2836496992e+00,9.2836496992e+00,9.2836496992e+00,9.2836496992e+00,9.2836496992e+00,9.2836496992e+00,9.2836496992e+00,9.2836496992e+00,9.2836496992e+00,9.2836496992e+00,9.2836496992e+00,9.2836496992e+00,9.2836496992e+00,9.2836496992e+00,9.2836496992e+00,9.2836496992e+00,9.2836496992e+00,9.2836496992e+00,9.2836496992e+00,9.2836496992e+00,9.2836496992e+00,9.2836496992e+00,9.2836496992e+00,9.2836496992e+00,9.2836496992e+00,9.2836496992e+00,9.2836496992e+00,9.2836496992e+00,9.2836496992e+00,9.2836496992e+00,9.2836496992e+00,9.2836496992e+00,9.2836496992e+00,9.2836496992e+00,9.2836496992e+00,9.2836496992e+00,9.2836023069e+00,9.2833819401e+00,9.2831422257e+00,9.2828814654e+00,9.2825978122e+00,9.2822892572e+00,9.2819536150e+00,9.2815885089e+00,9.2811913538e+00,9.2807593380e+00,9.2802894034e+00,9.2797782239e+00,9.2792221822e+00,9.2784585589e+00,9.2768512842e+00,9.2751031673e+00,9.2732018966e+00,9.2711340899e+00,9.2688852024e+00,9.2662853580e+00,9.2621242728e+00,9.2575998636e+00,9.2526806092e+00,9.2471410176e+00,9.2395128990e+00,9.2312219888e+00,9.2220114097e+00,9.2105439832e+00,9.1980856258e+00,9.1836275090e+00,9.1675892764e+00,9.1490899969e+00,9.1285489672e+00,9.1045839758e+00,9.0774689911e+00,9.0466467137e+00,9.0114170644e+00,8.9713141383e+00,8.9271608434e+00,8.8817655845e+00,8.8422492036e+00,8.8090751649e+00,8.7788024467e+00,8.7634491266e+00,8.7444765142e+00,8.7143895419e+00,8.6260676623e+00,8.3332184059e+00,7.9404474768e+00,7.5210055329e+00,7.0677802445e+00,6.5880241354e+00,6.1025006977e+00,5.5858388924e+00,4.8022374104e+00,3.8580219066e+00,2.9043532599e+00,2.2824843953e+00,1.7216459280e+00,1.0823911828e+00,5.4996048412e-01,3.7214810975e-01,1.9284359874e-01,7.6294598286e-02,4.1491392989e-02,1.2667013578e-02,6.1582810756e-03,2.0483670004e-03,7.5435478408e-04,3.2039194175e-04,1.3291607744e-04,0.0000000000e+00,0.0000000000e+00,0.0000000000e+00,0.0000000000e+00,0.0000000000e+00,0.0000000000e+00,0.0000000000e+00,0.0000000000e+00,0.0000000000e+00,0.0000000000e+00,0.0000000000e+00,0.0000000000e+00,0.0000000000e+00,0.0000000000e+00,0.0000000000e+00,0.0000000000e+00,0.0000000000e+00,0.0000000000e+00,0.0000000000e+00,0.0000000000e+00,0.0000000000e+00,0.0000000000e+00,0.0000000000e+00,0.0000000000e+00,0.0000000000e+00,0.0000000000e+00,0.0000000000e+00,0.0000000000e+00,0.0000000000e+00,0.0000000000e+00,0.0000000000e+00,0.0000000000e+00,0.0000000000e+00,0.0000000000e+00,0.0000000000e+00,0.0000000000e+00,0.0000000000e+00,0.0000000000e+00,0.0000000000e+00,0.0000000000e+00,0.0000000000e+00,0.0000000000e+00,0.0000000000e+00,0.0000000000e+00,0.0000000000e+00,0.0000000000e+00,0.0000000000e+00,0.0000000000e+00,0.0000000000e+00,0.0000000000e+00,0.0000000000e+00,0.0000000000e+00,0.0000000000e+00,0.0000000000e+00,0.0000000000e+00,0.0000000000e+00,0.0000000000e+00,0.0000000000e+00,0.0000000000e+00,0.0000000000e+00,0.0000000000e+00,0.0000000000e+00,0.0000000000e+00,0.0000000000e+00,0.0000000000e+00,0.0000000000e+00,0.0000000000e+00,0.0000000000e+00,0.0000000000e+00,0.0000000000e+00,0.0000000000e+00,0.0000000000e+00,0.0000000000e+00,0.0000000000e+00
8.0863972857e-01,9.0131964853e+00,9.0131964853e+00,9.0131964853e+00,9.0131964853e+00,9.0131964853e+00,9.0131964853e+00,9.0131964853e+00,9.0131964853e+00,9.0131964853e+00,9.0131964853e+00,9.0131964853e+00,9.0131964853e+00,9.0131964853e+00,9.0131964853e+00,9.0131964853e+00,9.0131964853e+00,9.0131964853e+00,9.0131964853e+00,9.0131964853e+00,9.0131964853e+00,9.0131964853e+00,9.0131964853e+00,9.0131964853e+00,9.0131964853e+00,9.0131964853e+00,9.0131964853e+00,9.0131964853e+00,9.0131964853e+00,9.0131964853e+00,9.0131964853e+00,9.0131964853e+00,9.0131964853e+00,9.0131964853e+00,9.0131964853e+00,9.0131964853e+00,9.0131964853e+00,9.0131964853e+00,9.0131964853e+00,9.0131964853e+00,9.0131964853e+00,9.0131964853e+00,9.0131964853e+00,9.0131964853e+00,9.0131964853e+00,9.0131964853e+00,9.0131964853e+00,9.0131964853e+00,9.0131964853e+00,9.0131964853e+00,9.0131964853e+00,9.0131964853e+00,9.0131964853e+00,9.0131964853e+00,9.0131964853e+00,9.0131964853e+00,9.0131964853e+00,9.0131964853e+00,9.0130499038e+00,9.0127733465e+00,9.0124725102e+00,9.0121452644e+00,9.0117892919e+00,9.0114020722e+00,9.0109808640e+00,9.0105226855e+00,9.0100242942e+00,9.0094821631e+00,9.0088924566e+00,9.0082510031e+00,9.0075532659e+00,9.0062303585e+00,9.0042387700e+00,9.0020727708e+00,8.9997171352e+00,8.9971553165e+00,8.9943693350e+00,8.9906126144e+00,8.9855910132e+00,8.9801315764e+00,8.9741964329e+00,8.9669448370e+00,8.9580453713e+00,8.9483743424e+00,8.9372256676e+00,8.9243457484e+00,8.9102427999e+00,8.8935907075e+00,8.8753420381e+00,8.8538805644e+00,8.8297891614e+00,8.8023837929e+00,8.7704991875e+00,8.7347848588e+00,8.6956001990e+00,8.6552789309e+00,8.6192714406e+00,8.5890042185e+00,8.5620578534e+00,8.5467229849e+00,8.5279912123e+00,8.4995134841e+00,8.4129881367e+00,8.1435716889e+00,7.7785200733e+00,7.3871497022e+00,6.9640463089e+00,6.5155357162e+00,6.0605542405e+00,5.5782955125e+00,4.8269298940e+00,3.9147390390e+00,2.9881832738e+00,2.3751495839e+00,1.8129281291e+00,1.1603073018e+00,6.1324109647e-01,4.1954104075e-01,2.2240780031e-01,9.2565399499e-02,5.1256105445e-02,1.6629945706e-02,8.3090413815e-03,2.9285438894e-03,1.1375403567e-03,5.0628887265e-04,1.9166178939e-04,7.5069791905e-05,4.2386544397e-05,0.0000000000e+00,0.0000000000e+00,0.0000000000e+00,0.0000000000e+00,0.0000000000e+00,0.0000000000e+00,0.0000000000e+00,0.0000000000e+00,0.0000000000e+00,0.0000000000e+00,0.0000000000e+00,0.0000000000e+00,0.0000000000e+00,0.0000000000e+00,0.0000000000e+00,0.0000000000e+00,0.0000000000e+00,0.0000000000e+00,0.0000000000e+00,0.0000000000e+00,0.0000000000e+00,0.0000000000e+00,0.0000000000e+00,0.0000000000e+00,0.0000000000e+00,0.0000000000e+00,0.0000000000e+00,0.0000000000e+00,0.0000000000e+00,0.0000000000e+00,0.0000000000e+00,0.0000000000e+00,0.0000000000e+00,0.0000000000e+00,0.0000000000e+00,0.0000000000e+00,0.0000000000e+00,0.0000000000e+00,0.0000000000e+00,0.0000000000e+00,0.0000000000e+00,0.0000000000e+00,0.0000000000e+00,0.0000000000e+00,0.0000000000e+00,0.0000000000e+00,0.0000000000e+00,0.0000000000e+00,0.0000000000e+00,0.0000000000e+00,0.0000000000e+00,0.0000000000e+00,0.0000000000e+00,0.0000000000e+00,0.0000000000e+00,0.0000000000e+00,0.0000000000e+00,0.0000000000e+00,0.0000000000e+00,0.0000000000e+00,0.0000000000e+00,0.0000000000e+00,0.0000000000e+00,0.0000000000e+00,0.0000000000e+00,0.0000000000e+00,0.0000000000e+00,0.0000000000e+00,0.0000000000e+00,0.0000000000e+00,0.0000000000e+00,0.0000000000e+00
8.4990090271e-01,8.7472269173e+00,8.7472269173e+00,8.7472269173e+00,8.7472269173e+00,8.7472269173e+00,8.7472269173e+00,8.7472269173e+00,8.7472269173e+00,8.7472269173e+00,8.7472269173e+00,8.7472269173e+00,8.7472269173e+00,8.7472269173e+00,8.7472269173e+00,8.7472269173e+00,8.7472269173e+00,8.7472269173e+00,8.7472269173e+00,8.7472269173e+00,8.7472269173e+00,8.7472269173e+00,8.7472269173e+00,8.7472269173e+00,8.7472269173e+00,8.7472269173e+00,8.7472269173e+00,8.7472269173e+00,8.7472269173e+00,8.7472269173e+00,8.7472269173e+00,8.7472269173e+00,8.7472269173e+00,8.7472269173e+00,8.7472269173e+00,8.7472269173e+00,8.7472269173e+00,8.7472269173e+00,8.7472269173e+00,8.7472269173e+00,8.7472269173e+00,8.7472269173e+00,8.7472269173e+00,8.7472269173e+00,8.7472269173e+00,8.7472269173e+00,8.7472269173e+00,8.7472269173e+00,8.7472269173e+00,8.7472269173e+00,8.7472269173e+00,8.7472269173e+00,8.7472269173e+00,8.7472269173e+00,8.7472269173e+00,8.7472269173e+00,8.7472269173e+00,8.7472269173e+00,8.7470969516e+00,8.7468517431e+00,8.7465850070e+00,8.7462948542e+00,8.7459792297e+00,8.7456358985e+00,8.7452624297e+00,8.7448561791e+00,8.7444142712e+00,8.7439335782e+00,8.7434106985e+00,8.7428419325e+00,8.7422232569e+00,8.7410492912e+00,8.7392813685e+00,8.7373585845e+00,8.7352674130e+00,8.7329931534e+00,8.7305198299e+00,8.7271843475e+00,8.7227253607e+00,8.7178773517e+00,8.7126066277e+00,8.7061650845e+00,8.6982576316e+00,8.6896638648e+00,8.6797513592e+00,8.6682929438e+00,8.6557438674e+00,8.6409124132e+00,8.6246549877e+00,8.6055192108e+00,8.5840287291e+00,8.5595682192e+00,8.5310918763e+00,8.4991705891e+00,8.4641068783e+00,8.4279453309e+00,8.3954797519e+00,8.3679540011e+00,8.3432185018e+00,8.3285699333e+00,8.3107279538e+00,8.2840544223e+00,8.2036994557e+00,7.9531690518e+00,7.6134646670e+00,7.2493603019e+00,6.8555037268e+00,6.4371437265e+00,6.0119506625e+00,5.5608938845e+00,4.8428806847e+00,3.9640518389e+00,3.0691144312e+00,2.4643876562e+00,1.9021548621e+00,1.2393760821e+00,6.7888214406e-01,4.7077845008e-01,2.5550395405e-01,1.1153736308e-01,6.2951071672e-02,2.1664862400e-02,1.1105778600e-02,4.1336059128e-03,1.6772069502e-03,7.7066197844e-04,3.0307805362e-04,1.1973912234e-04,5.8777913617e-05,0.0000000000e+00,0.0000000000e+00,0.0000000000e+00,0.0000000000e+00,0.0000000000e+00,0.0000000000e+00,0.0000000000e+00,0.0000000000e+00,0.0000000000e+00,0.0000000000e+00,0.0000000000e+00,0.0000000000e+00,0.0000000000e+00,0.0000000000e+00,0.0000000000e+00,0.0000000000e+00,0.0000000000e+00,0.0000000000e+00,0.0000000000e+00,0.0000000000e+00,0.0000000000e+00,0.0000000000e+00,0.0000000000e+00,0.0000000000e+00,0.0000000000e+00,0.0000000000e+00,0.0000000000e+00,0.0000000000e+00,0.0000000000e+00,0.0000000000e+00,0.0000000000e+00,0.0000000000e+00,0.0000000000e+00,0.0000000000e+00,0.0000000000e+00,0.0000000000e+00,0.0000000000e+00,0.0000000000e+00,0.0000000000e+00,0.0000000000e+00,0.0000000000e+00,0.0000000000e+00,0.0000000000e+00,0.0000000000e+00,0.0000000000e+00,0.0000000000e+00,0.0000000000e+00,0.0000000000e+00,0.0000000000e+00,0.0000000000e+00,0.0000000000e+00,0.0000000000e+00,0.0000000000e+00,0.0000000000e+00,0.0000000000e+00,0.0000000000e+00,0.0000000000e+00,0.0000000000e+00,0.0000000000e+00,0.0000000000e+00,0.0000000000e+00,0.0000000000e+00,0.0000000000e+00,0.0000000000e+00,0.0000000000e+00,0.0000000000e+00,0.0000000000e+00,0.0000000000e+00,0.0000000000e+00,0.0000000000e+00,0.0000000000e+00,0.0000000000e+00
8.9326744521e-01,8.4855550114e+00,8.4855550114e+00,8.4855550114e+00,8.4855550114e+00,8.4855550114e+00,8.4855550114e+00,8.4855550114e+00,8.4855550114e+00,8.4855550114e+00,8.4855550114e+00,8.4855550114e+00,8.4855550114e+00,8.4855550114e+00,8.4855550114e+00,8.4855550114e+00,8.4855550114e+00,8.4855550114e+00,8.4855550114e+00,8.4855550114e+00,8.4855550114e+00,8.4855550114e+00,8.4855550114e+00,8.4855550114e+00,8.4855550114e+00,8.4855550114e+00,8.4855550114e+00,8.4855550114e+00,8.4855550114e+00,8.4855550114e+00,8.4855550114e+00,8.4855550114e+00,8.4855550114e+00,8.4855550114e+00,8.4855550114e+00,8.4855550114e+00,8.4855550114e+00,8.4855550114e+00,8.4855550114e+00,8.4855550114e+00,8.4855550114e+00,8.4855550114e+00,8.4855550114e+00,8.4855550114e+00,8.4855550114e+00,8.4855550114e+00,8.4855550114e+00,8.4855550114e+00,8.4855550114e+00,8.4855550114e+00,8.4855550114e+00,8.4855550114e+00,8.4855550114e+00,8.4855550114e+00,8.4855550114e+00,8.4855550114e+00,8.4855550114e+00,8.4855550114e+00,8.4854398432e+00,8.4852225531e+00,8.4849861858e+00,8.4847290670e+00,8.4844493758e+00,8.4841451312e+00,8.4838141789e+00,8.4834541754e+00,8.4830625720e+00,8.4826365967e+00,8.4821732346e+00,8.4816692066e+00,8.4811209465e+00,8.4800797530e+00,8.4785112855e+00,8.4768053972e+00,8.4749500796e+00,8.4729322804e+00,8.4707378141e+00,8.4677780567e+00,8.4638209381e+00,8.4595183867e+00,8.4548404488e+00,8.4491218144e+00,8.4420998999e+00,8.4344679148e+00,8.4256597501e+00,8.4154720597e+00,8.4043124389e+00,8.3911105715e+00,8.3766360479e+00,8.3595843957e+00,8.3404258899e+00,8.3186073774e+00,8.2931906799e+00,8.2646773984e+00,8.2333210435e+00,8.2009110009e+00,8.1716597019e+00,8.1466495976e+00,8.1239709436e+00,8.1100392297e+00,8.0931095099e+00,8.0681774464e+00,7.9937031136e+00,7.7612920993e+00,7.4459421148e+00,7.1080075691e+00,6.7421750379e+00,6.3527201926e+00,5.9561896791e+00,5.5351965451e+00,4.8506177338e+00,4.0060992501e+00,3.1439487221e+00,2.5495189345e+00,1.9895750022e+00,1.3192846155e+00,7.4756373834e-01,5.2538706022e-01,2.9185151846e-01,1.3332339901e-01,7.6690545713e-02,2.7930894617e-02,1.4685231344e-02,5.7604857123e-03,2.4404179264e-03,1.1610023994e-03,4.7616164524e-04,1.9296044895e-04,8.8209399872e-05,0.0000000000e+00,0.0000000000e+00,0.0000000000e+00,0.0000000000e+00,0.0000000000e+00,0.0000000000e+00,0.0000000000e+00,0.0000000000e+00,0.0000000000e+00,0.0000000000e+00,0.0000000000e+00,0.0000000000e+00,0.0000000000e+00,0.0000000000e+00,0.0000000000e+00,0.0000000000e+00,0.0000000000e+00,0.0000000000e+00,0.0000000000e+00,0.0000000000e+00,0.0000000000e+00,0.0000000000e+00,0.0000000000e+00,0.0000000000e+00,0.0000000000e+00,0.0000000000e+00,0.0000000000e+00,0.0000000000e+00,0.0000000000e+00,0.0000000000e+00,0.0000000000e+00,0.0000000000e+00,0.0000000000e+00,0.0000000000e+00,0.0000000000e+00,0.0000000000e+00,0.0000000000e+00,0.0000000000e+00,0.0000000000e+00,0.0000000000e+00,0.0000000000e+00,0.0000000000e+00,0.0000000000e+00,0.0000000000e+00,0.0000000000e+00,0.0000000000e+00,0.0000000000e+00,0.0000000000e+00,0.0000000000e+00,0.0000000000e+00,0.0000000000e+00,0.0000000000e+00,0.0000000000e+00,0.0000000000e+00,0.0000000000e+00,0.0000000000e+00,0.0000000000e+00,0.0000000000e+00,0.0000000000e+00,0.0000000000e+00,0.0000000000e+00,0.0000000000e+00,0.0000000000e+00,0.0000000000e+00,0.0000000000e+00,0.0000000000e+00,0.0000000000e+00,0.0000000000e+00,0.0000000000e+00,0.0000000000e+00,0.0000000000e+00,0.0000000000e+00
9.3884678334e-01,8.2260621404e+00,8.2260621404e+00,8.2260621404e+00,8.2260621404e+00,8.2260621404e+00,8.2260621404e+00,8.2260621404e+00,8.2260621404e+00,8.2260621404e+00,8.2260621404e+00,8.2260621404e+00,8.2260621404e+00,8.2260621404e+00,8.2260621404e+00,8.2260621404e+00,8.2260621404e+00,8.2260621404e+00,8.2260621404e+00,8.2260621404e+00,8.2260621404e+00,8.2260621404e+00,8.2260621404e+00,8.2260621404e+00,8.2260621404e+00,8.2260621404e+00,8.2260621404e+00,8.2260621404e+00,8.2260621404e+00,8.2260621404e+00,8.2260621404e+00,8.2260621404e+00,8.2260621404e+00,8.2260621404e+00,8.2260621404e+00,8.2260621404e+00,8.2260621404e+00,8.2260621404e+00,8.2260621404e+00,8.2260621404e+00,8.2260621404e+00,8.2260621404e+00,8.2260621404e+00,8.2260621404e+00,8.2260621404e+00,8.2260621404e+00,8.2260621404e+00,8.2260621404e+00,8.2260621404e+00,8.2260621404e+00,8.2260621404e+00,8.2260621404e+00,8.2260621404e+00,8.2260621404e+00,8.2260621404e+00,8.2260621404e+00,8.2260621404e+00,8.2260621404e+00,8.2260621404e+00,8.2260621404e+00,8.2258338054e+00,8.2255607125e+00,8.2252636456e+00,8.2249405011e+00,8.2245889909e+00,8.2242066265e+00,8.2237907013e+00,8.2233382714e+00,8.2228461353e+00,8.2223108109e+00,8.2217285113e+00,8.2210951184e+00,8.2204061533e+00,8.2187801204e+00,8.2168569341e+00,8.2147653556e+00,8.2124906894e+00,8.2100169667e+00,8.2073268361e+00,8.2032855648e+00,8.1985768156e+00,8.1934575912e+00,8.1878924023e+00,8.1807925285e+00,8.1727851139e+00,8.1640833508e+00,8.1537281879e+00,8.1422507924e+00,8.1291851310e+00,8.1141373900e+00,8.0970634797e+00,8.0775404883e+00,8.0549204278e+00,8.0295956467e+00,8.0013385332e+00,7.9722348104e+00,7.9466804440e+00,7.9233948916e+00,7.9027315506e+00,7.8895099838e+00,7.8736779393e+00,7.8503627567e+00,7.7866534660e+00,7.5660308166e+00,7.2748721797e+00,6.9620103257e+00,6.6233716353e+00,6.2620594833e+00,5.8931938836e+00,5.5016437202e+00,4.8494905994e+00,4.0414652573e+00,3.2158200488e+00,2.6301587032e+00,2.0727003337e+00,1.3990390522e+00,8.1937833959e-01,5.8361537050e-01,3.3156504869e-01,1.5833767883e-01,9.2856401855e-02,3.5711006151e-02,1.9235122489e-02,7.9449684559e-03,3.5071937489e-03,1.7266636448e-03,7.5183881480e-04,3.1466453919e-04,1.0675870731e-04,2.4218033699e-05,1.3893725987e-05,0.0000000000e+00,0.0000000000e+00,0.0000000000e+00,0.0000000000e+00,0.0000000000e+00,0.0000000000e+00,0.0000000000e+00,0.0000000000e+00,0.0000000000e+00,0.0000000000e+00,0.0000000000e+00,0.0000000000e+00,0.0000000000e+00,0.0000000000e+00,0.0000000000e+00,0.0000000000e+00,0.0000000000e+00,0.0000000000e+00,0.0000000000e+00,0.0000000000e+00,0.0000000000e+00,0.0000000000e+00,0.0000000000e+00,0.0000000000e+00,0.0000000000e+00,0.0000000000e+00,0.0000000000e+00,0.0000000000e+00,0.0000000000e+00,0.0000000000e+00,0.0000000000e+00,0.0000000000e+00,0.0000000000e+00,0.0000000000e+00,0.0000000000e+00,0.0000000000e+00,0.0000000000e+00,0.0000000000e+00,0.0000000000e+00,0.0000000000e+00,0.0000000000e+00,0.0000000000e+00,0.0000000000e+00,0.0000000000e+00,0.0000000000e+00,0.0000000000e+00,0.0000000000e+00,0.0000000000e+00,0.0000000000e+00,0.0000000000e+00,0.0000000000e+00,0.0000000000e+00,0.0000000000e+00,0.0000000000e+00,0.0000000000e+00,0.0000000000e+00,0.0000000000e+00,0.0000000000e+00,0.0000000000e+00,0.0000000000e+00,0.0000000000e+00,0.0000000000e+00,0.0000000000e+00,0.0000000000e+00,0.0000000000e+00,0.0000000000e+00,0.0000000000e+00,0.0000000000e+00,0.0000000000e+00,0.0000000000e+00
9.8675182591e-01,7.9724638323e+00,7.9724638323e+00,7.9724638323e+00,7.9724638323e+00,7.9724638323e+00,7.9724638323e+00,7.9724638323e+00,7.9724638323e+00,7.9724638323e+00,7.9724638323e+00,7.9724638323e+00,7.9724638323e+00,7.9724638323e+00,7.9724638323e+00,7.9724638323e+00,7.9724638323e+00,7.9724638323e+00,7.9724638323e+00,7.9724638323e+00,7.9724638323e+00,7.9724638323e+00,7.9724638323e+00,7.9724638323e+00,7.9724638323e+00,7.9724638323e+00,7.9724638323e+00,7.9724638323e+00,7.9724638323e+00,7.9724638323e+00,7.9724638323e+00,7.9724638323e+00,7.9724638323e+00,7.9724638323e+00,7.9724638323e+00,7.9724638323e+00,7.9724638323e+00,7.9724638323e+00,7.9724638323e+00,7.9724638323e+00,7.9724638323e+00,7.9724638323e+00,7.9724638323e+00,7.9724638323e+00,7.9724638323e+00,7.9724638323e+00,7.9724638323e+00,7.9724638323e+00,7.9724638323e+00,7.9724638323e+00,7.9724638323e+00,7.9724638323e+00,7.9724638323e+00,7.9724638323e+00,7.9724638323e+00,7.9724638323e+00,7.9724638323e+00,7.9724638323e+00,7.9724638323e+00,7.9724638323e+00,7.9722617038e+00,7.9720199537e+00,7.9717569804e+00,7.9714709213e+00,7.9711597508e+00,7.9708212657e+00,7.9704530695e+00,7.9700525559e+00,7.9696168902e+00,7.9691429893e+00,7.9686275003e+00,7.9680667764e+00,7.9674568519e+00,7.9660161328e+00,7.9643119957e+00,7.9624586071e+00,7.9604429351e+00,7.9582508168e+00,7.9558668618e+00,7.9522847457e+00,7.9481106600e+00,7.9435724744e+00,7.9386386666e+00,7.9323392925e+00,7.9252330634e+00,7.9175099612e+00,7.9083100376e+00,7.8981099769e+00,7.8864919098e+00,7.8731025465e+00,7.8579024678e+00,7.8405119561e+00,7.8203499115e+00,7.7977622884e+00,7.7725329042e+00,7.7464851650e+00,7.7234823589e+00,7.7023845965e+00,7.6834873529e+00,7.6710175613e+00,7.6560984056e+00,7.6344089206e+00,7.5756067063e+00,7.3719252592e+00,7.1029515373e+00,6.8139481201e+00,6.5007618904e+00,6.1657469204e+00,5.8231409310e+00,5.4591938771e+00,4.8403087004e+00,4.0679717415e+00,3.2767645833e+00,2.7053028886e+00,2.1545476752e+00,1.4789727300e+00,8.9284225321e-01,6.4429259786e-01,3.7443250858e-01,1.8627330815e-01,1.1130869939e-01,4.5087623988e-02,2.4893190039e-02,1.0789324702e-02,4.9635074739e-03,2.5331696697e-03,1.1509711582e-03,4.9774931959e-04,1.7489510445e-04,4.0989121079e-05,1.6614621356e-05,0.0000000000e+00,0.0000000000e+00,0.0000000000e+00,0.0000000000e+00,0.0000000000e+00,0.0000000000e+00,0.0000000000e+00,0.0000000000e+00,0.0000000000e+00,0.0000000000e+00,0.0000000000e+00,0.0000000000e+00,0.0000000000e+00,0.0000000000e+00,0.0000000000e+00,0.0000000000e+00,0.0000000000e+00,0.0000000000e+00,0.0000000000e+00,0.0000000000e+00,0.0000000000e+00,0.0000000000e+00,0.0000000000e+00,0.0000000000e+00,0.0000000000e+00,0.0000000000e+00,0.0000000000e+00,0.0000000000e+00,0.0000000000e+00,0.0000000000e+00,0.0000000000e+00,0.0000000000e+00,0.0000000000e+00,0.0000000000e+00,0.0000000000e+00,0.0000000000e+00,0.0000000000e+00,0.0000000000e+00,0.0000000000e+00,0.0000000000e+00,0.0000000000e+00,0.0000000000e+00,0.0000000000e+00,0.0000000000e+00,0.0000000000e+00,0.0000000000e+00,0.0000000000e+00,0.0000000000e+00,0.0000000000e+00,0.0000000000e+00,0.0000000000e+00,0.0000000000e+00,0.0000000000e+00,0.0000000000e+00,0.0000000000e+00,0.0000000000e+00,0.0000000000e+00,0.0000000000e+00,0.0000000000e+00,0.0000000000e+00,0.0000000000e+00,0.0000000000e+00,0.0000000000e+00,0.0000000000e+00,0.0000000000e+00,0.0000000000e+00,0.0000000000e+00,0.0000000000e+00,0.0000000000e+00,0.0000000000e+00
1.0371012429e+00,7.7224174702e+00,7.7224174702e+00,7.7224174702e+00,7.7224174702e+00,7.7224174702e+00,7.7224174702e+00,7.7224174702e+00,7.7224174702e+00,7.7224174702e+00,7.7224174702e+00,7.7224174702e+00,7.7224174702e+00,7.7224174702e+00,7.7224174702e+00,7.7224174702e+00,7.7224174702e+00,7.7224174702e+00,7.7224174702e+00,7.7224174702e+00,7.7224174702e+00,7.7224174702e+00,7.7224174702e+00,7.7224174702e+00,7.7224174702e+00,7.7224174702e+00,7.7224174702e+00,7.7224174702e+00,7.7224174702e+00,7.7224174702e+00,7.7224174702e+00,7.7224174702e+00,7.7224174702e+00,7.7224174702e+00,7.7224174702e+00,7.7224174702e+00,7.7224174702e+00,7.7224174702e+00,7.7224174702e+00,7.7224174702e+00,7.7224174702e+00,7.7224174702e+00,7.7224174702e+00,7.7224174702e+00,7.7224174702e+00,7.7224174702e+00,7.7224174702e+00,7.7224174702e+00,7.7224174702e+00,7.7224174702e+00,7.7224174702e+00,7.7224174702e+00,7.7224174702e+00,7.7224174702e+00,7.7224174702e+00,7.7224174702e+00,7.7224174702e+00,7.7224174702e+00,7.7224174702e+00,7.7224174702e+00,7.7222386774e+00,7.7220248369e+00,7.7217922226e+00,7.7215391870e+00,7.7212639380e+00,7.7209645265e+00,7.7206388324e+00,7.7202845500e+00,7.7198991713e+00,7.7194799686e+00,7.7190239755e+00,7.7185279655e+00,7.7179884297e+00,7.7167128826e+00,7.7152040036e+00,7.7135629429e+00,7.7117781528e+00,7.7098370831e+00,7.7077260943e+00,7.7045533907e+00,7.7008560897e+00,7.6968360893e+00,7.6924654165e+00,7.6868806241e+00,7.6805790887e+00,7.6737299891e+00,7.6655629163e+00,7.6565053138e+00,7.6461827908e+00,7.6342787018e+00,7.6207577892e+00,7.6052794206e+00,7.5873228437e+00,7.5671930303e+00,7.5446856190e+00,7.5213929565e+00,7.5007073072e+00,7.4816141678e+00,7.4643588257e+00,7.4526444129e+00,7.4386368460e+00,7.4185054264e+00,7.3643480846e+00,7.1767633990e+00,6.9288930712e+00,6.6625703736e+00,6.3735646203e+00,6.0635582397e+00,5.7459968069e+00,5.4084015656e+00,4.8225462673e+00,4.0863822762e+00,3.3302697395e+00,2.7746345750e+00,2.2326901118e+00,1.5580429959e+00,9.6795489521e-01,7.0753388630e-01,4.2046908627e-01,2.1745822654e-01,1.3238897866e-01,5.6355893004e-02,3.1880183545e-02,1.4469063726e-02,6.9280575872e-03,3.6620844963e-03,1.7358486495e-03,7.7897886825e-04,2.8497687146e-04,7.0046910733e-05,2.2506975541e-05,0.0000000000e+00,0.0000000000e+00,0.0000000000e+00,0.0000000000e+00,0.0000000000e+00,0.0000000000e+00,0.0000000000e+00,0.0000000000e+00,0.0000000000e+00,0.0000000000e+00,0.0000000000e+00,0.0000000000e+00,0.0000000000e+00,0.0000000000e+00,0.0000000000e+00,0.0000000000e+00,0.0000000000e+00,0.0000000000e+00,0.0000000000e+00,0.0000000000e+00,0.0000000000e+00,0.0000000000e+00,0.0000000000e+00,0.0000000000e+00,0.0000000000e+00,0.0000000000e+00,0.0000000000e+00,0.0000000000e+00,0.0000000000e+00,0.0000000000e+00,0.0000000000e+00,0.0000000000e+00,0.0000000000e+00,0.0000000000e+00,0.0000000000e+00,0.0000000000e+00,0.0000000000e+00,0.0000000000e+00,0.0000000000e+00,0.0000000000e+00,0.0000000000e+00,0.0000000000e+00,0.0000000000e+00,0.0000000000e+00,0.0000000000e+00,0.0000000000e+00,0.0000000000e+00,0.0000000000e+00,0.0000000000e+00,0.0000000000e+00,0.0000000000e+00,0.0000000000e+00,0.0000000000e+00,0.0000000000e+00,0.0000000000e+00,0.0000000000e+00,0.0000000000e+00,0.0000000000e+00,0.0000000000e+00,0.0000000000e+00,0.0000000000e+00,0.0000000000e+00,0.0000000000e+00,0.0000000000e+00,0.0000000000e+00,0.0000000000e+00,0.0000000000e+00,0.0000000000e+00,0.0000000000e+00,0.0000000000e+00
1.0900197597e+00,7.4756885985e+00,7.4756885985e+00,7.4756885985e+00,7.4756885985e+00,7.4756885985e+00,7.4756885985e+00,7.4756885985e+00,7.4756885985e+00,7.4756885985e+00,7.4756885985e+00,7.4756885985e+00,7.4756885985e+00,7.4756885985e+00,7.4756885985e+00,7.4756885985e+00,7.4756885985e+00,7.4756885985e+00,7.4756885985e+00,7.4756885985e+00,7.4756885985e+00,7.4756885985e+00,7.4756885985e+00,7.4756885985e+00,7.4756885985e+00,7.4756885985e+00,7.4756885985e+00,7.4756885985e+00,7.4756885985e+00,7.4756885985e+00,7.4756885985e+00,7.4756885985e+00,7.4756885985e+00,7.4756885985e+00,7.4756885985e+00,7.4756885985e+00,7.4756885985e+00,7.4756885985e+00,7.4756885985e+00,7.4756885985e+00,7.4756885985e+00,7.4756885985e+00,7.4756885985e+00,7.4756885985e+00,7.4756885985e+00,7.4756885985e+00,7.4756885985e+00,7.4756885985e+00,7.4756885985e+00,7.4756885985e+00,7.4756885985e+00,7.4756885985e+00,7.4756885985e+00,7.4756885985e+00,7.4756885985e+00,7.4756885985e+00,7.4756885985e+00,7.4756885985e+00,7.4756885985e+00,7.4756885985e+00,7.4755305794e+00,7.4753415843e+00,7.4751359962e+00,7.4749123588e+00,7.4746690881e+00,7.4744044613e+00,7.4741166043e+00,7.4738034789e+00,7.4734628683e+00,7.4730923612e+00,7.4726893354e+00,7.4722509386e+00,7.4717740690e+00,7.4706457005e+00,7.4693108240e+00,7.4678589834e+00,7.4662799557e+00,7.4645626295e+00,7.4626949283e+00,7.4598871830e+00,7.4566149359e+00,7.4530569346e+00,7.4491883808e+00,7.4442412968e+00,7.4386580910e+00,7.4325892969e+00,7.4253453948e+00,7.4173093207e+00,7.4081459294e+00,7.3975717014e+00,7.3855550778e+00,7.3717907787e+00,7.3558125030e+00,7.3378890159e+00,7.3178280004e+00,7.2970184973e+00,7.2784365494e+00,7.2611795115e+00,7.2454493991e+00,7.2344868322e+00,7.2213823611e+00,7.2027408107e+00,7.1529703156e+00,6.9806325812e+00,6.7527732306e+00,6.5079458234e+00,6.2418489929e+00,5.9555663652e+00,5.6618266131e+00,5.3493194868e+00,4.7961501632e+00,4.0964790220e+00,3.3759414131e+00,2.8376113574e+00,2.3064747193e+00,1.6356030622e+00,1.0441229289e+00,7.7292906459e-01,4.6952240556e-01,2.5194343361e-01,1.5624786793e-01,6.9743246933e-02,4.0407232407e-02,1.9164225781e-02,9.5380517652e-03,5.2160274936e-03,2.5768329448e-03,1.2017532895e-03,4.5863481692e-04,1.1915313158e-04,3.4131805405e-05,0.0000000000e+00,0.0000000000e+00,0.0000000000e+00,0.0000000000e+00,0.0000000000e+00,0.0000000000e+00,0.0000000000e+00,0.0000000000e+00,0.0000000000e+00,0.0000000000e+00,0.0000000000e+00,0.0000000000e+00,0.0000000000e+00,0.0000000000e+00,0.0000000000e+00,0.0000000000e+00,0.0000000000e+00,0.0000000000e+00,0.0000000000e+00,0.0000000000e+00,0.0000000000e+00,0.0000000000e+00,0.0000000000e+00,0.0000000000e+00,0.0000000000e+00,0.0000000000e+00,0.0000000000e+00,0.0000000000e+00,0.0000000000e+00,0.0000000000e+00,0.0000000000e+00,0.0000000000e+00,0.0000000000e+00,0.0000000000e+00,0.0000000000e+00,0.0000000000e+00,0.0000000000e+00,0.0000000000e+00,0.0000000000e+00,0.0000000000e+00,0.0000000000e+00,0.0000000000e+00,0.0000000000e+00,0.0000000000e+00,0.0000000000e+00,0.0000000000e+00,0.0000000000e+00,0.0000000000e+00,0.0000000000e+00,0.0000000000e+00,0.0000000000e+00,0.0000000000e+00,0.0000000000e+00,0.0000000000e+00,0.0000000000e+00,0.0000000000e+00,0.0000000000e+00,0.0000000000e+00,0.0000000000e+00,0.0000000000e+00,0.0000000000e+00,0.0000000000e+00,0.0000000000e+00,0.0000000000e+00,0.0000000000e+00,0.0000000000e+00,0.0000000000e+00,0.0000000000e+00,0.0000000000e+00,0.0000000000e+00
1.1456384654e+00,7.2332158522e+00,7.2332158522e+00,7.2332158522e+00,7.2332158522e+00,7.2332158522e+00,7.2332158522e+00,7.2332158522e+00,7.2332158522e+00,7.2332158522e+00,7.2332158522e+00,7.2332158522e+00,7.2332158522e+00,7.2332158522e+00,7.2332158522e+00,7.2332158522e+00,7.2332158522e+00,7.2332158522e+00,7.2332158522e+00,7.2332158522e+00,7.2332158522e+00,7.2332158522e+00,7.2332158522e+00,7.2332158522e+00,7.2332158522e+00,7.2332158522e+00,7.2332158522e+00,7.2332158522e+00,7.2332158522e+00,7.2332158522e+00,7.2332158522e+00,7.2332158522e+00,7.2332158522e+00,7.2332158522e+00,7.2332158522e+00,7.2332158522e+00,7.2332158522e+00,7.2332158522e+00,7.2332158522e+00,7.2332158522e+00,7.2332158522e+00,7.2332158522e+00,7.2332158522e+00,7.2332158522e+00,7.2332158522e+00,7.2332158522e+00,7.2332158522e+00,7.2332158522e+00,7.2332158522e+00,7.2332158522e+00,7.2332158522e+00,7.2332158522e+00,7.2332158522e+00,7.2332158522e+00,7.2332158522e+00,7.2332158522e+00,7.2332158522e+00,7.2332158522e+00,7.2332158522e+00,7.2332158522e+00,7.2332158522e+00,7.2331650815e+00,7.2329472573e+00,7.2327103101e+00,7.2324525620e+00,7.2321721876e+00,7.2318672017e+00,7.2315354452e+00,7.2311745695e+00,7.2307820205e+00,7.2303550202e+00,7.2298905474e+00,7.2293853162e+00,7.2288357534e+00,7.2280843885e+00,7.2266055867e+00,7.2249972532e+00,7.2232480747e+00,7.2213457560e+00,7.2192769357e+00,7.2168986292e+00,7.2133888998e+00,7.2095728677e+00,7.2054239862e+00,7.2008067043e+00,7.1950402163e+00,7.1887725321e+00,7.1818221050e+00,7.1734123960e+00,7.1642752891e+00,7.1534035513e+00,7.1412855723e+00,7.1270160175e+00,7.1111402174e+00,7.0932567702e+00,7.0750352338e+00,7.0574775361e+00,7.0423995571e+00,7.0274960201e+00,7.0181571150e+00,7.0058677456e+00,6.9881082751e+00,6.9352412054e+00,6.7867448563e+00,6.5752984403e+00,6.3506368196e+00,6.1063955500e+00,5.8420343895e+00,5.5709099625e+00,5.2775957868e+00,4.7618229864e+00,4.0972698045e+00,3.4113096504e+00,2.8941683184e+00,2.3759865130e+00,1.7113619889e+00,1.1208798324e+00,8.3948290273e-01,5.2138272651e-01,2.8983569047e-01,1.8302540982e-01,8.5576450472e-02,5.0739518955e-02,2.5092947212e-02,1.2974661518e-02,7.3328492286e-03,3.7705119051e-03,1.8253426304e-03,7.3483571542e-04,2.0433777756e-04,3.7054878739e-05,3.3750937113e-06,0.0000000000e+00,0.0000000000e+00,0.0000000000e+00,0.0000000000e+00,0.0000000000e+00,0.0000000000e+00,0.0000000000e+00,0.0000000000e+00,0.0000000000e+00,0.0000000000e+00,0.0000000000e+00,0.0000000000e+00,0.0000000000e+00,0.0000000000e+00,0.0000000000e+00,0.0000000000e+00,0.0000000000e+00,0.0000000000e+00,0.0000000000e+00,0.0000000000e+00,0.0000000000e+00,0.0000000000e+00,0.0000000000e+00,0.0000000000e+00,0.0000000000e+00,0.0000000000e+00,0.0000000000e+00,0.0000000000e+00,0.0000000000e+00,0.0000000000e+00,0.0000000000e+00,0.0000000000e+00,0.0000000000e+00,0.0000000000e+00,0.0000000000e+00,0.0000000000e+00,0.0000000000e+00,0.0000000000e+00,0.0000000000e+00,0.0000000000e+00,0.0000000000e+00,0.0000000000e+00,0.0000000000e+00,0.0000000000e+00,0.0000000000e+00,0.0000000000e+00,0.0000000000e+00,0.0000000000e+00,0.0000000000e+00,0.0000000000e+00,0.0000000000e+00,0.0000000000e+00,0.0000000000e+00,0.0000000000e+00,0.0000000000e+00,0.0000000000e+00,0.0000000000e+00,0.0000000000e+00,0.0000000000e+00,0.0000000000e+00,0.0000000000e+00,0.0000000000e+00,0.0000000000e+00,0.0000000000e+00,0.0000000000e+00,0.0000000000e+00,0.0000000000e+00,0.0000000000e+00,0.0000000000e+00
1.2040951385e+00,6.9923195922e+00,6.9923195922e+00,6.9923195922e+00,6.9923195922e+00,6.9923195922e+00,6.9923195922e+00,6.9923195922e+00,6.9923195922e+00,6.9923195922e+00,6.9923195922e+00,6.9923195922e+00,6.9923195922e+00,6.9923195922e+00,6.9923195922e+00,6.9923195922e+00,6.9923195922e+00,6.9923195922e+00,6.9923195922e+00,6.9923195922e+00,6.9923195922e+00,6.9923195922e+00,6.9923195922e+00,6.9923195922e+00,6.9923195922e+00,6.9923195922e+00,6.9923195922e+00,6.9923195922e+00,6.9923195922e+00,6.9923195922e+00,6.9923195922e+00,6.9923195922e+00,6.9923195922e+00,6.9923195922e+00,6.9923195922e+00,6.9923195922e+00,6.9923195922e+00,6.9923195922e+00,6.9923195922e+00,6.9923195922e+00,6.9923195922e+00,6.9923195922e+00,6.9923195922e+00,6.9923195922e+00,6.9923195922e+00,6.9923195922e+00,6.9923195922e+00,6.9923195922e+00,6.9923195922e+00,6.9923195922e+00,6.9923195922e+00,6.9923195922e+00,6.9923195922e+00,6.9923195922e+00,6.9923195922e+00,6.9923195922e+00,6.9923195922e+00,6.9923195922e+00,6.9923195922e+00,6.9923195922e+00,6.9923195922e+00,6.9922747953e+00,6.9920826001e+00,6.9918735315e+00,6.9916461085e+00,6.9913987206e+00,6.9911296159e+00,6.9908368889e+00,6.9905184672e+00,6.9901720966e+00,6.9897953256e+00,6.9893854879e+00,6.9889396836e+00,6.9884547590e+00,6.9877915809e+00,6.9864857042e+00,6.9850654163e+00,6.9835207200e+00,6.9818407492e+00,6.9800136943e+00,6.9779130710e+00,6.9748117032e+00,6.9714395239e+00,6.9677730354e+00,6.9636916036e+00,6.9585886149e+00,6.9530417041e+00,6.9468888744e+00,6.9394362143e+00,6.9313381056e+00,6.9216937676e+00,6.9109401381e+00,6.8982675490e+00,6.8841623090e+00,6.8682503706e+00,6.8520016249e+00,6.8362869939e+00,6.8226881501e+00,6.8091702157e+00,6.8004481560e+00,6.7890339635e+00,6.7726755001e+00,6.7243131540e+00,6.5885500688e+00,6.3951584398e+00,6.1896431059e+00,5.9657978366e+00,5.7226749859e+00,5.4729509575e+00,5.2024143673e+00,4.7180899791e+00,4.0902943194e+00,3.4404320048e+00,2.9428599494e+00,2.4390768861e+00,1.7838737947e+00,1.1971594827e+00,9.0761351906e-01,5.7572141906e-01,3.3081270090e-01,2.1273414341e-01,1.0384752828e-01,6.3005264134e-02,3.2432088387e-02,1.7381102440e-02,1.0137225743e-02,5.4151229436e-03,2.7214276576e-03,1.1428445240e-03,3.3464570455e-04,6.3876477175e-05,6.0811478390e-06,0.0000000000e+00,0.0000000000e+00,0.0000000000e+00,0.0000000000e+00,0.0000000000e+00,0.0000000000e+00,0.0000000000e+00,0.0000000000e+00,0.0000000000e+00,0.0000000000e+00,0.0000000000e+00,0.0000000000e+00,0.0000000000e+00,0.0000000000e+00,0.0000000000e+00,0.0000000000e+00,0.0000000000e+00,0.0000000000e+00,0.0000000000e+00,0.0000000000e+00,0.0000000000e+00,0.0000000000e+00,0.0000000000e+00,0.0000000000e+00,0.0000000000e+00,0.0000000000e+00,0.0000000000e+00,0.0000000000e+00,0.0000000000e+00,0.0000000000e+00,0.0000000000e+00,0.0000000000e+00,0.0000000000e+00,0.0000000000e+00,0.0000000000e+00,0.0000000000e+00,0.0000000000e+00,0.0000000000e+00,0.0000000000e+00,0.0000000000e+00,0.0000000000e+00,0.0000000000e+00,0.0000000000e+00,0.0000000000e+00,0.0000000000e+00,0.0000000000e+00,0.0000000000e+00,0.0000000000e+00,0.0000000000e+00,0.0000000000e+00,0.0000000000e+00,0.0000000000e+00,0.0000000000e+00,0.0000000000e+00,0.0000000000e+00,0.0000000000e+00,0.0000000000e+00,0.0000000000e+00,0.0000000000e+00,0.0000000000e+00,0.0000000000e+00,0.0000000000e+00,0.0000000000e+00,0.0000000000e+00,0.0000000000e+00,0.0000000000e+00,0.0000000000e+00,0.0000000000e+00,0.0000000000e+00
1.2655345872e+00,6.7540548760e+00,6.7540548760e+00,6.7540548760e+00,6.7540548760e+00,6.7540548760e+00,6.7540548760e+00,6.7540548760e+00,6.7540548760e+00,6.7540548760e+00,6.7540548760e+00,6.7540548760e+00,6.7540548760e+00,6.7540548760e+00,6.7540548760e+00,6.7540548760e+00,6.7540548760e+00,6.7540548760e+00,6.7540548760e+00,6.7540548760e+00,6.7540548760e+00,6.7540548760e+00,6.7540548760e+00,6.7540548760e+00,6.7540548760e+00,6.7540548760e+00,6.7540548760e+00,6.7540548760e+00,6.7540548760e+00,6.7540548760e+00,6.7540548760e+00,6.7540548760e+00,6.7540548760e+00,6.7540548760e+00,6.7540548760e+00,6.7540548760e+00,6.7540548760e+00,6.7540548760e+00,6.7540548760e+00,6.7540548760e+00,6.7540548760e+00,6.7540548760e+00,6.7540548760e+00,6.7540548760e+00,6.7540548760e+00,6.7540548760e+00,6.7540548760e+00,6.7540548760e+00,6.7540548760e+00,6.7540548760e+00,6.7540548760e+00,6.7540548760e+00,6.7540548760e+00,6.7540548760e+00,6.7540548760e+00,6.7540548760e+00,6.7540548760e+00,6.7540548760e+00,6.7540548760e+00,6.7540548760e+00,6.7540548760e+00,6.7540153924e+00,6.7538459931e+00,6.7536617211e+00,6.7534612712e+00,6.7532432236e+00,6.7530060340e+00,6.7527480228e+00,6.7524673630e+00,6.7521620677e+00,6.7518299755e+00,6.7514687359e+00,6.7510757926e+00,6.7506483651e+00,6.7500636524e+00,6.7489117110e+00,6.7476588239e+00,6.7462961665e+00,6.7448141466e+00,6.7432023385e+00,6.7413489727e+00,6.7386113897e+00,6.7356346417e+00,6.7323979550e+00,6.7287941019e+00,6.7242832435e+00,6.7193796542e+00,6.7139389609e+00,6.7073418552e+00,6.7001727218e+00,6.6916267901e+00,6.6820946317e+00,6.6708528695e+00,6.6583348601e+00,6.6441933412e+00,6.6297212358e+00,6.6156746423e+00,6.6034295301e+00,6.5911911117e+00,6.5830790792e+00,6.5725141919e+00,6.5574842636e+00,6.5133483726e+00,6.3895399435e+00,6.2131113020e+00,6.0255820855e+00,5.8209088039e+00,5.5977920561e+00,5.3682729776e+00,5.1192789009e+00,4.6657545726e+00,4.0745287293e+00,3.4607197487e+00,2.9837119461e+00,2.4958914461e+00,1.8527796779e+00,1.2723911451e+00,9.7625353990e-01,6.3217128492e-01,3.7483214441e-01,2.4541029665e-01,1.2482134984e-01,7.7454768161e-02,4.1421598811e-02,2.2977152405e-02,1.3812398647e-02,7.6532578280e-03,3.9884243749e-03,1.7456134291e-03,5.3952870391e-04,1.0964433105e-04,1.1201964811e-05,0.0000000000e+00,0.0000000000e+00,0.0000000000e+00,0.0000000000e+00,0.0000000000e+00,0.0000000000e+00,0.0000000000e+00,0.0000000000e+00,0.0000000000e+00,0.0000000000e+00,0.0000000000e+00,0.0000000000e+00,0.0000000000e+00,0.0000000000e+00,0.0000000000e+00,0.0000000000e+00,0.0000000000e+00,0.0000000000e+00,0.0000000000e+00,0.0000000000e+00,0.0000000000e+00,0.0000000000e+00,0.0000000000e+00,0.0000000000e+00,0.0000000000e+00,0.0000000000e+00,0.0000000000e+00,0.0000000000e+00,0.0000000000e+00,0.0000000000e+00,0.0000000000e+00,0.0000000000e+00,0.0000000000e+00,0.0000000000e+00,0.0000000000e+00,0.0000000000e+00,0.0000000000e+00,0.0000000000e+00,0.0000000000e+00,0.0000000000e+00,0.0000000000e+00,0.0000000000e+00,0.0000000000e+00,0.0000000000e+00,0.0000000000e+00,0.0000000000e+00,0.0000000000e+00,0.0000000000e+00,0.0000000000e+00,0.0000000000e+00,0.0000000000e+00,0.0000000000e+00,0.0000000000e+00,0.0000000000e+00,0.0000000000e+00,0.0000000000e+00,0.0000000000e+00,0.0000000000e+00,0.0000000000e+00,0.0000000000e+00,0.0000000000e+00,0.0000000000e+00,0.0000000000e+00,0.0000000000e+00,0.0000000000e+00,0.0000000000e+00,0.0000000000e+00,0.0000000000e+00,0.0000000000e+00
1.3301090091e+00,6.5182032013e+00,6.5182032013e+00,6.5182032013e+00,6.5182032013e+00,6.5182032013e+00,6.5182032013e+00,6.5182032013e+00,6.5182032013e+00,6.5182032013e+00,6.5182032013e+00,6.5182032013e+00,6.5182032013e+00,6.5182032013e+00,6.5182032013e+00,6.5182032013e+00,6.5182032013e+00,6.5182032013e+00,6.5182032013e+00,6.5182032013e+00,6.5182032013e+00,6.5182032013e+00,6.5182032013e+00,6.5182032013e+00,6.5182032013e+00,6.5182032013e+00,6.5182032013e+00,6.5182032013e+00,6.5182032013e+00,6.5182032013e+00,6.5182032013e+00,6.5182032013e+00,6.5182032013e+00,6.5182032013e+00,6.5182032013e+00,6.5182032013e+00,6.5182032013e+00,6.5182032013e+00,6.5182032013e+00,6.5182032013e+00,6.5182032013e+00,6.5182032013e+00,6.5182032013e+00,6.5182032013e+00,6.5182032013e+00,6.5182032013e+00,6.5182032013e+00,6.5182032013e+00,6.5182032013e+00,6.5182032013e+00,6.5182032013e+00,6.5182032013e+00,6.5182032013e+00,6.5182032013e+00,6.5182032013e+00,6.5182032013e+00,6.5182032013e+00,6.5182032013e+00,6.5182032013e+00,6.5182032013e+00,6.5182032013e+00,6.5181684413e+00,6.5180193077e+00,6.5178570804e+00,6.5176806101e+00,6.5174886468e+00,6.5172798308e+00,6.5170526831e+00,6.5168055953e+00,6.5165368177e+00,6.5162444474e+00,6.5159264147e+00,6.5155804684e+00,6.5152041604e+00,6.5146892289e+00,6.5136742523e+00,6.5125703153e+00,6.5113696378e+00,6.5100637625e+00,6.5086434965e+00,6.5070101874e+00,6.5045965233e+00,6.5019718965e+00,6.4991179653e+00,6.4959395445e+00,6.4919568620e+00,6.4876271745e+00,6.4828219871e+00,6.4769893162e+00,6.4706503519e+00,6.4630868813e+00,6.4546476983e+00,6.4446872393e+00,6.4335913521e+00,6.4210388297e+00,6.4081658179e+00,6.3956278850e+00,6.3846205243e+00,6.3735620979e+00,6.3660479385e+00,6.3563025256e+00,6.3425289069e+00,6.3023483383e+00,6.1897313094e+00,6.0291932367e+00,5.8585120570e+00,5.6718142302e+00,5.4675019529e+00,5.2570159203e+00,5.0283497635e+00,4.6048891816e+00,4.0498822363e+00,3.4719156852e+00,3.0162936526e+00,2.5458317412e+00,1.9173598414e+00,1.3457925660e+00,1.0447303460e+00,6.9027377661e-01,4.2164825323e-01,2.8099703844e-01,1.4862253286e-01,9.4276706854e-02,5.2285348636e-02,2.9979715511e-02,1.8552158176e-02,1.0645315016e-02,5.7452926102e-03,2.6175377301e-03,8.5412100602e-04,1.8558101041e-04,2.0619388809e-05,0.0000000000e+00,0.0000000000e+00,0.0000000000e+00,0.0000000000e+00,0.0000000000e+00,0.0000000000e+00,0.0000000000e+00,0.0000000000e+00,0.0000000000e+00,0.0000000000e+00,0.0000000000e+00,0.0000000000e+00,0.0000000000e+00,0.0000000000e+00,0.0000000000e+00,0.0000000000e+00,0.0000000000e+00,0.0000000000e+00,0.0000000000e+00,0.0000000000e+00,0.0000000000e+00,0.0000000000e+00,0.0000000000e+00,0.0000000000e+00,0.0000000000e+00,0.0000000000e+00,0.0000000000e+00,0.0000000000e+00,0.0000000000e+00,0.0000000000e+00,0.0000000000e+00,0.0000000000e+00,0.0000000000e+00,0.0000000000e+00,0.0000000000e+00,0.0000000000e+00,0.0000000000e+00,0.0000000000e+00,0.0000000000e+00,0.0000000000e+00,0.0000000000e+00,0.0000000000e+00,0.0000000000e+00,0.0000000000e+00,0.0000000000e+00,0.0000000000e+00,0.0000000000e+00,0.0000000000e+00,0.0000000000e+00,0.0000000000e+00,0.0000000000e+00,0.0000000000e+00,0.0000000000e+00,0.0000000000e+00,0.0000000000e+00,0.0000000000e+00,0.0000000000e+00,0.0000000000e+00,0.0000000000e+00,0.0000000000e+00,0.0000000000e+00,0.0000000000e+00,0.0000000000e+00,0.0000000000e+00,0.0000000000e+00,0.0000000000e+00,0.0000000000e+00,0.0000000000e+00,0.0000000000e+00
1.3979783674e+00,6.2845629289e+00,6.2845629289e+00,6.2845629289e+00,6.2845629289e+00,6.2845629289e+00,6.2845629289e+00,6.2845629289e+00,6.2845629289e+00,6.2845629289e+00,6.2845629289e+00,6.2845629289e+00,6.2845629289e+00,6.2845629289e+00,6.2845629289e+00,6.2845629289e+00,6.2845629289e+00,6.2845629289e+00,6.2845629289e+00,6.2845629289e+00,6.2845629289e+00,6.2845629289e+00,6.2845629289e+00,6.2845629289e+00,6.2845629289e+00,6.2845629289e+00,6.2845629289e+00,6.2845629289e+00,6.2845629289e+00,6.2845629289e+00,6.2845629289e+00,6.2845629289e+00,6.2845629289e+00,6.2845629289e+00,6.2845629289e+00,6.2845629289e+00,6.2845629289e+00,6.2845629289e+00,6.2845629289e+00,6.2845629289e+00,6.2845629289e+00,6.2845629289e+00,6.2845629289e+00,6.2845629289e+00,6.2845629289e+00,6.2845629289e+00,6.2845629289e+00,6.2845629289e+00,6.2845629289e+00,6.2845629289e+00,6.2845629289e+00,6.2845629289e+00,6.2845629289e+00,6.2845629289e+00,6.2845629289e+00,6.2845629289e+00,6.2845629289e+00,6.2845629289e+00,6.2845629289e+00,6.2845629289e+00,6.2845629289e+00,6.2845323658e+00,6.2844012386e+00,6.2842585982e+00,6.2841034342e+00,6.2839346473e+00,6.2837510419e+00,6.2835513175e+00,6.2833340596e+00,6.2830977296e+00,6.2828406541e+00,6.2825610129e+00,6.2822568265e+00,6.2819259417e+00,6.2814730333e+00,6.2805798543e+00,6.2796083764e+00,6.2785517493e+00,6.2774025262e+00,6.2761526117e+00,6.2747150401e+00,6.2725896379e+00,6.2702783905e+00,6.2677651255e+00,6.2649654680e+00,6.2614536441e+00,6.2576356307e+00,6.2533972296e+00,6.2482471754e+00,6.2426496356e+00,6.2359643931e+00,6.2285026090e+00,6.2196888614e+00,6.2098663754e+00,6.1987391333e+00,6.1873044594e+00,6.1761300036e+00,6.1662530827e+00,6.1562812541e+00,6.1493483435e+00,6.1403893210e+00,6.1278002974e+00,6.0913117931e+00,5.9891417089e+00,5.8434463726e+00,5.6885023783e+00,5.5186154116e+00,5.3319402533e+00,5.1393434758e+00,4.9298162619e+00,4.5356002627e+00,4.0163027053e+00,3.4738068861e+00,3.0402180200e+00,2.5883346455e+00,1.9769000773e+00,1.4165579937e+00,1.1123210002e+00,7.4949406601e-01,4.7092801402e-01,3.1936342788e-01,1.7532108957e-01,1.1362886298e-01,6.5238859719e-02,3.8614350124e-02,2.4568388204e-02,1.4575447104e-02,8.1351961399e-03,3.8529904006e-03,1.3261616830e-03,3.0823607679e-04,3.7438782986e-05,0.0000000000e+00,0.0000000000e+00,0.0000000000e+00,0.0000000000e+00,0.0000000000e+00,0.0000000000e+00,0.0000000000e+00,0.0000000000e+00,0.0000000000e+00,0.0000000000e+00,0.0000000000e+00,0.0000000000e+00,0.0000000000e+00,0.0000000000e+00,0.0000000000e+00,0.0000000000e+00,0.0000000000e+00,0.0000000000e+00,0.0000000000e+00,0.0000000000e+00,0.0000000000e+00,0.0000000000e+00,0.0000000000e+00,0.0000000000e+00,0.0000000000e+00,0.0000000000e+00,0.0000000000e+00,0.0000000000e+00,0.0000000000e+00,0.0000000000e+00,0.0000000000e+00,0.0000000000e+00,0.0000000000e+00,0.0000000000e+00,0.0000000000e+00,0.0000000000e+00,0.0000000000e+00,0.0000000000e+00,0.0000000000e+00,0.0000000000e+00,0.0000000000e+00,0.0000000000e+00,0.0000000000e+00,0.0000000000e+00,0.0000000000e+00,0.0000000000e+00,0.0000000000e+00,0.0000000000e+00,0.0000000000e+00,0.0000000000e+00,0.0000000000e+00,0.0000000000e+00,0.0000000000e+00,0.0000000000e+00,0.0000000000e+00,0.0000000000e+00,0.0000000000e+00,0.0000000000e+00,0.0000000000e+00,0.0000000000e+00,0.0000000000e+00,0.0000000000e+00,0.0000000000e+00,0.0000000000e+00,0.0000000000e+00,0.0000000000e+00,0.0000000000e+00,0.0000000000e+00,0.0000000000e+00
1.4693107876e+00,6.0529589750e+00,6.0529589750e+00,6.0529589750e+00,6.0529589750e+00,6.0529589750e+00,6.0529589750e+00,6.0529589750e+00,6.0529589750e+00,6.0529589750e+00,6.0529589750e+00,6.0529589750e+00,6.0529589750e+00,6.0529589750e+00,6.0529589750e+00,6.0529589750e+00,6.0529589750e+00,6.0529589750e+00,6.0529589750e+00,6.0529589750e+00,6.0529589750e+00,6.0529589750e+00,6.0529589750e+00,6.0529589750e+00,6.0529589750e+00,6.0529589750e+00,6.0529589750e+00,6.0529589750e+00,6.0529589750e+00,6.0529589750e+00,6.0529589750e+00,6.0529589750e+00,6.0529589750e+00,6.0529589750e+00,6.0529589750e+00,6.0529589750e+00,6.0529589750e+00,6.0529589750e+00,6.0529589750e+00,6.0529589750e+00,6.0529589750e+00,6.0529589750e+00,6.0529589750e+00,6.0529589750e+00,6.0529589750e+00,6.0529589750e+00,6.0529589750e+00,6.0529589750e+00,6.0529589750e+00,6.0529589750e+00,6.0529589750e+00,6.0529589750e+00,6.0529589750e+00,6.0529589750e+00,6.0529589750e+00,6.0529589750e+00,6.0529589750e+00,6.0529589750e+00,6.0529589750e+00,6.0529589750e+00,6.0529589750e+00,6.0529321385e+00,6.0528169997e+00,6.0526917513e+00,6.0525555059e+00,6.0524072983e+00,6.0522460785e+00,6.0520707045e+00,6.0518799341e+00,6.0516724163e+00,6.0514466812e+00,6.0512011307e+00,6.0509340260e+00,6.0506434764e+00,6.0502456595e+00,6.0494607208e+00,6.0486069608e+00,6.0476783564e+00,6.0466683595e+00,6.0455698515e+00,6.0443062721e+00,6.0424372353e+00,6.0404047073e+00,6.0381944495e+00,6.0357317833e+00,6.0326394404e+00,6.0292773124e+00,6.0255440636e+00,6.0210031464e+00,6.0160673106e+00,6.0101665752e+00,6.0035782172e+00,5.9957900071e+00,5.9871069391e+00,5.9772572029e+00,5.9671152706e+00,5.9571719864e+00,5.9483261833e+00,5.9393533057e+00,5.9329813429e+00,5.9247730331e+00,5.9132976676e+00,5.8802464604e+00,5.7878005008e+00,5.6559289539e+00,5.5156427632e+00,5.3614375384e+00,5.1912691275e+00,5.0154493666e+00,4.8239016675e+00,4.4580336626e+00,3.9737833819e+00,3.4662322571e+00,3.0551508789e+00,2.6228836826e+00,2.0307045788e+00,1.4838715223e+00,1.1782633100e+00,8.0922643020e-01,5.2225072510e-01,3.6029817007e-01,2.0492096737e-01,1.3562600735e-01,8.0477928804e-02,4.9106438360e-02,3.2085027162e-02,1.9648596960e-02,1.1325409844e-02,5.5683218802e-03,2.0186933337e-03,5.0128322805e-04,6.6615930127e-05,0.0000000000e+00,0.0000000000e+00,0.0000000000e+00,0.0000000000e+00,0.0000000000e+00,0.0000000000e+00,0.0000000000e+00,0.0000000000e+00,0.0000000000e+00,0.0000000000e+00,0.0000000000e+00,0.0000000000e+00,0.0000000000e+00,0.0000000000e+00,0.0000000000e+00,0.0000000000e+00,0.0000000000e+00,0.0000000000e+00,0.0000000000e+00,0.0000000000e+00,0.0000000000e+00,0.0000000000e+00,0.0000000000e+00,0.0000000000e+00,0.0000000000e+00,0.0000000000e+00,0.0000000000e+00,0.0000000000e+00,0.0000000000e+00,0.0000000000e+00,0.0000000000e+00,0.0000000000e+00,0.0000000000e+00,0.0000000000e+00,0.0000000000e+00,0.0000000000e+00,0.0000000000e+00,0.0000000000e+00,0.0000000000e+00,0.0000000000e+00,0.0000000000e+00,0.0000000000e+00,0.0000000000e+00,0.0000000000e+00,0.0000000000e+00,0.0000000000e+00,0.0000000000e+00,0.0000000000e+00,0.0000000000e+00,0.0000000000e+00,0.0000000000e+00,0.0000000000e+00,0.0000000000e+00,0.0000000000e+00,0.0000000000e+00,0.0000000000e+00,0.0000000000e+00,0.0000000000e+00,0.0000000000e+00,0.0000000000e+00,0.0000000000e+00,0.0000000000e+00,0.0000000000e+00,0.0000000000e+00,0.0000000000e+00,0.0000000000e+00,0.0000000000e+00,0.0000000000e+00,0.0000000000e+00
1.5442829737e+00,5.8232545348e+00,5.8232545348e+00,5.8232545348e+00,5.8232545348e+00,5.8232545348e+00,5.8232545348e+00,5.8232545348e+00,5.8232545348e+00,5.8232545348e+00,5.8232545348e+00,5.8232545348e+00,5.8232545348e+00,5.8232545348e+00,5.8232545348e+00,5.8232545348e+00,5.8232545348e+00,5.8232545348e+00,5.8232545348e+00,5.8232545348e+00,5.8232545348e+00,5.8232545348e+00,5.8232545348e+00,5.8232545348e+00,5.8232545348e+00,5.8232545348e+00,5.8232545348e+00,5.8232545348e+00,5.8232545348e+00,5.8232545348e+00,5.8232545348e+00,5.8232545348e+00,5.8232545348e+00,5.8232545348e+00,5.8232545348e+00,5.8232545348e+00,5.8232545348e+00,5.8232545348e+00,5.8232545348e+00,5.8232545348e+00,5.8232545348e+00,5.8232545348e+00,5.8232545348e+00,5.8232545348e+00,5.8232545348e+00,5.8232545348e+00,5.8232545348e+00,5.8232545348e+00,5.8232545348e+00,5.8232545348e+00,5.8232545348e+00,5.8232545348e+00,5.8232545348e+00,5.8232545348e+00,5.8232545348e+00,5.8232545348e+00,5.8232545348e+00,5.8232545348e+00,5.8232545348e+00,5.8232545348e+00,5.8232545348e+00,5.8232310047e+00,5.8231300516e+00,5.8230202344e+00,5.8229007748e+00,5.8227708265e+00,5.8226294688e+00,5.8224757003e+00,5.8223084317e+00,5.8221264783e+00,5.8219285514e+00,5.8217132492e+00,5.8214790472e+00,5.8212242872e+00,5.8208753678e+00,5.8201865494e+00,5.8194373284e+00,5.8186224168e+00,5.8177360654e+00,5.8167720237e+00,5.8156629900e+00,5.8140217808e+00,5.8122369588e+00,5.8102960077e+00,5.8081329383e+00,5.8054140141e+00,5.8024577466e+00,5.7991743608e+00,5.7951765752e+00,5.7908308150e+00,5.7856303006e+00,5.7798218169e+00,5.7729500273e+00,5.7652856468e+00,5.7565799972e+00,5.7475988984e+00,5.7387661730e+00,5.7308595430e+00,5.7228033757e+00,5.7169691049e+00,5.7094738455e+00,5.6990422396e+00,5.6691825481e+00,5.5857617913e+00,5.4667274290e+00,5.3400545290e+00,5.2004401021e+00,5.0456868550e+00,4.8855658665e+00,4.7108706664e+00,4.3723823408e+00,3.9223718369e+00,3.4490921806e+00,3.0608220111e+00,2.6490219605e+00,2.0781107474e+00,1.5469227232e+00,1.2417697413e+00,8.6880298151e-01,5.7511088799e-01,4.0350585574e-01,2.3734990304e-01,1.6032774050e-01,9.8165970246e-02,6.1670221032e-02,4.1329566098e-02,2.6085091640e-02,1.5505280104e-02,7.9027723376e-03,3.0125822151e-03,7.9757095355e-04,1.1580383440e-04,0.0000000000e+00,0.0000000000e+00,0.0000000000e+00,0.0000000000e+00,0.0000000000e+00,0.0000000000e+00,0.0000000000e+00,0.0000000000e+00,0.0000000000e+00,0.0000000000e+00,0.0000000000e+00,0.0000000000e+00,0.0000000000e+00,0.0000000000e+00,0.0000000000e+00,0.0000000000e+00,0.0000000000e+00,0.0000000000e+00,0.0000000000e+00,0.0000000000e+00,0.0000000000e+00,0.0000000000e+00,0.0000000000e+00,0.0000000000e+00,0.0000000000e+00,0.0000000000e+00,0.0000000000e+00,0.0000000000e+00,0.0000000000e+00,0.0000000000e+00,0.0000000000e+00,0.0000000000e+00,0.0000000000e+00,0.0000000000e+00,0.0000000000e+00,0.0000000000e+00,0.0000000000e+00,0.0000000000e+00,0.0000000000e+00,0.0000000000e+00,0.0000000000e+00,0.0000000000e+00,0.0000000000e+00,0.0000000000e+00,0.0000000000e+00,0.0000000000e+00,0.0000000000e+00,0.0000000000e+00,0.0000000000e+00,0.0000000000e+00,0.0000000000e+00,0.0000000000e+00,0.0000000000e+00,0.0000000000e+00,0.0000000000e+00,0.0000000000e+00,0.0000000000e+00,0.0000000000e+00,0.0000000000e+00,0.0000000000e+00,0.0000000000e+00,0.0000000000e+00,0.0000000000e+00,0.0000000000e+00,0.0000000000e+00,0.0000000000e+00,0.0000000000e+00,0.0000000000e+00,0.0000000000e+00
1.6230806465e+00,5.5953643501e+00,5.5953643501e+00,5.5953643501e+00,5.5953643501e+00,5.5953643501e+00,5.5953643501e+00,5.5953643501e+00,5.5953643501e+00,5.5953643501e+00,5.5953643501e+00,5.5953643501e+00,5.5953643501e+00,5.5953643501e+00,5.5953643501e+00,5.5953643501e+00,5.5953643501e+00,5.5953643501e+00,5.5953643501e+00,5.5953643501e+00,5.5953643501e+00,5.5953643501e+00,5.5953643501e+00,5.5953643501e+00,5.5953643501e+00,5.5953643501e+00,5.5953643501e+00,5.5953643501e+00,5.5953643501e+00,5.5953643501e+00,5.5953643501e+00,5.5953643501e+00,5.5953643501e+00,5.5953643501e+00,5.5953643501e+00,5.5953643501e+00,5.5953643501e+00,5.5953643501e+00,5.5953643501e+00,5.5953643501e+00,5.5953643501e+00,5.5953643501e+00,5.5953643501e+00,5.5953643501e+00,5.5953643501e+00,5.5953643501e+00,5.5953643501e+00,5.5953643501e+00,5.5953643501e+00,5.5953643501e+00,5.5953643501e+00,5.5953643501e+00,5.5953643501e+00,5.5953643501e+00,5.5953643501e+00,5.5953643501e+00,5.5953643501e+00,5.5953643501e+00,5.5953643501e+00,5.5953643501e+00,5.5953643501e+00,5.5953437511e+00,5.5952553733e+00,5.5951592354e+00,5.5950546560e+00,5.5949408943e+00,5.5948171440e+00,5.5946825286e+00,5.5945360942e+00,5.5943768037e+00,5.5942035287e+00,5.5940150419e+00,5.5938100085e+00,5.5935869767e+00,5.5932814189e+00,5.5926778836e+00,5.5920214169e+00,5.5913073837e+00,5.5905307443e+00,5.5896860193e+00,5.5887141372e+00,5.5872752175e+00,5.5857103458e+00,5.5840085374e+00,5.5821115825e+00,5.5797247710e+00,5.5771294973e+00,5.5742463668e+00,5.5707324069e+00,5.5669123501e+00,5.5623362381e+00,5.5572234355e+00,5.5511697840e+00,5.5444152789e+00,5.5367332241e+00,5.5287934163e+00,5.5209612612e+00,5.5139086832e+00,5.5066920841e+00,5.5013699468e+00,5.4945486491e+00,5.4850921907e+00,5.4581876032e+00,5.3831187734e+00,5.2759700310e+00,5.1619034215e+00,5.0358289820e+00,4.8954391597e+00,4.7499742938e+00,4.5910389467e+00,4.2788962231e+00,3.8621809313e+00,3.4223600933e+00,3.0570379392e+00,2.6663666914e+00,2.1185060101e+00,1.6049246407e+00,1.3020443039e+00,9.2750604628e-01,6.2892492677e-01,4.4860639973e-01,2.7245147743e-01,1.8772711553e-01,1.1842073293e-01,7.6496065388e-02,5.2522167066e-02,3.4112588616e-02,2.0881816326e-02,1.1017809079e-02,4.4085010328e-03,1.2413018199e-03,1.9644389232e-04,0.0000000000e+00,0.0000000000e+00,0.0000000000e+00,0.0000000000e+00,0.0000000000e+00,0.0000000000e+00,0.0000000000e+00,0.0000000000e+00,0.0000000000e+00,0.0000000000e+00,0.0000000000e+00,0.0000000000e+00,0.0000000000e+00,0.0000000000e+00,0.0000000000e+00,0.0000000000e+00,0.0000000000e+00,0.0000000000e+00,0.0000000000e+00,0.0000000000e+00,0.0000000000e+00,0.0000000000e+00,0.0000000000e+00,0.0000000000e+00,0.0000000000e+00,0.0000000000e+00,0.0000000000e+00,0.0000000000e+00,0.0000000000e+00,0.0000000000e+00,0.0000000000e+00,0.0000000000e+00,0.0000000000e+00,0.0000000000e+00,0.0000000000e+00,0.0000000000e+00,0.0000000000e+00,0.0000000000e+00,0.0000000000e+00,0.0000000000e+00,0.0000000000e+00,0.0000000000e+00,0.0000000000e+00,0.0000000000e+00,0.0000000000e+00,0.0000000000e+00,0.0000000000e+00,0.0000000000e+00,0.0000000000e+00,0.0000000000e+00,0.0000000000e+00,0.0000000000e+00,0.0000000000e+00,0.0000000000e+00,0.0000000000e+00,0.0000000000e+00,0.0000000000e+00,0.0000000000e+00,0.0000000000e+00,0.0000000000e+00,0.0000000000e+00,0.0000000000e+00,0.0000000000e+00,0.0000000000e+00,0.0000000000e+00,0.0000000000e+00,0.0000000000e+00,0.0000000000e+00,0.0000000000e+00
1.7058990029e+00,5.3692687249e+00,5.3692687249e+00,5.3692687249e+00,5.3692687249e+00,5.3692687249e+00,5.3692687249e+00,5.3692687249e+00,5.3692687249e+00,5.3692687249e+00,5.3692687249e+00,5.3692687249e+00,5.3692687249e+00,5.3692687249e+00,5.3692687249e+00,5.3692687249e+00,5.3692687249e+00,5.3692687249e+00,5.3692687249e+00,5.3692687249e+00,5.3692687249e+00,5.3692687249e+00,5.3692687249e+00,5.3692687249e+00,5.3692687249e+00,5.3692687249e+00,5.3692687249e+00,5.3692687249e+00,5.3692687249e+00,5.3692687249e+00,5.3692687249e+00,5.3692687249e+00,5.3692687249e+00,5.3692687249e+00,5.3692687249e+00,5.3692687249e+00,5.3692687249e+00,5.3692687249e+00,5.3692687249e+00,5.3692687249e+00,5.3692687249e+00,5.3692687249e+00,5.3692687249e+00,5.3692687249e+00,5.3692687249e+00,5.3692687249e+00,5.3692687249e+00,5.3692687249e+00,5.3692687249e+00,5.3692687249e+00,5.3692687249e+00,5.3692687249e+00,5.3692687249e+00,5.3692687249e+00,5.3692687249e+00,5.3692687249e+00,5.3692687249e+00,5.3692687249e+00,5.3692687249e+00,5.3692687249e+00,5.3692687249e+00,5.3692507216e+00,5.3691734800e+00,5.3690894560e+00,5.3689980541e+00,5.3688986267e+00,5.3687904691e+00,5.3686728151e+00,5.3685448311e+00,5.3684056104e+00,5.3682541668e+00,5.3680894276e+00,5.3679102259e+00,5.3677152927e+00,5.3674481479e+00,5.3669202033e+00,5.3663459510e+00,5.3657213349e+00,5.3650419447e+00,5.3643029850e+00,5.3634526935e+00,5.3621932042e+00,5.3608234365e+00,5.3593337667e+00,5.3576729406e+00,5.3555811917e+00,5.3533066628e+00,5.3507792675e+00,5.3476958335e+00,5.3443436155e+00,5.3403236884e+00,5.3358307799e+00,5.3305067227e+00,5.3245640014e+00,5.3177966962e+00,5.3107898128e+00,5.3038579021e+00,5.2975805781e+00,5.2911312274e+00,5.2862939475e+00,5.2801066038e+00,5.2715582012e+00,5.2473819593e+00,5.1800187307e+00,5.0838411248e+00,4.9814133086e+00,4.8678695205e+00,4.7408316922e+00,4.6090168237e+00,4.4647842866e+00,4.1778935923e+00,3.7934012663e+00,3.3860955426e+00,3.0436960663e+00,2.6746250051e+00,2.1513464261e+00,1.6571340244e+00,1.3583023432e+00,9.8458433862e-01,6.8304211353e-01,4.9513834478e-01,3.0998029543e-01,2.1774099705e-01,1.4130126537e-01,9.3736605855e-02,6.5862763967e-02,4.3955413323e-02,2.7672646609e-02,1.5094433421e-02,6.3279442689e-03,1.8901384305e-03,3.2510220563e-04,0.0000000000e+00,0.0000000000e+00,0.0000000000e+00,0.0000000000e+00,0.0000000000e+00,0.0000000000e+00,0.0000000000e+00,0.0000000000e+00,0.0000000000e+00,0.0000000000e+00,0.0000000000e+00,0.0000000000e+00,0.0000000000e+00,0.0000000000e+00,0.0000000000e+00,0.0000000000e+00,0.0000000000e+00,0.0000000000e+00,0.0000000000e+00,0.0000000000e+00,0.0000000000e+00,0.0000000000e+00,0.0000000000e+00,0.0000000000e+00,0.0000000000e+00,0.0000000000e+00,0.0000000000e+00,0.0000000000e+00,0.0000000000e+00,0.0000000000e+00,0.0000000000e+00,0.0000000000e+00,0.0000000000e+00,0.0000000000e+00,0.0000000000e+00,0.0000000000e+00,0.0000000000e+00,0.0000000000e+00,0.0000000000e+00,0.0000000000e+00,0.0000000000e+00,0.0000000000e+00,0.0000000000e+00,0.0000000000e+00,0.0000000000e+00,0.0000000000e+00,0.0000000000e+00,0.0000000000e+00,0.0000000000e+00,0.0000000000e+00,0.0000000000e+00,0.0000000000e+00,0.0000000000e+00,0.0000000000e+00,0.0000000000e+00,0.0000000000e+00,0.0000000000e+00,0.0000000000e+00,0.0000000000e+00,0.0000000000e+00,0.0000000000e+00,0.0000000000e+00,0.0000000000e+00,0.0000000000e+00,0.0000000000e+00,0.0000000000e+00,0.0000000000e+00,0.0000000000e+00,0.0000000000e+00
1.7929431998e+00,5.1452093076e+00,5.1452093076e+00,5.1452093076e+00,5.1452093076e+00,5.1452093076e+00,5.1452093076e+00,5.1452093076e+00,5.1452093076e+00,5.1452093076e+00,5.1452093076e+00,5.1452093076e+00,5.1452093076e+00,5.1452093076e+00,5.1452093076e+00,5.1452093076e+00,5.1452093076e+00,5.1452093076e+00,5.1452093076e+00,5.1452093076e+00,5.1452093076e+00,5.1452093076e+00,5.1452093076e+00,5.1452093076e+00,5.1452093076e+00,5.1452093076e+00,5.1452093076e+00,5.1452093076e+00,5.1452093076e+00,5.1452093076e+00,5.1452093076e+00,5.1452093076e+00,5.1452093076e+00,5.1452093076e+00,5.1452093076e+00,5.1452093076e+00,5.1452093076e+00,5.1452093076e+00,5.1452093076e+00,5.1452093076e+00,5.1452093076e+00,5.1452093076e+00,5.1452093076e+00,5.1452093076e+00,5.1452093076e+00,5.1452093076e+00,5.1452093076e+00,5.1452093076e+00,5.1452093076e+00,5.1452093076e+00,5.1452093076e+00,5.1452093076e+00,5.1452093076e+00,5.1452093076e+00,5.1452093076e+00,5.1452093076e+00,5.1452093076e+00,5.1452093076e+00,5.1452093076e+00,5.1452093076e+00,5.1452093076e+00,5.1452093076e+00,5.1452093076e+00,5.1451567567e+00,5.1450607783e+00,5.1449563727e+00,5.1448428001e+00,5.1447192559e+00,5.1445848648e+00,5.1444386748e+00,5.1442796504e+00,5.1441066654e+00,5.1439184946e+00,5.1437138056e+00,5.1434911491e+00,5.1432489488e+00,5.1428149780e+00,5.1421881772e+00,5.1415064146e+00,5.1407648790e+00,5.1399583398e+00,5.1390811102e+00,5.1379562791e+00,5.1365292779e+00,5.1349774008e+00,5.1332897629e+00,5.1312979331e+00,5.1289474649e+00,5.1263917901e+00,5.1233856266e+00,5.1198645867e+00,5.1159818527e+00,5.1112440763e+00,5.1060561910e+00,5.1001077758e+00,5.0939661852e+00,5.0877642568e+00,5.0820946977e+00,5.0766882199e+00,5.0715935331e+00,5.0660612253e+00,5.0584429827e+00,5.0358467256e+00,4.9751485172e+00,4.8904544811e+00,4.7988391319e+00,4.6967916953e+00,4.5822640687e+00,4.4630296799e+00,4.3343012097e+00,4.0694334126e+00,3.7159756318e+00,3.3394943187e+00,3.0207088092e+00,2.6747783387e+00,2.1756796741e+00,1.7015163872e+00,1.4115031354e+00,1.0392205058e+00,7.3678865578e-01,5.4247524532e-01,3.4969646318e-01,2.5019713115e-01,1.6676517839e-01,1.1340869367e-01,8.1487112387e-02,5.5811565381e-02,3.6091006142e-02,2.0323482508e-02,8.8977842891e-03,2.8293295586e-03,5.2097831107e-04,3.2088335816e-05,5.4507444840e-08,0.0000000000e+00,0.0000000000e+00,0.0000000000e+00,0.0000000000e+00,0.0000000000e+00,0.0000000000e+00,0.0000000000e+00,0.0000000000e+00,0.0000000000e+00,0.0000000000e+00,0.0000000000e+00,0.0000000000e+00,0.0000000000e+00,0.0000000000e+00,0.0000000000e+00,0.0000000000e+00,0.0000000000e+00,0.0000000000e+00,0.0000000000e+00,0.0000000000e+00,0.0000000000e+00,0.0000000000e+00,0.0000000000e+00,0.0000000000e+00,0.0000000000e+00,0.0000000000e+00,0.0000000000e+00,0.0000000000e+00,0.0000000000e+00,0.0000000000e+00,0.0000000000e+00,0.0000000000e+00,0.0000000000e+00,0.0000000000e+00,0.0000000000e+00,0.0000000000e+00,0.0000000000e+00,0.0000000000e+00,0.0000000000e+00,0.0000000000e+00,0.0000000000e+00,0.0000000000e+00,0.0000000000e+00,0.0000000000e+00,0.0000000000e+00,0.0000000000e+00,0.0000000000e+00,0.0000000000e+00,0.0000000000e+00,0.0000000000e+00,0.0000000000e+00,0.0000000000e+00,0.0000000000e+00,0.0000000000e+00,0.0000000000e+00,0.0000000000e+00,0.0000000000e+00,0.0000000000e+00,0.0000000000e+00,0.0000000000e+00,0.0000000000e+00,0.0000000000e+00,0.0000000000e+00,0.0000000000e+00,0.0000000000e+00,0.0000000000e+00,0.0000000000e+00
1.8844288627e+00,4.9228947175e+00,4.9228947175e+00,4.9228947175e+00,4.9228947175e+00,4.9228947175e+00,4.9228947175e+00,4.9228947175e+00,4.9228947175e+00,4.9228947175e+00,4.9228947175e+00,4.9228947175e+00,4.9228947175e+00,4.9228947175e+00,4.9228947175e+00,4.9228947175e+00,4.9228947175e+00,4.9228947175e+00,4.9228947175e+00,4.9228947175e+00,4.9228947175e+00,4.9228947175e+00,4.9228947175e+00,4.9228947175e+00,4.9228947175e+00,4.9228947175e+00,4.9228947175e+00,4.9228947175e+00,4.9228947175e+00,4.9228947175e+00,4.9228947175e+00,4.9228947175e+00,4.9228947175e+00,4.9228947175e+00,4.9228947175e+00,4.9228947175e+00,4.9228947175e+00,4.9228947175e+00,4.9228947175e+00,4.9228947175e+00,4.9228947175e+00,4.9228947175e+00,4.9228947175e+00,4.9228947175e+00,4.9228947175e+00,4.9228947175e+00,4.9228947175e+00,4.9228947175e+00,4.9228947175e+00,4.9228947175e+00,4.9228947175e+00,4.9228947175e+00,4.9228947175e+00,4.9228947175e+00,4.9228947175e+00,4.9228947175e+00,4.9228947175e+00,4.9228947175e+00,4.9228947175e+00,4.9228947175e+00,4.9228947175e+00,4.9228947175e+00,4.9228947175e+00,4.9228489359e+00,4.9227653208e+00,4.9226743637e+00,4.9225754203e+00,4.9224677895e+00,4.9223507087e+00,4.9222233485e+00,4.9220848067e+00,4.9219341019e+00,4.9217701667e+00,4.9215918402e+00,4.9213978596e+00,4.9211868513e+00,4.9208085889e+00,4.9202621464e+00,4.9196677818e+00,4.9190212987e+00,4.9183181349e+00,4.9175533302e+00,4.9165721549e+00,4.9153268831e+00,4.9139726038e+00,4.9124998090e+00,4.9107603671e+00,4.9087064324e+00,4.9064730870e+00,4.9038438522e+00,4.9007619788e+00,4.8973628359e+00,4.8932104320e+00,4.8886623653e+00,4.8834408024e+00,4.8780412297e+00,4.8725758804e+00,4.8675514755e+00,4.8627345057e+00,4.8581617982e+00,4.8531744555e+00,4.8463262554e+00,4.8261370463e+00,4.7719840847e+00,4.6963956334e+00,4.6146062899e+00,4.5231998902e+00,4.4201125838e+00,4.3126380587e+00,4.1964671322e+00,3.9546767492e+00,3.6309740863e+00,3.2848280553e+00,2.9883649299e+00,2.6643569801e+00,2.1921797911e+00,1.7402771623e+00,1.4575136218e+00,1.0907658344e+00,7.8936143260e-01,5.9019538516e-01,3.9098520708e-01,2.8485255541e-01,1.9478044425e-01,1.3570989099e-01,9.9567514180e-02,6.9877179612e-02,4.6355459974e-02,2.6916816890e-02,1.2299768491e-02,4.1325793878e-03,8.2026549848e-04,5.7121692619e-05,1.2008547870e-07,0.0000000000e+00,0.0000000000e+00,0.0000000000e+00,0.0000000000e+00,0.0000000000e+00,0.0000000000e+00,0.0000000000e+00,0.0000000000e+00,0.0000000000e+00,0.0000000000e+00,0.0000000000e+00,0.0000000000e+00,0.0000000000e+00,0.0000000000e+00,0.0000000000e+00,0.0000000000e+00,0.0000000000e+00,0.0000000000e+00,0.0000000000e+00,0.0000000000e+00,0.0000000000e+00,0.0000000000e+00,0.0000000000e+00,0.0000000000e+00,0.0000000000e+00,0.0000000000e+00,0.0000000000e+00,0.0000000000e+00,0.0000000000e+00,0.0000000000e+00,0.0000000000e+00,0.0000000000e+00,0.0000000000e+00,0.0000000000e+00,0.0000000000e+00,0.0000000000e+00,0.0000000000e+00,0.0000000000e+00,0.0000000000e+00,0.0000000000e+00,0.0000000000e+00,0.0000000000e+00,0.0000000000e+00,0.0000000000e+00,0.0000000000e+00,0.0000000000e+00,0.0000000000e+00,0.0000000000e+00,0.0000000000e+00,0.0000000000e+00,0.0000000000e+00,0.0000000000e+00,0.0000000000e+00,0.0000000000e+00,0.0000000000e+00,0.0000000000e+00,0.0000000000e+00,0.0000000000e+00,0.0000000000e+00,0.0000000000e+00,0.0000000000e+00,0.0000000000e+00,0.0000000000e+00,0.0000000000e+00,0.0000000000e+00,0.0000000000e+00,0.0000000000e+00
1.9805826191e+00,4.7028323937e+00,4.7028323937e+00,4.7028323937e+00,4.7028323937e+00,4.7028323937e+00,4.7028323937e+00,4.7028323937e+00,4.7028323937e+00,4.7028323937e+00,4.7028323937e+00,4.7028323937e+00,4.7028323937e+00,4.7028323937e+00,4.7028323937e+00,4.7028323937e+00,4.7028323937e+00,4.7028323937e+00,4.7028323937e+00,4.7028323937e+00,4.7028323937e+00,4.7028323937e+00,4.7028323937e+00,4.7028323937e+00,4.7028323937e+00,4.7028323937e+00,4.7028323937e+00,4.7028323937e+00,4.7028323937e+00,4.7028323937e+00,4.7028323937e+00,4.7028323937e+00,4.7028323937e+00,4.7028323937e+00,4.7028323937e+00,4.7028323937e+00,4.7028323937e+00,4.7028323937e+00,4.7028323937e+00,4.7028323937e+00,4.7028323937e+00,4.7028323937e+00,4.7028323937e+00,4.7028323937e+00,4.7028323937e+00,4.7028323937e+00,4.7028323937e+00,4.7028323937e+00,4.7028323937e+00,4.7028323937e+00,4.7028323937e+00,4.7028323937e+00,4.7028323937e+00,4.7028323937e+00,4.7028323937e+00,4.7028323937e+00,4.7028323937e+00,4.7028323937e+00,4.7028323937e+00,4.7028323937e+00,4.7028323937e+00,4.7028323937e+00,4.7028323937e+00,4.7027925840e+00,4.7027198758e+00,4.7026407833e+00,4.7025547460e+00,4.7024611543e+00,4.7023593451e+00,4.7022485969e+00,4.7021281254e+00,4.7019970769e+00,4.7018545233e+00,4.7016994549e+00,4.7015307735e+00,4.7013472845e+00,4.7010181942e+00,4.7005426952e+00,4.7000254902e+00,4.6994629265e+00,4.6988510322e+00,4.6981854890e+00,4.6973312275e+00,4.6962465872e+00,4.6950669732e+00,4.6937840963e+00,4.6922679515e+00,4.6904765823e+00,4.6885286633e+00,4.6862334659e+00,4.6835410654e+00,4.6805708879e+00,4.6769382621e+00,4.6729585183e+00,4.6683836504e+00,4.6636456799e+00,4.6588392252e+00,4.6543966906e+00,4.6501158805e+00,4.6460239399e+00,4.6415422868e+00,4.6354037115e+00,4.6174157079e+00,4.5692426200e+00,4.5019780860e+00,4.4291716634e+00,4.3475259825e+00,4.2549884197e+00,4.1583778290e+00,4.0538214419e+00,3.8338742009e+00,3.5385348591e+00,3.2214420399e+00,2.9468365544e+00,2.6446606769e+00,2.2000958241e+00,1.7714965271e+00,1.4974365605e+00,1.1384402945e+00,8.4005305035e-01,6.3757279744e-01,4.3344448555e-01,3.2136543444e-01,2.2514196479e-01,1.6052251777e-01,1.2013097919e-01,8.6274872323e-02,5.8643164454e-02,3.5069171056e-02,1.6696548146e-02,5.9136744917e-03,1.2611866910e-03,9.8866653402e-05,2.6065523360e-07,0.0000000000e+00,0.0000000000e+00,0.0000000000e+00,0.0000000000e+00,0.0000000000e+00,0.0000000000e+00,0.0000000000e+00,0.0000000000e+00,0.0000000000e+00,0.0000000000e+00,0.0000000000e+00,0.0000000000e+00,0.0000000000e+00,0.0000000000e+00,0.0000000000e+00,0.0000000000e+00,0.0000000000e+00,0.0000000000e+00,0.0000000000e+00,0.0000000000e+00,0.0000000000e+00,0.0000000000e+00,0.0000000000e+00,0.0000000000e+00,0.0000000000e+00,0.0000000000e+00,0.0000000000e+00,0.0000000000e+00,0.0000000000e+00,0.0000000000e+00,0.0000000000e+00,0.0000000000e+00,0.0000000000e+00,0.0000000000e+00,0.0000000000e+00,0.0000000000e+00,0.0000000000e+00,0.0000000000e+00,0.0000000000e+00,0.0000000000e+00,0.0000000000e+00,0.0000000000e+00,0.0000000000e+00,0.0000000000e+00,0.0000000000e+00,0.0000000000e+00,0.0000000000e+00,0.0000000000e+00,0.0000000000e+00,0.0000000000e+00,0.0000000000e+00,0.0000000000e+00,0.0000000000e+00,0.0000000000e+00,0.0000000000e+00,0.0000000000e+00,0.0000000000e+00,0.0000000000e+00,0.0000000000e+00,0.0000000000e+00,0.0000000000e+00,0.0000000000e+00,0.0000000000e+00,0.0000000000e+00,0.0000000000e+00,0.0000000000e+00,0.0000000000e+00
2.0816426604e+00,4.4853693493e+00,4.4853693493e+00,4.4853693493e+00,4.4853693493e+00,4.4853693493e+00,4.4853693493e+00,4.4853693493e+00,4.4853693493e+00,4.4853693493e+00,4.4853693493e+00,4.4853693493e+00,4.4853693493e+00,4.4853693493e+00,4.4853693493e+00,4.4853693493e+00,4.4853693493e+00,4.4853693493e+00,4.4853693493e+00,4.4853693493e+00,4.4853693493e+00,4.4853693493e+00,4.4853693493e+00,4.4853693493e+00,4.4853693493e+00,4.4853693493e+00,4.4853693493e+00,4.4853693493e+00,4.4853693493e+00,4.4853693493e+00,4.4853693493e+00,4.4853693493e+00,4.4853693493e+00,4.4853693493e+00,4.4853693493e+00,4.4853693493e+00,4.4853693493e+00,4.4853693493e+00,4.4853693493e+00,4.4853693493e+00,4.4853693493e+00,4.4853693493e+00,4.4853693493e+00,4.4853693493e+00,4.4853693493e+00,4.4853693493e+00,4.4853693493e+00,4.4853693493e+00,4.4853693493e+00,4.4853693493e+00,4.4853693493e+00,4.4853693493e+00,4.4853693493e+00,4.4853693493e+00,4.4853693493e+00,4.4853693493e+00,4.4853693493e+00,4.4853693493e+00,4.4853693493e+00,4.4853693493e+00,4.4853693493e+00,4.4853693493e+00,4.4853693493e+00,4.4853347986e+00,4.4852716955e+00,4.4852030513e+00,4.4851283797e+00,4.4850471515e+00,4.4849587911e+00,4.4848626724e+00,4.4847581145e+00,4.4846443766e+00,4.4845206530e+00,4.4843860672e+00,4.4842396661e+00,4.4840804128e+00,4.4837946482e+00,4.4833816698e+00,4.4829324648e+00,4.4824438596e+00,4.4819124033e+00,4.4813343436e+00,4.4805920038e+00,4.4796490900e+00,4.4786235904e+00,4.4775082932e+00,4.4761893444e+00,4.4746300300e+00,4.4729343861e+00,4.4709346635e+00,4.4685870223e+00,4.4659966450e+00,4.4628247003e+00,4.4593488319e+00,4.4553482407e+00,4.4511989894e+00,4.4469806689e+00,4.4430615661e+00,4.4392668587e+00,4.4356158715e+00,4.4316012247e+00,4.4261141095e+00,4.4101321482e+00,4.3674031807e+00,4.3077210064e+00,4.2430980202e+00,4.1703760067e+00,4.0875372302e+00,4.0009319980e+00,3.9070852311e+00,3.7077164726e+00,3.4392707720e+00,3.1498602710e+00,2.8965161507e+00,2.6159078292e+00,2.1993498765e+00,1.7948267872e+00,1.5307671527e+00,1.1815825444e+00,8.8813509764e-01,6.8394226829e-01,4.7651304818e-01,3.5931978734e-01,2.5758642218e-01,1.8772295757e-01,1.4315662439e-01,1.0507621549e-01,7.3097249693e-02,4.4964836812e-02,2.2267001609e-02,8.2951238564e-03,1.8948782827e-03,1.6639126568e-04,5.5197689749e-07,0.0000000000e+00,0.0000000000e+00,0.0000000000e+00,0.0000000000e+00,0.0000000000e+00,0.0000000000e+00,0.0000000000e+00,0.0000000000e+00,0.0000000000e+00,0.0000000000e+00,0.0000000000e+00,0.0000000000e+00,0.0000000000e+00,0.0000000000e+00,0.0000000000e+00,0.0000000000e+00,0.0000000000e+00,0.0000000000e+00,0.0000000000e+00,0.0000000000e+00,0.0000000000e+00,0.0000000000e+00,0.0000000000e+00,0.0000000000e+00,0.0000000000e+00,0.0000000000e+00,0.0000000000e+00,0.0000000000e+00,0.0000000000e+00,0.0000000000e+00,0.0000000000e+00,0.0000000000e+00,0.0000000000e+00,0.0000000000e+00,0.0000000000e+00,0.0000000000e+00,0.0000000000e+00,0.0000000000e+00,0.0000000000e+00,0.0000000000e+00,0.0000000000e+00,0.0000000000e+00,0.0000000000e+00,0.0000000000e+00,0.0000000000e+00,0.0000000000e+00,0.0000000000e+00,0.0000000000e+00,0.0000000000e+00,0.0000000000e+00,0.0000000000e+00,0.0000000000e+00,0.0000000000e+00,0.0000000000e+00,0.0000000000e+00,0.0000000000e+00,0.0000000000e+00,0.0000000000e+00,0.0000000000e+00,0.0000000000e+00,0.0000000000e+00,0.0000000000e+00,0.0000000000e+00,0.0000000000e+00,0.0000000000e+00,0.0000000000e+00,0.0000000000e+00
2.1878593318e+00,4.2709525492e+00,4.2709525492e+00,4.2709525492e+00,4.2709525492e+00,4.2709525492e+00,4.2709525492e+00,4.2709525492e+00,4.2709525492e+00,4.2709525492e+00,4.2709525492e+00,4.2709525492e+00,4.2709525492e+00,4.2709525492e+00,4.2709525492e+00,4.2709525492e+00,4.2709525492e+00,4.2709525492e+00,4.2709525492e+00,4.2709525492e+00,4.2709525492e+00,4.2709525492e+00,4.2709525492e+00,4.2709525492e+00,4.2709525492e+00,4.2709525492e+00,4.2709525492e+00,4.2709525492e+00,4.2709525492e+00,4.2709525492e+00,4.2709525492e+00,4.2709525492e+00,4.2709525492e+00,4.2709525492e+00,4.2709525492e+00,4.2709525492e+00,4.2709525492e+00,4.2709525492e+00,4.2709525492e+00,4.2709525492e+00,4.2709525492e+00,4.2709525492e+00,4.2709525492e+00,4.2709525492e+00,4.2709525492e+00,4.2709525492e+00,4.2709525492e+00,4.2709525492e+00,4.2709525492e+00,4.2709525492e+00,4.2709525492e+00,4.2709525492e+00,4.2709525492e+00,4.2709525492e+00,4.2709525492e+00,4.2709525492e+00,4.2709525492e+00,4.2709525492e+00,4.2709525492e+00,4.2709525492e+00,4.2709525492e+00,4.2709525492e+00,4.2709525492e+00,4.2709226206e+00,4.2708679592e+00,4.2708084979e+00,4.2707438154e+00,4.2706734533e+00,4.2705969130e+00,4.2705136521e+00,4.2704230807e+00,4.2703245570e+00,4.2702173831e+00,4.2701007998e+00,4.2699739812e+00,4.2698360290e+00,4.2695883628e+00,4.2692303727e+00,4.2688409763e+00,4.2684174215e+00,4.2679567160e+00,4.2674556055e+00,4.2668117684e+00,4.2659936481e+00,4.2651038548e+00,4.2641361264e+00,4.2629909654e+00,4.2616363137e+00,4.2601631788e+00,4.2584242772e+00,4.2563811833e+00,4.2541263782e+00,4.2513618988e+00,4.2483318427e+00,4.2448401387e+00,4.2412135944e+00,4.2375190074e+00,4.2340694531e+00,4.2307140037e+00,4.2274657319e+00,4.2238803086e+00,4.2189889130e+00,4.2048285665e+00,4.1670377779e+00,4.1142369279e+00,4.0570418288e+00,3.9924498448e+00,3.9184983854e+00,3.8410774349e+00,3.7570736973e+00,3.5769977987e+00,3.3339134890e+00,3.0707392430e+00,2.8379399879e+00,2.5784702918e+00,2.1900199704e+00,1.8100701758e+00,1.5571292447e+00,1.2196182467e+00,9.3292299244e-01,7.2863911327e-01,5.1958598274e-01,3.9823317171e-01,2.9176818344e-01,2.1710131740e-01,1.6854141288e-01,1.2628095408e-01,8.9807497633e-02,5.6760087893e-02,2.9187681302e-02,1.1411809904e-02,2.7839341207e-03,2.7244024479e-04,1.1351223833e-06,0.0000000000e+00,0.0000000000e+00,0.0000000000e+00,0.0000000000e+00,0.0000000000e+00,0.0000000000e+00,0.0000000000e+00,0.0000000000e+00,0.0000000000e+00,0.0000000000e+00,0.0000000000e+00,0.0000000000e+00,0.0000000000e+00,0.0000000000e+00,0.0000000000e+00,0.0000000000e+00,0.0000000000e+00,0.0000000000e+00,0.0000000000e+00,0.0000000000e+00,0.0000000000e+00,0.0000000000e+00,0.0000000000e+00,0.0000000000e+00,0.0000000000e+00,0.0000000000e+00,0.0000000000e+00,0.0000000000e+00,0.0000000000e+00,0.0000000000e+00,0.0000000000e+00,0.0000000000e+00,0.0000000000e+00,0.0000000000e+00,0.0000000000e+00,0.0000000000e+00,0.0000000000e+00,0.0000000000e+00,0.0000000000e+00,0.0000000000e+00,0.0000000000e+00,0.0000000000e+00,0.0000000000e+00,0.0000000000e+00,0.0000000000e+00,0.0000000000e+00,0.0000000000e+00,0.0000000000e+00,0.0000000000e+00,0.0000000000e+00,0.0000000000e+00,0.0000000000e+00,0.0000000000e+00,0.0000000000e+00,0.0000000000e+00,0.0000000000e+00,0.0000000000e+00,0.0000000000e+00,0.0000000000e+00,0.0000000000e+00,0.0000000000e+00,0.0000000000e+00,0.0000000000e+00,0.0000000000e+00,0.0000000000e+00,0.0000000000e+00,0.0000000000e+00
2.2994957524e+00,4.0601197079e+00,4.0601197079e+00,4.0601197079e+00,4.0601197079e+00,4.0601197079e+00,4.0601197079e+00,4.0601197079e+00,4.0601197079e+00,4.0601197079e+00,4.0601197079e+00,4.0601197079e+00,4.0601197079e+00,4.0601197079e+00,4.0601197079e+00,4.0601197079e+00,4.0601197079e+00,4.0601197079e+00,4.0601197079e+00,4.0601197079e+00,4.0601197079e+00,4.0601197079e+00,4.0601197079e+00,4.0601197079e+00,4.0601197079e+00,4.0601197079e+00,4.0601197079e+00,4.0601197079e+00,4.0601197079e+00,4.0601197079e+00,4.0601197079e+00,4.0601197079e+00,4.0601197079e+00,4.0601197079e+00,4.0601197079e+00,4.0601197079e+00,4.0601197079e+00,4.0601197079e+00,4.0601197079e+00,4.0601197079e+00,4.0601197079e+00,4.0601197079e+00,4.0601197079e+00,4.0601197079e+00,4.0601197079e+00,4.0601197079e+00,4.0601197079e+00,4.0601197079e+00,4.0601197079e+00,4.0601197079e+00,4.0601197079e+00,4.0601197079e+00,4.0601197079e+00,4.0601197079e+00,4.0601197079e+00,4.0601197079e+00,4.0601197079e+00,4.0601197079e+00,4.0601197079e+00,4.0601197079e+00,4.0601197079e+00,4.0601197079e+00,4.0601197079e+00,4.0600938327e+00,4.0600465742e+00,4.0599951659e+00,4.0599392433e+00,4.0598784103e+00,4.0598122357e+00,4.0597402505e+00,4.0596619447e+00,4.0595767634e+00,4.0594841031e+00,4.0593833074e+00,4.0592736621e+00,4.0591543907e+00,4.0589401529e+00,4.0586304203e+00,4.0582935124e+00,4.0579270475e+00,4.0575284355e+00,4.0570948599e+00,4.0565375231e+00,4.0558290418e+00,4.0550584789e+00,4.0542204078e+00,4.0532280590e+00,4.0520534981e+00,4.0507761682e+00,4.0492669733e+00,4.0474922944e+00,4.0455333101e+00,4.0431284180e+00,4.0404919098e+00,4.0374501059e+00,4.0342865420e+00,4.0310571499e+00,4.0280275579e+00,4.0250676642e+00,4.0221855998e+00,4.0189927938e+00,4.0146439602e+00,4.0021315807e+00,3.9688029676e+00,3.9222232388e+00,3.8717446543e+00,3.8145326418e+00,3.7486965891e+00,3.6796766853e+00,3.6046881588e+00,3.4426087297e+00,3.2233075011e+00,2.9848633739e+00,2.7717852859e+00,2.5328732142e+00,2.1723463829e+00,1.8171913403e+00,1.5762928494e+00,1.2520837429e+00,9.7380291225e-01,7.7102506333e-01,5.6203766038e-01,4.3757350229e-01,3.2726911749e-01,2.4836407529e-01,1.9609717317e-01,1.4980885721e-01,1.0879848185e-01,7.0570205136e-02,3.7622347621e-02,1.5406200022e-02,4.0023795105e-03,4.3430300461e-04,2.2623562304e-06,0.0000000000e+00,0.0000000000e+00,0.0000000000e+00,0.0000000000e+00,0.0000000000e+00,0.0000000000e+00,0.0000000000e+00,0.0000000000e+00,0.0000000000e+00,0.0000000000e+00,0.0000000000e+00,0.0000000000e+00,0.0000000000e+00,0.0000000000e+00,0.0000000000e+00,0.0000000000e+00,0.0000000000e+00,0.0000000000e+00,0.0000000000e+00,0.0000000000e+00,0.0000000000e+00,0.0000000000e+00,0.0000000000e+00,0.0000000000e+00,0.0000000000e+00,0.0000000000e+00,0.0000000000e+00,0.0000000000e+00,0.0000000000e+00,0.0000000000e+00,0.0000000000e+00,0.0000000000e+00,0.0000000000e+00,0.0000000000e+00,0.0000000000e+00,0.0000000000e+00,0.0000000000e+00,0.0000000000e+00,0.0000000000e+00,0.0000000000e+00,0.0000000000e+00,0.0000000000e+00,0.0000000000e+00,0.0000000000e+00,0.0000000000e+00,0.0000000000e+00,0.0000000000e+00,0.0000000000e+00,0.0000000000e+00,0.0000000000e+00,0.0000000000e+00,0.0000000000e+00,0.0000000000e+00,0.0000000000e+00,0.0000000000e+00,0.0000000000e+00,0.0000000000e+00,0.0000000000e+00,0.0000000000e+00,0.0000000000e+00,0.0000000000e+00,0.0000000000e+00,0.0000000000e+00,0.0000000000e+00,0.0000000000e+00,0.0000000000e+00,0.0000000000e+00
2.4168284673e+00,3.8534831763e+00,3.8534831763e+00,3.8534831763e+00,3.8534831763e+00,3.8534831763e+00,3.8534831763e+00,3.8534831763e+00,3.8534831763e+00,3.8534831763e+00,3.8534831763e+00,3.8534831763e+00,3.8534831763e+00,3.8534831763e+00,3.8534831763e+00,3.8534831763e+00,3.8534831763e+00,3.8534831763e+00,3.8534831763e+00,3.8534831763e+00,3.8534831763e+00,3.8534831763e+00,3.8534831763e+00,3.8534831763e+00,3.8534831763e+00,3.8534831763e+00,3.8534831763e+00,3.8534831763e+00,3.8534831763e+00,3.8534831763e+00,3.8534831763e+00,3.8534831763e+00,3.8534831763e+00,3.8534831763e+00,3.8534831763e+00,3.8534831763e+00,3.8534831763e+00,3.8534831763e+00,3.8534831763e+00,3.8534831763e+00,3.8534831763e+00,3.8534831763e+00,3.8534831763e+00,3.8534831763e+00,3.8534831763e+00,3.8534831763e+00,3.8534831763e+00,3.8534831763e+00,3.8534831763e+00,3.8534831763e+00,3.8534831763e+00,3.8534831763e+00,3.8534831763e+00,3.8534831763e+00,3.8534831763e+00,3.8534831763e+00,3.8534831763e+00,3.8534831763e+00,3.8534831763e+00,3.8534831763e+00,3.8534831763e+00,3.8534831763e+00,3.8534831763e+00,3.8534608472e+00,3.8534200652e+00,3.8533757020e+00,3.8533274432e+00,3.8532749468e+00,3.8532178407e+00,3.8531557203e+00,3.8530881453e+00,3.8530146368e+00,3.8529346741e+00,3.8528476906e+00,3.8527530701e+00,3.8526501421e+00,3.8524651652e+00,3.8521976827e+00,3.8519067298e+00,3.8515902489e+00,3.8512460027e+00,3.8508715582e+00,3.8503899999e+00,3.8497776109e+00,3.8491115498e+00,3.8483871228e+00,3.8475288135e+00,3.8465123299e+00,3.8454068789e+00,3.8440994904e+00,3.8425608017e+00,3.8408619568e+00,3.8387736324e+00,3.8364836894e+00,3.8338386473e+00,3.8310841061e+00,3.8282667899e+00,3.8256116418e+00,3.8230066783e+00,3.8204561783e+00,3.8176208020e+00,3.8137641000e+00,3.8027368506e+00,3.7734244172e+00,3.7324466569e+00,3.6880175511e+00,3.6374792287e+00,3.5790265143e+00,3.5176628220e+00,3.4509011327e+00,3.3055218611e+00,3.1083968448e+00,2.8931330704e+00,2.6988599901e+00,2.4797875144e+00,2.1467307344e+00,1.8163230452e+00,1.5881856559e+00,1.2786454143e+00,1.0102563670e+00,8.1051408684e-01,6.0324708960e-01,4.7677988310e-01,3.6361365581e-01,2.8114247584e-01,2.2555322262e-01,1.7549648956e-01,1.3002115441e-01,8.6457812285e-02,4.7710696461e-02,2.0421897898e-02,5.6347017237e-03,6.7462564158e-04,4.3671052871e-06,0.0000000000e+00,0.0000000000e+00,0.0000000000e+00,0.0000000000e+00,0.0000000000e+00,0.0000000000e+00,0.0000000000e+00,0.0000000000e+00,0.0000000000e+00,0.0000000000e+00,0.0000000000e+00,0.0000000000e+00,0.0000000000e+00,0.0000000000e+00,0.0000000000e+00,0.0000000000e+00,0.0000000000e+00,0.0000000000e+00,0.0000000000e+00,0.0000000000e+00,0.0000000000e+00,0.0000000000e+00,0.0000000000e+00,0.0000000000e+00,0.0000000000e+00,0.0000000000e+00,0.0000000000e+00,0.0000000000e+00,0.0000000000e+00,0.0000000000e+00,0.0000000000e+00,0.0000000000e+00,0.0000000000e+00,0.0000000000e+00,0.0000000000e+00,0.0000000000e+00,0.0000000000e+00,0.0000000000e+00,0.0000000000e+00,0.0000000000e+00,0.0000000000e+00,0.0000000000e+00,0.0000000000e+00,0.0000000000e+00,0.0000000000e+00,0.0000000000e+00,0.0000000000e+00,0.0000000000e+00,0.0000000000e+00,0.0000000000e+00,0.0000000000e+00,0.0000000000e+00,0.0000000000e+00,0.0000000000e+00,0.0000000000e+00,0.0000000000e+00,0.0000000000e+00,0.0000000000e+00,0.0000000000e+00,0.0000000000e+00,0.0000000000e+00,0.0000000000e+00,0.0000000000e+00,0.0000000000e+00,0.0000000000e+00,0.0000000000e+00,0.0000000000e+00
2.5401481321e+00,3.6517075964e+00,3.6517075964e+00,3.6517075964e+00,3.6517075964e+00,3.6517075964e+00,3.6517075964e+00,3.6517075964e+00,3.6517075964e+00,3.6517075964e+00,3.6517075964e+00,3.6517075964e+00,3.6517075964e+00,3.6517075964e+00,3.6517075964e+00,3.6517075964e+00,3.6517075964e+00,3.6517075964e+00,3.6517075964e+00,3.6517075964e+00,3.6517075964e+00,3.6517075964e+00,3.6517075964e+00,3.6517075964e+00,3.6517075964e+00,3.6517075964e+00,3.6517075964e+00,3.6517075964e+00,3.6517075964e+00,3.6517075964e+00,3.6517075964e+00,3.6517075964e+00,3.6517075964e+00,3.6517075964e+00,3.6517075964e+00,3.6517075964e+00,3.6517075964e+00,3.6517075964e+00,3.6517075964e+00,3.6517075964e+00,3.6517075964e+00,3.6517075964e+00,3.6517075964e+00,3.6517075964e+00,3.6517075964e+00,3.6517075964e+00,3.6517075964e+00,3.6517075964e+00,3.6517075964e+00,3.6517075964e+00,3.6517075964e+00,3.6517075964e+00,3.6517075964e+00,3.6517075964e+00,3.6517075964e+00,3.6517075964e+00,3.6517075964e+00,3.6517075964e+00,3.6517075964e+00,3.6517075964e+00,3.6517075964e+00,3.6517075964e+00,3.6517075964e+00,3.6516883616e+00,3.6516532312e+00,3.6516150159e+00,3.6515734447e+00,3.6515282231e+00,3.6514790306e+00,3.6514255186e+00,3.6513673077e+00,3.6513039855e+00,3.6512351034e+00,3.6511601731e+00,3.6510786639e+00,3.6509899982e+00,3.6508305694e+00,3.6505999836e+00,3.6503491632e+00,3.6500763342e+00,3.6497795671e+00,3.6494567640e+00,3.6490414217e+00,3.6485130360e+00,3.6479383319e+00,3.6473132573e+00,3.6465722152e+00,3.6456941218e+00,3.6447391503e+00,3.6436085937e+00,3.6422768490e+00,3.6408061723e+00,3.6389958292e+00,3.6370102921e+00,3.6347142314e+00,3.6323200638e+00,3.6298667307e+00,3.6275443667e+00,3.6252567219e+00,3.6230051201e+00,3.6204936137e+00,3.6170814651e+00,3.6073873298e+00,3.5816750882e+00,3.5457213051e+00,3.5067190374e+00,3.4621920979e+00,3.4104309571e+00,3.3560177799e+00,3.2967348650e+00,3.1667707920e+00,2.9902046946e+00,2.7965454019e+00,2.6200849913e+00,2.4200146182e+00,2.1137270809e+00,1.8077639888e+00,1.5928971665e+00,1.2991129904e+00,1.0418804580e+00,8.4659618642e-01,6.4262384724e-01,5.1528602712e-01,4.0028818478e-01,3.1500635734e-01,2.5656479983e-01,2.0309963040e-01,1.5334902344e-01,1.0442381408e-01,5.9557300655e-02,2.6595891723e-02,7.7738117599e-03,1.0220545352e-03,8.1653832496e-06,0.0000000000e+00,0.0000000000e+00,0.0000000000e+00,0.0000000000e+00,0.0000000000e+00,0.0000000000e+00,0.0000000000e+00,0.0000000000e+00,0.0000000000e+00,0.0000000000e+00,0.0000000000e+00,0.0000000000e+00,0.0000000000e+00,0.0000000000e+00,0.0000000000e+00,0.0000000000e+00,0.0000000000e+00,0.0000000000e+00,0.0000000000e+00,0.0000000000e+00,0.0000000000e+00,0.0000000000e+00,0.0000000000e+00,0.0000000000e+00,0.0000000000e+00,0.0000000000e+00,0.0000000000e+00,0.0000000000e+00,0.0000000000e+00,0.0000000000e+00,0.0000000000e+00,0.0000000000e+00,0.0000000000e+00,0.0000000000e+00,0.0000000000e+00,0.0000000000e+00,0.0000000000e+00,0.0000000000e+00,0.0000000000e+00,0.0000000000e+00,0.0000000000e+00,0.0000000000e+00,0.0000000000e+00,0.0000000000e+00,0.0000000000e+00,0.0000000000e+00,0.0000000000e+00,0.0000000000e+00,0.0000000000e+00,0.0000000000e+00,0.0000000000e+00,0.0000000000e+00,0.0000000000e+00,0.0000000000e+00,0.0000000000e+00,0.0000000000e+00,0.0000000000e+00,0.0000000000e+00,0.0000000000e+00,0.0000000000e+00,0.0000000000e+00,0.0000000000e+00,0.0000000000e+00,0.0000000000e+00,0.0000000000e+00,0.0000000000e+00,0.0000000000e+00
2.6697602334e+00,3.4554827667e+00,3.4554827667e+00,3.4554827667e+00,3.4554827667e+00,3.4554827667e+00,3.4554827667e+00,3.4554827667e+00,3.4554827667e+00,3.4554827667e+00,3.4554827667e+00,3.4554827667e+00,3.4554827667e+00,3.4554827667e+00,3.4554827667e+00,3.4554827667e+00,3.4554827667e+00,3.4554827667e+00,3.4554827667e+00,3.4554827667e+00,3.4554827667e+00,3.4554827667e+00,3.4554827667e+00,3.4554827667e+00,3.4554827667e+00,3.4554827667e+00,3.4554827667e+00,3.4554827667e+00,3.4554827667e+00,3.4554827667e+00,3.4554827667e+00,3.4554827667e+00,3.4554827667e+00,3.4554827667e+00,3.4554827667e+00,3.4554827667e+00,3.4554827667e+00,3.4554827667e+00,3.4554827667e+00,3.4554827667e+00,3.4554827667e+00,3.4554827667e+00,3.4554827667e+00,3.4554827667e+00,3.4554827667e+00,3.4554827667e+00,3.4554827667e+00,3.4554827667e+00,3.4554827667e+00,3.4554827667e+00,3.4554827667e+00,3.4554827667e+00,3.4554827667e+00,3.4554827667e+00,3.4554827667e+00,3.4554827667e+00,3.4554827667e+00,3.4554827667e+00,3.4554827667e+00,3.4554827667e+00,3.4554827667e+00,3.4554827667e+00,3.4554827667e+00,3.4554662251e+00,3.4554360133e+00,3.4554031485e+00,3.4553673977e+00,3.4553285076e+00,3.4552862024e+00,3.4552401824e+00,3.4551901213e+00,3.4551356645e+00,3.4550764260e+00,3.4550119861e+00,3.4549418881e+00,3.4548656354e+00,3.4547284539e+00,3.4545300043e+00,3.4543141389e+00,3.4540793305e+00,3.4538239182e+00,3.4535460959e+00,3.4531884592e+00,3.4527333115e+00,3.4522382587e+00,3.4516998087e+00,3.4510610818e+00,3.4503038115e+00,3.4494802229e+00,3.4485041935e+00,3.4473534316e+00,3.4460823406e+00,3.4445154464e+00,3.4427965699e+00,3.4408066285e+00,3.4387290816e+00,3.4365963084e+00,3.4345687340e+00,3.4325637431e+00,3.4305804378e+00,3.4283610430e+00,3.4253488244e+00,3.4168465853e+00,3.3943484565e+00,3.3628817858e+00,3.3287280239e+00,3.2895942763e+00,3.2438738109e+00,3.1957454331e+00,3.1432345252e+00,3.0274234240e+00,2.8698068112e+00,2.6961681973e+00,2.5364694336e+00,2.3544638974e+00,2.0740250301e+00,1.7919683281e+00,1.5906747058e+00,1.3134455226e+00,1.0684021415e+00,8.7885727208e-01,6.7963257797e-01,5.5254447502e-01,4.3676333437e-01,3.4948247122e-01,2.8872686334e-01,2.3230145910e-01,1.7857960981e-01,1.2440203699e-01,7.3221886172e-02,3.4050081546e-02,1.0517925869e-02,1.5115899185e-03,1.4795425796e-05,0.0000000000e+00,0.0000000000e+00,0.0000000000e+00,0.0000000000e+00,0.0000000000e+00,0.0000000000e+00,0.0000000000e+00,0.0000000000e+00,0.0000000000e+00,0.0000000000e+00,0.0000000000e+00,0.0000000000e+00,0.0000000000e+00,0.0000000000e+00,0.0000000000e+00,0.0000000000e+00,0.0000000000e+00,0.0000000000e+00,0.0000000000e+00,0.0000000000e+00,0.0000000000e+00,0.0000000000e+00,0.0000000000e+00,0.0000000000e+00,0.0000000000e+00,0.0000000000e+00,0.0000000000e+00,0.0000000000e+00,0.0000000000e+00,0.0000000000e+00,0.0000000000e+00,0.0000000000e+00,0.0000000000e+00,0.0000000000e+00,0.0000000000e+00,0.0000000000e+00,0.0000000000e+00,0.0000000000e+00,0.0000000000e+00,0.0000000000e+00,0.0000000000e+00,0.0000000000e+00,0.0000000000e+00,0.0000000000e+00,0.0000000000e+00,0.0000000000e+00,0.0000000000e+00,0.0000000000e+00,0.0000000000e+00,0.0000000000e+00,0.0000000000e+00,0.0000000000e+00,0.0000000000e+00,0.0000000000e+00,0.0000000000e+00,0.0000000000e+00,0.0000000000e+00,0.0000000000e+00,0.0000000000e+00,0.0000000000e+00,0.0000000000e+00,0.0000000000e+00,0.0000000000e+00,0.0000000000e+00,0.0000000000e+00,0.0000000000e+00,0.0000000000e+00
2.8059858454e+00,3.2654937848e+00,3.2654937848e+00,3.2654937848e+00,3.2654937848e+00,3.2654937848e+00,3.2654937848e+00,3.2654937848e+00,3.2654937848e+00,3.2654937848e+00,3.2654937848e+00,3.2654937848e+00,3.2654937848e+00,3.2654937848e+00,3.2654937848e+00,3.2654937848e+00,3.2654937848e+00,3.2654937848e+00,3.2654937848e+00,3.2654937848e+00,3.2654937848e+00,3.2654937848e+00,3.2654937848e+00,3.2654937848e+00,3.2654937848e+00,3.2654937848e+00,3.2654937848e+00,3.2654937848e+00,3.2654937848e+00,3.2654937848e+00,3.2654937848e+00,3.2654937848e+00,3.2654937848e+00,3.2654937848e+00,3.2654937848e+00,3.2654937848e+00,3.2654937848e+00,3.2654937848e+00,3.2654937848e+00,3.2654937848e+00,3.2654937848e+00,3.2654937848e+00,3.2654937848e+00,3.2654937848e+00,3.2654937848e+00,3.2654937848e+00,3.2654937848e+00,3.2654937848e+00,3.2654937848e+00,3.2654937848e+00,3.2654937848e+00,3.2654937848e+00,3.2654937848e+00,3.2654937848e+00,3.2654937848e+00,3.2654937848e+00,3.2654937848e+00,3.2654937848e+00,3.2654937848e+00,3.2654937848e+00,3.2654937848e+00,3.2654937848e+00,3.2654937848e+00,3.2654795806e+00,3.2654536380e+00,3.2654254171e+00,3.2653947181e+00,3.2653613232e+00,3.2653249959e+00,3.2652854786e+00,3.2652424912e+00,3.2651957291e+00,3.2651448609e+00,3.2650895261e+00,3.2650293326e+00,3.2649638539e+00,3.2648459925e+00,3.2646754569e+00,3.2644899541e+00,3.2642881715e+00,3.2640686816e+00,3.2638299318e+00,3.2635224467e+00,3.2631309759e+00,3.2627051775e+00,3.2622420467e+00,3.2616923416e+00,3.2610402619e+00,3.2603310615e+00,3.2594896925e+00,3.2584967729e+00,3.2573997848e+00,3.2560455188e+00,3.2545596012e+00,3.2528374379e+00,3.2510372791e+00,3.2491859853e+00,3.2474186863e+00,3.2456645568e+00,3.2439210719e+00,3.2419639676e+00,3.2393100840e+00,3.2318692494e+00,3.2122288291e+00,3.1847532983e+00,3.1549137296e+00,3.1205991070e+00,3.0803098419e+00,3.0378413636e+00,2.9914379766e+00,2.8885514436e+00,2.7483005895e+00,2.5931091723e+00,2.4490805681e+00,2.2841240625e+00,2.0284257377e+00,1.7695273277e+00,1.5819113278e+00,1.3217494071e+00,1.0896853301e+00,9.0699352825e-01,7.1381412698e-01,5.8804967455e-01,4.7251736429e-01,3.8407582195e-01,3.2159218730e-01,2.6272596245e-01,2.0544128334e-01,1.4625830210e-01,8.8712003213e-02,4.2882832255e-02,1.3966489908e-02,2.1845367457e-03,2.6000059861e-05,0.0000000000e+00,0.0000000000e+00,0.0000000000e+00,0.0000000000e+00,0.0000000000e+00,0.0000000000e+00,0.0000000000e+00,0.0000000000e+00,0.0000000000e+00,0.0000000000e+00,0.0000000000e+00,0.0000000000e+00,0.0000000000e+00,0.0000000000e+00,0.0000000000e+00,0.0000000000e+00,0.0000000000e+00,0.0000000000e+00,0.0000000000e+00,0.0000000000e+00,0.0000000000e+00,0.0000000000e+00,0.0000000000e+00,0.0000000000e+00,0.0000000000e+00,0.0000000000e+00,0.0000000000e+00,0.0000000000e+00,0.0000000000e+00,0.0000000000e+00,0.0000000000e+00,0.0000000000e+00,0.0000000000e+00,0.0000000000e+00,0.0000000000e+00,0.0000000000e+00,0.0000000000e+00,0.0000000000e+00,0.0000000000e+00,0.0000000000e+00,0.0000000000e+00,0.0000000000e+00,0.0000000000e+00,0.0000000000e+00,0.0000000000e+00,0.0000000000e+00,0.0000000000e+00,0.0000000000e+00,0.0000000000e+00,0.0000000000e+00,0.0000000000e+00,0.0000000000e+00,0.0000000000e+00,0.0000000000e+00,0.0000000000e+00,0.0000000000e+00,0.0000000000e+00,0.0000000000e+00,0.0000000000e+00,0.0000000000e+00,0.0000000000e+00,0.0000000000e+00,0.0000000000e+00,0.0000000000e+00,0.0000000000e+00,0.0000000000e+00,0.0000000000e+00
2.9491624252e+00,3.0823908865e+00,3.0823908865e+00,3.0823908865e+00,3.0823908865e+00,3.0823908865e+00,3.0823908865e+00,3.0823908865e+00,3.0823908865e+00,3.0823908865e+00,3.0823908865e+00,3.0823908865e+00,3.0823908865e+00,3.0823908865e+00,3.0823908865e+00,3.0823908865e+00,3.0823908865e+00,3.0823908865e+00,3.0823908865e+00,3.0823908865e+00,3.0823908865e+00,3.0823908865e+00,3.0823908865e+00,3.0823908865e+00,3.0823908865e+00,3.0823908865e+00,3.0823908865e+00,3.0823908865e+00,3.0823908865e+00,3.0823908865e+00,3.0823908865e+00,3.0823908865e+00,3.0823908865e+00,3.0823908865e+00,3.0823908865e+00,3.0823908865e+00,3.0823908865e+00,3.0823908865e+00,3.0823908865e+00,3.0823908865e+00,3.0823908865e+00,3.0823908865e+00,3.0823908865e+00,3.0823908865e+00,3.0823908865e+00,3.0823908865e+00,3.0823908865e+00,3.0823908865e+00,3.0823908865e+00,3.0823908865e+00,3.0823908865e+00,3.0823908865e+00,3.0823908865e+00,3.0823908865e+00,3.0823908865e+00,3.0823908865e+00,3.0823908865e+00,3.0823908865e+00,3.0823908865e+00,3.0823908865e+00,3.0823908865e+00,3.0823908865e+00,3.0823908865e+00,3.0823787055e+00,3.0823564581e+00,3.0823322569e+00,3.0823059305e+00,3.0822772922e+00,3.0822461391e+00,3.0822122504e+00,3.0821753858e+00,3.0821352840e+00,3.0820916610e+00,3.0820442074e+00,3.0819925871e+00,3.0819364342e+00,3.0818353051e+00,3.0816889496e+00,3.0815297483e+00,3.0813565746e+00,3.0811682029e+00,3.0809633007e+00,3.0806992821e+00,3.0803630224e+00,3.0799972725e+00,3.0795994501e+00,3.0791269849e+00,3.0785662287e+00,3.0779563403e+00,3.0772319930e+00,3.0763763541e+00,3.0754308212e+00,3.0742617615e+00,3.0729788071e+00,3.0714902357e+00,3.0699324049e+00,3.0683275468e+00,3.0667893072e+00,3.0652570334e+00,3.0637270497e+00,3.0620044500e+00,3.0596703750e+00,3.0531710434e+00,3.0360611915e+00,3.0121212339e+00,2.9861050138e+00,2.9560793632e+00,2.9206536786e+00,2.8832617176e+00,2.8423445036e+00,2.7511983356e+00,2.6267720124e+00,2.4884823096e+00,2.3590102587e+00,2.2100304619e+00,1.9778124109e+00,1.7411443621e+00,1.5671264534e+00,1.3242686182e+00,1.1057303600e+00,9.3081922749e-01,7.4480169853e-01,6.2135808388e-01,5.0705871538e-01,4.1829220861e-01,3.5469218834e-01,2.9395541003e-01,2.3360495425e-01,1.6979416426e-01,1.0597892837e-01,5.3161364981e-02,1.8215402837e-02,3.0879693101e-03,4.4352235951e-05,0.0000000000e+00,0.0000000000e+00,0.0000000000e+00,0.0000000000e+00,0.0000000000e+00,0.0000000000e+00,0.0000000000e+00,0.0000000000e+00,0.0000000000e+00,0.0000000000e+00,0.0000000000e+00,0.0000000000e+00,0.0000000000e+00,0.0000000000e+00,0.0000000000e+00,0.0000000000e+00,0.0000000000e+00,0.0000000000e+00,0.0000000000e+00,0.0000000000e+00,0.0000000000e+00,0.0000000000e+00,0.0000000000e+00,0.0000000000e+00,0.0000000000e+00,0.0000000000e+00,0.0000000000e+00,0.0000000000e+00,0.0000000000e+00,0.0000000000e+00,0.0000000000e+00,0.0000000000e+00,0.0000000000e+00,0.0000000000e+00,0.0000000000e+00,0.0000000000e+00,0.0000000000e+00,0.0000000000e+00,0.0000000000e+00,0.0000000000e+00,0.0000000000e+00,0.0000000000e+00,0.0000000000e+00,0.0000000000e+00,0.0000000000e+00,0.0000000000e+00,0.0000000000e+00,0.0000000000e+00,0.0000000000e+00,0.0000000000e+00,0.0000000000e+00,0.0000000000e+00,0.0000000000e+00,0.0000000000e+00,0.0000000000e+00,0.0000000000e+00,0.0000000000e+00,0.0000000000e+00,0.0000000000e+00,0.0000000000e+00,0.0000000000e+00,0.0000000000e+00,0.0000000000e+00,0.0000000000e+00,0.0000000000e+00,0.0000000000e+00,0.0000000000e+00
3.0996446487e+00,2.9067614360e+00,2.9067614360e+00,2.9067614360e+00,2.9067614360e+00,2.9067614360e+00,2.9067614360e+00,2.9067614360e+00,2.9067614360e+00,2.9067614360e+00,2.9067614360e+00,2.9067614360e+00,2.9067614360e+00,2.9067614360e+00,2.9067614360e+00,2.9067614360e+00,2.9067614360e+00,2.9067614360e+00,2.9067614360e+00,2.9067614360e+00,2.9067614360e+00,2.9067614360e+00,2.9067614360e+00,2.9067614360e+00,2.9067614360e+00,2.9067614360e+00,2.9067614360e+00,2.9067614360e+00,2.9067614360e+00,2.9067614360e+00,2.9067614360e+00,2.9067614360e+00,2.9067614360e+00,2.9067614360e+00,2.9067614360e+00,2.9067614360e+00,2.9067614360e+00,2.9067614360e+00,2.9067614360e+00,2.9067614360e+00,2.9067614360e+00,2.9067614360e+00,2.9067614360e+00,2.9067614360e+00,2.9067614360e+00,2.9067614360e+00,2.9067614360e+00,2.9067614360e+00,2.9067614360e+00,2.9067614360e+00,2.9067614360e+00,2.9067614360e+00,2.9067614360e+00,2.9067614360e+00,2.9067614360e+00,2.9067614360e+00,2.9067614360e+00,2.9067614360e+00,2.9067614360e+00,2.9067614360e+00,2.9067614360e+00,2.9067614360e+00,2.9067614360e+00,2.9067510015e+00,2.9067319439e+00,2.9067112127e+00,2.9066886609e+00,2.9066641287e+00,2.9066374422e+00,2.9066084123e+00,2.9065768331e+00,2.9065424809e+00,2.9065051122e+00,2.9064644621e+00,2.9064202426e+00,2.9063721404e+00,2.9062854634e+00,2.9061599974e+00,2.9060235185e+00,2.9058750606e+00,2.9057135731e+00,2.9055379132e+00,2.9053114656e+00,2.9050229471e+00,2.9047091221e+00,2.9043677740e+00,2.9039621428e+00,2.9034804529e+00,2.9029565495e+00,2.9023336184e+00,2.9015970548e+00,2.9007829199e+00,2.8997747536e+00,2.8986681584e+00,2.8973828073e+00,2.8960360913e+00,2.8946463703e+00,2.8933090881e+00,2.8919723505e+00,2.8906317086e+00,2.8891179198e+00,2.8870681997e+00,2.8814008469e+00,2.8665230692e+00,2.8457027378e+00,2.8230616257e+00,2.7968382041e+00,2.7657505254e+00,2.7328936638e+00,2.6968850079e+00,2.6163484558e+00,2.5062630650e+00,2.3833740352e+00,2.2673406297e+00,2.1332306871e+00,1.9231175157e+00,1.7076051702e+00,1.5469407933e+00,1.3213680879e+00,1.1166661101e+00,9.5026761654e-01,7.7233096793e-01,6.5210380341e-01,5.3994591670e-01,4.5166004809e-01,3.8755863675e-01,3.2555029682e-01,2.6269954174e-01,1.9475501520e-01,1.2491727963e-01,6.4915749893e-02,2.3351903678e-02,4.2736729321e-03,7.3518343405e-05,0.0000000000e+00,0.0000000000e+00,0.0000000000e+00,0.0000000000e+00,0.0000000000e+00,0.0000000000e+00,0.0000000000e+00,0.0000000000e+00,0.0000000000e+00,0.0000000000e+00,0.0000000000e+00,0.0000000000e+00,0.0000000000e+00,0.0000000000e+00,0.0000000000e+00,0.0000000000e+00,0.0000000000e+00,0.0000000000e+00,0.0000000000e+00,0.0000000000e+00,0.0000000000e+00,0.0000000000e+00,0.0000000000e+00,0.0000000000e+00,0.0000000000e+00,0.0000000000e+00,0.0000000000e+00,0.0000000000e+00,0.0000000000e+00,0.0000000000e+00,0.0000000000e+00,0.0000000000e+00,0.0000000000e+00,0.0000000000e+00,0.0000000000e+00,0.0000000000e+00,0.0000000000e+00,0.0000000000e+00,0.0000000000e+00,0.0000000000e+00,0.0000000000e+00,0.0000000000e+00,0.0000000000e+00,0.0000000000e+00,0.0000000000e+00,0.0000000000e+00,0.0000000000e+00,0.0000000000e+00,0.0000000000e+00,0.0000000000e+00,0.0000000000e+00,0.0000000000e+00,0.0000000000e+00,0.0000000000e+00,0.0000000000e+00,0.0000000000e+00,0.0000000000e+00,0.0000000000e+00,0.0000000000e+00,0.0000000000e+00,0.0000000000e+00,0.0000000000e+00,0.0000000000e+00,0.0000000000e+00,0.0000000000e+00,0.0000000000e+00,0.0000000000e+00
3.2578052895e+00,2.7391062196e+00,2.7391062196e+00,2.7391062196e+00,2.7391062196e+00,2.7391062196e+00,2.7391062196e+00,2.7391062196e+00,2.7391062196e+00,2.7391062196e+00,2.7391062196e+00,2.7391062196e+00,2.7391062196e+00,2.7391062196e+00,2.7391062196e+00,2.7391062196e+00,2.7391062196e+00,2.7391062196e+00,2.7391062196e+00,2.7391062196e+00,2.7391062196e+00,2.7391062196e+00,2.7391062196e+00,2.7391062196e+00,2.7391062196e+00,2.7391062196e+00,2.7391062196e+00,2.7391062196e+00,2.7391062196e+00,2.7391062196e+00,2.7391062196e+00,2.7391062196e+00,2.7391062196e+00,2.7391062196e+00,2.7391062196e+00,2.7391062196e+00,2.7391062196e+00,2.7391062196e+00,2.7391062196e+00,2.7391062196e+00,2.7391062196e+00,2.7391062196e+00,2.7391062196e+00,2.7391062196e+00,2.7391062196e+00,2.7391062196e+00,2.7391062196e+00,2.7391062196e+00,2.7391062196e+00,2.7391062196e+00,2.7391062196e+00,2.7391062196e+00,2.7391062196e+00,2.7391062196e+00,2.7391062196e+00,2.7391062196e+00,2.7391062196e+00,2.7391062196e+00,2.7391062196e+00,2.7391062196e+00,2.7391062196e+00,2.7391062196e+00,2.7391062196e+00,2.7390972888e+00,2.7390809776e+00,2.7390632340e+00,2.7390439322e+00,2.7390229354e+00,2.7390000947e+00,2.7389752482e+00,2.7389482199e+00,2.7389188182e+00,2.7388868345e+00,2.7388520424e+00,2.7388141952e+00,2.7387730246e+00,2.7386987981e+00,2.7385913322e+00,2.7384744328e+00,2.7383472725e+00,2.7382089510e+00,2.7380584894e+00,2.7378644324e+00,2.7376170883e+00,2.7373480467e+00,2.7370554066e+00,2.7367074535e+00,2.7362940368e+00,2.7358443827e+00,2.7353091138e+00,2.7346755672e+00,2.7339751349e+00,2.7331063866e+00,2.7321526440e+00,2.7310436351e+00,2.7298803562e+00,2.7286779369e+00,2.7275164367e+00,2.7263514858e+00,2.7251781578e+00,2.7238495973e+00,2.7220518166e+00,2.7171169995e+00,2.7042005996e+00,2.6861224540e+00,2.6664496047e+00,2.6435842250e+00,2.6163508741e+00,2.5875297451e+00,2.5558959860e+00,2.4848995358e+00,2.3877420666e+00,2.2788117064e+00,2.1751113839e+00,2.0547510117e+00,1.8652891618e+00,1.6697456772e+00,1.5220476212e+00,1.3135117961e+00,1.1227357647e+00,9.6538520185e-01,7.9624372946e-01,6.8000876349e-01,5.7080339384e-01,4.8374971796e-01,4.1974438302e-01,3.5706993713e-01,2.9232975137e-01,2.2084176178e-01,1.4536840112e-01,7.8135102019e-02,2.9449548690e-02,5.7965839760e-03,1.1854702612e-04,0.0000000000e+00,0.0000000000e+00,0.0000000000e+00,0.0000000000e+00,0.0000000000e+00,0.0000000000e+00,0.0000000000e+00,0.0000000000e+00,0.0000000000e+00,0.0000000000e+00,0.0000000000e+00,0.0000000000e+00,0.0000000000e+00,0.0000000000e+00,0.0000000000e+00,0.0000000000e+00,0.0000000000e+00,0.0000000000e+00,0.0000000000e+00,0.0000000000e+00,0.0000000000e+00,0.0000000000e+00,0.0000000000e+00,0.0000000000e+00,0.0000000000e+00,0.0000000000e+00,0.0000000000e+00,0.0000000000e+00,0.0000000000e+00,0.0000000000e+00,0.0000000000e+00,0.0000000000e+00,0.0000000000e+00,0.0000000000e+00,0.0000000000e+00,0.0000000000e+00,0.0000000000e+00,0.0000000000e+00,0.0000000000e+00,0.0000000000e+00,0.0000000000e+00,0.0000000000e+00,0.0000000000e+00,0.0000000000e+00,0.0000000000e+00,0.0000000000e+00,0.0000000000e+00,0.0000000000e+00,0.0000000000e+00,0.0000000000e+00,0.0000000000e+00,0.0000000000e+00,0.0000000000e+00,0.0000000000e+00,0.0000000000e+00,0.0000000000e+00,0.0000000000e+00,0.0000000000e+00,0.0000000000e+00,0.0000000000e+00,0.0000000000e+00,0.0000000000e+00,0.0000000000e+00,0.0000000000e+00,0.0000000000e+00,0.0000000000e+00,0.0000000000e+00
3.4240361419e+00,2.5798216324e+00,2.5798216324e+00,2.5798216324e+00,2.5798216324e+00,2.5798216324e+00,2.5798216324e+00,2.5798216324e+00,2.5798216324e+00,2.5798216324e+00,2.5798216324e+00,2.5798216324e+00,2.5798216324e+00,2.5798216324e+00,2.5798216324e+00,2.5798216324e+00,2.5798216324e+00,2.5798216324e+00,2.5798216324e+00,2.5798216324e+00,2.5798216324e+00,2.5798216324e+00,2.5798216324e+00,2.5798216324e+00,2.5798216324e+00,2.5798216324e+00,2.5798216324e+00,2.5798216324e+00,2.5798216324e+00,2.5798216324e+00,2.5798216324e+00,2.5798216324e+00,2.5798216324e+00,2.5798216324e+00,2.5798216324e+00,2.5798216324e+00,2.5798216324e+00,2.5798216324e+00,2.5798216324e+00,2.5798216324e+00,2.5798216324e+00,2.5798216324e+00,2.5798216324e+00,2.5798216324e+00,2.5798216324e+00,2.5798216324e+00,2.5798216324e+00,2.5798216324e+00,2.5798216324e+00,2.5798216324e+00,2.5798216324e+00,2.5798216324e+00,2.5798216324e+00,2.5798216324e+00,2.5798216324e+00,2.5798216324e+00,2.5798216324e+00,2.5798216324e+00,2.5798216324e+00,2.5798216324e+00,2.5798216324e+00,2.5798216324e+00,2.5798216324e+00,2.5798139933e+00,2.5798000411e+00,2.5797848636e+00,2.5797683532e+00,2.5797503930e+00,2.5797308556e+00,2.5797096024e+00,2.5796864829e+00,2.5796613332e+00,2.5796339750e+00,2.5796042144e+00,2.5795718404e+00,2.5795366237e+00,2.5794730973e+00,2.5793811040e+00,2.5792810351e+00,2.5791721821e+00,2.5790537744e+00,2.5789249737e+00,2.5787587731e+00,2.5785468531e+00,2.5783163412e+00,2.5780656079e+00,2.5777673089e+00,2.5774126996e+00,2.5770270023e+00,2.5765673215e+00,2.5760226837e+00,2.5754204040e+00,2.5746721790e+00,2.5738506013e+00,2.5728942437e+00,2.5718899618e+00,2.5708501971e+00,2.5698420361e+00,2.5688275607e+00,2.5678015943e+00,2.5666367716e+00,2.5650614818e+00,2.5607694556e+00,2.5495704548e+00,2.5338941157e+00,2.5168225195e+00,2.4969123168e+00,2.4730909578e+00,2.4478479003e+00,2.4200990949e+00,2.3576405241e+00,2.2720789644e+00,2.1757365784e+00,2.0832910382e+00,1.9755659835e+00,1.8052590831e+00,1.6284198028e+00,1.4931826850e+00,1.3012375450e+00,1.1242777537e+00,9.7632038033e-01,8.1648532798e-01,7.0488710901e-01,5.9933224305e-01,5.1418903509e-01,4.5084145757e-01,3.8809193749e-01,3.2209452427e-01,2.4772493626e-01,1.6712715389e-01,9.2766337530e-02,3.6563711460e-02,7.7128091619e-03,1.8616428363e-04,0.0000000000e+00,0.0000000000e+00,0.0000000000e+00,0.0000000000e+00,0.0000000000e+00,0.0000000000e+00,0.0000000000e+00,0.0000000000e+00,0.0000000000e+00,0.0000000000e+00,0.0000000000e+00,0.0000000000e+00,0.0000000000e+00,0.0000000000e+00,0.0000000000e+00,0.0000000000e+00,0.0000000000e+00,0.0000000000e+00,0.0000000000e+00,0.0000000000e+00,0.0000000000e+00,0.0000000000e+00,0.0000000000e+00,0.0000000000e+00,0.0000000000e+00,0.0000000000e+00,0.0000000000e+00,0.0000000000e+00,0.0000000000e+00,0.0000000000e+00,0.0000000000e+00,0.0000000000e+00,0.0000000000e+00,0.0000000000e+00,0.0000000000e+00,0.0000000000e+00,0.0000000000e+00,0.0000000000e+00,0.0000000000e+00,0.0000000000e+00,0.0000000000e+00,0.0000000000e+00,0.0000000000e+00,0.0000000000e+00,0.0000000000e+00,0.0000000000e+00,0.0000000000e+00,0.0000000000e+00,0.0000000000e+00,0.0000000000e+00,0.0000000000e+00,0.0000000000e+00,0.0000000000e+00,0.0000000000e+00,0.0000000000e+00,0.0000000000e+00,0.0000000000e+00,0.0000000000e+00,0.0000000000e+00,0.0000000000e+00,0.0000000000e+00,0.0000000000e+00,0.0000000000e+00,0.0000000000e+00,0.0000000000e+00,0.0000000000e+00,0.0000000000e+00
3.5987489918e+00,2.4291886324e+00,2.4291886324e+00,2.4291886324e+00,2.4291886324e+00,2.4291886324e+00,2.4291886324e+00,2.4291886324e+00,2.4291886324e+00,2.4291886324e+00,2.4291886324e+00,2.4291886324e+00,2.4291886324e+00,2.4291886324e+00,2.4291886324e+00,2.4291886324e+00,2.4291886324e+00,2.4291886324e+00,2.4291886324e+00,2.4291886324e+00,2.4291886324e+00,2.4291886324e+00,2.4291886324e+00,2.4291886324e+00,2.4291886324e+00,2.4291886324e+00,2.4291886324e+00,2.4291886324e+00,2.4291886324e+00,2.4291886324e+00,2.4291886324e+00,2.4291886324e+00,2.4291886324e+00,2.4291886324e+00,2.4291886324e+00,2.4291886324e+00,2.4291886324e+00,2.4291886324e+00,2.4291886324e+00,2.4291886324e+00,2.4291886324e+00,2.4291886324e+00,2.4291886324e+00,2.4291886324e+00,2.4291886324e+00,2.4291886324e+00,2.4291886324e+00,2.4291886324e+00,2.4291886324e+00,2.4291886324e+00,2.4291886324e+00,2.4291886324e+00,2.4291886324e+00,2.4291886324e+00,2.4291886324e+00,2.4291886324e+00,2.4291886324e+00,2.4291886324e+00,2.4291886324e+00,2.4291886324e+00,2.4291886324e+00,2.4291886324e+00,2.4291886324e+00,2.4291821001e+00,2.4291701696e+00,2.4291571913e+00,2.4291430733e+00,2.4291277155e+00,2.4291110090e+00,2.4290928354e+00,2.4290730658e+00,2.4290515602e+00,2.4290281660e+00,2.4290027175e+00,2.4289750344e+00,2.4289449203e+00,2.4288905691e+00,2.4288118465e+00,2.4287262129e+00,2.4286330621e+00,2.4285317343e+00,2.4284215123e+00,2.4282792155e+00,2.4280977044e+00,2.4279002676e+00,2.4276855092e+00,2.4274298605e+00,2.4271257910e+00,2.4267950600e+00,2.4264004112e+00,2.4259323373e+00,2.4254146008e+00,2.4247703413e+00,2.4240627943e+00,2.4232382918e+00,2.4223715164e+00,2.4214726781e+00,2.4205979479e+00,2.4197149287e+00,2.4188183663e+00,2.4177978310e+00,2.4164184442e+00,2.4126886995e+00,2.4029885373e+00,2.3894089261e+00,2.3746095167e+00,2.3572913374e+00,2.3364799867e+00,2.3143982320e+00,2.2900874254e+00,2.2352359984e+00,2.1600269924e+00,2.0749828159e+00,1.9927537721e+00,1.8965730118e+00,1.7439142894e+00,1.5844694699e+00,1.4610949709e+00,1.2851305185e+00,1.1217037122e+00,9.8330780849e-01,8.3309669658e-01,7.2664402325e-01,6.2531562602e-01,5.4267400677e-01,4.8049532135e-01,4.1822904773e-01,3.5160458349e-01,2.7505991783e-01,1.8995140102e-01,1.0871556350e-01,4.4727987575e-02,1.0077356530e-02,2.8504999313e-04,0.0000000000e+00,0.0000000000e+00,0.0000000000e+00,0.0000000000e+00,0.0000000000e+00,0.0000000000e+00,0.0000000000e+00,0.0000000000e+00,0.0000000000e+00,0.0000000000e+00,0.0000000000e+00,0.0000000000e+00,0.0000000000e+00,0.0000000000e+00,0.0000000000e+00,0.0000000000e+00,0.0000000000e+00,0.0000000000e+00,0.0000000000e+00,0.0000000000e+00,0.0000000000e+00,0.0000000000e+00,0.0000000000e+00,0.0000000000e+00,0.0000000000e+00,0.0000000000e+00,0.0000000000e+00,0.0000000000e+00,0.0000000000e+00,0.0000000000e+00,0.0000000000e+00,0.0000000000e+00,0.0000000000e+00,0.0000000000e+00,0.0000000000e+00,0.0000000000e+00,0.0000000000e+00,0.0000000000e+00,0.0000000000e+00,0.0000000000e+00,0.0000000000e+00,0.0000000000e+00,0.0000000000e+00,0.0000000000e+00,0.0000000000e+00,0.0000000000e+00,0.0000000000e+00,0.0000000000e+00,0.0000000000e+00,0.0000000000e+00,0.0000000000e+00,0.0000000000e+00,0.0000000000e+00,0.0000000000e+00,0.0000000000e+00,0.0000000000e+00,0.0000000000e+00,0.0000000000e+00,0.0000000000e+00,0.0000000000e+00,0.0000000000e+00,0.0000000000e+00,0.0000000000e+00,0.0000000000e+00,0.0000000000e+00,0.0000000000e+00,0.0000000000e+00
3.7823766366e+00,2.2873685862e+00,2.2873685862e+00,2.2873685862e+00,2.2873685862e+00,2.2873685862e+00,2.2873685862e+00,2.2873685862e+00,2.2873685862e+00,2.2873685862e+00,2.2873685862e+00,2.2873685862e+00,2.2873685862e+00,2.2873685862e+00,2.2873685862e+00,2.2873685862e+00,2.2873685862e+00,2.2873685862e+00,2.2873685862e+00,2.2873685862e+00,2.2873685862e+00,2.2873685862e+00,2.2873685862e+00,2.2873685862e+00,2.2873685862e+00,2.2873685862e+00,2.2873685862e+00,2.2873685862e+00,2.2873685862e+00,2.2873685862e+00,2.2873685862e+00,2.2873685862e+00,2.2873685862e+00,2.2873685862e+00,2.2873685862e+00,2.2873685862e+00,2.2873685862e+00,2.2873685862e+00,2.2873685862e+00,2.2873685862e+00,2.2873685862e+00,2.2873685862e+00,2.2873685862e+00,2.2873685862e+00,2.2873685862e+00,2.2873685862e+00,2.2873685862e+00,2.2873685862e+00,2.2873685862e+00,2.2873685862e+00,2.2873685862e+00,2.2873685862e+00,2.2873685862e+00,2.2873685862e+00,2.2873685862e+00,2.2873685862e+00,2.2873685862e+00,2.2873685862e+00,2.2873685862e+00,2.2873685862e+00,2.2873685862e+00,2.2873685862e+00,2.2873685862e+00,2.2873630007e+00,2.2873527994e+00,2.2873417022e+00,2.2873296304e+00,2.2873164985e+00,2.2873022134e+00,2.2872866738e+00,2.2872697696e+00,2.2872513809e+00,2.2872313773e+00,2.2872096172e+00,2.2871859463e+00,2.2871601967e+00,2.2871136979e+00,2.2870463349e+00,2.2869730580e+00,2.2868933483e+00,2.2868066413e+00,2.2867123229e+00,2.2865904976e+00,2.2864350387e+00,2.2862659387e+00,2.2860820018e+00,2.2858629146e+00,2.2856021929e+00,2.2853186071e+00,2.2849797983e+00,2.2845775295e+00,2.2841324727e+00,2.2835777262e+00,2.2829683775e+00,2.2822575484e+00,2.2815094609e+00,2.2807324770e+00,2.2799736011e+00,2.2792051534e+00,2.2784219298e+00,2.2775281912e+00,2.2763208436e+00,2.2730815740e+00,2.2646856179e+00,2.2529309240e+00,2.2401103958e+00,2.2250588391e+00,2.2068944463e+00,2.1875968437e+00,2.1663188415e+00,2.1182176315e+00,2.0522113544e+00,1.9772633922e+00,1.9042628924e+00,1.8185731417e+00,1.6820738985e+00,1.5386985873e+00,1.4265202065e+00,1.2657975935e+00,1.1154753552e+00,9.8665013192e-01,8.4620222902e-01,7.4526973490e-01,6.4861900188e-01,5.6897455884e-01,5.0841457097e-01,4.4714232337e-01,3.8049776117e-01,3.0250195712e-01,2.1357324891e-01,1.2585189778e-01,5.3951788277e-02,1.2941745294e-02,4.2606791352e-04,0.0000000000e+00,0.0000000000e+00,0.0000000000e+00,0.0000000000e+00,0.0000000000e+00,0.0000000000e+00,0.0000000000e+00,0.0000000000e+00,0.0000000000e+00,0.0000000000e+00,0.0000000000e+00,0.0000000000e+00,0.0000000000e+00,0.0000000000e+00,0.0000000000e+00,0.0000000000e+00,0.0000000000e+00,0.0000000000e+00,0.0000000000e+00,0.0000000000e+00,0.0000000000e+00,0.0000000000e+00,0.0000000000e+00,0.0000000000e+00,0.0000000000e+00,0.0000000000e+00,0.0000000000e+00,0.0000000000e+00,0.0000000000e+00,0.0000000000e+00,0.0000000000e+00,0.0000000000e+00,0.0000000000e+00,0.0000000000e+00,0.0000000000e+00,0.0000000000e+00,0.0000000000e+00,0.0000000000e+00,0.0000000000e+00,0.0000000000e+00,0.0000000000e+00,0.0000000000e+00,0.0000000000e+00,0.0000000000e+00,0.0000000000e+00,0.0000000000e+00,0.0000000000e+00,0.0000000000e+00,0.0000000000e+00,0.0000000000e+00,0.0000000000e+00,0.0000000000e+00,0.0000000000e+00,0.0000000000e+00,0.0000000000e+00,0.0000000000e+00,0.0000000000e+00,0.0000000000e+00,0.0000000000e+00,0.0000000000e+00,0.0000000000e+00,0.0000000000e+00,0.0000000000e+00,0.0000000000e+00,0.0000000000e+00,0.0000000000e+00,0.0000000000e+00
3.9753739574e+00,2.1544054795e+00,2.1544054795e+00,2.1544054795e+00,2.1544054795e+00,2.1544054795e+00,2.1544054795e+00,2.1544054795e+00,2.1544054795e+00,2.1544054795e+00,2.1544054795e+00,2.1544054795e+00,2.1544054795e+00,2.1544054795e+00,2.1544054795e+00,2.1544054795e+00,2.1544054795e+00,2.1544054795e+00,2.1544054795e+00,2.1544054795e+00,2.1544054795e+00,2.1544054795e+00,2.1544054795e+00,2.1544054795e+00,2.1544054795e+00,2.1544054795e+00,2.1544054795e+00,2.1544054795e+00,2.1544054795e+00,2.1544054795e+00,2.1544054795e+00,2.1544054795e+00,2.1544054795e+00,2.1544054795e+00,2.1544054795e+00,2.1544054795e+00,2.1544054795e+00,2.1544054795e+00,2.1544054795e+00,2.1544054795e+00,2.1544054795e+00,2.1544054795e+00,2.1544054795e+00,2.1544054795e+00,2.1544054795e+00,2.1544054795e+00,2.1544054795e+00,2.1544054795e+00,2.1544054795e+00,2.1544054795e+00,2.1544054795e+00,2.1544054795e+00,2.1544054795e+00,2.1544054795e+00,2.1544054795e+00,2.1544054795e+00,2.1544054795e+00,2.1544054795e+00,2.1544054795e+00,2.1544054795e+00,2.1544054795e+00,2.1544054795e+00,2.1544054795e+00,2.1544007025e+00,2.1543919777e+00,2.1543824867e+00,2.1543721623e+00,2.1543609311e+00,2.1543487136e+00,2.1543354233e+00,2.1543209658e+00,2.1543052386e+00,2.1542881304e+00,2.1542695198e+00,2.1542492749e+00,2.1542272523e+00,2.1541874624e+00,2.1541298069e+00,2.1540670896e+00,2.1539988663e+00,2.1539246538e+00,2.1538439264e+00,2.1537396037e+00,2.1536064268e+00,2.1534615631e+00,2.1533039879e+00,2.1531161898e+00,2.1528925839e+00,2.1526493662e+00,2.1523584244e+00,2.1520126207e+00,2.1516299423e+00,2.1511521419e+00,2.1506272213e+00,2.1500142320e+00,2.1493684194e+00,2.1486966186e+00,2.1480381501e+00,2.1473693586e+00,2.1466851816e+00,2.1459026054e+00,2.1448459973e+00,2.1420335111e+00,2.1347694171e+00,2.1245988478e+00,2.1134972443e+00,2.1004224110e+00,2.0845790518e+00,2.0677263684e+00,2.0491160523e+00,2.0069824874e+00,1.9491248683e+00,1.8831629883e+00,1.8184611945e+00,1.7422584973e+00,1.6204720025e+00,1.4918521858e+00,1.3901584865e+00,1.2438440271e+00,1.1060819899e+00,9.8669870410e-01,8.5599492104e-01,7.6082979328e-01,6.6918587018e-01,5.9293546895e-01,5.3437593963e-01,4.7455003850e-01,4.0845117885e-01,3.2971986874e-01,2.3771102349e-01,1.4401328862e-01,6.4219281813e-02,1.6351675355e-02,6.2242168441e-04,0.0000000000e+00,0.0000000000e+00,0.0000000000e+00,0.0000000000e+00,0.0000000000e+00,0.0000000000e+00,0.0000000000e+00,0.0000000000e+00,0.0000000000e+00,0.0000000000e+00,0.0000000000e+00,0.0000000000e+00,0.0000000000e+00,0.0000000000e+00,0.0000000000e+00,0.0000000000e+00,0.0000000000e+00,0.0000000000e+00,0.0000000000e+00,0.0000000000e+00,0.0000000000e+00,0.0000000000e+00,0.0000000000e+00,0.0000000000e+00,0.0000000000e+00,0.0000000000e+00,0.0000000000e+00,0.0000000000e+00,0.0000000000e+00,0.0000000000e+00,0.0000000000e+00,0.0000000000e+00,0.0000000000e+00,0.0000000000e+00,0.0000000000e+00,0.0000000000e+00,0.0000000000e+00,0.0000000000e+00,0.0000000000e+00,0.0000000000e+00,0.0000000000e+00,0.0000000000e+00,0.0000000000e+00,0.0000000000e+00,0.0000000000e+00,0.0000000000e+00,0.0000000000e+00,0.0000000000e+00,0.0000000000e+00,0.0000000000e+00,0.0000000000e+00,0.0000000000e+00,0.0000000000e+00,0.0000000000e+00,0.0000000000e+00,0.0000000000e+00,0.0000000000e+00,0.0000000000e+00,0.0000000000e+00,0.0000000000e+00,0.0000000000e+00,0.0000000000e+00,0.0000000000e+00,0.0000000000e+00,0.0000000000e+00,0.0000000000e+00,0.0000000000e+00
4.1782190457e+00,2.0302334686e+00,2.0302334686e+00,2.0302334686e+00,2.0302334686e+00,2.0302334686e+00,2.0302334686e+00,2.0302334686e+00,2.0302334686e+00,2.0302334686e+00,2.0302334686e+00,2.0302334686e+00,2.0302334686e+00,2.0302334686e+00,2.0302334686e+00,2.0302334686e+00,2.0302334686e+00,2.0302334686e+00,2.0302334686e+00,2.0302334686e+00,2.0302334686e+00,2.0302334686e+00,2.0302334686e+00,2.0302334686e+00,2.0302334686e+00,2.0302334686e+00,2.0302334686e+00,2.0302334686e+00,2.0302334686e+00,2.0302334686e+00,2.0302334686e+00,2.0302334686e+00,2.0302334686e+00,2.0302334686e+00,2.0302334686e+00,2.0302334686e+00,2.0302334686e+00,2.0302334686e+00,2.0302334686e+00,2.0302334686e+00,2.0302334686e+00,2.0302334686e+00,2.0302334686e+00,2.0302334686e+00,2.0302334686e+00,2.0302334686e+00,2.0302334686e+00,2.0302334686e+00,2.0302334686e+00,2.0302334686e+00,2.0302334686e+00,2.0302334686e+00,2.0302334686e+00,2.0302334686e+00,2.0302334686e+00,2.0302334686e+00,2.0302334686e+00,2.0302334686e+00,2.0302334686e+00,2.0302334686e+00,2.0302334686e+00,2.0302334686e+00,2.0302334686e+00,2.0302293810e+00,2.0302219154e+00,2.0302137942e+00,2.0302049597e+00,2.0301953494e+00,2.0301848951e+00,2.0301735227e+00,2.0301611516e+00,2.0301476942e+00,2.0301330549e+00,2.0301171301e+00,2.0300998068e+00,2.0300809622e+00,2.0300468965e+00,2.0299975254e+00,2.0299438197e+00,2.0298853989e+00,2.0298218492e+00,2.0297527206e+00,2.0296633416e+00,2.0295491962e+00,2.0294250333e+00,2.0292899745e+00,2.0291289164e+00,2.0289370464e+00,2.0287283461e+00,2.0284783814e+00,2.0281809638e+00,2.0278517513e+00,2.0274400094e+00,2.0269875839e+00,2.0264586961e+00,2.0259008974e+00,2.0253197639e+00,2.0247481847e+00,2.0241659340e+00,2.0235681550e+00,2.0228828422e+00,2.0219580600e+00,2.0195161550e+00,2.0132321264e+00,2.0044335088e+00,1.9948216519e+00,1.9834666709e+00,1.9696534138e+00,1.9549422777e+00,1.9386725274e+00,1.9017973486e+00,1.8511299033e+00,1.7931373762e+00,1.7358678607e+00,1.6682062325e+00,1.5597467668e+00,1.4446012612e+00,1.3526568301e+00,1.2198536727e+00,1.0940200522e+00,9.8383474623e-01,8.6272022183e-01,7.7345285771e-01,6.8703000126e-01,6.1447314351e-01,5.5822490536e-01,5.0023228174e-01,4.3518979281e-01,3.5640754117e-01,2.6208101082e-01,1.6301375327e-01,7.5489707564e-02,2.0344928850e-02,8.8971367685e-04,0.0000000000e+00,0.0000000000e+00,0.0000000000e+00,0.0000000000e+00,0.0000000000e+00,0.0000000000e+00,0.0000000000e+00,0.0000000000e+00,0.0000000000e+00,0.0000000000e+00,0.0000000000e+00,0.0000000000e+00,0.0000000000e+00,0.0000000000e+00,0.0000000000e+00,0.0000000000e+00,0.0000000000e+00,0.0000000000e+00,0.0000000000e+00,0.0000000000e+00,0.0000000000e+00,0.0000000000e+00,0.0000000000e+00,0.0000000000e+00,0.0000000000e+00,0.0000000000e+00,0.0000000000e+00,0.0000000000e+00,0.0000000000e+00,0.0000000000e+00,0.0000000000e+00,0.0000000000e+00,0.0000000000e+00,0.0000000000e+00,0.0000000000e+00,0.0000000000e+00,0.0000000000e+00,0.0000000000e+00,0.0000000000e+00,0.0000000000e+00,0.0000000000e+00,0.0000000000e+00,0.0000000000e+00,0.0000000000e+00,0.0000000000e+00,0.0000000000e+00,0.0000000000e+00,0.0000000000e+00,0.0000000000e+00,0.0000000000e+00,0.0000000000e+00,0.0000000000e+00,0.0000000000e+00,0.0000000000e+00,0.0000000000e+00,0.0000000000e+00,0.0000000000e+00,0.0000000000e+00,0.0000000000e+00,0.0000000000e+00,0.0000000000e+00,0.0000000000e+00,0.0000000000e+00,0.0000000000e+00,0.0000000000e+00,0.0000000000e+00,0.0000000000e+00
4.3914143879e+00,1.9146884646e+00,1.9146884646e+00,1.9146884646e+00,1.9146884646e+00,1.9146884646e+00,1.9146884646e+00,1.9146884646e+00,1.9146884646e+00,1.9146884646e+00,1.9146884646e+00,1.9146884646e+00,1.9146884646e+00,1.9146884646e+00,1.9146884646e+00,1.9146884646e+00,1.9146884646e+00,1.9146884646e+00,1.9146884646e+00,1.9146884646e+00,1.9146884646e+00,1.9146884646e+00,1.9146884646e+00,1.9146884646e+00,1.9146884646e+00,1.9146884646e+00,1.9146884646e+00,1.9146884646e+00,1.9146884646e+00,1.9146884646e+00,1.9146884646e+00,1.9146884646e+00,1.9146884646e+00,1.9146884646e+00,1.9146884646e+00,1.9146884646e+00,1.9146884646e+00,1.9146884646e+00,1.9146884646e+00,1.9146884646e+00,1.9146884646e+00,1.9146884646e+00,1.9146884646e+00,1.9146884646e+00,1.9146884646e+00,1.9146884646e+00,1.9146884646e+00,1.9146884646e+00,1.9146884646e+00,1.9146884646e+00,1.9146884646e+00,1.9146884646e+00,1.9146884646e+00,1.9146884646e+00,1.9146884646e+00,1.9146884646e+00,1.9146884646e+00,1.9146884646e+00,1.9146884646e+00,1.9146884646e+00,1.9146884646e+00,1.9146884646e+00,1.9146884646e+00,1.9146849643e+00,1.9146785713e+00,1.9146716168e+00,1.9146640516e+00,1.9146558221e+00,1.9146468698e+00,1.9146371313e+00,1.9146265376e+00,1.9146150136e+00,1.9146024775e+00,1.9145888406e+00,1.9145740062e+00,1.9145578690e+00,1.9145286821e+00,1.9144863736e+00,1.9144403504e+00,1.9143902864e+00,1.9143358271e+00,1.9142765867e+00,1.9141999535e+00,1.9141020463e+00,1.9139955461e+00,1.9138796993e+00,1.9137414699e+00,1.9135767074e+00,1.9133974908e+00,1.9131825692e+00,1.9129265733e+00,1.9126431422e+00,1.9122880571e+00,1.9118978202e+00,1.9114411542e+00,1.9109590209e+00,1.9104559609e+00,1.9099594867e+00,1.9094522928e+00,1.9089297694e+00,1.9083294249e+00,1.9075197521e+00,1.9053990708e+00,1.8999620652e+00,1.8923493692e+00,1.8840262047e+00,1.8741646156e+00,1.8621231445e+00,1.8492837102e+00,1.8350630196e+00,1.8028078976e+00,1.7584655238e+00,1.7075183125e+00,1.6568810480e+00,1.5968783094e+00,1.5004354072e+00,1.3975333038e+00,1.3145969214e+00,1.1943733755e+00,1.0797756281e+00,9.7845209710e-01,8.6665988544e-01,7.8331723954e-01,7.0222526829e-01,6.3356914028e-01,5.7987256580e-01,5.2403157916e-01,4.6049123488e-01,3.8229274833e-01,2.8640814763e-01,1.8265139042e-01,8.7698965607e-02,2.4949648886e-02,1.2458914570e-03,0.0000000000e+00,0.0000000000e+00,0.0000000000e+00,0.0000000000e+00,0.0000000000e+00,0.0000000000e+00,0.0000000000e+00,0.0000000000e+00,0.0000000000e+00,0.0000000000e+00,0.0000000000e+00,0.0000000000e+00,0.0000000000e+00,0.0000000000e+00,0.0000000000e+00,0.0000000000e+00,0.0000000000e+00,0.0000000000e+00,0.0000000000e+00,0.0000000000e+00,0.0000000000e+00,0.0000000000e+00,0.0000000000e+00,0.0000000000e+00,0.0000000000e+00,0.0000000000e+00,0.0000000000e+00,0.0000000000e+00,0.0000000000e+00,0.0000000000e+00,0.0000000000e+00,0.0000000000e+00,0.0000000000e+00,0.0000000000e+00,0.0000000000e+00,0.0000000000e+00,0.0000000000e+00,0.0000000000e+00,0.0000000000e+00,0.0000000000e+00,0.0000000000e+00,0.0000000000e+00,0.0000000000e+00,0.0000000000e+00,0.0000000000e+00,0.0000000000e+00,0.0000000000e+00,0.0000000000e+00,0.0000000000e+00,0.0000000000e+00,0.0000000000e+00,0.0000000000e+00,0.0000000000e+00,0.0000000000e+00,0.0000000000e+00,0.0000000000e+00,0.0000000000e+00,0.0000000000e+00,0.0000000000e+00,0.0000000000e+00,0.0000000000e+00,0.0000000000e+00,0.0000000000e+00,0.0000000000e+00,0.0000000000e+00,0.0000000000e+00,0.0000000000e+00
4.6154881100e+00,1.8075223500e+00,1.8075223500e+00,1.8075223500e+00,1.8075223500e+00,1.8075223500e+00,1.8075223500e+00,1.8075223500e+00,1.8075223500e+00,1.8075223500e+00,1.8075223500e+00,1.8075223500e+00,1.8075223500e+00,1.8075223500e+00,1.8075223500e+00,1.8075223500e+00,1.8075223500e+00,1.8075223500e+00,1.8075223500e+00,1.8075223500e+00,1.8075223500e+00,1.8075223500e+00,1.8075223500e+00,1.8075223500e+00,1.8075223500e+00,1.8075223500e+00,1.8075223500e+00,1.8075223500e+00,1.8075223500e+00,1.8075223500e+00,1.8075223500e+00,1.8075223500e+00,1.8075223500e+00,1.8075223500e+00,1.8075223500e+00,1.8075223500e+00,1.8075223500e+00,1.8075223500e+00,1.8075223500e+00,1.8075223500e+00,1.8075223500e+00,1.8075223500e+00,1.8075223500e+00,1.8075223500e+00,1.8075223500e+00,1.8075223500e+00,1.8075223500e+00,1.8075223500e+00,1.8075223500e+00,1.8075223500e+00,1.8075223500e+00,1.8075223500e+00,1.8075223500e+00,1.8075223500e+00,1.8075223500e+00,1.8075223500e+00,1.8075223500e+00,1.8075223500e+00,1.8075223500e+00,1.8075223500e+00,1.8075223500e+00,1.8075223500e+00,1.8075223500e+00,1.8075193496e+00,1.8075138697e+00,1.8075079085e+00,1.8075014238e+00,1.8074943697e+00,1.8074866960e+00,1.8074783484e+00,1.8074692678e+00,1.8074593896e+00,1.8074486441e+00,1.8074369548e+00,1.8074242391e+00,1.8074104066e+00,1.8073853754e+00,1.8073490835e+00,1.8073096052e+00,1.8072666606e+00,1.8072199456e+00,1.8071691293e+00,1.8071033596e+00,1.8070192977e+00,1.8069278576e+00,1.8068283920e+00,1.8067096382e+00,1.8065680137e+00,1.8064139637e+00,1.8062289901e+00,1.8060084305e+00,1.8057641749e+00,1.8054576525e+00,1.8051207294e+00,1.8047260435e+00,1.8043089167e+00,1.8038730386e+00,1.8034414322e+00,1.8029992769e+00,1.8025422341e+00,1.8020160295e+00,1.8013067534e+00,1.7994641358e+00,1.7947580684e+00,1.7881689185e+00,1.7809588503e+00,1.7723919197e+00,1.7618939963e+00,1.7506874240e+00,1.7382573030e+00,1.7100513960e+00,1.6712585315e+00,1.6265227049e+00,1.5817850216e+00,1.5286260849e+00,1.4429742829e+00,1.3511480400e+00,1.2764878155e+00,1.1679017243e+00,1.0638104852e+00,9.7094234156e-01,8.6811685498e-01,7.9063729686e-01,7.1489418383e-01,6.5026144862e-01,5.9928964384e-01,5.4585017951e-01,4.8418722373e-01,4.0714307511e-01,3.1043506717e-01,2.0271653786e-01,1.0076228692e-01,3.0183100345e-02,1.7110771029e-03,0.0000000000e+00,0.0000000000e+00,0.0000000000e+00,0.0000000000e+00,0.0000000000e+00,0.0000000000e+00,0.0000000000e+00,0.0000000000e+00,0.0000000000e+00,0.0000000000e+00,0.0000000000e+00,0.0000000000e+00,0.0000000000e+00,0.0000000000e+00,0.0000000000e+00,0.0000000000e+00,0.0000000000e+00,0.0000000000e+00,0.0000000000e+00,0.0000000000e+00,0.0000000000e+00,0.0000000000e+00,0.0000000000e+00,0.0000000000e+00,0.0000000000e+00,0.0000000000e+00,0.0000000000e+00,0.0000000000e+00,0.0000000000e+00,0.0000000000e+00,0.0000000000e+00,0.0000000000e+00,0.0000000000e+00,0.0000000000e+00,0.0000000000e+00,0.0000000000e+00,0.0000000000e+00,0.0000000000e+00,0.0000000000e+00,0.0000000000e+00,0.0000000000e+00,0.0000000000e+00,0.0000000000e+00,0.0000000000e+00,0.0000000000e+00,0.0000000000e+00,0.0000000000e+00,0.0000000000e+00,0.0000000000e+00,0.0000000000e+00,0.0000000000e+00,0.0000000000e+00,0.0000000000e+00,0.0000000000e+00,0.0000000000e+00,0.0000000000e+00,0.0000000000e+00,0.0000000000e+00,0.0000000000e+00,0.0000000000e+00,0.0000000000e+00,0.0000000000e+00,0.0000000000e+00,0.0000000000e+00,0.0000000000e+00,0.0000000000e+00,0.0000000000e+00
4.8509952857e+00,1.7084417538e+00,1.7084417538e+00,1.7084417538e+00,1.7084417538e+00,1.7084417538e+00,1.7084417538e+00,1.7084417538e+00,1.7084417538e+00,1.7084417538e+00,1.7084417538e+00,1.7084417538e+00,1.7084417538e+00,1.7084417538e+00,1.7084417538e+00,1.7084417538e+00,1.7084417538e+00,1.7084417538e+00,1.7084417538e+00,1.7084417538e+00,1.7084417538e+00,1.7084417538e+00,1.7084417538e+00,1.7084417538e+00,1.7084417538e+00,1.7084417538e+00,1.7084417538e+00,1.7084417538e+00,1.7084417538e+00,1.7084417538e+00,1.7084417538e+00,1.7084417538e+00,1.7084417538e+00,1.7084417538e+00,1.7084417538e+00,1.7084417538e+00,1.7084417538e+00,1.7084417538e+00,1.7084417538e+00,1.7084417538e+00,1.7084417538e+00,1.7084417538e+00,1.7084417538e+00,1.7084417538e+00,1.7084417538e+00,1.7084417538e+00,1.7084417538e+00,1.7084417538e+00,1.7084417538e+00,1.7084417538e+00,1.7084417538e+00,1.7084417538e+00,1.7084417538e+00,1.7084417538e+00,1.7084417538e+00,1.7084417538e+00,1.7084417538e+00,1.7084417538e+00,1.7084417538e+00,1.7084417538e+00,1.7084417538e+00,1.7084417538e+00,1.7084417538e+00,1.7084417538e+00,1.7084417538e+00,1.7084360289e+00,1.7084293182e+00,1.7084220181e+00,1.7084140770e+00,1.7084054385e+00,1.7083960414e+00,1.7083858190e+00,1.7083746989e+00,1.7083626023e+00,1.7083494434e+00,1.7083351289e+00,1.7083195574e+00,1.7083026185e+00,1.7082664330e+00,1.7082244103e+00,1.7081786981e+00,1.7081289726e+00,1.7080748817e+00,1.7080160421e+00,1.7079344080e+00,1.7078411881e+00,1.7077397869e+00,1.7076294871e+00,1.7074860871e+00,1.7073243441e+00,1.7071484135e+00,1.7069209195e+00,1.7066654138e+00,1.7063716743e+00,1.7060311587e+00,1.7056729514e+00,1.7052985096e+00,1.7049167936e+00,1.7045283815e+00,1.7041574189e+00,1.7036863891e+00,1.7030719647e+00,1.7014148271e+00,1.6973590799e+00,1.6916773691e+00,1.6854025109e+00,1.6779385857e+00,1.6688248771e+00,1.6590446972e+00,1.6478013484e+00,1.6236151735e+00,1.5896538104e+00,1.5504594832e+00,1.5108511011e+00,1.4637382278e+00,1.3877879368e+00,1.3059367112e+00,1.2380240794e+00,1.1408951991e+00,1.0465997642e+00,9.6179568463e-01,8.6749923164e-01,7.9566657712e-01,7.2523539009e-01,6.6473590031e-01,6.1652689221e-01,5.6563477766e-01,5.0617738511e-01,4.3078829563e-01,3.3389769189e-01,2.2300394119e-01,1.1451334686e-01,3.6037869881e-02,2.3027958876e-03,4.0164976503e-06,1.0612803673e-08,0.0000000000e+00,0.0000000000e+00,0.0000000000e+00,0.0000000000e+00,0.0000000000e+00,0.0000000000e+00,0.0000000000e+00,0.0000000000e+00,0.0000000000e+00,0.0000000000e+00,0.0000000000e+00,0.0000000000e+00,0.0000000000e+00,0.0000000000e+00,0.0000000000e+00,0.0000000000e+00,0.0000000000e+00,0.0000000000e+00,0.0000000000e+00,0.0000000000e+00,0.0000000000e+00,0.0000000000e+00,0.0000000000e+00,0.0000000000e+00,0.0000000000e+00,0.0000000000e+00,0.0000000000e+00,0.0000000000e+00,0.0000000000e+00,0.0000000000e+00,0.0000000000e+00,0.0000000000e+00,0.0000000000e+00,0.0000000000e+00,0.0000000000e+00,0.0000000000e+00,0.0000000000e+00,0.0000000000e+00,0.0000000000e+00,0.0000000000e+00,0.0000000000e+00,0.0000000000e+00,0.0000000000e+00,0.0000000000e+00,0.0000000000e+00,0.0000000000e+00,0.0000000000e+00,0.0000000000e+00,0.0000000000e+00,0.0000000000e+00,0.0000000000e+00,0.0000000000e+00,0.0000000000e+00,0.0000000000e+00,0.0000000000e+00,0.0000000000e+00,0.0000000000e+00,0.0000000000e+00,0.0000000000e+00,0.0000000000e+00,0.0000000000e+00,0.0000000000e+00,0.0000000000e+00,0.0000000000e+00,0.0000000000e+00
5.0985193118e+00,1.6170452352e+00,1.6170452352e+00,1.6170452352e+00,1.6170452352e+00,1.6170452352e+00,1.6170452352e+00,1.6170452352e+00,1.6170452352e+00,1.6170452352e+00,1.6170452352e+00,1.6170452352e+00,1.6170452352e+00,1.6170452352e+00,1.6170452352e+00,1.6170452352e+00,1.6170452352e+00,1.6170452352e+00,1.6170452352e+00,1.6170452352e+00,1.6170452352e+00,1.6170452352e+00,1.6170452352e+00,1.6170452352e+00,1.6170452352e+00,1.6170452352e+00,1.6170452352e+00,1.6170452352e+00,1.6170452352e+00,1.6170452352e+00,1.6170452352e+00,1.6170452352e+00,1.6170452352e+00,1.6170452352e+00,1.6170452352e+00,1.6170452352e+00,1.6170452352e+00,1.6170452352e+00,1.6170452352e+00,1.6170452352e+00,1.6170452352e+00,1.6170452352e+00,1.6170452352e+00,1.6170452352e+00,1.6170452352e+00,1.6170452352e+00,1.6170452352e+00,1.6170452352e+00,1.6170452352e+00,1.6170452352e+00,1.6170452352e+00,1.6170452352e+00,1.6170452352e+00,1.6170452352e+00,1.6170452352e+00,1.6170452352e+00,1.6170452352e+00,1.6170452352e+00,1.6170452352e+00,1.6170452352e+00,1.6170452352e+00,1.6170452352e+00,1.6170452352e+00,1.6170452352e+00,1.6170452352e+00,1.6170403148e+00,1.6170345472e+00,1.6170282730e+00,1.6170214479e+00,1.6170140234e+00,1.6170059468e+00,1.6169971610e+00,1.6169876037e+00,1.6169772070e+00,1.6169658973e+00,1.6169535944e+00,1.6169402112e+00,1.6169256527e+00,1.6168945281e+00,1.6168583807e+00,1.6168190596e+00,1.6167762862e+00,1.6167297575e+00,1.6166791440e+00,1.6166088493e+00,1.6165285634e+00,1.6164412310e+00,1.6163462339e+00,1.6162225429e+00,1.6160829908e+00,1.6159311962e+00,1.6157344657e+00,1.6155134253e+00,1.6152591387e+00,1.6149641449e+00,1.6146534391e+00,1.6143281553e+00,1.6139956528e+00,1.6136564688e+00,1.6133309267e+00,1.6129175233e+00,1.6123782526e+00,1.6109364626e+00,1.6074205466e+00,1.6024954283e+00,1.5970513991e+00,1.5905590770e+00,1.5826077213e+00,1.5740645126e+00,1.5642303261e+00,1.5430768130e+00,1.5133641139e+00,1.4789546013e+00,1.4439926781e+00,1.4023021934e+00,1.3349616872e+00,1.2620744631e+00,1.2011305193e+00,1.1137241469e+00,1.0284405201e+00,9.5113915646e-01,8.6491858632e-01,7.9862815602e-01,7.3335824099e-01,6.7690718649e-01,6.3159381825e-01,5.8341087649e-01,5.2637064861e-01,4.5304220942e-01,3.5664508526e-01,2.4330029179e-01,1.2894433424e-01,4.2532287127e-02,3.0479840926e-03,7.0343844380e-06,1.3117964903e-08,0.0000000000e+00,0.0000000000e+00,0.0000000000e+00,0.0000000000e+00,0.0000000000e+00,0.0000000000e+00,0.0000000000e+00,0.0000000000e+00,0.0000000000e+00,0.0000000000e+00,0.0000000000e+00,0.0000000000e+00,0.0000000000e+00,0.0000000000e+00,0.0000000000e+00,0.0000000000e+00,0.0000000000e+00,0.0000000000e+00,0.0000000000e+00,0.0000000000e+00,0.0000000000e+00,0.0000000000e+00,0.0000000000e+00,0.0000000000e+00,0.0000000000e+00,0.0000000000e+00,0.0000000000e+00,0.0000000000e+00,0.0000000000e+00,0.0000000000e+00,0.0000000000e+00,0.0000000000e+00,0.0000000000e+00,0.0000000000e+00,0.0000000000e+00,0.0000000000e+00,0.0000000000e+00,0.0000000000e+00,0.0000000000e+00,0.0000000000e+00,0.0000000000e+00,0.0000000000e+00,0.0000000000e+00,0.0000000000e+00,0.0000000000e+00,0.0000000000e+00,0.0000000000e+00,0.0000000000e+00,0.0000000000e+00,0.0000000000e+00,0.0000000000e+00,0.0000000000e+00,0.0000000000e+00,0.0000000000e+00,0.0000000000e+00,0.0000000000e+00,0.0000000000e+00,0.0000000000e+00,0.0000000000e+00,0.0000000000e+00,0.0000000000e+00,0.0000000000e+00,0.0000000000e+00,0.0000000000e+00,0.0000000000e+00
5.3586733529e+00,1.5329377319e+00,1.5329377319e+00,1.5329377319e+00,1.5329377319e+00,1.5329377319e+00,1.5329377319e+00,1.5329377319e+00,1.5329377319e+00,1.5329377319e+00,1.5329377319e+00,1.5329377319e+00,1.5329377319e+00,1.5329377319e+00,1.5329377319e+00,1.5329377319e+00,1.5329377319e+00,1.5329377319e+00,1.5329377319e+00,1.5329377319e+00,1.5329377319e+00,1.5329377319e+00,1.5329377319e+00,1.5329377319e+00,1.5329377319e+00,1.5329377319e+00,1.5329377319e+00,1.5329377319e+00,1.5329377319e+00,1.5329377319e+00,1.5329377319e+00,1.5329377319e+00,1.5329377319e+00,1.5329377319e+00,1.5329377319e+00,1.5329377319e+00,1.5329377319e+00,1.5329377319e+00,1.5329377319e+00,1.5329377319e+00,1.5329377319e+00,1.5329377319e+00,1.5329377319e+00,1.5329377319e+00,1.5329377319e+00,1.5329377319e+00,1.5329377319e+00,1.5329377319e+00,1.5329377319e+00,1.5329377319e+00,1.5329377319e+00,1.5329377319e+00,1.5329377319e+00,1.5329377319e+00,1.5329377319e+00,1.5329377319e+00,1.5329377319e+00,1.5329377319e+00,1.5329377319e+00,1.5329377319e+00,1.5329377319e+00,1.5329377319e+00,1.5329377319e+00,1.5329377319e+00,1.5329377319e+00,1.5329334964e+00,1.5329285316e+00,1.5329231308e+00,1.5329172557e+00,1.5329108646e+00,1.5329039123e+00,1.5328963494e+00,1.5328881224e+00,1.5328791728e+00,1.5328694374e+00,1.5328588470e+00,1.5328473265e+00,1.5328347944e+00,1.5328079813e+00,1.5327768396e+00,1.5327429635e+00,1.5327061132e+00,1.5326660275e+00,1.5326224224e+00,1.5325617982e+00,1.5324925445e+00,1.5324172123e+00,1.5323352682e+00,1.5322284135e+00,1.5321078232e+00,1.5319766528e+00,1.5318062718e+00,1.5316147638e+00,1.5313943064e+00,1.5311383748e+00,1.5308684824e+00,1.5305855041e+00,1.5302954803e+00,1.5299989093e+00,1.5297129169e+00,1.5293497051e+00,1.5288759141e+00,1.5276201383e+00,1.5245690207e+00,1.5202953736e+00,1.5155673827e+00,1.5099151824e+00,1.5029729916e+00,1.4955053035e+00,1.4868983745e+00,1.4683895607e+00,1.4423848637e+00,1.4121699958e+00,1.3813121570e+00,1.3444294012e+00,1.2847499930e+00,1.2198896174e+00,1.1652638957e+00,1.0867173977e+00,1.0097166588e+00,9.3941437171e-01,8.6077250764e-01,7.9978616206e-01,7.3950221301e-01,6.8702940267e-01,6.4461827460e-01,5.9921226419e-01,5.4475545239e-01,4.7382199977e-01,3.7848267348e-01,2.6342050058e-01,1.4388062526e-01,4.9637308480e-02,3.9685873510e-03,1.2021681733e-05,1.8673450139e-08,0.0000000000e+00,0.0000000000e+00,0.0000000000e+00,0.0000000000e+00,0.0000000000e+00,0.0000000000e+00,0.0000000000e+00,0.0000000000e+00,0.0000000000e+00,0.0000000000e+00,0.0000000000e+00,0.0000000000e+00,0.0000000000e+00,0.0000000000e+00,0.0000000000e+00,0.0000000000e+00,0.0000000000e+00,0.0000000000e+00,0.0000000000e+00,0.0000000000e+00,0.0000000000e+00,0.0000000000e+00,0.0000000000e+00,0.0000000000e+00,0.0000000000e+00,0.0000000000e+00,0.0000000000e+00,0.0000000000e+00,0.0000000000e+00,0.0000000000e+00,0.0000000000e+00,0.0000000000e+00,0.0000000000e+00,0.0000000000e+00,0.0000000000e+00,0.0000000000e+00,0.0000000000e+00,0.0000000000e+00,0.0000000000e+00,0.0000000000e+00,0.0000000000e+00,0.0000000000e+00,0.0000000000e+00,0.0000000000e+00,0.0000000000e+00,0.0000000000e+00,0.0000000000e+00,0.0000000000e+00,0.0000000000e+00,0.0000000000e+00,0.0000000000e+00,0.0000000000e+00,0.0000000000e+00,0.0000000000e+00,0.0000000000e+00,0.0000000000e+00,0.0000000000e+00,0.0000000000e+00,0.0000000000e+00,0.0000000000e+00,0.0000000000e+00,0.0000000000e+00,0.0000000000e+00,0.0000000000e+00,0.0000000000e+00
5.6321018608e+00,1.4556895104e+00,1.4556895104e+00,1.4556895104e+00,1.4556895104e+00,1.4556895104e+00,1.4556895104e+00,1.4556895104e+00,1.4556895104e+00,1.4556895104e+00,1.4556895104e+00,1.4556895104e+00,1.4556895104e+00,1.4556895104e+00,1.4556895104e+00,1.4556895104e+00,1.4556895104e+00,1.4556895104e+00,1.4556895104e+00,1.4556895104e+00,1.4556895104e+00,1.4556895104e+00,1.4556895104e+00,1.4556895104e+00,1.4556895104e+00,1.4556895104e+00,1.4556895104e+00,1.4556895104e+00,1.4556895104e+00,1.4556895104e+00,1.4556895104e+00,1.4556895104e+00,1.4556895104e+00,1.4556895104e+00,1.4556895104e+00,1.4556895104e+00,1.4556895104e+00,1.4556895104e+00,1.4556895104e+00,1.4556895104e+00,1.4556895104e+00,1.4556895104e+00,1.4556895104e+00,1.4556895104e+00,1.4556895104e+00,1.4556895104e+00,1.4556895104e+00,1.4556895104e+00,1.4556895104e+00,1.4556895104e+00,1.4556895104e+00,1.4556895104e+00,1.4556895104e+00,1.4556895104e+00,1.4556895104e+00,1.4556895104e+00,1.4556895104e+00,1.4556895104e+00,1.4556895104e+00,1.4556895104e+00,1.4556895104e+00,1.4556895104e+00,1.4556895104e+00,1.4556895104e+00,1.4556895104e+00,1.4556858583e+00,1.4556815774e+00,1.4556769204e+00,1.4556718546e+00,1.4556663438e+00,1.4556603490e+00,1.4556538278e+00,1.4556467339e+00,1.4556390171e+00,1.4556306225e+00,1.4556214907e+00,1.4556115571e+00,1.4556007510e+00,1.4555776132e+00,1.4555507386e+00,1.4555215043e+00,1.4554897033e+00,1.4554551100e+00,1.4554174796e+00,1.4553651074e+00,1.4553052694e+00,1.4552401790e+00,1.4551693753e+00,1.4550769116e+00,1.4549725336e+00,1.4548589971e+00,1.4547111987e+00,1.4545450117e+00,1.4543535788e+00,1.4541311865e+00,1.4538963820e+00,1.4536498321e+00,1.4533964927e+00,1.4531368246e+00,1.4528852784e+00,1.4525657922e+00,1.4521490617e+00,1.4510539687e+00,1.4484030174e+00,1.4446902720e+00,1.4405793330e+00,1.4356534085e+00,1.4295870223e+00,1.4230540550e+00,1.4155154232e+00,1.3993109536e+00,1.3765391956e+00,1.3499973912e+00,1.3227590896e+00,1.2901315463e+00,1.2372545549e+00,1.1795642281e+00,1.1306479451e+00,1.0601447409e+00,9.9072349756e-01,9.2691301758e-01,8.5533884614e-01,7.9938681304e-01,7.4387500169e-01,6.9526712487e-01,6.5572413717e-01,6.1311468828e-01,5.6134632899e-01,4.9306308043e-01,3.9927240359e-01,2.8319087419e-01,1.5919093095e-01,5.7324437688e-02,5.0879031534e-03,2.0046897027e-05,3.0584289704e-08,0.0000000000e+00,0.0000000000e+00,0.0000000000e+00,0.0000000000e+00,0.0000000000e+00,0.0000000000e+00,0.0000000000e+00,0.0000000000e+00,0.0000000000e+00,0.0000000000e+00,0.0000000000e+00,0.0000000000e+00,0.0000000000e+00,0.0000000000e+00,0.0000000000e+00,0.0000000000e+00,0.0000000000e+00,0.0000000000e+00,0.0000000000e+00,0.0000000000e+00,0.0000000000e+00,0.0000000000e+00,0.0000000000e+00,0.0000000000e+00,0.0000000000e+00,0.0000000000e+00,0.0000000000e+00,0.0000000000e+00,0.0000000000e+00,0.0000000000e+00,0.0000000000e+00,0.0000000000e+00,0.0000000000e+00,0.0000000000e+00,0.0000000000e+00,0.0000000000e+00,0.0000000000e+00,0.0000000000e+00,0.0000000000e+00,0.0000000000e+00,0.0000000000e+00,0.0000000000e+00,0.0000000000e+00,0.0000000000e+00,0.0000000000e+00,0.0000000000e+00,0.0000000000e+00,0.0000000000e+00,0.0000000000e+00,0.0000000000e+00,0.0000000000e+00,0.0000000000e+00,0.0000000000e+00,0.0000000000e+00,0.0000000000e+00,0.0000000000e+00,0.0000000000e+00,0.0000000000e+00,0.0000000000e+00,0.0000000000e+00,0.0000000000e+00,0.0000000000e+00,0.0000000000e+00,0.0000000000e+00,0.0000000000e+00
5.9194821706e+00,1.3848589703e+00,1.3848589703e+00,1.3848589703e+00,1.3848589703e+00,1.3848589703e+00,1.3848589703e+00,1.3848589703e+00,1.3848589703e+00,1.3848589703e+00,1.3848589703e+00,1.3848589703e+00,1.3848589703e+00,1.3848589703e+00,1.3848589703e+00,1.3848589703e+00,1.3848589703e+00,1.3848589703e+00,1.3848589703e+00,1.3848589703e+00,1.3848589703e+00,1.3848589703e+00,1.3848589703e+00,1.3848589703e+00,1.3848589703e+00,1.3848589703e+00,1.3848589703e+00,1.3848589703e+00,1.3848589703e+00,1.3848589703e+00,1.3848589703e+00,1.3848589703e+00,1.3848589703e+00,1.3848589703e+00,1.3848589703e+00,1.3848589703e+00,1.3848589703e+00,1.3848589703e+00,1.3848589703e+00,1.3848589703e+00,1.3848589703e+00,1.3848589703e+00,1.3848589703e+00,1.3848589703e+00,1.3848589703e+00,1.3848589703e+00,1.3848589703e+00,1.3848589703e+00,1.3848589703e+00,1.3848589703e+00,1.3848589703e+00,1.3848589703e+00,1.3848589703e+00,1.3848589703e+00,1.3848589703e+00,1.3848589703e+00,1.3848589703e+00,1.3848589703e+00,1.3848589703e+00,1.3848589703e+00,1.3848589703e+00,1.3848589703e+00,1.3848589703e+00,1.3848589703e+00,1.3848589703e+00,1.3848558155e+00,1.3848521175e+00,1.3848480948e+00,1.3848437188e+00,1.3848389584e+00,1.3848337800e+00,1.3848281469e+00,1.3848220190e+00,1.3848153530e+00,1.3848081016e+00,1.3848002133e+00,1.3847916324e+00,1.3847822979e+00,1.3847622956e+00,1.3847390618e+00,1.3847137879e+00,1.3846862949e+00,1.3846563880e+00,1.3846238552e+00,1.3845785306e+00,1.3845267356e+00,1.3844703939e+00,1.3844091067e+00,1.3843289544e+00,1.3842384500e+00,1.3841400038e+00,1.3840115764e+00,1.3838671183e+00,1.3837006095e+00,1.3835070391e+00,1.3833024257e+00,1.3830872696e+00,1.3828656352e+00,1.3826379476e+00,1.3824164185e+00,1.3821350433e+00,1.3817680586e+00,1.3808118134e+00,1.3785054652e+00,1.3752757463e+00,1.3716966715e+00,1.3673986578e+00,1.3620922560e+00,1.3563715204e+00,1.3497626250e+00,1.3355648677e+00,1.3156100520e+00,1.2922820231e+00,1.2682322300e+00,1.2393656297e+00,1.1925182123e+00,1.1412195597e+00,1.0974479431e+00,1.0342229939e+00,9.7171113095e-01,9.1389182630e-01,8.4887279176e-01,7.9766470135e-01,7.4668376214e-01,7.0179414371e-01,6.6505191547e-01,6.2521769493e-01,5.7618849584e-01,5.1073599938e-01,4.1890900981e-01,3.0245777291e-01,1.7474269394e-01,6.5555446726e-02,6.4286002503e-03,3.2631762735e-05,5.5614943506e-08,0.0000000000e+00,0.0000000000e+00,0.0000000000e+00,0.0000000000e+00,0.0000000000e+00,0.0000000000e+00,0.0000000000e+00,0.0000000000e+00,0.0000000000e+00,0.0000000000e+00,0.0000000000e+00,0.0000000000e+00,0.0000000000e+00,0.0000000000e+00,0.0000000000e+00,0.0000000000e+00,0.0000000000e+00,0.0000000000e+00,0.0000000000e+00,0.0000000000e+00,0.0000000000e+00,0.0000000000e+00,0.0000000000e+00,0.0000000000e+00,0.0000000000e+00,0.0000000000e+00,0.0000000000e+00,0.0000000000e+00,0.0000000000e+00,0.0000000000e+00,0.0000000000e+00,0.0000000000e+00,0.0000000000e+00,0.0000000000e+00,0.0000000000e+00,0.0000000000e+00,0.0000000000e+00,0.0000000000e+00,0.0000000000e+00,0.0000000000e+00,0.0000000000e+00,0.0000000000e+00,0.0000000000e+00,0.0000000000e+00,0.0000000000e+00,0.0000000000e+00,0.0000000000e+00,0.0000000000e+00,0.0000000000e+00,0.0000000000e+00,0.0000000000e+00,0.0000000000e+00,0.0000000000e+00,0.0000000000e+00,0.0000000000e+00,0.0000000000e+00,0.0000000000e+00,0.0000000000e+00,0.0000000000e+00,0.0000000000e+00,0.0000000000e+00,0.0000000000e+00,0.0000000000e+00,0.0000000000e+00,0.0000000000e+00
6.2215261786e+00,1.3200027082e+00,1.3200027082e+00,1.3200027082e+00,1.3200027082e+00,1.3200027082e+00,1.3200027082e+00,1.3200027082e+00,1.3200027082e+00,1.3200027082e+00,1.3200027082e+00,1.3200027082e+00,1.3200027082e+00,1.3200027082e+00,1.3200027082e+00,1.3200027082e+00,1.3200027082e+00,1.3200027082e+00,1.3200027082e+00,1.3200027082e+00,1.3200027082e+00,1.3200027082e+00,1.3200027082e+00,1.3200027082e+00,1.3200027082e+00,1.3200027082e+00,1.3200027082e+00,1.3200027082e+00,1.3200027082e+00,1.3200027082e+00,1.3200027082e+00,1.3200027082e+00,1.3200027082e+00,1.3200027082e+00,1.3200027082e+00,1.3200027082e+00,1.3200027082e+00,1.3200027082e+00,1.3200027082e+00,1.3200027082e+00,1.3200027082e+00,1.3200027082e+00,1.3200027082e+00,1.3200027082e+00,1.3200027082e+00,1.3200027082e+00,1.3200027082e+00,1.3200027082e+00,1.3200027082e+00,1.3200027082e+00,1.3200027082e+00,1.3200027082e+00,1.3200027082e+00,1.3200027082e+00,1.3200027082e+00,1.3200027082e+00,1.3200027082e+00,1.3200027082e+00,1.3200027082e+00,1.3200027082e+00,1.3200027082e+00,1.3200027082e+00,1.3200027082e+00,1.3200027082e+00,1.3200027082e+00,1.3199999779e+00,1.3199967775e+00,1.3199932960e+00,1.3199895087e+00,1.3199853889e+00,1.3199809072e+00,1.3199760320e+00,1.3199707285e+00,1.3199649594e+00,1.3199586836e+00,1.3199518567e+00,1.3199444302e+00,1.3199363516e+00,1.3199190274e+00,1.3198989034e+00,1.3198770123e+00,1.3198531991e+00,1.3198272950e+00,1.3197991164e+00,1.3197598177e+00,1.3197149007e+00,1.3196660407e+00,1.3196128915e+00,1.3195432836e+00,1.3194646647e+00,1.3193791465e+00,1.3192673535e+00,1.3191415625e+00,1.3189964799e+00,1.3188277049e+00,1.3186490971e+00,1.3184610248e+00,1.3182668195e+00,1.3180668729e+00,1.3178715213e+00,1.3176233878e+00,1.3172998012e+00,1.3164636089e+00,1.3144541695e+00,1.3116406201e+00,1.3085202084e+00,1.3047652592e+00,1.3001184487e+00,1.2951035961e+00,1.2893039048e+00,1.2768532781e+00,1.2593521631e+00,1.2388347070e+00,1.2175913988e+00,1.1920453915e+00,1.1505353062e+00,1.1049250450e+00,1.0657780782e+00,1.0091208854e+00,9.5288680997e-01,9.0057260187e-01,8.4160436422e-01,7.9483859267e-01,7.4812943691e-01,7.0678682277e-01,6.7275166154e-01,6.3563743520e-01,5.8935127309e-01,5.2684174015e-01,4.3731824152e-01,3.2108945946e-01,1.9040563483e-01,7.4283713514e-02,8.0120713719e-03,5.1883167205e-05,1.0708501799e-07,0.0000000000e+00,0.0000000000e+00,0.0000000000e+00,0.0000000000e+00,0.0000000000e+00,0.0000000000e+00,0.0000000000e+00,0.0000000000e+00,0.0000000000e+00,0.0000000000e+00,0.0000000000e+00,0.0000000000e+00,0.0000000000e+00,0.0000000000e+00,0.0000000000e+00,0.0000000000e+00,0.0000000000e+00,0.0000000000e+00,0.0000000000e+00,0.0000000000e+00,0.0000000000e+00,0.0000000000e+00,0.0000000000e+00,0.0000000000e+00,0.0000000000e+00,0.0000000000e+00,0.0000000000e+00,0.0000000000e+00,0.0000000000e+00,0.0000000000e+00,0.0000000000e+00,0.0000000000e+00,0.0000000000e+00,0.0000000000e+00,0.0000000000e+00,0.0000000000e+00,0.0000000000e+00,0.0000000000e+00,0.0000000000e+00,0.0000000000e+00,0.0000000000e+00,0.0000000000e+00,0.0000000000e+00,0.0000000000e+00,0.0000000000e+00,0.0000000000e+00,0.0000000000e+00,0.0000000000e+00,0.0000000000e+00,0.0000000000e+00,0.0000000000e+00,0.0000000000e+00,0.0000000000e+00,0.0000000000e+00,0.0000000000e+00,0.0000000000e+00,0.0000000000e+00,0.0000000000e+00,0.0000000000e+00,0.0000000000e+00,0.0000000000e+00,0.0000000000e+00,0.0000000000e+00,0.0000000000e+00,0.0000000000e+00
6.5389821062e+00,1.2606836716e+00,1.2606836716e+00,1.2606836716e+00,1.2606836716e+00,1.2606836716e+00,1.2606836716e+00,1.2606836716e+00,1.2606836716e+00,1.2606836716e+00,1.2606836716e+00,1.2606836716e+00,1.2606836716e+00,1.2606836716e+00,1.2606836716e+00,1.2606836716e+00,1.2606836716e+00,1.2606836716e+00,1.2606836716e+00,1.2606836716e+00,1.2606836716e+00,1.2606836716e+00,1.2606836716e+00,1.2606836716e+00,1.2606836716e+00,1.2606836716e+00,1.2606836716e+00,1.2606836716e+00,1.2606836716e+00,1.2606836716e+00,1.2606836716e+00,1.2606836716e+00,1.2606836716e+00,1.2606836716e+00,1.2606836716e+00,1.2606836716e+00,1.2606836716e+00,1.2606836716e+00,1.2606836716e+00,1.2606836716e+00,1.2606836716e+00,1.2606836716e+00,1.2606836716e+00,1.2606836716e+00,1.2606836716e+00,1.2606836716e+00,1.2606836716e+00,1.2606836716e+00,1.2606836716e+00,1.2606836716e+00,1.2606836716e+00,1.2606836716e+00,1.2606836716e+00,1.2606836716e+00,1.2606836716e+00,1.2606836716e+00,1.2606836716e+00,1.2606836716e+00,1.2606836716e+00,1.2606836716e+00,1.2606836716e+00,1.2606836716e+00,1.2606836716e+00,1.2606836716e+00,1.2606836716e+00,1.2606813040e+00,1.2606785288e+00,1.2606755098e+00,1.2606722257e+00,1.2606686532e+00,1.2606647669e+00,1.2606605394e+00,1.2606559406e+00,1.2606509379e+00,1.2606454958e+00,1.2606395759e+00,1.2606331361e+00,1.2606261307e+00,1.2606110970e+00,1.2605936327e+00,1.2605746349e+00,1.2605539689e+00,1.2605314883e+00,1.2605070339e+00,1.2604728942e+00,1.2604338669e+00,1.2603914135e+00,1.2603452333e+00,1.2602846681e+00,1.2602162452e+00,1.2601418172e+00,1.2600443276e+00,1.2599345942e+00,1.2598079549e+00,1.2596605388e+00,1.2595043602e+00,1.2593396830e+00,1.2591692363e+00,1.2589933809e+00,1.2588208806e+00,1.2586017692e+00,1.2583160765e+00,1.2575837742e+00,1.2558303477e+00,1.2533756327e+00,1.2506510518e+00,1.2473660717e+00,1.2432919609e+00,1.2388907974e+00,1.2337956275e+00,1.2228662175e+00,1.2075023527e+00,1.1894423872e+00,1.1706680055e+00,1.1480516337e+00,1.1112613541e+00,1.0707069934e+00,1.0357089282e+00,9.8496453197e-01,9.3441832221e-01,8.8714351253e-01,8.3373740117e-01,7.9110875116e-01,7.4840256693e-01,7.1041880077e-01,6.7897703215e-01,6.4450034037e-01,6.0092189194e-01,5.4140675785e-01,4.5445420965e-01,3.3897680921e-01,2.0605479072e-01,8.3455722785e-02,9.8578249594e-03,8.0640254110e-05,2.1024650038e-07,0.0000000000e+00,0.0000000000e+00,0.0000000000e+00,0.0000000000e+00,0.0000000000e+00,0.0000000000e+00,0.0000000000e+00,0.0000000000e+00,0.0000000000e+00,0.0000000000e+00,0.0000000000e+00,0.0000000000e+00,0.0000000000e+00,0.0000000000e+00,0.0000000000e+00,0.0000000000e+00,0.0000000000e+00,0.0000000000e+00,0.0000000000e+00,0.0000000000e+00,0.0000000000e+00,0.0000000000e+00,0.0000000000e+00,0.0000000000e+00,0.0000000000e+00,0.0000000000e+00,0.0000000000e+00,0.0000000000e+00,0.0000000000e+00,0.0000000000e+00,0.0000000000e+00,0.0000000000e+00,0.0000000000e+00,0.0000000000e+00,0.0000000000e+00,0.0000000000e+00,0.0000000000e+00,0.0000000000e+00,0.0000000000e+00,0.0000000000e+00,0.0000000000e+00,0.0000000000e+00,0.0000000000e+00,0.0000000000e+00,0.0000000000e+00,0.0000000000e+00,0.0000000000e+00,0.0000000000e+00,0.0000000000e+00,0.0000000000e+00,0.0000000000e+00,0.0000000000e+00,0.0000000000e+00,0.0000000000e+00,0.0000000000e+00,0.0000000000e+00,0.0000000000e+00,0.0000000000e+00,0.0000000000e+00,0.0000000000e+00,0.0000000000e+00,0.0000000000e+00,0.0000000000e+00,0.0000000000e+00,0.0000000000e+00
6.8726363528e+00,1.2064774999e+00,1.2064774999e+00,1.2064774999e+00,1.2064774999e+00,1.2064774999e+00,1.2064774999e+00,1.2064774999e+00,1.2064774999e+00,1.2064774999e+00,1.2064774999e+00,1.2064774999e+00,1.2064774999e+00,1.2064774999e+00,1.2064774999e+00,1.2064774999e+00,1.2064774999e+00,1.2064774999e+00,1.2064774999e+00,1.2064774999e+00,1.2064774999e+00,1.2064774999e+00,1.2064774999e+00,1.2064774999e+00,1.2064774999e+00,1.2064774999e+00,1.2064774999e+00,1.2064774999e+00,1.2064774999e+00,1.2064774999e+00,1.2064774999e+00,1.2064774999e+00,1.2064774999e+00,1.2064774999e+00,1.2064774999e+00,1.2064774999e+00,1.2064774999e+00,1.2064774999e+00,1.2064774999e+00,1.2064774999e+00,1.2064774999e+00,1.2064774999e+00,1.2064774999e+00,1.2064774999e+00,1.2064774999e+00,1.2064774999e+00,1.2064774999e+00,1.2064774999e+00,1.2064774999e+00,1.2064774999e+00,1.2064774999e+00,1.2064774999e+00,1.2064774999e+00,1.2064774999e+00,1.2064774999e+00,1.2064774999e+00,1.2064774999e+00,1.2064774999e+00,1.2064774999e+00,1.2064774999e+00,1.2064774999e+00,1.2064774999e+00,1.2064774999e+00,1.2064774999e+00,1.2064774999e+00,1.2064754428e+00,1.2064730315e+00,1.2064704084e+00,1.2064675550e+00,1.2064644509e+00,1.2064610743e+00,1.2064574011e+00,1.2064534053e+00,1.2064490586e+00,1.2064443302e+00,1.2064391865e+00,1.2064335911e+00,1.2064275043e+00,1.2064144325e+00,1.2063992465e+00,1.2063827270e+00,1.2063647569e+00,1.2063452090e+00,1.2063239446e+00,1.2062942286e+00,1.2062602524e+00,1.2062232934e+00,1.2061830898e+00,1.2061302916e+00,1.2060706285e+00,1.2060057288e+00,1.2059205565e+00,1.2058246564e+00,1.2057139164e+00,1.2055849261e+00,1.2054481204e+00,1.2053036809e+00,1.2051538422e+00,1.2049989361e+00,1.2048464066e+00,1.2046526616e+00,1.2044000919e+00,1.2037577874e+00,1.2022253305e+00,1.2000803145e+00,1.1976976680e+00,1.1948197373e+00,1.1912432001e+00,1.1873758915e+00,1.1828944322e+00,1.1732899491e+00,1.1597881401e+00,1.1438770882e+00,1.1272741096e+00,1.1072412614e+00,1.0746217825e+00,1.0385567234e+00,1.0072746740e+00,9.6184310562e-01,9.1643796000e-01,8.7376126723e-01,8.2544971441e-01,7.8665553892e-01,7.4768042296e-01,7.1285697037e-01,6.8388052131e-01,6.5193777841e-01,6.1099991029e-01,5.5447804731e-01,4.7029616596e-01,3.5603305627e-01,2.2157298476e-01,9.3012643002e-02,1.1982944156e-02,1.2263088463e-04,4.1130800246e-07,0.0000000000e+00,0.0000000000e+00,0.0000000000e+00,0.0000000000e+00,0.0000000000e+00,0.0000000000e+00,0.0000000000e+00,0.0000000000e+00,0.0000000000e+00,0.0000000000e+00,0.0000000000e+00,0.0000000000e+00,0.0000000000e+00,0.0000000000e+00,0.0000000000e+00,0.0000000000e+00,0.0000000000e+00,0.0000000000e+00,0.0000000000e+00,0.0000000000e+00,0.0000000000e+00,0.0000000000e+00,0.0000000000e+00,0.0000000000e+00,0.0000000000e+00,0.0000000000e+00,0.0000000000e+00,0.0000000000e+00,0.0000000000e+00,0.0000000000e+00,0.0000000000e+00,0.0000000000e+00,0.0000000000e+00,0.0000000000e+00,0.0000000000e+00,0.0000000000e+00,0.0000000000e+00,0.0000000000e+00,0.0000000000e+00,0.0000000000e+00,0.0000000000e+00,0.0000000000e+00,0.0000000000e+00,0.0000000000e+00,0.0000000000e+00,0.0000000000e+00,0.0000000000e+00,0.0000000000e+00,0.0000000000e+00,0.0000000000e+00,0.0000000000e+00,0.0000000000e+00,0.0000000000e+00,0.0000000000e+00,0.0000000000e+00,0.0000000000e+00,0.0000000000e+00,0.0000000000e+00,0.0000000000e+00,0.0000000000e+00,0.0000000000e+00,0.0000000000e+00,0.0000000000e+00,0.0000000000e+00,0.0000000000e+00
7.2233154443e+00,1.1569772284e+00,1.1569772284e+00,1.1569772284e+00,1.1569772284e+00,1.1569772284e+00,1.1569772284e+00,1.1569772284e+00,1.1569772284e+00,1.1569772284e+00,1.1569772284e+00,1.1569772284e+00,1.1569772284e+00,1.1569772284e+00,1.1569772284e+00,1.1569772284e+00,1.1569772284e+00,1.1569772284e+00,1.1569772284e+00,1.1569772284e+00,1.1569772284e+00,1.1569772284e+00,1.1569772284e+00,1.1569772284e+00,1.1569772284e+00,1.1569772284e+00,1.1569772284e+00,1.1569772284e+00,1.1569772284e+00,1.1569772284e+00,1.1569772284e+00,1.1569772284e+00,1.1569772284e+00,1.1569772284e+00,1.1569772284e+00,1.1569772284e+00,1.1569772284e+00,1.1569772284e+00,1.1569772284e+00,1.1569772284e+00,1.1569772284e+00,1.1569772284e+00,1.1569772284e+00,1.1569772284e+00,1.1569772284e+00,1.1569772284e+00,1.1569772284e+00,1.1569772284e+00,1.1569772284e+00,1.1569772284e+00,1.1569772284e+00,1.1569772284e+00,1.1569772284e+00,1.1569772284e+00,1.1569772284e+00,1.1569772284e+00,1.1569772284e+00,1.1569772284e+00,1.1569772284e+00,1.1569772284e+00,1.1569772284e+00,1.1569772284e+00,1.1569772284e+00,1.1569772284e+00,1.1569772284e+00,1.1569754375e+00,1.1569733381e+00,1.1569710545e+00,1.1569685702e+00,1.1569658678e+00,1.1569629280e+00,1.1569597301e+00,1.1569562513e+00,1.1569524671e+00,1.1569483504e+00,1.1569438723e+00,1.1569390009e+00,1.1569337017e+00,1.1569223130e+00,1.1569090818e+00,1.1568946888e+00,1.1568790319e+00,1.1568620002e+00,1.1568434730e+00,1.1568175566e+00,1.1567879197e+00,1.1567556808e+00,1.1567206115e+00,1.1566744956e+00,1.1566223711e+00,1.1565656714e+00,1.1564911235e+00,1.1564071601e+00,1.1563101484e+00,1.1561970793e+00,1.1560770336e+00,1.1559501282e+00,1.1558181920e+00,1.1556815296e+00,1.1555464762e+00,1.1553749305e+00,1.1551513486e+00,1.1545871035e+00,1.1532455958e+00,1.1513681828e+00,1.1492812535e+00,1.1467562355e+00,1.1436123618e+00,1.1402098262e+00,1.1362633624e+00,1.1278134602e+00,1.1159347065e+00,1.1019032974e+00,1.0872100094e+00,1.0694549867e+00,1.0405195846e+00,1.0084379128e+00,9.8047980297e-01,9.3981439035e-01,8.9904674507e-01,8.6055384859e-01,8.1689410589e-01,7.8163902984e-01,7.4612525878e-01,7.1425860489e-01,6.8760980143e-01,6.5808171060e-01,6.1969235811e-01,5.6611846271e-01,4.8484498864e-01,3.7219277106e-01,2.3685270948e-01,1.0289190427e-01,1.4401635097e-02,1.8262950052e-04,7.9197647209e-07,0.0000000000e+00,0.0000000000e+00,0.0000000000e+00,0.0000000000e+00,0.0000000000e+00,0.0000000000e+00,0.0000000000e+00,0.0000000000e+00,0.0000000000e+00,0.0000000000e+00,0.0000000000e+00,0.0000000000e+00,0.0000000000e+00,0.0000000000e+00,0.0000000000e+00,0.0000000000e+00,0.0000000000e+00,0.0000000000e+00,0.0000000000e+00,0.0000000000e+00,0.0000000000e+00,0.0000000000e+00,0.0000000000e+00,0.0000000000e+00,0.0000000000e+00,0.0000000000e+00,0.0000000000e+00,0.0000000000e+00,0.0000000000e+00,0.0000000000e+00,0.0000000000e+00,0.0000000000e+00,0.0000000000e+00,0.0000000000e+00,0.0000000000e+00,0.0000000000e+00,0.0000000000e+00,0.0000000000e+00,0.0000000000e+00,0.0000000000e+00,0.0000000000e+00,0.0000000000e+00,0.0000000000e+00,0.0000000000e+00,0.0000000000e+00,0.0000000000e+00,0.0000000000e+00,0.0000000000e+00,0.0000000000e+00,0.0000000000e+00,0.0000000000e+00,0.0000000000e+00,0.0000000000e+00,0.0000000000e+00,0.0000000000e+00,0.0000000000e+00,0.0000000000e+00,0.0000000000e+00,0.0000000000e+00,0.0000000000e+00,0.0000000000e+00,0.0000000000e+00,0.0000000000e+00,0.0000000000e+00,0.0000000000e+00
7.5918880804e+00,1.1117965624e+00,1.1117965624e+00,1.1117965624e+00,1.1117965624e+00,1.1117965624e+00,1.1117965624e+00,1.1117965624e+00,1.1117965624e+00,1.1117965624e+00,1.1117965624e+00,1.1117965624e+00,1.1117965624e+00,1.1117965624e+00,1.1117965624e+00,1.1117965624e+00,1.1117965624e+00,1.1117965624e+00,1.1117965624e+00,1.1117965624e+00,1.1117965624e+00,1.1117965624e+00,1.1117965624e+00,1.1117965624e+00,1.1117965624e+00,1.1117965624e+00,1.1117965624e+00,1.1117965624e+00,1.1117965624e+00,1.1117965624e+00,1.1117965624e+00,1.1117965624e+00,1.1117965624e+00,1.1117965624e+00,1.1117965624e+00,1.1117965624e+00,1.1117965624e+00,1.1117965624e+00,1.1117965624e+00,1.1117965624e+00,1.1117965624e+00,1.1117965624e+00,1.1117965624e+00,1.1117965624e+00,1.1117965624e+00,1.1117965624e+00,1.1117965624e+00,1.1117965624e+00,1.1117965624e+00,1.1117965624e+00,1.1117965624e+00,1.1117965624e+00,1.1117965624e+00,1.1117965624e+00,1.1117965624e+00,1.1117965624e+00,1.1117965624e+00,1.1117965624e+00,1.1117965624e+00,1.1117965624e+00,1.1117965624e+00,1.1117965624e+00,1.1117965624e+00,1.1117965624e+00,1.1117965624e+00,1.1117950001e+00,1.1117931687e+00,1.1117911765e+00,1.1117890094e+00,1.1117866519e+00,1.1117840874e+00,1.1117812977e+00,1.1117782630e+00,1.1117749618e+00,1.1117713706e+00,1.1117674641e+00,1.1117632145e+00,1.1117585917e+00,1.1117486498e+00,1.1117370990e+00,1.1117245339e+00,1.1117108653e+00,1.1116959966e+00,1.1116798222e+00,1.1116571752e+00,1.1116312728e+00,1.1116030962e+00,1.1115724458e+00,1.1115320894e+00,1.1114864642e+00,1.1114368342e+00,1.1113714665e+00,1.1112978212e+00,1.1112126840e+00,1.1111133958e+00,1.1110078744e+00,1.1108961866e+00,1.1107798280e+00,1.1106590781e+00,1.1105393392e+00,1.1103872480e+00,1.1101890685e+00,1.1096926217e+00,1.1085163440e+00,1.1068704669e+00,1.1050396204e+00,1.1028209397e+00,1.1000536642e+00,1.0970561460e+00,1.0935764758e+00,1.0861334400e+00,1.0756703624e+00,1.0632838825e+00,1.0502704284e+00,1.0345237260e+00,1.0088418635e+00,9.8029306484e-01,9.5530515074e-01,9.1891001658e-01,8.8231865700e-01,8.4762353467e-01,8.0819997176e-01,7.7619939111e-01,7.4388347576e-01,7.1476947102e-01,6.9030506114e-01,6.6306130159e-01,6.2710965937e-01,5.7640243746e-01,4.9811959867e-01,3.8741026801e-01,2.5179744318e-01,1.1302871691e-01,1.7124879542e-02,2.6660669121e-04,1.4919815772e-06,0.0000000000e+00,0.0000000000e+00,0.0000000000e+00,0.0000000000e+00,0.0000000000e+00,0.0000000000e+00,0.0000000000e+00,0.0000000000e+00,0.0000000000e+00,0.0000000000e+00,0.0000000000e+00,0.0000000000e+00,0.0000000000e+00,0.0000000000e+00,0.0000000000e+00,0.0000000000e+00,0.0000000000e+00,0.0000000000e+00,0.0000000000e+00,0.0000000000e+00,0.0000000000e+00,0.0000000000e+00,0.0000000000e+00,0.0000000000e+00,0.0000000000e+00,0.0000000000e+00,0.0000000000e+00,0.0000000000e+00,0.0000000000e+00,0.0000000000e+00,0.0000000000e+00,0.0000000000e+00,0.0000000000e+00,0.0000000000e+00,0.0000000000e+00,0.0000000000e+00,0.0000000000e+00,0.0000000000e+00,0.0000000000e+00,0.0000000000e+00,0.0000000000e+00,0.0000000000e+00,0.0000000000e+00,0.0000000000e+00,0.0000000000e+00,0.0000000000e+00,0.0000000000e+00,0.0000000000e+00,0.0000000000e+00,0.0000000000e+00,0.0000000000e+00,0.0000000000e+00,0.0000000000e+00,0.0000000000e+00,0.0000000000e+00,0.0000000000e+00,0.0000000000e+00,0.0000000000e+00,0.0000000000e+00,0.0000000000e+00,0.0000000000e+00,0.0000000000e+00,0.0000000000e+00,0.0000000000e+00,0.0000000000e+00
7.9792672866e+00,1.0705719462e+00,1.0705719462e+00,1.0705719462e+00,1.0705719462e+00,1.0705719462e+00,1.0705719462e+00,1.0705719462e+00,1.0705719462e+00,1.0705719462e+00,1.0705719462e+00,1.0705719462e+00,1.0705719462e+00,1.0705719462e+00,1.0705719462e+00,1.0705719462e+00,1.0705719462e+00,1.0705719462e+00,1.0705719462e+00,1.0705719462e+00,1.0705719462e+00,1.0705719462e+00,1.0705719462e+00,1.0705719462e+00,1.0705719462e+00,1.0705719462e+00,1.0705719462e+00,1.0705719462e+00,1.0705719462e+00,1.0705719462e+00,1.0705719462e+00,1.0705719462e+00,1.0705719462e+00,1.0705719462e+00,1.0705719462e+00,1.0705719462e+00,1.0705719462e+00,1.0705719462e+00,1.0705719462e+00,1.0705719462e+00,1.0705719462e+00,1.0705719462e+00,1.0705719462e+00,1.0705719462e+00,1.0705719462e+00,1.0705719462e+00,1.0705719462e+00,1.0705719462e+00,1.0705719462e+00,1.0705719462e+00,1.0705719462e+00,1.0705719462e+00,1.0705719462e+00,1.0705719462e+00,1.0705719462e+00,1.0705719462e+00,1.0705719462e+00,1.0705719462e+00,1.0705719462e+00,1.0705719462e+00,1.0705719462e+00,1.0705719462e+00,1.0705719462e+00,1.0705719462e+00,1.0705719462e+00,1.0705705806e+00,1.0705689799e+00,1.0705672386e+00,1.0705653443e+00,1.0705632837e+00,1.0705610421e+00,1.0705586037e+00,1.0705559511e+00,1.0705530655e+00,1.0705499266e+00,1.0705465119e+00,1.0705427974e+00,1.0705387567e+00,1.0705300609e+00,1.0705199572e+00,1.0705089663e+00,1.0704970103e+00,1.0704840043e+00,1.0704698564e+00,1.0704500280e+00,1.0704273458e+00,1.0704026720e+00,1.0703758320e+00,1.0703404492e+00,1.0703004381e+00,1.0702569148e+00,1.0701994942e+00,1.0701347843e+00,1.0700599369e+00,1.0699725988e+00,1.0698796869e+00,1.0697812297e+00,1.0696784492e+00,1.0695716015e+00,1.0694653028e+00,1.0693302855e+00,1.0691543981e+00,1.0687169255e+00,1.0676838347e+00,1.0662385808e+00,1.0646298153e+00,1.0626773931e+00,1.0602382895e+00,1.0575941020e+00,1.0545221393e+00,1.0479579345e+00,1.0387306852e+00,1.0277846904e+00,1.0162494209e+00,1.0022737751e+00,9.7946528969e-01,9.5404905675e-01,9.3171320591e-01,8.9914023850e-01,8.6630468313e-01,8.3505000130e-01,7.9947526642e-01,7.7045781123e-01,7.4108549574e-01,7.1452275383e-01,6.9209720070e-01,6.6700039294e-01,6.3336232111e-01,5.8541219273e-01,5.1015348024e-01,4.0165763047e-01,2.6632244488e-01,1.2335748568e-01,2.0160199872e-02,3.8185971502e-04,2.7426767980e-06,0.0000000000e+00,0.0000000000e+00,0.0000000000e+00,0.0000000000e+00,0.0000000000e+00,0.0000000000e+00,0.0000000000e+00,0.0000000000e+00,0.0000000000e+00,0.0000000000e+00,0.0000000000e+00,0.0000000000e+00,0.0000000000e+00,0.0000000000e+00,0.0000000000e+00,0.0000000000e+00,0.0000000000e+00,0.0000000000e+00,0.0000000000e+00,0.0000000000e+00,0.0000000000e+00,0.0000000000e+00,0.0000000000e+00,0.0000000000e+00,0.0000000000e+00,0.0000000000e+00,0.0000000000e+00,0.0000000000e+00,0.0000000000e+00,0.0000000000e+00,0.0000000000e+00,0.0000000000e+00,0.0000000000e+00,0.0000000000e+00,0.0000000000e+00,0.0000000000e+00,0.0000000000e+00,0.0000000000e+00,0.0000000000e+00,0.0000000000e+00,0.0000000000e+00,0.0000000000e+00,0.0000000000e+00,0.0000000000e+00,0.0000000000e+00,0.0000000000e+00,0.0000000000e+00,0.0000000000e+00,0.0000000000e+00,0.0000000000e+00,0.0000000000e+00,0.0000000000e+00,0.0000000000e+00,0.0000000000e+00,0.0000000000e+00,0.0000000000e+00,0.0000000000e+00,0.0000000000e+00,0.0000000000e+00,0.0000000000e+00,0.0000000000e+00,0.0000000000e+00,0.0000000000e+00,0.0000000000e+00,0.0000000000e+00
8.3864126759e+00,1.0329636427e+00,1.0329636427e+00,1.0329636427e+00,1.0329636427e+00,1.0329636427e+00,1.0329636427e+00,1.0329636427e+00,1.0329636427e+00,1.0329636427e+00,1.0329636427e+00,1.0329636427e+00,1.0329636427e+00,1.0329636427e+00,1.0329636427e+00,1.0329636427e+00,1.0329636427e+00,1.0329636427e+00,1.0329636427e+00,1.0329636427e+00,1.0329636427e+00,1.0329636427e+00,1.0329636427e+00,1.0329636427e+00,1.0329636427e+00,1.0329636427e+00,1.0329636427e+00,1.0329636427e+00,1.0329636427e+00,1.0329636427e+00,1.0329636427e+00,1.0329636427e+00,1.0329636427e+00,1.0329636427e+00,1.0329636427e+00,1.0329636427e+00,1.0329636427e+00,1.0329636427e+00,1.0329636427e+00,1.0329636427e+00,1.0329636427e+00,1.0329636427e+00,1.0329636427e+00,1.0329636427e+00,1.0329636427e+00,1.0329636427e+00,1.0329636427e+00,1.0329636427e+00,1.0329636427e+00,1.0329636427e+00,1.0329636427e+00,1.0329636427e+00,1.0329636427e+00,1.0329636427e+00,1.0329636427e+00,1.0329636427e+00,1.0329636427e+00,1.0329636427e+00,1.0329636427e+00,1.0329636427e+00,1.0329636427e+00,1.0329636427e+00,1.0329636427e+00,1.0329636427e+00,1.0329636427e+00,1.0329624467e+00,1.0329610448e+00,1.0329595198e+00,1.0329578608e+00,1.0329560562e+00,1.0329540930e+00,1.0329519575e+00,1.0329496344e+00,1.0329471073e+00,1.0329443582e+00,1.0329413678e+00,1.0329381147e+00,1.0329345759e+00,1.0329269552e+00,1.0329181004e+00,1.0329084680e+00,1.0328979898e+00,1.0328865914e+00,1.0328741921e+00,1.0328567987e+00,1.0328368988e+00,1.0328152516e+00,1.0327917037e+00,1.0327606244e+00,1.0327254723e+00,1.0326872343e+00,1.0326367065e+00,1.0325797494e+00,1.0325138354e+00,1.0324368794e+00,1.0323549351e+00,1.0322680020e+00,1.0321770776e+00,1.0320823967e+00,1.0319879115e+00,1.0318679017e+00,1.0317116054e+00,1.0313255131e+00,1.0304167043e+00,1.0291455611e+00,1.0277296884e+00,1.0260090186e+00,1.0238562465e+00,1.0215206718e+00,1.0188052180e+00,1.0130088770e+00,1.0048615135e+00,9.9517799197e-01,9.8494414047e-01,9.7253088581e-01,9.5226054527e-01,9.2962179462e-01,9.0965266097e-01,8.8049818011e-01,8.5103656838e-01,8.2289335079e-01,7.9080864310e-01,7.6451778600e-01,7.3784615645e-01,7.1363862376e-01,6.9310673640e-01,6.7001572631e-01,6.3855834129e-01,5.9323447490e-01,5.2099143007e-01,4.1492251989e-01,2.8035509167e-01,1.3381308953e-01,2.3511537998e-02,5.3711305012e-04,4.9153713959e-06,0.0000000000e+00,0.0000000000e+00,0.0000000000e+00,0.0000000000e+00,0.0000000000e+00,0.0000000000e+00,0.0000000000e+00,0.0000000000e+00,0.0000000000e+00,0.0000000000e+00,0.0000000000e+00,0.0000000000e+00,0.0000000000e+00,0.0000000000e+00,0.0000000000e+00,0.0000000000e+00,0.0000000000e+00,0.0000000000e+00,0.0000000000e+00,0.0000000000e+00,0.0000000000e+00,0.0000000000e+00,0.0000000000e+00,0.0000000000e+00,0.0000000000e+00,0.0000000000e+00,0.0000000000e+00,0.0000000000e+00,0.0000000000e+00,0.0000000000e+00,0.0000000000e+00,0.0000000000e+00,0.0000000000e+00,0.0000000000e+00,0.0000000000e+00,0.0000000000e+00,0.0000000000e+00,0.0000000000e+00,0.0000000000e+00,0.0000000000e+00,0.0000000000e+00,0.0000000000e+00,0.0000000000e+00,0.0000000000e+00,0.0000000000e+00,0.0000000000e+00,0.0000000000e+00,0.0000000000e+00,0.0000000000e+00,0.0000000000e+00,0.0000000000e+00,0.0000000000e+00,0.0000000000e+00,0.0000000000e+00,0.0000000000e+00,0.0000000000e+00,0.0000000000e+00,0.0000000000e+00,0.0000000000e+00,0.0000000000e+00,0.0000000000e+00,0.0000000000e+00,0.0000000000e+00,0.0000000000e+00,0.0000000000e+00
8.8143328258e+00,9.9865602353e-01,9.9865602353e-01,9.9865602353e-01,9.9865602353e-01,9.9865602353e-01,9.9865602353e-01,9.9865602353e-01,9.9865602353e-01,9.9865602353e-01,9.9865602353e-01,9.9865602353e-01,9.9865602353e-01,9.9865602353e-01,9.9865602353e-01,9.9865602353e-01,9.9865602353e-01,9.9865602353e-01,9.9865602353e-01,9.9865602353e-01,9.9865602353e-01,9.9865602353e-01,9.9865602353e-01,9.9865602353e-01,9.9865602353e-01,9.9865602353e-01,9.9865602353e-01,9.9865602353e-01,9.9865602353e-01,9.9865602353e-01,9.9865602353e-01,9.9865602353e-01,9.9865602353e-01,9.9865602353e-01,9.9865602353e-01,9.9865602353e-01,9.9865602353e-01,9.9865602353e-01,9.9865602353e-01,9.9865602353e-01,9.9865602353e-01,9.9865602353e-01,9.9865602353e-01,9.9865602353e-01,9.9865602353e-01,9.9865602353e-01,9.9865602353e-01,9.9865602353e-01,9.9865602353e-01,9.9865602353e-01,9.9865602353e-01,9.9865602353e-01,9.9865602353e-01,9.9865602353e-01,9.9865602353e-01,9.9865602353e-01,9.9865602353e-01,9.9865602353e-01,9.9865602353e-01,9.9865602353e-01,9.9865602353e-01,9.9865602353e-01,9.9865602353e-01,9.9865602353e-01,9.9865602353e-01,9.9865497413e-01,9.9865374404e-01,9.9865240592e-01,9.9865095028e-01,9.9864936680e-01,9.9864764425e-01,9.9864577043e-01,9.9864373204e-01,9.9864151463e-01,9.9863910249e-01,9.9863647851e-01,9.9863362409e-01,9.9863051899e-01,9.9862382800e-01,9.9861605315e-01,9.9860759554e-01,9.9859839522e-01,9.9858838699e-01,9.9857749990e-01,9.9856221428e-01,9.9854472320e-01,9.9852569632e-01,9.9850499883e-01,9.9847765080e-01,9.9844671253e-01,9.9841305821e-01,9.9836852044e-01,9.9831830310e-01,9.9826016015e-01,9.9819224113e-01,9.9811985447e-01,9.9804297791e-01,9.9796242487e-01,9.9787841019e-01,9.9779432494e-01,9.9768752682e-01,9.9754847420e-01,9.9720722011e-01,9.9640646449e-01,9.9528667321e-01,9.9403861482e-01,9.9251996710e-01,9.9061735661e-01,9.8855168617e-01,9.8614835807e-01,9.8102368772e-01,9.7382097965e-01,9.6524494601e-01,9.5615762783e-01,9.4512337477e-01,9.2709585265e-01,9.0692003221e-01,8.8906223156e-01,8.6296352211e-01,8.3653019190e-01,8.1119695996e-01,7.8227163061e-01,7.5846660796e-01,7.3426546923e-01,7.1222428902e-01,6.9344326930e-01,6.7221579376e-01,6.4280126316e-01,5.9995782587e-01,5.3068661748e-01,4.2720591001e-01,2.9383483180e-01,1.4433200913e-01,2.7179244222e-02,7.4257885365e-04,8.5884239455e-06,0.0000000000e+00,0.0000000000e+00,0.0000000000e+00,0.0000000000e+00,0.0000000000e+00,0.0000000000e+00,0.0000000000e+00,0.0000000000e+00,0.0000000000e+00,0.0000000000e+00,0.0000000000e+00,0.0000000000e+00,0.0000000000e+00,0.0000000000e+00,0.0000000000e+00,0.0000000000e+00,0.0000000000e+00,0.0000000000e+00,0.0000000000e+00,0.0000000000e+00,0.0000000000e+00,0.0000000000e+00,0.0000000000e+00,0.0000000000e+00,0.0000000000e+00,0.0000000000e+00,0.0000000000e+00,0.0000000000e+00,0.0000000000e+00,0.0000000000e+00,0.0000000000e+00,0.0000000000e+00,0.0000000000e+00,0.0000000000e+00,0.0000000000e+00,0.0000000000e+00,0.0000000000e+00,0.0000000000e+00,0.0000000000e+00,0.0000000000e+00,0.0000000000e+00,0.0000000000e+00,0.0000000000e+00,0.0000000000e+00,0.0000000000e+00,0.0000000000e+00,0.0000000000e+00,0.0000000000e+00,0.0000000000e+00,0.0000000000e+00,0.0000000000e+00,0.0000000000e+00,0.0000000000e+00,0.0000000000e+00,0.0000000000e+00,0.0000000000e+00,0.0000000000e+00,0.0000000000e+00,0.0000000000e+00,0.0000000000e+00,0.0000000000e+00,0.0000000000e+00,0.0000000000e+00,0.0000000000e+00,0.0000000000e+00
9.2640877770e+00,9.6735724978e-01,9.6735724978e-01,9.6735724978e-01,9.6735724978e-01,9.6735724978e-01,9.6735724978e-01,9.6735724978e-01,9.6735724978e-01,9.6735724978e-01,9.6735724978e-01,9.6735724978e-01,9.6735724978e-01,9.6735724978e-01,9.6735724978e-01,9.6735724978e-01,9.6735724978e-01,9.6735724978e-01,9.6735724978e-01,9.6735724978e-01,9.6735724978e-01,9.6735724978e-01,9.6735724978e-01,9.6735724978e-01,9.6735724978e-01,9.6735724978e-01,9.6735724978e-01,9.6735724978e-01,9.6735724978e-01,9.6735724978e-01,9.6735724978e-01,9.6735724978e-01,9.6735724978e-01,9.6735724978e-01,9.6735724978e-01,9.6735724978e-01,9.6735724978e-01,9.6735724978e-01,9.6735724978e-01,9.6735724978e-01,9.6735724978e-01,9.6735724978e-01,9.6735724978e-01,9.6735724978e-01,9.6735724978e-01,9.6735724978e-01,9.6735724978e-01,9.6735724978e-01,9.6735724978e-01,9.6735724978e-01,9.6735724978e-01,9.6735724978e-01,9.6735724978e-01,9.6735724978e-01,9.6735724978e-01,9.6735724978e-01,9.6735724978e-01,9.6735724978e-01,9.6735724978e-01,9.6735724978e-01,9.6735724978e-01,9.6735724978e-01,9.6735724978e-01,9.6735724978e-01,9.6735724978e-01,9.6735632730e-01,9.6735524597e-01,9.6735406968e-01,9.6735279008e-01,9.6735139810e-01,9.6734988388e-01,9.6734823667e-01,9.6734644480e-01,9.6734449556e-01,9.6734237514e-01,9.6734006849e-01,9.6733755927e-01,9.6733482969e-01,9.6732894431e-01,9.6732210527e-01,9.6731466566e-01,9.6730657273e-01,9.6729776912e-01,9.6728819242e-01,9.6727473517e-01,9.6725933401e-01,9.6724258053e-01,9.6722435601e-01,9.6720024968e-01,9.6717297337e-01,9.6714330240e-01,9.6710398047e-01,9.6705963373e-01,9.6700826373e-01,9.6694822626e-01,9.6688418448e-01,9.6681610031e-01,9.6674463621e-01,9.6666998869e-01,9.6659507341e-01,9.6649992416e-01,9.6637607201e-01,9.6607401368e-01,9.6536736403e-01,9.6437936615e-01,9.6327755076e-01,9.6193528496e-01,9.6025154375e-01,9.5842224682e-01,9.5629254383e-01,9.5175612086e-01,9.4538075508e-01,9.3777724631e-01,9.2970077282e-01,9.1988440770e-01,9.0383969811e-01,8.8584843174e-01,8.6987379332e-01,8.4650563532e-01,8.2278853622e-01,7.9999007945e-01,7.7392074360e-01,7.5237693871e-01,7.3042960513e-01,7.1037439676e-01,6.9320538526e-01,6.7370019427e-01,6.4618879107e-01,6.0567036372e-01,5.3929800072e-01,4.3851985856e-01,3.0671282997e-01,1.5485329519e-01,3.1160167694e-02,1.0099689792e-03,1.4637195842e-05,0.0000000000e+00,0.0000000000e+00,0.0000000000e+00,0.0000000000e+00,0.0000000000e+00,0.0000000000e+00,0.0000000000e+00,0.0000000000e+00,0.0000000000e+00,0.0000000000e+00,0.0000000000e+00,0.0000000000e+00,0.0000000000e+00,0.0000000000e+00,0.0000000000e+00,0.0000000000e+00,0.0000000000e+00,0.0000000000e+00,0.0000000000e+00,0.0000000000e+00,0.0000000000e+00,0.0000000000e+00,0.0000000000e+00,0.0000000000e+00,0.0000000000e+00,0.0000000000e+00,0.0000000000e+00,0.0000000000e+00,0.0000000000e+00,0.0000000000e+00,0.0000000000e+00,0.0000000000e+00,0.0000000000e+00,0.0000000000e+00,0.0000000000e+00,0.0000000000e+00,0.0000000000e+00,0.0000000000e+00,0.0000000000e+00,0.0000000000e+00,0.0000000000e+00,0.0000000000e+00,0.0000000000e+00,0.0000000000e+00,0.0000000000e+00,0.0000000000e+00,0.0000000000e+00,0.0000000000e+00,0.0000000000e+00,0.0000000000e+00,0.0000000000e+00,0.0000000000e+00,0.0000000000e+00,0.0000000000e+00,0.0000000000e+00,0.0000000000e+00,0.0000000000e+00,0.0000000000e+00,0.0000000000e+00,0.0000000000e+00,0.0000000000e+00,0.0000000000e+00,0.0000000000e+00,0.0000000000e+00,0.0000000000e+00
9.7367916593e+00,9.3879849424e-01,9.3879849424e-01,9.3879849424e-01,9.3879849424e-01,9.3879849424e-01,9.3879849424e-01,9.3879849424e-01,9.3879849424e-01,9.3879849424e-01,9.3879849424e-01,9.3879849424e-01,9.3879849424e-01,9.3879849424e-01,9.3879849424e-01,9.3879849424e-01,9.3879849424e-01,9.3879849424e-01,9.3879849424e-01,9.3879849424e-01,9.3879849424e-01,9.3879849424e-01,9.3879849424e-01,9.3879849424e-01,9.3879849424e-01,9.3879849424e-01,9.3879849424e-01,9.3879849424e-01,9.3879849424e-01,9.3879849424e-01,9.3879849424e-01,9.3879849424e-01,9.3879849424e-01,9.3879849424e-01,9.3879849424e-01,9.3879849424e-01,9.3879849424e-01,9.3879849424e-01,9.3879849424e-01,9.3879849424e-01,9.3879849424e-01,9.3879849424e-01,9.3879849424e-01,9.3879849424e-01,9.3879849424e-01,9.3879849424e-01,9.3879849424e-01,9.3879849424e-01,9.3879849424e-01,9.3879849424e-01,9.3879849424e-01,9.3879849424e-01,9.3879849424e-01,9.3879849424e-01,9.3879849424e-01,9.3879849424e-01,9.3879849424e-01,9.3879849424e-01,9.3879849424e-01,9.3879849424e-01,9.3879849424e-01,9.3879849424e-01,9.3879849424e-01,9.3879849424e-01,9.3879849424e-01,9.3879768188e-01,9.3879672964e-01,9.3879569376e-01,9.3879456692e-01,9.3879334111e-01,9.3879200764e-01,9.3879055707e-01,9.3878897910e-01,9.3878726255e-01,9.3878539525e-01,9.3878336396e-01,9.3878115428e-01,9.3877875053e-01,9.3877356468e-01,9.3876753829e-01,9.3876098268e-01,9.3875385138e-01,9.3874609384e-01,9.3873765506e-01,9.3872578713e-01,9.3871220297e-01,9.3869742600e-01,9.3868135152e-01,9.3866006738e-01,9.3863597993e-01,9.3860977771e-01,9.3857500647e-01,9.3853578332e-01,9.3849032794e-01,9.3843717758e-01,9.3838043574e-01,9.3832005315e-01,9.3825656853e-01,9.3819016151e-01,9.3812334432e-01,9.3803848192e-01,9.3792804955e-01,9.3766031355e-01,9.3703576757e-01,9.3616273317e-01,9.3518858245e-01,9.3400056030e-01,9.3250859002e-01,9.3088659432e-01,9.2899709039e-01,9.2497651813e-01,9.1932666353e-01,9.1257810325e-01,9.0539359384e-01,8.9665359053e-01,8.8236286409e-01,8.6630995580e-01,8.5201490174e-01,8.3108618957e-01,8.0980424269e-01,7.8929014723e-01,7.6579945682e-01,7.4630837387e-01,7.2641200314e-01,7.0817166781e-01,6.9248087005e-01,6.7455938422e-01,6.4881187907e-01,6.1045803448e-01,5.4688811626e-01,4.4888540060e-01,3.1895137871e-01,1.6531937805e-01,3.5447836919e-02,1.3524528239e-03,2.4350591310e-05,0.0000000000e+00,0.0000000000e+00,0.0000000000e+00,0.0000000000e+00,0.0000000000e+00,0.0000000000e+00,0.0000000000e+00,0.0000000000e+00,0.0000000000e+00,0.0000000000e+00,0.0000000000e+00,0.0000000000e+00,0.0000000000e+00,0.0000000000e+00,0.0000000000e+00,0.0000000000e+00,0.0000000000e+00,0.0000000000e+00,0.0000000000e+00,0.0000000000e+00,0.0000000000e+00,0.0000000000e+00,0.0000000000e+00,0.0000000000e+00,0.0000000000e+00,0.0000000000e+00,0.0000000000e+00,0.0000000000e+00,0.0000000000e+00,0.0000000000e+00,0.0000000000e+00,0.0000000000e+00,0.0000000000e+00,0.0000000000e+00,0.0000000000e+00,0.0000000000e+00,0.0000000000e+00,0.0000000000e+00,0.0000000000e+00,0.0000000000e+00,0.0000000000e+00,0.0000000000e+00,0.0000000000e+00,0.0000000000e+00,0.0000000000e+00,0.0000000000e+00,0.0000000000e+00,0.0000000000e+00,0.0000000000e+00,0.0000000000e+00,0.0000000000e+00,0.0000000000e+00,0.0000000000e+00,0.0000000000e+00,0.0000000000e+00,0.0000000000e+00,0.0000000000e+00,0.0000000000e+00,0.0000000000e+00,0.0000000000e+00,0.0000000000e+00,0.0000000000e+00,0.0000000000e+00,0.0000000000e+00,0.0000000000e+00
1.0233615451e+01,9.1273283656e-01,9.1273283656e-01,9.1273283656e-01,9.1273283656e-01,9.1273283656e-01,9.1273283656e-01,9.1273283656e-01,9.1273283656e-01,9.1273283656e-01,9.1273283656e-01,9.1273283656e-01,9.1273283656e-01,9.1273283656e-01,9.1273283656e-01,9.1273283656e-01,9.1273283656e-01,9.1273283656e-01,9.1273283656e-01,9.1273283656e-01,9.1273283656e-01,9.1273283656e-01,9.1273283656e-01,9.1273283656e-01,9.1273283656e-01,9.1273283656e-01,9.1273283656e-01,9.1273283656e-01,9.1273283656e-01,9.1273283656e-01,9.1273283656e-01,9.1273283656e-01,9.1273283656e-01,9.1273283656e-01,9.1273283656e-01,9.1273283656e-01,9.1273283656e-01,9.1273283656e-01,9.1273283656e-01,9.1273283656e-01,9.1273283656e-01,9.1273283656e-01,9.1273283656e-01,9.1273283656e-01,9.1273283656e-01,9.1273283656e-01,9.1273283656e-01,9.1273283656e-01,9.1273283656e-01,9.1273283656e-01,9.1273283656e-01,9.1273283656e-01,9.1273283656e-01,9.1273283656e-01,9.1273283656e-01,9.1273283656e-01,9.1273283656e-01,9.1273283656e-01,9.1273283656e-01,9.1273283656e-01,9.1273283656e-01,9.1273283656e-01,9.1273283656e-01,9.1273283656e-01,9.1273283656e-01,9.1273211996e-01,9.1273127995e-01,9.1273036618e-01,9.1272937216e-01,9.1272829084e-01,9.1272711455e-01,9.1272583496e-01,9.1272444299e-01,9.1272292877e-01,9.1272128157e-01,9.1271948971e-01,9.1271754048e-01,9.1271542007e-01,9.1271084292e-01,9.1270552370e-01,9.1269973735e-01,9.1269344286e-01,9.1268659561e-01,9.1267914706e-01,9.1266866354e-01,9.1265666238e-01,9.1264360741e-01,9.1262940610e-01,9.1261058397e-01,9.1258927906e-01,9.1256610363e-01,9.1253531056e-01,9.1250056776e-01,9.1246028745e-01,9.1241316677e-01,9.1236282283e-01,9.1230919883e-01,9.1225273212e-01,9.1219358681e-01,9.1213393206e-01,9.1205816763e-01,9.1195960071e-01,9.1172197142e-01,9.1116918535e-01,9.1039661138e-01,9.0953410176e-01,9.0848118377e-01,9.0715749157e-01,9.0571756343e-01,9.0403920884e-01,9.0047160638e-01,8.9545880068e-01,8.8946269664e-01,8.8306596707e-01,8.7527799335e-01,8.6253987994e-01,8.4820768248e-01,8.3541076781e-01,8.1666128210e-01,7.9756176799e-01,7.7910480394e-01,7.5794000058e-01,7.4030893727e-01,7.2227451926e-01,7.0568767289e-01,6.9134714199e-01,6.7487472250e-01,6.5075420570e-01,6.1440328526e-01,5.5352123537e-01,4.5833062132e-01,3.3052314340e-01,1.7567672421e-01,4.0032716624e-02,1.7845585370e-03,3.9577007918e-05,0.0000000000e+00,0.0000000000e+00,0.0000000000e+00,0.0000000000e+00,0.0000000000e+00,0.0000000000e+00,0.0000000000e+00,0.0000000000e+00,0.0000000000e+00,0.0000000000e+00,0.0000000000e+00,0.0000000000e+00,0.0000000000e+00,0.0000000000e+00,0.0000000000e+00,0.0000000000e+00,0.0000000000e+00,0.0000000000e+00,0.0000000000e+00,0.0000000000e+00,0.0000000000e+00,0.0000000000e+00,0.0000000000e+00,0.0000000000e+00,0.0000000000e+00,0.0000000000e+00,0.0000000000e+00,0.0000000000e+00,0.0000000000e+00,0.0000000000e+00,0.0000000000e+00,0.0000000000e+00,0.0000000000e+00,0.0000000000e+00,0.0000000000e+00,0.0000000000e+00,0.0000000000e+00,0.0000000000e+00,0.0000000000e+00,0.0000000000e+00,0.0000000000e+00,0.0000000000e+00,0.0000000000e+00,0.0000000000e+00,0.0000000000e+00,0.0000000000e+00,0.0000000000e+00,0.0000000000e+00,0.0000000000e+00,0.0000000000e+00,0.0000000000e+00,0.0000000000e+00,0.0000000000e+00,0.0000000000e+00,0.0000000000e+00,0.0000000000e+00,0.0000000000e+00,0.0000000000e+00,0.0000000000e+00,0.0000000000e+00,0.0000000000e+00,0.0000000000e+00,0.0000000000e+00,0.0000000000e+00,0.0000000000e+00
1.0755789881e+01,8.8893393733e-01,8.8893393733e-01,8.8893393733e-01,8.8893393733e-01,8.8893393733e-01,8.8893393733e-01,8.8893393733e-01,8.8893393733e-01,8.8893393733e-01,8.8893393733e-01,8.8893393733e-01,8.8893393733e-01,8.8893393733e-01,8.8893393733e-01,8.8893393733e-01,8.8893393733e-01,8.8893393733e-01,8.8893393733e-01,8.8893393733e-01,8.8893393733e-01,8.8893393733e-01,8.8893393733e-01,8.8893393733e-01,8.8893393733e-01,8.8893393733e-01,8.8893393733e-01,8.8893393733e-01,8.8893393733e-01,8.8893393733e-01,8.8893393733e-01,8.8893393733e-01,8.8893393733e-01,8.8893393733e-01,8.8893393733e-01,8.8893393733e-01,8.8893393733e-01,8.8893393733e-01,8.8893393733e-01,8.8893393733e-01,8.8893393733e-01,8.8893393733e-01,8.8893393733e-01,8.8893393733e-01,8.8893393733e-01,8.8893393733e-01,8.8893393733e-01,8.8893393733e-01,8.8893393733e-01,8.8893393733e-01,8.8893393733e-01,8.8893393733e-01,8.8893393733e-01,8.8893393733e-01,8.8893393733e-01,8.8893393733e-01,8.8893393733e-01,8.8893393733e-01,8.8893393733e-01,8.8893393733e-01,8.8893393733e-01,8.8893393733e-01,8.8893393733e-01,8.8893393733e-01,8.8893393733e-01,8.8893330416e-01,8.8893256196e-01,8.8893175458e-01,8.8893087630e-01,8.8892992088e-01,8.8892888155e-01,8.8892775094e-01,8.8892652105e-01,8.8892518313e-01,8.8892372772e-01,8.8892214449e-01,8.8892042222e-01,8.8891854869e-01,8.8891450231e-01,8.8890979974e-01,8.8890468420e-01,8.8889911943e-01,8.8889306597e-01,8.8888648091e-01,8.8887720579e-01,8.8886658663e-01,8.8885503499e-01,8.8884246900e-01,8.8882579901e-01,8.8880692700e-01,8.8878639802e-01,8.8875908935e-01,8.8872827196e-01,8.8869252825e-01,8.8865069653e-01,8.8860597032e-01,8.8855828815e-01,8.8850800440e-01,8.8845526886e-01,8.8840195848e-01,8.8833425248e-01,8.8824619211e-01,8.8803501697e-01,8.8754506217e-01,8.8686043114e-01,8.8609572098e-01,8.8516133662e-01,8.8398552991e-01,8.8270574103e-01,8.8121326053e-01,8.7804395719e-01,8.7359127857e-01,8.6825821830e-01,8.6255792179e-01,8.5561271904e-01,8.4424999420e-01,8.3144613356e-01,8.1998576533e-01,8.0318313775e-01,7.8603917022e-01,7.6943361487e-01,7.5036495653e-01,7.3441646360e-01,7.1806855747e-01,7.0298367857e-01,6.8987182356e-01,6.7471872609e-01,6.5209195479e-01,6.1758410438e-01,5.5926186689e-01,4.6688894294e-01,3.4141029958e-01,1.8587634888e-01,4.4902526075e-02,2.3220187495e-03,6.2901026745e-05,0.0000000000e+00,0.0000000000e+00,0.0000000000e+00,0.0000000000e+00,0.0000000000e+00,0.0000000000e+00,0.0000000000e+00,0.0000000000e+00,0.0000000000e+00,0.0000000000e+00,0.0000000000e+00,0.0000000000e+00,0.0000000000e+00,0.0000000000e+00,0.0000000000e+00,0.0000000000e+00,0.0000000000e+00,0.0000000000e+00,0.0000000000e+00,0.0000000000e+00,0.0000000000e+00,0.0000000000e+00,0.0000000000e+00,0.0000000000e+00,0.0000000000e+00,0.0000000000e+00,0.0000000000e+00,0.0000000000e+00,0.0000000000e+00,0.0000000000e+00,0.0000000000e+00,0.0000000000e+00,0.0000000000e+00,0.0000000000e+00,0.0000000000e+00,0.0000000000e+00,0.0000000000e+00,0.0000000000e+00,0.0000000000e+00,0.0000000000e+00,0.0000000000e+00,0.0000000000e+00,0.0000000000e+00,0.0000000000e+00,0.0000000000e+00,0.0000000000e+00,0.0000000000e+00,0.0000000000e+00,0.0000000000e+00,0.0000000000e+00,0.0000000000e+00,0.0000000000e+00,0.0000000000e+00,0.0000000000e+00,0.0000000000e+00,0.0000000000e+00,0.0000000000e+00,0.0000000000e+00,0.0000000000e+00,0.0000000000e+00,0.0000000000e+00,0.0000000000e+00,0.0000000000e+00,0.0000000000e+00,0.0000000000e+00
1.1304608476e+01,8.6719457811e-01,8.6719457811e-01,8.6719457811e-01,8.6719457811e-01,8.6719457811e-01,8.6719457811e-01,8.6719457811e-01,8.6719457811e-01,8.6719457811e-01,8.6719457811e-01,8.6719457811e-01,8.6719457811e-01,8.6719457811e-01,8.6719457811e-01,8.6719457811e-01,8.6719457811e-01,8.6719457811e-01,8.6719457811e-01,8.6719457811e-01,8.6719457811e-01,8.6719457811e-01,8.6719457811e-01,8.6719457811e-01,8.6719457811e-01,8.6719457811e-01,8.6719457811e-01,8.6719457811e-01,8.6719457811e-01,8.6719457811e-01,8.6719457811e-01,8.6719457811e-01,8.6719457811e-01,8.6719457811e-01,8.6719457811e-01,8.6719457811e-01,8.6719457811e-01,8.6719457811e-01,8.6719457811e-01,8.6719457811e-01,8.6719457811e-01,8.6719457811e-01,8.6719457811e-01,8.6719457811e-01,8.6719457811e-01,8.6719457811e-01,8.6719457811e-01,8.6719457811e-01,8.6719457811e-01,8.6719457811e-01,8.6719457811e-01,8.6719457811e-01,8.6719457811e-01,8.6719457811e-01,8.6719457811e-01,8.6719457811e-01,8.6719457811e-01,8.6719457811e-01,8.6719457811e-01,8.6719457811e-01,8.6719457811e-01,8.6719457811e-01,8.6719457811e-01,8.6719457811e-01,8.6719457811e-01,8.6719401780e-01,8.6719336100e-01,8.6719264652e-01,8.6719186929e-01,8.6719102380e-01,8.6719010406e-01,8.6718910355e-01,8.6718801516e-01,8.6718683119e-01,8.6718554324e-01,8.6718414218e-01,8.6718261808e-01,8.6718096012e-01,8.6717737750e-01,8.6717321377e-01,8.6716868439e-01,8.6716375724e-01,8.6715839739e-01,8.6715256686e-01,8.6714434868e-01,8.6713493846e-01,8.6712470192e-01,8.6711356649e-01,8.6709878150e-01,8.6708204088e-01,8.6706383039e-01,8.6703957941e-01,8.6701220768e-01,8.6698044827e-01,8.6694326434e-01,8.6690347975e-01,8.6686103058e-01,8.6681620335e-01,8.6676913473e-01,8.6672145214e-01,8.6666089409e-01,8.6658215026e-01,8.6639425913e-01,8.6595941544e-01,8.6535190553e-01,8.6467301829e-01,8.6384279935e-01,8.6279715265e-01,8.6165842208e-01,8.6032979700e-01,8.5751120661e-01,8.5355169566e-01,8.4880360633e-01,8.4371960290e-01,8.3752111574e-01,8.2737776155e-01,8.1593220076e-01,8.0566454360e-01,7.9060143745e-01,7.7520956201e-01,7.6026951650e-01,7.4308864906e-01,7.2865984704e-01,7.1383614323e-01,7.0011151056e-01,6.8811339076e-01,6.7415546672e-01,6.5289383063e-01,6.2007337351e-01,5.6417357475e-01,4.7459764078e-01,3.5160361155e-01,1.9587419487e-01,5.0042603518e-02,2.9815656628e-03,9.7850109192e-05,0.0000000000e+00,0.0000000000e+00,0.0000000000e+00,0.0000000000e+00,0.0000000000e+00,0.0000000000e+00,0.0000000000e+00,0.0000000000e+00,0.0000000000e+00,0.0000000000e+00,0.0000000000e+00,0.0000000000e+00,0.0000000000e+00,0.0000000000e+00,0.0000000000e+00,0.0000000000e+00,0.0000000000e+00,0.0000000000e+00,0.0000000000e+00,0.0000000000e+00,0.0000000000e+00,0.0000000000e+00,0.0000000000e+00,0.0000000000e+00,0.0000000000e+00,0.0000000000e+00,0.0000000000e+00,0.0000000000e+00,0.0000000000e+00,0.0000000000e+00,0.0000000000e+00,0.0000000000e+00,0.0000000000e+00,0.0000000000e+00,0.0000000000e+00,0.0000000000e+00,0.0000000000e+00,0.0000000000e+00,0.0000000000e+00,0.0000000000e+00,0.0000000000e+00,0.0000000000e+00,0.0000000000e+00,0.0000000000e+00,0.0000000000e+00,0.0000000000e+00,0.0000000000e+00,0.0000000000e+00,0.0000000000e+00,0.0000000000e+00,0.0000000000e+00,0.0000000000e+00,0.0000000000e+00,0.0000000000e+00,0.0000000000e+00,0.0000000000e+00,0.0000000000e+00,0.0000000000e+00,0.0000000000e+00,0.0000000000e+00,0.0000000000e+00,0.0000000000e+00,0.0000000000e+00,0.0000000000e+00,0.0000000000e+00
1.1881430764e+01,8.4728049269e-01,8.4728049269e-01,8.4728049269e-01,8.4728049269e-01,8.4728049269e-01,8.4728049269e-01,8.4728049269e-01,8.4728049269e-01,8.4728049269e-01,8.4728049269e-01,8.4728049269e-01,8.4728049269e-01,8.4728049269e-01,8.4728049269e-01,8.4728049269e-01,8.4728049269e-01,8.4728049269e-01,8.4728049269e-01,8.4728049269e-01,8.4728049269e-01,8.4728049269e-01,8.4728049269e-01,8.4728049269e-01,8.4728049269e-01,8.4728049269e-01,8.4728049269e-01,8.4728049269e-01,8.4728049269e-01,8.4728049269e-01,8.4728049269e-01,8.4728049269e-01,8.4728049269e-01,8.4728049269e-01,8.4728049269e-01,8.4728049269e-01,8.4728049269e-01,8.4728049269e-01,8.4728049269e-01,8.4728049269e-01,8.4728049269e-01,8.4728049269e-01,8.4728049269e-01,8.4728049269e-01,8.4728049269e-01,8.4728049269e-01,8.4728049269e-01,8.4728049269e-01,8.4728049269e-01,8.4728049269e-01,8.4728049269e-01,8.4728049269e-01,8.4728049269e-01,8.4728049269e-01,8.4728049269e-01,8.4728049269e-01,8.4728049269e-01,8.4728049269e-01,8.4728049269e-01,8.4728049269e-01,8.4728049269e-01,8.4728049269e-01,8.4728049269e-01,8.4728049269e-01,8.4728049269e-01,8.4728049269e-01,8.4728030396e-01,8.4727955226e-01,8.4727873454e-01,8.4727784501e-01,8.4727687735e-01,8.4727582471e-01,8.4727467963e-01,8.4727343398e-01,8.4727207894e-01,8.4727060489e-01,8.4726900138e-01,8.4726725705e-01,8.4726535953e-01,8.4726283045e-01,8.4725829919e-01,8.4725337000e-01,8.4724800794e-01,8.4724217499e-01,8.4723582982e-01,8.4722857184e-01,8.4721850428e-01,8.4720755267e-01,8.4719563940e-01,8.4718200413e-01,8.4716313837e-01,8.4714261621e-01,8.4711944833e-01,8.4708973807e-01,8.4705741969e-01,8.4702215060e-01,8.4698375213e-01,8.4694364934e-01,8.4690087711e-01,8.4685834633e-01,8.4680393129e-01,8.4672989706e-01,8.4659850202e-01,8.4619858590e-01,8.4564697188e-01,8.4504266757e-01,8.4430757542e-01,8.4337781059e-01,8.4236422779e-01,8.4119351837e-01,8.3868393990e-01,8.3515185615e-01,8.3092886296e-01,8.2640250011e-01,8.2082031711e-01,8.1184916705e-01,8.0162024392e-01,7.9252122124e-01,7.7892886107e-01,7.6510449440e-01,7.5165258886e-01,7.3615478987e-01,7.2308657283e-01,7.0966117191e-01,6.9714888126e-01,6.8616305651e-01,6.7327024631e-01,6.5324043050e-01,6.2196610804e-01,5.6830253917e-01,4.8143736948e-01,3.6111434463e-01,2.0565495905e-01,5.5353003021e-02,3.7890657352e-03,1.2172364991e-04,2.1989843363e-06,0.0000000000e+00,0.0000000000e+00,0.0000000000e+00,0.0000000000e+00,0.0000000000e+00,0.0000000000e+00,0.0000000000e+00,0.0000000000e+00,0.0000000000e+00,0.0000000000e+00,0.0000000000e+00,0.0000000000e+00,0.0000000000e+00,0.0000000000e+00,0.0000000000e+00,0.0000000000e+00,0.0000000000e+00,0.0000000000e+00,0.0000000000e+00,0.0000000000e+00,0.0000000000e+00,0.0000000000e+00,0.0000000000e+00,0.0000000000e+00,0.0000000000e+00,0.0000000000e+00,0.0000000000e+00,0.0000000000e+00,0.0000000000e+00,0.0000000000e+00,0.0000000000e+00,0.0000000000e+00,0.0000000000e+00,0.0000000000e+00,0.0000000000e+00,0.0000000000e+00,0.0000000000e+00,0.0000000000e+00,0.0000000000e+00,0.0000000000e+00,0.0000000000e+00,0.0000000000e+00,0.0000000000e+00,0.0000000000e+00,0.0000000000e+00,0.0000000000e+00,0.0000000000e+00,0.0000000000e+00,0.0000000000e+00,0.0000000000e+00,0.0000000000e+00,0.0000000000e+00,0.0000000000e+00,0.0000000000e+00,0.0000000000e+00,0.0000000000e+00,0.0000000000e+00,0.0000000000e+00,0.0000000000e+00,0.0000000000e+00,0.0000000000e+00,0.0000000000e+00,0.0000000000e+00,0.0000000000e+00
1.2487685647e+01,8.2913661851e-01,8.2913661851e-01,8.2913661851e-01,8.2913661851e-01,8.2913661851e-01,8.2913661851e-01,8.2913661851e-01,8.2913661851e-01,8.2913661851e-01,8.2913661851e-01,8.2913661851e-01,8.2913661851e-01,8.2913661851e-01,8.2913661851e-01,8.2913661851e-01,8.2913661851e-01,8.2913661851e-01,8.2913661851e-01,8.2913661851e-01,8.2913661851e-01,8.2913661851e-01,8.2913661851e-01,8.2913661851e-01,8.2913661851e-01,8.2913661851e-01,8.2913661851e-01,8.2913661851e-01,8.2913661851e-01,8.2913661851e-01,8.2913661851e-01,8.2913661851e-01,8.2913661851e-01,8.2913661851e-01,8.2913661851e-01,8.2913661851e-01,8.2913661851e-01,8.2913661851e-01,8.2913661851e-01,8.2913661851e-01,8.2913661851e-01,8.2913661851e-01,8.2913661851e-01,8.2913661851e-01,8.2913661851e-01,8.2913661851e-01,8.2913661851e-01,8.2913661851e-01,8.2913661851e-01,8.2913661851e-01,8.2913661851e-01,8.2913661851e-01,8.2913661851e-01,8.2913661851e-01,8.2913661851e-01,8.2913661851e-01,8.2913661851e-01,8.2913661851e-01,8.2913661851e-01,8.2913661851e-01,8.2913661851e-01,8.2913661851e-01,8.2913661851e-01,8.2913661851e-01,8.2913661851e-01,8.2913661851e-01,8.2913645101e-01,8.2913578383e-01,8.2913505806e-01,8.2913426854e-01,8.2913340969e-01,8.2913247542e-01,8.2913145909e-01,8.2913035350e-01,8.2912915082e-01,8.2912784252e-01,8.2912641931e-01,8.2912487112e-01,8.2912318696e-01,8.2912094175e-01,8.2911691752e-01,8.2911253989e-01,8.2910777782e-01,8.2910259755e-01,8.2909696237e-01,8.2909051542e-01,8.2908156652e-01,8.2907183181e-01,8.2906124227e-01,8.2904911894e-01,8.2903232745e-01,8.2901406164e-01,8.2899343740e-01,8.2896697072e-01,8.2893818057e-01,8.2890672964e-01,8.2887247854e-01,8.2883665343e-01,8.2879841894e-01,8.2876030346e-01,8.2871155409e-01,8.2864528437e-01,8.2852796657e-01,8.2817218692e-01,8.2768150893e-01,8.2714370661e-01,8.2648905808e-01,8.2566041672e-01,8.2475669171e-01,8.2371234235e-01,8.2147579629e-01,8.1832828358e-01,8.1456139229e-01,8.1051772686e-01,8.0552814613e-01,7.9750802733e-01,7.8835280859e-01,7.8019358328e-01,7.6799930448e-01,7.5558116212e-01,7.4347517000e-01,7.2950490230e-01,7.1766876334e-01,7.0547565646e-01,6.9406913629e-01,6.8398231937e-01,6.7205055805e-01,6.5314485798e-01,6.2326243230e-01,5.7173040015e-01,4.8756175657e-01,3.6991413562e-01,2.1513576155e-01,6.0977611845e-02,4.7472815317e-03,1.7940385812e-04,3.9312662149e-06,0.0000000000e+00,0.0000000000e+00,0.0000000000e+00,0.0000000000e+00,0.0000000000e+00,0.0000000000e+00,0.0000000000e+00,0.0000000000e+00,0.0000000000e+00,0.0000000000e+00,0.0000000000e+00,0.0000000000e+00,0.0000000000e+00,0.0000000000e+00,0.0000000000e+00,0.0000000000e+00,0.0000000000e+00,0.0000000000e+00,0.0000000000e+00,0.0000000000e+00,0.0000000000e+00,0.0000000000e+00,0.0000000000e+00,0.0000000000e+00,0.0000000000e+00,0.0000000000e+00,0.0000000000e+00,0.0000000000e+00,0.0000000000e+00,0.0000000000e+00,0.0000000000e+00,0.0000000000e+00,0.0000000000e+00,0.0000000000e+00,0.0000000000e+00,0.0000000000e+00,0.0000000000e+00,0.0000000000e+00,0.0000000000e+00,0.0000000000e+00,0.0000000000e+00,0.0000000000e+00,0.0000000000e+00,0.0000000000e+00,0.0000000000e+00,0.0000000000e+00,0.0000000000e+00,0.0000000000e+00,0.0000000000e+00,0.0000000000e+00,0.0000000000e+00,0.0000000000e+00,0.0000000000e+00,0.0000000000e+00,0.0000000000e+00,0.0000000000e+00,0.0000000000e+00,0.0000000000e+00,0.0000000000e+00,0.0000000000e+00,0.0000000000e+00,0.0000000000e+00,0.0000000000e+00,0.0000000000e+00
1.3124874934e+01,8.1253609915e-01,8.1253609915e-01,8.1253609915e-01,8.1253609915e-01,8.1253609915e-01,8.1253609915e-01,8.1253609915e-01,8.1253609915e-01,8.1253609915e-01,8.1253609915e-01,8.1253609915e-01,8.1253609915e-01,8.1253609915e-01,8.1253609915e-01,8.1253609915e-01,8.1253609915e-01,8.1253609915e-01,8.1253609915e-01,8.1253609915e-01,8.1253609915e-01,8.1253609915e-01,8.1253609915e-01,8.1253609915e-01,8.1253609915e-01,8.1253609915e-01,8.1253609915e-01,8.1253609915e-01,8.1253609915e-01,8.1253609915e-01,8.1253609915e-01,8.1253609915e-01,8.1253609915e-01,8.1253609915e-01,8.1253609915e-01,8.1253609915e-01,8.1253609915e-01,8.1253609915e-01,8.1253609915e-01,8.1253609915e-01,8.1253609915e-01,8.1253609915e-01,8.1253609915e-01,8.1253609915e-01,8.1253609915e-01,8.1253609915e-01,8.1253609915e-01,8.1253609915e-01,8.1253609915e-01,8.1253609915e-01,8.1253609915e-01,8.1253609915e-01,8.1253609915e-01,8.1253609915e-01,8.1253609915e-01,8.1253609915e-01,8.1253609915e-01,8.1253609915e-01,8.1253609915e-01,8.1253609915e-01,8.1253609915e-01,8.1253609915e-01,8.1253609915e-01,8.1253609915e-01,8.1253609915e-01,8.1253609915e-01,8.1253595028e-01,8.1253535735e-01,8.1253471234e-01,8.1253401069e-01,8.1253324742e-01,8.1253241711e-01,8.1253151388e-01,8.1253053133e-01,8.1252946248e-01,8.1252829977e-01,8.1252703495e-01,8.1252565904e-01,8.1252416230e-01,8.1252216651e-01,8.1251858805e-01,8.1251469532e-01,8.1251046073e-01,8.1250585427e-01,8.1250084327e-01,8.1249510952e-01,8.1248714531e-01,8.1247848173e-01,8.1246905738e-01,8.1245826542e-01,8.1244330335e-01,8.1242702755e-01,8.1240864728e-01,8.1238504496e-01,8.1235937055e-01,8.1233129634e-01,8.1230071461e-01,8.1226868256e-01,8.1223447563e-01,8.1220029446e-01,8.1215659080e-01,8.1209722689e-01,8.1199238217e-01,8.1167550816e-01,8.1123853676e-01,8.1075938633e-01,8.1017576316e-01,8.0943651638e-01,8.0862996667e-01,8.0769747525e-01,8.0570232667e-01,8.0289479359e-01,7.9953175156e-01,7.9591654383e-01,7.9145345023e-01,7.8427859021e-01,7.7607951611e-01,7.6875982108e-01,7.5781564748e-01,7.4665748651e-01,7.3576074201e-01,7.2316320826e-01,7.1243411894e-01,7.0134639991e-01,6.9093110150e-01,6.8164733402e-01,6.7057001857e-01,6.5267642103e-01,6.2405069040e-01,5.7450363465e-01,4.9295779081e-01,3.7803268471e-01,2.2431351419e-01,6.6817910842e-02,5.8813450756e-03,2.5951851778e-04,6.8388389993e-06,0.0000000000e+00,0.0000000000e+00,0.0000000000e+00,0.0000000000e+00,0.0000000000e+00,0.0000000000e+00,0.0000000000e+00,0.0000000000e+00,0.0000000000e+00,0.0000000000e+00,0.0000000000e+00,0.0000000000e+00,0.0000000000e+00,0.0000000000e+00,0.0000000000e+00,0.0000000000e+00,0.0000000000e+00,0.0000000000e+00,0.0000000000e+00,0.0000000000e+00,0.0000000000e+00,0.0000000000e+00,0.0000000000e+00,0.0000000000e+00,0.0000000000e+00,0.0000000000e+00,0.0000000000e+00,0.0000000000e+00,0.0000000000e+00,0.0000000000e+00,0.0000000000e+00,0.0000000000e+00,0.0000000000e+00,0.0000000000e+00,0.0000000000e+00,0.0000000000e+00,0.0000000000e+00,0.0000000000e+00,0.0000000000e+00,0.0000000000e+00,0.0000000000e+00,0.0000000000e+00,0.0000000000e+00,0.0000000000e+00,0.0000000000e+00,0.0000000000e+00,0.0000000000e+00,0.0000000000e+00,0.0000000000e+00,0.0000000000e+00,0.0000000000e+00,0.0000000000e+00,0.0000000000e+00,0.0000000000e+00,0.0000000000e+00,0.0000000000e+00,0.0000000000e+00,0.0000000000e+00,0.0000000000e+00,0.0000000000e+00,0.0000000000e+00,0.0000000000e+00,0.0000000000e+00,0.0000000000e+00
1.3794577066e+01,7.9733568421e-01,7.9733568421e-01,7.9733568421e-01,7.9733568421e-01,7.9733568421e-01,7.9733568421e-01,7.9733568421e-01,7.9733568421e-01,7.9733568421e-01,7.9733568421e-01,7.9733568421e-01,7.9733568421e-01,7.9733568421e-01,7.9733568421e-01,7.9733568421e-01,7.9733568421e-01,7.9733568421e-01,7.9733568421e-01,7.9733568421e-01,7.9733568421e-01,7.9733568421e-01,7.9733568421e-01,7.9733568421e-01,7.9733568421e-01,7.9733568421e-01,7.9733568421e-01,7.9733568421e-01,7.9733568421e-01,7.9733568421e-01,7.9733568421e-01,7.9733568421e-01,7.9733568421e-01,7.9733568421e-01,7.9733568421e-01,7.9733568421e-01,7.9733568421e-01,7.9733568421e-01,7.9733568421e-01,7.9733568421e-01,7.9733568421e-01,7.9733568421e-01,7.9733568421e-01,7.9733568421e-01,7.9733568421e-01,7.9733568421e-01,7.9733568421e-01,7.9733568421e-01,7.9733568421e-01,7.9733568421e-01,7.9733568421e-01,7.9733568421e-01,7.9733568421e-01,7.9733568421e-01,7.9733568421e-01,7.9733568421e-01,7.9733568421e-01,7.9733568421e-01,7.9733568421e-01,7.9733568421e-01,7.9733568421e-01,7.9733568421e-01,7.9733568421e-01,7.9733568421e-01,7.9733568421e-01,7.9733568421e-01,7.9733555175e-01,7.9733502416e-01,7.9733445023e-01,7.9733382590e-01,7.9733314673e-01,7.9733240792e-01,7.9733160422e-01,7.9733072994e-01,7.9732977888e-01,7.9732874429e-01,7.9732761884e-01,7.9732639455e-01,7.9732506274e-01,7.9732328653e-01,7.9732010065e-01,7.9731663500e-01,7.9731286499e-01,7.9730876390e-01,7.9730430266e-01,7.9729919719e-01,7.9729210125e-01,7.9728438219e-01,7.9727598528e-01,7.9726636772e-01,7.9725302180e-01,7.9723850402e-01,7.9722210659e-01,7.9720103777e-01,7.9717811921e-01,7.9715303591e-01,7.9712570554e-01,7.9709704156e-01,7.9706641421e-01,7.9703574274e-01,7.9699653786e-01,7.9694332357e-01,7.9684954614e-01,7.9656702223e-01,7.9617746198e-01,7.9575012169e-01,7.9522930225e-01,7.9456919196e-01,7.9384871633e-01,7.9301537514e-01,7.9123393824e-01,7.8872735963e-01,7.8572232882e-01,7.8248781792e-01,7.7849290301e-01,7.7206993698e-01,7.6472290720e-01,7.5815348251e-01,7.4832747095e-01,7.3829838398e-01,7.2848777730e-01,7.1712312397e-01,7.0738707893e-01,6.9728822083e-01,6.8775791803e-01,6.7918738065e-01,6.6886419056e-01,6.5187665323e-01,6.2438080500e-01,5.7667424646e-01,4.9766679454e-01,3.8548515322e-01,2.3316502905e-01,7.2853476462e-02,7.2091396215e-03,3.6878919608e-04,1.1590782541e-05,0.0000000000e+00,0.0000000000e+00,0.0000000000e+00,0.0000000000e+00,0.0000000000e+00,0.0000000000e+00,0.0000000000e+00,0.0000000000e+00,0.0000000000e+00,0.0000000000e+00,0.0000000000e+00,0.0000000000e+00,0.0000000000e+00,0.0000000000e+00,0.0000000000e+00,0.0000000000e+00,0.0000000000e+00,0.0000000000e+00,0.0000000000e+00,0.0000000000e+00,0.0000000000e+00,0.0000000000e+00,0.0000000000e+00,0.0000000000e+00,0.0000000000e+00,0.0000000000e+00,0.0000000000e+00,0.0000000000e+00,0.0000000000e+00,0.0000000000e+00,0.0000000000e+00,0.0000000000e+00,0.0000000000e+00,0.0000000000e+00,0.0000000000e+00,0.0000000000e+00,0.0000000000e+00,0.0000000000e+00,0.0000000000e+00,0.0000000000e+00,0.0000000000e+00,0.0000000000e+00,0.0000000000e+00,0.0000000000e+00,0.0000000000e+00,0.0000000000e+00,0.0000000000e+00,0.0000000000e+00,0.0000000000e+00,0.0000000000e+00,0.0000000000e+00,0.0000000000e+00,0.0000000000e+00,0.0000000000e+00,0.0000000000e+00,0.0000000000e+00,0.0000000000e+00,0.0000000000e+00,0.0000000000e+00,0.0000000000e+00,0.0000000000e+00,0.0000000000e+00,0.0000000000e+00,0.0000000000e+00
1.4498451025e+01,7.8340446075e-01,7.8340446075e-01,7.8340446075e-01,7.8340446075e-01,7.8340446075e-01,7.8340446075e-01,7.8340446075e-01,7.8340446075e-01,7.8340446075e-01,7.8340446075e-01,7.8340446075e-01,7.8340446075e-01,7.8340446075e-01,7.8340446075e-01,7.8340446075e-01,7.8340446075e-01,7.8340446075e-01,7.8340446075e-01,7.8340446075e-01,7.8340446075e-01,7.8340446075e-01,7.8340446075e-01,7.8340446075e-01,7.8340446075e-01,7.8340446075e-01,7.8340446075e-01,7.8340446075e-01,7.8340446075e-01,7.8340446075e-01,7.8340446075e-01,7.8340446075e-01,7.8340446075e-01,7.8340446075e-01,7.8340446075e-01,7.8340446075e-01,7.8340446075e-01,7.8340446075e-01,7.8340446075e-01,7.8340446075e-01,7.8340446075e-01,7.8340446075e-01,7.8340446075e-01,7.8340446075e-01,7.8340446075e-01,7.8340446075e-01,7.8340446075e-01,7.8340446075e-01,7.8340446075e-01,7.8340446075e-01,7.8340446075e-01,7.8340446075e-01,7.8340446075e-01,7.8340446075e-01,7.8340446075e-01,7.8340446075e-01,7.8340446075e-01,7.8340446075e-01,7.8340446075e-01,7.8340446075e-01,7.8340446075e-01,7.8340446075e-01,7.8340446075e-01,7.8340446075e-01,7.8340446075e-01,7.8340446075e-01,7.8340434275e-01,7.8340387276e-01,7.8340336149e-01,7.8340280532e-01,7.8340220030e-01,7.8340154215e-01,7.8340082620e-01,7.8340004737e-01,7.8339920013e-01,7.8339827850e-01,7.8339727592e-01,7.8339618529e-01,7.8339499888e-01,7.8339341630e-01,7.8339057680e-01,7.8338748794e-01,7.8338412782e-01,7.8338047261e-01,7.8337649640e-01,7.8337194537e-01,7.8336561635e-01,7.8335873155e-01,7.8335124215e-01,7.8334266227e-01,7.8333074633e-01,7.8331778409e-01,7.8330314152e-01,7.8328431695e-01,7.8326383963e-01,7.8324140935e-01,7.8321696410e-01,7.8319129478e-01,7.8316385295e-01,7.8313631572e-01,7.8310112638e-01,7.8305339465e-01,7.8296945031e-01,7.8271730164e-01,7.8236966027e-01,7.8198815622e-01,7.8152295100e-01,7.8093299109e-01,7.8028885715e-01,7.7954351393e-01,7.7795152331e-01,7.7571169556e-01,7.7302441166e-01,7.7012849585e-01,7.6655028500e-01,7.6079672549e-01,7.5420949055e-01,7.4831084016e-01,7.3948531218e-01,7.3046811039e-01,7.2163275705e-01,7.1137467086e-01,7.0252782811e-01,6.9331098068e-01,6.8456730368e-01,6.7662606906e-01,6.6696293223e-01,6.5078141159e-01,6.2429725851e-01,5.7829063214e-01,5.0172943834e-01,3.9229066494e-01,2.4167216062e-01,7.9063413838e-02,8.7479904497e-03,5.1527615484e-04,1.9162730360e-05,0.0000000000e+00,0.0000000000e+00,0.0000000000e+00,0.0000000000e+00,0.0000000000e+00,0.0000000000e+00,0.0000000000e+00,0.0000000000e+00,0.0000000000e+00,0.0000000000e+00,0.0000000000e+00,0.0000000000e+00,0.0000000000e+00,0.0000000000e+00,0.0000000000e+00,0.0000000000e+00,0.0000000000e+00,0.0000000000e+00,0.0000000000e+00,0.0000000000e+00,0.0000000000e+00,0.0000000000e+00,0.0000000000e+00,0.0000000000e+00,0.0000000000e+00,0.0000000000e+00,0.0000000000e+00,0.0000000000e+00,0.0000000000e+00,0.0000000000e+00,0.0000000000e+00,0.0000000000e+00,0.0000000000e+00,0.0000000000e+00,0.0000000000e+00,0.0000000000e+00,0.0000000000e+00,0.0000000000e+00,0.0000000000e+00,0.0000000000e+00,0.0000000000e+00,0.0000000000e+00,0.0000000000e+00,0.0000000000e+00,0.0000000000e+00,0.0000000000e+00,0.0000000000e+00,0.0000000000e+00,0.0000000000e+00,0.0000000000e+00,0.0000000000e+00,0.0000000000e+00,0.0000000000e+00,0.0000000000e+00,0.0000000000e+00,0.0000000000e+00,0.0000000000e+00,0.0000000000e+00,0.0000000000e+00,0.0000000000e+00,0.0000000000e+00,0.0000000000e+00,0.0000000000e+00,0.0000000000e+00
1.5238240441e+01,7.7062266049e-01,7.7062266049e-01,7.7062266049e-01,7.7062266049e-01,7.7062266049e-01,7.7062266049e-01,7.7062266049e-01,7.7062266049e-01,7.7062266049e-01,7.7062266049e-01,7.7062266049e-01,7.7062266049e-01,7.7062266049e-01,7.7062266049e-01,7.7062266049e-01,7.7062266049e-01,7.7062266049e-01,7.7062266049e-01,7.7062266049e-01,7.7062266049e-01,7.7062266049e-01,7.7062266049e-01,7.7062266049e-01,7.7062266049e-01,7.7062266049e-01,7.7062266049e-01,7.7062266049e-01,7.7062266049e-01,7.7062266049e-01,7.7062266049e-01,7.7062266049e-01,7.7062266049e-01,7.7062266049e-01,7.7062266049e-01,7.7062266049e-01,7.7062266049e-01,7.7062266049e-01,7.7062266049e-01,7.7062266049e-01,7.7062266049e-01,7.7062266049e-01,7.7062266049e-01,7.7062266049e-01,7.7062266049e-01,7.7062266049e-01,7.7062266049e-01,7.7062266049e-01,7.7062266049e-01,7.7062266049e-01,7.7062266049e-01,7.7062266049e-01,7.7062266049e-01,7.7062266049e-01,7.7062266049e-01,7.7062266049e-01,7.7062266049e-01,7.7062266049e-01,7.7062266049e-01,7.7062266049e-01,7.7062266049e-01,7.7062266049e-01,7.7062266049e-01,7.7062266049e-01,7.7062266049e-01,7.7062266049e-01,7.7062255527e-01,7.7062213614e-01,7.7062168020e-01,7.7062118422e-01,7.7062064468e-01,7.7062005776e-01,7.7061941929e-01,7.7061872475e-01,7.7061796922e-01,7.7061714732e-01,7.7061625325e-01,7.7061528066e-01,7.7061422265e-01,7.7061281109e-01,7.7061027771e-01,7.7060752184e-01,7.7060452395e-01,7.7060126278e-01,7.7059771522e-01,7.7059365427e-01,7.7058800374e-01,7.7058185700e-01,7.7057517048e-01,7.7056750893e-01,7.7055686017e-01,7.7054527636e-01,7.7053218921e-01,7.7051535555e-01,7.7049704390e-01,7.7047697017e-01,7.7045508854e-01,7.7043208523e-01,7.7040748164e-01,7.7038274613e-01,7.7035114464e-01,7.7030830612e-01,7.7023310946e-01,7.7000786135e-01,7.6969733836e-01,7.6935644492e-01,7.6894055604e-01,7.6841286194e-01,7.6783652389e-01,7.6716937647e-01,7.6574553265e-01,7.6374243332e-01,7.6133747948e-01,7.5874300306e-01,7.5553600628e-01,7.5037890406e-01,7.4446964777e-01,7.3917092940e-01,7.3124088374e-01,7.2313062984e-01,7.1517064249e-01,7.0590504291e-01,6.9785289508e-01,6.8942019966e-01,6.8137216855e-01,6.7398193252e-01,6.6489093356e-01,6.4942135946e-01,6.2383937737e-01,5.7939751764e-01,5.0518533784e-01,3.9847154071e-01,2.4982156505e-01,8.5426688994e-02,1.0514324070e-02,7.0846304144e-04,3.0941238111e-05,0.0000000000e+00,0.0000000000e+00,0.0000000000e+00,0.0000000000e+00,0.0000000000e+00,0.0000000000e+00,0.0000000000e+00,0.0000000000e+00,0.0000000000e+00,0.0000000000e+00,0.0000000000e+00,0.0000000000e+00,0.0000000000e+00,0.0000000000e+00,0.0000000000e+00,0.0000000000e+00,0.0000000000e+00,0.0000000000e+00,0.0000000000e+00,0.0000000000e+00,0.0000000000e+00,0.0000000000e+00,0.0000000000e+00,0.0000000000e+00,0.0000000000e+00,0.0000000000e+00,0.0000000000e+00,0.0000000000e+00,0.0000000000e+00,0.0000000000e+00,0.0000000000e+00,0.0000000000e+00,0.0000000000e+00,0.0000000000e+00,0.0000000000e+00,0.0000000000e+00,0.0000000000e+00,0.0000000000e+00,0.0000000000e+00,0.0000000000e+00,0.0000000000e+00,0.0000000000e+00,0.0000000000e+00,0.0000000000e+00,0.0000000000e+00,0.0000000000e+00,0.0000000000e+00,0.0000000000e+00,0.0000000000e+00,0.0000000000e+00,0.0000000000e+00,0.0000000000e+00,0.0000000000e+00,0.0000000000e+00,0.0000000000e+00,0.0000000000e+00,0.0000000000e+00,0.0000000000e+00,0.0000000000e+00,0.0000000000e+00,0.0000000000e+00,0.0000000000e+00,0.0000000000e+00,0.0000000000e+00
1.6015777915e+01,7.5888056338e-01,7.5888056338e-01,7.5888056338e-01,7.5888056338e-01,7.5888056338e-01,7.5888056338e-01,7.5888056338e-01,7.5888056338e-01,7.5888056338e-01,7.5888056338e-01,7.5888056338e-01,7.5888056338e-01,7.5888056338e-01,7.5888056338e-01,7.5888056338e-01,7.5888056338e-01,7.5888056338e-01,7.5888056338e-01,7.5888056338e-01,7.5888056338e-01,7.5888056338e-01,7.5888056338e-01,7.5888056338e-01,7.5888056338e-01,7.5888056338e-01,7.5888056338e-01,7.5888056338e-01,7.5888056338e-01,7.5888056338e-01,7.5888056338e-01,7.5888056338e-01,7.5888056338e-01,7.5888056338e-01,7.5888056338e-01,7.5888056338e-01,7.5888056338e-01,7.5888056338e-01,7.5888056338e-01,7.5888056338e-01,7.5888056338e-01,7.5888056338e-01,7.5888056338e-01,7.5888056338e-01,7.5888056338e-01,7.5888056338e-01,7.5888056338e-01,7.5888056338e-01,7.5888056338e-01,7.5888056338e-01,7.5888056338e-01,7.5888056338e-01,7.5888056338e-01,7.5888056338e-01,7.5888056338e-01,7.5888056338e-01,7.5888056338e-01,7.5888056338e-01,7.5888056338e-01,7.5888056338e-01,7.5888056338e-01,7.5888056338e-01,7.5888056338e-01,7.5888056338e-01,7.5888056338e-01,7.5888056338e-01,7.5888046945e-01,7.5888009531e-01,7.5887968832e-01,7.5887924558e-01,7.5887876396e-01,7.5887824004e-01,7.5887767011e-01,7.5887705012e-01,7.5887637569e-01,7.5887564202e-01,7.5887484392e-01,7.5887397573e-01,7.5887303129e-01,7.5887177106e-01,7.5886950862e-01,7.5886704750e-01,7.5886437024e-01,7.5886145785e-01,7.5885828970e-01,7.5885466264e-01,7.5884961329e-01,7.5884412051e-01,7.5883814539e-01,7.5883129776e-01,7.5882177354e-01,7.5881141299e-01,7.5879970643e-01,7.5878464136e-01,7.5876825355e-01,7.5875027576e-01,7.5873067500e-01,7.5871004790e-01,7.5868797599e-01,7.5866574727e-01,7.5863735459e-01,7.5859888774e-01,7.5853148254e-01,7.5833009197e-01,7.5805248384e-01,7.5774762161e-01,7.5737552274e-01,7.5690316533e-01,7.5638710741e-01,7.5578952706e-01,7.5451510564e-01,7.5272234238e-01,7.5056852168e-01,7.4824265461e-01,7.4536662568e-01,7.4074139865e-01,7.3543749064e-01,7.3067552668e-01,7.2354721786e-01,7.1624989977e-01,7.0907526173e-01,7.0069909308e-01,6.9335567813e-01,6.8561760868e-01,6.7818117819e-01,6.7126898356e-01,6.6266822981e-01,6.4782244712e-01,6.2304166826e-01,5.8003598328e-01,5.0807275906e-01,4.0405259740e-01,2.5760439462e-01,9.1922420217e-02,1.2523343040e-02,9.5930588271e-04,4.8849414052e-05,0.0000000000e+00,0.0000000000e+00,0.0000000000e+00,0.0000000000e+00,0.0000000000e+00,0.0000000000e+00,0.0000000000e+00,0.0000000000e+00,0.0000000000e+00,0.0000000000e+00,0.0000000000e+00,0.0000000000e+00,0.0000000000e+00,0.0000000000e+00,0.0000000000e+00,0.0000000000e+00,0.0000000000e+00,0.0000000000e+00,0.0000000000e+00,0.0000000000e+00,0.0000000000e+00,0.0000000000e+00,0.0000000000e+00,0.0000000000e+00,0.0000000000e+00,0.0000000000e+00,0.0000000000e+00,0.0000000000e+00,0.0000000000e+00,0.0000000000e+00,0.0000000000e+00,0.0000000000e+00,0.0000000000e+00,0.0000000000e+00,0.0000000000e+00,0.0000000000e+00,0.0000000000e+00,0.0000000000e+00,0.0000000000e+00,0.0000000000e+00,0.0000000000e+00,0.0000000000e+00,0.0000000000e+00,0.0000000000e+00,0.0000000000e+00,0.0000000000e+00,0.0000000000e+00,0.0000000000e+00,0.0000000000e+00,0.0000000000e+00,0.0000000000e+00,0.0000000000e+00,0.0000000000e+00,0.0000000000e+00,0.0000000000e+00,0.0000000000e+00,0.0000000000e+00,0.0000000000e+00,0.0000000000e+00,0.0000000000e+00,0.0000000000e+00,0.0000000000e+00,0.0000000000e+00,0.0000000000e+00
1.6832989559e+01,7.4807749697e-01,7.4807749697e-01,7.4807749697e-01,7.4807749697e-01,7.4807749697e-01,7.4807749697e-01,7.4807749697e-01,7.4807749697e-01,7.4807749697e-01,7.4807749697e-01,7.4807749697e-01,7.4807749697e-01,7.4807749697e-01,7.4807749697e-01,7.4807749697e-01,7.4807749697e-01,7.4807749697e-01,7.4807749697e-01,7.4807749697e-01,7.4807749697e-01,7.4807749697e-01,7.4807749697e-01,7.4807749697e-01,7.4807749697e-01,7.4807749697e-01,7.4807749697e-01,7.4807749697e-01,7.4807749697e-01,7.4807749697e-01,7.4807749697e-01,7.4807749697e-01,7.4807749697e-01,7.4807749697e-01,7.4807749697e-01,7.4807749697e-01,7.4807749697e-01,7.4807749697e-01,7.4807749697e-01,7.4807749697e-01,7.4807749697e-01,7.4807749697e-01,7.4807749697e-01,7.4807749697e-01,7.4807749697e-01,7.4807749697e-01,7.4807749697e-01,7.4807749697e-01,7.4807749697e-01,7.4807749697e-01,7.4807749697e-01,7.4807749697e-01,7.4807749697e-01,7.4807749697e-01,7.4807749697e-01,7.4807749697e-01,7.4807749697e-01,7.4807749697e-01,7.4807749697e-01,7.4807749697e-01,7.4807749697e-01,7.4807749697e-01,7.4807749697e-01,7.4807749697e-01,7.4807749697e-01,7.4807749697e-01,7.4807741305e-01,7.4807707877e-01,7.4807671513e-01,7.4807631956e-01,7.4807588924e-01,7.4807542114e-01,7.4807491192e-01,7.4807435798e-01,7.4807375539e-01,7.4807309988e-01,7.4807238681e-01,7.4807161110e-01,7.4807076728e-01,7.4806964113e-01,7.4806761888e-01,7.4806541904e-01,7.4806302601e-01,7.4806042282e-01,7.4805759101e-01,7.4805434865e-01,7.4804983275e-01,7.4804492027e-01,7.4803957640e-01,7.4803345122e-01,7.4802492628e-01,7.4801565275e-01,7.4800517326e-01,7.4799168133e-01,7.4797700474e-01,7.4796089341e-01,7.4794332440e-01,7.4792481756e-01,7.4790500629e-01,7.4788502241e-01,7.4785950206e-01,7.4782494466e-01,7.4776448716e-01,7.4758428431e-01,7.4733590360e-01,7.4706305234e-01,7.4672988594e-01,7.4630676601e-01,7.4584436799e-01,7.4530874731e-01,7.4416726262e-01,7.4256159864e-01,7.4063139148e-01,7.3854508960e-01,7.3596437975e-01,7.3181378942e-01,7.2705068815e-01,7.2276908619e-01,7.1635875476e-01,7.0979009034e-01,7.0331962865e-01,6.9573975232e-01,6.8902690987e-01,6.8190164616e-01,6.7499926920e-01,6.6849723338e-01,6.6031069114e-01,6.4600638260e-01,6.2193418925e-01,5.8024355838e-01,5.1042841343e-01,4.0906051302e-01,2.6501593939e-01,9.8530123421e-02,1.4788725301e-02,1.2802398190e-03,7.5493623961e-05,0.0000000000e+00,0.0000000000e+00,0.0000000000e+00,0.0000000000e+00,0.0000000000e+00,0.0000000000e+00,0.0000000000e+00,0.0000000000e+00,0.0000000000e+00,0.0000000000e+00,0.0000000000e+00,0.0000000000e+00,0.0000000000e+00,0.0000000000e+00,0.0000000000e+00,0.0000000000e+00,0.0000000000e+00,0.0000000000e+00,0.0000000000e+00,0.0000000000e+00,0.0000000000e+00,0.0000000000e+00,0.0000000000e+00,0.0000000000e+00,0.0000000000e+00,0.0000000000e+00,0.0000000000e+00,0.0000000000e+00,0.0000000000e+00,0.0000000000e+00,0.0000000000e+00,0.0000000000e+00,0.0000000000e+00,0.0000000000e+00,0.0000000000e+00,0.0000000000e+00,0.0000000000e+00,0.0000000000e+00,0.0000000000e+00,0.0000000000e+00,0.0000000000e+00,0.0000000000e+00,0.0000000000e+00,0.0000000000e+00,0.0000000000e+00,0.0000000000e+00,0.0000000000e+00,0.0000000000e+00,0.0000000000e+00,0.0000000000e+00,0.0000000000e+00,0.0000000000e+00,0.0000000000e+00,0.0000000000e+00,0.0000000000e+00,0.0000000000e+00,0.0000000000e+00,0.0000000000e+00,0.0000000000e+00,0.0000000000e+00,0.0000000000e+00,0.0000000000e+00,0.0000000000e+00,0.0000000000e+00
1.7691899762e+01,7.3812092805e-01,7.3812092805e-01,7.3812092805e-01,7.3812092805e-01,7.3812092805e-01,7.3812092805e-01,7.3812092805e-01,7.3812092805e-01,7.3812092805e-01,7.3812092805e-01,7.3812092805e-01,7.3812092805e-01,7.3812092805e-01,7.3812092805e-01,7.3812092805e-01,7.3812092805e-01,7.3812092805e-01,7.3812092805e-01,7.3812092805e-01,7.3812092805e-01,7.3812092805e-01,7.3812092805e-01,7.3812092805e-01,7.3812092805e-01,7.3812092805e-01,7.3812092805e-01,7.3812092805e-01,7.3812092805e-01,7.3812092805e-01,7.3812092805e-01,7.3812092805e-01,7.3812092805e-01,7.3812092805e-01,7.3812092805e-01,7.3812092805e-01,7.3812092805e-01,7.3812092805e-01,7.3812092805e-01,7.3812092805e-01,7.3812092805e-01,7.3812092805e-01,7.3812092805e-01,7.3812092805e-01,7.3812092805e-01,7.3812092805e-01,7.3812092805e-01,7.3812092805e-01,7.3812092805e-01,7.3812092805e-01,7.3812092805e-01,7.3812092805e-01,7.3812092805e-01,7.3812092805e-01,7.3812092805e-01,7.3812092805e-01,7.3812092805e-01,7.3812092805e-01,7.3812092805e-01,7.3812092805e-01,7.3812092805e-01,7.3812092805e-01,7.3812092805e-01,7.3812092805e-01,7.3812092805e-01,7.3812092805e-01,7.3812085300e-01,7.3812055408e-01,7.3812022891e-01,7.3811987518e-01,7.3811949039e-01,7.3811907180e-01,7.3811861645e-01,7.3811812110e-01,7.3811758226e-01,7.3811699609e-01,7.3811635844e-01,7.3811566479e-01,7.3811491022e-01,7.3811390306e-01,7.3811209405e-01,7.3811012616e-01,7.3810798546e-01,7.3810565675e-01,7.3810312353e-01,7.3810022275e-01,7.3809618086e-01,7.3809178402e-01,7.3808700106e-01,7.3808151799e-01,7.3807388218e-01,7.3806557585e-01,7.3805618837e-01,7.3804409742e-01,7.3803094481e-01,7.3801649748e-01,7.3800074040e-01,7.3798412740e-01,7.3796633671e-01,7.3794836468e-01,7.3792541761e-01,7.3789435943e-01,7.3784010386e-01,7.3767874220e-01,7.3745634844e-01,7.3721197268e-01,7.3691346189e-01,7.3653420233e-01,7.3611962372e-01,7.3563924552e-01,7.3461616082e-01,7.3317710590e-01,7.3144620056e-01,7.2957373575e-01,7.2725672973e-01,7.2352998684e-01,7.1925027599e-01,7.1539864841e-01,7.0963138917e-01,7.0371575234e-01,6.9787620644e-01,6.9100839229e-01,6.8485506982e-01,6.7826790668e-01,6.7182812194e-01,6.6567317686e-01,6.5783048851e-01,6.4399108775e-01,6.2054294200e-01,5.8005437010e-01,5.1228732600e-01,4.1352325851e-01,2.7205522828e-01,1.0522990877e-01,1.7322355419e-02,1.6851387800e-03,1.1432971466e-04,0.0000000000e+00,0.0000000000e+00,0.0000000000e+00,0.0000000000e+00,0.0000000000e+00,0.0000000000e+00,0.0000000000e+00,0.0000000000e+00,0.0000000000e+00,0.0000000000e+00,0.0000000000e+00,0.0000000000e+00,0.0000000000e+00,0.0000000000e+00,0.0000000000e+00,0.0000000000e+00,0.0000000000e+00,0.0000000000e+00,0.0000000000e+00,0.0000000000e+00,0.0000000000e+00,0.0000000000e+00,0.0000000000e+00,0.0000000000e+00,0.0000000000e+00,0.0000000000e+00,0.0000000000e+00,0.0000000000e+00,0.0000000000e+00,0.0000000000e+00,0.0000000000e+00,0.0000000000e+00,0.0000000000e+00,0.0000000000e+00,0.0000000000e+00,0.0000000000e+00,0.0000000000e+00,0.0000000000e+00,0.0000000000e+00,0.0000000000e+00,0.0000000000e+00,0.0000000000e+00,0.0000000000e+00,0.0000000000e+00,0.0000000000e+00,0.0000000000e+00,0.0000000000e+00,0.0000000000e+00,0.0000000000e+00,0.0000000000e+00,0.0000000000e+00,0.0000000000e+00,0.0000000000e+00,0.0000000000e+00,0.0000000000e+00,0.0000000000e+00,0.0000000000e+00,0.0000000000e+00,0.0000000000e+00,0.0000000000e+00,0.0000000000e+00,0.0000000000e+00,0.0000000000e+00,0.0000000000e+00
1.8594636211e+01,7.2892564047e-01,7.2892564047e-01,7.2892564047e-01,7.2892564047e-01,7.2892564047e-01,7.2892564047e-01,7.2892564047e-01,7.2892564047e-01,7.2892564047e-01,7.2892564047e-01,7.2892564047e-01,7.2892564047e-01,7.2892564047e-01,7.2892564047e-01,7.2892564047e-01,7.2892564047e-01,7.2892564047e-01,7.2892564047e-01,7.2892564047e-01,7.2892564047e-01,7.2892564047e-01,7.2892564047e-01,7.2892564047e-01,7.2892564047e-01,7.2892564047e-01,7.2892564047e-01,7.2892564047e-01,7.2892564047e-01,7.2892564047e-01,7.2892564047e-01,7.2892564047e-01,7.2892564047e-01,7.2892564047e-01,7.2892564047e-01,7.2892564047e-01,7.2892564047e-01,7.2892564047e-01,7.2892564047e-01,7.2892564047e-01,7.2892564047e-01,7.2892564047e-01,7.2892564047e-01,7.2892564047e-01,7.2892564047e-01,7.2892564047e-01,7.2892564047e-01,7.2892564047e-01,7.2892564047e-01,7.2892564047e-01,7.2892564047e-01,7.2892564047e-01,7.2892564047e-01,7.2892564047e-01,7.2892564047e-01,7.2892564047e-01,7.2892564047e-01,7.2892564047e-01,7.2892564047e-01,7.2892564047e-01,7.2892564047e-01,7.2892564047e-01,7.2892564047e-01,7.2892564047e-01,7.2892564047e-01,7.2892564047e-01,7.2892557330e-01,7.2892530580e-01,7.2892501480e-01,7.2892469825e-01,7.2892435389e-01,7.2892397929e-01,7.2892357180e-01,7.2892312851e-01,7.2892264629e-01,7.2892212173e-01,7.2892155109e-01,7.2892093034e-01,7.2892025507e-01,7.2891935364e-01,7.2891773418e-01,7.2891597249e-01,7.2891405610e-01,7.2891197140e-01,7.2890970361e-01,7.2890710653e-01,7.2890348638e-01,7.2889954832e-01,7.2889526441e-01,7.2889035280e-01,7.2888350906e-01,7.2887606435e-01,7.2886764984e-01,7.2885680800e-01,7.2884501416e-01,7.2883205197e-01,7.2881791247e-01,7.2880299269e-01,7.2878700970e-01,7.2877084205e-01,7.2875020208e-01,7.2872227853e-01,7.2867356475e-01,7.2852897828e-01,7.2832971893e-01,7.2811070414e-01,7.2784307724e-01,7.2750293018e-01,7.2713101045e-01,7.2669993462e-01,7.2578241225e-01,7.2449186987e-01,7.2293875595e-01,7.2125730699e-01,7.1917593117e-01,7.1582791441e-01,7.1198045703e-01,7.0851372986e-01,7.0332248532e-01,6.9799194425e-01,6.9271712595e-01,6.8648514026e-01,6.8082675227e-01,6.7470954789e-01,6.6866659500e-01,6.6280024563e-01,6.5523653678e-01,6.4179113698e-01,6.1889027454e-01,5.7949933370e-01,5.1368276309e-01,4.1746959523e-01,2.7872460242e-01,1.1200262832e-01,2.0134093618e-02,2.1892254721e-03,1.6984569560e-04,0.0000000000e+00,0.0000000000e+00,0.0000000000e+00,0.0000000000e+00,0.0000000000e+00,0.0000000000e+00,0.0000000000e+00,0.0000000000e+00,0.0000000000e+00,0.0000000000e+00,0.0000000000e+00,0.0000000000e+00,0.0000000000e+00,0.0000000000e+00,0.0000000000e+00,0.0000000000e+00,0.0000000000e+00,0.0000000000e+00,0.0000000000e+00,0.0000000000e+00,0.0000000000e+00,0.0000000000e+00,0.0000000000e+00,0.0000000000e+00,0.0000000000e+00,0.0000000000e+00,0.0000000000e+00,0.0000000000e+00,0.0000000000e+00,0.0000000000e+00,0.0000000000e+00,0.0000000000e+00,0.0000000000e+00,0.0000000000e+00,0.0000000000e+00,0.0000000000e+00,0.0000000000e+00,0.0000000000e+00,0.0000000000e+00,0.0000000000e+00,0.0000000000e+00,0.0000000000e+00,0.0000000000e+00,0.0000000000e+00,0.0000000000e+00,0.0000000000e+00,0.0000000000e+00,0.0000000000e+00,0.0000000000e+00,0.0000000000e+00,0.0000000000e+00,0.0000000000e+00,0.0000000000e+00,0.0000000000e+00,0.0000000000e+00,0.0000000000e+00,0.0000000000e+00,0.0000000000e+00,0.0000000000e+00,0.0000000000e+00,0.0000000000e+00,0.0000000000e+00,0.0000000000e+00,0.0000000000e+00
1.9543435158e+01,7.2048351190e-01,7.2048351190e-01,7.2048351190e-01,7.2048351190e-01,7.2048351190e-01,7.2048351190e-01,7.2048351190e-01,7.2048351190e-01,7.2048351190e-01,7.2048351190e-01,7.2048351190e-01,7.2048351190e-01,7.2048351190e-01,7.2048351190e-01,7.2048351190e-01,7.2048351190e-01,7.2048351190e-01,7.2048351190e-01,7.2048351190e-01,7.2048351190e-01,7.2048351190e-01,7.2048351190e-01,7.2048351190e-01,7.2048351190e-01,7.2048351190e-01,7.2048351190e-01,7.2048351190e-01,7.2048351190e-01,7.2048351190e-01,7.2048351190e-01,7.2048351190e-01,7.2048351190e-01,7.2048351190e-01,7.2048351190e-01,7.2048351190e-01,7.2048351190e-01,7.2048351190e-01,7.2048351190e-01,7.2048351190e-01,7.2048351190e-01,7.2048351190e-01,7.2048351190e-01,7.2048351190e-01,7.2048351190e-01,7.2048351190e-01,7.2048351190e-01,7.2048351190e-01,7.2048351190e-01,7.2048351190e-01,7.2048351190e-01,7.2048351190e-01,7.2048351190e-01,7.2048351190e-01,7.2048351190e-01,7.2048351190e-01,7.2048351190e-01,7.2048351190e-01,7.2048351190e-01,7.2048351190e-01,7.2048351190e-01,7.2048351190e-01,7.2048351190e-01,7.2048351190e-01,7.2048351190e-01,7.2048351190e-01,7.2048351190e-01,7.2048351190e-01,7.2048332365e-01,7.2048299047e-01,7.2048262802e-01,7.2048223374e-01,7.2048180484e-01,7.2048133827e-01,7.2048083072e-01,7.2048027859e-01,7.2047967798e-01,7.2047902462e-01,7.2047831388e-01,7.2047754071e-01,7.2047669965e-01,7.2047530981e-01,7.2047339891e-01,7.2047132019e-01,7.2046905891e-01,7.2046659904e-01,7.2046392315e-01,7.2046045697e-01,7.2045607287e-01,7.2045130376e-01,7.2044611584e-01,7.2043944233e-01,7.2043105810e-01,7.2042193764e-01,7.2041147006e-01,7.2039952063e-01,7.2038662343e-01,7.2037337547e-01,7.2035909834e-01,7.2034446539e-01,7.2032614115e-01,7.2030294593e-01,7.2024514699e-01,7.2012232949e-01,7.1994843186e-01,7.1975177868e-01,7.1951201781e-01,7.1920806179e-01,7.1887283955e-01,7.1848078859e-01,7.1763829382e-01,7.1648098935e-01,7.1508713015e-01,7.1357492781e-01,7.1168254281e-01,7.0867999981e-01,7.0520653485e-01,7.0208280606e-01,6.9739945342e-01,6.9259422440e-01,6.8781821907e-01,6.8216784926e-01,6.7696003982e-01,6.7124047217e-01,6.6554163134e-01,6.5988953957e-01,6.5255894940e-01,6.3944777503e-01,6.1697571687e-01,5.7863684916e-01,5.1466752964e-01,4.2090841157e-01,2.8492445042e-01,1.1877505981e-01,2.3221342443e-02,2.8086268761e-03,2.4526180300e-04,2.3265394750e-05,4.0045162279e-06,0.0000000000e+00,0.0000000000e+00,0.0000000000e+00,0.0000000000e+00,0.0000000000e+00,0.0000000000e+00,0.0000000000e+00,0.0000000000e+00,0.0000000000e+00,0.0000000000e+00,0.0000000000e+00,0.0000000000e+00,0.0000000000e+00,0.0000000000e+00,0.0000000000e+00,0.0000000000e+00,0.0000000000e+00,0.0000000000e+00,0.0000000000e+00,0.0000000000e+00,0.0000000000e+00,0.0000000000e+00,0.0000000000e+00,0.0000000000e+00,0.0000000000e+00,0.0000000000e+00,0.0000000000e+00,0.0000000000e+00,0.0000000000e+00,0.0000000000e+00,0.0000000000e+00,0.0000000000e+00,0.0000000000e+00,0.0000000000e+00,0.0000000000e+00,0.0000000000e+00,0.0000000000e+00,0.0000000000e+00,0.0000000000e+00,0.0000000000e+00,0.0000000000e+00,0.0000000000e+00,0.0000000000e+00,0.0000000000e+00,0.0000000000e+00,0.0000000000e+00,0.0000000000e+00,0.0000000000e+00,0.0000000000e+00,0.0000000000e+00,0.0000000000e+00,0.0000000000e+00,0.0000000000e+00,0.0000000000e+00,0.0000000000e+00,0.0000000000e+00,0.0000000000e+00,0.0000000000e+00,0.0000000000e+00,0.0000000000e+00,0.0000000000e+00,0.0000000000e+00
2.0540646960e+01,7.1257352564e-01,7.1257352564e-01,7.1257352564e-01,7.1257352564e-01,7.1257352564e-01,7.1257352564e-01,7.1257352564e-01,7.1257352564e-01,7.1257352564e-01,7.1257352564e-01,7.1257352564e-01,7.1257352564e-01,7.1257352564e-01,7.1257352564e-01,7.1257352564e-01,7.1257352564e-01,7.1257352564e-01,7.1257352564e-01,7.1257352564e-01,7.1257352564e-01,7.1257352564e-01,7.1257352564e-01,7.1257352564e-01,7.1257352564e-01,7.1257352564e-01,7.1257352564e-01,7.1257352564e-01,7.1257352564e-01,7.1257352564e-01,7.1257352564e-01,7.1257352564e-01,7.1257352564e-01,7.1257352564e-01,7.1257352564e-01,7.1257352564e-01,7.1257352564e-01,7.1257352564e-01,7.1257352564e-01,7.1257352564e-01,7.1257352564e-01,7.1257352564e-01,7.1257352564e-01,7.1257352564e-01,7.1257352564e-01,7.1257352564e-01,7.1257352564e-01,7.1257352564e-01,7.1257352564e-01,7.1257352564e-01,7.1257352564e-01,7.1257352564e-01,7.1257352564e-01,7.1257352564e-01,7.1257352564e-01,7.1257352564e-01,7.1257352564e-01,7.1257352564e-01,7.1257352564e-01,7.1257352564e-01,7.1257352564e-01,7.1257352564e-01,7.1257352564e-01,7.1257352564e-01,7.1257352564e-01,7.1257352564e-01,7.1257352564e-01,7.1257352564e-01,7.1257335694e-01,7.1257305837e-01,7.1257273357e-01,7.1257238025e-01,7.1257199591e-01,7.1257157780e-01,7.1257112298e-01,7.1257062821e-01,7.1257008998e-01,7.1256950449e-01,7.1256886758e-01,7.1256817474e-01,7.1256742104e-01,7.1256617524e-01,7.1256446219e-01,7.1256259870e-01,7.1256057155e-01,7.1255836637e-01,7.1255596753e-01,7.1255285930e-01,7.1254892706e-01,7.1254464950e-01,7.1253999630e-01,7.1253400863e-01,7.1252648420e-01,7.1251829903e-01,7.1250890222e-01,7.1249817254e-01,7.1248659041e-01,7.1247468238e-01,7.1246184702e-01,7.1244867664e-01,7.1243218586e-01,7.1241131375e-01,7.1235940985e-01,7.1224922514e-01,7.1209323242e-01,7.1191679157e-01,7.1170160621e-01,7.1142871791e-01,7.1112768272e-01,7.1077553761e-01,7.1001918061e-01,7.0898016674e-01,7.0772815821e-01,7.0636879204e-01,7.0466688107e-01,7.0196620136e-01,6.9883953649e-01,6.9602391489e-01,6.9180303685e-01,6.8746667925e-01,6.8314185547e-01,6.7799371217e-01,6.7316673287e-01,6.6779863350e-01,6.6238022552e-01,6.5691456128e-01,6.4974815722e-01,6.3690596264e-01,6.1485189839e-01,5.7742668915e-01,5.1522543483e-01,4.2390871790e-01,2.9087383633e-01,1.2563976774e-01,2.6608443762e-02,3.5604977832e-03,3.5057204152e-04,3.7508396693e-05,7.1920111936e-06,0.0000000000e+00,0.0000000000e+00,0.0000000000e+00,0.0000000000e+00,0.0000000000e+00,0.0000000000e+00,0.0000000000e+00,0.0000000000e+00,0.0000000000e+00,0.0000000000e+00,0.0000000000e+00,0.0000000000e+00,0.0000000000e+00,0.0000000000e+00,0.0000000000e+00,0.0000000000e+00,0.0000000000e+00,0.0000000000e+00,0.0000000000e+00,0.0000000000e+00,0.0000000000e+00,0.0000000000e+00,0.0000000000e+00,0.0000000000e+00,0.0000000000e+00,0.0000000000e+00,0.0000000000e+00,0.0000000000e+00,0.0000000000e+00,0.0000000000e+00,0.0000000000e+00,0.0000000000e+00,0.0000000000e+00,0.0000000000e+00,0.0000000000e+00,0.0000000000e+00,0.0000000000e+00,0.0000000000e+00,0.0000000000e+00,0.0000000000e+00,0.0000000000e+00,0.0000000000e+00,0.0000000000e+00,0.0000000000e+00,0.0000000000e+00,0.0000000000e+00,0.0000000000e+00,0.0000000000e+00,0.0000000000e+00,0.0000000000e+00,0.0000000000e+00,0.0000000000e+00,0.0000000000e+00,0.0000000000e+00,0.0000000000e+00,0.0000000000e+00,0.0000000000e+00,0.0000000000e+00,0.0000000000e+00,0.0000000000e+00,0.0000000000e+00,0.0000000000e+00
2.1588741905e+01,7.0523266636e-01,7.0523266636e-01,7.0523266636e-01,7.0523266636e-01,7.0523266636e-01,7.0523266636e-01,7.0523266636e-01,7.0523266636e-01,7.0523266636e-01,7.0523266636e-01,7.0523266636e-01,7.0523266636e-01,7.0523266636e-01,7.0523266636e-01,7.0523266636e-01,7.0523266636e-01,7.0523266636e-01,7.0523266636e-01,7.0523266636e-01,7.0523266636e-01,7.0523266636e-01,7.0523266636e-01,7.0523266636e-01,7.0523266636e-01,7.0523266636e-01,7.0523266636e-01,7.0523266636e-01,7.0523266636e-01,7.0523266636e-01,7.0523266636e-01,7.0523266636e-01,7.0523266636e-01,7.0523266636e-01,7.0523266636e-01,7.0523266636e-01,7.0523266636e-01,7.0523266636e-01,7.0523266636e-01,7.0523266636e-01,7.0523266636e-01,7.0523266636e-01,7.0523266636e-01,7.0523266636e-01,7.0523266636e-01,7.0523266636e-01,7.0523266636e-01,7.0523266636e-01,7.0523266636e-01,7.0523266636e-01,7.0523266636e-01,7.0523266636e-01,7.0523266636e-01,7.0523266636e-01,7.0523266636e-01,7.0523266636e-01,7.0523266636e-01,7.0523266636e-01,7.0523266636e-01,7.0523266636e-01,7.0523266636e-01,7.0523266636e-01,7.0523266636e-01,7.0523266636e-01,7.0523266636e-01,7.0523266636e-01,7.0523266636e-01,7.0523266636e-01,7.0523266636e-01,7.0523266636e-01,7.0523266636e-01,7.0523266636e-01,7.0523266636e-01,7.0523266636e-01,7.0523266636e-01,7.0523266636e-01,7.0523237588e-01,7.0523136359e-01,7.0523026240e-01,7.0522906450e-01,7.0522776140e-01,7.0522634385e-01,7.0522480182e-01,7.0522312436e-01,7.0522129958e-01,7.0521931454e-01,7.0521715518e-01,7.0521480617e-01,7.0521225088e-01,7.0520882143e-01,7.0520308400e-01,7.0519684273e-01,7.0519005339e-01,7.0518266785e-01,7.0517463376e-01,7.0516583212e-01,7.0515597089e-01,7.0514524375e-01,7.0513357469e-01,7.0512022670e-01,7.0510274231e-01,7.0508372285e-01,7.0504294448e-01,7.0491566648e-01,7.0477723641e-01,7.0461630523e-01,7.0443887390e-01,7.0420021830e-01,7.0392992649e-01,7.0362756787e-01,7.0294492134e-01,7.0198900724e-01,7.0091600639e-01,6.9970354915e-01,6.9833480341e-01,6.9581982736e-01,6.9304451826e-01,6.9047823363e-01,6.8685808790e-01,6.8295702807e-01,6.7895544468e-01,6.7417016622e-01,6.6970249532e-01,6.6465792335e-01,6.5946208739e-01,6.5413148444e-01,6.4705552876e-01,6.3441210908e-01,6.1259165299e-01,5.7599722875e-01,5.1529582686e-01,4.2631728648e-01,2.9607184156e-01,1.3206777001e-01,3.0302297302e-02,4.4946386172e-03,5.0173790586e-04,6.0790141587e-05,1.1450499872e-05,3.8187856214e-06,2.2662117120e-06,1.7464402912e-06,1.5592210583e-06,1.4081492769e-06,1.2656109559e-06,1.1294884304e-06,1.0176662078e-06,0.0000000000e+00,0.0000000000e+00,0.0000000000e+00,0.0000000000e+00,0.0000000000e+00,0.0000000000e+00,0.0000000000e+00,0.0000000000e+00,0.0000000000e+00,0.0000000000e+00,0.0000000000e+00,0.0000000000e+00,0.0000000000e+00,0.0000000000e+00,0.0000000000e+00,0.0000000000e+00,0.0000000000e+00,0.0000000000e+00,0.0000000000e+00,0.0000000000e+00,0.0000000000e+00,0.0000000000e+00,0.0000000000e+00,0.0000000000e+00,0.0000000000e+00,0.0000000000e+00,0.0000000000e+00,0.0000000000e+00,0.0000000000e+00,0.0000000000e+00,0.0000000000e+00,0.0000000000e+00,0.0000000000e+00,0.0000000000e+00,0.0000000000e+00,0.0000000000e+00,0.0000000000e+00,0.0000000000e+00,0.0000000000e+00,0.0000000000e+00,0.0000000000e+00,0.0000000000e+00,0.0000000000e+00,0.0000000000e+00,0.0000000000e+00,0.0000000000e+00,0.0000000000e+00,0.0000000000e+00,0.0000000000e+00,0.0000000000e+00,0.0000000000e+00,0.0000000000e+00,0.0000000000e+00,0.0000000000e+00
2.2690316324e+01,6.9834916787e-01,6.9834916787e-01,6.9834916787e-01,6.9834916787e-01,6.9834916787e-01,6.9834916787e-01,6.9834916787e-01,6.9834916787e-01,6.9834916787e-01,6.9834916787e-01,6.9834916787e-01,6.9834916787e-01,6.9834916787e-01,6.9834916787e-01,6.9834916787e-01,6.9834916787e-01,6.9834916787e-01,6.9834916787e-01,6.9834916787e-01,6.9834916787e-01,6.9834916787e-01,6.9834916787e-01,6.9834916787e-01,6.9834916787e-01,6.9834916787e-01,6.9834916787e-01,6.9834916787e-01,6.9834916787e-01,6.9834916787e-01,6.9834916787e-01,6.9834916787e-01,6.9834916787e-01,6.9834916787e-01,6.9834916787e-01,6.9834916787e-01,6.9834916787e-01,6.9834916787e-01,6.9834916787e-01,6.9834916787e-01,6.9834916787e-01,6.9834916787e-01,6.9834916787e-01,6.9834916787e-01,6.9834916787e-01,6.9834916787e-01,6.9834916787e-01,6.9834916787e-01,6.9834916787e-01,6.9834916787e-01,6.9834916787e-01,6.9834916787e-01,6.9834916787e-01,6.9834916787e-01,6.9834916787e-01,6.9834916787e-01,6.9834916787e-01,6.9834916787e-01,6.9834916787e-01,6.9834916787e-01,6.9834916787e-01,6.9834916787e-01,6.9834916787e-01,6.9834916787e-01,6.9834916787e-01,6.9834916787e-01,6.9834916787e-01,6.9834916787e-01,6.9834916787e-01,6.9834916787e-01,6.9834916787e-01,6.9834916787e-01,6.9834916787e-01,6.9834916787e-01,6.9834916787e-01,6.9834916787e-01,6.9834890720e-01,6.9834799879e-01,6.9834701061e-01,6.9834593564e-01,6.9834476626e-01,6.9834349419e-01,6.9834211040e-01,6.9834060508e-01,6.9833896756e-01,6.9833718623e-01,6.9833524846e-01,6.9833314051e-01,6.9833084744e-01,6.9832776880e-01,6.9832261547e-01,6.9831700960e-01,6.9831091144e-01,6.9830427778e-01,6.9829706159e-01,6.9828915392e-01,6.9828028486e-01,6.9827063699e-01,6.9826014196e-01,6.9824813438e-01,6.9823239490e-01,6.9821527352e-01,6.9817862440e-01,6.9806435877e-01,6.9794007903e-01,6.9779554708e-01,6.9763618234e-01,6.9742173224e-01,6.9717881800e-01,6.9690698449e-01,6.9629358390e-01,6.9543453004e-01,6.9446977134e-01,6.9337871017e-01,6.9214595184e-01,6.8988087480e-01,6.8737864253e-01,6.8506099313e-01,6.8179211243e-01,6.7826324318e-01,6.7462603957e-01,6.7024242212e-01,6.6605990548e-01,6.6126522479e-01,6.5625287572e-01,6.5101969952e-01,6.4401688578e-01,6.3153836363e-01,6.1003888534e-01,5.7421605555e-01,5.1513005702e-01,4.2848767523e-01,3.0134707731e-01,1.3897032877e-01,3.4270990002e-02,5.5676827873e-03,6.9221618829e-04,9.3415365857e-05,1.9293106868e-05,6.9145886248e-06,4.2665690754e-06,3.3517197078e-06,3.0118847124e-06,2.7348974690e-06,2.4724044103e-06,2.2205123326e-06,2.0114432453e-06,0.0000000000e+00,0.0000000000e+00,0.0000000000e+00,0.0000000000e+00,0.0000000000e+00,0.0000000000e+00,0.0000000000e+00,0.0000000000e+00,0.0000000000e+00,0.0000000000e+00,0.0000000000e+00,0.0000000000e+00,0.0000000000e+00,0.0000000000e+00,0.0000000000e+00,0.0000000000e+00,0.0000000000e+00,0.0000000000e+00,0.0000000000e+00,0.0000000000e+00,0.0000000000e+00,0.0000000000e+00,0.0000000000e+00,0.0000000000e+00,0.0000000000e+00,0.0000000000e+00,0.0000000000e+00,0.0000000000e+00,0.0000000000e+00,0.0000000000e+00,0.0000000000e+00,0.0000000000e+00,0.0000000000e+00,0.0000000000e+00,0.0000000000e+00,0.0000000000e+00,0.0000000000e+00,0.0000000000e+00,0.0000000000e+00,0.0000000000e+00,0.0000000000e+00,0.0000000000e+00,0.0000000000e+00,0.0000000000e+00,0.0000000000e+00,0.0000000000e+00,0.0000000000e+00,0.0000000000e+00,0.0000000000e+00,0.0000000000e+00,0.0000000000e+00,0.0000000000e+00,0.0000000000e+00,0.0000000000e+00
2.3848099030e+01,6.9187692474e-01,6.9187692474e-01,6.9187692474e-01,6.9187692474e-01,6.9187692474e-01,6.9187692474e-01,6.9187692474e-01,6.9187692474e-01,6.9187692474e-01,6.9187692474e-01,6.9187692474e-01,6.9187692474e-01,6.9187692474e-01,6.9187692474e-01,6.9187692474e-01,6.9187692474e-01,6.9187692474e-01,6.9187692474e-01,6.9187692474e-01,6.9187692474e-01,6.9187692474e-01,6.9187692474e-01,6.9187692474e-01,6.9187692474e-01,6.9187692474e-01,6.9187692474e-01,6.9187692474e-01,6.9187692474e-01,6.9187692474e-01,6.9187692474e-01,6.9187692474e-01,6.9187692474e-01,6.9187692474e-01,6.9187692474e-01,6.9187692474e-01,6.9187692474e-01,6.9187692474e-01,6.9187692474e-01,6.9187692474e-01,6.9187692474e-01,6.9187692474e-01,6.9187692474e-01,6.9187692474e-01,6.9187692474e-01,6.9187692474e-01,6.9187692474e-01,6.9187692474e-01,6.9187692474e-01,6.9187692474e-01,6.9187692474e-01,6.9187692474e-01,6.9187692474e-01,6.9187692474e-01,6.9187692474e-01,6.9187692474e-01,6.9187692474e-01,6.9187692474e-01,6.9187692474e-01,6.9187692474e-01,6.9187692474e-01,6.9187692474e-01,6.9187692474e-01,6.9187692474e-01,6.9187692474e-01,6.9187692474e-01,6.9187692474e-01,6.9187692474e-01,6.9187692474e-01,6.9187692474e-01,6.9187692474e-01,6.9187692474e-01,6.9187692474e-01,6.9187692474e-01,6.9187692474e-01,6.9187692474e-01,6.9187669073e-01,6.9187587522e-01,6.9187498808e-01,6.9187402304e-01,6.9187297325e-01,6.9187183125e-01,6.9187058897e-01,6.9186923758e-01,6.9186776752e-01,6.9186616834e-01,6.9186442873e-01,6.9186253634e-01,6.9186047775e-01,6.9185771302e-01,6.9185308284e-01,6.9184804606e-01,6.9184256696e-01,6.9183660672e-01,6.9183012307e-01,6.9182301644e-01,6.9181503801e-01,6.9180635899e-01,6.9179691785e-01,6.9178611393e-01,6.9177194317e-01,6.9175652819e-01,6.9172358081e-01,6.9162095872e-01,6.9150934118e-01,6.9137948961e-01,6.9123629962e-01,6.9104353161e-01,6.9082514485e-01,6.9058066615e-01,6.9002926323e-01,6.8925691413e-01,6.8838903830e-01,6.8740665813e-01,6.8629551732e-01,6.8425395559e-01,6.8199580101e-01,6.7990000414e-01,6.7694477753e-01,6.7374769879e-01,6.7043353638e-01,6.6640374291e-01,6.6246639515e-01,6.5787946716e-01,6.5300903144e-01,6.4783525741e-01,6.4086537727e-01,6.2850832779e-01,6.0728736854e-01,5.7217631779e-01,5.1463461437e-01,4.3027855579e-01,3.0629446151e-01,1.4586192208e-01,3.8531098226e-02,6.8282604424e-03,9.4090883478e-04,1.4075374373e-04,3.1748322116e-05,1.2187063394e-05,7.8051166434e-06,6.2492367386e-06,5.6579823259e-06,5.1718665615e-06,4.7088399568e-06,4.2621654388e-06,3.8887077436e-06,0.0000000000e+00,0.0000000000e+00,0.0000000000e+00,0.0000000000e+00,0.0000000000e+00,0.0000000000e+00,0.0000000000e+00,0.0000000000e+00,0.0000000000e+00,0.0000000000e+00,0.0000000000e+00,0.0000000000e+00,0.0000000000e+00,0.0000000000e+00,0.0000000000e+00,0.0000000000e+00,0.0000000000e+00,0.0000000000e+00,0.0000000000e+00,0.0000000000e+00,0.0000000000e+00,0.0000000000e+00,0.0000000000e+00,0.0000000000e+00,0.0000000000e+00,0.0000000000e+00,0.0000000000e+00,0.0000000000e+00,0.0000000000e+00,0.0000000000e+00,0.0000000000e+00,0.0000000000e+00,0.0000000000e+00,0.0000000000e+00,0.0000000000e+00,0.0000000000e+00,0.0000000000e+00,0.0000000000e+00,0.0000000000e+00,0.0000000000e+00,0.0000000000e+00,0.0000000000e+00,0.0000000000e+00,0.0000000000e+00,0.0000000000e+00,0.0000000000e+00,0.0000000000e+00,0.0000000000e+00,0.0000000000e+00,0.0000000000e+00,0.0000000000e+00,0.0000000000e+00,0.0000000000e+00,0.0000000000e+00
2.5064958074e+01,6.8575713760e-01,6.8575713760e-01,6.8575713760e-01,6.8575713760e-01,6.8575713760e-01,6.8575713760e-01,6.8575713760e-01,6.8575713760e-01,6.8575713760e-01,6.8575713760e-01,6.8575713760e-01,6.8575713760e-01,6.8575713760e-01,6.8575713760e-01,6.8575713760e-01,6.8575713760e-01,6.8575713760e-01,6.8575713760e-01,6.8575713760e-01,6.8575713760e-01,6.8575713760e-01,6.8575713760e-01,6.8575713760e-01,6.8575713760e-01,6.8575713760e-01,6.8575713760e-01,6.8575713760e-01,6.8575713760e-01,6.8575713760e-01,6.8575713760e-01,6.8575713760e-01,6.8575713760e-01,6.8575713760e-01,6.8575713760e-01,6.8575713760e-01,6.8575713760e-01,6.8575713760e-01,6.8575713760e-01,6.8575713760e-01,6.8575713760e-01,6.8575713760e-01,6.8575713760e-01,6.8575713760e-01,6.8575713760e-01,6.8575713760e-01,6.8575713760e-01,6.8575713760e-01,6.8575713760e-01,6.8575713760e-01,6.8575713760e-01,6.8575713760e-01,6.8575713760e-01,6.8575713760e-01,6.8575713760e-01,6.8575713760e-01,6.8575713760e-01,6.8575713760e-01,6.8575713760e-01,6.8575713760e-01,6.8575713760e-01,6.8575713760e-01,6.8575713760e-01,6.8575713760e-01,6.8575713760e-01,6.8575713760e-01,6.8575713760e-01,6.8575713760e-01,6.8575713760e-01,6.8575713760e-01,6.8575713760e-01,6.8575713760e-01,6.8575713760e-01,6.8575713760e-01,6.8575713760e-01,6.8575713760e-01,6.8575692744e-01,6.8575619507e-01,6.8575539838e-01,6.8575453172e-01,6.8575358895e-01,6.8575256339e-01,6.8575144775e-01,6.8575023414e-01,6.8574891395e-01,6.8574747781e-01,6.8574591554e-01,6.8574421608e-01,6.8574236737e-01,6.8573988374e-01,6.8573572247e-01,6.8573119577e-01,6.8572627154e-01,6.8572091489e-01,6.8571508784e-01,6.8570869948e-01,6.8570152095e-01,6.8569371206e-01,6.8568521745e-01,6.8567549492e-01,6.8566273497e-01,6.8564885465e-01,6.8561922798e-01,6.8552703362e-01,6.8542675639e-01,6.8531005703e-01,6.8518135947e-01,6.8500802683e-01,6.8481162895e-01,6.8459167846e-01,6.8409582008e-01,6.8340113035e-01,6.8262000340e-01,6.8173492733e-01,6.8073251803e-01,6.7889082641e-01,6.7685068577e-01,6.7495255414e-01,6.7227700489e-01,6.6937510700e-01,6.6634638556e-01,6.6262690110e-01,6.5889838058e-01,6.5448113659e-01,6.4971510467e-01,6.4456643410e-01,6.3759382121e-01,6.2532004658e-01,6.0434135880e-01,5.6989071587e-01,5.1382898955e-01,4.3171291759e-01,3.1092440234e-01,1.5272689644e-01,4.3077505054e-02,8.2947130576e-03,1.2609196584e-03,2.0813533407e-04,5.1077844023e-05,2.0929072437e-05,1.3882478899e-05,1.1318636791e-05,1.0326242731e-05,9.5039829368e-06,8.7167649187e-06,7.9534052016e-06,7.3114913664e-06,0.0000000000e+00,0.0000000000e+00,0.0000000000e+00,0.0000000000e+00,0.0000000000e+00,0.0000000000e+00,0.0000000000e+00,0.0000000000e+00,0.0000000000e+00,0.0000000000e+00,0.0000000000e+00,0.0000000000e+00,0.0000000000e+00,0.0000000000e+00,0.0000000000e+00,0.0000000000e+00,0.0000000000e+00,0.0000000000e+00,0.0000000000e+00,0.0000000000e+00,0.0000000000e+00,0.0000000000e+00,0.0000000000e+00,0.0000000000e+00,0.0000000000e+00,0.0000000000e+00,0.0000000000e+00,0.0000000000e+00,0.0000000000e+00,0.0000000000e+00,0.0000000000e+00,0.0000000000e+00,0.0000000000e+00,0.0000000000e+00,0.0000000000e+00,0.0000000000e+00,0.0000000000e+00,0.0000000000e+00,0.0000000000e+00,0.0000000000e+00,0.0000000000e+00,0.0000000000e+00,0.0000000000e+00,0.0000000000e+00,0.0000000000e+00,0.0000000000e+00,0.0000000000e+00,0.0000000000e+00,0.0000000000e+00,0.0000000000e+00,0.0000000000e+00,0.0000000000e+00,0.0000000000e+00,0.0000000000e+00
2.6343907850e+01,6.7993221063e-01,6.7993221063e-01,6.7993221063e-01,6.7993221063e-01,6.7993221063e-01,6.7993221063e-01,6.7993221063e-01,6.7993221063e-01,6.7993221063e-01,6.7993221063e-01,6.7993221063e-01,6.7993221063e-01,6.7993221063e-01,6.7993221063e-01,6.7993221063e-01,6.7993221063e-01,6.7993221063e-01,6.7993221063e-01,6.7993221063e-01,6.7993221063e-01,6.7993221063e-01,6.7993221063e-01,6.7993221063e-01,6.7993221063e-01,6.7993221063e-01,6.7993221063e-01,6.7993221063e-01,6.7993221063e-01,6.7993221063e-01,6.7993221063e-01,6.7993221063e-01,6.7993221063e-01,6.7993221063e-01,6.7993221063e-01,6.7993221063e-01,6.7993221063e-01,6.7993221063e-01,6.7993221063e-01,6.7993221063e-01,6.7993221063e-01,6.7993221063e-01,6.7993221063e-01,6.7993221063e-01,6.7993221063e-01,6.7993221063e-01,6.7993221063e-01,6.7993221063e-01,6.7993221063e-01,6.7993221063e-01,6.7993221063e-01,6.7993221063e-01,6.7993221063e-01,6.7993221063e-01,6.7993221063e-01,6.7993221063e-01,6.7993221063e-01,6.7993221063e-01,6.7993221063e-01,6.7993221063e-01,6.7993221063e-01,6.7993221063e-01,6.7993221063e-01,6.7993221063e-01,6.7993221063e-01,6.7993221063e-01,6.7993221063e-01,6.7993221063e-01,6.7993221063e-01,6.7993221063e-01,6.7993221063e-01,6.7993221063e-01,6.7993221063e-01,6.7993221063e-01,6.7993221063e-01,6.7993221063e-01,6.7993202184e-01,6.7993136394e-01,6.7993064827e-01,6.7992986974e-01,6.7992902284e-01,6.7992810156e-01,6.7992709938e-01,6.7992600918e-01,6.7992482323e-01,6.7992353313e-01,6.7992212973e-01,6.7992060308e-01,6.7991894236e-01,6.7991671066e-01,6.7991296996e-01,6.7990890075e-01,6.7990447419e-01,6.7989965890e-01,6.7989442076e-01,6.7988867683e-01,6.7988221700e-01,6.7987518991e-01,6.7986754575e-01,6.7985879512e-01,6.7984730431e-01,6.7983480455e-01,6.7980815854e-01,6.7972531053e-01,6.7963519788e-01,6.7953029040e-01,6.7941458737e-01,6.7925868750e-01,6.7908201483e-01,6.7888406962e-01,6.7843800408e-01,6.7781290786e-01,6.7710947787e-01,6.7631151327e-01,6.7540626393e-01,6.7374322632e-01,6.7189764775e-01,6.7017531236e-01,6.6774871122e-01,6.6510878294e-01,6.6233128789e-01,6.5888254177e-01,6.5532988316e-01,6.5104807765e-01,6.4635284979e-01,6.4119866313e-01,6.3419210238e-01,6.2196858274e-01,6.0120193937e-01,5.6736852980e-01,5.1272949385e-01,4.3281108572e-01,3.1524655625e-01,1.5954958833e-01,4.7902314813e-02,9.9847380349e-03,1.6670173097e-03,3.0230559360e-04,8.0421471887e-05,3.5056134440e-05,2.4029414907e-05,1.9927837394e-05,1.8315028103e-05,1.6969359434e-05,1.5674734416e-05,1.4413192538e-05,1.3347233454e-05,0.0000000000e+00,0.0000000000e+00,0.0000000000e+00,0.0000000000e+00,0.0000000000e+00,0.0000000000e+00,0.0000000000e+00,0.0000000000e+00,0.0000000000e+00,0.0000000000e+00,0.0000000000e+00,0.0000000000e+00,0.0000000000e+00,0.0000000000e+00,0.0000000000e+00,0.0000000000e+00,0.0000000000e+00,0.0000000000e+00,0.0000000000e+00,0.0000000000e+00,0.0000000000e+00,0.0000000000e+00,0.0000000000e+00,0.0000000000e+00,0.0000000000e+00,0.0000000000e+00,0.0000000000e+00,0.0000000000e+00,0.0000000000e+00,0.0000000000e+00,0.0000000000e+00,0.0000000000e+00,0.0000000000e+00,0.0000000000e+00,0.0000000000e+00,0.0000000000e+00,0.0000000000e+00,0.0000000000e+00,0.0000000000e+00,0.0000000000e+00,0.0000000000e+00,0.0000000000e+00,0.0000000000e+00,0.0000000000e+00,0.0000000000e+00,0.0000000000e+00,0.0000000000e+00,0.0000000000e+00,0.0000000000e+00,0.0000000000e+00,0.0000000000e+00,0.0000000000e+00,0.0000000000e+00,0.0000000000e+00
2.7688116564e+01,6.7486180933e-01,6.7486180933e-01,6.7486180933e-01,6.7486180933e-01,6.7486180933e-01,6.7486180933e-01,6.7486180933e-01,6.7486180933e-01,6.7486180933e-01,6.7486180933e-01,6.7486180933e-01,6.7486180933e-01,6.7486180933e-01,6.7486180933e-01,6.7486180933e-01,6.7486180933e-01,6.7486180933e-01,6.7486180933e-01,6.7486180933e-01,6.7486180933e-01,6.7486180933e-01,6.7486180933e-01,6.7486180933e-01,6.7486180933e-01,6.7486180933e-01,6.7486180933e-01,6.7486180933e-01,6.7486180933e-01,6.7486180933e-01,6.7486180933e-01,6.7486180933e-01,6.7486180933e-01,6.7486180933e-01,6.7486180933e-01,6.7486180933e-01,6.7486180933e-01,6.7486180933e-01,6.7486180933e-01,6.7486180933e-01,6.7486180933e-01,6.7486180933e-01,6.7486180933e-01,6.7486180933e-01,6.7486180933e-01,6.7486180933e-01,6.7486180933e-01,6.7486180933e-01,6.7486180933e-01,6.7486180933e-01,6.7486180933e-01,6.7486180933e-01,6.7486180933e-01,6.7486180933e-01,6.7486180933e-01,6.7486180933e-01,6.7486180933e-01,6.7486180933e-01,6.7486180933e-01,6.7486180933e-01,6.7486180933e-01,6.7486180933e-01,6.7486180933e-01,6.7486180933e-01,6.7486180933e-01,6.7486180933e-01,6.7486180933e-01,6.7486180933e-01,6.7486180933e-01,6.7486180933e-01,6.7486180933e-01,6.7486180933e-01,6.7486180933e-01,6.7486180933e-01,6.7486180933e-01,6.7486180933e-01,6.7486180933e-01,6.7486180933e-01,6.7486180933e-01,6.7486180933e-01,6.7486180933e-01,6.7486142103e-01,6.7486014733e-01,6.7485876176e-01,6.7485725452e-01,6.7485561490e-01,6.7485383129e-01,6.7485189104e-01,6.7484978040e-01,6.7484748439e-01,6.7484498675e-01,6.7484226977e-01,6.7483931418e-01,6.7483609902e-01,6.7483219910e-01,6.7482683118e-01,6.7482099186e-01,6.7481463977e-01,6.7480772988e-01,6.7480021320e-01,6.7478698901e-01,6.7475198221e-01,6.7471390302e-01,6.7467248197e-01,6.7461744988e-01,6.7451756551e-01,6.7440892563e-01,6.7428383840e-01,6.7412231529e-01,6.7394665040e-01,6.7348730152e-01,6.7293355990e-01,6.7224579438e-01,6.7147869928e-01,6.7062062601e-01,6.6925804911e-01,6.6765540536e-01,6.6601907143e-01,6.6368518095e-01,6.6109070785e-01,6.5856955232e-01,6.5552961506e-01,6.5212826644e-01,6.4788251423e-01,6.4317884565e-01,6.3791085255e-01,6.3079349138e-01,6.1849835107e-01,5.9782977454e-01,5.6444826737e-01,5.1120148480e-01,4.3354266246e-01,3.1911395178e-01,1.6546694671e-01,5.2966262414e-02,1.1964290344e-02,2.2064879258e-03,4.4157768952e-04,1.2670029714e-04,5.7160393401e-05,3.8337814060e-05,3.0116759892e-05,2.5695087802e-05,2.1885534877e-05,1.8323857981e-05,1.4913215507e-05,1.1668257242e-05,8.6561476694e-06,5.9902726267e-06,3.8194194505e-06,2.1925012104e-06,1.1319975586e-06,0.0000000000e+00,0.0000000000e+00,0.0000000000e+00,0.0000000000e+00,0.0000000000e+00,0.0000000000e+00,0.0000000000e+00,0.0000000000e+00,0.0000000000e+00,0.0000000000e+00,0.0000000000e+00,0.0000000000e+00,0.0000000000e+00,0.0000000000e+00,0.0000000000e+00,0.0000000000e+00,0.0000000000e+00,0.0000000000e+00,0.0000000000e+00,0.0000000000e+00,0.0000000000e+00,0.0000000000e+00,0.0000000000e+00,0.0000000000e+00,0.0000000000e+00,0.0000000000e+00,0.0000000000e+00,0.0000000000e+00,0.0000000000e+00,0.0000000000e+00,0.0000000000e+00,0.0000000000e+00,0.0000000000e+00,0.0000000000e+00,0.0000000000e+00,0.0000000000e+00,0.0000000000e+00,0.0000000000e+00,0.0000000000e+00,0.0000000000e+00,0.0000000000e+00,0.0000000000e+00,0.0000000000e+00,0.0000000000e+00,0.0000000000e+00,0.0000000000e+00,0.0000000000e+00,0.0000000000e+00,0.0000000000e+00
2.9100914079e+01,6.6941330811e-01,6.6941330811e-01,6.6941330811e-01,6.6941330811e-01,6.6941330811e-01,6.6941330811e-01,6.6941330811e-01,6.6941330811e-01,6.6941330811e-01,6.6941330811e-01,6.6941330811e-01,6.6941330811e-01,6.6941330811e-01,6.6941330811e-01,6.6941330811e-01,6.6941330811e-01,6.6941330811e-01,6.6941330811e-01,6.6941330811e-01,6.6941330811e-01,6.6941330811e-01,6.6941330811e-01,6.6941330811e-01,6.6941330811e-01,6.6941330811e-01,6.6941330811e-01,6.6941330811e-01,6.6941330811e-01,6.6941330811e-01,6.6941330811e-01,6.6941330811e-01,6.6941330811e-01,6.6941330811e-01,6.6941330811e-01,6.6941330811e-01,6.6941330811e-01,6.6941330811e-01,6.6941330811e-01,6.6941330811e-01,6.6941330811e-01,6.6941330811e-01,6.6941330811e-01,6.6941330811e-01,6.6941330811e-01,6.6941330811e-01,6.6941330811e-01,6.6941330811e-01,6.6941330811e-01,6.6941330811e-01,6.6941330811e-01,6.6941330811e-01,6.6941330811e-01,6.6941330811e-01,6.6941330811e-01,6.6941330811e-01,6.6941330811e-01,6.6941330811e-01,6.6941330811e-01,6.6941330811e-01,6.6941330811e-01,6.6941330811e-01,6.6941330811e-01,6.6941330811e-01,6.6941330811e-01,6.6941330811e-01,6.6941330811e-01,6.6941330811e-01,6.6941330811e-01,6.6941330811e-01,6.6941330811e-01,6.6941330811e-01,6.6941330811e-01,6.6941330811e-01,6.6941330811e-01,6.6941330811e-01,6.6941330811e-01,6.6941330811e-01,6.6941330811e-01,6.6941330811e-01,6.6941330811e-01,6.6941330811e-01,6.6941330811e-01,6.6941232477e-01,6.6941073174e-01,6.6940899882e-01,6.6940711371e-01,6.6940506304e-01,6.6940283228e-01,6.6940040562e-01,6.6939776584e-01,6.6939489424e-01,6.6939177046e-01,6.6938837234e-01,6.6938467581e-01,6.6938065465e-01,6.6937591829e-01,6.6937052597e-01,6.6936466012e-01,6.6935827916e-01,6.6935133787e-01,6.6934378703e-01,6.6930466789e-01,6.6923500356e-01,6.6915922920e-01,6.6907680973e-01,6.6897003817e-01,6.6883906408e-01,6.6869661635e-01,6.6840892813e-01,6.6798766330e-01,6.6750475071e-01,6.6685872993e-01,6.6614226429e-01,6.6530065507e-01,6.6409689360e-01,6.6248128824e-01,6.6108438284e-01,6.5905029714e-01,6.5689256768e-01,6.5461920578e-01,6.5185732471e-01,6.4854205241e-01,6.4458684781e-01,6.3993969970e-01,6.3463797784e-01,6.2734598207e-01,6.1520219514e-01,5.9467597989e-01,5.6177024138e-01,5.0959902133e-01,4.3332413760e-01,3.2214181671e-01,1.7256726635e-01,5.8225425411e-02,1.4177210386e-02,2.8582578049e-03,6.2532470024e-04,1.9327784655e-04,9.1920577403e-05,6.3214778152e-05,5.0233198671e-05,4.3012488544e-05,3.6743003958e-05,3.0866632236e-05,2.5222322484e-05,1.9825280492e-05,1.4783457310e-05,1.0274418974e-05,6.5387560387e-06,3.6574544302e-06,1.6469561697e-06,5.6238546530e-07,1.9030813656e-07,0.0000000000e+00,0.0000000000e+00,0.0000000000e+00,0.0000000000e+00,0.0000000000e+00,0.0000000000e+00,0.0000000000e+00,0.0000000000e+00,0.0000000000e+00,0.0000000000e+00,0.0000000000e+00,0.0000000000e+00,0.0000000000e+00,0.0000000000e+00,0.0000000000e+00,0.0000000000e+00,0.0000000000e+00,0.0000000000e+00,0.0000000000e+00,0.0000000000e+00,0.0000000000e+00,0.0000000000e+00,0.0000000000e+00,0.0000000000e+00,0.0000000000e+00,0.0000000000e+00,0.0000000000e+00,0.0000000000e+00,0.0000000000e+00,0.0000000000e+00,0.0000000000e+00,0.0000000000e+00,0.0000000000e+00,0.0000000000e+00,0.0000000000e+00,0.0000000000e+00,0.0000000000e+00,0.0000000000e+00,0.0000000000e+00,0.0000000000e+00,0.0000000000e+00,0.0000000000e+00,0.0000000000e+00,0.0000000000e+00,0.0000000000e+00,0.0000000000e+00,0.0000000000e+00
3.0585800168e+01,6.6411375858e-01,6.6411375858e-01,6.6411375858e-01,6.6411375858e-01,6.6411375858e-01,6.6411375858e-01,6.6411375858e-01,6.6411375858e-01,6.6411375858e-01,6.6411375858e-01,6.6411375858e-01,6.6411375858e-01,6.6411375858e-01,6.6411375858e-01,6.6411375858e-01,6.6411375858e-01,6.6411375858e-01,6.6411375858e-01,6.6411375858e-01,6.6411375858e-01,6.6411375858e-01,6.6411375858e-01,6.6411375858e-01,6.6411375858e-01,6.6411375858e-01,6.6411375858e-01,6.6411375858e-01,6.6411375858e-01,6.6411375858e-01,6.6411375858e-01,6.6411375858e-01,6.6411375858e-01,6.6411375858e-01,6.6411375858e-01,6.6411375858e-01,6.6411375858e-01,6.6411375858e-01,6.6411375858e-01,6.6411375858e-01,6.6411375858e-01,6.6411375858e-01,6.6411375858e-01,6.6411375858e-01,6.6411375858e-01,6.6411375858e-01,6.6411375858e-01,6.6411375858e-01,6.6411375858e-01,6.6411375858e-01,6.6411375858e-01,6.6411375858e-01,6.6411375858e-01,6.6411375858e-01,6.6411375858e-01,6.6411375858e-01,6.6411375858e-01,6.6411375858e-01,6.6411375858e-01,6.6411375858e-01,6.6411375858e-01,6.6411375858e-01,6.6411375858e-01,6.6411375858e-01,6.6411375858e-01,6.6411375858e-01,6.6411375858e-01,6.6411375858e-01,6.6411375858e-01,6.6411375858e-01,6.6411375858e-01,6.6411375858e-01,6.6411375858e-01,6.6411375858e-01,6.6411375858e-01,6.6411375858e-01,6.6411375858e-01,6.6411375858e-01,6.6411375858e-01,6.6411375858e-01,6.6411375858e-01,6.6411375858e-01,6.6411375858e-01,6.6411287413e-01,6.6411144130e-01,6.6410988265e-01,6.6410818711e-01,6.6410634266e-01,6.6410433623e-01,6.6410215360e-01,6.6409977928e-01,6.6409719645e-01,6.6409438680e-01,6.6409133040e-01,6.6408800559e-01,6.6408438879e-01,6.6408012256e-01,6.6407526168e-01,6.6406997395e-01,6.6406422187e-01,6.6405796467e-01,6.6405115800e-01,6.6401597203e-01,6.6395332587e-01,6.6388518454e-01,6.6381106667e-01,6.6371498481e-01,6.6359707541e-01,6.6346883444e-01,6.6320983428e-01,6.6283056068e-01,6.6239551668e-01,6.6181238106e-01,6.6116496935e-01,6.6040169975e-01,6.5930890603e-01,6.5784115035e-01,6.5656160045e-01,6.5470240765e-01,6.5271783337e-01,6.5060006115e-01,6.4798248786e-01,6.4476438631e-01,6.4085122063e-01,6.3619499851e-01,6.3081722448e-01,6.2343186416e-01,6.1127363930e-01,5.9090975472e-01,5.5855328640e-01,5.0768992948e-01,4.3354691394e-01,3.2563002263e-01,1.7919360551e-01,6.3795477083e-02,1.6627591327e-02,3.6308997803e-03,8.6065782642e-04,2.8469838642e-04,1.4213980390e-04,1.0005354616e-04,8.0400818529e-05,6.9138112180e-05,5.9294677450e-05,5.0041647110e-05,4.1127420000e-05,3.2571123588e-05,2.4533253527e-05,1.7280970314e-05,1.1190104923e-05,6.4058507025e-06,2.9861546966e-06,1.0758066491e-06,3.8694022273e-07,0.0000000000e+00,0.0000000000e+00,0.0000000000e+00,0.0000000000e+00,0.0000000000e+00,0.0000000000e+00,0.0000000000e+00,0.0000000000e+00,0.0000000000e+00,0.0000000000e+00,0.0000000000e+00,0.0000000000e+00,0.0000000000e+00,0.0000000000e+00,0.0000000000e+00,0.0000000000e+00,0.0000000000e+00,0.0000000000e+00,0.0000000000e+00,0.0000000000e+00,0.0000000000e+00,0.0000000000e+00,0.0000000000e+00,0.0000000000e+00,0.0000000000e+00,0.0000000000e+00,0.0000000000e+00,0.0000000000e+00,0.0000000000e+00,0.0000000000e+00,0.0000000000e+00,0.0000000000e+00,0.0000000000e+00,0.0000000000e+00,0.0000000000e+00,0.0000000000e+00,0.0000000000e+00,0.0000000000e+00,0.0000000000e+00,0.0000000000e+00,0.0000000000e+00,0.0000000000e+00,0.0000000000e+00,0.0000000000e+00,0.0000000000e+00,0.0000000000e+00,0.0000000000e+00
3.2146453179e+01,6.5887355185e-01,6.5887355185e-01,6.5887355185e-01,6.5887355185e-01,6.5887355185e-01,6.5887355185e-01,6.5887355185e-01,6.5887355185e-01,6.5887355185e-01,6.5887355185e-01,6.5887355185e-01,6.5887355185e-01,6.5887355185e-01,6.5887355185e-01,6.5887355185e-01,6.5887355185e-01,6.5887355185e-01,6.5887355185e-01,6.5887355185e-01,6.5887355185e-01,6.5887355185e-01,6.5887355185e-01,6.5887355185e-01,6.5887355185e-01,6.5887355185e-01,6.5887355185e-01,6.5887355185e-01,6.5887355185e-01,6.5887355185e-01,6.5887355185e-01,6.5887355185e-01,6.5887355185e-01,6.5887355185e-01,6.5887355185e-01,6.5887355185e-01,6.5887355185e-01,6.5887355185e-01,6.5887355185e-01,6.5887355185e-01,6.5887355185e-01,6.5887355185e-01,6.5887355185e-01,6.5887355185e-01,6.5887355185e-01,6.5887355185e-01,6.5887355185e-01,6.5887355185e-01,6.5887355185e-01,6.5887355185e-01,6.5887355185e-01,6.5887355185e-01,6.5887355185e-01,6.5887355185e-01,6.5887355185e-01,6.5887355185e-01,6.5887355185e-01,6.5887355185e-01,6.5887355185e-01,6.5887355185e-01,6.5887355185e-01,6.5887355185e-01,6.5887355185e-01,6.5887355185e-01,6.5887355185e-01,6.5887355185e-01,6.5887355185e-01,6.5887355185e-01,6.5887355185e-01,6.5887355185e-01,6.5887355185e-01,6.5887355185e-01,6.5887355185e-01,6.5887355185e-01,6.5887355185e-01,6.5887355185e-01,6.5887355185e-01,6.5887355185e-01,6.5887355185e-01,6.5887355185e-01,6.5887355185e-01,6.5887355185e-01,6.5887355185e-01,6.5887275611e-01,6.5887146702e-01,6.5887006471e-01,6.5886853925e-01,6.5886687982e-01,6.5886507466e-01,6.5886311096e-01,6.5886097481e-01,6.5885865106e-01,6.5885612324e-01,6.5885337343e-01,6.5885038212e-01,6.5884712812e-01,6.5884328343e-01,6.5883889896e-01,6.5883412946e-01,6.5882894112e-01,6.5882329716e-01,6.5881715758e-01,6.5878550371e-01,6.5872916129e-01,6.5866787608e-01,6.5860121499e-01,6.5851473376e-01,6.5840855726e-01,6.5829307527e-01,6.5805983695e-01,6.5771827301e-01,6.5732618974e-01,6.5679935186e-01,6.5621369059e-01,6.5552014055e-01,6.5452603152e-01,6.5318971702e-01,6.5201313586e-01,6.5030791201e-01,6.4847450621e-01,6.4649001589e-01,6.4399303273e-01,6.4085064145e-01,6.3696023806e-01,6.3227628827e-01,6.2680674812e-01,6.1931362567e-01,6.0712765470e-01,5.8691826166e-01,5.5509692998e-01,5.0551255188e-01,4.3347683510e-01,3.2882783227e-01,1.8570716670e-01,6.9584843079e-02,1.9356380598e-02,4.5621763877e-03,1.1675699707e-03,4.1201753544e-04,2.1529096420e-04,1.5483524114e-04,1.2570899983e-04,1.0853174760e-04,9.3427544722e-05,7.9191694291e-05,6.5440264158e-05,5.2195629768e-05,3.9690140437e-05,2.8314624019e-05,1.8639002579e-05,1.0908663633e-05,5.2573670727e-06,1.9955070741e-06,7.6559328116e-07,0.0000000000e+00,0.0000000000e+00,0.0000000000e+00,0.0000000000e+00,0.0000000000e+00,0.0000000000e+00,0.0000000000e+00,0.0000000000e+00,0.0000000000e+00,0.0000000000e+00,0.0000000000e+00,0.0000000000e+00,0.0000000000e+00,0.0000000000e+00,0.0000000000e+00,0.0000000000e+00,0.0000000000e+00,0.0000000000e+00,0.0000000000e+00,0.0000000000e+00,0.0000000000e+00,0.0000000000e+00,0.0000000000e+00,0.0000000000e+00,0.0000000000e+00,0.0000000000e+00,0.0000000000e+00,0.0000000000e+00,0.0000000000e+00,0.0000000000e+00,0.0000000000e+00,0.0000000000e+00,0.0000000000e+00,0.0000000000e+00,0.0000000000e+00,0.0000000000e+00,0.0000000000e+00,0.0000000000e+00,0.0000000000e+00,0.0000000000e+00,0.0000000000e+00,0.0000000000e+00,0.0000000000e+00,0.0000000000e+00,0.0000000000e+00,0.0000000000e+00,0.0000000000e+00
3.3786739150e+01,6.5390879810e-01,6.5390879810e-01,6.5390879810e-01,6.5390879810e-01,6.5390879810e-01,6.5390879810e-01,6.5390879810e-01,6.5390879810e-01,6.5390879810e-01,6.5390879810e-01,6.5390879810e-01,6.5390879810e-01,6.5390879810e-01,6.5390879810e-01,6.5390879810e-01,6.5390879810e-01,6.5390879810e-01,6.5390879810e-01,6.5390879810e-01,6.5390879810e-01,6.5390879810e-01,6.5390879810e-01,6.5390879810e-01,6.5390879810e-01,6.5390879810e-01,6.5390879810e-01,6.5390879810e-01,6.5390879810e-01,6.5390879810e-01,6.5390879810e-01,6.5390879810e-01,6.5390879810e-01,6.5390879810e-01,6.5390879810e-01,6.5390879810e-01,6.5390879810e-01,6.5390879810e-01,6.5390879810e-01,6.5390879810e-01,6.5390879810e-01,6.5390879810e-01,6.5390879810e-01,6.5390879810e-01,6.5390879810e-01,6.5390879810e-01,6.5390879810e-01,6.5390879810e-01,6.5390879810e-01,6.5390879810e-01,6.5390879810e-01,6.5390879810e-01,6.5390879810e-01,6.5390879810e-01,6.5390879810e-01,6.5390879810e-01,6.5390879810e-01,6.5390879810e-01,6.5390879810e-01,6.5390879810e-01,6.5390879810e-01,6.5390879810e-01,6.5390879810e-01,6.5390879810e-01,6.5390879810e-01,6.5390879810e-01,6.5390879810e-01,6.5390879810e-01,6.5390879810e-01,6.5390879810e-01,6.5390879810e-01,6.5390879810e-01,6.5390879810e-01,6.5390879810e-01,6.5390879810e-01,6.5390879810e-01,6.5390879810e-01,6.5390879810e-01,6.5390879810e-01,6.5390879810e-01,6.5390879810e-01,6.5390879810e-01,6.5390879810e-01,6.5390879810e-01,6.5390879552e-01,6.5390733871e-01,6.5390575396e-01,6.5390403004e-01,6.5390215472e-01,6.5390011470e-01,6.5389789553e-01,6.5389548147e-01,6.5389285540e-01,6.5388999871e-01,6.5388689115e-01,6.5388351068e-01,6.5387983335e-01,6.5387583308e-01,6.5387004270e-01,6.5386366671e-01,6.5385673081e-01,6.5384918586e-01,6.5384097837e-01,6.5383205018e-01,6.5377893473e-01,6.5371515406e-01,6.5364577893e-01,6.5357031932e-01,6.5346495699e-01,6.5334723039e-01,6.5321918857e-01,6.5284890699e-01,6.5241970229e-01,6.5193501827e-01,6.5139051536e-01,6.5050647957e-01,6.4927859227e-01,6.4807402105e-01,6.4662656841e-01,6.4472795854e-01,6.4271044245e-01,6.4005943472e-01,6.3680224276e-01,6.3292049265e-01,6.2816534357e-01,6.2259955250e-01,6.1495006318e-01,6.0260090936e-01,5.8253676246e-01,5.5093503835e-01,5.0269584773e-01,4.3309415263e-01,3.3236271801e-01,1.9094135662e-01,7.5538501897e-02,2.2415101878e-02,5.7060659057e-03,1.5764812254e-03,5.9318019241e-04,3.2375929010e-04,2.3785692298e-04,1.9517352637e-04,1.6926524687e-04,1.4628689795e-04,1.2454381172e-04,1.0345298734e-04,8.3064537147e-05,6.3718928239e-05,4.5985193211e-05,3.0716315788e-05,1.8318363589e-05,9.0469599457e-06,3.4805072011e-06,1.0976649844e-06,2.9168469648e-07,9.9825576058e-08,0.0000000000e+00,0.0000000000e+00,0.0000000000e+00,0.0000000000e+00,0.0000000000e+00,0.0000000000e+00,0.0000000000e+00,0.0000000000e+00,0.0000000000e+00,0.0000000000e+00,0.0000000000e+00,0.0000000000e+00,0.0000000000e+00,0.0000000000e+00,0.0000000000e+00,0.0000000000e+00,0.0000000000e+00,0.0000000000e+00,0.0000000000e+00,0.0000000000e+00,0.0000000000e+00,0.0000000000e+00,0.0000000000e+00,0.0000000000e+00,0.0000000000e+00,0.0000000000e+00,0.0000000000e+00,0.0000000000e+00,0.0000000000e+00,0.0000000000e+00,0.0000000000e+00,0.0000000000e+00,0.0000000000e+00,0.0000000000e+00,0.0000000000e+00,0.0000000000e+00,0.0000000000e+00,0.0000000000e+00,0.0000000000e+00,0.0000000000e+00,0.0000000000e+00,0.0000000000e+00,0.0000000000e+00,0.0000000000e+00,0.0000000000e+00
3.5510721387e+01,6.4855574528e-01,6.4855574528e-01,6.4855574528e-01,6.4855574528e-01,6.4855574528e-01,6.4855574528e-01,6.4855574528e-01,6.4855574528e-01,6.4855574528e-01,6.4855574528e-01,6.4855574528e-01,6.4855574528e-01,6.4855574528e-01,6.4855574528e-01,6.4855574528e-01,6.4855574528e-01,6.4855574528e-01,6.4855574528e-01,6.4855574528e-01,6.4855574528e-01,6.4855574528e-01,6.4855574528e-01,6.4855574528e-01,6.4855574528e-01,6.4855574528e-01,6.4855574528e-01,6.4855574528e-01,6.4855574528e-01,6.4855574528e-01,6.4855574528e-01,6.4855574528e-01,6.4855574528e-01,6.4855574528e-01,6.4855574528e-01,6.4855574528e-01,6.4855574528e-01,6.4855574528e-01,6.4855574528e-01,6.4855574528e-01,6.4855574528e-01,6.4855574528e-01,6.4855574528e-01,6.4855574528e-01,6.4855574528e-01,6.4855574528e-01,6.4855574528e-01,6.4855574528e-01,6.4855574528e-01,6.4855574528e-01,6.4855574528e-01,6.4855574528e-01,6.4855574528e-01,6.4855574528e-01,6.4855574528e-01,6.4855574528e-01,6.4855574528e-01,6.4855574528e-01,6.4855574528e-01,6.4855574528e-01,6.4855574528e-01,6.4855574528e-01,6.4855574528e-01,6.4855574528e-01,6.4855574528e-01,6.4855574528e-01,6.4855574528e-01,6.4855574528e-01,6.4855574528e-01,6.4855574528e-01,6.4855574528e-01,6.4855574528e-01,6.4855574528e-01,6.4855574528e-01,6.4855574528e-01,6.4855574528e-01,6.4855574528e-01,6.4855574528e-01,6.4855574528e-01,6.4855574528e-01,6.4855574528e-01,6.4855574528e-01,6.4855574528e-01,6.4855574528e-01,6.4855574296e-01,6.4855443073e-01,6.4855300325e-01,6.4855145042e-01,6.4854976120e-01,6.4854792364e-01,6.4854592470e-01,6.4854375022e-01,6.4854138476e-01,6.4853881158e-01,6.4853601241e-01,6.4853296742e-01,6.4852965502e-01,6.4852605173e-01,6.4852081953e-01,6.4851505748e-01,6.4850878944e-01,6.4850197099e-01,6.4849455378e-01,6.4848648526e-01,6.4843865940e-01,6.4838123439e-01,6.4831877183e-01,6.4825083034e-01,6.4815577070e-01,6.4804953392e-01,6.4793398669e-01,6.4759910326e-01,6.4721087727e-01,6.4676997661e-01,6.4627231325e-01,6.4546345069e-01,6.4433934095e-01,6.4322485303e-01,6.4188303337e-01,6.4012284532e-01,6.3821398709e-01,6.3566669811e-01,6.3246593824e-01,6.2857615499e-01,6.2377384476e-01,6.1809077089e-01,6.1031699983e-01,5.9793446590e-01,5.7802714321e-01,5.4696507711e-01,4.9995918139e-01,4.3242165969e-01,3.3492923105e-01,1.9720394036e-01,8.1688881492e-02,2.5718473694e-02,7.0173693191e-03,2.0786139298e-03,8.2906405794e-04,4.7094232105e-04,3.5243786300e-04,2.9179615209e-04,2.5398928159e-04,2.2026317870e-04,1.8826689473e-04,1.5714961816e-04,1.2697985118e-04,9.8231631854e-05,7.1694797949e-05,4.8593400685e-05,2.9553947457e-05,1.5028969184e-05,6.0406410613e-06,2.0126881413e-06,5.7215533635e-07,2.0720681149e-07,0.0000000000e+00,0.0000000000e+00,0.0000000000e+00,0.0000000000e+00,0.0000000000e+00,0.0000000000e+00,0.0000000000e+00,0.0000000000e+00,0.0000000000e+00,0.0000000000e+00,0.0000000000e+00,0.0000000000e+00,0.0000000000e+00,0.0000000000e+00,0.0000000000e+00,0.0000000000e+00,0.0000000000e+00,0.0000000000e+00,0.0000000000e+00,0.0000000000e+00,0.0000000000e+00,0.0000000000e+00,0.0000000000e+00,0.0000000000e+00,0.0000000000e+00,0.0000000000e+00,0.0000000000e+00,0.0000000000e+00,0.0000000000e+00,0.0000000000e+00,0.0000000000e+00,0.0000000000e+00,0.0000000000e+00,0.0000000000e+00,0.0000000000e+00,0.0000000000e+00,0.0000000000e+00,0.0000000000e+00,0.0000000000e+00,0.0000000000e+00,0.0000000000e+00,0.0000000000e+00,0.0000000000e+00,0.0000000000e+00,0.0000000000e+00
3.7322670525e+01,6.4303781229e-01,6.4303781229e-01,6.4303781229e-01,6.4303781229e-01,6.4303781229e-01,6.4303781229e-01,6.4303781229e-01,6.4303781229e-01,6.4303781229e-01,6.4303781229e-01,6.4303781229e-01,6.4303781229e-01,6.4303781229e-01,6.4303781229e-01,6.4303781229e-01,6.4303781229e-01,6.4303781229e-01,6.4303781229e-01,6.4303781229e-01,6.4303781229e-01,6.4303781229e-01,6.4303781229e-01,6.4303781229e-01,6.4303781229e-01,6.4303781229e-01,6.4303781229e-01,6.4303781229e-01,6.4303781229e-01,6.4303781229e-01,6.4303781229e-01,6.4303781229e-01,6.4303781229e-01,6.4303781229e-01,6.4303781229e-01,6.4303781229e-01,6.4303781229e-01,6.4303781229e-01,6.4303781229e-01,6.4303781229e-01,6.4303781229e-01,6.4303781229e-01,6.4303781229e-01,6.4303781229e-01,6.4303781229e-01,6.4303781229e-01,6.4303781229e-01,6.4303781229e-01,6.4303781229e-01,6.4303781229e-01,6.4303781229e-01,6.4303781229e-01,6.4303781229e-01,6.4303781229e-01,6.4303781229e-01,6.4303781229e-01,6.4303781229e-01,6.4303781229e-01,6.4303781229e-01,6.4303781229e-01,6.4303781229e-01,6.4303781229e-01,6.4303781229e-01,6.4303781229e-01,6.4303781229e-01,6.4303781229e-01,6.4303781229e-01,6.4303781229e-01,6.4303781229e-01,6.4303781229e-01,6.4303781229e-01,6.4303781229e-01,6.4303781229e-01,6.4303781229e-01,6.4303781229e-01,6.4303781229e-01,6.4303781229e-01,6.4303781229e-01,6.4303781229e-01,6.4303781229e-01,6.4303781229e-01,6.4303781229e-01,6.4303781229e-01,6.4303781229e-01,6.4303781020e-01,6.4303662712e-01,6.4303534014e-01,6.4303394014e-01,6.4303241719e-01,6.4303076048e-01,6.4302895828e-01,6.4302699781e-01,6.4302486517e-01,6.4302254524e-01,6.4302002156e-01,6.4301727626e-01,6.4301428987e-01,6.4301104122e-01,6.4300630413e-01,6.4300108655e-01,6.4299541078e-01,6.4298923660e-01,6.4298252024e-01,6.4297521410e-01,6.4293213122e-01,6.4288040647e-01,6.4282414374e-01,6.4276294534e-01,6.4267711317e-01,6.4258116594e-01,6.4247680844e-01,6.4217359124e-01,6.4182202577e-01,6.4142004384e-01,6.4096376761e-01,6.4022136304e-01,6.3918903647e-01,6.3815296064e-01,6.3690276821e-01,6.3526268095e-01,6.3344504878e-01,6.3098278540e-01,6.2782326025e-01,6.2391500953e-01,6.1905666737e-01,6.1325240019e-01,6.0535348347e-01,5.9293955929e-01,5.7319739461e-01,5.4268143940e-01,4.9690270328e-01,4.3142091200e-01,3.3716736127e-01,2.0327205399e-01,8.7976039954e-02,2.9311498289e-02,8.5466394578e-03,2.7059331291e-03,1.1407495450e-03,6.7264349141e-04,5.1205601010e-04,4.2749031961e-04,3.7339796464e-04,3.2487783515e-04,2.7873098973e-04,2.3374087979e-04,1.9000314824e-04,1.4816480110e-04,1.0929627460e-04,7.5111664320e-05,4.6543210810e-05,2.4337673671e-05,1.0198368678e-05,3.5810694602e-06,1.0870565545e-06,4.2007713813e-07,0.0000000000e+00,0.0000000000e+00,0.0000000000e+00,0.0000000000e+00,0.0000000000e+00,0.0000000000e+00,0.0000000000e+00,0.0000000000e+00,0.0000000000e+00,0.0000000000e+00,0.0000000000e+00,0.0000000000e+00,0.0000000000e+00,0.0000000000e+00,0.0000000000e+00,0.0000000000e+00,0.0000000000e+00,0.0000000000e+00,0.0000000000e+00,0.0000000000e+00,0.0000000000e+00,0.0000000000e+00,0.0000000000e+00,0.0000000000e+00,0.0000000000e+00,0.0000000000e+00,0.0000000000e+00,0.0000000000e+00,0.0000000000e+00,0.0000000000e+00,0.0000000000e+00,0.0000000000e+00,0.0000000000e+00,0.0000000000e+00,0.0000000000e+00,0.0000000000e+00,0.0000000000e+00,0.0000000000e+00,0.0000000000e+00,0.0000000000e+00,0.0000000000e+00,0.0000000000e+00,0.0000000000e+00,0.0000000000e+00,0.0000000000e+00
3.9227075111e+01,6.3768877418e-01,6.3768877418e-01,6.3768877418e-01,6.3768877418e-01,6.3768877418e-01,6.3768877418e-01,6.3768877418e-01,6.3768877418e-01,6.3768877418e-01,6.3768877418e-01,6.3768877418e-01,6.3768877418e-01,6.3768877418e-01,6.3768877418e-01,6.3768877418e-01,6.3768877418e-01,6.3768877418e-01,6.3768877418e-01,6.3768877418e-01,6.3768877418e-01,6.3768877418e-01,6.3768877418e-01,6.3768877418e-01,6.3768877418e-01,6.3768877418e-01,6.3768877418e-01,6.3768877418e-01,6.3768877418e-01,6.3768877418e-01,6.3768877418e-01,6.3768877418e-01,6.3768877418e-01,6.3768877418e-01,6.3768877418e-01,6.3768877418e-01,6.3768877418e-01,6.3768877418e-01,6.3768877418e-01,6.3768877418e-01,6.3768877418e-01,6.3768877418e-01,6.3768877418e-01,6.3768877418e-01,6.3768877418e-01,6.3768877418e-01,6.3768877418e-01,6.3768877418e-01,6.3768877418e-01,6.3768877418e-01,6.3768877418e-01,6.3768877418e-01,6.3768877418e-01,6.3768877418e-01,6.3768877418e-01,6.3768877418e-01,6.3768877418e-01,6.3768877418e-01,6.3768877418e-01,6.3768877418e-01,6.3768877418e-01,6.3768877418e-01,6.3768877418e-01,6.3768877418e-01,6.3768877418e-01,6.3768877418e-01,6.3768877418e-01,6.3768877418e-01,6.3768877418e-01,6.3768877418e-01,6.3768877418e-01,6.3768877418e-01,6.3768877418e-01,6.3768877418e-01,6.3768877418e-01,6.3768877418e-01,6.3768877418e-01,6.3768877418e-01,6.3768877418e-01,6.3768877418e-01,6.3768877418e-01,6.3768877418e-01,6.3768877418e-01,6.3768877418e-01,6.3768877418e-01,6.3768877418e-01,6.3768832702e-01,6.3768694147e-01,6.3768543423e-01,6.3768379463e-01,6.3768201104e-01,6.3768007080e-01,6.3767796018e-01,6.3767566419e-01,6.3767316658e-01,6.3767044962e-01,6.3766749405e-01,6.3766427893e-01,6.3766078147e-01,6.3765313566e-01,6.3763504795e-01,6.3761537227e-01,6.3759396927e-01,6.3757068737e-01,6.3754536171e-01,6.3751047687e-01,6.3744580181e-01,6.3737545414e-01,6.3729893702e-01,6.3718238201e-01,6.3693625254e-01,6.3666861479e-01,6.3636474936e-01,6.3599195433e-01,6.3558666669e-01,6.3478594265e-01,6.3385309843e-01,6.3283591413e-01,6.3169689429e-01,6.3029083762e-01,6.2852416088e-01,6.2631995608e-01,6.2341624252e-01,6.1925267675e-01,6.1432747896e-01,6.0841379746e-01,6.0027261738e-01,5.8785286885e-01,5.6840570550e-01,5.3843715029e-01,4.9368026264e-01,4.3017135098e-01,3.3783790391e-01,2.0848216501e-01,9.4027447705e-02,3.3182242807e-02,1.0321995159e-02,3.4965808306e-03,1.5574880412e-03,9.5013053535e-04,7.3527662752e-04,6.1899149179e-04,5.4253204218e-04,4.7361656223e-04,4.0790830065e-04,3.4369576746e-04,2.8104257820e-04,2.2084907033e-04,1.6457306897e-04,1.1460564263e-04,7.2284687878e-05,3.8808349606e-05,1.6902670219e-05,6.2025908760e-06,1.9066380717e-06,4.6400947236e-07,8.5978901832e-08,0.0000000000e+00,0.0000000000e+00,0.0000000000e+00,0.0000000000e+00,0.0000000000e+00,0.0000000000e+00,0.0000000000e+00,0.0000000000e+00,0.0000000000e+00,0.0000000000e+00,0.0000000000e+00,0.0000000000e+00,0.0000000000e+00,0.0000000000e+00,0.0000000000e+00,0.0000000000e+00,0.0000000000e+00,0.0000000000e+00,0.0000000000e+00,0.0000000000e+00,0.0000000000e+00,0.0000000000e+00,0.0000000000e+00,0.0000000000e+00,0.0000000000e+00,0.0000000000e+00,0.0000000000e+00,0.0000000000e+00,0.0000000000e+00,0.0000000000e+00,0.0000000000e+00,0.0000000000e+00,0.0000000000e+00,0.0000000000e+00,0.0000000000e+00,0.0000000000e+00,0.0000000000e+00,0.0000000000e+00,0.0000000000e+00,0.0000000000e+00,0.0000000000e+00,0.0000000000e+00,0.0000000000e+00,0.0000000000e+00
4.1228652724e+01,6.3152244383e-01,6.3152244383e-01,6.3152244383e-01,6.3152244383e-01,6.3152244383e-01,6.3152244383e-01,6.3152244383e-01,6.3152244383e-01,6.3152244383e-01,6.3152244383e-01,6.3152244383e-01,6.3152244383e-01,6.3152244383e-01,6.3152244383e-01,6.3152244383e-01,6.3152244383e-01,6.3152244383e-01,6.3152244383e-01,6.3152244383e-01,6.3152244383e-01,6.3152244383e-01,6.3152244383e-01,6.3152244383e-01,6.3152244383e-01,6.3152244383e-01,6.3152244383e-01,6.3152244383e-01,6.3152244383e-01,6.3152244383e-01,6.3152244383e-01,6.3152244383e-01,6.3152244383e-01,6.3152244383e-01,6.3152244383e-01,6.3152244383e-01,6.3152244383e-01,6.3152244383e-01,6.3152244383e-01,6.3152244383e-01,6.3152244383e-01,6.3152244383e-01,6.3152244383e-01,6.3152244383e-01,6.3152244383e-01,6.3152244383e-01,6.3152244383e-01,6.3152244383e-01,6.3152244383e-01,6.3152244383e-01,6.3152244383e-01,6.3152244383e-01,6.3152244383e-01,6.3152244383e-01,6.3152244383e-01,6.3152244383e-01,6.3152244383e-01,6.3152244383e-01,6.3152244383e-01,6.3152244383e-01,6.3152244383e-01,6.3152244383e-01,6.3152244383e-01,6.3152244383e-01,6.3152244383e-01,6.3152244383e-01,6.3152244383e-01,6.3152244383e-01,6.3152244383e-01,6.3152244383e-01,6.3152244383e-01,6.3152244383e-01,6.3152244383e-01,6.3152244383e-01,6.3152244383e-01,6.3152244383e-01,6.3152244383e-01,6.3152244383e-01,6.3152244383e-01,6.3152244383e-01,6.3152244383e-01,6.3152244383e-01,6.3152244383e-01,6.3152244383e-01,6.3152244383e-01,6.3152244383e-01,6.3152203902e-01,6.3152078470e-01,6.3151942022e-01,6.3151793591e-01,6.3151632124e-01,6.3151456477e-01,6.3151265404e-01,6.3151057551e-01,6.3150831444e-01,6.3150585481e-01,6.3150317917e-01,6.3150026855e-01,6.3149710233e-01,6.3149019787e-01,6.3147388575e-01,6.3145614149e-01,6.3143683942e-01,6.3141584282e-01,6.3139300300e-01,6.3136152870e-01,6.3130313759e-01,6.3123962443e-01,6.3117054050e-01,6.3106523634e-01,6.3084267977e-01,6.3060066636e-01,6.3032464107e-01,6.2998206107e-01,6.2960960551e-01,6.2887019292e-01,6.2800835977e-01,6.2705408472e-01,6.2598101275e-01,6.2464585240e-01,6.2294128786e-01,6.2077669885e-01,6.1787720924e-01,6.1370668854e-01,6.0871325656e-01,6.0268365589e-01,5.9443660430e-01,5.8200027709e-01,5.6274835608e-01,5.3336065647e-01,4.8985514591e-01,4.2841793723e-01,3.3941445665e-01,2.1409069212e-01,1.0047008315e-01,3.7330086463e-02,1.2335688128e-02,4.4387273509e-03,2.0776877675e-03,1.3093686047e-03,1.0281402020e-03,8.7177346575e-04,7.6656813094e-04,6.7125688320e-04,5.8016116470e-04,4.9093383764e-04,4.0364610877e-04,3.1949192365e-04,2.4037361139e-04,1.6949416139e-04,1.0873027907e-04,5.9871033287e-05,2.7071728773e-05,1.0406220564e-05,3.3785497296e-06,8.7796494086e-07,1.7638326040e-07,0.0000000000e+00,0.0000000000e+00,0.0000000000e+00,0.0000000000e+00,0.0000000000e+00,0.0000000000e+00,0.0000000000e+00,0.0000000000e+00,0.0000000000e+00,0.0000000000e+00,0.0000000000e+00,0.0000000000e+00,0.0000000000e+00,0.0000000000e+00,0.0000000000e+00,0.0000000000e+00,0.0000000000e+00,0.0000000000e+00,0.0000000000e+00,0.0000000000e+00,0.0000000000e+00,0.0000000000e+00,0.0000000000e+00,0.0000000000e+00,0.0000000000e+00,0.0000000000e+00,0.0000000000e+00,0.0000000000e+00,0.0000000000e+00,0.0000000000e+00,0.0000000000e+00,0.0000000000e+00,0.0000000000e+00,0.0000000000e+00,0.0000000000e+00,0.0000000000e+00,0.0000000000e+00,0.0000000000e+00,0.0000000000e+00,0.0000000000e+00,0.0000000000e+00,0.0000000000e+00,0.0000000000e+00,0.0000000000e+00
4.3332361656e+01,6.2489436654e-01,6.2489436654e-01,6.2489436654e-01,6.2489436654e-01,6.2489436654e-01,6.2489436654e-01,6.2489436654e-01,6.2489436654e-01,6.2489436654e-01,6.2489436654e-01,6.2489436654e-01,6.2489436654e-01,6.2489436654e-01,6.2489436654e-01,6.2489436654e-01,6.2489436654e-01,6.2489436654e-01,6.2489436654e-01,6.2489436654e-01,6.2489436654e-01,6.2489436654e-01,6.2489436654e-01,6.2489436654e-01,6.2489436654e-01,6.2489436654e-01,6.2489436654e-01,6.2489436654e-01,6.2489436654e-01,6.2489436654e-01,6.2489436654e-01,6.2489436654e-01,6.2489436654e-01,6.2489436654e-01,6.2489436654e-01,6.2489436654e-01,6.2489436654e-01,6.2489436654e-01,6.2489436654e-01,6.2489436654e-01,6.2489436654e-01,6.2489436654e-01,6.2489436654e-01,6.2489436654e-01,6.2489436654e-01,6.2489436654e-01,6.2489436654e-01,6.2489436654e-01,6.2489436654e-01,6.2489436654e-01,6.2489436654e-01,6.2489436654e-01,6.2489436654e-01,6.2489436654e-01,6.2489436654e-01,6.2489436654e-01,6.2489436654e-01,6.2489436654e-01,6.2489436654e-01,6.2489436654e-01,6.2489436654e-01,6.2489436654e-01,6.2489436654e-01,6.2489436654e-01,6.2489436654e-01,6.2489436654e-01,6.2489436654e-01,6.2489436654e-01,6.2489436654e-01,6.2489436654e-01,6.2489436654e-01,6.2489436654e-01,6.2489436654e-01,6.2489436654e-01,6.2489436654e-01,6.2489436654e-01,6.2489436654e-01,6.2489436654e-01,6.2489436654e-01,6.2489436654e-01,6.2489436654e-01,6.2489436654e-01,6.2489436654e-01,6.2489436654e-01,6.2489436654e-01,6.2489436654e-01,6.2489399899e-01,6.2489286011e-01,6.2489162121e-01,6.2489027350e-01,6.2488880744e-01,6.2488721262e-01,6.2488547775e-01,6.2488359052e-01,6.2488153754e-01,6.2487930428e-01,6.2487687488e-01,6.2487423214e-01,6.2487135731e-01,6.2486511025e-01,6.2485037909e-01,6.2483435456e-01,6.2481692315e-01,6.2479796139e-01,6.2477733497e-01,6.2474890058e-01,6.2469611958e-01,6.2463870816e-01,6.2457626060e-01,6.2448101570e-01,6.2427957298e-01,6.2406051241e-01,6.2380933088e-01,6.2349340018e-01,6.2314990466e-01,6.2246455442e-01,6.2166534538e-01,6.2076539404e-01,6.1974886466e-01,6.1847350857e-01,6.1681971938e-01,6.1468508812e-01,6.1178393462e-01,6.0760264982e-01,6.0254325690e-01,5.9640533227e-01,5.8806436979e-01,5.7562914923e-01,5.5659630425e-01,5.2781447622e-01,4.8557507121e-01,4.2621931881e-01,3.4055112473e-01,2.1937302911e-01,1.0692173711e-01,4.1734110416e-02,1.4612084682e-02,5.5699705769e-03,2.7326246190e-03,1.7751224379e-03,1.4127793554e-03,1.2059760723e-03,1.0637549277e-03,9.3427451223e-04,8.1022439738e-04,6.8844387585e-04,5.6901137654e-04,4.5348753864e-04,3.4430967606e-04,2.4568274407e-04,1.6017180283e-04,9.0350987781e-05,4.2334654261e-05,1.7006585691e-05,5.8159017436e-06,1.6090065935e-06,3.5046239981e-07,0.0000000000e+00,0.0000000000e+00,0.0000000000e+00,0.0000000000e+00,0.0000000000e+00,0.0000000000e+00,0.0000000000e+00,0.0000000000e+00,0.0000000000e+00,0.0000000000e+00,0.0000000000e+00,0.0000000000e+00,0.0000000000e+00,0.0000000000e+00,0.0000000000e+00,0.0000000000e+00,0.0000000000e+00,0.0000000000e+00,0.0000000000e+00,0.0000000000e+00,0.0000000000e+00,0.0000000000e+00,0.0000000000e+00,0.0000000000e+00,0.0000000000e+00,0.0000000000e+00,0.0000000000e+00,0.0000000000e+00,0.0000000000e+00,0.0000000000e+00,0.0000000000e+00,0.0000000000e+00,0.0000000000e+00,0.0000000000e+00,0.0000000000e+00,0.0000000000e+00,0.0000000000e+00,0.0000000000e+00,0.0000000000e+00,0.0000000000e+00,0.0000000000e+00,0.0000000000e+00,0.0000000000e+00,0.0000000000e+00
4.5543413200e+01,6.1768812146e-01,6.1768812146e-01,6.1768812146e-01,6.1768812146e-01,6.1768812146e-01,6.1768812146e-01,6.1768812146e-01,6.1768812146e-01,6.1768812146e-01,6.1768812146e-01,6.1768812146e-01,6.1768812146e-01,6.1768812146e-01,6.1768812146e-01,6.1768812146e-01,6.1768812146e-01,6.1768812146e-01,6.1768812146e-01,6.1768812146e-01,6.1768812146e-01,6.1768812146e-01,6.1768812146e-01,6.1768812146e-01,6.1768812146e-01,6.1768812146e-01,6.1768812146e-01,6.1768812146e-01,6.1768812146e-01,6.1768812146e-01,6.1768812146e-01,6.1768812146e-01,6.1768812146e-01,6.1768812146e-01,6.1768812146e-01,6.1768812146e-01,6.1768812146e-01,6.1768812146e-01,6.1768812146e-01,6.1768812146e-01,6.1768812146e-01,6.1768812146e-01,6.1768812146e-01,6.1768812146e-01,6.1768812146e-01,6.1768812146e-01,6.1768812146e-01,6.1768812146e-01,6.1768812146e-01,6.1768812146e-01,6.1768812146e-01,6.1768812146e-01,6.1768812146e-01,6.1768812146e-01,6.1768812146e-01,6.1768812146e-01,6.1768812146e-01,6.1768812146e-01,6.1768812146e-01,6.1768812146e-01,6.1768812146e-01,6.1768812146e-01,6.1768812146e-01,6.1768812146e-01,6.1768812146e-01,6.1768812146e-01,6.1768812146e-01,6.1768812146e-01,6.1768812146e-01,6.1768812146e-01,6.1768812146e-01,6.1768812146e-01,6.1768812146e-01,6.1768812146e-01,6.1768812146e-01,6.1768812146e-01,6.1768812146e-01,6.1768812146e-01,6.1768812146e-01,6.1768812146e-01,6.1768812146e-01,6.1768812146e-01,6.1768812146e-01,6.1768812146e-01,6.1768812146e-01,6.1768812146e-01,6.1768778640e-01,6.1768674822e-01,6.1768561885e-01,6.1768439031e-01,6.1768305387e-01,6.1768160006e-01,6.1768001858e-01,6.1767829820e-01,6.1767642674e-01,6.1767439093e-01,6.1767217633e-01,6.1766976724e-01,6.1766714659e-01,6.1766147932e-01,6.1764815035e-01,6.1763365109e-01,6.1761787882e-01,6.1760072181e-01,6.1758205854e-01,6.1755632444e-01,6.1750853856e-01,6.1745656010e-01,6.1740002162e-01,6.1731375410e-01,6.1713120750e-01,6.1693269009e-01,6.1670365711e-01,6.1641119308e-01,6.1609320098e-01,6.1545550899e-01,6.1471151932e-01,6.1385842688e-01,6.1289029865e-01,6.1166523608e-01,6.1005282671e-01,6.0794070098e-01,6.0503446958e-01,6.0084175799e-01,5.9572218261e-01,5.8948744203e-01,5.8106899889e-01,5.6865751091e-01,5.4987279241e-01,5.2172787362e-01,4.8077618528e-01,4.2351818876e-01,3.4119513017e-01,2.2427227368e-01,1.1332614101e-01,4.6369304601e-02,1.7158669714e-02,6.9109509884e-03,3.5446285644e-03,2.3685585546e-03,1.9087861031e-03,1.6396462602e-03,1.4506573838e-03,1.2777823033e-03,1.1117620426e-03,9.4841424274e-04,7.8782444587e-04,6.3200573920e-04,4.8402820673e-04,3.4930798920e-04,2.3126854496e-04,1.3349451613e-04,6.4703262970e-05,2.7103711782e-05,9.7381229669e-06,2.8600891256e-06,6.7433601930e-07,0.0000000000e+00,0.0000000000e+00,0.0000000000e+00,0.0000000000e+00,0.0000000000e+00,0.0000000000e+00,0.0000000000e+00,0.0000000000e+00,0.0000000000e+00,0.0000000000e+00,0.0000000000e+00,0.0000000000e+00,0.0000000000e+00,0.0000000000e+00,0.0000000000e+00,0.0000000000e+00,0.0000000000e+00,0.0000000000e+00,0.0000000000e+00,0.0000000000e+00,0.0000000000e+00,0.0000000000e+00,0.0000000000e+00,0.0000000000e+00,0.0000000000e+00,0.0000000000e+00,0.0000000000e+00,0.0000000000e+00,0.0000000000e+00,0.0000000000e+00,0.0000000000e+00,0.0000000000e+00,0.0000000000e+00,0.0000000000e+00,0.0000000000e+00,0.0000000000e+00,0.0000000000e+00,0.0000000000e+00,0.0000000000e+00,0.0000000000e+00,0.0000000000e+00,0.0000000000e+00,0.0000000000e+00,0.0000000000e+00
4.7867284557e+01,6.0978160101e-01,6.0978160101e-01,6.0978160101e-01,6.0978160101e-01,6.0978160101e-01,6.0978160101e-01,6.0978160101e-01,6.0978160101e-01,6.0978160101e-01,6.0978160101e-01,6.0978160101e-01,6.0978160101e-01,6.0978160101e-01,6.0978160101e-01,6.0978160101e-01,6.0978160101e-01,6.0978160101e-01,6.0978160101e-01,6.0978160101e-01,6.0978160101e-01,6.0978160101e-01,6.0978160101e-01,6.0978160101e-01,6.0978160101e-01,6.0978160101e-01,6.0978160101e-01,6.0978160101e-01,6.0978160101e-01,6.0978160101e-01,6.0978160101e-01,6.0978160101e-01,6.0978160101e-01,6.0978160101e-01,6.0978160101e-01,6.0978160101e-01,6.0978160101e-01,6.0978160101e-01,6.0978160101e-01,6.0978160101e-01,6.0978160101e-01,6.0978160101e-01,6.0978160101e-01,6.0978160101e-01,6.0978160101e-01,6.0978160101e-01,6.0978160101e-01,6.0978160101e-01,6.0978160101e-01,6.0978160101e-01,6.0978160101e-01,6.0978160101e-01,6.0978160101e-01,6.0978160101e-01,6.0978160101e-01,6.0978160101e-01,6.0978160101e-01,6.0978160101e-01,6.0978160101e-01,6.0978160101e-01,6.0978160101e-01,6.0978160101e-01,6.0978160101e-01,6.0978160101e-01,6.0978160101e-01,6.0978160101e-01,6.0978160101e-01,6.0978160101e-01,6.0978160101e-01,6.0978160101e-01,6.0978160101e-01,6.0978160101e-01,6.0978160101e-01,6.0978160101e-01,6.0978160101e-01,6.0978160101e-01,6.0978160101e-01,6.0978160101e-01,6.0978160101e-01,6.0978160101e-01,6.0978160101e-01,6.0978160101e-01,6.0978160101e-01,6.0978160101e-01,6.0978160101e-01,6.0978160101e-01,6.0978129399e-01,6.0978034266e-01,6.0977930779e-01,6.0977818203e-01,6.0977695740e-01,6.0977562522e-01,6.0977417605e-01,6.0977259961e-01,6.0977088473e-01,6.0976901924e-01,6.0976698992e-01,6.0976478238e-01,6.0976238098e-01,6.0975722153e-01,6.0974512998e-01,6.0973197677e-01,6.0971766870e-01,6.0970210441e-01,6.0968517364e-01,6.0966182771e-01,6.0961847438e-01,6.0957131706e-01,6.0952002230e-01,6.0944174828e-01,6.0927609622e-01,6.0909594695e-01,6.0888664011e-01,6.0861481604e-01,6.0831925690e-01,6.0772360614e-01,6.0702834687e-01,6.0621571764e-01,6.0528906251e-01,6.0410631790e-01,6.0252778970e-01,6.0043289218e-01,5.9752062806e-01,5.9331892583e-01,5.8814840840e-01,5.8183223479e-01,5.7335713608e-01,5.6099681266e-01,5.4249427917e-01,5.1502297264e-01,4.7538706722e-01,4.2024931814e-01,3.4128593054e-01,2.2872476262e-01,1.1962000421e-01,5.1202547027e-02,1.9977236269e-02,8.4802089945e-03,4.5360982647e-03,3.1118083547e-03,2.5370002834e-03,2.1921758753e-03,1.9451977036e-03,1.7182414222e-03,1.4997627048e-03,1.2843196089e-03,1.0720049666e-03,8.6538382788e-04,6.6826308461e-04,4.8749429771e-04,3.2754767168e-04,1.9327047650e-04,9.6739254255e-05,4.2167183203e-05,1.5878642309e-05,4.9376682812e-06,1.2573625302e-06,0.0000000000e+00,0.0000000000e+00,0.0000000000e+00,0.0000000000e+00,0.0000000000e+00,0.0000000000e+00,0.0000000000e+00,0.0000000000e+00,0.0000000000e+00,0.0000000000e+00,0.0000000000e+00,0.0000000000e+00,0.0000000000e+00,0.0000000000e+00,0.0000000000e+00,0.0000000000e+00,0.0000000000e+00,0.0000000000e+00,0.0000000000e+00,0.0000000000e+00,0.0000000000e+00,0.0000000000e+00,0.0000000000e+00,0.0000000000e+00,0.0000000000e+00,0.0000000000e+00,0.0000000000e+00,0.0000000000e+00,0.0000000000e+00,0.0000000000e+00,0.0000000000e+00,0.0000000000e+00,0.0000000000e+00,0.0000000000e+00,0.0000000000e+00,0.0000000000e+00,0.0000000000e+00,0.0000000000e+00,0.0000000000e+00,0.0000000000e+00,0.0000000000e+00,0.0000000000e+00,0.0000000000e+00,0.0000000000e+00
5.0309732403e+01,6.0082977808e-01,6.0082977808e-01,6.0082977808e-01,6.0082977808e-01,6.0082977808e-01,6.0082977808e-01,6.0082977808e-01,6.0082977808e-01,6.0082977808e-01,6.0082977808e-01,6.0082977808e-01,6.0082977808e-01,6.0082977808e-01,6.0082977808e-01,6.0082977808e-01,6.0082977808e-01,6.0082977808e-01,6.0082977808e-01,6.0082977808e-01,6.0082977808e-01,6.0082977808e-01,6.0082977808e-01,6.0082977808e-01,6.0082977808e-01,6.0082977808e-01,6.0082977808e-01,6.0082977808e-01,6.0082977808e-01,6.0082977808e-01,6.0082977808e-01,6.0082977808e-01,6.0082977808e-01,6.0082977808e-01,6.0082977808e-01,6.0082977808e-01,6.0082977808e-01,6.0082977808e-01,6.0082977808e-01,6.0082977808e-01,6.0082977808e-01,6.0082977808e-01,6.0082977808e-01,6.0082977808e-01,6.0082977808e-01,6.0082977808e-01,6.0082977808e-01,6.0082977808e-01,6.0082977808e-01,6.0082977808e-01,6.0082977808e-01,6.0082977808e-01,6.0082977808e-01,6.0082977808e-01,6.0082977808e-01,6.0082977808e-01,6.0082977808e-01,6.0082977808e-01,6.0082977808e-01,6.0082977808e-01,6.0082977808e-01,6.0082977808e-01,6.0082977808e-01,6.0082977808e-01,6.0082977808e-01,6.0082977808e-01,6.0082977808e-01,6.0082977808e-01,6.0082977808e-01,6.0082977808e-01,6.0082977808e-01,6.0082977808e-01,6.0082977808e-01,6.0082977808e-01,6.0082977808e-01,6.0082977808e-01,6.0082977808e-01,6.0082977808e-01,6.0082977808e-01,6.0082977808e-01,6.0082977808e-01,6.0082977808e-01,6.0082977808e-01,6.0082977808e-01,6.0082977808e-01,6.0082977808e-01,6.0082977808e-01,6.0082977808e-01,6.0082912569e-01,6.0082809773e-01,6.0082697950e-01,6.0082576306e-01,6.0082443979e-01,6.0082300031e-01,6.0082143440e-01,6.0081973098e-01,6.0081787796e-01,6.0081586221e-01,6.0081366943e-01,6.0081128408e-01,6.0080868925e-01,6.0079563505e-01,6.0077518282e-01,6.0075293517e-01,6.0072873456e-01,6.0070240964e-01,6.0067377406e-01,6.0063439172e-01,6.0058486973e-01,6.0053100313e-01,6.0047241120e-01,6.0032629167e-01,6.0010131333e-01,5.9985667208e-01,5.9945735676e-01,5.9892260864e-01,5.9832509042e-01,5.9760588532e-01,5.9676826278e-01,5.9564006869e-01,5.9408549670e-01,5.9204763720e-01,5.8884975053e-01,5.8473591201e-01,5.7951721193e-01,5.7299617314e-01,5.6446325955e-01,5.5208953740e-01,5.3400274094e-01,5.0722410747e-01,4.6881847531e-01,4.1563245650e-01,3.4158354335e-01,2.3299941079e-01,1.2581477705e-01,5.6218463356e-02,2.3170978634e-02,1.0368482106e-02,5.7630142215e-03,4.0604521058e-03,3.3452240484e-03,2.9055934639e-03,2.5852880347e-03,2.2899126696e-03,2.0048339666e-03,1.7231931524e-03,1.4450298247e-03,1.1736247209e-03,9.1364905751e-04,6.7345835654e-04,4.5894109035e-04,2.7659504888e-04,1.4274308233e-04,6.4606012132e-05,2.5415916370e-05,8.2875425842e-06,2.0854563122e-06,3.9255853385e-07,7.6730262503e-08,0.0000000000e+00,0.0000000000e+00,0.0000000000e+00,0.0000000000e+00,0.0000000000e+00,0.0000000000e+00,0.0000000000e+00,0.0000000000e+00,0.0000000000e+00,0.0000000000e+00,0.0000000000e+00,0.0000000000e+00,0.0000000000e+00,0.0000000000e+00,0.0000000000e+00,0.0000000000e+00,0.0000000000e+00,0.0000000000e+00,0.0000000000e+00,0.0000000000e+00,0.0000000000e+00,0.0000000000e+00,0.0000000000e+00,0.0000000000e+00,0.0000000000e+00,0.0000000000e+00,0.0000000000e+00,0.0000000000e+00,0.0000000000e+00,0.0000000000e+00,0.0000000000e+00,0.0000000000e+00,0.0000000000e+00,0.0000000000e+00,0.0000000000e+00,0.0000000000e+00,0.0000000000e+00,0.0000000000e+00,0.0000000000e+00,0.0000000000e+00,0.0000000000e+00,0.0000000000e+00
5.2876807154e+01,5.9114618113e-01,5.9114618113e-01,5.9114618113e-01,5.9114618113e-01,5.9114618113e-01,5.9114618113e-01,5.9114618113e-01,5.9114618113e-01,5.9114618113e-01,5.9114618113e-01,5.9114618113e-01,5.9114618113e-01,5.9114618113e-01,5.9114618113e-01,5.9114618113e-01,5.9114618113e-01,5.9114618113e-01,5.9114618113e-01,5.9114618113e-01,5.9114618113e-01,5.9114618113e-01,5.9114618113e-01,5.9114618113e-01,5.9114618113e-01,5.9114618113e-01,5.9114618113e-01,5.9114618113e-01,5.9114618113e-01,5.9114618113e-01,5.9114618113e-01,5.9114618113e-01,5.9114618113e-01,5.9114618113e-01,5.9114618113e-01,5.9114618113e-01,5.9114618113e-01,5.9114618113e-01,5.9114618113e-01,5.9114618113e-01,5.9114618113e-01,5.9114618113e-01,5.9114618113e-01,5.9114618113e-01,5.9114618113e-01,5.9114618113e-01,5.9114618113e-01,5.9114618113e-01,5.9114618113e-01,5.9114618113e-01,5.9114618113e-01,5.9114618113e-01,5.9114618113e-01,5.9114618113e-01,5.9114618113e-01,5.9114618113e-01,5.9114618113e-01,5.9114618113e-01,5.9114618113e-01,5.9114618113e-01,5.9114618113e-01,5.9114618113e-01,5.9114618113e-01,5.9114618113e-01,5.9114618113e-01,5.9114618113e-01,5.9114618113e-01,5.9114618113e-01,5.9114618113e-01,5.9114618113e-01,5.9114618113e-01,5.9114618113e-01,5.9114618113e-01,5.9114618113e-01,5.9114618113e-01,5.9114618113e-01,5.9114618113e-01,5.9114618113e-01,5.9114618113e-01,5.9114618113e-01,5.9114618113e-01,5.9114618113e-01,5.9114618113e-01,5.9114618113e-01,5.9114618113e-01,5.9114618113e-01,5.9114618113e-01,5.9114618113e-01,5.9114556884e-01,5.9114460407e-01,5.9114355456e-01,5.9114241289e-01,5.9114117095e-01,5.9113981995e-01,5.9113835029e-01,5.9113675157e-01,5.9113501244e-01,5.9113312058e-01,5.9113106258e-01,5.9112882384e-01,5.9112638849e-01,5.9111449227e-01,5.9109590121e-01,5.9107567807e-01,5.9105367961e-01,5.9102975008e-01,5.9100372005e-01,5.9096768529e-01,5.9092222124e-01,5.9087276830e-01,5.9081897686e-01,5.9068426861e-01,5.9047666055e-01,5.9025090224e-01,5.8987755160e-01,5.8937511789e-01,5.8880996402e-01,5.8811422092e-01,5.8730182316e-01,5.8620003744e-01,5.8467088437e-01,5.8265694659e-01,5.7946675332e-01,5.7534243599e-01,5.7010388800e-01,5.6355990040e-01,5.5502774209e-01,5.4277979081e-01,5.2505342404e-01,4.9904159071e-01,4.6203615779e-01,4.1104428180e-01,3.4029175828e-01,2.3631681901e-01,1.3166254286e-01,6.1304828591e-02,2.6512507677e-02,1.2439321538e-02,7.1768984933e-03,5.1720262913e-03,4.3039841922e-03,3.7580946918e-03,3.3531570922e-03,2.9781004066e-03,2.6152433005e-03,2.2559650825e-03,1.9003173849e-03,1.5523644495e-03,1.2176963176e-03,9.0651095901e-04,6.2616287981e-04,3.8501766382e-04,2.0455921125e-04,9.5960031870e-05,3.9376486365e-05,1.3504607569e-05,3.6182873871e-06,7.3821091488e-07,1.5728056516e-07,0.0000000000e+00,0.0000000000e+00,0.0000000000e+00,0.0000000000e+00,0.0000000000e+00,0.0000000000e+00,0.0000000000e+00,0.0000000000e+00,0.0000000000e+00,0.0000000000e+00,0.0000000000e+00,0.0000000000e+00,0.0000000000e+00,0.0000000000e+00,0.0000000000e+00,0.0000000000e+00,0.0000000000e+00,0.0000000000e+00,0.0000000000e+00,0.0000000000e+00,0.0000000000e+00,0.0000000000e+00,0.0000000000e+00,0.0000000000e+00,0.0000000000e+00,0.0000000000e+00,0.0000000000e+00,0.0000000000e+00,0.0000000000e+00,0.0000000000e+00,0.0000000000e+00,0.0000000000e+00,0.0000000000e+00,0.0000000000e+00,0.0000000000e+00,0.0000000000e+00,0.0000000000e+00,0.0000000000e+00,0.0000000000e+00,0.0000000000e+00,0.0000000000e+00,0.0000000000e+00
5.5574867948e+01,5.8040121534e-01,5.8040121534e-01,5.8040121534e-01,5.8040121534e-01,5.8040121534e-01,5.8040121534e-01,5.8040121534e-01,5.8040121534e-01,5.8040121534e-01,5.8040121534e-01,5.8040121534e-01,5.8040121534e-01,5.8040121534e-01,5.8040121534e-01,5.8040121534e-01,5.8040121534e-01,5.8040121534e-01,5.8040121534e-01,5.8040121534e-01,5.8040121534e-01,5.8040121534e-01,5.8040121534e-01,5.8040121534e-01,5.8040121534e-01,5.8040121534e-01,5.8040121534e-01,5.8040121534e-01,5.8040121534e-01,5.8040121534e-01,5.8040121534e-01,5.8040121534e-01,5.8040121534e-01,5.8040121534e-01,5.8040121534e-01,5.8040121534e-01,5.8040121534e-01,5.8040121534e-01,5.8040121534e-01,5.8040121534e-01,5.8040121534e-01,5.8040121534e-01,5.8040121534e-01,5.8040121534e-01,5.8040121534e-01,5.8040121534e-01,5.8040121534e-01,5.8040121534e-01,5.8040121534e-01,5.8040121534e-01,5.8040121534e-01,5.8040121534e-01,5.8040121534e-01,5.8040121534e-01,5.8040121534e-01,5.8040121534e-01,5.8040121534e-01,5.8040121534e-01,5.8040121534e-01,5.8040121534e-01,5.8040121534e-01,5.8040121534e-01,5.8040121534e-01,5.8040121534e-01,5.8040121534e-01,5.8040121534e-01,5.8040121534e-01,5.8040121534e-01,5.8040121534e-01,5.8040121534e-01,5.8040121534e-01,5.8040121534e-01,5.8040121534e-01,5.8040121534e-01,5.8040121534e-01,5.8040121534e-01,5.8040121534e-01,5.8040121534e-01,5.8040121534e-01,5.8040121534e-01,5.8040121534e-01,5.8040121534e-01,5.8040121534e-01,5.8040121534e-01,5.8040121534e-01,5.8040121534e-01,5.8040121534e-01,5.8040121534e-01,5.8040063425e-01,5.8039971864e-01,5.8039872263e-01,5.8039763914e-01,5.8039646049e-01,5.8039517834e-01,5.8039378358e-01,5.8039226633e-01,5.8039061583e-01,5.8038882039e-01,5.8038686727e-01,5.8038474262e-01,5.8038243138e-01,5.8037154244e-01,5.8035458007e-01,5.8033612854e-01,5.8031605718e-01,5.8029422385e-01,5.8027047394e-01,5.8023735443e-01,5.8019541446e-01,5.8014979457e-01,5.8010017219e-01,5.7997555405e-01,5.7978337173e-01,5.7957438337e-01,5.7922416437e-01,5.7875056422e-01,5.7821424766e-01,5.7753920905e-01,5.7674905230e-01,5.7567046785e-01,5.7416457428e-01,5.7217371287e-01,5.6899763075e-01,5.6487559983e-01,5.5963580931e-01,5.5309360088e-01,5.4459468055e-01,5.3251234857e-01,5.1519264330e-01,4.8999675231e-01,4.5443290388e-01,4.0567034114e-01,3.3824185599e-01,2.3896836587e-01,1.3717180191e-01,6.6437524133e-02,3.0085048231e-02,1.4766864137e-02,8.8245656582e-03,6.4942138487e-03,5.4550065890e-03,4.7869162871e-03,4.2828053826e-03,3.8139019918e-03,3.3591425542e-03,2.9078555713e-03,2.4601163636e-03,2.0209024159e-03,1.5968069100e-03,1.2000830777e-03,8.3974677401e-04,5.2633181810e-04,2.8747766568e-04,1.3952255357e-04,5.9591459849e-05,2.1442270772e-05,6.0989914481e-06,1.3441358742e-06,3.1300218003e-07,0.0000000000e+00,0.0000000000e+00,0.0000000000e+00,0.0000000000e+00,0.0000000000e+00,0.0000000000e+00,0.0000000000e+00,0.0000000000e+00,0.0000000000e+00,0.0000000000e+00,0.0000000000e+00,0.0000000000e+00,0.0000000000e+00,0.0000000000e+00,0.0000000000e+00,0.0000000000e+00,0.0000000000e+00,0.0000000000e+00,0.0000000000e+00,0.0000000000e+00,0.0000000000e+00,0.0000000000e+00,0.0000000000e+00,0.0000000000e+00,0.0000000000e+00,0.0000000000e+00,0.0000000000e+00,0.0000000000e+00,0.0000000000e+00,0.0000000000e+00,0.0000000000e+00,0.0000000000e+00,0.0000000000e+00,0.0000000000e+00,0.0000000000e+00,0.0000000000e+00,0.0000000000e+00,0.0000000000e+00,0.0000000000e+00,0.0000000000e+00,0.0000000000e+00,0.0000000000e+00
5.8410598402e+01,5.6849738566e-01,5.6849738566e-01,5.6849738566e-01,5.6849738566e-01,5.6849738566e-01,5.6849738566e-01,5.6849738566e-01,5.6849738566e-01,5.6849738566e-01,5.6849738566e-01,5.6849738566e-01,5.6849738566e-01,5.6849738566e-01,5.6849738566e-01,5.6849738566e-01,5.6849738566e-01,5.6849738566e-01,5.6849738566e-01,5.6849738566e-01,5.6849738566e-01,5.6849738566e-01,5.6849738566e-01,5.6849738566e-01,5.6849738566e-01,5.6849738566e-01,5.6849738566e-01,5.6849738566e-01,5.6849738566e-01,5.6849738566e-01,5.6849738566e-01,5.6849738566e-01,5.6849738566e-01,5.6849738566e-01,5.6849738566e-01,5.6849738566e-01,5.6849738566e-01,5.6849738566e-01,5.6849738566e-01,5.6849738566e-01,5.6849738566e-01,5.6849738566e-01,5.6849738566e-01,5.6849738566e-01,5.6849738566e-01,5.6849738566e-01,5.6849738566e-01,5.6849738566e-01,5.6849738566e-01,5.6849738566e-01,5.6849738566e-01,5.6849738566e-01,5.6849738566e-01,5.6849738566e-01,5.6849738566e-01,5.6849738566e-01,5.6849738566e-01,5.6849738566e-01,5.6849738566e-01,5.6849738566e-01,5.6849738566e-01,5.6849738566e-01,5.6849738566e-01,5.6849738566e-01,5.6849738566e-01,5.6849738566e-01,5.6849738566e-01,5.6849738566e-01,5.6849738566e-01,5.6849738566e-01,5.6849738566e-01,5.6849738566e-01,5.6849738566e-01,5.6849738566e-01,5.6849738566e-01,5.6849738566e-01,5.6849738566e-01,5.6849738566e-01,5.6849738566e-01,5.6849738566e-01,5.6849738566e-01,5.6849738566e-01,5.6849738566e-01,5.6849738566e-01,5.6849738566e-01,5.6849738566e-01,5.6849738566e-01,5.6849738566e-01,5.6849682746e-01,5.6849594792e-01,5.6849499113e-01,5.6849395032e-01,5.6849281810e-01,5.6849158645e-01,5.6849024663e-01,5.6848878914e-01,5.6848720366e-01,5.6848547893e-01,5.6848360274e-01,5.6848156178e-01,5.6847934158e-01,5.6846932154e-01,5.6845377476e-01,5.6843686308e-01,5.6841846671e-01,5.6839845535e-01,5.6837668730e-01,5.6834608851e-01,5.6830718662e-01,5.6826487121e-01,5.6821884304e-01,5.6810314177e-01,5.6792467059e-01,5.6773058890e-01,5.6740108269e-01,5.6695339260e-01,5.6644301630e-01,5.6578671751e-01,5.6501674524e-01,5.6395942067e-01,5.6247619267e-01,5.6050944932e-01,5.5735596443e-01,5.5325121606e-01,5.4803132557e-01,5.4151847395e-01,5.3308822866e-01,5.2121419739e-01,5.0434979831e-01,4.8002107760e-01,4.4594209254e-01,3.9944484249e-01,3.3536732042e-01,2.4087958325e-01,1.4225883716e-01,7.1549730556e-02,3.3857124391e-02,1.7347011749e-02,1.0714979221e-02,8.0406303110e-03,6.8130674693e-03,6.0069558491e-03,5.3887818903e-03,4.8113906487e-03,4.2500316439e-03,3.6916875890e-03,3.1364727398e-03,2.5904144527e-03,2.0611808096e-03,1.5632742822e-03,1.1075531213e-03,7.0700978684e-04,3.9644747620e-04,1.9872400395e-04,8.8167721435e-05,3.3205684465e-05,9.9990092182e-06,2.3727304707e-06,6.0337812638e-07,0.0000000000e+00,0.0000000000e+00,0.0000000000e+00,0.0000000000e+00,0.0000000000e+00,0.0000000000e+00,0.0000000000e+00,0.0000000000e+00,0.0000000000e+00,0.0000000000e+00,0.0000000000e+00,0.0000000000e+00,0.0000000000e+00,0.0000000000e+00,0.0000000000e+00,0.0000000000e+00,0.0000000000e+00,0.0000000000e+00,0.0000000000e+00,0.0000000000e+00,0.0000000000e+00,0.0000000000e+00,0.0000000000e+00,0.0000000000e+00,0.0000000000e+00,0.0000000000e+00,0.0000000000e+00,0.0000000000e+00,0.0000000000e+00,0.0000000000e+00,0.0000000000e+00,0.0000000000e+00,0.0000000000e+00,0.0000000000e+00,0.0000000000e+00,0.0000000000e+00,0.0000000000e+00,0.0000000000e+00,0.0000000000e+00,0.0000000000e+00,0.0000000000e+00,0.0000000000e+00
6.1391023167e+01,5.5543427874e-01,5.5543427874e-01,5.5543427874e-01,5.5543427874e-01,5.5543427874e-01,5.5543427874e-01,5.5543427874e-01,5.5543427874e-01,5.5543427874e-01,5.5543427874e-01,5.5543427874e-01,5.5543427874e-01,5.5543427874e-01,5.5543427874e-01,5.5543427874e-01,5.5543427874e-01,5.5543427874e-01,5.5543427874e-01,5.5543427874e-01,5.5543427874e-01,5.5543427874e-01,5.5543427874e-01,5.5543427874e-01,5.5543427874e-01,5.5543427874e-01,5.5543427874e-01,5.5543427874e-01,5.5543427874e-01,5.5543427874e-01,5.5543427874e-01,5.5543427874e-01,5.5543427874e-01,5.5543427874e-01,5.5543427874e-01,5.5543427874e-01,5.5543427874e-01,5.5543427874e-01,5.5543427874e-01,5.5543427874e-01,5.5543427874e-01,5.5543427874e-01,5.5543427874e-01,5.5543427874e-01,5.5543427874e-01,5.5543427874e-01,5.5543427874e-01,5.5543427874e-01,5.5543427874e-01,5.5543427874e-01,5.5543427874e-01,5.5543427874e-01,5.5543427874e-01,5.5543427874e-01,5.5543427874e-01,5.5543427874e-01,5.5543427874e-01,5.5543427874e-01,5.5543427874e-01,5.5543427874e-01,5.5543427874e-01,5.5543427874e-01,5.5543427874e-01,5.5543427874e-01,5.5543427874e-01,5.5543427874e-01,5.5543427874e-01,5.5543427874e-01,5.5543427874e-01,5.5543427874e-01,5.5543427874e-01,5.5543427874e-01,5.5543427874e-01,5.5543427874e-01,5.5543427874e-01,5.5543427874e-01,5.5543427874e-01,5.5543427874e-01,5.5543427874e-01,5.5543427874e-01,5.5543427874e-01,5.5543427874e-01,5.5543427874e-01,5.5543427874e-01,5.5543427874e-01,5.5543427874e-01,5.5543427874e-01,5.5543427874e-01,5.5543427874e-01,5.5543425870e-01,5.5543326316e-01,5.5543218019e-01,5.5543100211e-01,5.5542972057e-01,5.5542832649e-01,5.5542680997e-01,5.5542516027e-01,5.5542336569e-01,5.5542141350e-01,5.5541928988e-01,5.5541697976e-01,5.5541446676e-01,5.5541173307e-01,5.5539430948e-01,5.5537489469e-01,5.5535377557e-01,5.5533080258e-01,5.5530581308e-01,5.5527863016e-01,5.5518869711e-01,5.5508404664e-01,5.5497022768e-01,5.5484643910e-01,5.5460981418e-01,5.5434135954e-01,5.5404947551e-01,5.5352151576e-01,5.5292856243e-01,5.5210452793e-01,5.5104736250e-01,5.4953027416e-01,5.4757216015e-01,5.4440736914e-01,5.4040193291e-01,5.3532699804e-01,5.2896289023e-01,5.2068359042e-01,5.0901213088e-01,4.9257424097e-01,4.6951710037e-01,4.3647088108e-01,3.9227229468e-01,3.3063429811e-01,2.4173653472e-01,1.4635043278e-01,7.6528383154e-02,3.7801356360e-02,2.0147386565e-02,1.2920750100e-02,9.8561820159e-03,8.4189595251e-03,7.4580209383e-03,6.7079416262e-03,6.0047647562e-03,5.3193309254e-03,4.6359288467e-03,3.9549602129e-03,3.2833503246e-03,2.6300777959e-03,2.0123296315e-03,1.4427456624e-03,9.3731803730e-04,5.3895773301e-04,2.7861884054e-04,1.2816260051e-04,5.0407502440e-05,1.6009484012e-05,4.0217371559e-06,8.8290898011e-07,1.7255329609e-07,5.3630436384e-08,0.0000000000e+00,0.0000000000e+00,0.0000000000e+00,0.0000000000e+00,0.0000000000e+00,0.0000000000e+00,0.0000000000e+00,0.0000000000e+00,0.0000000000e+00,0.0000000000e+00,0.0000000000e+00,0.0000000000e+00,0.0000000000e+00,0.0000000000e+00,0.0000000000e+00,0.0000000000e+00,0.0000000000e+00,0.0000000000e+00,0.0000000000e+00,0.0000000000e+00,0.0000000000e+00,0.0000000000e+00,0.0000000000e+00,0.0000000000e+00,0.0000000000e+00,0.0000000000e+00,0.0000000000e+00,0.0000000000e+00,0.0000000000e+00,0.0000000000e+00,0.0000000000e+00,0.0000000000e+00,0.0000000000e+00,0.0000000000e+00,0.0000000000e+00,0.0000000000e+00,0.0000000000e+00,0.0000000000e+00,0.0000000000e+00,0.0000000000e+00
6.4523525328e+01,5.4098519292e-01,5.4098519292e-01,5.4098519292e-01,5.4098519292e-01,5.4098519292e-01,5.4098519292e-01,5.4098519292e-01,5.4098519292e-01,5.4098519292e-01,5.4098519292e-01,5.4098519292e-01,5.4098519292e-01,5.4098519292e-01,5.4098519292e-01,5.4098519292e-01,5.4098519292e-01,5.4098519292e-01,5.4098519292e-01,5.4098519292e-01,5.4098519292e-01,5.4098519292e-01,5.4098519292e-01,5.4098519292e-01,5.4098519292e-01,5.4098519292e-01,5.4098519292e-01,5.4098519292e-01,5.4098519292e-01,5.4098519292e-01,5.4098519292e-01,5.4098519292e-01,5.4098519292e-01,5.4098519292e-01,5.4098519292e-01,5.4098519292e-01,5.4098519292e-01,5.4098519292e-01,5.4098519292e-01,5.4098519292e-01,5.4098519292e-01,5.4098519292e-01,5.4098519292e-01,5.4098519292e-01,5.4098519292e-01,5.4098519292e-01,5.4098519292e-01,5.4098519292e-01,5.4098519292e-01,5.4098519292e-01,5.4098519292e-01,5.4098519292e-01,5.4098519292e-01,5.4098519292e-01,5.4098519292e-01,5.4098519292e-01,5.4098519292e-01,5.4098519292e-01,5.4098519292e-01,5.4098519292e-01,5.4098519292e-01,5.4098519292e-01,5.4098519292e-01,5.4098519292e-01,5.4098519292e-01,5.4098519292e-01,5.4098519292e-01,5.4098519292e-01,5.4098519292e-01,5.4098519292e-01,5.4098519292e-01,5.4098519292e-01,5.4098519292e-01,5.4098519292e-01,5.4098519292e-01,5.4098519292e-01,5.4098519292e-01,5.4098519292e-01,5.4098519292e-01,5.4098519292e-01,5.4098519292e-01,5.4098519292e-01,5.4098519292e-01,5.4098519292e-01,5.4098519292e-01,5.4098519292e-01,5.4098519292e-01,5.4098519292e-01,5.4098519292e-01,5.4098517294e-01,5.4098418046e-01,5.4098310083e-01,5.4098192637e-01,5.4098064878e-01,5.4097925898e-01,5.4097774713e-01,5.4097610250e-01,5.4097431344e-01,5.4097236727e-01,5.4097025018e-01,5.4096794717e-01,5.4096544190e-01,5.4096271663e-01,5.4094649186e-01,5.4092841912e-01,5.4090875983e-01,5.4088737477e-01,5.4086411254e-01,5.4083880845e-01,5.4075613790e-01,5.4065997645e-01,5.4055538908e-01,5.4044163932e-01,5.4021666051e-01,5.3996094632e-01,5.3968291156e-01,5.3917135420e-01,5.3859634603e-01,5.3779514984e-01,5.3676580255e-01,5.3527822601e-01,5.3335158390e-01,5.3023299957e-01,5.2628293724e-01,5.2127392885e-01,5.1498799104e-01,5.0684610377e-01,4.9547805400e-01,4.7960162245e-01,4.5748982548e-01,4.2604937583e-01,3.8418462957e-01,3.2603144413e-01,2.4200021312e-01,1.5036693679e-01,8.1378304121e-02,4.1837681573e-02,2.3177732240e-02,1.5297420248e-02,1.1868135376e-02,1.0214955524e-02,9.0876270993e-03,8.1948729798e-03,7.3546029526e-03,6.5334639904e-03,5.7128431342e-03,4.8932462155e-03,4.0828482592e-03,3.2918352662e-03,2.5399903298e-03,1.8420467643e-03,1.2169614571e-03,7.1662108813e-04,3.8142486301e-04,1.8158190192e-04,7.4422985643e-05,2.4886499774e-05,6.6717778632e-06,1.5738930424e-06,3.3314371668e-07,1.0702299247e-07,0.0000000000e+00,0.0000000000e+00,0.0000000000e+00,0.0000000000e+00,0.0000000000e+00,0.0000000000e+00,0.0000000000e+00,0.0000000000e+00,0.0000000000e+00,0.0000000000e+00,0.0000000000e+00,0.0000000000e+00,0.0000000000e+00,0.0000000000e+00,0.0000000000e+00,0.0000000000e+00,0.0000000000e+00,0.0000000000e+00,0.0000000000e+00,0.0000000000e+00,0.0000000000e+00,0.0000000000e+00,0.0000000000e+00,0.0000000000e+00,0.0000000000e+00,0.0000000000e+00,0.0000000000e+00,0.0000000000e+00,0.0000000000e+00,0.0000000000e+00,0.0000000000e+00,0.0000000000e+00,0.0000000000e+00,0.0000000000e+00,0.0000000000e+00,0.0000000000e+00,0.0000000000e+00,0.0000000000e+00,0.0000000000e+00,0.0000000000e+00
6.7815864699e+01,5.2525559465e-01,5.2525559465e-01,5.2525559465e-01,5.2525559465e-01,5.2525559465e-01,5.2525559465e-01,5.2525559465e-01,5.2525559465e-01,5.2525559465e-01,5.2525559465e-01,5.2525559465e-01,5.2525559465e-01,5.2525559465e-01,5.2525559465e-01,5.2525559465e-01,5.2525559465e-01,5.2525559465e-01,5.2525559465e-01,5.2525559465e-01,5.2525559465e-01,5.2525559465e-01,5.2525559465e-01,5.2525559465e-01,5.2525559465e-01,5.2525559465e-01,5.2525559465e-01,5.2525559465e-01,5.2525559465e-01,5.2525559465e-01,5.2525559465e-01,5.2525559465e-01,5.2525559465e-01,5.2525559465e-01,5.2525559465e-01,5.2525559465e-01,5.2525559465e-01,5.2525559465e-01,5.2525559465e-01,5.2525559465e-01,5.2525559465e-01,5.2525559465e-01,5.2525559465e-01,5.2525559465e-01,5.2525559465e-01,5.2525559465e-01,5.2525559465e-01,5.2525559465e-01,5.2525559465e-01,5.2525559465e-01,5.2525559465e-01,5.2525559465e-01,5.2525559465e-01,5.2525559465e-01,5.2525559465e-01,5.2525559465e-01,5.2525559465e-01,5.2525559465e-01,5.2525559465e-01,5.2525559465e-01,5.2525559465e-01,5.2525559465e-01,5.2525559465e-01,5.2525559465e-01,5.2525559465e-01,5.2525559465e-01,5.2525559465e-01,5.2525559465e-01,5.2525559465e-01,5.2525559465e-01,5.2525559465e-01,5.2525559465e-01,5.2525559465e-01,5.2525559465e-01,5.2525559465e-01,5.2525559465e-01,5.2525559465e-01,5.2525559465e-01,5.2525559465e-01,5.2525559465e-01,5.2525559465e-01,5.2525559465e-01,5.2525559465e-01,5.2525559465e-01,5.2525559465e-01,5.2525559465e-01,5.2525559465e-01,5.2525559465e-01,5.2525559465e-01,5.2525557451e-01,5.2525457415e-01,5.2525348593e-01,5.2525230215e-01,5.2525101440e-01,5.2524961356e-01,5.2524808969e-01,5.2524643200e-01,5.2524462872e-01,5.2524266708e-01,5.2524053317e-01,5.2523821186e-01,5.2523568669e-01,5.2523293977e-01,5.2521772923e-01,5.2520079288e-01,5.2518236972e-01,5.2516232928e-01,5.2514052967e-01,5.2511681654e-01,5.2504057907e-01,5.2495194635e-01,5.2485554647e-01,5.2475070042e-01,5.2453639634e-01,5.2429239598e-01,5.2402709525e-01,5.2353153475e-01,5.2297410633e-01,5.2219568302e-01,5.2119438414e-01,5.1973922818e-01,5.1784946110e-01,5.1478986367e-01,5.1091311825e-01,5.0599484734e-01,4.9982012758e-01,4.9185574181e-01,4.8083544853e-01,4.6556804931e-01,4.4444927901e-01,4.1464959224e-01,3.7514099297e-01,3.2047248639e-01,2.4134556187e-01,1.5372665658e-01,8.5978936026e-02,4.5924649518e-02,2.6392412106e-02,1.7894768674e-02,1.4103129215e-02,1.2225393734e-02,1.0920477813e-02,9.8728559063e-03,8.8829753883e-03,7.9131620067e-03,6.9416567648e-03,5.9690831680e-03,5.0049758524e-03,4.0607499220e-03,3.1588748618e-03,2.3162666246e-03,1.5550039569e-03,9.3667721141e-04,5.1255715718e-04,2.5210182500e-04,1.0745709355e-04,3.7740556387e-05,1.0763713090e-05,2.7193191182e-06,6.2205924921e-07,2.1145408723e-07,0.0000000000e+00,0.0000000000e+00,0.0000000000e+00,0.0000000000e+00,0.0000000000e+00,0.0000000000e+00,0.0000000000e+00,0.0000000000e+00,0.0000000000e+00,0.0000000000e+00,0.0000000000e+00,0.0000000000e+00,0.0000000000e+00,0.0000000000e+00,0.0000000000e+00,0.0000000000e+00,0.0000000000e+00,0.0000000000e+00,0.0000000000e+00,0.0000000000e+00,0.0000000000e+00,0.0000000000e+00,0.0000000000e+00,0.0000000000e+00,0.0000000000e+00,0.0000000000e+00,0.0000000000e+00,0.0000000000e+00,0.0000000000e+00,0.0000000000e+00,0.0000000000e+00,0.0000000000e+00,0.0000000000e+00,0.0000000000e+00,0.0000000000e+00,0.0000000000e+00,0.0000000000e+00,0.0000000000e+00,0.0000000000e+00,0.0000000000e+00
7.1276197038e+01,5.0828054119e-01,5.0828054119e-01,5.0828054119e-01,5.0828054119e-01,5.0828054119e-01,5.0828054119e-01,5.0828054119e-01,5.0828054119e-01,5.0828054119e-01,5.0828054119e-01,5.0828054119e-01,5.0828054119e-01,5.0828054119e-01,5.0828054119e-01,5.0828054119e-01,5.0828054119e-01,5.0828054119e-01,5.0828054119e-01,5.0828054119e-01,5.0828054119e-01,5.0828054119e-01,5.0828054119e-01,5.0828054119e-01,5.0828054119e-01,5.0828054119e-01,5.0828054119e-01,5.0828054119e-01,5.0828054119e-01,5.0828054119e-01,5.0828054119e-01,5.0828054119e-01,5.0828054119e-01,5.0828054119e-01,5.0828054119e-01,5.0828054119e-01,5.0828054119e-01,5.0828054119e-01,5.0828054119e-01,5.0828054119e-01,5.0828054119e-01,5.0828054119e-01,5.0828054119e-01,5.0828054119e-01,5.0828054119e-01,5.0828054119e-01,5.0828054119e-01,5.0828054119e-01,5.0828054119e-01,5.0828054119e-01,5.0828054119e-01,5.0828054119e-01,5.0828054119e-01,5.0828054119e-01,5.0828054119e-01,5.0828054119e-01,5.0828054119e-01,5.0828054119e-01,5.0828054119e-01,5.0828054119e-01,5.0828054119e-01,5.0828054119e-01,5.0828054119e-01,5.0828054119e-01,5.0828054119e-01,5.0828054119e-01,5.0828054119e-01,5.0828054119e-01,5.0828054119e-01,5.0828054119e-01,5.0828054119e-01,5.0828054119e-01,5.0828054119e-01,5.0828054119e-01,5.0828054119e-01,5.0828054119e-01,5.0828054119e-01,5.0828054119e-01,5.0828054119e-01,5.0828054119e-01,5.0828054119e-01,5.0828054119e-01,5.0828054119e-01,5.0828054119e-01,5.0828054119e-01,5.0828054119e-01,5.0828054119e-01,5.0828054119e-01,5.0828054119e-01,5.0828052070e-01,5.0827950332e-01,5.0827839659e-01,5.0827719266e-01,5.0827588300e-01,5.0827445832e-01,5.0827290853e-01,5.0827122263e-01,5.0826938867e-01,5.0826739366e-01,5.0826522344e-01,5.0826286263e-01,5.0826029450e-01,5.0825750084e-01,5.0824314231e-01,5.0822716160e-01,5.0820977795e-01,5.0819086827e-01,5.0817029865e-01,5.0814792346e-01,5.0807738414e-01,5.0799542897e-01,5.0790629113e-01,5.0780934255e-01,5.0760495803e-01,5.0737188808e-01,5.0711847035e-01,5.0663889985e-01,5.0609912865e-01,5.0534401218e-01,5.0437174873e-01,5.0295272361e-01,5.0110608492e-01,4.9811877167e-01,4.9433359993e-01,4.8953089213e-01,4.8350011388e-01,4.7575241141e-01,4.6512235886e-01,4.5050818180e-01,4.3042492383e-01,4.0229371280e-01,3.6515371671e-01,3.1395612856e-01,2.3974629327e-01,1.5636844702e-01,9.0253349437e-02,4.9998508422e-02,2.9749798454e-02,2.0686632851e-02,1.6543329707e-02,1.4436780136e-02,1.2946040326e-02,1.1733624279e-02,1.0583660667e-02,9.4541083281e-03,8.3198560389e-03,7.1816513289e-03,6.0504786032e-03,4.9389783985e-03,3.8723424527e-03,2.8697126658e-03,1.9563757729e-03,1.2041585929e-03,6.7650629939e-04,3.4321971290e-04,1.5185390760e-04,5.5886988871e-05,1.6906112509e-05,4.5595279376e-06,1.1244303542e-06,4.0818868448e-07,0.0000000000e+00,0.0000000000e+00,0.0000000000e+00,0.0000000000e+00,0.0000000000e+00,0.0000000000e+00,0.0000000000e+00,0.0000000000e+00,0.0000000000e+00,0.0000000000e+00,0.0000000000e+00,0.0000000000e+00,0.0000000000e+00,0.0000000000e+00,0.0000000000e+00,0.0000000000e+00,0.0000000000e+00,0.0000000000e+00,0.0000000000e+00,0.0000000000e+00,0.0000000000e+00,0.0000000000e+00,0.0000000000e+00,0.0000000000e+00,0.0000000000e+00,0.0000000000e+00,0.0000000000e+00,0.0000000000e+00,0.0000000000e+00,0.0000000000e+00,0.0000000000e+00,0.0000000000e+00,0.0000000000e+00,0.0000000000e+00,0.0000000000e+00,0.0000000000e+00,0.0000000000e+00,0.0000000000e+00,0.0000000000e+00,0.0000000000e+00
7.4913094254e+01,4.9047898030e-01,4.9047898030e-01,4.9047898030e-01,4.9047898030e-01,4.9047898030e-01,4.9047898030e-01,4.9047898030e-01,4.9047898030e-01,4.9047898030e-01,4.9047898030e-01,4.9047898030e-01,4.9047898030e-01,4.9047898030e-01,4.9047898030e-01,4.9047898030e-01,4.9047898030e-01,4.9047898030e-01,4.9047898030e-01,4.9047898030e-01,4.9047898030e-01,4.9047898030e-01,4.9047898030e-01,4.9047898030e-01,4.9047898030e-01,4.9047898030e-01,4.9047898030e-01,4.9047898030e-01,4.9047898030e-01,4.9047898030e-01,4.9047898030e-01,4.9047898030e-01,4.9047898030e-01,4.9047898030e-01,4.9047898030e-01,4.9047898030e-01,4.9047898030e-01,4.9047898030e-01,4.9047898030e-01,4.9047898030e-01,4.9047898030e-01,4.9047898030e-01,4.9047898030e-01,4.9047898030e-01,4.9047898030e-01,4.9047898030e-01,4.9047898030e-01,4.9047898030e-01,4.9047898030e-01,4.9047898030e-01,4.9047898030e-01,4.9047898030e-01,4.9047898030e-01,4.9047898030e-01,4.9047898030e-01,4.9047898030e-01,4.9047898030e-01,4.9047898030e-01,4.9047898030e-01,4.9047898030e-01,4.9047898030e-01,4.9047898030e-01,4.9047898030e-01,4.9047898030e-01,4.9047898030e-01,4.9047898030e-01,4.9047898030e-01,4.9047898030e-01,4.9047898030e-01,4.9047898030e-01,4.9047898030e-01,4.9047898030e-01,4.9047898030e-01,4.9047898030e-01,4.9047898030e-01,4.9047898030e-01,4.9047898030e-01,4.9047898030e-01,4.9047898030e-01,4.9047898030e-01,4.9047898030e-01,4.9047898030e-01,4.9047898030e-01,4.9047898030e-01,4.9047898030e-01,4.9047898030e-01,4.9047898030e-01,4.9047898030e-01,4.9047898030e-01,4.9047898030e-01,4.9047898030e-01,4.9047850956e-01,4.9047712741e-01,4.9047562387e-01,4.9047398829e-01,4.9047220907e-01,4.9047027360e-01,4.9046816815e-01,4.9046587781e-01,4.9046338632e-01,4.9046067604e-01,4.9045772775e-01,4.9045452054e-01,4.9045103169e-01,4.9044248330e-01,4.9042214896e-01,4.9040002972e-01,4.9037596899e-01,4.9034979648e-01,4.9032132696e-01,4.9027118406e-01,4.9015391635e-01,4.9002638150e-01,4.8988768362e-01,4.8968000489e-01,4.8927127677e-01,4.8882703963e-01,4.8827327996e-01,4.8746040316e-01,4.8657767240e-01,4.8507330323e-01,4.8336140680e-01,4.8035984919e-01,4.7675577809e-01,4.7192504944e-01,4.6596523051e-01,4.5842021630e-01,4.4835177483e-01,4.3440751573e-01,4.1510697533e-01,3.8885334126e-01,3.5386484478e-01,3.0575692110e-01,2.3661641789e-01,1.5794211344e-01,9.4121859322e-02,5.4093523670e-02,3.3365485366e-02,2.3708150888e-02,1.9214451381e-02,1.6873394874e-02,1.5183061323e-02,1.3796242470e-02,1.2475057422e-02,1.1173842854e-02,9.8644572819e-03,8.5466133956e-03,7.2345689277e-03,5.9405505736e-03,4.6925864025e-03,3.5133011825e-03,2.4307326482e-03,1.5271709341e-03,8.7966244597e-04,4.5973205596e-04,2.1077816139e-04,8.1132100495e-05,2.5954508588e-05,7.4275870324e-06,1.8880062144e-06,4.1875633220e-07,8.5514973136e-08,0.0000000000e+00,0.0000000000e+00,0.0000000000e+00,0.0000000000e+00,0.0000000000e+00,0.0000000000e+00,0.0000000000e+00,0.0000000000e+00,0.0000000000e+00,0.0000000000e+00,0.0000000000e+00,0.0000000000e+00,0.0000000000e+00,0.0000000000e+00,0.0000000000e+00,0.0000000000e+00,0.0000000000e+00,0.0000000000e+00,0.0000000000e+00,0.0000000000e+00,0.0000000000e+00,0.0000000000e+00,0.0000000000e+00,0.0000000000e+00,0.0000000000e+00,0.0000000000e+00,0.0000000000e+00,0.0000000000e+00,0.0000000000e+00,0.0000000000e+00,0.0000000000e+00,0.0000000000e+00,0.0000000000e+00,0.0000000000e+00,0.0000000000e+00,0.0000000000e+00,0.0000000000e+00,0.0000000000e+00,0.0000000000e+00
7.8735565645e+01,4.7124604075e-01,4.7124604075e-01,4.7124604075e-01,4.7124604075e-01,4.7124604075e-01,4.7124604075e-01,4.7124604075e-01,4.7124604075e-01,4.7124604075e-01,4.7124604075e-01,4.7124604075e-01,4.7124604075e-01,4.7124604075e-01,4.7124604075e-01,4.7124604075e-01,4.7124604075e-01,4.7124604075e-01,4.7124604075e-01,4.7124604075e-01,4.7124604075e-01,4.7124604075e-01,4.7124604075e-01,4.7124604075e-01,4.7124604075e-01,4.7124604075e-01,4.7124604075e-01,4.7124604075e-01,4.7124604075e-01,4.7124604075e-01,4.7124604075e-01,4.7124604075e-01,4.7124604075e-01,4.7124604075e-01,4.7124604075e-01,4.7124604075e-01,4.7124604075e-01,4.7124604075e-01,4.7124604075e-01,4.7124604075e-01,4.7124604075e-01,4.7124604075e-01,4.7124604075e-01,4.7124604075e-01,4.7124604075e-01,4.7124604075e-01,4.7124604075e-01,4.7124604075e-01,4.7124604075e-01,4.7124604075e-01,4.7124604075e-01,4.7124604075e-01,4.7124604075e-01,4.7124604075e-01,4.7124604075e-01,4.7124604075e-01,4.7124604075e-01,4.7124604075e-01,4.7124604075e-01,4.7124604075e-01,4.7124604075e-01,4.7124604075e-01,4.7124604075e-01,4.7124604075e-01,4.7124604075e-01,4.7124604075e-01,4.7124604075e-01,4.7124604075e-01,4.7124604075e-01,4.7124604075e-01,4.7124604075e-01,4.7124604075e-01,4.7124604075e-01,4.7124604075e-01,4.7124604075e-01,4.7124604075e-01,4.7124604075e-01,4.7124604075e-01,4.7124604075e-01,4.7124604075e-01,4.7124604075e-01,4.7124604075e-01,4.7124604075e-01,4.7124604075e-01,4.7124604075e-01,4.7124604075e-01,4.7124604075e-01,4.7124604075e-01,4.7124604075e-01,4.7124604075e-01,4.7124604075e-01,4.7124555177e-01,4.7124411602e-01,4.7124255419e-01,4.7124085519e-01,4.7123900699e-01,4.7123699648e-01,4.7123480940e-01,4.7123243026e-01,4.7122984219e-01,4.7122702683e-01,4.7122396423e-01,4.7122063269e-01,4.7121700858e-01,4.7120862430e-01,4.7118919107e-01,4.7116805203e-01,4.7114505754e-01,4.7112004484e-01,4.7109283691e-01,4.7104530715e-01,4.7093494062e-01,4.7081491055e-01,4.7068437361e-01,4.7048801627e-01,4.7009946982e-01,4.6967716376e-01,4.6914861717e-01,4.6836724667e-01,4.6751873029e-01,4.6606276557e-01,4.6440505835e-01,4.6150723699e-01,4.5802905452e-01,4.5336928743e-01,4.4762561966e-01,4.4037951662e-01,4.3076746038e-01,4.1755499733e-01,3.9937960278e-01,3.7480219771e-01,3.4218767448e-01,2.9748480905e-01,2.3317575792e-01,1.5904104837e-01,9.7533159518e-02,5.7930316853e-02,3.6849655353e-02,2.6770273686e-02,2.1971658802e-02,1.9408602698e-02,1.7527201998e-02,1.5965311292e-02,1.4471964414e-02,1.2997363651e-02,1.1509837454e-02,1.0009071911e-02,8.5110567555e-03,7.0289235101e-03,5.5933092672e-03,4.2291501182e-03,2.9675346405e-03,1.9012699907e-03,1.1215252884e-03,6.0280541500e-04,2.8588240299e-04,1.1481913351e-04,3.8740571125e-05,1.1755227718e-05,3.1856147690e-06,7.5862869084e-07,1.6738815870e-07,0.0000000000e+00,0.0000000000e+00,0.0000000000e+00,0.0000000000e+00,0.0000000000e+00,0.0000000000e+00,0.0000000000e+00,0.0000000000e+00,0.0000000000e+00,0.0000000000e+00,0.0000000000e+00,0.0000000000e+00,0.0000000000e+00,0.0000000000e+00,0.0000000000e+00,0.0000000000e+00,0.0000000000e+00,0.0000000000e+00,0.0000000000e+00,0.0000000000e+00,0.0000000000e+00,0.0000000000e+00,0.0000000000e+00,0.0000000000e+00,0.0000000000e+00,0.0000000000e+00,0.0000000000e+00,0.0000000000e+00,0.0000000000e+00,0.0000000000e+00,0.0000000000e+00,0.0000000000e+00,0.0000000000e+00,0.0000000000e+00,0.0000000000e+00,0.0000000000e+00,0.0000000000e+00,0.0000000000e+00,0.0000000000e+00
8.2753080208e+01,4.5114119335e-01,4.5114119335e-01,4.5114119335e-01,4.5114119335e-01,4.5114119335e-01,4.5114119335e-01,4.5114119335e-01,4.5114119335e-01,4.5114119335e-01,4.5114119335e-01,4.5114119335e-01,4.5114119335e-01,4.5114119335e-01,4.5114119335e-01,4.5114119335e-01,4.5114119335e-01,4.5114119335e-01,4.5114119335e-01,4.5114119335e-01,4.5114119335e-01,4.5114119335e-01,4.5114119335e-01,4.5114119335e-01,4.5114119335e-01,4.5114119335e-01,4.5114119335e-01,4.5114119335e-01,4.5114119335e-01,4.5114119335e-01,4.5114119335e-01,4.5114119335e-01,4.5114119335e-01,4.5114119335e-01,4.5114119335e-01,4.5114119335e-01,4.5114119335e-01,4.5114119335e-01,4.5114119335e-01,4.5114119335e-01,4.5114119335e-01,4.5114119335e-01,4.5114119335e-01,4.5114119335e-01,4.5114119335e-01,4.5114119335e-01,4.5114119335e-01,4.5114119335e-01,4.5114119335e-01,4.5114119335e-01,4.5114119335e-01,4.5114119335e-01,4.5114119335e-01,4.5114119335e-01,4.5114119335e-01,4.5114119335e-01,4.5114119335e-01,4.5114119335e-01,4.5114119335e-01,4.5114119335e-01,4.5114119335e-01,4.5114119335e-01,4.5114119335e-01,4.5114119335e-01,4.5114119335e-01,4.5114119335e-01,4.5114119335e-01,4.5114119335e-01,4.5114119335e-01,4.5114119335e-01,4.5114119335e-01,4.5114119335e-01,4.5114119335e-01,4.5114119335e-01,4.5114119335e-01,4.5114119335e-01,4.5114119335e-01,4.5114119335e-01,4.5114119335e-01,4.5114119335e-01,4.5114119335e-01,4.5114119335e-01,4.5114119335e-01,4.5114119335e-01,4.5114119335e-01,4.5114119335e-01,4.5114119335e-01,4.5114119335e-01,4.5114119335e-01,4.5114119335e-01,4.5114119335e-01,4.5114068529e-01,4.5113919355e-01,4.5113757081e-01,4.5113580555e-01,4.5113388528e-01,4.5113179636e-01,4.5112952399e-01,4.5112705207e-01,4.5112436307e-01,4.5112143792e-01,4.5111825590e-01,4.5111479444e-01,4.5111102901e-01,4.5110276459e-01,4.5108409693e-01,4.5106379067e-01,4.5104170205e-01,4.5101767474e-01,4.5099153869e-01,4.5094634090e-01,4.5084232514e-01,4.5072920148e-01,4.5060617500e-01,4.5042051530e-01,4.5005174144e-01,4.4965092298e-01,4.4914751203e-01,4.4839876524e-01,4.4758567736e-01,4.4618331390e-01,4.4458599492e-01,4.4180384215e-01,4.3846614654e-01,4.3399777340e-01,4.2849520599e-01,4.2157603580e-01,4.1244897044e-01,3.9999209998e-01,3.8295642283e-01,3.6004976610e-01,3.2977731478e-01,2.8841076565e-01,2.2885242237e-01,1.5934466534e-01,1.0043587432e-01,6.1554804610e-02,4.0310561956e-02,2.9897154144e-02,2.4827747801e-02,2.2053440683e-02,1.9984583259e-02,1.8247774331e-02,1.6581315169e-02,1.4931483439e-02,1.3263043772e-02,1.1575627974e-02,9.8869393936e-03,8.2109073887e-03,6.5806261265e-03,5.0232280364e-03,3.5726795691e-03,2.3320533317e-03,1.4071357830e-03,7.7676793226e-04,3.8044631096e-04,1.5911918047e-04,5.6478558591e-05,1.8118914354e-05,5.2186698329e-06,1.3302428770e-06,3.1755859640e-07,0.0000000000e+00,0.0000000000e+00,0.0000000000e+00,0.0000000000e+00,0.0000000000e+00,0.0000000000e+00,0.0000000000e+00,0.0000000000e+00,0.0000000000e+00,0.0000000000e+00,0.0000000000e+00,0.0000000000e+00,0.0000000000e+00,0.0000000000e+00,0.0000000000e+00,0.0000000000e+00,0.0000000000e+00,0.0000000000e+00,0.0000000000e+00,0.0000000000e+00,0.0000000000e+00,0.0000000000e+00,0.0000000000e+00,0.0000000000e+00,0.0000000000e+00,0.0000000000e+00,0.0000000000e+00,0.0000000000e+00,0.0000000000e+00,0.0000000000e+00,0.0000000000e+00,0.0000000000e+00,0.0000000000e+00,0.0000000000e+00,0.0000000000e+00,0.0000000000e+00,0.0000000000e+00,0.0000000000e+00,0.0000000000e+00
8.6975590100e+01,4.3035853969e-01,4.3035853969e-01,4.3035853969e-01,4.3035853969e-01,4.3035853969e-01,4.3035853969e-01,4.3035853969e-01,4.3035853969e-01,4.3035853969e-01,4.3035853969e-01,4.3035853969e-01,4.3035853969e-01,4.3035853969e-01,4.3035853969e-01,4.3035853969e-01,4.3035853969e-01,4.3035853969e-01,4.3035853969e-01,4.3035853969e-01,4.3035853969e-01,4.3035853969e-01,4.3035853969e-01,4.3035853969e-01,4.3035853969e-01,4.3035853969e-01,4.3035853969e-01,4.3035853969e-01,4.3035853969e-01,4.3035853969e-01,4.3035853969e-01,4.3035853969e-01,4.3035853969e-01,4.3035853969e-01,4.3035853969e-01,4.3035853969e-01,4.3035853969e-01,4.3035853969e-01,4.3035853969e-01,4.3035853969e-01,4.3035853969e-01,4.3035853969e-01,4.3035853969e-01,4.3035853969e-01,4.3035853969e-01,4.3035853969e-01,4.3035853969e-01,4.3035853969e-01,4.3035853969e-01,4.3035853969e-01,4.3035853969e-01,4.3035853969e-01,4.3035853969e-01,4.3035853969e-01,4.3035853969e-01,4.3035853969e-01,4.3035853969e-01,4.3035853969e-01,4.3035853969e-01,4.3035853969e-01,4.3035853969e-01,4.3035853969e-01,4.3035853969e-01,4.3035853969e-01,4.3035853969e-01,4.3035853969e-01,4.3035853969e-01,4.3035853969e-01,4.3035853969e-01,4.3035853969e-01,4.3035853969e-01,4.3035853969e-01,4.3035853969e-01,4.3035853969e-01,4.3035853969e-01,4.3035853969e-01,4.3035853969e-01,4.3035853969e-01,4.3035853969e-01,4.3035853969e-01,4.3035853969e-01,4.3035853969e-01,4.3035853969e-01,4.3035853969e-01,4.3035853969e-01,4.3035853969e-01,4.3035853969e-01,4.3035853969e-01,4.3035853969e-01,4.3035853969e-01,4.3035853969e-01,4.3035801272e-01,4.3035646543e-01,4.3035478226e-01,4.3035295127e-01,4.3035095948e-01,4.3034879278e-01,4.3034643579e-01,4.3034387182e-01,4.3034108269e-01,4.3033804863e-01,4.3033474812e-01,4.3033115778e-01,4.3032725215e-01,4.3031907718e-01,4.3030106860e-01,4.3028147928e-01,4.3026017055e-01,4.3023699159e-01,4.3021177836e-01,4.3016868593e-01,4.3007056358e-01,4.2996384909e-01,4.2984779249e-01,4.2967232234e-01,4.2932302532e-01,4.2894337384e-01,4.2846513117e-01,4.2775017589e-01,4.2697378458e-01,4.2562982220e-01,4.2409859169e-01,4.2144249215e-01,4.1825788111e-01,4.1399829518e-01,4.0875786824e-01,4.0218867446e-01,3.9356872202e-01,3.8188272840e-01,3.6599027180e-01,3.4473527468e-01,3.1675628974e-01,2.7863578837e-01,2.2371318160e-01,1.5886664942e-01,1.0279422149e-01,6.4908428008e-02,4.3688555468e-02,3.3035228174e-02,2.7734992873e-02,2.4764932269e-02,2.2516435313e-02,2.0608733625e-02,1.8771974285e-02,1.6948797369e-02,1.5100435161e-02,1.3226424795e-02,1.1346116196e-02,9.4741002953e-03,7.6457137621e-03,5.8901134792e-03,4.2438879894e-03,2.8198461115e-03,1.7385155131e-03,9.8437814272e-04,4.9716052023e-04,2.1612929202e-04,8.0503725718e-05,2.7231004182e-05,8.3116285419e-06,2.2610803039e-06,5.8357230602e-07,0.0000000000e+00,0.0000000000e+00,0.0000000000e+00,0.0000000000e+00,0.0000000000e+00,0.0000000000e+00,0.0000000000e+00,0.0000000000e+00,0.0000000000e+00,0.0000000000e+00,0.0000000000e+00,0.0000000000e+00,0.0000000000e+00,0.0000000000e+00,0.0000000000e+00,0.0000000000e+00,0.0000000000e+00,0.0000000000e+00,0.0000000000e+00,0.0000000000e+00,0.0000000000e+00,0.0000000000e+00,0.0000000000e+00,0.0000000000e+00,0.0000000000e+00,0.0000000000e+00,0.0000000000e+00,0.0000000000e+00,0.0000000000e+00,0.0000000000e+00,0.0000000000e+00,0.0000000000e+00,0.0000000000e+00,0.0000000000e+00,0.0000000000e+00,0.0000000000e+00,0.0000000000e+00,0.0000000000e+00,0.0000000000e+00
9.1413555293e+01,4.0882730646e-01,4.0882730646e-01,4.0882730646e-01,4.0882730646e-01,4.0882730646e-01,4.0882730646e-01,4.0882730646e-01,4.0882730646e-01,4.0882730646e-01,4.0882730646e-01,4.0882730646e-01,4.0882730646e-01,4.0882730646e-01,4.0882730646e-01,4.0882730646e-01,4.0882730646e-01,4.0882730646e-01,4.0882730646e-01,4.0882730646e-01,4.0882730646e-01,4.0882730646e-01,4.0882730646e-01,4.0882730646e-01,4.0882730646e-01,4.0882730646e-01,4.0882730646e-01,4.0882730646e-01,4.0882730646e-01,4.0882730646e-01,4.0882730646e-01,4.0882730646e-01,4.0882730646e-01,4.0882730646e-01,4.0882730646e-01,4.0882730646e-01,4.0882730646e-01,4.0882730646e-01,4.0882730646e-01,4.0882730646e-01,4.0882730646e-01,4.0882730646e-01,4.0882730646e-01,4.0882730646e-01,4.0882730646e-01,4.0882730646e-01,4.0882730646e-01,4.0882730646e-01,4.0882730646e-01,4.0882730646e-01,4.0882730646e-01,4.0882730646e-01,4.0882730646e-01,4.0882730646e-01,4.0882730646e-01,4.0882730646e-01,4.0882730646e-01,4.0882730646e-01,4.0882730646e-01,4.0882730646e-01,4.0882730646e-01,4.0882730646e-01,4.0882730646e-01,4.0882730646e-01,4.0882730646e-01,4.0882730646e-01,4.0882730646e-01,4.0882730646e-01,4.0882730646e-01,4.0882730646e-01,4.0882730646e-01,4.0882730646e-01,4.0882730646e-01,4.0882730646e-01,4.0882730646e-01,4.0882730646e-01,4.0882730646e-01,4.0882730646e-01,4.0882730646e-01,4.0882730646e-01,4.0882730646e-01,4.0882730646e-01,4.0882730646e-01,4.0882730646e-01,4.0882730646e-01,4.0882730646e-01,4.0882730646e-01,4.0882730646e-01,4.0882730646e-01,4.0882730646e-01,4.0882730646e-01,4.0882730646e-01,4.0882730646e-01,4.0882579875e-01,4.0882348629e-01,4.0882097075e-01,4.0881823431e-01,4.0881525756e-01,4.0881201940e-01,4.0880849688e-01,4.0880466503e-01,4.0880049670e-01,4.0879596232e-01,4.0879102977e-01,4.0878566410e-01,4.0877982726e-01,4.0876302487e-01,4.0873887085e-01,4.0871259712e-01,4.0868401783e-01,4.0865293085e-01,4.0861911634e-01,4.0851688998e-01,4.0835660613e-01,4.0818231681e-01,4.0799280506e-01,4.0763033428e-01,4.0712054108e-01,4.0656669943e-01,4.0567908578e-01,4.0451661740e-01,4.0301617165e-01,4.0048319800e-01,3.9749563715e-01,3.9340872792e-01,3.8845520918e-01,3.8253907049e-01,3.7411201511e-01,3.6292782102e-01,3.4810782326e-01,3.2856952186e-01,3.0294519627e-01,2.6742658872e-01,2.1763706161e-01,1.5762279444e-01,1.0449439219e-01,6.8024475133e-02,4.6858652406e-02,3.6124571059e-02,3.0702309219e-02,2.7575181764e-02,2.5155408346e-02,2.3076905889e-02,2.1070167388e-02,1.9074140253e-02,1.7044456081e-02,1.4981943000e-02,1.2906114854e-02,1.0834361769e-02,8.8025146229e-03,6.8421758117e-03,4.9905364786e-03,3.3729162153e-03,2.1227134657e-03,1.2312758063e-03,6.4031224609e-04,2.8884024108e-04,1.1266921482e-04,4.0096058635e-05,1.2928727990e-05,3.7128408389e-06,9.2611813975e-07,1.9858067305e-07,4.6779211539e-08,0.0000000000e+00,0.0000000000e+00,0.0000000000e+00,0.0000000000e+00,0.0000000000e+00,0.0000000000e+00,0.0000000000e+00,0.0000000000e+00,0.0000000000e+00,0.0000000000e+00,0.0000000000e+00,0.0000000000e+00,0.0000000000e+00,0.0000000000e+00,0.0000000000e+00,0.0000000000e+00,0.0000000000e+00,0.0000000000e+00,0.0000000000e+00,0.0000000000e+00,0.0000000000e+00,0.0000000000e+00,0.0000000000e+00,0.0000000000e+00,0.0000000000e+00,0.0000000000e+00,0.0000000000e+00,0.0000000000e+00,0.0000000000e+00,0.0000000000e+00,0.0000000000e+00,0.0000000000e+00,0.0000000000e+00,0.0000000000e+00,0.0000000000e+00,0.0000000000e+00,0.0000000000e+00
9.6077969483e+01,3.8735720656e-01,3.8735720656e-01,3.8735720656e-01,3.8735720656e-01,3.8735720656e-01,3.8735720656e-01,3.8735720656e-01,3.8735720656e-01,3.8735720656e-01,3.8735720656e-01,3.8735720656e-01,3.8735720656e-01,3.8735720656e-01,3.8735720656e-01,3.8735720656e-01,3.8735720656e-01,3.8735720656e-01,3.8735720656e-01,3.8735720656e-01,3.8735720656e-01,3.8735720656e-01,3.8735720656e-01,3.8735720656e-01,3.8735720656e-01,3.8735720656e-01,3.8735720656e-01,3.8735720656e-01,3.8735720656e-01,3.8735720656e-01,3.8735720656e-01,3.8735720656e-01,3.8735720656e-01,3.8735720656e-01,3.8735720656e-01,3.8735720656e-01,3.8735720656e-01,3.8735720656e-01,3.8735720656e-01,3.8735720656e-01,3.8735720656e-01,3.8735720656e-01,3.8735720656e-01,3.8735720656e-01,3.8735720656e-01,3.8735720656e-01,3.8735720656e-01,3.8735720656e-01,3.8735720656e-01,3.8735720656e-01,3.8735720656e-01,3.8735720656e-01,3.8735720656e-01,3.8735720656e-01,3.8735720656e-01,3.8735720656e-01,3.8735720656e-01,3.8735720656e-01,3.8735720656e-01,3.8735720656e-01,3.8735720656e-01,3.8735720656e-01,3.8735720656e-01,3.8735720656e-01,3.8735720656e-01,3.8735720656e-01,3.8735720656e-01,3.8735720656e-01,3.8735720656e-01,3.8735720656e-01,3.8735720656e-01,3.8735720656e-01,3.8735720656e-01,3.8735720656e-01,3.8735720656e-01,3.8735720656e-01,3.8735720656e-01,3.8735720656e-01,3.8735720656e-01,3.8735720656e-01,3.8735720656e-01,3.8735720656e-01,3.8735720656e-01,3.8735720656e-01,3.8735720656e-01,3.8735720656e-01,3.8735720656e-01,3.8735720656e-01,3.8735720656e-01,3.8735720656e-01,3.8735720656e-01,3.8735720656e-01,3.8735720656e-01,3.8735566173e-01,3.8735329235e-01,3.8735071490e-01,3.8734791110e-01,3.8734486108e-01,3.8734154322e-01,3.8733793401e-01,3.8733400785e-01,3.8732973693e-01,3.8732509097e-01,3.8732003704e-01,3.8731453932e-01,3.8730855886e-01,3.8729208097e-01,3.8726855022e-01,3.8724295452e-01,3.8721511280e-01,3.8718482816e-01,3.8715188648e-01,3.8705425285e-01,3.8690169788e-01,3.8673581310e-01,3.8655544031e-01,3.8621108656e-01,3.8572704315e-01,3.8520117766e-01,3.8435860073e-01,3.8325521353e-01,3.8183374565e-01,3.7944270858e-01,3.7662422817e-01,3.7277396530e-01,3.6811208316e-01,3.6255052227e-01,3.5468441693e-01,3.4430179240e-01,3.3060960601e-01,3.1263856103e-01,2.8915166261e-01,2.5669590426e-01,2.1116056532e-01,1.5570288117e-01,1.0572199025e-01,7.0688606721e-02,4.9897114712e-02,3.9115860852e-02,3.3556196388e-02,3.0277036370e-02,2.7705266428e-02,2.5475489083e-02,2.3315417185e-02,2.1161296556e-02,1.8965334993e-02,1.6728251311e-02,1.4470827461e-02,1.2210914247e-02,9.9858867851e-03,7.8289126813e-03,5.7789425850e-03,3.9694056483e-03,2.5473678446e-03,1.5120224367e-03,8.0855603869e-04,3.7779350115e-04,1.5395070047e-04,5.7478236658e-05,1.9530194377e-05,5.9418655521e-06,1.5810204262e-06,3.6474453407e-07,9.1082776816e-08,0.0000000000e+00,0.0000000000e+00,0.0000000000e+00,0.0000000000e+00,0.0000000000e+00,0.0000000000e+00,0.0000000000e+00,0.0000000000e+00,0.0000000000e+00,0.0000000000e+00,0.0000000000e+00,0.0000000000e+00,0.0000000000e+00,0.0000000000e+00,0.0000000000e+00,0.0000000000e+00,0.0000000000e+00,0.0000000000e+00,0.0000000000e+00,0.0000000000e+00,0.0000000000e+00,0.0000000000e+00,0.0000000000e+00,0.0000000000e+00,0.0000000000e+00,0.0000000000e+00,0.0000000000e+00,0.0000000000e+00,0.0000000000e+00,0.0000000000e+00,0.0000000000e+00,0.0000000000e+00,0.0000000000e+00,0.0000000000e+00,0.0000000000e+00,0.0000000000e+00,0.0000000000e+00
1.0098038732e+02,3.6588683815e-01,3.6588683815e-01,3.6588683815e-01,3.6588683815e-01,3.6588683815e-01,3.6588683815e-01,3.6588683815e-01,3.6588683815e-01,3.6588683815e-01,3.6588683815e-01,3.6588683815e-01,3.6588683815e-01,3.6588683815e-01,3.6588683815e-01,3.6588683815e-01,3.6588683815e-01,3.6588683815e-01,3.6588683815e-01,3.6588683815e-01,3.6588683815e-01,3.6588683815e-01,3.6588683815e-01,3.6588683815e-01,3.6588683815e-01,3.6588683815e-01,3.6588683815e-01,3.6588683815e-01,3.6588683815e-01,3.6588683815e-01,3.6588683815e-01,3.6588683815e-01,3.6588683815e-01,3.6588683815e-01,3.6588683815e-01,3.6588683815e-01,3.6588683815e-01,3.6588683815e-01,3.6588683815e-01,3.6588683815e-01,3.6588683815e-01,3.6588683815e-01,3.6588683815e-01,3.6588683815e-01,3.6588683815e-01,3.6588683815e-01,3.6588683815e-01,3.6588683815e-01,3.6588683815e-01,3.6588683815e-01,3.6588683815e-01,3.6588683815e-01,3.6588683815e-01,3.6588683815e-01,3.6588683815e-01,3.6588683815e-01,3.6588683815e-01,3.6588683815e-01,3.6588683815e-01,3.6588683815e-01,3.6588683815e-01,3.6588683815e-01,3.6588683815e-01,3.6588683815e-01,3.6588683815e-01,3.6588683815e-01,3.6588683815e-01,3.6588683815e-01,3.6588683815e-01,3.6588683815e-01,3.6588683815e-01,3.6588683815e-01,3.6588683815e-01,3.6588683815e-01,3.6588683815e-01,3.6588683815e-01,3.6588683815e-01,3.6588683815e-01,3.6588683815e-01,3.6588683815e-01,3.6588683815e-01,3.6588683815e-01,3.6588683815e-01,3.6588683815e-01,3.6588683815e-01,3.6588683815e-01,3.6588683815e-01,3.6588683815e-01,3.6588683815e-01,3.6588683815e-01,3.6588683815e-01,3.6588683815e-01,3.6588683815e-01,3.6588526264e-01,3.6588284621e-01,3.6588021757e-01,3.6587735809e-01,3.6587424750e-01,3.6587086376e-01,3.6586718287e-01,3.6586317876e-01,3.6585882304e-01,3.6585408483e-01,3.6584893056e-01,3.6584332371e-01,3.6583722453e-01,3.6582106601e-01,3.6579813487e-01,3.6577319144e-01,3.6574605929e-01,3.6571654655e-01,3.6568444457e-01,3.6559138476e-01,3.6544655095e-01,3.6528906232e-01,3.6511781936e-01,3.6479189010e-01,3.6433416520e-01,3.6383689292e-01,3.6304085116e-01,3.6199874375e-01,3.6065895130e-01,3.5841396645e-01,3.5576930118e-01,3.5216183229e-01,3.4779829519e-01,3.4259818090e-01,3.3529178268e-01,3.2569756246e-01,3.1310212797e-01,2.9664028075e-01,2.7519693289e-01,2.4565221145e-01,2.0416939701e-01,1.5315329126e-01,1.0639358986e-01,7.2964804275e-02,5.2699298289e-02,4.1961973365e-02,3.6312080643e-02,3.2906360048e-02,3.0200843256e-02,2.7834250921e-02,2.5534070758e-02,2.3234303785e-02,2.0883966586e-02,1.8483584528e-02,1.6055013555e-02,1.3616347678e-02,1.1206159840e-02,8.8588716988e-03,6.6147684562e-03,4.6141449288e-03,3.0167407270e-03,1.8303666909e-03,1.0051914009e-03,4.8570681011e-04,2.0633256964e-04,8.0631582124e-05,2.8797435686e-05,9.2558800424e-06,2.6191591346e-06,6.4850789887e-07,1.7423304474e-07,0.0000000000e+00,0.0000000000e+00,0.0000000000e+00,0.0000000000e+00,0.0000000000e+00,0.0000000000e+00,0.0000000000e+00,0.0000000000e+00,0.0000000000e+00,0.0000000000e+00,0.0000000000e+00,0.0000000000e+00,0.0000000000e+00,0.0000000000e+00,0.0000000000e+00,0.0000000000e+00,0.0000000000e+00,0.0000000000e+00,0.0000000000e+00,0.0000000000e+00,0.0000000000e+00,0.0000000000e+00,0.0000000000e+00,0.0000000000e+00,0.0000000000e+00,0.0000000000e+00,0.0000000000e+00,0.0000000000e+00,0.0000000000e+00,0.0000000000e+00,0.0000000000e+00,0.0000000000e+00,0.0000000000e+00,0.0000000000e+00,0.0000000000e+00,0.0000000000e+00,0.0000000000e+00
1.0613295304e+02,3.4463466402e-01,3.4463466402e-01,3.4463466402e-01,3.4463466402e-01,3.4463466402e-01,3.4463466402e-01,3.4463466402e-01,3.4463466402e-01,3.4463466402e-01,3.4463466402e-01,3.4463466402e-01,3.4463466402e-01,3.4463466402e-01,3.4463466402e-01,3.4463466402e-01,3.4463466402e-01,3.4463466402e-01,3.4463466402e-01,3.4463466402e-01,3.4463466402e-01,3.4463466402e-01,3.4463466402e-01,3.4463466402e-01,3.4463466402e-01,3.4463466402e-01,3.4463466402e-01,3.4463466402e-01,3.4463466402e-01,3.4463466402e-01,3.4463466402e-01,3.4463466402e-01,3.4463466402e-01,3.4463466402e-01,3.4463466402e-01,3.4463466402e-01,3.4463466402e-01,3.4463466402e-01,3.4463466402e-01,3.4463466402e-01,3.4463466402e-01,3.4463466402e-01,3.4463466402e-01,3.4463466402e-01,3.4463466402e-01,3.4463466402e-01,3.4463466402e-01,3.4463466402e-01,3.4463466402e-01,3.4463466402e-01,3.4463466402e-01,3.4463466402e-01,3.4463466402e-01,3.4463466402e-01,3.4463466402e-01,3.4463466402e-01,3.4463466402e-01,3.4463466402e-01,3.4463466402e-01,3.4463466402e-01,3.4463466402e-01,3.4463466402e-01,3.4463466402e-01,3.4463466402e-01,3.4463466402e-01,3.4463466402e-01,3.4463466402e-01,3.4463466402e-01,3.4463466402e-01,3.4463466402e-01,3.4463466402e-01,3.4463466402e-01,3.4463466402e-01,3.4463466402e-01,3.4463466402e-01,3.4463466402e-01,3.4463466402e-01,3.4463466402e-01,3.4463466402e-01,3.4463466402e-01,3.4463466402e-01,3.4463466402e-01,3.4463466402e-01,3.4463466402e-01,3.4463466402e-01,3.4463466402e-01,3.4463466402e-01,3.4463466402e-01,3.4463466402e-01,3.4463466402e-01,3.4463466402e-01,3.4463466402e-01,3.4463466402e-01,3.4463306566e-01,3.4463061416e-01,3.4462794738e-01,3.4462504642e-01,3.4462189071e-01,3.4461845788e-01,3.4461472361e-01,3.4461066142e-01,3.4460624252e-01,3.4460143560e-01,3.4459620658e-01,3.4459051843e-01,3.4458433081e-01,3.4456850068e-01,3.4454616547e-01,3.4452187032e-01,3.4449544341e-01,3.4446669786e-01,3.4443543046e-01,3.4434693015e-01,3.4420979534e-01,3.4406067873e-01,3.4389853936e-01,3.4359120016e-01,3.4316011698e-01,3.4269178823e-01,3.4194319446e-01,3.4096372437e-01,3.3970713763e-01,3.3761009129e-01,3.3514130124e-01,3.3177896232e-01,3.2771586534e-01,3.2287862233e-01,3.1612392868e-01,3.0729705273e-01,2.9575824303e-01,2.8073746142e-01,2.6123260044e-01,2.3443408391e-01,1.9678172807e-01,1.5005133376e-01,1.0653409431e-01,7.4837611665e-02,5.5229040348e-02,4.4620213561e-02,3.8926650580e-02,3.5421453015e-02,3.2602638576e-02,3.0116154118e-02,2.7691657781e-02,2.5261380559e-02,2.2771434080e-02,2.0222058829e-02,1.7635958173e-02,1.5031238874e-02,1.2447300103e-02,9.9194773343e-03,7.4889351238e-03,5.3014494120e-03,3.5281346297e-03,2.1859322331e-03,1.2313458559e-03,6.1436134610e-04,2.7152886765e-04,1.1081789918e-04,4.1500608209e-05,1.4054301605e-05,4.2172502212e-06,1.1178118037e-06,3.2472054565e-07,0.0000000000e+00,0.0000000000e+00,0.0000000000e+00,0.0000000000e+00,0.0000000000e+00,0.0000000000e+00,0.0000000000e+00,0.0000000000e+00,0.0000000000e+00,0.0000000000e+00,0.0000000000e+00,0.0000000000e+00,0.0000000000e+00,0.0000000000e+00,0.0000000000e+00,0.0000000000e+00,0.0000000000e+00,0.0000000000e+00,0.0000000000e+00,0.0000000000e+00,0.0000000000e+00,0.0000000000e+00,0.0000000000e+00,0.0000000000e+00,0.0000000000e+00,0.0000000000e+00,0.0000000000e+00,0.0000000000e+00,0.0000000000e+00,0.0000000000e+00,0.0000000000e+00,0.0000000000e+00,0.0000000000e+00,0.0000000000e+00,0.0000000000e+00,0.0000000000e+00,0.0000000000e+00
1.1154843055e+02,3.2372919516e-01,3.2372919516e-01,3.2372919516e-01,3.2372919516e-01,3.2372919516e-01,3.2372919516e-01,3.2372919516e-01,3.2372919516e-01,3.2372919516e-01,3.2372919516e-01,3.2372919516e-01,3.2372919516e-01,3.2372919516e-01,3.2372919516e-01,3.2372919516e-01,3.2372919516e-01,3.2372919516e-01,3.2372919516e-01,3.2372919516e-01,3.2372919516e-01,3.2372919516e-01,3.2372919516e-01,3.2372919516e-01,3.2372919516e-01,3.2372919516e-01,3.2372919516e-01,3.2372919516e-01,3.2372919516e-01,3.2372919516e-01,3.2372919516e-01,3.2372919516e-01,3.2372919516e-01,3.2372919516e-01,3.2372919516e-01,3.2372919516e-01,3.2372919516e-01,3.2372919516e-01,3.2372919516e-01,3.2372919516e-01,3.2372919516e-01,3.2372919516e-01,3.2372919516e-01,3.2372919516e-01,3.2372919516e-01,3.2372919516e-01,3.2372919516e-01,3.2372919516e-01,3.2372919516e-01,3.2372919516e-01,3.2372919516e-01,3.2372919516e-01,3.2372919516e-01,3.2372919516e-01,3.2372919516e-01,3.2372919516e-01,3.2372919516e-01,3.2372919516e-01,3.2372919516e-01,3.2372919516e-01,3.2372919516e-01,3.2372919516e-01,3.2372919516e-01,3.2372919516e-01,3.2372919516e-01,3.2372919516e-01,3.2372919516e-01,3.2372919516e-01,3.2372919516e-01,3.2372919516e-01,3.2372919516e-01,3.2372919516e-01,3.2372919516e-01,3.2372919516e-01,3.2372919516e-01,3.2372919516e-01,3.2372919516e-01,3.2372919516e-01,3.2372919516e-01,3.2372919516e-01,3.2372919516e-01,3.2372919516e-01,3.2372919516e-01,3.2372919516e-01,3.2372919516e-01,3.2372919516e-01,3.2372919516e-01,3.2372919516e-01,3.2372919516e-01,3.2372919516e-01,3.2372919516e-01,3.2372919516e-01,3.2372919516e-01,3.2372919516e-01,3.2372905221e-01,3.2372533589e-01,3.2372129324e-01,3.2371689559e-01,3.2371211180e-01,3.2370690794e-01,3.2370124716e-01,3.2369508933e-01,3.2368839083e-01,3.2368110419e-01,3.2367317778e-01,3.2366455547e-01,3.2365517616e-01,3.2364497343e-01,3.2360580643e-01,3.2356289294e-01,3.2351621705e-01,3.2346544951e-01,3.2341023237e-01,3.2335017650e-01,3.2313339972e-01,3.2288425257e-01,3.2261344229e-01,3.2231910610e-01,3.2174517369e-01,3.2110030216e-01,3.2040026265e-01,3.1888104217e-01,3.1718519486e-01,3.1479388538e-01,3.1175176188e-01,3.0795626262e-01,3.0347773485e-01,2.9712247123e-01,2.8915492055e-01,2.7895628820e-01,2.6522573149e-01,2.4731951068e-01,2.2315844030e-01,1.8877407408e-01,1.4642142975e-01,1.0614109875e-01,7.6226191621e-02,5.7594096820e-02,4.7096597883e-02,4.1427852225e-02,3.7804779736e-02,3.4891062236e-02,3.2300441157e-02,2.9769285591e-02,2.7223300493e-02,2.4609700167e-02,2.1926940823e-02,1.9199915641e-02,1.6441956856e-02,1.3698847821e-02,1.1000283060e-02,8.3940577220e-03,6.0263957526e-03,4.0788940310e-03,2.5782893033e-03,1.4880341320e-03,7.6549770912e-04,3.5135896888e-04,1.4945083263e-04,5.8566184592e-05,2.0854952543e-05,6.6106256396e-06,1.8336563387e-06,4.4030641943e-07,9.2536810709e-08,2.8586603182e-08,0.0000000000e+00,0.0000000000e+00,0.0000000000e+00,0.0000000000e+00,0.0000000000e+00,0.0000000000e+00,0.0000000000e+00,0.0000000000e+00,0.0000000000e+00,0.0000000000e+00,0.0000000000e+00,0.0000000000e+00,0.0000000000e+00,0.0000000000e+00,0.0000000000e+00,0.0000000000e+00,0.0000000000e+00,0.0000000000e+00,0.0000000000e+00,0.0000000000e+00,0.0000000000e+00,0.0000000000e+00,0.0000000000e+00,0.0000000000e+00,0.0000000000e+00,0.0000000000e+00,0.0000000000e+00,0.0000000000e+00,0.0000000000e+00,0.0000000000e+00,0.0000000000e+00,0.0000000000e+00,0.0000000000e+00,0.0000000000e+00,0.0000000000e+00
1.1724023501e+02,3.0348249400e-01,3.0348249400e-01,3.0348249400e-01,3.0348249400e-01,3.0348249400e-01,3.0348249400e-01,3.0348249400e-01,3.0348249400e-01,3.0348249400e-01,3.0348249400e-01,3.0348249400e-01,3.0348249400e-01,3.0348249400e-01,3.0348249400e-01,3.0348249400e-01,3.0348249400e-01,3.0348249400e-01,3.0348249400e-01,3.0348249400e-01,3.0348249400e-01,3.0348249400e-01,3.0348249400e-01,3.0348249400e-01,3.0348249400e-01,3.0348249400e-01,3.0348249400e-01,3.0348249400e-01,3.0348249400e-01,3.0348249400e-01,3.0348249400e-01,3.0348249400e-01,3.0348249400e-01,3.0348249400e-01,3.0348249400e-01,3.0348249400e-01,3.0348249400e-01,3.0348249400e-01,3.0348249400e-01,3.0348249400e-01,3.0348249400e-01,3.0348249400e-01,3.0348249400e-01,3.0348249400e-01,3.0348249400e-01,3.0348249400e-01,3.0348249400e-01,3.0348249400e-01,3.0348249400e-01,3.0348249400e-01,3.0348249400e-01,3.0348249400e-01,3.0348249400e-01,3.0348249400e-01,3.0348249400e-01,3.0348249400e-01,3.0348249400e-01,3.0348249400e-01,3.0348249400e-01,3.0348249400e-01,3.0348249400e-01,3.0348249400e-01,3.0348249400e-01,3.0348249400e-01,3.0348249400e-01,3.0348249400e-01,3.0348249400e-01,3.0348249400e-01,3.0348249400e-01,3.0348249400e-01,3.0348249400e-01,3.0348249400e-01,3.0348249400e-01,3.0348249400e-01,3.0348249400e-01,3.0348249400e-01,3.0348249400e-01,3.0348249400e-01,3.0348249400e-01,3.0348249400e-01,3.0348249400e-01,3.0348249400e-01,3.0348249400e-01,3.0348249400e-01,3.0348249400e-01,3.0348249400e-01,3.0348249400e-01,3.0348249400e-01,3.0348249400e-01,3.0348249400e-01,3.0348249400e-01,3.0348249400e-01,3.0348249400e-01,3.0348249400e-01,3.0348235389e-01,3.0347871152e-01,3.0347474931e-01,3.0347043917e-01,3.0346575057e-01,3.0346065028e-01,3.0345510215e-01,3.0344906687e-01,3.0344250169e-01,3.0343536008e-01,3.0342759145e-01,3.0341914077e-01,3.0340994817e-01,3.0339994856e-01,3.0336295520e-01,3.0332242770e-01,3.0327834703e-01,3.0323040226e-01,3.0317825536e-01,3.0312153886e-01,3.0291941366e-01,3.0268717479e-01,3.0243474179e-01,3.0216037800e-01,3.0162406780e-01,3.0102140225e-01,3.0036717514e-01,2.9895785913e-01,2.9738496591e-01,2.9517368299e-01,2.9236456840e-01,2.8886469158e-01,2.8473772160e-01,2.7891698522e-01,2.7164274636e-01,2.6236111512e-01,2.4992163909e-01,2.3374695295e-01,2.1198017397e-01,1.8098292458e-01,1.4247995340e-01,1.0534540906e-01,7.7298656361e-02,5.9501844079e-02,4.9279533667e-02,4.3651942977e-02,3.9986640324e-02,3.7004426498e-02,3.4332612004e-02,3.1714077646e-02,2.9073612768e-02,2.6356285644e-02,2.3560036559e-02,2.0710141399e-02,1.7819360386e-02,1.4933686387e-02,1.2082828928e-02,9.3147110050e-03,6.7779460349e-03,4.6622494799e-03,3.0037522475e-03,1.7742493705e-03,9.3981269922e-04,4.4713392173e-04,1.9781426206e-04,8.0922975940e-05,3.0213895762e-05,1.0097363486e-05,2.9719471616e-06,7.6281717036e-07,1.7309120904e-07,5.6289199998e-08,0.0000000000e+00,0.0000000000e+00,0.0000000000e+00,0.0000000000e+00,0.0000000000e+00,0.0000000000e+00,0.0000000000e+00,0.0000000000e+00,0.0000000000e+00,0.0000000000e+00,0.0000000000e+00,0.0000000000e+00,0.0000000000e+00,0.0000000000e+00,0.0000000000e+00,0.0000000000e+00,0.0000000000e+00,0.0000000000e+00,0.0000000000e+00,0.0000000000e+00,0.0000000000e+00,0.0000000000e+00,0.0000000000e+00,0.0000000000e+00,0.0000000000e+00,0.0000000000e+00,0.0000000000e+00,0.0000000000e+00,0.0000000000e+00,0.0000000000e+00,0.0000000000e+00,0.0000000000e+00,0.0000000000e+00,0.0000000000e+00,0.0000000000e+00
1.2322246614e+02,2.8397295413e-01,2.8397295413e-01,2.8397295413e-01,2.8397295413e-01,2.8397295413e-01,2.8397295413e-01,2.8397295413e-01,2.8397295413e-01,2.8397295413e-01,2.8397295413e-01,2.8397295413e-01,2.8397295413e-01,2.8397295413e-01,2.8397295413e-01,2.8397295413e-01,2.8397295413e-01,2.8397295413e-01,2.8397295413e-01,2.8397295413e-01,2.8397295413e-01,2.8397295413e-01,2.8397295413e-01,2.8397295413e-01,2.8397295413e-01,2.8397295413e-01,2.8397295413e-01,2.8397295413e-01,2.8397295413e-01,2.8397295413e-01,2.8397295413e-01,2.8397295413e-01,2.8397295413e-01,2.8397295413e-01,2.8397295413e-01,2.8397295413e-01,2.8397295413e-01,2.8397295413e-01,2.8397295413e-01,2.8397295413e-01,2.8397295413e-01,2.8397295413e-01,2.8397295413e-01,2.8397295413e-01,2.8397295413e-01,2.8397295413e-01,2.8397295413e-01,2.8397295413e-01,2.8397295413e-01,2.8397295413e-01,2.8397295413e-01,2.8397295413e-01,2.8397295413e-01,2.8397295413e-01,2.8397295413e-01,2.8397295413e-01,2.8397295413e-01,2.8397295413e-01,2.8397295413e-01,2.8397295413e-01,2.8397295413e-01,2.8397295413e-01,2.8397295413e-01,2.8397295413e-01,2.8397295413e-01,2.8397295413e-01,2.8397295413e-01,2.8397295413e-01,2.8397295413e-01,2.8397295413e-01,2.8397295413e-01,2.8397295413e-01,2.8397295413e-01,2.8397295413e-01,2.8397295413e-01,2.8397295413e-01,2.8397295413e-01,2.8397295413e-01,2.8397295413e-01,2.8397295413e-01,2.8397295413e-01,2.8397295413e-01,2.8397295413e-01,2.8397295413e-01,2.8397295413e-01,2.8397295413e-01,2.8397295413e-01,2.8397295413e-01,2.8397295413e-01,2.8397295413e-01,2.8397295413e-01,2.8397295413e-01,2.8397295413e-01,2.8397295413e-01,2.8397281715e-01,2.8396925590e-01,2.8396538194e-01,2.8396116781e-01,2.8395658364e-01,2.8395159696e-01,2.8394617242e-01,2.8394027159e-01,2.8393385266e-01,2.8392687015e-01,2.8391927460e-01,2.8391101221e-01,2.8390202445e-01,2.8389224766e-01,2.8385731764e-01,2.8381905469e-01,2.8377743717e-01,2.8373217152e-01,2.8368293864e-01,2.8362939159e-01,2.8344142851e-01,2.8322553868e-01,2.8299087513e-01,2.8273582311e-01,2.8223668470e-01,2.8167575712e-01,2.8106683214e-01,2.7976510903e-01,2.7831254489e-01,2.7627650134e-01,2.7369362518e-01,2.7047994117e-01,2.6669278303e-01,2.6138175550e-01,2.5476413461e-01,2.4634536257e-01,2.3511037226e-01,2.2054250391e-01,2.0098712348e-01,1.7312305175e-01,1.3823781859e-01,1.0414700098e-01,7.7985419965e-02,6.1085856619e-02,5.1194477487e-02,4.5645323327e-02,4.1964598562e-02,3.8936419972e-02,3.6203717202e-02,3.3517462041e-02,3.0802016886e-02,2.8000640115e-02,2.5110681277e-02,2.2157523295e-02,1.9153167030e-02,1.6143395863e-02,1.3157620979e-02,1.0243387397e-02,7.5502432396e-03,5.2741832537e-03,3.4604523486e-03,2.0898222988e-03,1.1383194810e-03,5.6041183272e-04,2.5738277006e-04,1.0968869369e-04,4.2843150592e-05,1.5057299277e-05,4.6891711084e-06,1.2826504144e-06,3.1384224660e-07,1.1027838859e-07,0.0000000000e+00,0.0000000000e+00,0.0000000000e+00,0.0000000000e+00,0.0000000000e+00,0.0000000000e+00,0.0000000000e+00,0.0000000000e+00,0.0000000000e+00,0.0000000000e+00,0.0000000000e+00,0.0000000000e+00,0.0000000000e+00,0.0000000000e+00,0.0000000000e+00,0.0000000000e+00,0.0000000000e+00,0.0000000000e+00,0.0000000000e+00,0.0000000000e+00,0.0000000000e+00,0.0000000000e+00,0.0000000000e+00,0.0000000000e+00,0.0000000000e+00,0.0000000000e+00,0.0000000000e+00,0.0000000000e+00,0.0000000000e+00,0.0000000000e+00,0.0000000000e+00,0.0000000000e+00,0.0000000000e+00,0.0000000000e+00,0.0000000000e+00
1.2950994306e+02,2.6531266795e-01,2.6531266795e-01,2.6531266795e-01,2.6531266795e-01,2.6531266795e-01,2.6531266795e-01,2.6531266795e-01,2.6531266795e-01,2.6531266795e-01,2.6531266795e-01,2.6531266795e-01,2.6531266795e-01,2.6531266795e-01,2.6531266795e-01,2.6531266795e-01,2.6531266795e-01,2.6531266795e-01,2.6531266795e-01,2.6531266795e-01,2.6531266795e-01,2.6531266795e-01,2.6531266795e-01,2.6531266795e-01,2.6531266795e-01,2.6531266795e-01,2.6531266795e-01,2.6531266795e-01,2.6531266795e-01,2.6531266795e-01,2.6531266795e-01,2.6531266795e-01,2.6531266795e-01,2.6531266795e-01,2.6531266795e-01,2.6531266795e-01,2.6531266795e-01,2.6531266795e-01,2.6531266795e-01,2.6531266795e-01,2.6531266795e-01,2.6531266795e-01,2.6531266795e-01,2.6531266795e-01,2.6531266795e-01,2.6531266795e-01,2.6531266795e-01,2.6531266795e-01,2.6531266795e-01,2.6531266795e-01,2.6531266795e-01,2.6531266795e-01,2.6531266795e-01,2.6531266795e-01,2.6531266795e-01,2.6531266795e-01,2.6531266795e-01,2.6531266795e-01,2.6531266795e-01,2.6531266795e-01,2.6531266795e-01,2.6531266795e-01,2.6531266795e-01,2.6531266795e-01,2.6531266795e-01,2.6531266795e-01,2.6531266795e-01,2.6531266795e-01,2.6531266795e-01,2.6531266795e-01,2.6531266795e-01,2.6531266795e-01,2.6531266795e-01,2.6531266795e-01,2.6531266795e-01,2.6531266795e-01,2.6531266795e-01,2.6531266795e-01,2.6531266795e-01,2.6531266795e-01,2.6531266795e-01,2.6531266795e-01,2.6531266795e-01,2.6531266795e-01,2.6531266795e-01,2.6531266795e-01,2.6531266795e-01,2.6531266795e-01,2.6531266795e-01,2.6531266795e-01,2.6531266795e-01,2.6531266795e-01,2.6531266795e-01,2.6531266795e-01,2.6531253441e-01,2.6530906244e-01,2.6530528560e-01,2.6530117713e-01,2.6529670790e-01,2.6529184625e-01,2.6528655772e-01,2.6528080486e-01,2.6527454689e-01,2.6526773948e-01,2.6526033441e-01,2.6525227923e-01,2.6524351689e-01,2.6523398532e-01,2.6520102400e-01,2.6516492133e-01,2.6512565354e-01,2.6508294367e-01,2.6503649063e-01,2.6498596712e-01,2.6481161898e-01,2.6461144880e-01,2.6439387054e-01,2.6415738671e-01,2.6369458910e-01,2.6317449394e-01,2.6260988640e-01,2.6141233024e-01,2.6007622737e-01,2.5820893339e-01,2.5584339800e-01,2.5290392174e-01,2.4944189181e-01,2.4461270457e-01,2.3861201081e-01,2.3099920216e-01,2.2088049016e-01,2.0779445301e-01,1.9026958787e-01,1.6528618013e-01,1.3377519547e-01,1.0259828204e-01,7.8308696969e-02,6.2347062594e-02,5.2831337843e-02,4.7393410313e-02,4.3722424367e-02,4.0670170595e-02,3.7896741914e-02,3.5162472829e-02,3.2391756469e-02,2.9526387271e-02,2.6563059166e-02,2.3526992224e-02,2.0429256070e-02,1.7315029633e-02,1.4213123652e-02,1.1170223620e-02,8.3354168866e-03,5.9090919909e-03,3.9451023421e-03,2.4335559872e-03,1.3613974037e-03,6.9242058664e-04,3.2954546595e-04,1.4602026102e-04,5.9535831678e-05,2.1951207591e-05,7.2134762853e-06,2.0967464306e-06,5.5203811811e-07,2.1044724535e-07,0.0000000000e+00,0.0000000000e+00,0.0000000000e+00,0.0000000000e+00,0.0000000000e+00,0.0000000000e+00,0.0000000000e+00,0.0000000000e+00,0.0000000000e+00,0.0000000000e+00,0.0000000000e+00,0.0000000000e+00,0.0000000000e+00,0.0000000000e+00,0.0000000000e+00,0.0000000000e+00,0.0000000000e+00,0.0000000000e+00,0.0000000000e+00,0.0000000000e+00,0.0000000000e+00,0.0000000000e+00,0.0000000000e+00,0.0000000000e+00,0.0000000000e+00,0.0000000000e+00,0.0000000000e+00,0.0000000000e+00,0.0000000000e+00,0.0000000000e+00,0.0000000000e+00,0.0000000000e+00,0.0000000000e+00,0.0000000000e+00,0.0000000000e+00
1.3611824108e+02,2.4731965557e-01,2.4731965557e-01,2.4731965557e-01,2.4731965557e-01,2.4731965557e-01,2.4731965557e-01,2.4731965557e-01,2.4731965557e-01,2.4731965557e-01,2.4731965557e-01,2.4731965557e-01,2.4731965557e-01,2.4731965557e-01,2.4731965557e-01,2.4731965557e-01,2.4731965557e-01,2.4731965557e-01,2.4731965557e-01,2.4731965557e-01,2.4731965557e-01,2.4731965557e-01,2.4731965557e-01,2.4731965557e-01,2.4731965557e-01,2.4731965557e-01,2.4731965557e-01,2.4731965557e-01,2.4731965557e-01,2.4731965557e-01,2.4731965557e-01,2.4731965557e-01,2.4731965557e-01,2.4731965557e-01,2.4731965557e-01,2.4731965557e-01,2.4731965557e-01,2.4731965557e-01,2.4731965557e-01,2.4731965557e-01,2.4731965557e-01,2.4731965557e-01,2.4731965557e-01,2.4731965557e-01,2.4731965557e-01,2.4731965557e-01,2.4731965557e-01,2.4731965557e-01,2.4731965557e-01,2.4731965557e-01,2.4731965557e-01,2.4731965557e-01,2.4731965557e-01,2.4731965557e-01,2.4731965557e-01,2.4731965557e-01,2.4731965557e-01,2.4731965557e-01,2.4731965557e-01,2.4731965557e-01,2.4731965557e-01,2.4731965557e-01,2.4731965557e-01,2.4731965557e-01,2.4731965557e-01,2.4731965557e-01,2.4731965557e-01,2.4731965557e-01,2.4731965557e-01,2.4731965557e-01,2.4731965557e-01,2.4731965557e-01,2.4731965557e-01,2.4731965557e-01,2.4731965557e-01,2.4731965557e-01,2.4731965557e-01,2.4731965557e-01,2.4731965557e-01,2.4731965557e-01,2.4731965557e-01,2.4731965557e-01,2.4731965557e-01,2.4731965557e-01,2.4731965557e-01,2.4731965557e-01,2.4731965557e-01,2.4731965557e-01,2.4731965557e-01,2.4731965557e-01,2.4731965557e-01,2.4731965557e-01,2.4731965557e-01,2.4731965557e-01,2.4731965557e-01,2.4731965557e-01,2.4731791365e-01,2.4731305336e-01,2.4730776632e-01,2.4730201509e-01,2.4729575890e-01,2.4728895344e-01,2.4728155052e-01,2.4727349768e-01,2.4726473790e-01,2.4725520915e-01,2.4724484396e-01,2.4723356894e-01,2.4722130428e-01,2.4719565652e-01,2.4714160363e-01,2.4708281699e-01,2.4701888332e-01,2.4694935347e-01,2.4687373940e-01,2.4674665226e-01,2.4647605325e-01,2.4618202594e-01,2.4586257407e-01,2.4540791157e-01,2.4460196371e-01,2.4372823916e-01,2.4256055656e-01,2.4070395985e-01,2.3870044204e-01,2.3590744025e-01,2.3282964319e-01,2.2835919147e-01,2.2308300788e-01,2.1598595294e-01,2.0679728095e-01,1.9522067387e-01,1.7973456754e-01,1.5744828297e-01,1.2898559672e-01,1.0073963215e-01,7.8502673728e-02,6.3407664193e-02,5.4280303071e-02,4.8930141872e-02,4.5297759977e-02,4.2232084640e-02,3.9435443379e-02,3.6669936643e-02,3.3861465152e-02,3.0948186917e-02,2.7930266441e-02,2.4827241847e-02,2.1654649297e-02,1.8453098358e-02,1.5253696427e-02,1.2096406191e-02,9.1344291434e-03,6.5673586308e-03,4.4576670804e-03,2.8061364982e-03,1.6104647537e-03,8.4489732968e-04,4.1603068929e-04,1.9133456871e-04,8.1273549812e-05,3.1368858534e-05,1.0854729281e-05,3.3334138452e-06,8.9778067717e-07,2.0788110418e-07,4.0903577532e-08,0.0000000000e+00,0.0000000000e+00,0.0000000000e+00,0.0000000000e+00,0.0000000000e+00,0.0000000000e+00,0.0000000000e+00,0.0000000000e+00,0.0000000000e+00,0.0000000000e+00,0.0000000000e+00,0.0000000000e+00,0.0000000000e+00,0.0000000000e+00,0.0000000000e+00,0.0000000000e+00,0.0000000000e+00,0.0000000000e+00,0.0000000000e+00,0.0000000000e+00,0.0000000000e+00,0.0000000000e+00,0.0000000000e+00,0.0000000000e+00,0.0000000000e+00,0.0000000000e+00,0.0000000000e+00,0.0000000000e+00,0.0000000000e+00,0.0000000000e+00,0.0000000000e+00,0.0000000000e+00,0.0000000000e+00,0.0000000000e+00
1.4306373021e+02,2.3061581953e-01,2.3061581953e-01,2.3061581953e-01,2.3061581953e-01,2.3061581953e-01,2.3061581953e-01,2.3061581953e-01,2.3061581953e-01,2.3061581953e-01,2.3061581953e-01,2.3061581953e-01,2.3061581953e-01,2.3061581953e-01,2.3061581953e-01,2.3061581953e-01,2.3061581953e-01,2.3061581953e-01,2.3061581953e-01,2.3061581953e-01,2.3061581953e-01,2.3061581953e-01,2.3061581953e-01,2.3061581953e-01,2.3061581953e-01,2.3061581953e-01,2.3061581953e-01,2.3061581953e-01,2.3061581953e-01,2.3061581953e-01,2.3061581953e-01,2.3061581953e-01,2.3061581953e-01,2.3061581953e-01,2.3061581953e-01,2.3061581953e-01,2.3061581953e-01,2.3061581953e-01,2.3061581953e-01,2.3061581953e-01,2.3061581953e-01,2.3061581953e-01,2.3061581953e-01,2.3061581953e-01,2.3061581953e-01,2.3061581953e-01,2.3061581953e-01,2.3061581953e-01,2.3061581953e-01,2.3061581953e-01,2.3061581953e-01,2.3061581953e-01,2.3061581953e-01,2.3061581953e-01,2.3061581953e-01,2.3061581953e-01,2.3061581953e-01,2.3061581953e-01,2.3061581953e-01,2.3061581953e-01,2.3061581953e-01,2.3061581953e-01,2.3061581953e-01,2.3061581953e-01,2.3061581953e-01,2.3061581953e-01,2.3061581953e-01,2.3061581953e-01,2.3061581953e-01,2.3061581953e-01,2.3061581953e-01,2.3061581953e-01,2.3061581953e-01,2.3061581953e-01,2.3061581953e-01,2.3061581953e-01,2.3061581953e-01,2.3061581953e-01,2.3061581953e-01,2.3061581953e-01,2.3061581953e-01,2.3061581953e-01,2.3061581953e-01,2.3061581953e-01,2.3061581953e-01,2.3061581953e-01,2.3061581953e-01,2.3061581953e-01,2.3061581953e-01,2.3061581953e-01,2.3061581953e-01,2.3061581953e-01,2.3061581953e-01,2.3061581953e-01,2.3061581953e-01,2.3061581953e-01,2.3061414129e-01,2.3060945869e-01,2.3060436495e-01,2.3059882399e-01,2.3059279654e-01,2.3058623992e-01,2.3057910767e-01,2.3057134928e-01,2.3056290982e-01,2.3055372951e-01,2.3054374335e-01,2.3053288066e-01,2.3052106454e-01,2.3049682364e-01,2.3044625411e-01,2.3039125593e-01,2.3033144246e-01,2.3026639352e-01,2.3019565254e-01,2.3007759891e-01,2.2982784337e-01,2.2955646099e-01,2.2926160843e-01,2.2884335580e-01,2.2810503456e-01,2.2730457527e-01,2.2623782030e-01,2.2454820470e-01,2.2272452555e-01,2.2018798189e-01,2.1739245716e-01,2.1335361793e-01,2.0859337089e-01,2.0221218533e-01,1.9397826784e-01,1.8362381307e-01,1.6979603703e-01,1.4989337758e-01,1.2431784218e-01,9.8647942994e-02,7.8164395314e-02,6.4040657042e-02,5.5347044349e-02,5.0163003037e-02,4.6584404570e-02,4.3535422263e-02,4.0736495689e-02,3.7961092078e-02,3.5135901550e-02,3.2198324159e-02,2.9147787369e-02,2.6003180811e-02,2.2778829430e-02,1.9513997092e-02,1.6238642863e-02,1.2991017621e-02,9.9213654334e-03,7.2299231785e-03,4.9862160059e-03,3.2003951215e-03,1.8820374607e-03,1.0169784875e-03,5.1721032550e-04,2.4642519344e-04,1.0883191100e-04,4.3871289107e-05,1.5938984893e-05,5.1689901493e-06,1.4794279144e-06,3.6729660415e-07,8.0749137499e-08,0.0000000000e+00,0.0000000000e+00,0.0000000000e+00,0.0000000000e+00,0.0000000000e+00,0.0000000000e+00,0.0000000000e+00,0.0000000000e+00,0.0000000000e+00,0.0000000000e+00,0.0000000000e+00,0.0000000000e+00,0.0000000000e+00,0.0000000000e+00,0.0000000000e+00,0.0000000000e+00,0.0000000000e+00,0.0000000000e+00,0.0000000000e+00,0.0000000000e+00,0.0000000000e+00,0.0000000000e+00,0.0000000000e+00,0.0000000000e+00,0.0000000000e+00,0.0000000000e+00,0.0000000000e+00,0.0000000000e+00,0.0000000000e+00,0.0000000000e+00,0.0000000000e+00,0.0000000000e+00,0.0000000000e+00,0.0000000000e+00
1.5036361578e+02,2.1491461708e-01,2.1491461708e-01,2.1491461708e-01,2.1491461708e-01,2.1491461708e-01,2.1491461708e-01,2.1491461708e-01,2.1491461708e-01,2.1491461708e-01,2.1491461708e-01,2.1491461708e-01,2.1491461708e-01,2.1491461708e-01,2.1491461708e-01,2.1491461708e-01,2.1491461708e-01,2.1491461708e-01,2.1491461708e-01,2.1491461708e-01,2.1491461708e-01,2.1491461708e-01,2.1491461708e-01,2.1491461708e-01,2.1491461708e-01,2.1491461708e-01,2.1491461708e-01,2.1491461708e-01,2.1491461708e-01,2.1491461708e-01,2.1491461708e-01,2.1491461708e-01,2.1491461708e-01,2.1491461708e-01,2.1491461708e-01,2.1491461708e-01,2.1491461708e-01,2.1491461708e-01,2.1491461708e-01,2.1491461708e-01,2.1491461708e-01,2.1491461708e-01,2.1491461708e-01,2.1491461708e-01,2.1491461708e-01,2.1491461708e-01,2.1491461708e-01,2.1491461708e-01,2.1491461708e-01,2.1491461708e-01,2.1491461708e-01,2.1491461708e-01,2.1491461708e-01,2.1491461708e-01,2.1491461708e-01,2.1491461708e-01,2.1491461708e-01,2.1491461708e-01,2.1491461708e-01,2.1491461708e-01,2.1491461708e-01,2.1491461708e-01,2.1491461708e-01,2.1491461708e-01,2.1491461708e-01,2.1491461708e-01,2.1491461708e-01,2.1491461708e-01,2.1491461708e-01,2.1491461708e-01,2.1491461708e-01,2.1491461708e-01,2.1491461708e-01,2.1491461708e-01,2.1491461708e-01,2.1491461708e-01,2.1491461708e-01,2.1491461708e-01,2.1491461708e-01,2.1491461708e-01,2.1491461708e-01,2.1491461708e-01,2.1491461708e-01,2.1491461708e-01,2.1491461708e-01,2.1491461708e-01,2.1491461708e-01,2.1491461708e-01,2.1491461708e-01,2.1491461708e-01,2.1491461708e-01,2.1491461708e-01,2.1491461708e-01,2.1491461708e-01,2.1491461708e-01,2.1491461708e-01,2.1491300480e-01,2.1490850626e-01,2.1490361274e-01,2.1489828957e-01,2.1489249905e-01,2.1488620016e-01,2.1487934828e-01,2.1487189488e-01,2.1486378718e-01,2.1485496777e-01,2.1484537422e-01,2.1483493859e-01,2.1482358704e-01,2.1480072011e-01,2.1475349115e-01,2.1470212612e-01,2.1464626392e-01,2.1458551215e-01,2.1451944439e-01,2.1441002294e-01,2.1418013141e-01,2.1393032963e-01,2.1365891993e-01,2.1327524609e-01,2.1260089711e-01,2.1186974474e-01,2.1089806886e-01,2.0936493177e-01,2.0770980114e-01,2.0541273964e-01,2.0288078647e-01,1.9924104009e-01,1.9495653162e-01,1.8923148911e-01,1.8186756001e-01,1.7262311488e-01,1.6029728303e-01,1.4255446068e-01,1.1962230680e-01,9.6358228677e-02,7.7554308397e-02,6.4391587525e-02,5.6146810503e-02,5.1147268826e-02,4.7640359996e-02,4.4625431002e-02,4.1841189817e-02,3.9072923861e-02,3.6248440757e-02,3.3304726374e-02,3.0240425731e-02,2.7073607874e-02,2.3817256785e-02,2.0509017112e-02,1.7177454572e-02,1.3858790849e-02,1.0699237475e-02,7.8980047856e-03,5.5307105223e-03,3.6164937411e-03,2.1768548519e-03,1.2098717693e-03,6.3454785305e-04,3.1268434377e-04,1.4331529053e-04,6.0213253551e-05,2.2914873277e-05,7.8270802275e-06,2.3737425730e-06,6.2993796873e-07,1.5316906897e-07,0.0000000000e+00,0.0000000000e+00,0.0000000000e+00,0.0000000000e+00,0.0000000000e+00,0.0000000000e+00,0.0000000000e+00,0.0000000000e+00,0.0000000000e+00,0.0000000000e+00,0.0000000000e+00,0.0000000000e+00,0.0000000000e+00,0.0000000000e+00,0.0000000000e+00,0.0000000000e+00,0.0000000000e+00,0.0000000000e+00,0.0000000000e+00,0.0000000000e+00,0.0000000000e+00,0.0000000000e+00,0.0000000000e+00,0.0000000000e+00,0.0000000000e+00,0.0000000000e+00,0.0000000000e+00,0.0000000000e+00,0.0000000000e+00,0.0000000000e+00,0.0000000000e+00,0.0000000000e+00,0.0000000000e+00,0.0000000000e+00
1.5803598101e+02,2.0021962721e-01,2.0021962721e-01,2.0021962721e-01,2.0021962721e-01,2.0021962721e-01,2.0021962721e-01,2.0021962721e-01,2.0021962721e-01,2.0021962721e-01,2.0021962721e-01,2.0021962721e-01,2.0021962721e-01,2.0021962721e-01,2.0021962721e-01,2.0021962721e-01,2.0021962721e-01,2.0021962721e-01,2.0021962721e-01,2.0021962721e-01,2.0021962721e-01,2.0021962721e-01,2.0021962721e-01,2.0021962721e-01,2.0021962721e-01,2.0021962721e-01,2.0021962721e-01,2.0021962721e-01,2.0021962721e-01,2.0021962721e-01,2.0021962721e-01,2.0021962721e-01,2.0021962721e-01,2.0021962721e-01,2.0021962721e-01,2.0021962721e-01,2.0021962721e-01,2.0021962721e-01,2.0021962721e-01,2.0021962721e-01,2.0021962721e-01,2.0021962721e-01,2.0021962721e-01,2.0021962721e-01,2.0021962721e-01,2.0021962721e-01,2.0021962721e-01,2.0021962721e-01,2.0021962721e-01,2.0021962721e-01,2.0021962721e-01,2.0021962721e-01,2.0021962721e-01,2.0021962721e-01,2.0021962721e-01,2.0021962721e-01,2.0021962721e-01,2.0021962721e-01,2.0021962721e-01,2.0021962721e-01,2.0021962721e-01,2.0021962721e-01,2.0021962721e-01,2.0021962721e-01,2.0021962721e-01,2.0021962721e-01,2.0021962721e-01,2.0021962721e-01,2.0021962721e-01,2.0021962721e-01,2.0021962721e-01,2.0021962721e-01,2.0021962721e-01,2.0021962721e-01,2.0021962721e-01,2.0021962721e-01,2.0021962721e-01,2.0021962721e-01,2.0021962721e-01,2.0021962721e-01,2.0021962721e-01,2.0021962721e-01,2.0021962721e-01,2.0021962721e-01,2.0021962721e-01,2.0021962721e-01,2.0021962721e-01,2.0021962721e-01,2.0021962721e-01,2.0021962721e-01,2.0021962721e-01,2.0021962721e-01,2.0021962721e-01,2.0021962721e-01,2.0021962721e-01,2.0021962721e-01,2.0021808292e-01,2.0021377407e-01,2.0020908692e-01,2.0020398823e-01,2.0019844191e-01,2.0019240865e-01,2.0018584573e-01,2.0017870667e-01,2.0017094091e-01,2.0016249347e-01,2.0015330454e-01,2.0014330907e-01,2.0013243633e-01,2.0011090865e-01,2.0006687583e-01,2.0001898685e-01,1.9996690505e-01,1.9991026458e-01,1.9984866790e-01,1.9974745690e-01,1.9953637494e-01,1.9930700807e-01,1.9905779651e-01,1.9870674432e-01,1.9809248903e-01,1.9742644306e-01,1.9654372630e-01,1.9515624613e-01,1.9365803150e-01,1.9158316159e-01,1.8929574775e-01,1.8602298794e-01,1.8217485740e-01,1.7704836060e-01,1.7047378118e-01,1.6223343796e-01,1.5126270623e-01,1.3546926172e-01,1.1494574122e-01,9.3913919898e-02,7.6704641527e-02,6.4481042671e-02,5.6692304146e-02,5.1891255931e-02,4.8471351106e-02,4.5505904714e-02,4.2751749439e-02,4.0006216844e-02,3.7198517555e-02,3.4265549426e-02,3.1205147867e-02,2.8034416227e-02,2.4764898400e-02,2.1432389994e-02,1.8063853149e-02,1.4693211957e-02,1.1461721039e-02,8.5660310916e-03,6.0868225525e-03,4.0516562561e-03,2.4937235453e-03,1.4236732780e-03,7.6890819566e-04,3.9124710876e-04,1.8577761521e-04,8.1192094178e-05,3.2293806504e-05,1.1589300866e-05,3.7139983167e-06,1.0504536459e-06,2.8005965877e-07,0.0000000000e+00,0.0000000000e+00,0.0000000000e+00,0.0000000000e+00,0.0000000000e+00,0.0000000000e+00,0.0000000000e+00,0.0000000000e+00,0.0000000000e+00,0.0000000000e+00,0.0000000000e+00,0.0000000000e+00,0.0000000000e+00,0.0000000000e+00,0.0000000000e+00,0.0000000000e+00,0.0000000000e+00,0.0000000000e+00,0.0000000000e+00,0.0000000000e+00,0.0000000000e+00,0.0000000000e+00,0.0000000000e+00,0.0000000000e+00,0.0000000000e+00,0.0000000000e+00,0.0000000000e+00,0.0000000000e+00,0.0000000000e+00,0.0000000000e+00,0.0000000000e+00,0.0000000000e+00,0.0000000000e+00,0.0000000000e+00
1.6609983183e+02,1.8651628016e-01,1.8651628016e-01,1.8651628016e-01,1.8651628016e-01,1.8651628016e-01,1.8651628016e-01,1.8651628016e-01,1.8651628016e-01,1.8651628016e-01,1.8651628016e-01,1.8651628016e-01,1.8651628016e-01,1.8651628016e-01,1.8651628016e-01,1.8651628016e-01,1.8651628016e-01,1.8651628016e-01,1.8651628016e-01,1.8651628016e-01,1.8651628016e-01,1.8651628016e-01,1.8651628016e-01,1.8651628016e-01,1.8651628016e-01,1.8651628016e-01,1.8651628016e-01,1.8651628016e-01,1.8651628016e-01,1.8651628016e-01,1.8651628016e-01,1.8651628016e-01,1.8651628016e-01,1.8651628016e-01,1.8651628016e-01,1.8651628016e-01,1.8651628016e-01,1.8651628016e-01,1.8651628016e-01,1.8651628016e-01,1.8651628016e-01,1.8651628016e-01,1.8651628016e-01,1.8651628016e-01,1.8651628016e-01,1.8651628016e-01,1.8651628016e-01,1.8651628016e-01,1.8651628016e-01,1.8651628016e-01,1.8651628016e-01,1.8651628016e-01,1.8651628016e-01,1.8651628016e-01,1.8651628016e-01,1.8651628016e-01,1.8651628016e-01,1.8651628016e-01,1.8651628016e-01,1.8651628016e-01,1.8651628016e-01,1.8651628016e-01,1.8651628016e-01,1.8651628016e-01,1.8651628016e-01,1.8651628016e-01,1.8651628016e-01,1.8651628016e-01,1.8651628016e-01,1.8651628016e-01,1.8651628016e-01,1.8651628016e-01,1.8651628016e-01,1.8651628016e-01,1.8651628016e-01,1.8651628016e-01,1.8651628016e-01,1.8651628016e-01,1.8651628016e-01,1.8651628016e-01,1.8651628016e-01,1.8651628016e-01,1.8651628016e-01,1.8651628016e-01,1.8651628016e-01,1.8651628016e-01,1.8651628016e-01,1.8651628016e-01,1.8651628016e-01,1.8651628016e-01,1.8651628016e-01,1.8651628016e-01,1.8651628016e-01,1.8651628016e-01,1.8651628016e-01,1.8651628016e-01,1.8651480551e-01,1.8651069099e-01,1.8650621521e-01,1.8650134647e-01,1.8649605028e-01,1.8649028912e-01,1.8648402220e-01,1.8647720512e-01,1.8646978962e-01,1.8646172319e-01,1.8645294872e-01,1.8644340411e-01,1.8643302180e-01,1.8641279643e-01,1.8637181415e-01,1.8632724284e-01,1.8627876918e-01,1.8622605265e-01,1.8616872325e-01,1.8607528839e-01,1.8588191604e-01,1.8567178901e-01,1.8544347738e-01,1.8512301896e-01,1.8456486549e-01,1.8395960323e-01,1.8315961802e-01,1.8190692190e-01,1.8055393555e-01,1.7868404430e-01,1.7662223382e-01,1.7368529064e-01,1.7023558367e-01,1.6565280501e-01,1.5979171050e-01,1.5245646152e-01,1.4270425157e-01,1.2866420181e-01,1.1032621436e-01,9.1353819666e-02,7.5646799297e-02,6.4331291731e-02,5.6999070560e-02,5.2406515065e-02,4.9086389289e-02,4.6183863887e-02,4.3473508085e-02,4.0764725828e-02,3.7988374515e-02,3.5081568772e-02,3.2041325015e-02,2.8883663991e-02,2.5618621106e-02,2.2279957992e-02,1.8892859961e-02,1.5488735330e-02,1.2203113544e-02,9.2287118149e-03,6.6502097678e-03,4.5028757779e-03,2.8311129687e-03,1.6581574450e-03,9.2093851621e-04,4.8315716691e-04,2.3728255887e-04,1.0767000351e-04,4.4664550960e-05,1.6800772394e-05,5.6745890889e-06,1.7058752043e-06,4.9516477896e-07,0.0000000000e+00,0.0000000000e+00,0.0000000000e+00,0.0000000000e+00,0.0000000000e+00,0.0000000000e+00,0.0000000000e+00,0.0000000000e+00,0.0000000000e+00,0.0000000000e+00,0.0000000000e+00,0.0000000000e+00,0.0000000000e+00,0.0000000000e+00,0.0000000000e+00,0.0000000000e+00,0.0000000000e+00,0.0000000000e+00,0.0000000000e+00,0.0000000000e+00,0.0000000000e+00,0.0000000000e+00,0.0000000000e+00,0.0000000000e+00,0.0000000000e+00,0.0000000000e+00,0.0000000000e+00,0.0000000000e+00,0.0000000000e+00,0.0000000000e+00,0.0000000000e+00,0.0000000000e+00,0.0000000000e+00,0.0000000000e+00
1.7457514394e+02,1.7371344134e-01,1.7371344134e-01,1.7371344134e-01,1.7371344134e-01,1.7371344134e-01,1.7371344134e-01,1.7371344134e-01,1.7371344134e-01,1.7371344134e-01,1.7371344134e-01,1.7371344134e-01,1.7371344134e-01,1.7371344134e-01,1.7371344134e-01,1.7371344134e-01,1.7371344134e-01,1.7371344134e-01,1.7371344134e-01,1.7371344134e-01,1.7371344134e-01,1.7371344134e-01,1.7371344134e-01,1.7371344134e-01,1.7371344134e-01,1.7371344134e-01,1.7371344134e-01,1.7371344134e-01,1.7371344134e-01,1.7371344134e-01,1.7371344134e-01,1.7371344134e-01,1.7371344134e-01,1.7371344134e-01,1.7371344134e-01,1.7371344134e-01,1.7371344134e-01,1.7371344134e-01,1.7371344134e-01,1.7371344134e-01,1.7371344134e-01,1.7371344134e-01,1.7371344134e-01,1.7371344134e-01,1.7371344134e-01,1.7371344134e-01,1.7371344134e-01,1.7371344134e-01,1.7371344134e-01,1.7371344134e-01,1.7371344134e-01,1.7371344134e-01,1.7371344134e-01,1.7371344134e-01,1.7371344134e-01,1.7371344134e-01,1.7371344134e-01,1.7371344134e-01,1.7371344134e-01,1.7371344134e-01,1.7371344134e-01,1.7371344134e-01,1.7371344134e-01,1.7371344134e-01,1.7371344134e-01,1.7371344134e-01,1.7371344134e-01,1.7371344134e-01,1.7371344134e-01,1.7371344134e-01,1.7371344134e-01,1.7371344134e-01,1.7371344134e-01,1.7371344134e-01,1.7371344134e-01,1.7371344134e-01,1.7371344134e-01,1.7371344134e-01,1.7371344134e-01,1.7371344134e-01,1.7371344134e-01,1.7371344134e-01,1.7371344134e-01,1.7371344134e-01,1.7371344134e-01,1.7371344134e-01,1.7371344134e-01,1.7371344134e-01,1.7371344134e-01,1.7371344134e-01,1.7371344134e-01,1.7371344134e-01,1.7371344134e-01,1.7371344134e-01,1.7371344134e-01,1.7371344134e-01,1.7371344134e-01,1.7371344134e-01,1.7370975613e-01,1.7370425025e-01,1.7369826103e-01,1.7369174603e-01,1.7368465913e-01,1.7367695016e-01,1.7366856454e-01,1.7365944291e-01,1.7364952073e-01,1.7363872777e-01,1.7362698769e-01,1.7361421744e-01,1.7360032671e-01,1.7355389885e-01,1.7348724725e-01,1.7341477105e-01,1.7333596404e-01,1.7325027650e-01,1.7315711157e-01,1.7295976274e-01,1.7267884264e-01,1.7237376893e-01,1.7204251424e-01,1.7140310514e-01,1.7051963810e-01,1.6956375117e-01,1.6823862075e-01,1.6662301104e-01,1.6471529638e-01,1.6210115305e-01,1.5902189593e-01,1.5487482655e-01,1.4966185829e-01,1.4336339976e-01,1.3458132420e-01,1.2175541707e-01,1.0555750645e-01,8.8714484656e-02,7.4418573876e-02,6.4017565383e-02,5.7075783925e-02,5.2736977808e-02,4.9513842792e-02,4.6690540266e-02,4.4036162925e-02,4.1374180735e-02,3.8641268822e-02,3.5772055473e-02,3.2764442554e-02,2.9633464988e-02,2.6388397607e-02,2.3057554809e-02,1.9668534268e-02,1.6247143815e-02,1.2922690593e-02,9.8855462351e-03,7.2196318044e-03,4.9693619847e-03,3.1882365117e-03,1.9135542636e-03,1.0914785616e-03,5.8955859790e-04,2.9897173217e-04,1.4063215039e-04,6.0741966480e-05,2.3897241867e-05,8.4868136580e-06,2.6782194769e-06,7.4496201243e-07,1.7925626431e-07,2.9533709319e-08,0.0000000000e+00,0.0000000000e+00,0.0000000000e+00,0.0000000000e+00,0.0000000000e+00,0.0000000000e+00,0.0000000000e+00,0.0000000000e+00,0.0000000000e+00,0.0000000000e+00,0.0000000000e+00,0.0000000000e+00,0.0000000000e+00,0.0000000000e+00,0.0000000000e+00,0.0000000000e+00,0.0000000000e+00,0.0000000000e+00,0.0000000000e+00,0.0000000000e+00,0.0000000000e+00,0.0000000000e+00,0.0000000000e+00,0.0000000000e+00,0.0000000000e+00,0.0000000000e+00,0.0000000000e+00,0.0000000000e+00,0.0000000000e+00,0.0000000000e+00,0.0000000000e+00,0.0000000000e+00
1.8348291233e+02,1.6190450972e-01,1.6190450972e-01,1.6190450972e-01,1.6190450972e-01,1.6190450972e-01,1.6190450972e-01,1.6190450972e-01,1.6190450972e-01,1.6190450972e-01,1.6190450972e-01,1.6190450972e-01,1.6190450972e-01,1.6190450972e-01,1.6190450972e-01,1.6190450972e-01,1.6190450972e-01,1.6190450972e-01,1.6190450972e-01,1.6190450972e-01,1.6190450972e-01,1.6190450972e-01,1.6190450972e-01,1.6190450972e-01,1.6190450972e-01,1.6190450972e-01,1.6190450972e-01,1.6190450972e-01,1.6190450972e-01,1.6190450972e-01,1.6190450972e-01,1.6190450972e-01,1.6190450972e-01,1.6190450972e-01,1.6190450972e-01,1.6190450972e-01,1.6190450972e-01,1.6190450972e-01,1.6190450972e-01,1.6190450972e-01,1.6190450972e-01,1.6190450972e-01,1.6190450972e-01,1.6190450972e-01,1.6190450972e-01,1.6190450972e-01,1.6190450972e-01,1.6190450972e-01,1.6190450972e-01,1.6190450972e-01,1.6190450972e-01,1.6190450972e-01,1.6190450972e-01,1.6190450972e-01,1.6190450972e-01,1.6190450972e-01,1.6190450972e-01,1.6190450972e-01,1.6190450972e-01,1.6190450972e-01,1.6190450972e-01,1.6190450972e-01,1.6190450972e-01,1.6190450972e-01,1.6190450972e-01,1.6190450972e-01,1.6190450972e-01,1.6190450972e-01,1.6190450972e-01,1.6190450972e-01,1.6190450972e-01,1.6190450972e-01,1.6190450972e-01,1.6190450972e-01,1.6190450972e-01,1.6190450972e-01,1.6190450972e-01,1.6190450972e-01,1.6190450972e-01,1.6190450972e-01,1.6190450972e-01,1.6190450972e-01,1.6190450972e-01,1.6190450972e-01,1.6190450972e-01,1.6190450972e-01,1.6190450972e-01,1.6190450972e-01,1.6190450972e-01,1.6190450972e-01,1.6190450972e-01,1.6190450972e-01,1.6190450972e-01,1.6190450972e-01,1.6190450972e-01,1.6190450972e-01,1.6190450972e-01,1.6190450972e-01,1.6190101598e-01,1.6189579619e-01,1.6189011816e-01,1.6188394168e-01,1.6187722302e-01,1.6186991462e-01,1.6186196473e-01,1.6185331709e-01,1.6184391050e-01,1.6183367840e-01,1.6182254840e-01,1.6181044178e-01,1.6179727293e-01,1.6175440237e-01,1.6169304960e-01,1.6162633497e-01,1.6155379241e-01,1.6147491579e-01,1.6138915558e-01,1.6120922258e-01,1.6095370111e-01,1.6067619846e-01,1.6037486750e-01,1.5979791635e-01,1.5900244754e-01,1.5814161301e-01,1.5695054765e-01,1.5549920808e-01,1.5378746829e-01,1.5144881929e-01,1.4869698850e-01,1.4500092143e-01,1.4036525320e-01,1.3476803766e-01,1.2698034492e-01,1.1560683247e-01,1.0116616237e-01,8.6021883073e-02,7.3030051622e-02,6.3451297275e-02,5.6957454012e-02,5.2833947182e-02,4.9729496108e-02,4.6990087735e-02,4.4402014919e-02,4.1800108837e-02,3.9123050305e-02,3.6306297179e-02,3.3346922158e-02,3.0258721955e-02,2.7049395699e-02,2.3745075026e-02,2.0371245703e-02,1.6951000732e-02,1.3606743733e-02,1.0522680890e-02,7.7846027381e-03,5.4429315638e-03,3.5608215615e-03,2.1874066067e-03,1.2797655490e-03,7.1072430749e-04,3.7161196489e-04,1.8087012333e-04,8.1167230666e-05,3.3328257109e-05,1.2413034040e-05,4.1324436910e-06,1.2208791645e-06,3.1705072827e-07,7.1395007559e-08,0.0000000000e+00,0.0000000000e+00,0.0000000000e+00,0.0000000000e+00,0.0000000000e+00,0.0000000000e+00,0.0000000000e+00,0.0000000000e+00,0.0000000000e+00,0.0000000000e+00,0.0000000000e+00,0.0000000000e+00,0.0000000000e+00,0.0000000000e+00,0.0000000000e+00,0.0000000000e+00,0.0000000000e+00,0.0000000000e+00,0.0000000000e+00,0.0000000000e+00,0.0000000000e+00,0.0000000000e+00,0.0000000000e+00,0.0000000000e+00,0.0000000000e+00,0.0000000000e+00,0.0000000000e+00,0.0000000000e+00,0.0000000000e+00,0.0000000000e+00,0.0000000000e+00,0.0000000000e+00
1.9284520326e+02,1.5097078034e-01,1.5097078034e-01,1.5097078034e-01,1.5097078034e-01,1.5097078034e-01,1.5097078034e-01,1.5097078034e-01,1.5097078034e-01,1.5097078034e-01,1.5097078034e-01,1.5097078034e-01,1.5097078034e-01,1.5097078034e-01,1.5097078034e-01,1.5097078034e-01,1.5097078034e-01,1.5097078034e-01,1.5097078034e-01,1.5097078034e-01,1.5097078034e-01,1.5097078034e-01,1.5097078034e-01,1.5097078034e-01,1.5097078034e-01,1.5097078034e-01,1.5097078034e-01,1.5097078034e-01,1.5097078034e-01,1.5097078034e-01,1.5097078034e-01,1.5097078034e-01,1.5097078034e-01,1.5097078034e-01,1.5097078034e-01,1.5097078034e-01,1.5097078034e-01,1.5097078034e-01,1.5097078034e-01,1.5097078034e-01,1.5097078034e-01,1.5097078034e-01,1.5097078034e-01,1.5097078034e-01,1.5097078034e-01,1.5097078034e-01,1.5097078034e-01,1.5097078034e-01,1.5097078034e-01,1.5097078034e-01,1.5097078034e-01,1.5097078034e-01,1.5097078034e-01,1.5097078034e-01,1.5097078034e-01,1.5097078034e-01,1.5097078034e-01,1.5097078034e-01,1.5097078034e-01,1.5097078034e-01,1.5097078034e-01,1.5097078034e-01,1.5097078034e-01,1.5097078034e-01,1.5097078034e-01,1.5097078034e-01,1.5097078034e-01,1.5097078034e-01,1.5097078034e-01,1.5097078034e-01,1.5097078034e-01,1.5097078034e-01,1.5097078034e-01,1.5097078034e-01,1.5097078034e-01,1.5097078034e-01,1.5097078034e-01,1.5097078034e-01,1.5097078034e-01,1.5097078034e-01,1.5097078034e-01,1.5097078034e-01,1.5097078034e-01,1.5097078034e-01,1.5097078034e-01,1.5097078034e-01,1.5097078034e-01,1.5097078034e-01,1.5097078034e-01,1.5097078034e-01,1.5097078034e-01,1.5097078034e-01,1.5097078034e-01,1.5097078034e-01,1.5097078034e-01,1.5097078034e-01,1.5097078034e-01,1.5097078034e-01,1.5096747824e-01,1.5096254475e-01,1.5095717816e-01,1.5095134046e-01,1.5094499033e-01,1.5093808281e-01,1.5093056899e-01,1.5092239570e-01,1.5091350509e-01,1.5090383426e-01,1.5089331480e-01,1.5088187231e-01,1.5086942586e-01,1.5082990715e-01,1.5077352345e-01,1.5071221180e-01,1.5064554379e-01,1.5057305417e-01,1.5049423778e-01,1.5033046501e-01,1.5009845656e-01,1.4984647863e-01,1.4957285117e-01,1.4905313200e-01,1.4833809867e-01,1.4756416245e-01,1.4649536590e-01,1.4519373265e-01,1.4366021534e-01,1.4157089716e-01,1.3911481759e-01,1.3582435598e-01,1.3170593725e-01,1.2673621980e-01,1.1983548200e-01,1.0975751493e-01,9.6897121377e-02,8.3300549293e-02,7.1516405491e-02,6.2714721734e-02,5.6655352058e-02,5.2748012137e-02,4.9768332798e-02,4.7120534733e-02,4.4607339476e-02,4.2074594775e-02,3.9463096571e-02,3.6709369918e-02,3.3809687860e-02,3.0776572626e-02,2.7616161619e-02,2.4352359477e-02,2.1008468649e-02,1.7604816289e-02,1.4256561842e-02,1.1140877920e-02,8.3444577271e-03,5.9227808546e-03,3.9476809590e-03,2.4793667307e-03,1.4861209341e-03,8.4746582279e-04,4.5622337631e-04,2.2939580609e-04,1.0676529475e-04,4.5662149749e-05,1.7795033313e-05,6.2335227975e-06,1.9503912040e-06,5.4394128299e-07,1.4875107335e-07,0.0000000000e+00,0.0000000000e+00,0.0000000000e+00,0.0000000000e+00,0.0000000000e+00,0.0000000000e+00,0.0000000000e+00,0.0000000000e+00,0.0000000000e+00,0.0000000000e+00,0.0000000000e+00,0.0000000000e+00,0.0000000000e+00,0.0000000000e+00,0.0000000000e+00,0.0000000000e+00,0.0000000000e+00,0.0000000000e+00,0.0000000000e+00,0.0000000000e+00,0.0000000000e+00,0.0000000000e+00,0.0000000000e+00,0.0000000000e+00,0.0000000000e+00,0.0000000000e+00,0.0000000000e+00,0.0000000000e+00,0.0000000000e+00,0.0000000000e+00,0.0000000000e+00,0.0000000000e+00
2.0268520893e+02,1.4086053788e-01,1.4086053788e-01,1.4086053788e-01,1.4086053788e-01,1.4086053788e-01,1.4086053788e-01,1.4086053788e-01,1.4086053788e-01,1.4086053788e-01,1.4086053788e-01,1.4086053788e-01,1.4086053788e-01,1.4086053788e-01,1.4086053788e-01,1.4086053788e-01,1.4086053788e-01,1.4086053788e-01,1.4086053788e-01,1.4086053788e-01,1.4086053788e-01,1.4086053788e-01,1.4086053788e-01,1.4086053788e-01,1.4086053788e-01,1.4086053788e-01,1.4086053788e-01,1.4086053788e-01,1.4086053788e-01,1.4086053788e-01,1.4086053788e-01,1.4086053788e-01,1.4086053788e-01,1.4086053788e-01,1.4086053788e-01,1.4086053788e-01,1.4086053788e-01,1.4086053788e-01,1.4086053788e-01,1.4086053788e-01,1.4086053788e-01,1.4086053788e-01,1.4086053788e-01,1.4086053788e-01,1.4086053788e-01,1.4086053788e-01,1.4086053788e-01,1.4086053788e-01,1.4086053788e-01,1.4086053788e-01,1.4086053788e-01,1.4086053788e-01,1.4086053788e-01,1.4086053788e-01,1.4086053788e-01,1.4086053788e-01,1.4086053788e-01,1.4086053788e-01,1.4086053788e-01,1.4086053788e-01,1.4086053788e-01,1.4086053788e-01,1.4086053788e-01,1.4086053788e-01,1.4086053788e-01,1.4086053788e-01,1.4086053788e-01,1.4086053788e-01,1.4086053788e-01,1.4086053788e-01,1.4086053788e-01,1.4086053788e-01,1.4086053788e-01,1.4086053788e-01,1.4086053788e-01,1.4086053788e-01,1.4086053788e-01,1.4086053788e-01,1.4086053788e-01,1.4086053788e-01,1.4086053788e-01,1.4086053788e-01,1.4086053788e-01,1.4086053788e-01,1.4086053788e-01,1.4086053788e-01,1.4086053788e-01,1.4086053788e-01,1.4086053788e-01,1.4086053788e-01,1.4086053788e-01,1.4086053788e-01,1.4086053788e-01,1.4086053788e-01,1.4086053788e-01,1.4086053788e-01,1.4086053788e-01,1.4086053788e-01,1.4085742631e-01,1.4085277749e-01,1.4084772057e-01,1.4084221972e-01,1.4083623601e-01,1.4082972707e-01,1.4082264683e-01,1.4081494517e-01,1.4080656760e-01,1.4079745483e-01,1.4078754240e-01,1.4077676022e-01,1.4076503202e-01,1.4072866319e-01,1.4067692706e-01,1.4062066882e-01,1.4055949526e-01,1.4049297937e-01,1.4042065749e-01,1.4027182923e-01,1.4006151041e-01,1.3983307848e-01,1.3958500764e-01,1.3911755082e-01,1.3847578672e-01,1.3778102138e-01,1.3682335560e-01,1.3565769419e-01,1.3428573785e-01,1.3242143114e-01,1.3023178401e-01,1.2730524588e-01,1.2364932167e-01,1.1924003270e-01,1.1312904812e-01,1.0420466283e-01,9.2762049940e-02,8.0570978433e-02,6.9900357962e-02,6.1828912266e-02,5.6187935334e-02,5.2495464089e-02,4.9644824645e-02,4.7094709204e-02,4.4663419209e-02,4.2207400622e-02,3.9669645194e-02,3.6987954448e-02,3.4157842531e-02,3.1190543187e-02,2.8090668487e-02,2.4879886405e-02,2.1579281389e-02,1.8206406877e-02,1.4868964285e-02,1.1736396612e-02,8.8953985748e-03,6.4055489394e-03,4.3462953816e-03,2.7879825101e-03,1.7101214372e-03,1.0001340386e-03,5.5359555767e-04,2.8712711766e-04,1.3835988690e-04,6.1517302982e-05,2.5030850612e-05,9.2035794689e-06,3.0415496211e-06,9.0725902035e-07,2.8520100971e-07,0.0000000000e+00,0.0000000000e+00,0.0000000000e+00,0.0000000000e+00,0.0000000000e+00,0.0000000000e+00,0.0000000000e+00,0.0000000000e+00,0.0000000000e+00,0.0000000000e+00,0.0000000000e+00,0.0000000000e+00,0.0000000000e+00,0.0000000000e+00,0.0000000000e+00,0.0000000000e+00,0.0000000000e+00,0.0000000000e+00,0.0000000000e+00,0.0000000000e+00,0.0000000000e+00,0.0000000000e+00,0.0000000000e+00,0.0000000000e+00,0.0000000000e+00,0.0000000000e+00,0.0000000000e+00,0.0000000000e+00,0.0000000000e+00,0.0000000000e+00,0.0000000000e+00,0.0000000000e+00
2.1302730493e+02,1.3151960435e-01,1.3151960435e-01,1.3151960435e-01,1.3151960435e-01,1.3151960435e-01,1.3151960435e-01,1.3151960435e-01,1.3151960435e-01,1.3151960435e-01,1.3151960435e-01,1.3151960435e-01,1.3151960435e-01,1.3151960435e-01,1.3151960435e-01,1.3151960435e-01,1.3151960435e-01,1.3151960435e-01,1.3151960435e-01,1.3151960435e-01,1.3151960435e-01,1.3151960435e-01,1.3151960435e-01,1.3151960435e-01,1.3151960435e-01,1.3151960435e-01,1.3151960435e-01,1.3151960435e-01,1.3151960435e-01,1.3151960435e-01,1.3151960435e-01,1.3151960435e-01,1.3151960435e-01,1.3151960435e-01,1.3151960435e-01,1.3151960435e-01,1.3151960435e-01,1.3151960435e-01,1.3151960435e-01,1.3151960435e-01,1.3151960435e-01,1.3151960435e-01,1.3151960435e-01,1.3151960435e-01,1.3151960435e-01,1.3151960435e-01,1.3151960435e-01,1.3151960435e-01,1.3151960435e-01,1.3151960435e-01,1.3151960435e-01,1.3151960435e-01,1.3151960435e-01,1.3151960435e-01,1.3151960435e-01,1.3151960435e-01,1.3151960435e-01,1.3151960435e-01,1.3151960435e-01,1.3151960435e-01,1.3151960435e-01,1.3151960435e-01,1.3151960435e-01,1.3151960435e-01,1.3151960435e-01,1.3151960435e-01,1.3151960435e-01,1.3151960435e-01,1.3151960435e-01,1.3151960435e-01,1.3151960435e-01,1.3151960435e-01,1.3151960435e-01,1.3151960435e-01,1.3151960435e-01,1.3151960435e-01,1.3151960435e-01,1.3151960435e-01,1.3151960435e-01,1.3151960435e-01,1.3151960435e-01,1.3151960435e-01,1.3151960435e-01,1.3151960435e-01,1.3151960435e-01,1.3151960435e-01,1.3151960435e-01,1.3151960435e-01,1.3151960435e-01,1.3151960435e-01,1.3151960435e-01,1.3151960435e-01,1.3151960435e-01,1.3151960435e-01,1.3151960435e-01,1.3151960435e-01,1.3151960435e-01,1.3151960435e-01,1.3151668106e-01,1.3151231354e-01,1.3150756261e-01,1.3150239462e-01,1.3149677299e-01,1.3149065791e-01,1.3148400610e-01,1.3147677047e-01,1.3146889984e-01,1.3146033850e-01,1.3145102590e-01,1.3144089617e-01,1.3142987768e-01,1.3139646178e-01,1.3134906220e-01,1.3129751917e-01,1.3124147237e-01,1.3118053044e-01,1.3111426843e-01,1.3097921957e-01,1.3078884589e-01,1.3058206691e-01,1.3035749886e-01,1.2993762288e-01,1.2936239984e-01,1.2873954938e-01,1.2788259178e-01,1.2684006431e-01,1.2561415924e-01,1.2395241844e-01,1.2200224318e-01,1.1940157586e-01,1.1615846974e-01,1.1224889856e-01,1.0684010015e-01,9.8941377240e-02,8.8768217277e-02,7.7849925804e-02,6.8202130087e-02,6.0813607223e-02,5.5573093292e-02,5.2092420097e-02,4.9373487742e-02,4.6925634914e-02,4.4581848120e-02,4.2208701083e-02,3.9751436474e-02,3.7149313689e-02,3.4397137450e-02,3.1504858207e-02,2.8475617866e-02,2.5328868393e-02,2.2083474899e-02,1.8754248216e-02,1.5441332362e-02,1.2305908419e-02,9.4338496836e-03,6.8878956823e-03,4.7539892793e-03,3.1115350109e-03,1.9510555999e-03,1.1688426680e-03,6.6437111907e-04,3.5492923475e-04,1.7679384861e-04,8.1568770736e-05,3.4581538387e-05,1.3315909419e-05,4.6362108588e-06,1.4740207359e-06,5.1689997408e-07,0.0000000000e+00,0.0000000000e+00,0.0000000000e+00,0.0000000000e+00,0.0000000000e+00,0.0000000000e+00,0.0000000000e+00,0.0000000000e+00,0.0000000000e+00,0.0000000000e+00,0.0000000000e+00,0.0000000000e+00,0.0000000000e+00,0.0000000000e+00,0.0000000000e+00,0.0000000000e+00,0.0000000000e+00,0.0000000000e+00,0.0000000000e+00,0.0000000000e+00,0.0000000000e+00,0.0000000000e+00,0.0000000000e+00,0.0000000000e+00,0.0000000000e+00,0.0000000000e+00,0.0000000000e+00,0.0000000000e+00,0.0000000000e+00,0.0000000000e+00,0.0000000000e+00,0.0000000000e+00
2.2389711063e+02,1.2289312280e-01,1.2289312280e-01,1.2289312280e-01,1.2289312280e-01,1.2289312280e-01,1.2289312280e-01,1.2289312280e-01,1.2289312280e-01,1.2289312280e-01,1.2289312280e-01,1.2289312280e-01,1.2289312280e-01,1.2289312280e-01,1.2289312280e-01,1.2289312280e-01,1.2289312280e-01,1.2289312280e-01,1.2289312280e-01,1.2289312280e-01,1.2289312280e-01,1.2289312280e-01,1.2289312280e-01,1.2289312280e-01,1.2289312280e-01,1.2289312280e-01,1.2289312280e-01,1.2289312280e-01,1.2289312280e-01,1.2289312280e-01,1.2289312280e-01,1.2289312280e-01,1.2289312280e-01,1.2289312280e-01,1.2289312280e-01,1.2289312280e-01,1.2289312280e-01,1.2289312280e-01,1.2289312280e-01,1.2289312280e-01,1.2289312280e-01,1.2289312280e-01,1.2289312280e-01,1.2289312280e-01,1.2289312280e-01,1.2289312280e-01,1.2289312280e-01,1.2289312280e-01,1.2289312280e-01,1.2289312280e-01,1.2289312280e-01,1.2289312280e-01,1.2289312280e-01,1.2289312280e-01,1.2289312280e-01,1.2289312280e-01,1.2289312280e-01,1.2289312280e-01,1.2289312280e-01,1.2289312280e-01,1.2289312280e-01,1.2289312280e-01,1.2289312280e-01,1.2289312280e-01,1.2289312280e-01,1.2289312280e-01,1.2289312280e-01,1.2289312280e-01,1.2289312280e-01,1.2289312280e-01,1.2289312280e-01,1.2289312280e-01,1.2289312280e-01,1.2289312280e-01,1.2289312280e-01,1.2289312280e-01,1.2289312280e-01,1.2289312280e-01,1.2289312280e-01,1.2289312280e-01,1.2289312280e-01,1.2289312280e-01,1.2289312280e-01,1.2289312280e-01,1.2289312280e-01,1.2289312280e-01,1.2289312280e-01,1.2289312280e-01,1.2289312280e-01,1.2289312280e-01,1.2289312280e-01,1.2289312280e-01,1.2289312280e-01,1.2289312280e-01,1.2289312280e-01,1.2289312280e-01,1.2289312280e-01,1.2289312280e-01,1.2289038447e-01,1.2288629328e-01,1.2288184294e-01,1.2287700194e-01,1.2287173599e-01,1.2286600781e-01,1.2285977687e-01,1.2285299905e-01,1.2284562639e-01,1.2283760674e-01,1.2282888336e-01,1.2281939455e-01,1.2280907322e-01,1.2277841943e-01,1.2273505746e-01,1.2268790464e-01,1.2263663120e-01,1.2258087903e-01,1.2252025921e-01,1.2239788255e-01,1.2222579979e-01,1.2203887864e-01,1.2183586581e-01,1.2145919535e-01,1.2094424520e-01,1.2038654866e-01,1.1962061941e-01,1.1868931507e-01,1.1759512343e-01,1.1611535617e-01,1.1437999798e-01,1.1207063016e-01,1.0919546417e-01,1.0573087505e-01,1.0094566373e-01,9.3957769558e-02,8.4919343969e-02,7.5150875410e-02,6.6439542304e-02,5.9687061841e-02,5.4827877374e-02,5.1554511796e-02,4.8968564601e-02,4.6626218553e-02,4.4374229813e-02,4.2088795579e-02,3.9717442078e-02,3.7201041057e-02,3.4533743586e-02,3.1724237982e-02,2.8774266148e-02,2.5701110407e-02,2.2521444550e-02,1.9247402064e-02,1.5971571379e-02,1.2846491857e-02,9.9564789343e-03,7.3665378561e-03,5.1679686167e-03,3.4480636348e-03,2.2079276136e-03,1.3534518029e-03,7.8901706877e-04,4.3358436085e-04,2.2290598449e-04,1.0653611642e-04,4.6968916793e-05,1.8898891885e-05,6.9160600442e-06,2.3366498356e-06,8.9754522173e-07,0.0000000000e+00,0.0000000000e+00,0.0000000000e+00,0.0000000000e+00,0.0000000000e+00,0.0000000000e+00,0.0000000000e+00,0.0000000000e+00,0.0000000000e+00,0.0000000000e+00,0.0000000000e+00,0.0000000000e+00,0.0000000000e+00,0.0000000000e+00,0.0000000000e+00,0.0000000000e+00,0.0000000000e+00,0.0000000000e+00,0.0000000000e+00,0.0000000000e+00,0.0000000000e+00,0.0000000000e+00,0.0000000000e+00,0.0000000000e+00,0.0000000000e+00,0.0000000000e+00,0.0000000000e+00,0.0000000000e+00,0.0000000000e+00,0.0000000000e+00,0.0000000000e+00,0.0000000000e+00
2.3532155262e+02,1.1492693274e-01,1.1492693274e-01,1.1492693274e-01,1.1492693274e-01,1.1492693274e-01,1.1492693274e-01,1.1492693274e-01,1.1492693274e-01,1.1492693274e-01,1.1492693274e-01,1.1492693274e-01,1.1492693274e-01,1.1492693274e-01,1.1492693274e-01,1.1492693274e-01,1.1492693274e-01,1.1492693274e-01,1.1492693274e-01,1.1492693274e-01,1.1492693274e-01,1.1492693274e-01,1.1492693274e-01,1.1492693274e-01,1.1492693274e-01,1.1492693274e-01,1.1492693274e-01,1.1492693274e-01,1.1492693274e-01,1.1492693274e-01,1.1492693274e-01,1.1492693274e-01,1.1492693274e-01,1.1492693274e-01,1.1492693274e-01,1.1492693274e-01,1.1492693274e-01,1.1492693274e-01,1.1492693274e-01,1.1492693274e-01,1.1492693274e-01,1.1492693274e-01,1.1492693274e-01,1.1492693274e-01,1.1492693274e-01,1.1492693274e-01,1.1492693274e-01,1.1492693274e-01,1.1492693274e-01,1.1492693274e-01,1.1492693274e-01,1.1492693274e-01,1.1492693274e-01,1.1492693274e-01,1.1492693274e-01,1.1492693274e-01,1.1492693274e-01,1.1492693274e-01,1.1492693274e-01,1.1492693274e-01,1.1492693274e-01,1.1492693274e-01,1.1492693274e-01,1.1492693274e-01,1.1492693274e-01,1.1492693274e-01,1.1492693274e-01,1.1492693274e-01,1.1492693274e-01,1.1492693274e-01,1.1492693274e-01,1.1492693274e-01,1.1492693274e-01,1.1492693274e-01,1.1492693274e-01,1.1492693274e-01,1.1492693274e-01,1.1492693274e-01,1.1492693274e-01,1.1492693274e-01,1.1492693274e-01,1.1492693274e-01,1.1492693274e-01,1.1492693274e-01,1.1492693274e-01,1.1492693274e-01,1.1492693274e-01,1.1492693274e-01,1.1492693274e-01,1.1492693274e-01,1.1492693274e-01,1.1492693274e-01,1.1492693274e-01,1.1492693274e-01,1.1492693274e-01,1.1492693274e-01,1.1492693274e-01,1.1492693274e-01,1.1492437509e-01,1.1492055385e-01,1.1491639716e-01,1.1491187558e-01,1.1490695709e-01,1.1490160688e-01,1.1489578706e-01,1.1488945646e-01,1.1488257028e-01,1.1487507978e-01,1.1486693199e-01,1.1485806928e-01,1.1484842898e-01,1.1482035344e-01,1.1478074337e-01,1.1473767007e-01,1.1469083223e-01,1.1463990258e-01,1.1458452574e-01,1.1447377650e-01,1.1431842756e-01,1.1414967453e-01,1.1396638369e-01,1.1362885661e-01,1.1316837760e-01,1.1266957601e-01,1.1198574192e-01,1.1115467923e-01,1.1017902359e-01,1.0886243320e-01,1.0731945140e-01,1.0527010290e-01,1.0272247852e-01,9.9653687609e-02,9.5421728920e-02,8.9241898371e-02,8.1216362997e-02,7.2484508143e-02,6.4628177720e-02,5.8465992328e-02,5.3968329778e-02,5.0896670418e-02,4.8443796199e-02,4.6209019756e-02,4.4051951218e-02,4.1857888261e-02,3.9576653754e-02,3.7150860694e-02,3.4574066334e-02,3.1853730826e-02,2.8990277530e-02,2.5998886455e-02,2.2894093022e-02,1.9685447504e-02,1.6458071929e-02,1.3355623315e-02,1.0460213681e-02,7.8382819660e-03,5.5853586373e-03,3.7953950268e-03,2.4794671962e-03,1.5535573166e-03,9.2779962627e-04,5.2376158016e-04,2.7750521338e-04,1.3716737066e-04,6.2769964966e-05,2.6338020978e-05,1.0108314518e-05,3.6194359402e-06,1.5045637908e-06,0.0000000000e+00,0.0000000000e+00,0.0000000000e+00,0.0000000000e+00,0.0000000000e+00,0.0000000000e+00,0.0000000000e+00,0.0000000000e+00,0.0000000000e+00,0.0000000000e+00,0.0000000000e+00,0.0000000000e+00,0.0000000000e+00,0.0000000000e+00,0.0000000000e+00,0.0000000000e+00,0.0000000000e+00,0.0000000000e+00,0.0000000000e+00,0.0000000000e+00,0.0000000000e+00,0.0000000000e+00,0.0000000000e+00,0.0000000000e+00,0.0000000000e+00,0.0000000000e+00,0.0000000000e+00,0.0000000000e+00,0.0000000000e+00,0.0000000000e+00,0.0000000000e+00,0.0000000000e+00
2.4732893146e+02,1.0762963429e-01,1.0762963429e-01,1.0762963429e-01,1.0762963429e-01,1.0762963429e-01,1.0762963429e-01,1.0762963429e-01,1.0762963429e-01,1.0762963429e-01,1.0762963429e-01,1.0762963429e-01,1.0762963429e-01,1.0762963429e-01,1.0762963429e-01,1.0762963429e-01,1.0762963429e-01,1.0762963429e-01,1.0762963429e-01,1.0762963429e-01,1.0762963429e-01,1.0762963429e-01,1.0762963429e-01,1.0762963429e-01,1.0762963429e-01,1.0762963429e-01,1.0762963429e-01,1.0762963429e-01,1.0762963429e-01,1.0762963429e-01,1.0762963429e-01,1.0762963429e-01,1.0762963429e-01,1.0762963429e-01,1.0762963429e-01,1.0762963429e-01,1.0762963429e-01,1.0762963429e-01,1.0762963429e-01,1.0762963429e-01,1.0762963429e-01,1.0762963429e-01,1.0762963429e-01,1.0762963429e-01,1.0762963429e-01,1.0762963429e-01,1.0762963429e-01,1.0762963429e-01,1.0762963429e-01,1.0762963429e-01,1.0762963429e-01,1.0762963429e-01,1.0762963429e-01,1.0762963429e-01,1.0762963429e-01,1.0762963429e-01,1.0762963429e-01,1.0762963429e-01,1.0762963429e-01,1.0762963429e-01,1.0762963429e-01,1.0762963429e-01,1.0762963429e-01,1.0762963429e-01,1.0762963429e-01,1.0762963429e-01,1.0762963429e-01,1.0762963429e-01,1.0762963429e-01,1.0762963429e-01,1.0762963429e-01,1.0762963429e-01,1.0762963429e-01,1.0762963429e-01,1.0762963429e-01,1.0762963429e-01,1.0762963429e-01,1.0762963429e-01,1.0762963429e-01,1.0762963429e-01,1.0762963429e-01,1.0762963429e-01,1.0762963429e-01,1.0762963429e-01,1.0762963429e-01,1.0762963429e-01,1.0762963429e-01,1.0762963429e-01,1.0762963429e-01,1.0762963429e-01,1.0762963429e-01,1.0762963429e-01,1.0762963429e-01,1.0762963429e-01,1.0762963429e-01,1.0762963429e-01,1.0762963429e-01,1.0762963429e-01,1.0762963429e-01,1.0762937531e-01,1.0762481325e-01,1.0761985074e-01,1.0761445267e-01,1.0760858082e-01,1.0760219364e-01,1.0759524594e-01,1.0758768857e-01,1.0757946808e-01,1.0757052634e-01,1.0756080014e-01,1.0755022074e-01,1.0753871338e-01,1.0752585748e-01,1.0747119503e-01,1.0741176343e-01,1.0734714958e-01,1.0727690519e-01,1.0720054379e-01,1.0711753770e-01,1.0690499055e-01,1.0666618993e-01,1.0640702244e-01,1.0612580868e-01,1.0557177705e-01,1.0495688025e-01,1.0429204667e-01,1.0330102616e-01,1.0222130734e-01,1.0077336234e-01,9.9003997376e-02,9.6726584838e-02,9.4034945815e-02,9.0026345244e-02,8.4716831719e-02,7.7766284962e-02,6.9750236449e-02,6.2691919649e-02,5.7149927485e-02,5.3017100270e-02,5.0110087708e-02,4.7826617450e-02,4.5692547441e-02,4.3628329619e-02,4.1528375417e-02,3.9337708412e-02,3.7007492091e-02,3.4526278707e-02,3.1901741672e-02,2.9127930643e-02,2.6225948387e-02,2.3202338830e-02,2.0068199651e-02,1.6901212166e-02,1.3830824272e-02,1.0943698599e-02,8.3001697252e-03,6.0040453672e-03,4.1518994374e-03,2.7646787126e-03,1.7688269513e-03,1.0809208903e-03,6.2598724774e-04,3.4124135776e-04,1.7411939601e-04,8.2661739873e-05,3.6124417084e-05,1.4468695850e-05,5.2628213386e-06,1.7201296138e-06,5.1018433886e-07,1.7346360296e-07,0.0000000000e+00,0.0000000000e+00,0.0000000000e+00,0.0000000000e+00,0.0000000000e+00,0.0000000000e+00,0.0000000000e+00,0.0000000000e+00,0.0000000000e+00,0.0000000000e+00,0.0000000000e+00,0.0000000000e+00,0.0000000000e+00,0.0000000000e+00,0.0000000000e+00,0.0000000000e+00,0.0000000000e+00,0.0000000000e+00,0.0000000000e+00,0.0000000000e+00,0.0000000000e+00,0.0000000000e+00,0.0000000000e+00,0.0000000000e+00,0.0000000000e+00,0.0000000000e+00,0.0000000000e+00,0.0000000000e+00,0.0000000000e+00,0.0000000000e+00
2.5994899173e+02,1.0079763094e-01,1.0079763094e-01,1.0079763094e-01,1.0079763094e-01,1.0079763094e-01,1.0079763094e-01,1.0079763094e-01,1.0079763094e-01,1.0079763094e-01,1.0079763094e-01,1.0079763094e-01,1.0079763094e-01,1.0079763094e-01,1.0079763094e-01,1.0079763094e-01,1.0079763094e-01,1.0079763094e-01,1.0079763094e-01,1.0079763094e-01,1.0079763094e-01,1.0079763094e-01,1.0079763094e-01,1.0079763094e-01,1.0079763094e-01,1.0079763094e-01,1.0079763094e-01,1.0079763094e-01,1.0079763094e-01,1.0079763094e-01,1.0079763094e-01,1.0079763094e-01,1.0079763094e-01,1.0079763094e-01,1.0079763094e-01,1.0079763094e-01,1.0079763094e-01,1.0079763094e-01,1.0079763094e-01,1.0079763094e-01,1.0079763094e-01,1.0079763094e-01,1.0079763094e-01,1.0079763094e-01,1.0079763094e-01,1.0079763094e-01,1.0079763094e-01,1.0079763094e-01,1.0079763094e-01,1.0079763094e-01,1.0079763094e-01,1.0079763094e-01,1.0079763094e-01,1.0079763094e-01,1.0079763094e-01,1.0079763094e-01,1.0079763094e-01,1.0079763094e-01,1.0079763094e-01,1.0079763094e-01,1.0079763094e-01,1.0079763094e-01,1.0079763094e-01,1.0079763094e-01,1.0079763094e-01,1.0079763094e-01,1.0079763094e-01,1.0079763094e-01,1.0079763094e-01,1.0079763094e-01,1.0079763094e-01,1.0079763094e-01,1.0079763094e-01,1.0079763094e-01,1.0079763094e-01,1.0079763094e-01,1.0079763094e-01,1.0079763094e-01,1.0079763094e-01,1.0079763094e-01,1.0079763094e-01,1.0079763094e-01,1.0079763094e-01,1.0079763094e-01,1.0079763094e-01,1.0079763094e-01,1.0079763094e-01,1.0079763094e-01,1.0079763094e-01,1.0079763094e-01,1.0079763094e-01,1.0079763094e-01,1.0079763094e-01,1.0079763094e-01,1.0079763094e-01,1.0079763094e-01,1.0079763094e-01,1.0079763094e-01,1.0079763094e-01,1.0079763094e-01,1.0079763094e-01,1.0079540659e-01,1.0078949390e-01,1.0078306233e-01,1.0077606637e-01,1.0076845654e-01,1.0076017903e-01,1.0075117533e-01,1.0074138179e-01,1.0073072922e-01,1.0071914236e-01,1.0070653941e-01,1.0069283140e-01,1.0067792161e-01,1.0064199968e-01,1.0056451337e-01,1.0048028960e-01,1.0038874900e-01,1.0028926357e-01,1.0018115282e-01,1.0000841705e-01,9.9673116570e-02,9.9309644903e-02,9.8915756456e-02,9.8420467392e-02,9.7704498953e-02,9.6931564138e-02,9.5971410920e-02,9.4630885467e-02,9.3193883373e-02,9.1072162129e-02,8.8763141396e-02,8.5079425685e-02,8.0587255639e-02,7.4130914283e-02,6.7303642771e-02,6.0976876635e-02,5.5788247723e-02,5.1955832400e-02,4.9268898709e-02,4.7097876234e-02,4.5076329480e-02,4.3109364238e-02,4.1104390707e-02,3.9012578773e-02,3.6777926867e-02,3.4394505347e-02,3.1866591677e-02,2.9191674732e-02,2.6385594510e-02,2.3448191111e-02,2.0397167168e-02,1.7295544270e-02,1.4270342532e-02,1.1400393667e-02,8.7497283447e-03,6.4199163573e-03,4.5141766865e-03,3.0611789896e-03,1.9979112930e-03,1.2480179039e-03,7.4067004965e-04,4.1495312087e-04,2.1829404076e-04,1.0721131327e-04,4.8671383810e-05,2.0353010143e-05,7.7657112228e-06,2.6681028186e-06,8.1689779961e-07,2.1570014771e-07,2.9208846079e-08,0.0000000000e+00,0.0000000000e+00,0.0000000000e+00,0.0000000000e+00,0.0000000000e+00,0.0000000000e+00,0.0000000000e+00,0.0000000000e+00,0.0000000000e+00,0.0000000000e+00,0.0000000000e+00,0.0000000000e+00,0.0000000000e+00,0.0000000000e+00,0.0000000000e+00,0.0000000000e+00,0.0000000000e+00,0.0000000000e+00,0.0000000000e+00,0.0000000000e+00,0.0000000000e+00,0.0000000000e+00,0.0000000000e+00,0.0000000000e+00,0.0000000000e+00,0.0000000000e+00,0.0000000000e+00,0.0000000000e+00,0.0000000000e+00
2.7321299575e+02,9.4503980588e-02,9.4503980588e-02,9.4503980588e-02,9.4503980588e-02,9.4503980588e-02,9.4503980588e-02,9.4503980588e-02,9.4503980588e-02,9.4503980588e-02,9.4503980588e-02,9.4503980588e-02,9.4503980588e-02,9.4503980588e-02,9.4503980588e-02,9.4503980588e-02,9.4503980588e-02,9.4503980588e-02,9.4503980588e-02,9.4503980588e-02,9.4503980588e-02,9.4503980588e-02,9.4503980588e-02,9.4503980588e-02,9.4503980588e-02,9.4503980588e-02,9.4503980588e-02,9.4503980588e-02,9.4503980588e-02,9.4503980588e-02,9.4503980588e-02,9.4503980588e-02,9.4503980588e-02,9.4503980588e-02,9.4503980588e-02,9.4503980588e-02,9.4503980588e-02,9.4503980588e-02,9.4503980588e-02,9.4503980588e-02,9.4503980588e-02,9.4503980588e-02,9.4503980588e-02,9.4503980588e-02,9.4503980588e-02,9.4503980588e-02,9.4503980588e-02,9.4503980588e-02,9.4503980588e-02,9.4503980588e-02,9.4503980588e-02,9.4503980588e-02,9.4503980588e-02,9.4503980588e-02,9.4503980588e-02,9.4503980588e-02,9.4503980588e-02,9.4503980588e-02,9.4503980588e-02,9.4503980588e-02,9.4503980588e-02,9.4503980588e-02,9.4503980588e-02,9.4503980588e-02,9.4503980588e-02,9.4503980588e-02,9.4503980588e-02,9.4503980588e-02,9.4503980588e-02,9.4503980588e-02,9.4503980588e-02,9.4503980588e-02,9.4503980588e-02,9.4503980588e-02,9.4503980588e-02,9.4503980588e-02,9.4503980588e-02,9.4503980588e-02,9.4503980588e-02,9.4503980588e-02,9.4503980588e-02,9.4503980588e-02,9.4503980588e-02,9.4503980588e-02,9.4503980588e-02,9.4503980588e-02,9.4503980588e-02,9.4503980588e-02,9.4503980588e-02,9.4503980588e-02,9.4503980588e-02,9.4503980588e-02,9.4503980588e-02,9.4503980588e-02,9.4503980588e-02,9.4503980588e-02,9.4503980588e-02,9.4503980588e-02,9.4503980588e-02,9.4503980588e-02,9.4503980588e-02,9.4501923061e-02,9.4496453787e-02,9.4490504536e-02,9.4484033219e-02,9.4476994063e-02,9.4469337292e-02,9.4461008772e-02,9.4451949635e-02,9.4442095869e-02,9.4431377867e-02,9.4419719940e-02,9.4407039794e-02,9.4393247952e-02,9.4360618988e-02,9.4290762361e-02,9.4214829323e-02,9.4132296929e-02,9.4042598251e-02,9.3945118875e-02,9.3790318721e-02,9.3491539357e-02,9.3167600537e-02,9.2816486365e-02,9.2375403978e-02,9.1738768904e-02,9.1051203044e-02,9.0198248479e-02,8.9009889180e-02,8.7734935238e-02,8.5858917594e-02,8.3814824169e-02,8.0563499756e-02,7.6591142938e-02,7.0867517788e-02,6.4777688522e-02,5.9086941259e-02,5.4369879191e-02,5.0838128391e-02,4.8332304210e-02,4.6287714188e-02,4.4374421183e-02,4.2506353157e-02,4.0597871603e-02,3.8602678848e-02,3.6466872285e-02,3.4184038439e-02,3.1757411854e-02,2.9183472411e-02,2.6476019616e-02,2.3633539804e-02,2.0670952292e-02,1.7644868497e-02,1.4673370063e-02,1.1831763142e-02,9.1833096962e-03,6.8305765992e-03,4.8797671205e-03,3.3670263055e-03,2.2396607471e-03,1.4286174566e-03,8.6785294099e-04,4.9904416330e-04,2.7027739357e-04,1.3711539897e-04,6.4550202862e-05,2.8111404743e-05,1.1222907324e-05,4.0577367359e-06,1.3145636116e-06,3.7296884479e-07,7.3261963504e-08,0.0000000000e+00,0.0000000000e+00,0.0000000000e+00,0.0000000000e+00,0.0000000000e+00,0.0000000000e+00,0.0000000000e+00,0.0000000000e+00,0.0000000000e+00,0.0000000000e+00,0.0000000000e+00,0.0000000000e+00,0.0000000000e+00,0.0000000000e+00,0.0000000000e+00,0.0000000000e+00,0.0000000000e+00,0.0000000000e+00,0.0000000000e+00,0.0000000000e+00,0.0000000000e+00,0.0000000000e+00,0.0000000000e+00,0.0000000000e+00,0.0000000000e+00,0.0000000000e+00,0.0000000000e+00,0.0000000000e+00,0.0000000000e+00
2.8715380103e+02,8.8677215881e-02,8.8677215881e-02,8.8677215881e-02,8.8677215881e-02,8.8677215881e-02,8.8677215881e-02,8.8677215881e-02,8.8677215881e-02,8.8677215881e-02,8.8677215881e-02,8.8677215881e-02,8.8677215881e-02,8.8677215881e-02,8.8677215881e-02,8.8677215881e-02,8.8677215881e-02,8.8677215881e-02,8.8677215881e-02,8.8677215881e-02,8.8677215881e-02,8.8677215881e-02,8.8677215881e-02,8.8677215881e-02,8.8677215881e-02,8.8677215881e-02,8.8677215881e-02,8.8677215881e-02,8.8677215881e-02,8.8677215881e-02,8.8677215881e-02,8.8677215881e-02,8.8677215881e-02,8.8677215881e-02,8.8677215881e-02,8.8677215881e-02,8.8677215881e-02,8.8677215881e-02,8.8677215881e-02,8.8677215881e-02,8.8677215881e-02,8.8677215881e-02,8.8677215881e-02,8.8677215881e-02,8.8677215881e-02,8.8677215881e-02,8.8677215881e-02,8.8677215881e-02,8.8677215881e-02,8.8677215881e-02,8.8677215881e-02,8.8677215881e-02,8.8677215881e-02,8.8677215881e-02,8.8677215881e-02,8.8677215881e-02,8.8677215881e-02,8.8677215881e-02,8.8677215881e-02,8.8677215881e-02,8.8677215881e-02,8.8677215881e-02,8.8677215881e-02,8.8677215881e-02,8.8677215881e-02,8.8677215881e-02,8.8677215881e-02,8.8677215881e-02,8.8677215881e-02,8.8677215881e-02,8.8677215881e-02,8.8677215881e-02,8.8677215881e-02,8.8677215881e-02,8.8677215881e-02,8.8677215881e-02,8.8677215881e-02,8.8677215881e-02,8.8677215881e-02,8.8677215881e-02,8.8677215881e-02,8.8677215881e-02,8.8677215881e-02,8.8677215881e-02,8.8677215881e-02,8.8677215881e-02,8.8677215881e-02,8.8677215881e-02,8.8677215881e-02,8.8677215881e-02,8.8677215881e-02,8.8677215881e-02,8.8677215881e-02,8.8677215881e-02,8.8677215881e-02,8.8677215881e-02,8.8677215881e-02,8.8677215881e-02,8.8677215881e-02,8.8677215881e-02,8.8677215881e-02,8.8675317748e-02,8.8670272170e-02,8.8664783791e-02,8.8658813783e-02,8.8652319917e-02,8.8645256270e-02,8.8637572899e-02,8.8629215494e-02,8.8620124998e-02,8.8610237190e-02,8.8599482242e-02,8.8587784225e-02,8.8575060588e-02,8.8545465846e-02,8.8482558758e-02,8.8414177625e-02,8.8339850951e-02,8.8259067513e-02,8.8171273181e-02,8.8032673792e-02,8.7766648027e-02,8.7478171456e-02,8.7165436162e-02,8.6772929764e-02,8.6207250031e-02,8.5596076586e-02,8.4838842208e-02,8.3785923933e-02,8.2655367462e-02,8.0997129537e-02,7.9188242585e-02,7.6319063357e-02,7.2807335441e-02,6.7735399631e-02,6.2306694355e-02,5.7192590828e-02,5.2909062663e-02,4.9659093608e-02,4.7326507539e-02,4.5405400473e-02,4.3599070146e-02,4.1829521912e-02,4.0017619624e-02,3.8119538887e-02,3.6083519374e-02,3.3902724248e-02,3.1579404359e-02,2.9109125846e-02,2.6503760817e-02,2.3760545112e-02,2.0891784461e-02,1.7947995778e-02,1.5038505394e-02,1.2234822308e-02,9.5988938009e-03,7.2333753536e-03,5.2463133395e-03,3.6803520030e-03,2.4928229347e-03,1.6221591935e-03,1.0075817491e-03,5.9397181118e-04,3.3073306355e-04,1.7305263318e-04,8.4340526390e-05,3.8179510223e-05,1.5914872133e-05,6.0400053191e-06,2.0646866106e-06,6.2670597302e-07,1.5561946741e-07,0.0000000000e+00,0.0000000000e+00,0.0000000000e+00,0.0000000000e+00,0.0000000000e+00,0.0000000000e+00,0.0000000000e+00,0.0000000000e+00,0.0000000000e+00,0.0000000000e+00,0.0000000000e+00,0.0000000000e+00,0.0000000000e+00,0.0000000000e+00,0.0000000000e+00,0.0000000000e+00,0.0000000000e+00,0.0000000000e+00,0.0000000000e+00,0.0000000000e+00,0.0000000000e+00,0.0000000000e+00,0.0000000000e+00,0.0000000000e+00,0.0000000000e+00,0.0000000000e+00,0.0000000000e+00,0.0000000000e+00,0.0000000000e+00
3.0180594162e+02,8.3276622886e-02,8.3276622886e-02,8.3276622886e-02,8.3276622886e-02,8.3276622886e-02,8.3276622886e-02,8.3276622886e-02,8.3276622886e-02,8.3276622886e-02,8.3276622886e-02,8.3276622886e-02,8.3276622886e-02,8.3276622886e-02,8.3276622886e-02,8.3276622886e-02,8.3276622886e-02,8.3276622886e-02,8.3276622886e-02,8.3276622886e-02,8.3276622886e-02,8.3276622886e-02,8.3276622886e-02,8.3276622886e-02,8.3276622886e-02,8.3276622886e-02,8.3276622886e-02,8.3276622886e-02,8.3276622886e-02,8.3276622886e-02,8.3276622886e-02,8.3276622886e-02,8.3276622886e-02,8.3276622886e-02,8.3276622886e-02,8.3276622886e-02,8.3276622886e-02,8.3276622886e-02,8.3276622886e-02,8.3276622886e-02,8.3276622886e-02,8.3276622886e-02,8.3276622886e-02,8.3276622886e-02,8.3276622886e-02,8.3276622886e-02,8.3276622886e-02,8.3276622886e-02,8.3276622886e-02,8.3276622886e-02,8.3276622886e-02,8.3276622886e-02,8.3276622886e-02,8.3276622886e-02,8.3276622886e-02,8.3276622886e-02,8.3276622886e-02,8.3276622886e-02,8.3276622886e-02,8.3276622886e-02,8.3276622886e-02,8.3276622886e-02,8.3276622886e-02,8.3276622886e-02,8.3276622886e-02,8.3276622886e-02,8.3276622886e-02,8.3276622886e-02,8.3276622886e-02,8.3276622886e-02,8.3276622886e-02,8.3276622886e-02,8.3276622886e-02,8.3276622886e-02,8.3276622886e-02,8.3276622886e-02,8.3276622886e-02,8.3276622886e-02,8.3276622886e-02,8.3276622886e-02,8.3276622886e-02,8.3276622886e-02,8.3276622886e-02,8.3276622886e-02,8.3276622886e-02,8.3276622886e-02,8.3276622886e-02,8.3276622886e-02,8.3276622886e-02,8.3276622886e-02,8.3276622886e-02,8.3276622886e-02,8.3276622886e-02,8.3276622886e-02,8.3276622886e-02,8.3276622886e-02,8.3276622886e-02,8.3276622886e-02,8.3276622886e-02,8.3276622886e-02,8.3276622886e-02,8.3274876448e-02,8.3270234099e-02,8.3265184331e-02,8.3259691416e-02,8.3253716499e-02,8.3247217324e-02,8.3240147937e-02,8.3232458365e-02,8.3224094265e-02,8.3214996545e-02,8.3205100951e-02,8.3194337614e-02,8.3182630572e-02,8.3155827377e-02,8.3099242407e-02,8.3037731604e-02,8.2970870336e-02,8.2898198132e-02,8.2819215795e-02,8.2695234073e-02,8.2458551068e-02,8.2201850650e-02,8.1923513000e-02,8.1574490063e-02,8.1072205102e-02,8.0529318599e-02,7.9857476917e-02,7.8925025590e-02,7.7923041788e-02,7.6457753655e-02,7.4857588199e-02,7.2326084166e-02,6.9222407710e-02,6.4729772972e-02,5.9893252651e-02,5.5301262926e-02,5.1415632754e-02,4.8429193045e-02,4.6261823219e-02,4.4460783771e-02,4.2759566529e-02,4.1087556689e-02,3.9371688584e-02,3.7570544812e-02,3.5634533857e-02,3.3556454161e-02,3.1337633796e-02,2.8972818472e-02,2.6472069543e-02,2.3831477012e-02,2.1060911057e-02,1.8205133892e-02,1.5364966318e-02,1.2607927774e-02,9.9941880834e-03,7.6256725492e-03,5.6112072438e-03,3.9989433589e-03,2.7558045104e-03,1.8277470075e-03,1.1596059156e-03,6.9998102444e-04,4.0020168069e-04,2.1566515516e-04,1.0863922936e-04,5.1027639723e-05,2.2163799229e-05,8.8080277663e-06,3.1685186985e-06,1.0246343093e-06,2.9976146697e-07,0.0000000000e+00,0.0000000000e+00,0.0000000000e+00,0.0000000000e+00,0.0000000000e+00,0.0000000000e+00,0.0000000000e+00,0.0000000000e+00,0.0000000000e+00,0.0000000000e+00,0.0000000000e+00,0.0000000000e+00,0.0000000000e+00,0.0000000000e+00,0.0000000000e+00,0.0000000000e+00,0.0000000000e+00,0.0000000000e+00,0.0000000000e+00,0.0000000000e+00,0.0000000000e+00,0.0000000000e+00,0.0000000000e+00,0.0000000000e+00,0.0000000000e+00,0.0000000000e+00,0.0000000000e+00,0.0000000000e+00,0.0000000000e+00
3.1720571370e+02,7.8191768035e-02,7.8191768035e-02,7.8191768035e-02,7.8191768035e-02,7.8191768035e-02,7.8191768035e-02,7.8191768035e-02,7.8191768035e-02,7.8191768035e-02,7.8191768035e-02,7.8191768035e-02,7.8191768035e-02,7.8191768035e-02,7.8191768035e-02,7.8191768035e-02,7.8191768035e-02,7.8191768035e-02,7.8191768035e-02,7.8191768035e-02,7.8191768035e-02,7.8191768035e-02,7.8191768035e-02,7.8191768035e-02,7.8191768035e-02,7.8191768035e-02,7.8191768035e-02,7.8191768035e-02,7.8191768035e-02,7.8191768035e-02,7.8191768035e-02,7.8191768035e-02,7.8191768035e-02,7.8191768035e-02,7.8191768035e-02,7.8191768035e-02,7.8191768035e-02,7.8191768035e-02,7.8191768035e-02,7.8191768035e-02,7.8191768035e-02,7.8191768035e-02,7.8191768035e-02,7.8191768035e-02,7.8191768035e-02,7.8191768035e-02,7.8191768035e-02,7.8191768035e-02,7.8191768035e-02,7.8191768035e-02,7.8191768035e-02,7.8191768035e-02,7.8191768035e-02,7.8191768035e-02,7.8191768035e-02,7.8191768035e-02,7.8191768035e-02,7.8191768035e-02,7.8191768035e-02,7.8191768035e-02,7.8191768035e-02,7.8191768035e-02,7.8191768035e-02,7.8191768035e-02,7.8191768035e-02,7.8191768035e-02,7.8191768035e-02,7.8191768035e-02,7.8191768035e-02,7.8191768035e-02,7.8191768035e-02,7.8191768035e-02,7.8191768035e-02,7.8191768035e-02,7.8191768035e-02,7.8191768035e-02,7.8191768035e-02,7.8191768035e-02,7.8191768035e-02,7.8191768035e-02,7.8191768035e-02,7.8191768035e-02,7.8191768035e-02,7.8191768035e-02,7.8191768035e-02,7.8191768035e-02,7.8191768035e-02,7.8191768035e-02,7.8191768035e-02,7.8191768035e-02,7.8191768035e-02,7.8191768035e-02,7.8191768035e-02,7.8191768035e-02,7.8191768035e-02,7.8191768035e-02,7.8191768035e-02,7.8191768035e-02,7.8191768035e-02,7.8191768035e-02,7.8191768035e-02,7.8191768035e-02,7.8191768035e-02,7.8187356300e-02,7.8180931188e-02,7.8173942391e-02,7.8166340515e-02,7.8158071846e-02,7.8149077976e-02,7.8139295398e-02,7.8128655059e-02,7.8117081881e-02,7.8104494238e-02,7.8090803393e-02,7.8075912878e-02,7.8059717833e-02,7.8004444678e-02,7.7926577521e-02,7.7841959972e-02,7.7750015251e-02,7.7650118836e-02,7.7541594798e-02,7.7315734270e-02,7.7002010186e-02,7.6662178816e-02,7.6294204768e-02,7.5760245027e-02,7.5098699984e-02,7.4385613216e-02,7.3372123350e-02,7.2142162448e-02,7.0641867918e-02,6.8490595722e-02,6.5772626322e-02,6.1728034095e-02,5.7524454643e-02,5.3296189353e-02,4.9943546151e-02,4.7289464800e-02,4.5207431788e-02,4.3483197583e-02,4.1877857392e-02,4.0298490433e-02,3.8677641161e-02,3.6967861851e-02,3.5131988172e-02,3.3155127007e-02,3.1043024457e-02,2.8785843491e-02,2.6388090369e-02,2.3851368506e-02,2.1181901684e-02,1.8418072068e-02,1.5653540263e-02,1.2950256585e-02,1.0368285600e-02,8.0055281834e-03,5.9723043364e-03,4.3208920438e-03,3.0271463087e-03,2.0445537819e-03,1.3236135850e-03,8.1724563304e-04,4.7916440655e-04,2.6558721240e-04,1.3806669794e-04,6.7164756873e-05,3.0330904275e-05,1.2592896148e-05,4.7598853492e-06,1.6168162778e-06,4.8856152698e-07,1.1895035982e-07,0.0000000000e+00,0.0000000000e+00,0.0000000000e+00,0.0000000000e+00,0.0000000000e+00,0.0000000000e+00,0.0000000000e+00,0.0000000000e+00,0.0000000000e+00,0.0000000000e+00,0.0000000000e+00,0.0000000000e+00,0.0000000000e+00,0.0000000000e+00,0.0000000000e+00,0.0000000000e+00,0.0000000000e+00,0.0000000000e+00,0.0000000000e+00,0.0000000000e+00,0.0000000000e+00,0.0000000000e+00,0.0000000000e+00,0.0000000000e+00,0.0000000000e+00,0.0000000000e+00,0.0000000000e+00,0.0000000000e+00
3.3339126548e+02,7.3542235776e-02,7.3542235776e-02,7.3542235776e-02,7.3542235776e-02,7.3542235776e-02,7.3542235776e-02,7.3542235776e-02,7.3542235776e-02,7.3542235776e-02,7.3542235776e-02,7.3542235776e-02,7.3542235776e-02,7.3542235776e-02,7.3542235776e-02,7.3542235776e-02,7.3542235776e-02,7.3542235776e-02,7.3542235776e-02,7.3542235776e-02,7.3542235776e-02,7.3542235776e-02,7.3542235776e-02,7.3542235776e-02,7.3542235776e-02,7.3542235776e-02,7.3542235776e-02,7.3542235776e-02,7.3542235776e-02,7.3542235776e-02,7.3542235776e-02,7.3542235776e-02,7.3542235776e-02,7.3542235776e-02,7.3542235776e-02,7.3542235776e-02,7.3542235776e-02,7.3542235776e-02,7.3542235776e-02,7.3542235776e-02,7.3542235776e-02,7.3542235776e-02,7.3542235776e-02,7.3542235776e-02,7.3542235776e-02,7.3542235776e-02,7.3542235776e-02,7.3542235776e-02,7.3542235776e-02,7.3542235776e-02,7.3542235776e-02,7.3542235776e-02,7.3542235776e-02,7.3542235776e-02,7.3542235776e-02,7.3542235776e-02,7.3542235776e-02,7.3542235776e-02,7.3542235776e-02,7.3542235776e-02,7.3542235776e-02,7.3542235776e-02,7.3542235776e-02,7.3542235776e-02,7.3542235776e-02,7.3542235776e-02,7.3542235776e-02,7.3542235776e-02,7.3542235776e-02,7.3542235776e-02,7.3542235776e-02,7.3542235776e-02,7.3542235776e-02,7.3542235776e-02,7.3542235776e-02,7.3542235776e-02,7.3542235776e-02,7.3542235776e-02,7.3542235776e-02,7.3542235776e-02,7.3542235776e-02,7.3542235776e-02,7.3542235776e-02,7.3542235776e-02,7.3542235776e-02,7.3542235776e-02,7.3542235776e-02,7.3542235776e-02,7.3542235776e-02,7.3542235776e-02,7.3542235776e-02,7.3542235776e-02,7.3542235776e-02,7.3542235776e-02,7.3542235776e-02,7.3542235776e-02,7.3542235776e-02,7.3542235776e-02,7.3542235776e-02,7.3542235776e-02,7.3542235776e-02,7.3542235776e-02,7.3542235776e-02,7.3538213959e-02,7.3532356696e-02,7.3525985552e-02,7.3519055490e-02,7.3511517539e-02,7.3503318448e-02,7.3494400312e-02,7.3484700173e-02,7.3474149576e-02,7.3462674096e-02,7.3450192820e-02,7.3436617789e-02,7.3421853383e-02,7.3372282217e-02,7.3302568465e-02,7.3226807340e-02,7.3144481433e-02,7.3055030381e-02,7.2957847538e-02,7.2757127961e-02,7.2478789050e-02,7.2177214165e-02,7.1850578341e-02,7.1377649091e-02,7.0792004158e-02,7.0160380514e-02,6.9264785263e-02,6.8178056680e-02,6.6852992200e-02,6.4955310974e-02,6.2554507967e-02,5.8974852016e-02,5.5233038171e-02,5.1445289354e-02,4.8406134106e-02,4.5973950396e-02,4.4047032921e-02,4.2438557055e-02,4.0933875911e-02,3.9448863120e-02,3.7921444560e-02,3.6306855702e-02,3.4569618635e-02,3.2694965246e-02,3.0687566977e-02,2.8537143472e-02,2.6246839423e-02,2.3816958747e-02,2.1251735232e-02,1.8584546874e-02,1.5901166795e-02,1.3259420331e-02,1.0716840162e-02,8.3693150589e-03,6.3260405126e-03,4.6429190496e-03,3.3042356062e-03,2.2706814222e-03,1.4986303094e-03,9.4544524689e-04,5.6780384286e-04,3.2325697628e-04,1.7316390669e-04,8.7101255599e-05,4.0819047899e-05,1.7660313264e-05,6.9910748922e-06,2.5046778149e-06,8.0376153319e-07,2.1758930247e-07,2.5560539608e-09,0.0000000000e+00,0.0000000000e+00,0.0000000000e+00,0.0000000000e+00,0.0000000000e+00,0.0000000000e+00,0.0000000000e+00,0.0000000000e+00,0.0000000000e+00,0.0000000000e+00,0.0000000000e+00,0.0000000000e+00,0.0000000000e+00,0.0000000000e+00,0.0000000000e+00,0.0000000000e+00,0.0000000000e+00,0.0000000000e+00,0.0000000000e+00,0.0000000000e+00,0.0000000000e+00,0.0000000000e+00,0.0000000000e+00,0.0000000000e+00,0.0000000000e+00,0.0000000000e+00,0.0000000000e+00
3.5040269168e+02,6.9215560081e-02,6.9215560081e-02,6.9215560081e-02,6.9215560081e-02,6.9215560081e-02,6.9215560081e-02,6.9215560081e-02,6.9215560081e-02,6.9215560081e-02,6.9215560081e-02,6.9215560081e-02,6.9215560081e-02,6.9215560081e-02,6.9215560081e-02,6.9215560081e-02,6.9215560081e-02,6.9215560081e-02,6.9215560081e-02,6.9215560081e-02,6.9215560081e-02,6.9215560081e-02,6.9215560081e-02,6.9215560081e-02,6.9215560081e-02,6.9215560081e-02,6.9215560081e-02,6.9215560081e-02,6.9215560081e-02,6.9215560081e-02,6.9215560081e-02,6.9215560081e-02,6.9215560081e-02,6.9215560081e-02,6.9215560081e-02,6.9215560081e-02,6.9215560081e-02,6.9215560081e-02,6.9215560081e-02,6.9215560081e-02,6.9215560081e-02,6.9215560081e-02,6.9215560081e-02,6.9215560081e-02,6.9215560081e-02,6.9215560081e-02,6.9215560081e-02,6.9215560081e-02,6.9215560081e-02,6.9215560081e-02,6.9215560081e-02,6.9215560081e-02,6.9215560081e-02,6.9215560081e-02,6.9215560081e-02,6.9215560081e-02,6.9215560081e-02,6.9215560081e-02,6.9215560081e-02,6.9215560081e-02,6.9215560081e-02,6.9215560081e-02,6.9215560081e-02,6.9215560081e-02,6.9215560081e-02,6.9215560081e-02,6.9215560081e-02,6.9215560081e-02,6.9215560081e-02,6.9215560081e-02,6.9215560081e-02,6.9215560081e-02,6.9215560081e-02,6.9215560081e-02,6.9215560081e-02,6.9215560081e-02,6.9215560081e-02,6.9215560081e-02,6.9215560081e-02,6.9215560081e-02,6.9215560081e-02,6.9215560081e-02,6.9215560081e-02,6.9215560081e-02,6.9215560081e-02,6.9215560081e-02,6.9215560081e-02,6.9215560081e-02,6.9215560081e-02,6.9215560081e-02,6.9215560081e-02,6.9215560081e-02,6.9215560081e-02,6.9215560081e-02,6.9215560081e-02,6.9215560081e-02,6.9215560081e-02,6.9215560081e-02,6.9215560081e-02,6.9215560081e-02,6.9215560081e-02,6.9215560081e-02,6.9215560081e-02,6.9211901921e-02,6.9206574268e-02,6.9200779181e-02,6.9194475693e-02,6.9187619255e-02,6.9180161424e-02,6.9172049524e-02,6.9163226279e-02,6.9153629414e-02,6.9143191219e-02,6.9131838081e-02,6.9119489975e-02,6.9106059904e-02,6.9061653559e-02,6.8999305692e-02,6.8931546060e-02,6.8857911021e-02,6.8777898329e-02,6.8690964124e-02,6.8512716865e-02,6.8265937465e-02,6.7998494047e-02,6.7708752178e-02,6.7290105987e-02,6.6771916938e-02,6.6212748634e-02,6.5421625580e-02,6.4461786487e-02,6.3291845601e-02,6.1618231684e-02,5.9498196456e-02,5.6331305334e-02,5.3002475877e-02,4.9612155068e-02,4.6860071209e-02,4.4634357483e-02,4.2854171899e-02,4.1356860956e-02,3.9949759050e-02,3.8556760619e-02,3.7120793484e-02,3.5599681889e-02,3.3959633806e-02,3.2186046052e-02,3.0282588098e-02,2.8238611341e-02,2.6056005233e-02,2.3733886955e-02,2.1274675016e-02,1.8707106601e-02,1.6109436639e-02,1.3535360880e-02,1.1039638798e-02,8.7156137353e-03,6.6705870823e-03,4.9631864960e-03,3.5854458984e-03,2.5049515464e-03,1.6839255356e-03,1.0843666623e-03,6.6631280161e-04,3.8914367437e-04,2.1450461891e-04,1.1138653165e-04,5.4076093652e-05,2.4332783348e-05,1.0065663718e-05,3.7920685064e-06,1.2876284093e-06,3.8165853762e-07,6.5830273209e-08,0.0000000000e+00,0.0000000000e+00,0.0000000000e+00,0.0000000000e+00,0.0000000000e+00,0.0000000000e+00,0.0000000000e+00,0.0000000000e+00,0.0000000000e+00,0.0000000000e+00,0.0000000000e+00,0.0000000000e+00,0.0000000000e+00,0.0000000000e+00,0.0000000000e+00,0.0000000000e+00,0.0000000000e+00,0.0000000000e+00,0.0000000000e+00,0.0000000000e+00,0.0000000000e+00,0.0000000000e+00,0.0000000000e+00,0.0000000000e+00,0.0000000000e+00,0.0000000000e+00,0.0000000000e+00
3.6828213288e+02,6.5013741999e-02,6.5013741999e-02,6.5013741999e-02,6.5013741999e-02,6.5013741999e-02,6.5013741999e-02,6.5013741999e-02,6.5013741999e-02,6.5013741999e-02,6.5013741999e-02,6.5013741999e-02,6.5013741999e-02,6.5013741999e-02,6.5013741999e-02,6.5013741999e-02,6.5013741999e-02,6.5013741999e-02,6.5013741999e-02,6.5013741999e-02,6.5013741999e-02,6.5013741999e-02,6.5013741999e-02,6.5013741999e-02,6.5013741999e-02,6.5013741999e-02,6.5013741999e-02,6.5013741999e-02,6.5013741999e-02,6.5013741999e-02,6.5013741999e-02,6.5013741999e-02,6.5013741999e-02,6.5013741999e-02,6.5013741999e-02,6.5013741999e-02,6.5013741999e-02,6.5013741999e-02,6.5013741999e-02,6.5013741999e-02,6.5013741999e-02,6.5013741999e-02,6.5013741999e-02,6.5013741999e-02,6.5013741999e-02,6.5013741999e-02,6.5013741999e-02,6.5013741999e-02,6.5013741999e-02,6.5013741999e-02,6.5013741999e-02,6.5013741999e-02,6.5013741999e-02,6.5013741999e-02,6.5013741999e-02,6.5013741999e-02,6.5013741999e-02,6.5013741999e-02,6.5013741999e-02,6.5013741999e-02,6.5013741999e-02,6.5013741999e-02,6.5013741999e-02,6.5013741999e-02,6.5013741999e-02,6.5013741999e-02,6.5013741999e-02,6.5013741999e-02,6.5013741999e-02,6.5013741999e-02,6.5013741999e-02,6.5013741999e-02,6.5013741999e-02,6.5013741999e-02,6.5013741999e-02,6.5013741999e-02,6.5013741999e-02,6.5013741999e-02,6.5013741999e-02,6.5013741999e-02,6.5013741999e-02,6.5013741999e-02,6.5013741999e-02,6.5013741999e-02,6.5013741999e-02,6.5013741999e-02,6.5013741999e-02,6.5013741999e-02,6.5013741999e-02,6.5013741999e-02,6.5013741999e-02,6.5013741999e-02,6.5013741999e-02,6.5013741999e-02,6.5013741999e-02,6.5013741999e-02,6.5013741999e-02,6.5013741999e-02,6.5013741999e-02,6.5013741999e-02,6.5013741999e-02,6.5013741999e-02,6.5013741999e-02,6.5013741999e-02,6.5013228399e-02,6.5006384636e-02,6.4998940640e-02,6.4990843845e-02,6.4982037097e-02,6.4972458254e-02,6.4962039755e-02,6.4950708152e-02,6.4938383599e-02,6.4924979301e-02,6.4910400917e-02,6.4894545909e-02,6.4877302836e-02,6.4856838239e-02,6.4772162369e-02,6.4680175402e-02,6.4580258052e-02,6.4471740763e-02,6.4353900037e-02,6.4225954565e-02,6.3949358320e-02,6.3643804582e-02,6.3313073360e-02,6.2955247189e-02,6.2330302573e-02,6.1647968033e-02,6.0914187335e-02,5.9730521173e-02,5.8459558196e-02,5.6369736399e-02,5.3679515037e-02,5.0777142025e-02,4.7721289667e-02,4.5312571360e-02,4.3240455209e-02,4.1599872207e-02,4.0247251777e-02,3.8944978458e-02,3.7649042149e-02,3.6301099481e-02,3.4871314293e-02,3.3323561375e-02,3.1650082038e-02,2.9846281989e-02,2.7908228173e-02,2.5830151104e-02,2.3617367699e-02,2.1264502853e-02,1.8798540837e-02,1.6286874716e-02,1.3784709898e-02,1.1340245602e-02,9.0469068354e-03,7.0073781779e-03,5.2820156184e-03,3.8706804593e-03,2.7470857511e-03,1.8794147337e-03,1.2341806159e-03,7.7505937584e-04,4.6378665069e-04,2.6271826973e-04,1.4063025274e-04,7.0612798362e-05,3.2987122311e-05,1.4231613304e-05,5.6275062072e-06,2.0197207259e-06,6.4246087964e-07,1.7751629092e-07,2.0862261677e-08,0.0000000000e+00,0.0000000000e+00,0.0000000000e+00,0.0000000000e+00,0.0000000000e+00,0.0000000000e+00,0.0000000000e+00,0.0000000000e+00,0.0000000000e+00,0.0000000000e+00,0.0000000000e+00,0.0000000000e+00,0.0000000000e+00,0.0000000000e+00,0.0000000000e+00,0.0000000000e+00,0.0000000000e+00,0.0000000000e+00,0.0000000000e+00,0.0000000000e+00,0.0000000000e+00,0.0000000000e+00,0.0000000000e+00,0.0000000000e+00,0.0000000000e+00,0.0000000000e+00
3.8707387991e+02,6.1271425508e-02,6.1271425508e-02,6.1271425508e-02,6.1271425508e-02,6.1271425508e-02,6.1271425508e-02,6.1271425508e-02,6.1271425508e-02,6.1271425508e-02,6.1271425508e-02,6.1271425508e-02,6.1271425508e-02,6.1271425508e-02,6.1271425508e-02,6.1271425508e-02,6.1271425508e-02,6.1271425508e-02,6.1271425508e-02,6.1271425508e-02,6.1271425508e-02,6.1271425508e-02,6.1271425508e-02,6.1271425508e-02,6.1271425508e-02,6.1271425508e-02,6.1271425508e-02,6.1271425508e-02,6.1271425508e-02,6.1271425508e-02,6.1271425508e-02,6.1271425508e-02,6.1271425508e-02,6.1271425508e-02,6.1271425508e-02,6.1271425508e-02,6.1271425508e-02,6.1271425508e-02,6.1271425508e-02,6.1271425508e-02,6.1271425508e-02,6.1271425508e-02,6.1271425508e-02,6.1271425508e-02,6.1271425508e-02,6.1271425508e-02,6.1271425508e-02,6.1271425508e-02,6.1271425508e-02,6.1271425508e-02,6.1271425508e-02,6.1271425508e-02,6.1271425508e-02,6.1271425508e-02,6.1271425508e-02,6.1271425508e-02,6.1271425508e-02,6.1271425508e-02,6.1271425508e-02,6.1271425508e-02,6.1271425508e-02,6.1271425508e-02,6.1271425508e-02,6.1271425508e-02,6.1271425508e-02,6.1271425508e-02,6.1271425508e-02,6.1271425508e-02,6.1271425508e-02,6.1271425508e-02,6.1271425508e-02,6.1271425508e-02,6.1271425508e-02,6.1271425508e-02,6.1271425508e-02,6.1271425508e-02,6.1271425508e-02,6.1271425508e-02,6.1271425508e-02,6.1271425508e-02,6.1271425508e-02,6.1271425508e-02,6.1271425508e-02,6.1271425508e-02,6.1271425508e-02,6.1271425508e-02,6.1271425508e-02,6.1271425508e-02,6.1271425508e-02,6.1271425508e-02,6.1271425508e-02,6.1271425508e-02,6.1271425508e-02,6.1271425508e-02,6.1271425508e-02,6.1271425508e-02,6.1271425508e-02,6.1271425508e-02,6.1271425508e-02,6.1271425508e-02,6.1271425508e-02,6.1271425508e-02,6.1271425508e-02,6.1271425508e-02,6.1270961982e-02,6.1264785432e-02,6.1258067135e-02,6.1250759643e-02,6.1242811362e-02,6.1234166198e-02,6.1224763160e-02,6.1214535943e-02,6.1203412463e-02,6.1191314363e-02,6.1178156466e-02,6.1163846194e-02,6.1148282928e-02,6.1129841426e-02,6.1054524690e-02,6.0972698659e-02,6.0883810811e-02,6.0787263562e-02,6.0682410932e-02,6.0568555026e-02,6.0323706921e-02,6.0053178682e-02,5.9760268917e-02,5.9443256596e-02,5.8891565338e-02,5.8288853630e-02,5.7640211538e-02,5.6596773924e-02,5.5474853687e-02,5.3631185678e-02,5.1252696097e-02,4.8672559115e-02,4.5942019083e-02,4.3763087689e-02,4.1874723320e-02,4.0365375003e-02,3.9110791126e-02,3.7898359202e-02,3.6688363281e-02,3.5427053906e-02,3.4086346723e-02,3.2631935589e-02,3.1055978373e-02,2.9353414490e-02,2.7519688132e-02,2.5548345769e-02,2.3443319042e-02,2.1198090527e-02,1.8835584955e-02,1.6416601241e-02,1.3992103625e-02,1.1607349229e-02,9.3522944825e-03,7.3265945826e-03,5.5916875329e-03,4.1537474040e-03,2.9925540434e-03,2.0818355480e-03,1.3928406674e-03,8.9308622404e-04,5.4694332897e-04,3.1796669582e-04,1.7518856982e-04,9.0824541668e-05,4.3962728577e-05,1.9729887636e-05,8.1520369805e-06,3.0753097039e-06,1.0403281550e-06,3.1112112870e-07,5.9254659148e-08,0.0000000000e+00,0.0000000000e+00,0.0000000000e+00,0.0000000000e+00,0.0000000000e+00,0.0000000000e+00,0.0000000000e+00,0.0000000000e+00,0.0000000000e+00,0.0000000000e+00,0.0000000000e+00,0.0000000000e+00,0.0000000000e+00,0.0000000000e+00,0.0000000000e+00,0.0000000000e+00,0.0000000000e+00,0.0000000000e+00,0.0000000000e+00,0.0000000000e+00,0.0000000000e+00,0.0000000000e+00,0.0000000000e+00,0.0000000000e+00,0.0000000000e+00,0.0000000000e+00
4.0682448355e+02,5.7773174961e-02,5.7773174961e-02,5.7773174961e-02,5.7773174961e-02,5.7773174961e-02,5.7773174961e-02,5.7773174961e-02,5.7773174961e-02,5.7773174961e-02,5.7773174961e-02,5.7773174961e-02,5.7773174961e-02,5.7773174961e-02,5.7773174961e-02,5.7773174961e-02,5.7773174961e-02,5.7773174961e-02,5.7773174961e-02,5.7773174961e-02,5.7773174961e-02,5.7773174961e-02,5.7773174961e-02,5.7773174961e-02,5.7773174961e-02,5.7773174961e-02,5.7773174961e-02,5.7773174961e-02,5.7773174961e-02,5.7773174961e-02,5.7773174961e-02,5.7773174961e-02,5.7773174961e-02,5.7773174961e-02,5.7773174961e-02,5.7773174961e-02,5.7773174961e-02,5.7773174961e-02,5.7773174961e-02,5.7773174961e-02,5.7773174961e-02,5.7773174961e-02,5.7773174961e-02,5.7773174961e-02,5.7773174961e-02,5.7773174961e-02,5.7773174961e-02,5.7773174961e-02,5.7773174961e-02,5.7773174961e-02,5.7773174961e-02,5.7773174961e-02,5.7773174961e-02,5.7773174961e-02,5.7773174961e-02,5.7773174961e-02,5.7773174961e-02,5.7773174961e-02,5.7773174961e-02,5.7773174961e-02,5.7773174961e-02,5.7773174961e-02,5.7773174961e-02,5.7773174961e-02,5.7773174961e-02,5.7773174961e-02,5.7773174961e-02,5.7773174961e-02,5.7773174961e-02,5.7773174961e-02,5.7773174961e-02,5.7773174961e-02,5.7773174961e-02,5.7773174961e-02,5.7773174961e-02,5.7773174961e-02,5.7773174961e-02,5.7773174961e-02,5.7773174961e-02,5.7773174961e-02,5.7773174961e-02,5.7773174961e-02,5.7773174961e-02,5.7773174961e-02,5.7773174961e-02,5.7773174961e-02,5.7773174961e-02,5.7773174961e-02,5.7773174961e-02,5.7773174961e-02,5.7773174961e-02,5.7773174961e-02,5.7773174961e-02,5.7773174961e-02,5.7773174961e-02,5.7773174961e-02,5.7773174961e-02,5.7773174961e-02,5.7773174961e-02,5.7773174961e-02,5.7773174961e-02,5.7773174961e-02,5.7773174961e-02,5.7773174961e-02,5.7772757470e-02,5.7767194337e-02,5.7761143231e-02,5.7754561409e-02,5.7747402392e-02,5.7739615644e-02,5.7731146220e-02,5.7721934382e-02,5.7711915187e-02,5.7701018033e-02,5.7689166176e-02,5.7676276199e-02,5.7662257433e-02,5.7645670246e-02,5.7578739851e-02,5.7506019559e-02,5.7427016921e-02,5.7341199148e-02,5.7247990082e-02,5.7146767006e-02,5.6930160740e-02,5.6690797041e-02,5.6431554028e-02,5.6150889140e-02,5.5664076608e-02,5.5131944738e-02,5.4558853716e-02,5.3639301979e-02,5.2649320845e-02,5.1023366867e-02,4.8921522561e-02,4.6629306627e-02,4.4191539216e-02,4.2222731273e-02,4.0504255550e-02,3.9118111338e-02,3.7956935966e-02,3.6830668182e-02,3.5703489088e-02,3.4525933848e-02,3.3271601571e-02,3.1907976883e-02,3.0427179314e-02,2.8823735732e-02,2.7092550106e-02,2.5226563700e-02,2.3228441423e-02,2.1090665659e-02,1.8832441303e-02,1.6508378057e-02,1.4165304833e-02,1.1845465341e-02,9.6350567709e-03,7.6302435875e-03,5.8928525527e-03,4.4346324436e-03,3.2409544996e-03,2.2908230902e-03,1.5601427735e-03,1.0203878808e-03,6.3885450562e-04,3.8069007741e-04,2.1559060801e-04,1.1522675079e-04,5.7691873837e-05,2.6881805902e-05,1.1580881715e-05,4.5794511050e-06,1.6386087674e-06,5.2505335479e-07,1.2824144600e-07,0.0000000000e+00,0.0000000000e+00,0.0000000000e+00,0.0000000000e+00,0.0000000000e+00,0.0000000000e+00,0.0000000000e+00,0.0000000000e+00,0.0000000000e+00,0.0000000000e+00,0.0000000000e+00,0.0000000000e+00,0.0000000000e+00,0.0000000000e+00,0.0000000000e+00,0.0000000000e+00,0.0000000000e+00,0.0000000000e+00,0.0000000000e+00,0.0000000000e+00,0.0000000000e+00,0.0000000000e+00,0.0000000000e+00,0.0000000000e+00,0.0000000000e+00,0.0000000000e+00
4.2758286985e+02,5.4498670958e-02,5.4498670958e-02,5.4498670958e-02,5.4498670958e-02,5.4498670958e-02,5.4498670958e-02,5.4498670958e-02,5.4498670958e-02,5.4498670958e-02,5.4498670958e-02,5.4498670958e-02,5.4498670958e-02,5.4498670958e-02,5.4498670958e-02,5.4498670958e-02,5.4498670958e-02,5.4498670958e-02,5.4498670958e-02,5.4498670958e-02,5.4498670958e-02,5.4498670958e-02,5.4498670958e-02,5.4498670958e-02,5.4498670958e-02,5.4498670958e-02,5.4498670958e-02,5.4498670958e-02,5.4498670958e-02,5.4498670958e-02,5.4498670958e-02,5.4498670958e-02,5.4498670958e-02,5.4498670958e-02,5.4498670958e-02,5.4498670958e-02,5.4498670958e-02,5.4498670958e-02,5.4498670958e-02,5.4498670958e-02,5.4498670958e-02,5.4498670958e-02,5.4498670958e-02,5.4498670958e-02,5.4498670958e-02,5.4498670958e-02,5.4498670958e-02,5.4498670958e-02,5.4498670958e-02,5.4498670958e-02,5.4498670958e-02,5.4498670958e-02,5.4498670958e-02,5.4498670958e-02,5.4498670958e-02,5.4498670958e-02,5.4498670958e-02,5.4498670958e-02,5.4498670958e-02,5.4498670958e-02,5.4498670958e-02,5.4498670958e-02,5.4498670958e-02,5.4498670958e-02,5.4498670958e-02,5.4498670958e-02,5.4498670958e-02,5.4498670958e-02,5.4498670958e-02,5.4498670958e-02,5.4498670958e-02,5.4498670958e-02,5.4498670958e-02,5.4498670958e-02,5.4498670958e-02,5.4498670958e-02,5.4498670958e-02,5.4498670958e-02,5.4498670958e-02,5.4498670958e-02,5.4498670958e-02,5.4498670958e-02,5.4498670958e-02,5.4498670958e-02,5.4498670958e-02,5.4498670958e-02,5.4498670958e-02,5.4498670958e-02,5.4498670958e-02,5.4498670958e-02,5.4498670958e-02,5.4498670958e-02,5.4498670958e-02,5.4498670958e-02,5.4498670958e-02,5.4498670958e-02,5.4498670958e-02,5.4498670958e-02,5.4498670958e-02,5.4498670958e-02,5.4498670958e-02,5.4498670958e-02,5.4498670958e-02,5.4498670958e-02,5.4498295713e-02,5.4493295503e-02,5.4487856672e-02,5.4481940795e-02,5.4475506086e-02,5.4468507114e-02,5.4460894480e-02,5.4452614478e-02,5.4443608716e-02,5.4433813717e-02,5.4423160477e-02,5.4411573986e-02,5.4398972717e-02,5.4384082354e-02,5.4324660250e-02,5.4260093146e-02,5.4189942599e-02,5.4113734089e-02,5.4030954291e-02,5.3941048177e-02,5.3749549422e-02,5.3537897773e-02,5.3308604208e-02,5.3060288045e-02,5.2630919122e-02,5.2161329164e-02,5.1655254310e-02,5.0845142409e-02,4.9971937332e-02,4.8538527159e-02,4.6682117013e-02,4.4647048417e-02,4.2472571333e-02,4.0695724620e-02,3.9134111008e-02,3.7863403848e-02,3.6790971993e-02,3.5747072927e-02,3.4699422361e-02,3.3602548634e-02,3.2431667007e-02,3.1156019574e-02,2.9767729947e-02,2.8260966108e-02,2.6630170360e-02,2.4867754941e-02,2.2975231969e-02,2.0944217642e-02,1.8790522662e-02,1.6562969424e-02,1.4304381366e-02,1.2053957980e-02,9.8939150414e-03,7.9165555262e-03,6.1834784629e-03,4.7112828795e-03,3.4904337574e-03,2.5048924407e-03,1.7350700072e-03,1.1564331394e-03,7.3941431357e-04,4.5110017392e-04,2.6223438098e-04,1.4427866185e-04,7.4599879206e-05,3.6024990139e-05,1.6149389619e-05,6.6778269128e-06,2.5177027287e-06,8.5906535704e-07,2.4808295001e-07,1.0750491486e-09,0.0000000000e+00,0.0000000000e+00,0.0000000000e+00,0.0000000000e+00,0.0000000000e+00,0.0000000000e+00,0.0000000000e+00,0.0000000000e+00,0.0000000000e+00,0.0000000000e+00,0.0000000000e+00,0.0000000000e+00,0.0000000000e+00,0.0000000000e+00,0.0000000000e+00,0.0000000000e+00,0.0000000000e+00,0.0000000000e+00,0.0000000000e+00,0.0000000000e+00,0.0000000000e+00,0.0000000000e+00,0.0000000000e+00,0.0000000000e+00,0.0000000000e+00
4.4940046133e+02,5.1517128223e-02,5.1517128223e-02,5.1517128223e-02,5.1517128223e-02,5.1517128223e-02,5.1517128223e-02,5.1517128223e-02,5.1517128223e-02,5.1517128223e-02,5.1517128223e-02,5.1517128223e-02,5.1517128223e-02,5.1517128223e-02,5.1517128223e-02,5.1517128223e-02,5.1517128223e-02,5.1517128223e-02,5.1517128223e-02,5.1517128223e-02,5.1517128223e-02,5.1517128223e-02,5.1517128223e-02,5.1517128223e-02,5.1517128223e-02,5.1517128223e-02,5.1517128223e-02,5.1517128223e-02,5.1517128223e-02,5.1517128223e-02,5.1517128223e-02,5.1517128223e-02,5.1517128223e-02,5.1517128223e-02,5.1517128223e-02,5.1517128223e-02,5.1517128223e-02,5.1517128223e-02,5.1517128223e-02,5.1517128223e-02,5.1517128223e-02,5.1517128223e-02,5.1517128223e-02,5.1517128223e-02,5.1517128223e-02,5.1517128223e-02,5.1517128223e-02,5.1517128223e-02,5.1517128223e-02,5.1517128223e-02,5.1517128223e-02,5.1517128223e-02,5.1517128223e-02,5.1517128223e-02,5.1517128223e-02,5.1517128223e-02,5.1517128223e-02,5.1517128223e-02,5.1517128223e-02,5.1517128223e-02,5.1517128223e-02,5.1517128223e-02,5.1517128223e-02,5.1517128223e-02,5.1517128223e-02,5.1517128223e-02,5.1517128223e-02,5.1517128223e-02,5.1517128223e-02,5.1517128223e-02,5.1517128223e-02,5.1517128223e-02,5.1517128223e-02,5.1517128223e-02,5.1517128223e-02,5.1517128223e-02,5.1517128223e-02,5.1517128223e-02,5.1517128223e-02,5.1517128223e-02,5.1517128223e-02,5.1517128223e-02,5.1517128223e-02,5.1517128223e-02,5.1517128223e-02,5.1517128223e-02,5.1517128223e-02,5.1517128223e-02,5.1517128223e-02,5.1517128223e-02,5.1517128223e-02,5.1517128223e-02,5.1517128223e-02,5.1517128223e-02,5.1517128223e-02,5.1517128223e-02,5.1517128223e-02,5.1517128223e-02,5.1517128223e-02,5.1517128223e-02,5.1517128223e-02,5.1517128223e-02,5.1517128223e-02,5.1517128223e-02,5.1517128223e-02,5.1517128223e-02,5.1514338759e-02,5.1507258527e-02,5.1499557580e-02,5.1491181607e-02,5.1482071564e-02,5.1472163264e-02,5.1461386936e-02,5.1449666743e-02,5.1436920259e-02,5.1423057904e-02,5.1407982335e-02,5.1391587777e-02,5.1373759309e-02,5.1332044399e-02,5.1246685545e-02,5.1153991255e-02,5.1053346505e-02,5.0944087515e-02,5.0825498399e-02,5.0664230566e-02,5.0410177150e-02,5.0135258034e-02,4.9837896564e-02,4.9453050793e-02,4.8886767313e-02,4.8278111407e-02,4.7421900174e-02,4.6063573180e-02,4.4630096974e-02,4.2765405037e-02,4.0799959762e-02,3.9236661071e-02,3.7765995785e-02,3.6643837464e-02,3.5634214887e-02,3.4657149042e-02,3.3674915343e-02,3.2653839872e-02,3.1565272576e-02,3.0375744191e-02,2.9075803041e-02,2.7665092599e-02,2.6129203152e-02,2.4471128018e-02,2.2680413581e-02,2.0754950296e-02,1.8705651773e-02,1.6577380043e-02,1.4408580619e-02,1.2229784284e-02,1.0125937725e-02,8.1822558537e-03,6.4605984742e-03,4.9809135456e-03,3.7386213332e-03,2.7221260378e-03,1.9162383481e-03,1.3004144573e-03,8.4830121280e-04,5.2921584297e-04,3.1537117350e-04,1.7837047545e-04,9.5100948125e-05,4.7517862261e-05,2.2126076785e-05,9.5481989598e-06,3.7852456569e-06,1.3736445352e-06,4.4494965768e-07,1.1852565783e-07,0.0000000000e+00,0.0000000000e+00,0.0000000000e+00,0.0000000000e+00,0.0000000000e+00,0.0000000000e+00,0.0000000000e+00,0.0000000000e+00,0.0000000000e+00,0.0000000000e+00,0.0000000000e+00,0.0000000000e+00,0.0000000000e+00,0.0000000000e+00,0.0000000000e+00,0.0000000000e+00,0.0000000000e+00,0.0000000000e+00,0.0000000000e+00,0.0000000000e+00,0.0000000000e+00,0.0000000000e+00,0.0000000000e+00,0.0000000000e+00,0.0000000000e+00
4.7233130437e+02,4.8627633535e-02,4.8627633535e-02,4.8627633535e-02,4.8627633535e-02,4.8627633535e-02,4.8627633535e-02,4.8627633535e-02,4.8627633535e-02,4.8627633535e-02,4.8627633535e-02,4.8627633535e-02,4.8627633535e-02,4.8627633535e-02,4.8627633535e-02,4.8627633535e-02,4.8627633535e-02,4.8627633535e-02,4.8627633535e-02,4.8627633535e-02,4.8627633535e-02,4.8627633535e-02,4.8627633535e-02,4.8627633535e-02,4.8627633535e-02,4.8627633535e-02,4.8627633535e-02,4.8627633535e-02,4.8627633535e-02,4.8627633535e-02,4.8627633535e-02,4.8627633535e-02,4.8627633535e-02,4.8627633535e-02,4.8627633535e-02,4.8627633535e-02,4.8627633535e-02,4.8627633535e-02,4.8627633535e-02,4.8627633535e-02,4.8627633535e-02,4.8627633535e-02,4.8627633535e-02,4.8627633535e-02,4.8627633535e-02,4.8627633535e-02,4.8627633535e-02,4.8627633535e-02,4.8627633535e-02,4.8627633535e-02,4.8627633535e-02,4.8627633535e-02,4.8627633535e-02,4.8627633535e-02,4.8627633535e-02,4.8627633535e-02,4.8627633535e-02,4.8627633535e-02,4.8627633535e-02,4.8627633535e-02,4.8627633535e-02,4.8627633535e-02,4.8627633535e-02,4.8627633535e-02,4.8627633535e-02,4.8627633535e-02,4.8627633535e-02,4.8627633535e-02,4.8627633535e-02,4.8627633535e-02,4.8627633535e-02,4.8627633535e-02,4.8627633535e-02,4.8627633535e-02,4.8627633535e-02,4.8627633535e-02,4.8627633535e-02,4.8627633535e-02,4.8627633535e-02,4.8627633535e-02,4.8627633535e-02,4.8627633535e-02,4.8627633535e-02,4.8627633535e-02,4.8627633535e-02,4.8627633535e-02,4.8627633535e-02,4.8627633535e-02,4.8627633535e-02,4.8627633535e-02,4.8627633535e-02,4.8627633535e-02,4.8627633535e-02,4.8627633535e-02,4.8627633535e-02,4.8627633535e-02,4.8627633535e-02,4.8627633535e-02,4.8627633535e-02,4.8627633535e-02,4.8627633535e-02,4.8627633535e-02,4.8627633535e-02,4.8627633535e-02,4.8627633535e-02,4.8627633535e-02,4.8625143094e-02,4.8618821808e-02,4.8611946289e-02,4.8604468035e-02,4.8596334311e-02,4.8587487792e-02,4.8577866158e-02,4.8567401671e-02,4.8556020703e-02,4.8543643233e-02,4.8530182300e-02,4.8515543402e-02,4.8499623862e-02,4.8462645455e-02,4.8387198752e-02,4.8305259339e-02,4.8216281186e-02,4.8119674665e-02,4.8014803499e-02,4.7872372268e-02,4.7648334158e-02,4.7405810448e-02,4.7143388749e-02,4.6804090064e-02,4.6305460938e-02,4.5769070433e-02,4.5015130202e-02,4.3819399603e-02,4.2554694857e-02,4.0900674225e-02,3.9151462943e-02,3.7742697564e-02,3.6411011360e-02,3.5384921430e-02,3.4456899169e-02,3.3555475597e-02,3.2646690816e-02,3.1699828679e-02,3.0688195497e-02,2.9580345778e-02,2.8366963800e-02,2.7047115672e-02,2.5606560463e-02,2.4047258839e-02,2.2358471004e-02,2.0537035343e-02,1.8591180369e-02,1.6560726081e-02,1.4480440467e-02,1.2378110251e-02,1.0334099462e-02,8.4293905528e-03,6.7246144250e-03,5.2431885084e-03,3.9846174389e-03,2.9415209124e-03,2.1027596812e-03,1.4516544585e-03,9.6521100218e-04,6.1515182790e-04,3.7537242005e-04,2.1794615005e-04,1.1963131062e-04,6.1735733718e-05,2.9793894060e-05,1.3376653216e-05,5.5417134951e-06,2.1153282334e-06,7.3294180792e-07,2.1937503070e-07,1.3160335119e-08,0.0000000000e+00,0.0000000000e+00,0.0000000000e+00,0.0000000000e+00,0.0000000000e+00,0.0000000000e+00,0.0000000000e+00,0.0000000000e+00,0.0000000000e+00,0.0000000000e+00,0.0000000000e+00,0.0000000000e+00,0.0000000000e+00,0.0000000000e+00,0.0000000000e+00,0.0000000000e+00,0.0000000000e+00,0.0000000000e+00,0.0000000000e+00,0.0000000000e+00,0.0000000000e+00,0.0000000000e+00,0.0000000000e+00,0.0000000000e+00
4.9643220310e+02,4.5913636607e-02,4.5913636607e-02,4.5913636607e-02,4.5913636607e-02,4.5913636607e-02,4.5913636607e-02,4.5913636607e-02,4.5913636607e-02,4.5913636607e-02,4.5913636607e-02,4.5913636607e-02,4.5913636607e-02,4.5913636607e-02,4.5913636607e-02,4.5913636607e-02,4.5913636607e-02,4.5913636607e-02,4.5913636607e-02,4.5913636607e-02,4.5913636607e-02,4.5913636607e-02,4.5913636607e-02,4.5913636607e-02,4.5913636607e-02,4.5913636607e-02,4.5913636607e-02,4.5913636607e-02,4.5913636607e-02,4.5913636607e-02,4.5913636607e-02,4.5913636607e-02,4.5913636607e-02,4.5913636607e-02,4.5913636607e-02,4.5913636607e-02,4.5913636607e-02,4.5913636607e-02,4.5913636607e-02,4.5913636607e-02,4.5913636607e-02,4.5913636607e-02,4.5913636607e-02,4.5913636607e-02,4.5913636607e-02,4.5913636607e-02,4.5913636607e-02,4.5913636607e-02,4.5913636607e-02,4.5913636607e-02,4.5913636607e-02,4.5913636607e-02,4.5913636607e-02,4.5913636607e-02,4.5913636607e-02,4.5913636607e-02,4.5913636607e-02,4.5913636607e-02,4.5913636607e-02,4.5913636607e-02,4.5913636607e-02,4.5913636607e-02,4.5913636607e-02,4.5913636607e-02,4.5913636607e-02,4.5913636607e-02,4.5913636607e-02,4.5913636607e-02,4.5913636607e-02,4.5913636607e-02,4.5913636607e-02,4.5913636607e-02,4.5913636607e-02,4.5913636607e-02,4.5913636607e-02,4.5913636607e-02,4.5913636607e-02,4.5913636607e-02,4.5913636607e-02,4.5913636607e-02,4.5913636607e-02,4.5913636607e-02,4.5913636607e-02,4.5913636607e-02,4.5913636607e-02,4.5913636607e-02,4.5913636607e-02,4.5913636607e-02,4.5913636607e-02,4.5913636607e-02,4.5913636607e-02,4.5913636607e-02,4.5913636607e-02,4.5913636607e-02,4.5913636607e-02,4.5913636607e-02,4.5913636607e-02,4.5913636607e-02,4.5913636607e-02,4.5913636607e-02,4.5913636607e-02,4.5913636607e-02,4.5913636607e-02,4.5913636607e-02,4.5913636607e-02,4.5913636607e-02,4.5911417473e-02,4.5905784796e-02,4.5899658215e-02,4.5892994498e-02,4.5885746641e-02,4.5877863542e-02,4.5869289651e-02,4.5859964579e-02,4.5849822689e-02,4.5838792638e-02,4.5826796888e-02,4.5813751181e-02,4.5799563956e-02,4.5766820733e-02,4.5700188330e-02,4.5627814116e-02,4.5549213812e-02,4.5463864211e-02,4.5371200409e-02,4.5245494699e-02,4.5048039599e-02,4.4834221493e-02,4.4602777201e-02,4.4303796660e-02,4.3864934938e-02,4.3392465590e-02,4.2728887572e-02,4.1676788627e-02,4.0561686177e-02,3.9095651102e-02,3.7540397558e-02,3.6272579713e-02,3.5068581099e-02,3.4132131751e-02,3.3280901724e-02,3.2451091333e-02,3.1612141267e-02,3.0736053275e-02,2.9797998062e-02,2.8768493097e-02,2.7638391659e-02,2.6406249323e-02,2.5058037187e-02,2.3594786354e-02,2.2005537892e-02,2.0286211388e-02,1.8442625295e-02,1.6509927771e-02,1.4519382941e-02,1.2496084417e-02,1.0515763122e-02,8.6550189368e-03,6.9728536305e-03,5.4955265155e-03,4.2261307095e-03,3.1611084488e-03,2.2930870704e-03,1.6091021867e-03,1.0895276703e-03,7.0864433748e-04,4.4227618317e-04,2.6327196002e-04,1.4856383731e-04,7.9056421053e-05,3.9473641175e-05,1.8402402404e-05,7.9489331561e-06,3.1814390723e-06,1.1700185868e-06,3.8356248283e-07,7.3110566687e-08,0.0000000000e+00,0.0000000000e+00,0.0000000000e+00,0.0000000000e+00,0.0000000000e+00,0.0000000000e+00,0.0000000000e+00,0.0000000000e+00,0.0000000000e+00,0.0000000000e+00,0.0000000000e+00,0.0000000000e+00,0.0000000000e+00,0.0000000000e+00,0.0000000000e+00,0.0000000000e+00,0.0000000000e+00,0.0000000000e+00,0.0000000000e+00,0.0000000000e+00,0.0000000000e+00,0.0000000000e+00,0.0000000000e+00,0.0000000000e+00
5.2176286008e+02,4.3361619245e-02,4.3361619245e-02,4.3361619245e-02,4.3361619245e-02,4.3361619245e-02,4.3361619245e-02,4.3361619245e-02,4.3361619245e-02,4.3361619245e-02,4.3361619245e-02,4.3361619245e-02,4.3361619245e-02,4.3361619245e-02,4.3361619245e-02,4.3361619245e-02,4.3361619245e-02,4.3361619245e-02,4.3361619245e-02,4.3361619245e-02,4.3361619245e-02,4.3361619245e-02,4.3361619245e-02,4.3361619245e-02,4.3361619245e-02,4.3361619245e-02,4.3361619245e-02,4.3361619245e-02,4.3361619245e-02,4.3361619245e-02,4.3361619245e-02,4.3361619245e-02,4.3361619245e-02,4.3361619245e-02,4.3361619245e-02,4.3361619245e-02,4.3361619245e-02,4.3361619245e-02,4.3361619245e-02,4.3361619245e-02,4.3361619245e-02,4.3361619245e-02,4.3361619245e-02,4.3361619245e-02,4.3361619245e-02,4.3361619245e-02,4.3361619245e-02,4.3361619245e-02,4.3361619245e-02,4.3361619245e-02,4.3361619245e-02,4.3361619245e-02,4.3361619245e-02,4.3361619245e-02,4.3361619245e-02,4.3361619245e-02,4.3361619245e-02,4.3361619245e-02,4.3361619245e-02,4.3361619245e-02,4.3361619245e-02,4.3361619245e-02,4.3361619245e-02,4.3361619245e-02,4.3361619245e-02,4.3361619245e-02,4.3361619245e-02,4.3361619245e-02,4.3361619245e-02,4.3361619245e-02,4.3361619245e-02,4.3361619245e-02,4.3361619245e-02,4.3361619245e-02,4.3361619245e-02,4.3361619245e-02,4.3361619245e-02,4.3361619245e-02,4.3361619245e-02,4.3361619245e-02,4.3361619245e-02,4.3361619245e-02,4.3361619245e-02,4.3361619245e-02,4.3361619245e-02,4.3361619245e-02,4.3361619245e-02,4.3361619245e-02,4.3361619245e-02,4.3361619245e-02,4.3361619245e-02,4.3361619245e-02,4.3361619245e-02,4.3361619245e-02,4.3361619245e-02,4.3361619245e-02,4.3361619245e-02,4.3361619245e-02,4.3361619245e-02,4.3361619245e-02,4.3361619245e-02,4.3361619245e-02,4.3361619245e-02,4.3361619245e-02,4.3361619245e-02,4.3361619245e-02,4.3359645930e-02,4.3354637176e-02,4.3349189186e-02,4.3343263505e-02,4.3336818323e-02,4.3329808183e-02,4.3322183667e-02,4.3313891054e-02,4.3304871948e-02,4.3295062874e-02,4.3284394844e-02,4.3272792882e-02,4.3260175513e-02,4.3231216371e-02,4.3172417145e-02,4.3108544708e-02,4.3039170001e-02,4.2963829257e-02,4.2882021496e-02,4.2771158885e-02,4.2597237247e-02,4.2408844015e-02,4.2204851257e-02,4.1941547783e-02,4.1555474770e-02,4.1139529607e-02,4.0555776560e-02,3.9630534839e-02,3.8647988644e-02,3.7349623329e-02,3.5968211780e-02,3.4828812718e-02,3.3741965329e-02,3.2888982798e-02,3.2109833885e-02,3.1347625566e-02,3.0574869651e-02,2.9766064952e-02,2.8898156178e-02,2.7943559601e-02,2.6893328225e-02,2.5745572056e-02,2.4486515298e-02,2.3116358727e-02,2.1623989064e-02,2.0004532745e-02,1.8261657717e-02,1.6426198121e-02,1.4526095495e-02,1.2583820770e-02,1.0670463521e-02,8.8581490183e-03,7.2039144730e-03,5.7362738940e-03,4.4614292877e-03,3.3792477808e-03,2.4858170658e-03,1.7716957013e-03,1.2205784911e-03,8.0939834032e-04,5.1609668306e-04,3.1457801081e-04,1.8224497404e-04,9.9851808222e-05,5.1496881284e-05,2.4882612887e-05,1.1183670500e-05,4.6816735859e-06,1.8188895204e-06,6.4501172500e-07,1.8367857307e-07,0.0000000000e+00,0.0000000000e+00,0.0000000000e+00,0.0000000000e+00,0.0000000000e+00,0.0000000000e+00,0.0000000000e+00,0.0000000000e+00,0.0000000000e+00,0.0000000000e+00,0.0000000000e+00,0.0000000000e+00,0.0000000000e+00,0.0000000000e+00,0.0000000000e+00,0.0000000000e+00,0.0000000000e+00,0.0000000000e+00,0.0000000000e+00,0.0000000000e+00,0.0000000000e+00,0.0000000000e+00,0.0000000000e+00,0.0000000000e+00
5.4838602423e+02,4.0973349445e-02,4.0973349445e-02,4.0973349445e-02,4.0973349445e-02,4.0973349445e-02,4.0973349445e-02,4.0973349445e-02,4.0973349445e-02,4.0973349445e-02,4.0973349445e-02,4.0973349445e-02,4.0973349445e-02,4.0973349445e-02,4.0973349445e-02,4.0973349445e-02,4.0973349445e-02,4.0973349445e-02,4.0973349445e-02,4.0973349445e-02,4.0973349445e-02,4.0973349445e-02,4.0973349445e-02,4.0973349445e-02,4.0973349445e-02,4.0973349445e-02,4.0973349445e-02,4.0973349445e-02,4.0973349445e-02,4.0973349445e-02,4.0973349445e-02,4.0973349445e-02,4.0973349445e-02,4.0973349445e-02,4.0973349445e-02,4.0973349445e-02,4.0973349445e-02,4.0973349445e-02,4.0973349445e-02,4.0973349445e-02,4.0973349445e-02,4.0973349445e-02,4.0973349445e-02,4.0973349445e-02,4.0973349445e-02,4.0973349445e-02,4.0973349445e-02,4.0973349445e-02,4.0973349445e-02,4.0973349445e-02,4.0973349445e-02,4.0973349445e-02,4.0973349445e-02,4.0973349445e-02,4.0973349445e-02,4.0973349445e-02,4.0973349445e-02,4.0973349445e-02,4.0973349445e-02,4.0973349445e-02,4.0973349445e-02,4.0973349445e-02,4.0973349445e-02,4.0973349445e-02,4.0973349445e-02,4.0973349445e-02,4.0973349445e-02,4.0973349445e-02,4.0973349445e-02,4.0973349445e-02,4.0973349445e-02,4.0973349445e-02,4.0973349445e-02,4.0973349445e-02,4.0973349445e-02,4.0973349445e-02,4.0973349445e-02,4.0973349445e-02,4.0973349445e-02,4.0973349445e-02,4.0973349445e-02,4.0973349445e-02,4.0973349445e-02,4.0973349445e-02,4.0973349445e-02,4.0973349445e-02,4.0973349445e-02,4.0973349445e-02,4.0973349445e-02,4.0973349445e-02,4.0973349445e-02,4.0973349445e-02,4.0973349445e-02,4.0973349445e-02,4.0973349445e-02,4.0973349445e-02,4.0973349445e-02,4.0973349445e-02,4.0973349445e-02,4.0973349445e-02,4.0973349445e-02,4.0973349445e-02,4.0973349445e-02,4.0973349445e-02,4.0973349445e-02,4.0973349445e-02,4.0973349445e-02,4.0973349445e-02,4.0968507570e-02,4.0961629421e-02,4.0954148513e-02,4.0946012147e-02,4.0937163043e-02,4.0927538941e-02,4.0917072175e-02,4.0905689208e-02,4.0893310131e-02,4.0879848119e-02,4.0865208843e-02,4.0849289830e-02,4.0831979777e-02,4.0776590767e-02,4.0700671223e-02,4.0618244576e-02,4.0528768387e-02,4.0431657792e-02,4.0326282707e-02,4.0149677136e-02,3.9921960008e-02,3.9675710117e-02,3.9409557988e-02,3.8967980521e-02,3.8404979069e-02,3.7801765330e-02,3.6831101781e-02,3.5632126843e-02,3.4448620111e-02,3.3411775701e-02,3.2427993343e-02,3.1663452071e-02,3.0939748602e-02,3.0238623023e-02,2.9538202599e-02,2.8794365350e-02,2.7989451123e-02,2.7106099697e-02,2.6133112655e-02,2.5065174041e-02,2.3896227715e-02,2.2612127536e-02,2.1216818387e-02,1.9692602943e-02,1.8050728927e-02,1.6312801857e-02,1.4500402167e-02,1.2640968670e-02,1.0797706833e-02,9.0376784106e-03,7.4162485101e-03,5.9637395864e-03,4.6888966262e-03,3.5942957813e-03,2.6795123471e-03,1.9383292975e-03,1.3576158344e-03,9.1702648923e-04,5.9678965729e-04,3.7202306471e-04,2.2094514002e-04,1.2446508334e-04,6.6198251356e-05,3.3094274336e-05,1.5447246301e-05,6.7464640605e-06,2.7572015212e-06,1.0477380813e-06,3.5483145899e-07,8.6911853446e-08,0.0000000000e+00,0.0000000000e+00,0.0000000000e+00,0.0000000000e+00,0.0000000000e+00,0.0000000000e+00,0.0000000000e+00,0.0000000000e+00,0.0000000000e+00,0.0000000000e+00,0.0000000000e+00,0.0000000000e+00,0.0000000000e+00,0.0000000000e+00,0.0000000000e+00,0.0000000000e+00,0.0000000000e+00,0.0000000000e+00,0.0000000000e+00,0.0000000000e+00,0.0000000000e+00,0.0000000000e+00,0.0000000000e+00
5.7636764626e+02,3.8709394948e-02,3.8709394948e-02,3.8709394948e-02,3.8709394948e-02,3.8709394948e-02,3.8709394948e-02,3.8709394948e-02,3.8709394948e-02,3.8709394948e-02,3.8709394948e-02,3.8709394948e-02,3.8709394948e-02,3.8709394948e-02,3.8709394948e-02,3.8709394948e-02,3.8709394948e-02,3.8709394948e-02,3.8709394948e-02,3.8709394948e-02,3.8709394948e-02,3.8709394948e-02,3.8709394948e-02,3.8709394948e-02,3.8709394948e-02,3.8709394948e-02,3.8709394948e-02,3.8709394948e-02,3.8709394948e-02,3.8709394948e-02,3.8709394948e-02,3.8709394948e-02,3.8709394948e-02,3.8709394948e-02,3.8709394948e-02,3.8709394948e-02,3.8709394948e-02,3.8709394948e-02,3.8709394948e-02,3.8709394948e-02,3.8709394948e-02,3.8709394948e-02,3.8709394948e-02,3.8709394948e-02,3.8709394948e-02,3.8709394948e-02,3.8709394948e-02,3.8709394948e-02,3.8709394948e-02,3.8709394948e-02,3.8709394948e-02,3.8709394948e-02,3.8709394948e-02,3.8709394948e-02,3.8709394948e-02,3.8709394948e-02,3.8709394948e-02,3.8709394948e-02,3.8709394948e-02,3.8709394948e-02,3.8709394948e-02,3.8709394948e-02,3.8709394948e-02,3.8709394948e-02,3.8709394948e-02,3.8709394948e-02,3.8709394948e-02,3.8709394948e-02,3.8709394948e-02,3.8709394948e-02,3.8709394948e-02,3.8709394948e-02,3.8709394948e-02,3.8709394948e-02,3.8709394948e-02,3.8709394948e-02,3.8709394948e-02,3.8709394948e-02,3.8709394948e-02,3.8709394948e-02,3.8709394948e-02,3.8709394948e-02,3.8709394948e-02,3.8709394948e-02,3.8709394948e-02,3.8709394948e-02,3.8709394948e-02,3.8709394948e-02,3.8709394948e-02,3.8709394948e-02,3.8709394948e-02,3.8709394948e-02,3.8709394948e-02,3.8709394948e-02,3.8709394948e-02,3.8709394948e-02,3.8709394948e-02,3.8709394948e-02,3.8709394948e-02,3.8709394948e-02,3.8709394948e-02,3.8709394948e-02,3.8709394948e-02,3.8709394948e-02,3.8709394948e-02,3.8709394948e-02,3.8709394948e-02,3.8709394948e-02,3.8705111629e-02,3.8699026885e-02,3.8692408836e-02,3.8685210844e-02,3.8677382212e-02,3.8668867831e-02,3.8659607806e-02,3.8649537040e-02,3.8638584791e-02,3.8626674189e-02,3.8613721711e-02,3.8599636617e-02,3.8584320339e-02,3.8535541248e-02,3.8468708431e-02,3.8396137660e-02,3.8317348843e-02,3.8231824006e-02,3.8139004739e-02,3.7983714457e-02,3.7783527755e-02,3.7566957640e-02,3.7332776752e-02,3.6945001447e-02,3.6450503459e-02,3.5920089545e-02,3.5064853256e-02,3.4006017175e-02,3.2955947695e-02,3.2027196466e-02,3.1142408357e-02,3.0448471445e-02,2.9789080907e-02,2.9148015282e-02,2.8505552739e-02,2.7821801130e-02,2.7080339385e-02,2.6264846703e-02,2.5364562467e-02,2.4374065326e-02,2.3287157633e-02,2.2089900577e-02,2.0785255206e-02,1.9355731359e-02,1.7810312691e-02,1.6167277562e-02,1.4445410397e-02,1.2669338423e-02,1.0897885161e-02,9.1936093520e-03,7.6094182360e-03,6.1768340658e-03,4.9068255014e-03,3.8046094405e-03,2.8725732293e-03,2.1075503016e-03,1.4995005448e-03,1.0307706100e-03,6.8395831582e-04,4.3562273332e-04,2.6494610008e-04,1.5323183688e-04,8.3908215032e-05,4.3318314068e-05,2.0948234598e-05,9.5117624218e-06,4.0586808086e-06,1.6223995268e-06,5.9236698502e-07,1.7712960243e-07,0.0000000000e+00,0.0000000000e+00,0.0000000000e+00,0.0000000000e+00,0.0000000000e+00,0.0000000000e+00,0.0000000000e+00,0.0000000000e+00,0.0000000000e+00,0.0000000000e+00,0.0000000000e+00,0.0000000000e+00,0.0000000000e+00,0.0000000000e+00,0.0000000000e+00,0.0000000000e+00,0.0000000000e+00,0.0000000000e+00,0.0000000000e+00,0.0000000000e+00,0.0000000000e+00,0.0000000000e+00,0.0000000000e+00
6.0577704204e+02,3.6574765215e-02,3.6574765215e-02,3.6574765215e-02,3.6574765215e-02,3.6574765215e-02,3.6574765215e-02,3.6574765215e-02,3.6574765215e-02,3.6574765215e-02,3.6574765215e-02,3.6574765215e-02,3.6574765215e-02,3.6574765215e-02,3.6574765215e-02,3.6574765215e-02,3.6574765215e-02,3.6574765215e-02,3.6574765215e-02,3.6574765215e-02,3.6574765215e-02,3.6574765215e-02,3.6574765215e-02,3.6574765215e-02,3.6574765215e-02,3.6574765215e-02,3.6574765215e-02,3.6574765215e-02,3.6574765215e-02,3.6574765215e-02,3.6574765215e-02,3.6574765215e-02,3.6574765215e-02,3.6574765215e-02,3.6574765215e-02,3.6574765215e-02,3.6574765215e-02,3.6574765215e-02,3.6574765215e-02,3.6574765215e-02,3.6574765215e-02,3.6574765215e-02,3.6574765215e-02,3.6574765215e-02,3.6574765215e-02,3.6574765215e-02,3.6574765215e-02,3.6574765215e-02,3.6574765215e-02,3.6574765215e-02,3.6574765215e-02,3.6574765215e-02,3.6574765215e-02,3.6574765215e-02,3.6574765215e-02,3.6574765215e-02,3.6574765215e-02,3.6574765215e-02,3.6574765215e-02,3.6574765215e-02,3.6574765215e-02,3.6574765215e-02,3.6574765215e-02,3.6574765215e-02,3.6574765215e-02,3.6574765215e-02,3.6574765215e-02,3.6574765215e-02,3.6574765215e-02,3.6574765215e-02,3.6574765215e-02,3.6574765215e-02,3.6574765215e-02,3.6574765215e-02,3.6574765215e-02,3.6574765215e-02,3.6574765215e-02,3.6574765215e-02,3.6574765215e-02,3.6574765215e-02,3.6574765215e-02,3.6574765215e-02,3.6574765215e-02,3.6574765215e-02,3.6574765215e-02,3.6574765215e-02,3.6574765215e-02,3.6574765215e-02,3.6574765215e-02,3.6574765215e-02,3.6574765215e-02,3.6574765215e-02,3.6574765215e-02,3.6574765215e-02,3.6574765215e-02,3.6574765215e-02,3.6574765215e-02,3.6574765215e-02,3.6574765215e-02,3.6574765215e-02,3.6574765215e-02,3.6574765215e-02,3.6574765215e-02,3.6574765215e-02,3.6574765215e-02,3.6574765215e-02,3.6574765215e-02,3.6574765215e-02,3.6570983723e-02,3.6565611811e-02,3.6559769009e-02,3.6553414124e-02,3.6546502378e-02,3.6538985094e-02,3.6530809362e-02,3.6521917677e-02,3.6512247540e-02,3.6501731034e-02,3.6490294358e-02,3.6477857329e-02,3.6464332835e-02,3.6421414414e-02,3.6362628309e-02,3.6298787077e-02,3.6229466284e-02,3.6154207739e-02,3.6072517154e-02,3.5936058746e-02,3.5760182650e-02,3.5569837625e-02,3.5363925978e-02,3.5023586312e-02,3.4589506178e-02,3.4123410314e-02,3.3370465138e-02,3.2436265143e-02,3.1505652733e-02,3.0674960941e-02,2.9880515545e-02,2.9251922662e-02,2.8652387871e-02,2.8067513970e-02,2.7479504068e-02,2.6852352683e-02,2.6170824426e-02,2.5419609853e-02,2.4588399293e-02,2.3671712591e-02,2.2663266343e-02,2.1549374235e-02,2.0332119768e-02,1.8994284588e-02,1.7542830177e-02,1.5993010709e-02,1.4361003023e-02,1.2668745929e-02,1.0970765492e-02,9.3251601370e-03,7.7822077757e-03,6.3741738422e-03,5.1138429326e-03,4.0086984071e-03,3.0636124127e-03,2.2782041478e-03,1.6453573180e-03,1.1500632993e-03,7.7733245928e-04,5.0531228965e-04,3.1435454363e-04,1.8640594704e-04,1.0493750749e-04,5.5853779252e-05,2.7933989812e-05,1.3160693630e-05,5.8495615468e-06,2.4509035465e-06,9.5443068028e-07,3.2671879835e-07,4.1151891995e-08,0.0000000000e+00,0.0000000000e+00,0.0000000000e+00,0.0000000000e+00,0.0000000000e+00,0.0000000000e+00,0.0000000000e+00,0.0000000000e+00,0.0000000000e+00,0.0000000000e+00,0.0000000000e+00,0.0000000000e+00,0.0000000000e+00,0.0000000000e+00,0.0000000000e+00,0.0000000000e+00,0.0000000000e+00,0.0000000000e+00,0.0000000000e+00,0.0000000000e+00,0.0000000000e+00,0.0000000000e+00
6.3668706432e+02,3.4560189754e-02,3.4560189754e-02,3.4560189754e-02,3.4560189754e-02,3.4560189754e-02,3.4560189754e-02,3.4560189754e-02,3.4560189754e-02,3.4560189754e-02,3.4560189754e-02,3.4560189754e-02,3.4560189754e-02,3.4560189754e-02,3.4560189754e-02,3.4560189754e-02,3.4560189754e-02,3.4560189754e-02,3.4560189754e-02,3.4560189754e-02,3.4560189754e-02,3.4560189754e-02,3.4560189754e-02,3.4560189754e-02,3.4560189754e-02,3.4560189754e-02,3.4560189754e-02,3.4560189754e-02,3.4560189754e-02,3.4560189754e-02,3.4560189754e-02,3.4560189754e-02,3.4560189754e-02,3.4560189754e-02,3.4560189754e-02,3.4560189754e-02,3.4560189754e-02,3.4560189754e-02,3.4560189754e-02,3.4560189754e-02,3.4560189754e-02,3.4560189754e-02,3.4560189754e-02,3.4560189754e-02,3.4560189754e-02,3.4560189754e-02,3.4560189754e-02,3.4560189754e-02,3.4560189754e-02,3.4560189754e-02,3.4560189754e-02,3.4560189754e-02,3.4560189754e-02,3.4560189754e-02,3.4560189754e-02,3.4560189754e-02,3.4560189754e-02,3.4560189754e-02,3.4560189754e-02,3.4560189754e-02,3.4560189754e-02,3.4560189754e-02,3.4560189754e-02,3.4560189754e-02,3.4560189754e-02,3.4560189754e-02,3.4560189754e-02,3.4560189754e-02,3.4560189754e-02,3.4560189754e-02,3.4560189754e-02,3.4560189754e-02,3.4560189754e-02,3.4560189754e-02,3.4560189754e-02,3.4560189754e-02,3.4560189754e-02,3.4560189754e-02,3.4560189754e-02,3.4560189754e-02,3.4560189754e-02,3.4560189754e-02,3.4560189754e-02,3.4560189754e-02,3.4560189754e-02,3.4560189754e-02,3.4560189754e-02,3.4560189754e-02,3.4560189754e-02,3.4560189754e-02,3.4560189754e-02,3.4560189754e-02,3.4560189754e-02,3.4560189754e-02,3.4560189754e-02,3.4560189754e-02,3.4560189754e-02,3.4560189754e-02,3.4560189754e-02,3.4560189754e-02,3.4560189754e-02,3.4560189754e-02,3.4560189754e-02,3.4560189754e-02,3.4560189754e-02,3.4560189754e-02,3.4560189754e-02,3.4560189754e-02,3.4556858665e-02,3.4552126545e-02,3.4546979565e-02,3.4541381423e-02,3.4535292656e-02,3.4528670364e-02,3.4521467913e-02,3.4513634614e-02,3.4505115378e-02,3.4495850330e-02,3.4485774407e-02,3.4474816911e-02,3.4462901030e-02,3.4425176405e-02,3.4373512719e-02,3.4317399729e-02,3.4256462650e-02,3.4190296662e-02,3.4118464785e-02,3.3998638762e-02,3.3844223564e-02,3.3677043211e-02,3.3496117954e-02,3.3197593252e-02,3.2816788758e-02,3.2407498997e-02,3.1745170351e-02,3.0921755766e-02,3.0097996968e-02,2.9356159647e-02,2.8644044223e-02,2.8075800646e-02,2.7531842225e-02,2.6999403792e-02,2.6462412921e-02,2.5888430809e-02,2.5263353718e-02,2.4572853485e-02,2.3807081676e-02,2.2960542804e-02,2.2026919591e-02,2.0992820863e-02,1.9859553482e-02,1.8610230735e-02,1.7250018808e-02,1.5791436452e-02,1.4248241546e-02,1.2639817852e-02,1.1016502367e-02,9.4320094955e-03,7.9338613529e-03,6.5546533295e-03,5.3086056963e-03,4.2051091119e-03,3.2511974415e-03,2.4490007846e-03,1.7941346150e-03,1.2741518271e-03,8.7647407159e-04,5.8094272441e-04,3.6924476893e-04,2.2420646042e-04,1.2957531569e-04,7.0994996131e-05,3.6659390563e-05,1.7888712523e-05,8.2658034478e-06,3.6210083992e-06,1.4953301408e-06,5.7010461242e-07,1.7668913656e-07,0.0000000000e+00,0.0000000000e+00,0.0000000000e+00,0.0000000000e+00,0.0000000000e+00,0.0000000000e+00,0.0000000000e+00,0.0000000000e+00,0.0000000000e+00,0.0000000000e+00,0.0000000000e+00,0.0000000000e+00,0.0000000000e+00,0.0000000000e+00,0.0000000000e+00,0.0000000000e+00,0.0000000000e+00,0.0000000000e+00,0.0000000000e+00,0.0000000000e+00,0.0000000000e+00,0.0000000000e+00
6.6917428317e+02,3.2659643471e-02,3.2659643471e-02,3.2659643471e-02,3.2659643471e-02,3.2659643471e-02,3.2659643471e-02,3.2659643471e-02,3.2659643471e-02,3.2659643471e-02,3.2659643471e-02,3.2659643471e-02,3.2659643471e-02,3.2659643471e-02,3.2659643471e-02,3.2659643471e-02,3.2659643471e-02,3.2659643471e-02,3.2659643471e-02,3.2659643471e-02,3.2659643471e-02,3.2659643471e-02,3.2659643471e-02,3.2659643471e-02,3.2659643471e-02,3.2659643471e-02,3.2659643471e-02,3.2659643471e-02,3.2659643471e-02,3.2659643471e-02,3.2659643471e-02,3.2659643471e-02,3.2659643471e-02,3.2659643471e-02,3.2659643471e-02,3.2659643471e-02,3.2659643471e-02,3.2659643471e-02,3.2659643471e-02,3.2659643471e-02,3.2659643471e-02,3.2659643471e-02,3.2659643471e-02,3.2659643471e-02,3.2659643471e-02,3.2659643471e-02,3.2659643471e-02,3.2659643471e-02,3.2659643471e-02,3.2659643471e-02,3.2659643471e-02,3.2659643471e-02,3.2659643471e-02,3.2659643471e-02,3.2659643471e-02,3.2659643471e-02,3.2659643471e-02,3.2659643471e-02,3.2659643471e-02,3.2659643471e-02,3.2659643471e-02,3.2659643471e-02,3.2659643471e-02,3.2659643471e-02,3.2659643471e-02,3.2659643471e-02,3.2659643471e-02,3.2659643471e-02,3.2659643471e-02,3.2659643471e-02,3.2659643471e-02,3.2659643471e-02,3.2659643471e-02,3.2659643471e-02,3.2659643471e-02,3.2659643471e-02,3.2659643471e-02,3.2659643471e-02,3.2659643471e-02,3.2659643471e-02,3.2659643471e-02,3.2659643471e-02,3.2659643471e-02,3.2659643471e-02,3.2659643471e-02,3.2659643471e-02,3.2659643471e-02,3.2659643471e-02,3.2659643471e-02,3.2659643471e-02,3.2659643471e-02,3.2659643471e-02,3.2659643471e-02,3.2659643471e-02,3.2659643471e-02,3.2659643471e-02,3.2659643471e-02,3.2659643471e-02,3.2659643471e-02,3.2659643471e-02,3.2659643471e-02,3.2659643471e-02,3.2659643471e-02,3.2659643471e-02,3.2659643471e-02,3.2659643471e-02,3.2659643471e-02,3.2659643471e-02,3.2659643471e-02,3.2659104368e-02,3.2653325930e-02,3.2647041163e-02,3.2640205813e-02,3.2632771774e-02,3.2624686767e-02,3.2615893970e-02,3.2606331641e-02,3.2595932685e-02,3.2584624211e-02,3.2572327029e-02,3.2558955121e-02,3.2544415062e-02,3.2526739365e-02,3.2468076115e-02,3.2404380924e-02,3.2335233612e-02,3.2260181008e-02,3.2178734741e-02,3.2090368970e-02,3.1908774334e-02,3.1710469025e-02,3.1496146883e-02,3.1264646595e-02,3.0697898252e-02,3.0087019413e-02,2.9436286865e-02,2.8760789274e-02,2.8043620671e-02,2.7447797673e-02,2.6920319808e-02,2.6427421569e-02,2.5943603431e-02,2.5453447624e-02,2.4929321858e-02,2.4362853258e-02,2.3731105169e-02,2.3025332528e-02,2.2245055729e-02,2.1381274739e-02,2.0424876117e-02,1.9367733598e-02,1.8206736203e-02,1.6932115850e-02,1.5564594860e-02,1.4107117998e-02,1.2583379085e-02,1.1035485681e-02,9.5141840538e-03,8.0640310140e-03,6.7174905539e-03,5.4898921709e-03,4.3925638565e-03,3.4340309544e-03,2.6187078974e-03,1.9447225040e-03,1.4021733929e-03,9.8078663872e-04,6.6221378529e-04,4.2960914756e-04,2.6678721317e-04,1.5804785111e-04,8.9007321606e-05,4.7373094531e-05,2.3895561553e-05,1.1448638391e-05,5.2196058373e-06,2.2596267665e-06,9.2017715109e-07,3.2710768485e-07,6.5813653265e-08,0.0000000000e+00,0.0000000000e+00,0.0000000000e+00,0.0000000000e+00,0.0000000000e+00,0.0000000000e+00,0.0000000000e+00,0.0000000000e+00,0.0000000000e+00,0.0000000000e+00,0.0000000000e+00,0.0000000000e+00,0.0000000000e+00,0.0000000000e+00,0.0000000000e+00,0.0000000000e+00,0.0000000000e+00,0.0000000000e+00,0.0000000000e+00,0.0000000000e+00,0.0000000000e+00
7.0331917570e+02,3.0862344268e-02,3.0862344268e-02,3.0862344268e-02,3.0862344268e-02,3.0862344268e-02,3.0862344268e-02,3.0862344268e-02,3.0862344268e-02,3.0862344268e-02,3.0862344268e-02,3.0862344268e-02,3.0862344268e-02,3.0862344268e-02,3.0862344268e-02,3.0862344268e-02,3.0862344268e-02,3.0862344268e-02,3.0862344268e-02,3.0862344268e-02,3.0862344268e-02,3.0862344268e-02,3.0862344268e-02,3.0862344268e-02,3.0862344268e-02,3.0862344268e-02,3.0862344268e-02,3.0862344268e-02,3.0862344268e-02,3.0862344268e-02,3.0862344268e-02,3.0862344268e-02,3.0862344268e-02,3.0862344268e-02,3.0862344268e-02,3.0862344268e-02,3.0862344268e-02,3.0862344268e-02,3.0862344268e-02,3.0862344268e-02,3.0862344268e-02,3.0862344268e-02,3.0862344268e-02,3.0862344268e-02,3.0862344268e-02,3.0862344268e-02,3.0862344268e-02,3.0862344268e-02,3.0862344268e-02,3.0862344268e-02,3.0862344268e-02,3.0862344268e-02,3.0862344268e-02,3.0862344268e-02,3.0862344268e-02,3.0862344268e-02,3.0862344268e-02,3.0862344268e-02,3.0862344268e-02,3.0862344268e-02,3.0862344268e-02,3.0862344268e-02,3.0862344268e-02,3.0862344268e-02,3.0862344268e-02,3.0862344268e-02,3.0862344268e-02,3.0862344268e-02,3.0862344268e-02,3.0862344268e-02,3.0862344268e-02,3.0862344268e-02,3.0862344268e-02,3.0862344268e-02,3.0862344268e-02,3.0862344268e-02,3.0862344268e-02,3.0862344268e-02,3.0862344268e-02,3.0862344268e-02,3.0862344268e-02,3.0862344268e-02,3.0862344268e-02,3.0862344268e-02,3.0862344268e-02,3.0862344268e-02,3.0862344268e-02,3.0862344268e-02,3.0862344268e-02,3.0862344268e-02,3.0862344268e-02,3.0862344268e-02,3.0862344268e-02,3.0862344268e-02,3.0862344268e-02,3.0862344268e-02,3.0862344268e-02,3.0862344268e-02,3.0862344268e-02,3.0862344268e-02,3.0862344268e-02,3.0862344268e-02,3.0862344268e-02,3.0862344268e-02,3.0862344268e-02,3.0862344268e-02,3.0862344268e-02,3.0862344268e-02,3.0862344268e-02,3.0861871339e-02,3.0856802154e-02,3.0851288715e-02,3.0845292179e-02,3.0838770322e-02,3.0831677252e-02,3.0823963086e-02,3.0815573619e-02,3.0806449942e-02,3.0796528048e-02,3.0785738396e-02,3.0774005439e-02,3.0761247116e-02,3.0745737623e-02,3.0694274063e-02,3.0638388549e-02,3.0577710449e-02,3.0511839770e-02,3.0440345148e-02,3.0362761758e-02,3.0203620670e-02,3.0029762645e-02,2.9841771857e-02,2.9638607014e-02,2.9142201994e-02,2.8606367673e-02,2.8034656053e-02,2.7435897105e-02,2.6799104720e-02,2.6266376747e-02,2.5791795314e-02,2.5346473266e-02,2.4907957127e-02,2.4462187910e-02,2.3984590519e-02,2.3467298947e-02,2.2889085556e-02,2.2241621050e-02,2.1524110903e-02,2.0727816049e-02,1.9843724377e-02,1.8863707483e-02,1.7784184464e-02,1.6594879029e-02,1.5313665799e-02,1.3941933011e-02,1.2500726749e-02,1.1028478314e-02,9.5717125118e-03,8.1720794024e-03,6.8617162741e-03,5.6567005166e-03,4.5696043105e-03,3.6105025838e-03,2.7857618081e-03,2.0958076574e-03,1.5330490900e-03,1.0895108289e-03,7.4865151403e-04,4.9522526308e-04,3.1423459303e-04,1.9062628413e-04,1.1018288120e-04,6.0346986251e-05,3.1407213371e-05,1.5568027499e-05,7.3644205910e-06,3.3217844957e-06,1.4224703367e-06,5.5089299857e-07,1.5979115474e-07,0.0000000000e+00,0.0000000000e+00,0.0000000000e+00,0.0000000000e+00,0.0000000000e+00,0.0000000000e+00,0.0000000000e+00,0.0000000000e+00,0.0000000000e+00,0.0000000000e+00,0.0000000000e+00,0.0000000000e+00,0.0000000000e+00,0.0000000000e+00,0.0000000000e+00,0.0000000000e+00,0.0000000000e+00,0.0000000000e+00,0.0000000000e+00,0.0000000000e+00,0.0000000000e+00
7.3920632540e+02,2.9163047994e-02,2.9163047994e-02,2.9163047994e-02,2.9163047994e-02,2.9163047994e-02,2.9163047994e-02,2.9163047994e-02,2.9163047994e-02,2.9163047994e-02,2.9163047994e-02,2.9163047994e-02,2.9163047994e-02,2.9163047994e-02,2.9163047994e-02,2.9163047994e-02,2.9163047994e-02,2.9163047994e-02,2.9163047994e-02,2.9163047994e-02,2.9163047994e-02,2.9163047994e-02,2.9163047994e-02,2.9163047994e-02,2.9163047994e-02,2.9163047994e-02,2.9163047994e-02,2.9163047994e-02,2.9163047994e-02,2.9163047994e-02,2.9163047994e-02,2.9163047994e-02,2.9163047994e-02,2.9163047994e-02,2.9163047994e-02,2.9163047994e-02,2.9163047994e-02,2.9163047994e-02,2.9163047994e-02,2.9163047994e-02,2.9163047994e-02,2.9163047994e-02,2.9163047994e-02,2.9163047994e-02,2.9163047994e-02,2.9163047994e-02,2.9163047994e-02,2.9163047994e-02,2.9163047994e-02,2.9163047994e-02,2.9163047994e-02,2.9163047994e-02,2.9163047994e-02,2.9163047994e-02,2.9163047994e-02,2.9163047994e-02,2.9163047994e-02,2.9163047994e-02,2.9163047994e-02,2.9163047994e-02,2.9163047994e-02,2.9163047994e-02,2.9163047994e-02,2.9163047994e-02,2.9163047994e-02,2.9163047994e-02,2.9163047994e-02,2.9163047994e-02,2.9163047994e-02,2.9163047994e-02,2.9163047994e-02,2.9163047994e-02,2.9163047994e-02,2.9163047994e-02,2.9163047994e-02,2.9163047994e-02,2.9163047994e-02,2.9163047994e-02,2.9163047994e-02,2.9163047994e-02,2.9163047994e-02,2.9163047994e-02,2.9163047994e-02,2.9163047994e-02,2.9163047994e-02,2.9163047994e-02,2.9163047994e-02,2.9163047994e-02,2.9163047994e-02,2.9163047994e-02,2.9163047994e-02,2.9163047994e-02,2.9163047994e-02,2.9163047994e-02,2.9163047994e-02,2.9163047994e-02,2.9163047994e-02,2.9163047994e-02,2.9163047994e-02,2.9163047994e-02,2.9163047994e-02,2.9163047994e-02,2.9163047994e-02,2.9163047994e-02,2.9163047994e-02,2.9163047994e-02,2.9163047994e-02,2.9163047994e-02,2.9163047994e-02,2.9162634086e-02,2.9158197508e-02,2.9153372056e-02,2.9148123717e-02,2.9142415516e-02,2.9136207264e-02,2.9129455277e-02,2.9122112074e-02,2.9114126060e-02,2.9105441162e-02,2.9095996459e-02,2.9085725757e-02,2.9074557151e-02,2.9060977490e-02,2.9015871789e-02,2.8966884191e-02,2.8913688188e-02,2.8855931193e-02,2.8793232717e-02,2.8725182461e-02,2.8585820507e-02,2.8433511296e-02,2.8268746992e-02,2.8090596351e-02,2.7656180457e-02,2.7186627289e-02,2.6684884401e-02,2.6154926302e-02,2.5590390452e-02,2.5114939300e-02,2.4688831057e-02,2.4287348584e-02,2.3890762326e-02,2.3486235203e-02,2.3051973407e-02,2.2580603250e-02,2.2052521355e-02,2.1459818929e-02,2.0801439697e-02,2.0068934000e-02,1.9253437673e-02,1.8346874426e-02,1.7345284937e-02,1.6238026974e-02,1.5040399021e-02,1.3752397522e-02,1.2392585311e-02,1.0995870028e-02,9.6047085355e-03,8.2578304922e-03,6.9867596698e-03,5.8080301896e-03,4.7351589656e-03,3.7794811810e-03,2.9490399496e-03,2.2463266453e-03,1.6659049912e-03,1.2019966533e-03,8.3987012590e-04,5.6594695035e-04,3.6654534030e-04,2.2742307329e-04,1.3473133095e-04,7.5823150119e-05,4.0650725153e-05,2.0810931663e-05,1.0195613139e-05,4.7813478143e-06,2.1455769823e-06,8.9381177664e-07,3.2108954779e-07,4.6398560754e-08,0.0000000000e+00,0.0000000000e+00,0.0000000000e+00,0.0000000000e+00,0.0000000000e+00,0.0000000000e+00,0.0000000000e+00,0.0000000000e+00,0.0000000000e+00,0.0000000000e+00,0.0000000000e+00,0.0000000000e+00,0.0000000000e+00,0.0000000000e+00,0.0000000000e+00,0.0000000000e+00,0.0000000000e+00,0.0000000000e+00,0.0000000000e+00,0.0000000000e+00
7.7692463164e+02,2.7555492345e-02,2.7555492345e-02,2.7555492345e-02,2.7555492345e-02,2.7555492345e-02,2.7555492345e-02,2.7555492345e-02,2.7555492345e-02,2.7555492345e-02,2.7555492345e-02,2.7555492345e-02,2.7555492345e-02,2.7555492345e-02,2.7555492345e-02,2.7555492345e-02,2.7555492345e-02,2.7555492345e-02,2.7555492345e-02,2.7555492345e-02,2.7555492345e-02,2.7555492345e-02,2.7555492345e-02,2.7555492345e-02,2.7555492345e-02,2.7555492345e-02,2.7555492345e-02,2.7555492345e-02,2.7555492345e-02,2.7555492345e-02,2.7555492345e-02,2.7555492345e-02,2.7555492345e-02,2.7555492345e-02,2.7555492345e-02,2.7555492345e-02,2.7555492345e-02,2.7555492345e-02,2.7555492345e-02,2.7555492345e-02,2.7555492345e-02,2.7555492345e-02,2.7555492345e-02,2.7555492345e-02,2.7555492345e-02,2.7555492345e-02,2.7555492345e-02,2.7555492345e-02,2.7555492345e-02,2.7555492345e-02,2.7555492345e-02,2.7555492345e-02,2.7555492345e-02,2.7555492345e-02,2.7555492345e-02,2.7555492345e-02,2.7555492345e-02,2.7555492345e-02,2.7555492345e-02,2.7555492345e-02,2.7555492345e-02,2.7555492345e-02,2.7555492345e-02,2.7555492345e-02,2.7555492345e-02,2.7555492345e-02,2.7555492345e-02,2.7555492345e-02,2.7555492345e-02,2.7555492345e-02,2.7555492345e-02,2.7555492345e-02,2.7555492345e-02,2.7555492345e-02,2.7555492345e-02,2.7555492345e-02,2.7555492345e-02,2.7555492345e-02,2.7555492345e-02,2.7555492345e-02,2.7555492345e-02,2.7555492345e-02,2.7555492345e-02,2.7555492345e-02,2.7555492345e-02,2.7555492345e-02,2.7555492345e-02,2.7555492345e-02,2.7555492345e-02,2.7555492345e-02,2.7555492345e-02,2.7555492345e-02,2.7555492345e-02,2.7555492345e-02,2.7555492345e-02,2.7555492345e-02,2.7555492345e-02,2.7555492345e-02,2.7555492345e-02,2.7555492345e-02,2.7555492345e-02,2.7555492345e-02,2.7555492345e-02,2.7555492345e-02,2.7555492345e-02,2.7555492345e-02,2.7555492345e-02,2.7555492345e-02,2.7555492345e-02,2.7555131020e-02,2.7551258043e-02,2.7547045540e-02,2.7542463807e-02,2.7537480550e-02,2.7532060664e-02,2.7526165989e-02,2.7519755050e-02,2.7512782767e-02,2.7505200152e-02,2.7496953969e-02,2.7487986375e-02,2.7478234525e-02,2.7466372319e-02,2.7426878199e-02,2.7383980005e-02,2.7337390483e-02,2.7286799257e-02,2.7231871187e-02,2.7172244630e-02,2.7050299250e-02,2.6916975939e-02,2.6772689655e-02,2.6616609640e-02,2.6236793815e-02,2.5825743492e-02,2.5385902544e-02,2.4917555049e-02,2.4417888230e-02,2.3994341114e-02,2.3612554311e-02,2.3251370121e-02,2.2893491090e-02,2.2527181954e-02,2.2133172991e-02,2.1704567287e-02,2.1223300863e-02,2.0681887350e-02,2.0079057726e-02,1.9406675837e-02,1.8656067612e-02,1.7819258452e-02,1.6891995037e-02,1.5863399044e-02,1.4746449333e-02,1.3539911246e-02,1.2260031942e-02,1.0938360758e-02,9.6134577827e-03,8.3211486586e-03,7.0920965851e-03,5.9430307660e-03,4.8881356827e-03,3.9397327166e-03,3.1072728027e-03,2.3950764195e-03,1.7996922858e-03,1.3174133903e-03,9.3529219645e-04,6.4145142145e-04,4.2362011200e-04,2.6850677520e-04,1.6282709838e-04,9.4023450359e-05,5.1847640388e-05,2.7368514040e-05,1.3861406301e-05,6.7441013307e-06,3.1604633404e-06,1.4013646307e-06,5.7941176841e-07,2.3840418776e-07,0.0000000000e+00,0.0000000000e+00,0.0000000000e+00,0.0000000000e+00,0.0000000000e+00,0.0000000000e+00,0.0000000000e+00,0.0000000000e+00,0.0000000000e+00,0.0000000000e+00,0.0000000000e+00,0.0000000000e+00,0.0000000000e+00,0.0000000000e+00,0.0000000000e+00,0.0000000000e+00,0.0000000000e+00,0.0000000000e+00,0.0000000000e+00,0.0000000000e+00
8.1656752994e+02,2.5984380669e-02,2.5984380669e-02,2.5984380669e-02,2.5984380669e-02,2.5984380669e-02,2.5984380669e-02,2.5984380669e-02,2.5984380669e-02,2.5984380669e-02,2.5984380669e-02,2.5984380669e-02,2.5984380669e-02,2.5984380669e-02,2.5984380669e-02,2.5984380669e-02,2.5984380669e-02,2.5984380669e-02,2.5984380669e-02,2.5984380669e-02,2.5984380669e-02,2.5984380669e-02,2.5984380669e-02,2.5984380669e-02,2.5984380669e-02,2.5984380669e-02,2.5984380669e-02,2.5984380669e-02,2.5984380669e-02,2.5984380669e-02,2.5984380669e-02,2.5984380669e-02,2.5984380669e-02,2.5984380669e-02,2.5984380669e-02,2.5984380669e-02,2.5984380669e-02,2.5984380669e-02,2.5984380669e-02,2.5984380669e-02,2.5984380669e-02,2.5984380669e-02,2.5984380669e-02,2.5984380669e-02,2.5984380669e-02,2.5984380669e-02,2.5984380669e-02,2.5984380669e-02,2.5984380669e-02,2.5984380669e-02,2.5984380669e-02,2.5984380669e-02,2.5984380669e-02,2.5984380669e-02,2.5984380669e-02,2.5984380669e-02,2.5984380669e-02,2.5984380669e-02,2.5984380669e-02,2.5984380669e-02,2.5984380669e-02,2.5984380669e-02,2.5984380669e-02,2.5984380669e-02,2.5984380669e-02,2.5984380669e-02,2.5984380669e-02,2.5984380669e-02,2.5984380669e-02,2.5984380669e-02,2.5984380669e-02,2.5984380669e-02,2.5984380669e-02,2.5984380669e-02,2.5984380669e-02,2.5984380669e-02,2.5984380669e-02,2.5984380669e-02,2.5984380669e-02,2.5984380669e-02,2.5984380669e-02,2.5984380669e-02,2.5984380669e-02,2.5984380669e-02,2.5984380669e-02,2.5984380669e-02,2.5984380669e-02,2.5984380669e-02,2.5984380669e-02,2.5984380669e-02,2.5984380669e-02,2.5984380669e-02,2.5984380669e-02,2.5984380669e-02,2.5984380669e-02,2.5984380669e-02,2.5984380669e-02,2.5984380669e-02,2.5984380669e-02,2.5984380669e-02,2.5984380669e-02,2.5984380669e-02,2.5984380669e-02,2.5984380669e-02,2.5984380669e-02,2.5984380669e-02,2.5984380669e-02,2.5984380669e-02,2.5984380669e-02,2.5984380669e-02,2.5984380669e-02,2.5982279533e-02,2.5977176324e-02,2.5971626066e-02,2.5965589704e-02,2.5959024794e-02,2.5951885208e-02,2.5944120819e-02,2.5935677163e-02,2.5926495067e-02,2.5916510247e-02,2.5905652879e-02,2.5893847133e-02,2.5881010659e-02,2.5854110907e-02,2.5803507532e-02,2.5748572398e-02,2.5688945408e-02,2.5624238488e-02,2.5554033777e-02,2.5449627670e-02,2.5273853018e-02,2.5084019380e-02,2.4879132495e-02,2.4602343632e-02,2.4183753795e-02,2.3736485065e-02,2.3306990807e-02,2.2945245669e-02,2.2558103375e-02,2.2249003585e-02,2.1922982452e-02,2.1591894735e-02,2.1234726740e-02,2.0843649682e-02,2.0402250520e-02,1.9910286812e-02,1.9359988471e-02,1.8743714880e-02,1.8054770855e-02,1.7284671152e-02,1.6426091702e-02,1.5475918807e-02,1.4432416958e-02,1.3308020378e-02,1.2104976076e-02,1.0857291938e-02,9.5990828052e-03,8.3629388381e-03,7.1785154622e-03,6.0616480563e-03,5.0280889826e-03,4.0904840209e-03,3.2595240143e-03,2.5410781746e-03,1.9334814490e-03,1.4349209835e-03,1.0342354643e-03,7.2127312814e-04,4.8523553459e-04,3.1393743268e-04,1.9467585240e-04,1.1517549119e-04,6.5222662550e-05,3.5433100549e-05,1.8506732725e-05,9.3037444341e-06,4.5127525437e-06,2.0755518748e-06,8.8641648473e-07,3.2717139466e-07,5.3714986543e-08,0.0000000000e+00,0.0000000000e+00,0.0000000000e+00,0.0000000000e+00,0.0000000000e+00,0.0000000000e+00,0.0000000000e+00,0.0000000000e+00,0.0000000000e+00,0.0000000000e+00,0.0000000000e+00,0.0000000000e+00,0.0000000000e+00,0.0000000000e+00,0.0000000000e+00,0.0000000000e+00,0.0000000000e+00,0.0000000000e+00,0.0000000000e+00
8.5823322341e+02,2.4639877337e-02,2.4639877337e-02,2.4639877337e-02,2.4639877337e-02,2.4639877337e-02,2.4639877337e-02,2.4639877337e-02,2.4639877337e-02,2.4639877337e-02,2.4639877337e-02,2.4639877337e-02,2.4639877337e-02,2.4639877337e-02,2.4639877337e-02,2.4639877337e-02,2.4639877337e-02,2.4639877337e-02,2.4639877337e-02,2.4639877337e-02,2.4639877337e-02,2.4639877337e-02,2.4639877337e-02,2.4639877337e-02,2.4639877337e-02,2.4639877337e-02,2.4639877337e-02,2.4639877337e-02,2.4639877337e-02,2.4639877337e-02,2.4639877337e-02,2.4639877337e-02,2.4639877337e-02,2.4639877337e-02,2.4639877337e-02,2.4639877337e-02,2.4639877337e-02,2.4639877337e-02,2.4639877337e-02,2.4639877337e-02,2.4639877337e-02,2.4639877337e-02,2.4639877337e-02,2.4639877337e-02,2.4639877337e-02,2.4639877337e-02,2.4639877337e-02,2.4639877337e-02,2.4639877337e-02,2.4639877337e-02,2.4639877337e-02,2.4639877337e-02,2.4639877337e-02,2.4639877337e-02,2.4639877337e-02,2.4639877337e-02,2.4639877337e-02,2.4639877337e-02,2.4639877337e-02,2.4639877337e-02,2.4639877337e-02,2.4639877337e-02,2.4639877337e-02,2.4639877337e-02,2.4639877337e-02,2.4639877337e-02,2.4639877337e-02,2.4639877337e-02,2.4639877337e-02,2.4639877337e-02,2.4639877337e-02,2.4639877337e-02,2.4639877337e-02,2.4639877337e-02,2.4639877337e-02,2.4639877337e-02,2.4639877337e-02,2.4639877337e-02,2.4639877337e-02,2.4639877337e-02,2.4639877337e-02,2.4639877337e-02,2.4639877337e-02,2.4639877337e-02,2.4639877337e-02,2.4639877337e-02,2.4639877337e-02,2.4639877337e-02,2.4639877337e-02,2.4639877337e-02,2.4639877337e-02,2.4639877337e-02,2.4639877337e-02,2.4639877337e-02,2.4639877337e-02,2.4639877337e-02,2.4639877337e-02,2.4639877337e-02,2.4639877337e-02,2.4639877337e-02,2.4639877337e-02,2.4639877337e-02,2.4639877337e-02,2.4639877337e-02,2.4639877337e-02,2.4639877337e-02,2.4639877337e-02,2.4639877337e-02,2.4639877337e-02,2.4639877337e-02,2.4639877337e-02,2.4639877337e-02,2.4639877337e-02,2.4634671789e-02,2.4627454510e-02,2.4619605776e-02,2.4611070570e-02,2.4601789122e-02,2.4591696509e-02,2.4580722216e-02,2.4568789671e-02,2.4555815732e-02,2.4541710141e-02,2.4526374931e-02,2.4509703793e-02,2.4491581385e-02,2.4442006096e-02,2.4376493004e-02,2.4305425637e-02,2.4228352063e-02,2.4144787044e-02,2.4054210220e-02,2.3844504100e-02,2.3558819669e-02,2.3251930663e-02,2.2922627236e-02,2.2583540035e-02,2.2227650953e-02,2.1846871909e-02,2.1539516898e-02,2.1259274361e-02,2.0965720446e-02,2.0668852207e-02,2.0346275472e-02,1.9990901640e-02,1.9590980708e-02,1.9147275768e-02,1.8644024415e-02,1.8077931376e-02,1.7445526564e-02,1.6739330447e-02,1.5948749407e-02,1.5069002872e-02,1.4105454449e-02,1.3051728734e-02,1.1927148311e-02,1.0751519495e-02,9.5604894465e-03,8.3816124723e-03,7.2430130479e-03,6.1617255106e-03,5.1529981172e-03,4.2297207163e-03,3.4038706415e-03,2.6825300321e-03,2.0657282027e-03,1.5533603335e-03,1.1359226853e-03,8.0495332589e-04,5.5118231006e-04,3.6362143025e-04,2.3037057701e-04,1.3947811059e-04,8.0922727494e-05,4.5151020224e-05,2.4288190482e-05,1.2605770309e-05,6.3324247034e-06,3.0364091331e-06,1.3773737316e-06,5.8088455791e-07,2.0796281996e-07,2.5645022430e-08,0.0000000000e+00,0.0000000000e+00,0.0000000000e+00,0.0000000000e+00,0.0000000000e+00,0.0000000000e+00,0.0000000000e+00,0.0000000000e+00,0.0000000000e+00,0.0000000000e+00,0.0000000000e+00,0.0000000000e+00,0.0000000000e+00,0.0000000000e+00,0.0000000000e+00,0.0000000000e+00,0.0000000000e+00,0.0000000000e+00
9.0202492599e+02,2.3271774754e-02,2.3271774754e-02,2.3271774754e-02,2.3271774754e-02,2.3271774754e-02,2.3271774754e-02,2.3271774754e-02,2.3271774754e-02,2.3271774754e-02,2.3271774754e-02,2.3271774754e-02,2.3271774754e-02,2.3271774754e-02,2.3271774754e-02,2.3271774754e-02,2.3271774754e-02,2.3271774754e-02,2.3271774754e-02,2.3271774754e-02,2.3271774754e-02,2.3271774754e-02,2.3271774754e-02,2.3271774754e-02,2.3271774754e-02,2.3271774754e-02,2.3271774754e-02,2.3271774754e-02,2.3271774754e-02,2.3271774754e-02,2.3271774754e-02,2.3271774754e-02,2.3271774754e-02,2.3271774754e-02,2.3271774754e-02,2.3271774754e-02,2.3271774754e-02,2.3271774754e-02,2.3271774754e-02,2.3271774754e-02,2.3271774754e-02,2.3271774754e-02,2.3271774754e-02,2.3271774754e-02,2.3271774754e-02,2.3271774754e-02,2.3271774754e-02,2.3271774754e-02,2.3271774754e-02,2.3271774754e-02,2.3271774754e-02,2.3271774754e-02,2.3271774754e-02,2.3271774754e-02,2.3271774754e-02,2.3271774754e-02,2.3271774754e-02,2.3271774754e-02,2.3271774754e-02,2.3271774754e-02,2.3271774754e-02,2.3271774754e-02,2.3271774754e-02,2.3271774754e-02,2.3271774754e-02,2.3271774754e-02,2.3271774754e-02,2.3271774754e-02,2.3271774754e-02,2.3271774754e-02,2.3271774754e-02,2.3271774754e-02,2.3271774754e-02,2.3271774754e-02,2.3271774754e-02,2.3271774754e-02,2.3271774754e-02,2.3271774754e-02,2.3271774754e-02,2.3271774754e-02,2.3271774754e-02,2.3271774754e-02,2.3271774754e-02,2.3271774754e-02,2.3271774754e-02,2.3271774754e-02,2.3271774754e-02,2.3271774754e-02,2.3271774754e-02,2.3271774754e-02,2.3271774754e-02,2.3271774754e-02,2.3271774754e-02,2.3271774754e-02,2.3271774754e-02,2.3271774754e-02,2.3271774754e-02,2.3271774754e-02,2.3271774754e-02,2.3271774754e-02,2.3271774754e-02,2.3271774754e-02,2.3271774754e-02,2.3271774754e-02,2.3271774754e-02,2.3271774754e-02,2.3271774754e-02,2.3271774754e-02,2.3271774754e-02,2.3271774754e-02,2.3271774754e-02,2.3271774754e-02,2.3271774754e-02,2.3267246332e-02,2.3260967735e-02,2.3254139645e-02,2.3246714157e-02,2.3238639220e-02,2.3229858289e-02,2.3220309943e-02,2.3209927474e-02,2.3198638439e-02,2.3186364184e-02,2.3173019320e-02,2.3158511169e-02,2.3142739159e-02,2.3099491472e-02,2.3042314725e-02,2.2980277152e-02,2.2912980807e-02,2.2839997956e-02,2.2760869371e-02,2.2578110923e-02,2.2329064728e-02,2.2061264689e-02,2.1773591226e-02,2.1475342845e-02,2.1161033809e-02,2.0824342352e-02,2.0550759548e-02,2.0300094819e-02,2.0036979939e-02,1.9769842395e-02,1.9479081218e-02,1.9157914731e-02,1.8795701108e-02,1.8393018641e-02,1.7935097313e-02,1.7418693830e-02,1.6840291693e-02,1.6192596478e-02,1.5465375700e-02,1.4653484488e-02,1.3760924155e-02,1.2780714886e-02,1.1729920681e-02,1.0625851138e-02,9.5006469521e-03,8.3792749348e-03,7.2884519374e-03,6.2447849006e-03,5.2634955608e-03,4.3577555279e-03,3.5402139364e-03,2.8190913768e-03,2.1958558891e-03,1.6720069514e-03,1.2396138450e-03,8.9185127967e-04,6.2098209289e-04,4.1728634003e-04,2.6977806824e-04,1.6702410680e-04,9.9297866508e-05,5.6866941783e-05,3.1448312150e-05,1.6811661504e-05,8.7151420203e-06,4.3242553028e-06,2.0387978838e-06,9.0349410993e-07,3.5618568454e-07,8.8293102674e-08,0.0000000000e+00,0.0000000000e+00,0.0000000000e+00,0.0000000000e+00,0.0000000000e+00,0.0000000000e+00,0.0000000000e+00,0.0000000000e+00,0.0000000000e+00,0.0000000000e+00,0.0000000000e+00,0.0000000000e+00,0.0000000000e+00,0.0000000000e+00,0.0000000000e+00,0.0000000000e+00,0.0000000000e+00,0.0000000000e+00
9.4805111817e+02,2.1976322867e-02,2.1976322867e-02,2.1976322867e-02,2.1976322867e-02,2.1976322867e-02,2.1976322867e-02,2.1976322867e-02,2.1976322867e-02,2.1976322867e-02,2.1976322867e-02,2.1976322867e-02,2.1976322867e-02,2.1976322867e-02,2.1976322867e-02,2.1976322867e-02,2.1976322867e-02,2.1976322867e-02,2.1976322867e-02,2.1976322867e-02,2.1976322867e-02,2.1976322867e-02,2.1976322867e-02,2.1976322867e-02,2.1976322867e-02,2.1976322867e-02,2.1976322867e-02,2.1976322867e-02,2.1976322867e-02,2.1976322867e-02,2.1976322867e-02,2.1976322867e-02,2.1976322867e-02,2.1976322867e-02,2.1976322867e-02,2.1976322867e-02,2.1976322867e-02,2.1976322867e-02,2.1976322867e-02,2.1976322867e-02,2.1976322867e-02,2.1976322867e-02,2.1976322867e-02,2.1976322867e-02,2.1976322867e-02,2.1976322867e-02,2.1976322867e-02,2.1976322867e-02,2.1976322867e-02,2.1976322867e-02,2.1976322867e-02,2.1976322867e-02,2.1976322867e-02,2.1976322867e-02,2.1976322867e-02,2.1976322867e-02,2.1976322867e-02,2.1976322867e-02,2.1976322867e-02,2.1976322867e-02,2.1976322867e-02,2.1976322867e-02,2.1976322867e-02,2.1976322867e-02,2.1976322867e-02,2.1976322867e-02,2.1976322867e-02,2.1976322867e-02,2.1976322867e-02,2.1976322867e-02,2.1976322867e-02,2.1976322867e-02,2.1976322867e-02,2.1976322867e-02,2.1976322867e-02,2.1976322867e-02,2.1976322867e-02,2.1976322867e-02,2.1976322867e-02,2.1976322867e-02,2.1976322867e-02,2.1976322867e-02,2.1976322867e-02,2.1976322867e-02,2.1976322867e-02,2.1976322867e-02,2.1976322867e-02,2.1976322867e-02,2.1976322867e-02,2.1976322867e-02,2.1976322867e-02,2.1976322867e-02,2.1976322867e-02,2.1976322867e-02,2.1976322867e-02,2.1976322867e-02,2.1976322867e-02,2.1976322867e-02,2.1976322867e-02,2.1976322867e-02,2.1976322867e-02,2.1976322867e-02,2.1976322867e-02,2.1976322867e-02,2.1976322867e-02,2.1976322867e-02,2.1976322867e-02,2.1976322867e-02,2.1976322867e-02,2.1976322867e-02,2.1976322867e-02,2.1976322867e-02,2.1976322867e-02,2.1972392371e-02,2.1966942688e-02,2.1961015922e-02,2.1954570457e-02,2.1947561068e-02,2.1939938624e-02,2.1931649746e-02,2.1922636457e-02,2.1912835784e-02,2.1902179346e-02,2.1890592895e-02,2.1877995827e-02,2.1864300657e-02,2.1826617486e-02,2.1776769404e-02,2.1722672700e-02,2.1663977565e-02,2.1600307633e-02,2.1531258387e-02,2.1372159768e-02,2.1155302133e-02,2.0921897054e-02,2.0670916613e-02,2.0409031523e-02,2.0131983969e-02,1.9834873894e-02,1.9591864402e-02,1.9368150206e-02,1.9132835976e-02,1.8892963758e-02,1.8631437866e-02,1.8341793378e-02,1.8014416271e-02,1.7649729827e-02,1.7233925986e-02,1.6763837263e-02,1.6235941422e-02,1.5643162435e-02,1.4975660461e-02,1.4228032165e-02,1.3403096047e-02,1.2493397921e-02,1.1513925356e-02,1.0479671616e-02,9.4194849246e-03,8.3558448436e-03,7.3139587851e-03,6.3098569784e-03,5.3585537660e-03,4.4733054713e-03,3.6672167301e-03,2.9494283810e-03,2.3226597406e-03,1.7898385031e-03,1.3445054984e-03,9.8140189660e-04,6.9430630302e-04,4.7480988277e-04,3.1293483069e-04,1.9789457058e-04,1.2040346257e-04,7.0676108918e-05,4.0121773748e-05,2.2057133263e-05,1.1779877318e-05,6.0366709441e-06,2.9508463276e-06,1.3670979630e-06,5.8066478374e-07,1.9169137919e-07,0.0000000000e+00,0.0000000000e+00,0.0000000000e+00,0.0000000000e+00,0.0000000000e+00,0.0000000000e+00,0.0000000000e+00,0.0000000000e+00,0.0000000000e+00,0.0000000000e+00,0.0000000000e+00,0.0000000000e+00,0.0000000000e+00,0.0000000000e+00,0.0000000000e+00,0.0000000000e+00,0.0000000000e+00,0.0000000000e+00
9.9642581570e+02,2.0706333634e-02,2.0706333634e-02,2.0706333634e-02,2.0706333634e-02,2.0706333634e-02,2.0706333634e-02,2.0706333634e-02,2.0706333634e-02,2.0706333634e-02,2.0706333634e-02,2.0706333634e-02,2.0706333634e-02,2.0706333634e-02,2.0706333634e-02,2.0706333634e-02,2.0706333634e-02,2.0706333634e-02,2.0706333634e-02,2.0706333634e-02,2.0706333634e-02,2.0706333634e-02,2.0706333634e-02,2.0706333634e-02,2.0706333634e-02,2.0706333634e-02,2.0706333634e-02,2.0706333634e-02,2.0706333634e-02,2.0706333634e-02,2.0706333634e-02,2.0706333634e-02,2.0706333634e-02,2.0706333634e-02,2.0706333634e-02,2.0706333634e-02,2.0706333634e-02,2.0706333634e-02,2.0706333634e-02,2.0706333634e-02,2.0706333634e-02,2.0706333634e-02,2.0706333634e-02,2.0706333634e-02,2.0706333634e-02,2.0706333634e-02,2.0706333634e-02,2.0706333634e-02,2.0706333634e-02,2.0706333634e-02,2.0706333634e-02,2.0706333634e-02,2.0706333634e-02,2.0706333634e-02,2.0706333634e-02,2.0706333634e-02,2.0706333634e-02,2.0706333634e-02,2.0706333634e-02,2.0706333634e-02,2.0706333634e-02,2.0706333634e-02,2.0706333634e-02,2.0706333634e-02,2.0706333634e-02,2.0706333634e-02,2.0706333634e-02,2.0706333634e-02,2.0706333634e-02,2.0706333634e-02,2.0706333634e-02,2.0706333634e-02,2.0706333634e-02,2.0706333634e-02,2.0706333634e-02,2.0706333634e-02,2.0706333634e-02,2.0706333634e-02,2.0706333634e-02,2.0706333634e-02,2.0706333634e-02,2.0706333634e-02,2.0706333634e-02,2.0706333634e-02,2.0706333634e-02,2.0706333634e-02,2.0706333634e-02,2.0706333634e-02,2.0706333634e-02,2.0706333634e-02,2.0706333634e-02,2.0706333634e-02,2.0706333634e-02,2.0706333634e-02,2.0706333634e-02,2.0706333634e-02,2.0706333634e-02,2.0706333634e-02,2.0706333634e-02,2.0706333634e-02,2.0706333634e-02,2.0706333634e-02,2.0706333634e-02,2.0706333634e-02,2.0706333634e-02,2.0706333634e-02,2.0706333634e-02,2.0706333634e-02,2.0706333634e-02,2.0706333634e-02,2.0706333634e-02,2.0706333634e-02,2.0706333634e-02,2.0706333634e-02,2.0705556836e-02,2.0698591440e-02,2.0691016972e-02,2.0682780425e-02,2.0673824229e-02,2.0664085863e-02,2.0653497436e-02,2.0641985245e-02,2.0629469286e-02,2.0615862735e-02,2.0601071384e-02,2.0584993037e-02,2.0567516865e-02,2.0546087114e-02,2.0487005427e-02,2.0422927822e-02,2.0353450193e-02,2.0278139092e-02,2.0196530231e-02,2.0108127018e-02,1.9879850600e-02,1.9634181442e-02,1.9370382768e-02,1.9087528809e-02,1.8893601341e-02,1.8684879027e-02,1.8461026341e-02,1.8258972138e-02,1.8041683102e-02,1.7803549285e-02,1.7545253550e-02,1.7248898528e-02,1.6921248453e-02,1.6539694699e-02,1.6114933599e-02,1.5638293981e-02,1.5098248124e-02,1.4484069223e-02,1.3795818616e-02,1.3033528176e-02,1.2192592838e-02,1.1279543478e-02,1.0315090824e-02,9.3175311827e-03,8.3125113881e-03,7.3198997944e-03,6.3570512274e-03,5.4379124890e-03,4.5757942922e-03,3.7840097939e-03,3.0724860525e-03,2.4450435399e-03,1.9058675407e-03,1.4497486590e-03,1.0729622940e-03,7.7071359988e-04,5.3597891552e-04,3.5981390436e-04,2.3220035092e-04,1.4442197309e-04,8.6743208597e-05,5.0400125183e-05,2.8434454902e-05,1.5622709244e-05,8.2589202909e-06,4.1833921858e-06,2.0285771316e-06,9.3191681912e-07,3.8980659302e-07,1.2333131776e-07,0.0000000000e+00,0.0000000000e+00,0.0000000000e+00,0.0000000000e+00,0.0000000000e+00,0.0000000000e+00,0.0000000000e+00,0.0000000000e+00,0.0000000000e+00,0.0000000000e+00,0.0000000000e+00,0.0000000000e+00,0.0000000000e+00,0.0000000000e+00,0.0000000000e+00,0.0000000000e+00,0.0000000000e+00
1.0472688520e+03,1.9549651491e-02,1.9549651491e-02,1.9549651491e-02,1.9549651491e-02,1.9549651491e-02,1.9549651491e-02,1.9549651491e-02,1.9549651491e-02,1.9549651491e-02,1.9549651491e-02,1.9549651491e-02,1.9549651491e-02,1.9549651491e-02,1.9549651491e-02,1.9549651491e-02,1.9549651491e-02,1.9549651491e-02,1.9549651491e-02,1.9549651491e-02,1.9549651491e-02,1.9549651491e-02,1.9549651491e-02,1.9549651491e-02,1.9549651491e-02,1.9549651491e-02,1.9549651491e-02,1.9549651491e-02,1.9549651491e-02,1.9549651491e-02,1.9549651491e-02,1.9549651491e-02,1.9549651491e-02,1.9549651491e-02,1.9549651491e-02,1.9549651491e-02,1.9549651491e-02,1.9549651491e-02,1.9549651491e-02,1.9549651491e-02,1.9549651491e-02,1.9549651491e-02,1.9549651491e-02,1.9549651491e-02,1.9549651491e-02,1.9549651491e-02,1.9549651491e-02,1.9549651491e-02,1.9549651491e-02,1.9549651491e-02,1.9549651491e-02,1.9549651491e-02,1.9549651491e-02,1.9549651491e-02,1.9549651491e-02,1.9549651491e-02,1.9549651491e-02,1.9549651491e-02,1.9549651491e-02,1.9549651491e-02,1.9549651491e-02,1.9549651491e-02,1.9549651491e-02,1.9549651491e-02,1.9549651491e-02,1.9549651491e-02,1.9549651491e-02,1.9549651491e-02,1.9549651491e-02,1.9549651491e-02,1.9549651491e-02,1.9549651491e-02,1.9549651491e-02,1.9549651491e-02,1.9549651491e-02,1.9549651491e-02,1.9549651491e-02,1.9549651491e-02,1.9549651491e-02,1.9549651491e-02,1.9549651491e-02,1.9549651491e-02,1.9549651491e-02,1.9549651491e-02,1.9549651491e-02,1.9549651491e-02,1.9549651491e-02,1.9549651491e-02,1.9549651491e-02,1.9549651491e-02,1.9549651491e-02,1.9549651491e-02,1.9549651491e-02,1.9549651491e-02,1.9549651491e-02,1.9549651491e-02,1.9549651491e-02,1.9549651491e-02,1.9549651491e-02,1.9549651491e-02,1.9549651491e-02,1.9549651491e-02,1.9549651491e-02,1.9549651491e-02,1.9549651491e-02,1.9549651491e-02,1.9549651491e-02,1.9549651491e-02,1.9549651491e-02,1.9549651491e-02,1.9549651491e-02,1.9549651491e-02,1.9549651491e-02,1.9549651491e-02,1.9548978433e-02,1.9542943155e-02,1.9536379947e-02,1.9529242830e-02,1.9521481859e-02,1.9513042785e-02,1.9503866695e-02,1.9493889618e-02,1.9483042102e-02,1.9471248762e-02,1.9458427781e-02,1.9444490388e-02,1.9429340284e-02,1.9410752335e-02,1.9359379579e-02,1.9303649414e-02,1.9243206933e-02,1.9177671006e-02,1.9106632838e-02,1.9029654552e-02,1.8830895278e-02,1.8616787233e-02,1.8386638798e-02,1.8139584036e-02,1.7968090010e-02,1.7783375232e-02,1.7585091890e-02,1.7404759555e-02,1.7210688985e-02,1.6997333370e-02,1.6765423650e-02,1.6498677675e-02,1.6203235916e-02,1.5858158113e-02,1.5473149558e-02,1.5040024481e-02,1.4547893474e-02,1.3986575787e-02,1.3355587873e-02,1.2654227875e-02,1.1877446107e-02,1.1030465048e-02,1.0131583501e-02,9.1966204876e-03,8.2487653572e-03,7.3063646041e-03,6.3859364496e-03,5.5009376956e-03,4.6644316349e-03,3.8897996859e-03,3.1874803363e-03,2.5621787347e-03,2.0191536955e-03,1.5544391947e-03,1.1656890126e-03,8.4952230697e-04,6.0024152625e-04,4.1002739828e-04,2.6971347475e-04,1.7128838870e-04,1.0523065526e-04,6.2643429155e-05,3.6247353844e-05,2.0450256643e-05,1.1123012036e-05,5.8102097597e-06,2.9140967074e-06,1.3923577000e-06,6.1669129456e-07,2.2840592264e-07,2.1523763169e-08,0.0000000000e+00,0.0000000000e+00,0.0000000000e+00,0.0000000000e+00,0.0000000000e+00,0.0000000000e+00,0.0000000000e+00,0.0000000000e+00,0.0000000000e+00,0.0000000000e+00,0.0000000000e+00,0.0000000000e+00,0.0000000000e+00,0.0000000000e+00,0.0000000000e+00,0.0000000000e+00
1.1007061752e+03,1.8453113210e-02,1.8453113210e-02,1.8453113210e-02,1.8453113210e-02,1.8453113210e-02,1.8453113210e-02,1.8453113210e-02,1.8453113210e-02,1.8453113210e-02,1.8453113210e-02,1.8453113210e-02,1.8453113210e-02,1.8453113210e-02,1.8453113210e-02,1.8453113210e-02,1.8453113210e-02,1.8453113210e-02,1.8453113210e-02,1.8453113210e-02,1.8453113210e-02,1.8453113210e-02,1.8453113210e-02,1.8453113210e-02,1.8453113210e-02,1.8453113210e-02,1.8453113210e-02,1.8453113210e-02,1.8453113210e-02,1.8453113210e-02,1.8453113210e-02,1.8453113210e-02,1.8453113210e-02,1.8453113210e-02,1.8453113210e-02,1.8453113210e-02,1.8453113210e-02,1.8453113210e-02,1.8453113210e-02,1.8453113210e-02,1.8453113210e-02,1.8453113210e-02,1.8453113210e-02,1.8453113210e-02,1.8453113210e-02,1.8453113210e-02,1.8453113210e-02,1.8453113210e-02,1.8453113210e-02,1.8453113210e-02,1.8453113210e-02,1.8453113210e-02,1.8453113210e-02,1.8453113210e-02,1.8453113210e-02,1.8453113210e-02,1.8453113210e-02,1.8453113210e-02,1.8453113210e-02,1.8453113210e-02,1.8453113210e-02,1.8453113210e-02,1.8453113210e-02,1.8453113210e-02,1.8453113210e-02,1.8453113210e-02,1.8453113210e-02,1.8453113210e-02,1.8453113210e-02,1.8453113210e-02,1.8453113210e-02,1.8453113210e-02,1.8453113210e-02,1.8453113210e-02,1.8453113210e-02,1.8453113210e-02,1.8453113210e-02,1.8453113210e-02,1.8453113210e-02,1.8453113210e-02,1.8453113210e-02,1.8453113210e-02,1.8453113210e-02,1.8453113210e-02,1.8453113210e-02,1.8453113210e-02,1.8453113210e-02,1.8453113210e-02,1.8453113210e-02,1.8453113210e-02,1.8453113210e-02,1.8453113210e-02,1.8453113210e-02,1.8453113210e-02,1.8453113210e-02,1.8453113210e-02,1.8453113210e-02,1.8453113210e-02,1.8453113210e-02,1.8453113210e-02,1.8453113210e-02,1.8453113210e-02,1.8453113210e-02,1.8453113210e-02,1.8453113210e-02,1.8453113210e-02,1.8453113210e-02,1.8453113210e-02,1.8453113210e-02,1.8453113210e-02,1.8453113210e-02,1.8453113210e-02,1.8453113210e-02,1.8453113210e-02,1.8452531391e-02,1.8447314175e-02,1.8441640434e-02,1.8435470379e-02,1.8428760786e-02,1.8421464697e-02,1.8413531112e-02,1.8404904643e-02,1.8395525145e-02,1.8385327324e-02,1.8374240302e-02,1.8362187158e-02,1.8349084429e-02,1.8332996167e-02,1.8288380783e-02,1.8239970356e-02,1.8187453807e-02,1.8130496703e-02,1.8068739896e-02,1.8001798174e-02,1.7829018803e-02,1.7642730706e-02,1.7442291610e-02,1.7226899560e-02,1.7075587358e-02,1.6912495077e-02,1.6737271352e-02,1.6576677393e-02,1.6403728658e-02,1.6212982288e-02,1.6005204928e-02,1.5765613013e-02,1.5499775717e-02,1.5188336961e-02,1.4840092918e-02,1.4447341673e-02,1.3999828389e-02,1.3487924154e-02,1.2910703475e-02,1.2266861172e-02,1.1551011642e-02,1.0767215795e-02,9.9315546826e-03,9.0575773202e-03,8.1661463448e-03,7.2740764785e-03,6.3969706655e-03,5.5476879279e-03,4.7389105843e-03,3.9839245677e-03,3.2934969982e-03,2.6730453250e-03,2.1287254886e-03,1.6576901976e-03,1.2588571686e-03,9.3018055891e-04,6.6726086506e-04,4.6342896482e-04,3.1044293319e-04,2.0110398683e-04,1.2622655873e-04,7.6887584165e-05,4.5566355340e-05,2.6360640432e-05,1.4728885029e-05,7.9209173191e-06,4.1009556283e-06,2.0319830723e-06,9.4548151434e-07,3.8991896502e-07,9.9142466215e-08,0.0000000000e+00,0.0000000000e+00,0.0000000000e+00,0.0000000000e+00,0.0000000000e+00,0.0000000000e+00,0.0000000000e+00,0.0000000000e+00,0.0000000000e+00,0.0000000000e+00,0.0000000000e+00,0.0000000000e+00,0.0000000000e+00,0.0000000000e+00,0.0000000000e+00,0.0000000000e+00
1.1568701597e+03,1.7382828372e-02,1.7382828372e-02,1.7382828372e-02,1.7382828372e-02,1.7382828372e-02,1.7382828372e-02,1.7382828372e-02,1.7382828372e-02,1.7382828372e-02,1.7382828372e-02,1.7382828372e-02,1.7382828372e-02,1.7382828372e-02,1.7382828372e-02,1.7382828372e-02,1.7382828372e-02,1.7382828372e-02,1.7382828372e-02,1.7382828372e-02,1.7382828372e-02,1.7382828372e-02,1.7382828372e-02,1.7382828372e-02,1.7382828372e-02,1.7382828372e-02,1.7382828372e-02,1.7382828372e-02,1.7382828372e-02,1.7382828372e-02,1.7382828372e-02,1.7382828372e-02,1.7382828372e-02,1.7382828372e-02,1.7382828372e-02,1.7382828372e-02,1.7382828372e-02,1.7382828372e-02,1.7382828372e-02,1.7382828372e-02,1.7382828372e-02,1.7382828372e-02,1.7382828372e-02,1.7382828372e-02,1.7382828372e-02,1.7382828372e-02,1.7382828372e-02,1.7382828372e-02,1.7382828372e-02,1.7382828372e-02,1.7382828372e-02,1.7382828372e-02,1.7382828372e-02,1.7382828372e-02,1.7382828372e-02,1.7382828372e-02,1.7382828372e-02,1.7382828372e-02,1.7382828372e-02,1.7382828372e-02,1.7382828372e-02,1.7382828372e-02,1.7382828372e-02,1.7382828372e-02,1.7382828372e-02,1.7382828372e-02,1.7382828372e-02,1.7382828372e-02,1.7382828372e-02,1.7382828372e-02,1.7382828372e-02,1.7382828372e-02,1.7382828372e-02,1.7382828372e-02,1.7382828372e-02,1.7382828372e-02,1.7382828372e-02,1.7382828372e-02,1.7382828372e-02,1.7382828372e-02,1.7382828372e-02,1.7382828372e-02,1.7382828372e-02,1.7382828372e-02,1.7382828372e-02,1.7382828372e-02,1.7382828372e-02,1.7382828372e-02,1.7382828372e-02,1.7382828372e-02,1.7382828372e-02,1.7382828372e-02,1.7382828372e-02,1.7382828372e-02,1.7382828372e-02,1.7382828372e-02,1.7382828372e-02,1.7382828372e-02,1.7382828372e-02,1.7382828372e-02,1.7382828372e-02,1.7382828372e-02,1.7382828372e-02,1.7382828372e-02,1.7382828372e-02,1.7382828372e-02,1.7382828372e-02,1.7382828372e-02,1.7382828372e-02,1.7382828372e-02,1.7382828372e-02,1.7382828372e-02,1.7382828372e-02,1.7382828372e-02,1.7382828372e-02,1.7382828372e-02,1.7379972671e-02,1.7373323623e-02,1.7366093513e-02,1.7358231837e-02,1.7349683754e-02,1.7340389718e-02,1.7330285090e-02,1.7319299712e-02,1.7307357454e-02,1.7294375722e-02,1.7280264931e-02,1.7264927937e-02,1.7248259435e-02,1.7212974865e-02,1.7148548758e-02,1.7078738254e-02,1.7003119354e-02,1.6921239410e-02,1.6832616087e-02,1.6720747971e-02,1.6567464080e-02,1.6402313382e-02,1.6224527336e-02,1.6056356900e-02,1.5921508862e-02,1.5776103590e-02,1.5619325385e-02,1.5450340187e-02,1.5268589402e-02,1.5048934985e-02,1.4812837971e-02,1.4529967451e-02,1.4217972554e-02,1.3860886646e-02,1.3450725517e-02,1.2987041552e-02,1.2461808756e-02,1.1871629462e-02,1.1214660650e-02,1.0492338179e-02,9.7164201590e-03,8.9037758120e-03,8.0653577966e-03,7.2245036142e-03,6.3909244871e-03,5.5784826789e-03,4.7993856170e-03,4.0663214760e-03,3.3903528453e-03,2.7771674832e-03,2.2339399567e-03,1.7588282591e-03,1.3518618847e-03,1.0121962382e-03,7.3669919613e-04,5.1985098988e-04,3.5439074581e-04,2.3399083187e-04,1.4991640787e-04,9.3334442701e-05,5.6536250850e-05,3.3422597257e-05,1.9150118340e-05,1.0589402889e-05,5.6545524992e-06,2.9057802733e-06,1.4240077416e-06,6.5538539423e-07,2.6648256039e-07,6.3150389820e-08,0.0000000000e+00,0.0000000000e+00,0.0000000000e+00,0.0000000000e+00,0.0000000000e+00,0.0000000000e+00,0.0000000000e+00,0.0000000000e+00,0.0000000000e+00,0.0000000000e+00,0.0000000000e+00,0.0000000000e+00,0.0000000000e+00,0.0000000000e+00,0.0000000000e+00
1.2158999345e+03,1.6401409965e-02,1.6401409965e-02,1.6401409965e-02,1.6401409965e-02,1.6401409965e-02,1.6401409965e-02,1.6401409965e-02,1.6401409965e-02,1.6401409965e-02,1.6401409965e-02,1.6401409965e-02,1.6401409965e-02,1.6401409965e-02,1.6401409965e-02,1.6401409965e-02,1.6401409965e-02,1.6401409965e-02,1.6401409965e-02,1.6401409965e-02,1.6401409965e-02,1.6401409965e-02,1.6401409965e-02,1.6401409965e-02,1.6401409965e-02,1.6401409965e-02,1.6401409965e-02,1.6401409965e-02,1.6401409965e-02,1.6401409965e-02,1.6401409965e-02,1.6401409965e-02,1.6401409965e-02,1.6401409965e-02,1.6401409965e-02,1.6401409965e-02,1.6401409965e-02,1.6401409965e-02,1.6401409965e-02,1.6401409965e-02,1.6401409965e-02,1.6401409965e-02,1.6401409965e-02,1.6401409965e-02,1.6401409965e-02,1.6401409965e-02,1.6401409965e-02,1.6401409965e-02,1.6401409965e-02,1.6401409965e-02,1.6401409965e-02,1.6401409965e-02,1.6401409965e-02,1.6401409965e-02,1.6401409965e-02,1.6401409965e-02,1.6401409965e-02,1.6401409965e-02,1.6401409965e-02,1.6401409965e-02,1.6401409965e-02,1.6401409965e-02,1.6401409965e-02,1.6401409965e-02,1.6401409965e-02,1.6401409965e-02,1.6401409965e-02,1.6401409965e-02,1.6401409965e-02,1.6401409965e-02,1.6401409965e-02,1.6401409965e-02,1.6401409965e-02,1.6401409965e-02,1.6401409965e-02,1.6401409965e-02,1.6401409965e-02,1.6401409965e-02,1.6401409965e-02,1.6401409965e-02,1.6401409965e-02,1.6401409965e-02,1.6401409965e-02,1.6401409965e-02,1.6401409965e-02,1.6401409965e-02,1.6401409965e-02,1.6401409965e-02,1.6401409965e-02,1.6401409965e-02,1.6401409965e-02,1.6401409965e-02,1.6401409965e-02,1.6401409965e-02,1.6401409965e-02,1.6401409965e-02,1.6401409965e-02,1.6401409965e-02,1.6401409965e-02,1.6401409965e-02,1.6401409965e-02,1.6401409965e-02,1.6401409965e-02,1.6401409965e-02,1.6401409965e-02,1.6401409965e-02,1.6401409965e-02,1.6401409965e-02,1.6401409965e-02,1.6401409965e-02,1.6401409965e-02,1.6401409965e-02,1.6401409965e-02,1.6401409965e-02,1.6401409965e-02,1.6401409965e-02,1.6398948384e-02,1.6393216846e-02,1.6386984213e-02,1.6380206891e-02,1.6372837536e-02,1.6364824734e-02,1.6356112664e-02,1.6346640725e-02,1.6336343145e-02,1.6325148550e-02,1.6312979504e-02,1.6299752016e-02,1.6285375008e-02,1.6254875167e-02,1.6199123412e-02,1.6138692404e-02,1.6073210038e-02,1.6002278387e-02,1.5925472607e-02,1.5828299863e-02,1.5694763697e-02,1.5550778782e-02,1.5395648069e-02,1.5248348740e-02,1.5129161364e-02,1.5000564089e-02,1.4861525616e-02,1.4711011435e-02,1.4549008946e-02,1.4352451281e-02,1.4140967358e-02,1.3886702276e-02,1.3605733840e-02,1.3283281274e-02,1.2911839360e-02,1.2490803199e-02,1.2012449376e-02,1.1473115506e-02,1.0870518491e-02,1.0205319493e-02,9.4875729247e-03,8.7319930422e-03,7.9478327313e-03,7.1566215491e-03,6.3672148350e-03,5.5926941644e-03,4.8446807955e-03,4.1355067218e-03,3.4762403671e-03,2.8729618235e-03,2.3333985646e-03,1.8565697647e-03,1.4435197402e-03,1.0945425543e-03,8.0769639339e-04,5.7860123965e-04,4.0100766660e-04,2.6955940187e-04,1.7607465903e-04,1.1191420524e-04,6.9311772305e-05,4.1948006585e-05,2.4623787608e-05,1.3972173380e-05,7.6702880491e-06,4.0610581137e-06,2.0575700699e-06,9.8702548101e-07,4.3163889342e-07,1.4118918982e-07,0.0000000000e+00,0.0000000000e+00,0.0000000000e+00,0.0000000000e+00,0.0000000000e+00,0.0000000000e+00,0.0000000000e+00,0.0000000000e+00,0.0000000000e+00,0.0000000000e+00,0.0000000000e+00,0.0000000000e+00,0.0000000000e+00,0.0000000000e+00,0.0000000000e+00
1.2779417279e+03,1.5470413639e-02,1.5470413639e-02,1.5470413639e-02,1.5470413639e-02,1.5470413639e-02,1.5470413639e-02,1.5470413639e-02,1.5470413639e-02,1.5470413639e-02,1.5470413639e-02,1.5470413639e-02,1.5470413639e-02,1.5470413639e-02,1.5470413639e-02,1.5470413639e-02,1.5470413639e-02,1.5470413639e-02,1.5470413639e-02,1.5470413639e-02,1.5470413639e-02,1.5470413639e-02,1.5470413639e-02,1.5470413639e-02,1.5470413639e-02,1.5470413639e-02,1.5470413639e-02,1.5470413639e-02,1.5470413639e-02,1.5470413639e-02,1.5470413639e-02,1.5470413639e-02,1.5470413639e-02,1.5470413639e-02,1.5470413639e-02,1.5470413639e-02,1.5470413639e-02,1.5470413639e-02,1.5470413639e-02,1.5470413639e-02,1.5470413639e-02,1.5470413639e-02,1.5470413639e-02,1.5470413639e-02,1.5470413639e-02,1.5470413639e-02,1.5470413639e-02,1.5470413639e-02,1.5470413639e-02,1.5470413639e-02,1.5470413639e-02,1.5470413639e-02,1.5470413639e-02,1.5470413639e-02,1.5470413639e-02,1.5470413639e-02,1.5470413639e-02,1.5470413639e-02,1.5470413639e-02,1.5470413639e-02,1.5470413639e-02,1.5470413639e-02,1.5470413639e-02,1.5470413639e-02,1.5470413639e-02,1.5470413639e-02,1.5470413639e-02,1.5470413639e-02,1.5470413639e-02,1.5470413639e-02,1.5470413639e-02,1.5470413639e-02,1.5470413639e-02,1.5470413639e-02,1.5470413639e-02,1.5470413639e-02,1.5470413639e-02,1.5470413639e-02,1.5470413639e-02,1.5470413639e-02,1.5470413639e-02,1.5470413639e-02,1.5470413639e-02,1.5470413639e-02,1.5470413639e-02,1.5470413639e-02,1.5470413639e-02,1.5470413639e-02,1.5470413639e-02,1.5470413639e-02,1.5470413639e-02,1.5470413639e-02,1.5470413639e-02,1.5470413639e-02,1.5470413639e-02,1.5470413639e-02,1.5470413639e-02,1.5470413639e-02,1.5470413639e-02,1.5470413639e-02,1.5470413639e-02,1.5470413639e-02,1.5470413639e-02,1.5470413639e-02,1.5470413639e-02,1.5470413639e-02,1.5470413639e-02,1.5470413639e-02,1.5470413639e-02,1.5470413639e-02,1.5470413639e-02,1.5470413639e-02,1.5470413639e-02,1.5470413639e-02,1.5470413639e-02,1.5470413639e-02,1.5468297305e-02,1.5463369530e-02,1.5458010757e-02,1.5452183461e-02,1.5445846878e-02,1.5438956738e-02,1.5431464963e-02,1.5423319354e-02,1.5414463243e-02,1.5404835120e-02,1.5394368239e-02,1.5382990184e-02,1.5370622404e-02,1.5344305981e-02,1.5296131184e-02,1.5243897191e-02,1.5187278301e-02,1.5125925656e-02,1.5059466155e-02,1.4975217880e-02,1.4859152744e-02,1.4733915526e-02,1.4598877749e-02,1.4470167114e-02,1.4365068616e-02,1.4251606535e-02,1.4128584377e-02,1.3994813799e-02,1.3850732748e-02,1.3675214515e-02,1.3486184860e-02,1.3258111287e-02,1.3005619760e-02,1.2715058758e-02,1.2379395932e-02,1.1997909365e-02,1.1563208468e-02,1.1071452855e-02,1.0520015629e-02,9.9088992751e-03,9.2466255824e-03,8.5459485114e-03,7.8145689411e-03,7.0722479030e-03,6.3269754628e-03,5.5910029622e-03,4.8752940486e-03,4.1917192268e-03,3.5512180666e-03,2.9601211230e-03,2.4265532351e-03,1.9502690775e-03,1.5331968868e-03,1.1766553729e-03,8.7981445932e-04,6.3939942002e-04,4.5018506025e-04,3.0783638541e-04,2.0481383432e-04,1.3277201372e-04,8.3978854071e-05,5.1963422803e-05,3.1208775472e-05,1.8146406246e-05,1.0226062301e-05,5.5690622087e-06,2.9112161023e-06,1.4501983495e-06,6.7287699083e-07,2.6328792117e-07,3.0555054906e-08,0.0000000000e+00,0.0000000000e+00,0.0000000000e+00,0.0000000000e+00,0.0000000000e+00,0.0000000000e+00,0.0000000000e+00,0.0000000000e+00,0.0000000000e+00,0.0000000000e+00,0.0000000000e+00,0.0000000000e+00,0.0000000000e+00,0.0000000000e+00
1.3431492292e+03,1.4641267095e-02,1.4641267095e-02,1.4641267095e-02,1.4641267095e-02,1.4641267095e-02,1.4641267095e-02,1.4641267095e-02,1.4641267095e-02,1.4641267095e-02,1.4641267095e-02,1.4641267095e-02,1.4641267095e-02,1.4641267095e-02,1.4641267095e-02,1.4641267095e-02,1.4641267095e-02,1.4641267095e-02,1.4641267095e-02,1.4641267095e-02,1.4641267095e-02,1.4641267095e-02,1.4641267095e-02,1.4641267095e-02,1.4641267095e-02,1.4641267095e-02,1.4641267095e-02,1.4641267095e-02,1.4641267095e-02,1.4641267095e-02,1.4641267095e-02,1.4641267095e-02,1.4641267095e-02,1.4641267095e-02,1.4641267095e-02,1.4641267095e-02,1.4641267095e-02,1.4641267095e-02,1.4641267095e-02,1.4641267095e-02,1.4641267095e-02,1.4641267095e-02,1.4641267095e-02,1.4641267095e-02,1.4641267095e-02,1.4641267095e-02,1.4641267095e-02,1.4641267095e-02,1.4641267095e-02,1.4641267095e-02,1.4641267095e-02,1.4641267095e-02,1.4641267095e-02,1.4641267095e-02,1.4641267095e-02,1.4641267095e-02,1.4641267095e-02,1.4641267095e-02,1.4641267095e-02,1.4641267095e-02,1.4641267095e-02,1.4641267095e-02,1.4641267095e-02,1.4641267095e-02,1.4641267095e-02,1.4641267095e-02,1.4641267095e-02,1.4641267095e-02,1.4641267095e-02,1.4641267095e-02,1.4641267095e-02,1.4641267095e-02,1.4641267095e-02,1.4641267095e-02,1.4641267095e-02,1.4641267095e-02,1.4641267095e-02,1.4641267095e-02,1.4641267095e-02,1.4641267095e-02,1.4641267095e-02,1.4641267095e-02,1.4641267095e-02,1.4641267095e-02,1.4641267095e-02,1.4641267095e-02,1.4641267095e-02,1.4641267095e-02,1.4641267095e-02,1.4641267095e-02,1.4641267095e-02,1.4641267095e-02,1.4641267095e-02,1.4641267095e-02,1.4641267095e-02,1.4641267095e-02,1.4641267095e-02,1.4641267095e-02,1.4641267095e-02,1.4641267095e-02,1.4641267095e-02,1.4641267095e-02,1.4641267095e-02,1.4641267095e-02,1.4641267095e-02,1.4641267095e-02,1.4641267095e-02,1.4641267095e-02,1.4641267095e-02,1.4641267095e-02,1.4641267095e-02,1.4641267095e-02,1.4641267095e-02,1.4641267095e-02,1.4641267095e-02,1.4641267095e-02,1.4641267095e-02,1.4641267095e-02,1.4636832374e-02,1.4630827707e-02,1.4624298479e-02,1.4617199133e-02,1.4609480202e-02,1.4601087987e-02,1.4591964203e-02,1.4582045599e-02,1.4571263553e-02,1.4559543630e-02,1.4546805113e-02,1.4532960496e-02,1.4517914941e-02,1.4461275802e-02,1.4385665376e-02,1.4303863350e-02,1.4215405224e-02,1.4119799397e-02,1.4016527057e-02,1.3924057494e-02,1.3833547301e-02,1.3735756066e-02,1.3630161219e-02,1.3526517212e-02,1.3419676108e-02,1.3304409821e-02,1.3168483347e-02,1.3016917976e-02,1.2845913004e-02,1.2643990054e-02,1.2417816786e-02,1.2155053039e-02,1.1852637708e-02,1.1512358951e-02,1.1115864871e-02,1.0665554289e-02,1.0161864066e-02,9.6026512445e-03,8.9935623910e-03,8.3450676454e-03,7.6672861283e-03,6.9713187297e-03,6.2707203664e-03,5.5733703352e-03,4.8911252785e-03,4.2346515919e-03,3.6146169052e-03,3.0378984442e-03,2.5125368764e-03,2.0389391326e-03,1.6199019329e-03,1.2576604253e-03,9.5234327508e-04,7.0170567130e-04,5.0155432610e-04,3.4864099590e-04,2.3610459931e-04,1.5598875998e-04,1.0066904278e-04,6.3610107941e-05,3.8988221513e-05,2.3145270679e-05,1.3370103075e-05,7.4813119464e-06,4.0325932321e-06,2.0872747389e-06,1.0303353470e-06,4.7392638038e-07,1.8254594584e-07,1.5873006802e-08,0.0000000000e+00,0.0000000000e+00,0.0000000000e+00,0.0000000000e+00,0.0000000000e+00,0.0000000000e+00,0.0000000000e+00,0.0000000000e+00,0.0000000000e+00,0.0000000000e+00,0.0000000000e+00,0.0000000000e+00,0.0000000000e+00
1.4116839701e+03,1.3795630297e-02,1.3795630297e-02,1.3795630297e-02,1.3795630297e-02,1.3795630297e-02,1.3795630297e-02,1.3795630297e-02,1.3795630297e-02,1.3795630297e-02,1.3795630297e-02,1.3795630297e-02,1.3795630297e-02,1.3795630297e-02,1.3795630297e-02,1.3795630297e-02,1.3795630297e-02,1.3795630297e-02,1.3795630297e-02,1.3795630297e-02,1.3795630297e-02,1.3795630297e-02,1.3795630297e-02,1.3795630297e-02,1.3795630297e-02,1.3795630297e-02,1.3795630297e-02,1.3795630297e-02,1.3795630297e-02,1.3795630297e-02,1.3795630297e-02,1.3795630297e-02,1.3795630297e-02,1.3795630297e-02,1.3795630297e-02,1.3795630297e-02,1.3795630297e-02,1.3795630297e-02,1.3795630297e-02,1.3795630297e-02,1.3795630297e-02,1.3795630297e-02,1.3795630297e-02,1.3795630297e-02,1.3795630297e-02,1.3795630297e-02,1.3795630297e-02,1.3795630297e-02,1.3795630297e-02,1.3795630297e-02,1.3795630297e-02,1.3795630297e-02,1.3795630297e-02,1.3795630297e-02,1.3795630297e-02,1.3795630297e-02,1.3795630297e-02,1.3795630297e-02,1.3795630297e-02,1.3795630297e-02,1.3795630297e-02,1.3795630297e-02,1.3795630297e-02,1.3795630297e-02,1.3795630297e-02,1.3795630297e-02,1.3795630297e-02,1.3795630297e-02,1.3795630297e-02,1.3795630297e-02,1.3795630297e-02,1.3795630297e-02,1.3795630297e-02,1.3795630297e-02,1.3795630297e-02,1.3795630297e-02,1.3795630297e-02,1.3795630297e-02,1.3795630297e-02,1.3795630297e-02,1.3795630297e-02,1.3795630297e-02,1.3795630297e-02,1.3795630297e-02,1.3795630297e-02,1.3795630297e-02,1.3795630297e-02,1.3795630297e-02,1.3795630297e-02,1.3795630297e-02,1.3795630297e-02,1.3795630297e-02,1.3795630297e-02,1.3795630297e-02,1.3795630297e-02,1.3795630297e-02,1.3795630297e-02,1.3795630297e-02,1.3795630297e-02,1.3795630297e-02,1.3795630297e-02,1.3795630297e-02,1.3795630297e-02,1.3795630297e-02,1.3795630297e-02,1.3795630297e-02,1.3795630297e-02,1.3795630297e-02,1.3795630297e-02,1.3795630297e-02,1.3795630297e-02,1.3795630297e-02,1.3795630297e-02,1.3795630297e-02,1.3795630297e-02,1.3795630297e-02,1.3795630297e-02,1.3795630297e-02,1.3791827807e-02,1.3786679021e-02,1.3781080228e-02,1.3774992304e-02,1.3768372765e-02,1.3761175478e-02,1.3753350365e-02,1.3744843066e-02,1.3735594592e-02,1.3725540940e-02,1.3714612685e-02,1.3702734540e-02,1.3689824884e-02,1.3641140173e-02,1.3576114472e-02,1.3505729858e-02,1.3429578057e-02,1.3347225769e-02,1.3258214284e-02,1.3177984696e-02,1.3099126407e-02,1.3013878199e-02,1.2921772989e-02,1.2830692689e-02,1.2736416773e-02,1.2634647570e-02,1.2514123441e-02,1.2379454793e-02,1.2227213781e-02,1.2046896252e-02,1.1844518839e-02,1.1608731273e-02,1.1336631508e-02,1.1029703990e-02,1.0670970323e-02,1.0262205314e-02,9.8034223514e-03,9.2921554213e-03,8.7329527384e-03,8.1347022544e-03,7.5060860514e-03,6.8568460663e-03,6.1994718301e-03,5.5410593086e-03,4.8926832510e-03,4.2644083226e-03,3.6665530312e-03,3.1060018521e-03,2.5909213635e-03,2.1222030593e-03,1.7032662443e-03,1.3371220577e-03,1.0248202843e-03,7.6510911097e-04,5.5479647430e-04,3.9169861336e-04,2.6972934955e-04,1.8140284494e-04,1.1930747210e-04,7.6913669343e-05,4.8172958103e-05,2.9264542534e-05,1.7304881718e-05,9.9267715637e-06,5.4957573942e-06,2.9288119377e-06,1.4950490482e-06,7.2011821417e-07,3.0776917828e-07,7.8170384232e-08,0.0000000000e+00,0.0000000000e+00,0.0000000000e+00,0.0000000000e+00,0.0000000000e+00,0.0000000000e+00,0.0000000000e+00,0.0000000000e+00,0.0000000000e+00,0.0000000000e+00,0.0000000000e+00,0.0000000000e+00,0.0000000000e+00
1.4837157242e+03,1.2994279216e-02,1.2994279216e-02,1.2994279216e-02,1.2994279216e-02,1.2994279216e-02,1.2994279216e-02,1.2994279216e-02,1.2994279216e-02,1.2994279216e-02,1.2994279216e-02,1.2994279216e-02,1.2994279216e-02,1.2994279216e-02,1.2994279216e-02,1.2994279216e-02,1.2994279216e-02,1.2994279216e-02,1.2994279216e-02,1.2994279216e-02,1.2994279216e-02,1.2994279216e-02,1.2994279216e-02,1.2994279216e-02,1.2994279216e-02,1.2994279216e-02,1.2994279216e-02,1.2994279216e-02,1.2994279216e-02,1.2994279216e-02,1.2994279216e-02,1.2994279216e-02,1.2994279216e-02,1.2994279216e-02,1.2994279216e-02,1.2994279216e-02,1.2994279216e-02,1.2994279216e-02,1.2994279216e-02,1.2994279216e-02,1.2994279216e-02,1.2994279216e-02,1.2994279216e-02,1.2994279216e-02,1.2994279216e-02,1.2994279216e-02,1.2994279216e-02,1.2994279216e-02,1.2994279216e-02,1.2994279216e-02,1.2994279216e-02,1.2994279216e-02,1.2994279216e-02,1.2994279216e-02,1.2994279216e-02,1.2994279216e-02,1.2994279216e-02,1.2994279216e-02,1.2994279216e-02,1.2994279216e-02,1.2994279216e-02,1.2994279216e-02,1.2994279216e-02,1.2994279216e-02,1.2994279216e-02,1.2994279216e-02,1.2994279216e-02,1.2994279216e-02,1.2994279216e-02,1.2994279216e-02,1.2994279216e-02,1.2994279216e-02,1.2994279216e-02,1.2994279216e-02,1.2994279216e-02,1.2994279216e-02,1.2994279216e-02,1.2994279216e-02,1.2994279216e-02,1.2994279216e-02,1.2994279216e-02,1.2994279216e-02,1.2994279216e-02,1.2994279216e-02,1.2994279216e-02,1.2994279216e-02,1.2994279216e-02,1.2994279216e-02,1.2994279216e-02,1.2994279216e-02,1.2994279216e-02,1.2994279216e-02,1.2994279216e-02,1.2994279216e-02,1.2994279216e-02,1.2994279216e-02,1.2994279216e-02,1.2994279216e-02,1.2994279216e-02,1.2994279216e-02,1.2994279216e-02,1.2994279216e-02,1.2994279216e-02,1.2994279216e-02,1.2994279216e-02,1.2994279216e-02,1.2994279216e-02,1.2994279216e-02,1.2994279216e-02,1.2994279216e-02,1.2994279216e-02,1.2994279216e-02,1.2994279216e-02,1.2994279216e-02,1.2994279216e-02,1.2994279216e-02,1.2994279216e-02,1.2994279216e-02,1.2991028965e-02,1.2986627811e-02,1.2981841820e-02,1.2976637504e-02,1.2970978489e-02,1.2964825275e-02,1.2958134973e-02,1.2950861016e-02,1.2942952864e-02,1.2934355664e-02,1.2925009902e-02,1.2914851020e-02,1.2903809005e-02,1.2862044327e-02,1.2806228742e-02,1.2745786193e-02,1.2680359208e-02,1.2609567451e-02,1.2533007159e-02,1.2463566471e-02,1.2395044208e-02,1.2320931732e-02,1.2240813482e-02,1.2160970466e-02,1.2077978071e-02,1.1988339943e-02,1.1881711841e-02,1.1762320764e-02,1.1627082450e-02,1.1466404778e-02,1.1285710407e-02,1.1074583877e-02,1.0830287680e-02,1.0554047299e-02,1.0230196057e-02,9.8599849346e-03,9.4430813861e-03,8.9767771622e-03,8.4646584498e-03,7.9142016414e-03,7.3327873912e-03,6.7288831864e-03,6.1139331352e-03,5.4942561400e-03,4.8801218446e-03,4.2809433392e-03,3.7066061241e-03,3.1639015336e-03,2.6610021478e-03,2.1991745339e-03,1.7823349201e-03,1.4141459332e-03,1.0964732282e-03,8.2898281322e-04,6.0944629982e-04,4.3673436408e-04,3.0557813495e-04,2.0903369699e-04,1.3998399905e-04,9.1980240224e-05,5.8802122930e-05,3.6506488069e-05,2.2069902600e-05,1.2961516986e-05,7.3597573629e-06,4.0317232282e-06,2.1234815759e-06,1.0654916842e-06,4.9231111316e-07,1.7726005200e-07,0.0000000000e+00,0.0000000000e+00,0.0000000000e+00,0.0000000000e+00,0.0000000000e+00,0.0000000000e+00,0.0000000000e+00,0.0000000000e+00,0.0000000000e+00,0.0000000000e+00,0.0000000000e+00,0.0000000000e+00,0.0000000000e+00
1.5594229282e+03,1.2239564354e-02,1.2239564354e-02,1.2239564354e-02,1.2239564354e-02,1.2239564354e-02,1.2239564354e-02,1.2239564354e-02,1.2239564354e-02,1.2239564354e-02,1.2239564354e-02,1.2239564354e-02,1.2239564354e-02,1.2239564354e-02,1.2239564354e-02,1.2239564354e-02,1.2239564354e-02,1.2239564354e-02,1.2239564354e-02,1.2239564354e-02,1.2239564354e-02,1.2239564354e-02,1.2239564354e-02,1.2239564354e-02,1.2239564354e-02,1.2239564354e-02,1.2239564354e-02,1.2239564354e-02,1.2239564354e-02,1.2239564354e-02,1.2239564354e-02,1.2239564354e-02,1.2239564354e-02,1.2239564354e-02,1.2239564354e-02,1.2239564354e-02,1.2239564354e-02,1.2239564354e-02,1.2239564354e-02,1.2239564354e-02,1.2239564354e-02,1.2239564354e-02,1.2239564354e-02,1.2239564354e-02,1.2239564354e-02,1.2239564354e-02,1.2239564354e-02,1.2239564354e-02,1.2239564354e-02,1.2239564354e-02,1.2239564354e-02,1.2239564354e-02,1.2239564354e-02,1.2239564354e-02,1.2239564354e-02,1.2239564354e-02,1.2239564354e-02,1.2239564354e-02,1.2239564354e-02,1.2239564354e-02,1.2239564354e-02,1.2239564354e-02,1.2239564354e-02,1.2239564354e-02,1.2239564354e-02,1.2239564354e-02,1.2239564354e-02,1.2239564354e-02,1.2239564354e-02,1.2239564354e-02,1.2239564354e-02,1.2239564354e-02,1.2239564354e-02,1.2239564354e-02,1.2239564354e-02,1.2239564354e-02,1.2239564354e-02,1.2239564354e-02,1.2239564354e-02,1.2239564354e-02,1.2239564354e-02,1.2239564354e-02,1.2239564354e-02,1.2239564354e-02,1.2239564354e-02,1.2239564354e-02,1.2239564354e-02,1.2239564354e-02,1.2239564354e-02,1.2239564354e-02,1.2239564354e-02,1.2239564354e-02,1.2239564354e-02,1.2239564354e-02,1.2239564354e-02,1.2239564354e-02,1.2239564354e-02,1.2239564354e-02,1.2239564354e-02,1.2239564354e-02,1.2239564354e-02,1.2239564354e-02,1.2239564354e-02,1.2239564354e-02,1.2239564354e-02,1.2239564354e-02,1.2239564354e-02,1.2239564354e-02,1.2239564354e-02,1.2239564354e-02,1.2239564354e-02,1.2239564354e-02,1.2239564354e-02,1.2239564354e-02,1.2239564354e-02,1.2239564354e-02,1.2239564354e-02,1.2239564354e-02,1.2239564354e-02,1.2238896970e-02,1.2233752083e-02,1.2228157803e-02,1.2222075113e-02,1.2215461648e-02,1.2208271421e-02,1.2200454521e-02,1.2191956788e-02,1.2182719465e-02,1.2172678825e-02,1.2161765765e-02,1.2149905379e-02,1.2137016493e-02,1.2119648588e-02,1.2063301999e-02,1.2002304235e-02,1.1936299564e-02,1.1864910186e-02,1.1787735836e-02,1.1704890666e-02,1.1647481925e-02,1.1585350984e-02,1.1518139716e-02,1.1445347337e-02,1.1360548241e-02,1.1269015005e-02,1.1169554564e-02,1.1041443479e-02,1.0903749147e-02,1.0738804710e-02,1.0552800860e-02,1.0332725418e-02,1.0087625919e-02,9.7907668028e-03,9.4583813936e-03,9.0837599522e-03,8.6603318773e-03,8.1908675087e-03,7.6850816156e-03,7.1479721008e-03,6.5881786681e-03,6.0139082675e-03,5.4333456942e-03,4.8532299067e-03,4.2840759761e-03,3.7343451606e-03,3.2110187801e-03,2.7220811911e-03,2.2690509641e-03,1.8562611956e-03,1.4878561903e-03,1.1664542127e-03,8.9259832267e-04,6.6495173532e-04,4.8334491582e-04,3.4341689121e-04,2.3876844088e-04,1.6270117349e-04,1.0888641789e-04,7.0988127470e-05,4.4978016507e-05,2.7718230555e-05,1.6609455890e-05,9.6616129824e-06,5.4352559434e-06,2.9523454345e-06,1.5438931090e-06,7.7015618841e-07,3.5351241189e-07,1.2455321273e-07,0.0000000000e+00,0.0000000000e+00,0.0000000000e+00,0.0000000000e+00,0.0000000000e+00,0.0000000000e+00,0.0000000000e+00,0.0000000000e+00,0.0000000000e+00,0.0000000000e+00,0.0000000000e+00,0.0000000000e+00
1.6389931234e+03,1.1519227286e-02,1.1519227286e-02,1.1519227286e-02,1.1519227286e-02,1.1519227286e-02,1.1519227286e-02,1.1519227286e-02,1.1519227286e-02,1.1519227286e-02,1.1519227286e-02,1.1519227286e-02,1.1519227286e-02,1.1519227286e-02,1.1519227286e-02,1.1519227286e-02,1.1519227286e-02,1.1519227286e-02,1.1519227286e-02,1.1519227286e-02,1.1519227286e-02,1.1519227286e-02,1.1519227286e-02,1.1519227286e-02,1.1519227286e-02,1.1519227286e-02,1.1519227286e-02,1.1519227286e-02,1.1519227286e-02,1.1519227286e-02,1.1519227286e-02,1.1519227286e-02,1.1519227286e-02,1.1519227286e-02,1.1519227286e-02,1.1519227286e-02,1.1519227286e-02,1.1519227286e-02,1.1519227286e-02,1.1519227286e-02,1.1519227286e-02,1.1519227286e-02,1.1519227286e-02,1.1519227286e-02,1.1519227286e-02,1.1519227286e-02,1.1519227286e-02,1.1519227286e-02,1.1519227286e-02,1.1519227286e-02,1.1519227286e-02,1.1519227286e-02,1.1519227286e-02,1.1519227286e-02,1.1519227286e-02,1.1519227286e-02,1.1519227286e-02,1.1519227286e-02,1.1519227286e-02,1.1519227286e-02,1.1519227286e-02,1.1519227286e-02,1.1519227286e-02,1.1519227286e-02,1.1519227286e-02,1.1519227286e-02,1.1519227286e-02,1.1519227286e-02,1.1519227286e-02,1.1519227286e-02,1.1519227286e-02,1.1519227286e-02,1.1519227286e-02,1.1519227286e-02,1.1519227286e-02,1.1519227286e-02,1.1519227286e-02,1.1519227286e-02,1.1519227286e-02,1.1519227286e-02,1.1519227286e-02,1.1519227286e-02,1.1519227286e-02,1.1519227286e-02,1.1519227286e-02,1.1519227286e-02,1.1519227286e-02,1.1519227286e-02,1.1519227286e-02,1.1519227286e-02,1.1519227286e-02,1.1519227286e-02,1.1519227286e-02,1.1519227286e-02,1.1519227286e-02,1.1519227286e-02,1.1519227286e-02,1.1519227286e-02,1.1519227286e-02,1.1519227286e-02,1.1519227286e-02,1.1519227286e-02,1.1519227286e-02,1.1519227286e-02,1.1519227286e-02,1.1519227286e-02,1.1519227286e-02,1.1519227286e-02,1.1519227286e-02,1.1519227286e-02,1.1519227286e-02,1.1519227286e-02,1.1519227286e-02,1.1519227286e-02,1.1519227286e-02,1.1519227286e-02,1.1519227286e-02,1.1519227286e-02,1.1519227286e-02,1.1518658557e-02,1.1514274108e-02,1.1509506491e-02,1.1504322401e-02,1.1498685671e-02,1.1492557033e-02,1.1485893859e-02,1.1478649881e-02,1.1470774891e-02,1.1462214417e-02,1.1452909376e-02,1.1442795701e-02,1.1431803938e-02,1.1416981872e-02,1.1368801903e-02,1.1316621403e-02,1.1260130102e-02,1.1198997658e-02,1.1132873113e-02,1.1061833583e-02,1.1011885346e-02,1.0957806502e-02,1.0899279746e-02,1.0835848955e-02,1.0761236085e-02,1.0680653673e-02,1.0593021845e-02,1.0479550945e-02,1.0357494358e-02,1.0210791136e-02,1.0045008163e-02,9.8482648226e-03,9.6286838737e-03,9.3618148945e-03,9.0621766540e-03,8.7233912601e-03,8.3391063068e-03,7.9113122548e-03,7.4483525357e-03,6.9542761361e-03,6.4365644743e-03,5.9025454061e-03,5.3595894227e-03,4.8137048530e-03,4.2746638557e-03,3.7503851770e-03,3.2476020315e-03,2.7741026300e-03,2.3315942913e-03,1.9246745217e-03,1.5578937150e-03,1.2344599047e-03,9.5565358242e-04,7.2098492870e-04,5.3127037367e-04,3.8300836825e-04,2.7044559737e-04,1.8732349208e-04,1.2753482506e-04,8.4688726051e-05,5.4735110356e-05,3.4460353065e-05,2.1112774535e-05,1.2560229402e-05,7.2379475189e-06,4.0347814656e-06,2.1712169366e-06,1.1211761799e-06,5.4354167690e-07,2.2510322585e-07,3.3084613245e-08,0.0000000000e+00,0.0000000000e+00,0.0000000000e+00,0.0000000000e+00,0.0000000000e+00,0.0000000000e+00,0.0000000000e+00,0.0000000000e+00,0.0000000000e+00,0.0000000000e+00,0.0000000000e+00
1.7226234204e+03,1.0836662573e-02,1.0836662573e-02,1.0836662573e-02,1.0836662573e-02,1.0836662573e-02,1.0836662573e-02,1.0836662573e-02,1.0836662573e-02,1.0836662573e-02,1.0836662573e-02,1.0836662573e-02,1.0836662573e-02,1.0836662573e-02,1.0836662573e-02,1.0836662573e-02,1.0836662573e-02,1.0836662573e-02,1.0836662573e-02,1.0836662573e-02,1.0836662573e-02,1.0836662573e-02,1.0836662573e-02,1.0836662573e-02,1.0836662573e-02,1.0836662573e-02,1.0836662573e-02,1.0836662573e-02,1.0836662573e-02,1.0836662573e-02,1.0836662573e-02,1.0836662573e-02,1.0836662573e-02,1.0836662573e-02,1.0836662573e-02,1.0836662573e-02,1.0836662573e-02,1.0836662573e-02,1.0836662573e-02,1.0836662573e-02,1.0836662573e-02,1.0836662573e-02,1.0836662573e-02,1.0836662573e-02,1.0836662573e-02,1.0836662573e-02,1.0836662573e-02,1.0836662573e-02,1.0836662573e-02,1.0836662573e-02,1.0836662573e-02,1.0836662573e-02,1.0836662573e-02,1.0836662573e-02,1.0836662573e-02,1.0836662573e-02,1.0836662573e-02,1.0836662573e-02,1.0836662573e-02,1.0836662573e-02,1.0836662573e-02,1.0836662573e-02,1.0836662573e-02,1.0836662573e-02,1.0836662573e-02,1.0836662573e-02,1.0836662573e-02,1.0836662573e-02,1.0836662573e-02,1.0836662573e-02,1.0836662573e-02,1.0836662573e-02,1.0836662573e-02,1.0836662573e-02,1.0836662573e-02,1.0836662573e-02,1.0836662573e-02,1.0836662573e-02,1.0836662573e-02,1.0836662573e-02,1.0836662573e-02,1.0836662573e-02,1.0836662573e-02,1.0836662573e-02,1.0836662573e-02,1.0836662573e-02,1.0836662573e-02,1.0836662573e-02,1.0836662573e-02,1.0836662573e-02,1.0836662573e-02,1.0836662573e-02,1.0836662573e-02,1.0836662573e-02,1.0836662573e-02,1.0836662573e-02,1.0836662573e-02,1.0836662573e-02,1.0836662573e-02,1.0836662573e-02,1.0836662573e-02,1.0836662573e-02,1.0836662573e-02,1.0836662573e-02,1.0836662573e-02,1.0836662573e-02,1.0836662573e-02,1.0836662573e-02,1.0836662573e-02,1.0836662573e-02,1.0836662573e-02,1.0836662573e-02,1.0836662573e-02,1.0836662573e-02,1.0836662573e-02,1.0836662573e-02,1.0836662573e-02,1.0836662573e-02,1.0836662573e-02,1.0836179630e-02,1.0832456450e-02,1.0828407736e-02,1.0824005163e-02,1.0819217968e-02,1.0814012743e-02,1.0808353215e-02,1.0802200004e-02,1.0795510367e-02,1.0788237919e-02,1.0780332333e-02,1.0771739021e-02,1.0762398782e-02,1.0749791485e-02,1.0708702159e-02,1.0664182507e-02,1.0615963084e-02,1.0563756366e-02,1.0507256118e-02,1.0446510896e-02,1.0403174699e-02,1.0356236640e-02,1.0305416724e-02,1.0250301020e-02,1.0184806837e-02,1.0114035774e-02,1.0037013098e-02,9.9367343836e-03,9.8287861098e-03,9.6985961206e-03,9.5511644835e-03,9.3756677240e-03,9.1793893007e-03,8.9400200052e-03,8.6705250025e-03,8.3648729107e-03,8.0169623554e-03,7.6281190266e-03,7.2054684130e-03,6.7522233005e-03,6.2748002951e-03,5.7796959953e-03,5.2734978323e-03,4.7615021645e-03,4.2527287309e-03,3.7545185715e-03,3.2732972671e-03,2.8165785503e-03,2.3861774783e-03,1.9868524080e-03,1.6234462878e-03,1.2996465816e-03,1.0173754705e-03,7.7691822584e-04,5.8001948170e-04,4.2403121991e-04,3.0387852386e-04,2.1379757944e-04,1.4796576756e-04,9.9994737138e-05,6.5860462708e-05,4.2312505261e-05,2.6471488355e-05,1.6086861335e-05,9.4839035709e-06,5.4182078448e-06,2.9955369626e-06,1.5971093812e-06,8.1135823944e-07,3.7495528555e-07,1.2207011761e-07,0.0000000000e+00,0.0000000000e+00,0.0000000000e+00,0.0000000000e+00,0.0000000000e+00,0.0000000000e+00,0.0000000000e+00,0.0000000000e+00,0.0000000000e+00,0.0000000000e+00,0.0000000000e+00
1.8105209877e+03,1.0165768623e-02,1.0165768623e-02,1.0165768623e-02,1.0165768623e-02,1.0165768623e-02,1.0165768623e-02,1.0165768623e-02,1.0165768623e-02,1.0165768623e-02,1.0165768623e-02,1.0165768623e-02,1.0165768623e-02,1.0165768623e-02,1.0165768623e-02,1.0165768623e-02,1.0165768623e-02,1.0165768623e-02,1.0165768623e-02,1.0165768623e-02,1.0165768623e-02,1.0165768623e-02,1.0165768623e-02,1.0165768623e-02,1.0165768623e-02,1.0165768623e-02,1.0165768623e-02,1.0165768623e-02,1.0165768623e-02,1.0165768623e-02,1.0165768623e-02,1.0165768623e-02,1.0165768623e-02,1.0165768623e-02,1.0165768623e-02,1.0165768623e-02,1.0165768623e-02,1.0165768623e-02,1.0165768623e-02,1.0165768623e-02,1.0165768623e-02,1.0165768623e-02,1.0165768623e-02,1.0165768623e-02,1.0165768623e-02,1.0165768623e-02,1.0165768623e-02,1.0165768623e-02,1.0165768623e-02,1.0165768623e-02,1.0165768623e-02,1.0165768623e-02,1.0165768623e-02,1.0165768623e-02,1.0165768623e-02,1.0165768623e-02,1.0165768623e-02,1.0165768623e-02,1.0165768623e-02,1.0165768623e-02,1.0165768623e-02,1.0165768623e-02,1.0165768623e-02,1.0165768623e-02,1.0165768623e-02,1.0165768623e-02,1.0165768623e-02,1.0165768623e-02,1.0165768623e-02,1.0165768623e-02,1.0165768623e-02,1.0165768623e-02,1.0165768623e-02,1.0165768623e-02,1.0165768623e-02,1.0165768623e-02,1.0165768623e-02,1.0165768623e-02,1.0165768623e-02,1.0165768623e-02,1.0165768623e-02,1.0165768623e-02,1.0165768623e-02,1.0165768623e-02,1.0165768623e-02,1.0165768623e-02,1.0165768623e-02,1.0165768623e-02,1.0165768623e-02,1.0165768623e-02,1.0165768623e-02,1.0165768623e-02,1.0165768623e-02,1.0165768623e-02,1.0165768623e-02,1.0165768623e-02,1.0165768623e-02,1.0165768623e-02,1.0165768623e-02,1.0165768623e-02,1.0165768623e-02,1.0165768623e-02,1.0165768623e-02,1.0165768623e-02,1.0165768623e-02,1.0165768623e-02,1.0165768623e-02,1.0165768623e-02,1.0165768623e-02,1.0165768623e-02,1.0165768623e-02,1.0165768623e-02,1.0165768623e-02,1.0165768623e-02,1.0165768623e-02,1.0165768623e-02,1.0165768623e-02,1.0165768623e-02,1.0165768623e-02,1.0165768623e-02,1.0165768623e-02,1.0163621399e-02,1.0158819898e-02,1.0153599282e-02,1.0147923214e-02,1.0141752251e-02,1.0135043585e-02,1.0127750773e-02,1.0119823430e-02,1.0111206918e-02,1.0101841993e-02,1.0091664447e-02,1.0080604704e-02,1.0068587407e-02,1.0046448415e-02,1.0009650788e-02,9.9697744599e-03,9.9265763833e-03,9.8797969743e-03,9.8291594846e-03,9.7793245952e-03,9.7346725702e-03,9.6863304877e-03,9.6340153532e-03,9.5723571100e-03,9.4963935522e-03,9.4144429235e-03,9.3182606237e-03,9.2012489017e-03,9.0756286245e-03,8.9145632923e-03,8.7421444767e-03,8.5256340927e-03,8.2860495697e-03,8.0098510658e-03,7.6918149360e-03,7.3407326345e-03,6.9565877660e-03,6.5420951620e-03,6.1037766032e-03,5.6464119564e-03,5.1756157618e-03,4.6977092157e-03,4.2186537684e-03,3.7471812527e-03,3.2882209487e-03,2.8493087931e-03,2.4325521881e-03,2.0424393666e-03,1.6841369329e-03,1.3615388421e-03,1.0772593721e-03,8.3227463011e-04,6.2917233218e-04,4.6617581543e-04,3.3887301691e-04,2.4201512477e-04,1.7014695816e-04,1.1693857762e-04,7.8425271260e-05,5.1364705809e-05,3.2767597781e-05,2.0278254916e-05,1.2198542462e-05,7.1344807413e-06,4.0483651499e-06,2.2264147260e-06,1.1826272499e-06,5.9935782851e-07,2.7446709291e-07,8.3075988680e-08,0.0000000000e+00,0.0000000000e+00,0.0000000000e+00,0.0000000000e+00,0.0000000000e+00,0.0000000000e+00,0.0000000000e+00,0.0000000000e+00,0.0000000000e+00,0.0000000000e+00
1.9029035644e+03,9.6218221003e-03,9.6218221003e-03,9.6218221003e-03,9.6218221003e-03,9.6218221003e-03,9.6218221003e-03,9.6218221003e-03,9.6218221003e-03,9.6218221003e-03,9.6218221003e-03,9.6218221003e-03,9.6218221003e-03,9.6218221003e-03,9.6218221003e-03,9.6218221003e-03,9.6218221003e-03,9.6218221003e-03,9.6218221003e-03,9.6218221003e-03,9.6218221003e-03,9.6218221003e-03,9.6218221003e-03,9.6218221003e-03,9.6218221003e-03,9.6218221003e-03,9.6218221003e-03,9.6218221003e-03,9.6218221003e-03,9.6218221003e-03,9.6218221003e-03,9.6218221003e-03,9.6218221003e-03,9.6218221003e-03,9.6218221003e-03,9.6218221003e-03,9.6218221003e-03,9.6218221003e-03,9.6218221003e-03,9.6218221003e-03,9.6218221003e-03,9.6218221003e-03,9.6218221003e-03,9.6218221003e-03,9.6218221003e-03,9.6218221003e-03,9.6218221003e-03,9.6218221003e-03,9.6218221003e-03,9.6218221003e-03,9.6218221003e-03,9.6218221003e-03,9.6218221003e-03,9.6218221003e-03,9.6218221003e-03,9.6218221003e-03,9.6218221003e-03,9.6218221003e-03,9.6218221003e-03,9.6218221003e-03,9.6218221003e-03,9.6218221003e-03,9.6218221003e-03,9.6218221003e-03,9.6218221003e-03,9.6218221003e-03,9.6218221003e-03,9.6218221003e-03,9.6218221003e-03,9.6218221003e-03,9.6218221003e-03,9.6218221003e-03,9.6218221003e-03,9.6218221003e-03,9.6218221003e-03,9.6218221003e-03,9.6218221003e-03,9.6218221003e-03,9.6218221003e-03,9.6218221003e-03,9.6218221003e-03,9.6218221003e-03,9.6218221003e-03,9.6218221003e-03,9.6218221003e-03,9.6218221003e-03,9.6218221003e-03,9.6218221003e-03,9.6218221003e-03,9.6218221003e-03,9.6218221003e-03,9.6218221003e-03,9.6218221003e-03,9.6218221003e-03,9.6218221003e-03,9.6218221003e-03,9.6218221003e-03,9.6218221003e-03,9.6218221003e-03,9.6218221003e-03,9.6218221003e-03,9.6218221003e-03,9.6218221003e-03,9.6218221003e-03,9.6218221003e-03,9.6218221003e-03,9.6218221003e-03,9.6218221003e-03,9.6218221003e-03,9.6218221003e-03,9.6218221003e-03,9.6218221003e-03,9.6218221003e-03,9.6218221003e-03,9.6218221003e-03,9.6218221003e-03,9.6218221003e-03,9.6218221003e-03,9.6218221003e-03,9.6218221003e-03,9.6218221003e-03,9.6218221003e-03,9.6218221003e-03,9.6218221003e-03,9.6218221003e-03,9.6218221003e-03,9.6218221003e-03,9.6218221003e-03,9.6218221003e-03,9.6183872110e-03,9.5977173454e-03,9.5752825942e-03,9.5509370659e-03,9.5245236862e-03,9.4958735043e-03,9.4648049868e-03,9.4311233077e-03,9.3946196439e-03,9.3550704858e-03,9.3122369796e-03,9.2658643154e-03,9.2156811841e-03,9.1615465904e-03,9.1041003283e-03,9.0420178416e-03,8.9749636383e-03,8.9025849864e-03,8.8245123881e-03,8.7379808367e-03,8.6030654218e-03,8.4586655937e-03,8.3043348829e-03,8.1361388479e-03,7.8995341536e-03,7.6499566290e-03,7.3833254191e-03,7.0519589091e-03,6.7083562015e-03,6.3284451203e-03,5.9285012941e-03,5.5053222905e-03,5.0723812926e-03,4.6235360916e-03,4.1749527828e-03,3.7301354204e-03,3.2941609493e-03,2.8742173519e-03,2.4717361126e-03,2.0919198203e-03,1.7395843916e-03,1.4195233300e-03,1.1347348212e-03,8.8652581227e-04,6.7817859000e-04,5.0884074596e-04,3.7483616283e-04,2.7140524478e-04,1.9355062726e-04,1.3497491395e-04,9.1900054280e-05,6.1115367981e-05,3.9600538302e-05,2.4924828205e-05,1.5247572854e-05,9.0634363160e-06,5.2227707833e-06,2.9031415568e-06,1.5342156958e-06,7.3794198024e-07,2.7292929259e-07,6.9143446710e-09,0.0000000000e+00,0.0000000000e+00,0.0000000000e+00,0.0000000000e+00,0.0000000000e+00,0.0000000000e+00,0.0000000000e+00,0.0000000000e+00,0.0000000000e+00,0.0000000000e+00
2.0000000000e+03,8.9801680585e-03,8.9801680585e-03,8.9801680585e-03,8.9801680585e-03,8.9801680585e-03,8.9801680585e-03,8.9801680585e-03,8.9801680585e-03,8.9801680585e-03,8.9801680585e-03,8.9801680585e-03,8.9801680585e-03,8.9801680585e-03,8.9801680585e-03,8.9801680585e-03,8.9801680585e-03,8.9801680585e-03,8.9801680585e-03,8.9801680585e-03,8.9801680585e-03,8.9801680585e-03,8.9801680585e-03,8.9801680585e-03,8.9801680585e-03,8.9801680585e-03,8.9801680585e-03,8.9801680585e-03,8.9801680585e-03,8.9801680585e-03,8.9801680585e-03,8.9801680585e-03,8.9801680585e-03,8.9801680585e-03,8.9801680585e-03,8.9801680585e-03,8.9801680585e-03,8.9801680585e-03,8.9801680585e-03,8.9801680585e-03,8.9801680585e-03,8.9801680585e-03,8.9801680585e-03,8.9801680585e-03,8.9801680585e-03,8.9801680585e-03,8.9801680585e-03,8.9801680585e-03,8.9801680585e-03,8.9801680585e-03,8.9801680585e-03,8.9801680585e-03,8.9801680585e-03,8.9801680585e-03,8.9801680585e-03,8.9801680585e-03,8.9801680585e-03,8.9801680585e-03,8.9801680585e-03,8.9801680585e-03,8.9801680585e-03,8.9801680585e-03,8.9801680585e-03,8.9801680585e-03,8.9801680585e-03,8.9801680585e-03,8.9801680585e-03,8.9801680585e-03,8.9801680585e-03,8.9801680585e-03,8.9801680585e-03,8.9801680585e-03,8.9801680585e-03,8.9801680585e-03,8.9801680585e-03,8.9801680585e-03,8.9801680585e-03,8.9801680585e-03,8.9801680585e-03,8.9801680585e-03,8.9801680585e-03,8.9801680585e-03,8.9801680585e-03,8.9801680585e-03,8.9801680585e-03,8.9801680585e-03,8.9801680585e-03,8.9801680585e-03,8.9801680585e-03,8.9801680585e-03,8.9801680585e-03,8.9801680585e-03,8.9801680585e-03,8.9801680585e-03,8.9801680585e-03,8.9801680585e-03,8.9801680585e-03,8.9801680585e-03,8.9801680585e-03,8.9801680585e-03,8.9801680585e-03,8.9801680585e-03,8.9801680585e-03,8.9801680585e-03,8.9801680585e-03,8.9801680585e-03,8.9801680585e-03,8.9801680585e-03,8.9801680585e-03,8.9801680585e-03,8.9801680585e-03,8.9801680585e-03,8.9801680585e-03,8.9801680585e-03,8.9801680585e-03,8.9801680585e-03,8.9801680585e-03,8.9801680585e-03,8.9801680585e-03,8.9801680585e-03,8.9801680585e-03,8.9786379864e-03,8.9752162996e-03,8.9714955849e-03,8.9674498512e-03,8.9630508738e-03,8.9582680081e-03,8.9530679870e-03,8.9474147032e-03,8.9412689751e-03,8.9345882938e-03,8.9273265521e-03,8.9194337524e-03,8.9108556940e-03,8.8949763655e-03,8.8685093641e-03,8.8398073294e-03,8.8086900238e-03,8.7749642270e-03,8.7384230902e-03,8.7019843834e-03,8.6683963931e-03,8.6320057529e-03,8.5925925801e-03,8.5457563929e-03,8.4874142833e-03,8.4244005155e-03,8.3500113689e-03,8.2588420185e-03,8.1607957888e-03,8.0339186183e-03,7.8977675896e-03,7.7254905446e-03,7.5339757851e-03,7.3117962593e-03,7.0541692615e-03,6.7677362518e-03,6.4517521444e-03,6.1076583937e-03,5.7402065394e-03,5.3528720226e-03,4.9499152713e-03,4.5362838992e-03,4.1165932956e-03,3.6983161693e-03,3.2855678810e-03,2.8850901952e-03,2.4988851988e-03,2.1313432474e-03,1.7877290188e-03,1.4723703510e-03,1.1886854458e-03,9.3877210232e-04,7.2666166232e-04,5.5213112390e-04,4.1217899125e-04,3.0272263149e-04,2.1913180347e-04,1.5535344497e-04,1.0770602933e-04,7.3090106935e-05,4.8438103649e-05,3.1229380304e-05,1.9579047501e-05,1.1945544606e-05,7.0916033933e-06,4.0952313781e-06,2.2983909852e-06,1.2498408357e-06,6.4823511301e-07,3.0090816641e-07,8.9601012630e-08,0.0000000000e+00,0.0000000000e+00,0.0000000000e+00,0.0000000000e+00,0.0000000000e+00,0.0000000000e+00,0.0000000000e+00,0.0000000000e+00,0.0000000000e+00
