# mechanism,air_plasma
# version,1
# mechanism-hash,23a06d772827b718
# T_gas_K,300
# T_exc_K,300
# grid_points,200  (eps_max sized per E/N)
# pressure_atm,0.98692  (0 = density-scaled processes excluded)
# composition,N2=0.79 O2=0.21 
# NOTE rate coefficients are valid only for this composition and T_gas;
#      the EEDF is a functional of the whole mixture.
EN_Td,converged,meanEnergy_eV,muN,DLN,DTN,muEpsN,DEpsN,alphaN,etaN,nuEffN,driftVel,nuIonN,nuAttN,PelasticN,PgasN,PvibN,PelecN,PinelasticN,k[EI_N2_EFF]{m^3/s},k[EI_N2_EXC_N2_ROT]{m^3/s},k[EI_N2_EXC_N2_V1]{m^3/s},k[EI_N2_EXC_N2_V1RES]{m^3/s},k[EI_N2_EXC_N2_V2]{m^3/s},k[EI_N2_EXC_N2_V3]{m^3/s},k[EI_N2_EXC_N2_V4]{m^3/s},k[EI_N2_EXC_N2_V5]{m^3/s},k[EI_N2_EXC_N2_V6]{m^3/s},k[EI_N2_EXC_N2_V7]{m^3/s},k[EI_N2_EXC_N2_V8]{m^3/s},k[EI_N2_EXC_N2_A3_V0_4]{m^3/s},k[EI_N2_EXC_N2_A3_V5_9]{m^3/s},k[EI_N2_EXC_N2_B3]{m^3/s},k[EI_N2_EXC_N2_W3]{m^3/s},k[EI_N2_EXC_N2_A3_V10]{m^3/s},k[EI_N2_EXC_N2_B_P3]{m^3/s},k[EI_N2_EXC_N2_A_P1]{m^3/s},k[EI_N2_EXC_N2_A1]{m^3/s},k[EI_N2_EXC_N2_W1]{m^3/s},k[EI_N2_EXC_N2_C3]{m^3/s},k[EI_N2_EXC_N2_E3]{m^3/s},k[EI_N2_EXC_N2_A_PP1]{m^3/s},k[EI_N2_EXC_N2_SUM]{m^3/s},k[EI_N2_ION_N2]{m^3/s},k[EI_N2_ION_N2_B2SIGMA]{m^3/s},k[EI_O2_ATT]{m^6/s},k[EI_O2_ATT_O_O]{m^3/s},k[EI_O2_EFF]{m^3/s},k[EI_O2_EXC_O2_ROT]{m^3/s},k[EI_O2_EXC_O2_V1]{m^3/s},k[EI_O2_EXC_O2_V1RES]{m^3/s},k[EI_O2_EXC_O2_V2]{m^3/s},k[EI_O2_EXC_O2_V2RES]{m^3/s},k[EI_O2_EXC_O2_V3]{m^3/s},k[EI_O2_EXC_O2_V4]{m^3/s},k[EI_O2_EXC_O2_A1]{m^3/s},k[EI_O2_EXC_O2_B1]{m^3/s},k[EI_O2_EXC_O2_4_5EV]{m^3/s},k[EI_O2_EXC_O2_6_0EV]{m^3/s},k[EI_O2_EXC_O2_8_4EV]{m^3/s},k[EI_O2_EXC_O2_9_97EV]{m^3/s},k[EI_O2_ION_O2]{m^3/s},k[DEEX_N2_EXC_N2_A3_V0_4]{m^3/s},k[DEEX_N2_EXC_N2_B3]{m^3/s},k[DEEX_N2_EXC_N2_A_P1]{m^3/s},k[DEEX_N2_EXC_N2_C3]{m^3/s},k[DEEX_O2_EXC_O2_A1]{m^3/s},k[DEEX_O2_EXC_O2_B1]{m^3/s}
1.0000000000e-01,1,8.3422134201e-02,1.9401422605e+25,1.1790574609e+24,1.1790574609e+24,2.2022114954e+25,1.2213770171e+24,0.0000000000e+00,1.7984681038e-21,-3.4892839722e-18,1.9401422605e+03,0.0000000000e+00,3.4892839722e-18,2.0669149864e-20,0.0000000000e+00,0.0000000000e+00,0.0000000000e+00,6.0592436284e-19,0.0000000000e+00,3.6440253747e-17,1.4644226189e-20,0.0000000000e+00,0.0000000000e+00,0.0000000000e+00,0.0000000000e+00,0.0000000000e+00,0.0000000000e+00,0.0000000000e+00,0.0000000000e+00,0.0000000000e+00,0.0000000000e+00,0.0000000000e+00,0.0000000000e+00,0.0000000000e+00,0.0000000000e+00,0.0000000000e+00,0.0000000000e+00,0.0000000000e+00,0.0000000000e+00,0.0000000000e+00,0.0000000000e+00,0.0000000000e+00,0.0000000000e+00,0.0000000000e+00,3.2772056958e-42,0.0000000000e+00,0.0000000000e+00,1.3191742488e-18,5.3315362316e-19,0.0000000000e+00,0.0000000000e+00,0.0000000000e+00,0.0000000000e+00,0.0000000000e+00,0.0000000000e+00,0.0000000000e+00,0.0000000000e+00,0.0000000000e+00,0.0000000000e+00,0.0000000000e+00,0.0000000000e+00,0.0000000000e+00,0.0000000000e+00,0.0000000000e+00,0.0000000000e+00,0.0000000000e+00,0.0000000000e+00
1.0510254106e-01,1,8.8462680050e-02,1.8297106578e+25,1.1832368105e+24,1.1832368105e+24,2.0869413565e+25,1.2249247636e+24,0.0000000000e+00,1.8546623863e-21,-3.5666500377e-18,1.9230723953e+03,0.0000000000e+00,3.5666500377e-18,2.3609183617e-20,0.0000000000e+00,0.0000000000e+00,0.0000000000e+00,6.3660102006e-19,0.0000000000e+00,3.7964771008e-17,1.8464295568e-20,0.0000000000e+00,0.0000000000e+00,0.0000000000e+00,0.0000000000e+00,0.0000000000e+00,0.0000000000e+00,0.0000000000e+00,0.0000000000e+00,0.0000000000e+00,0.0000000000e+00,0.0000000000e+00,0.0000000000e+00,0.0000000000e+00,0.0000000000e+00,0.0000000000e+00,0.0000000000e+00,0.0000000000e+00,0.0000000000e+00,0.0000000000e+00,0.0000000000e+00,0.0000000000e+00,0.0000000000e+00,0.0000000000e+00,3.3498694608e-42,0.0000000000e+00,0.0000000000e+00,1.4323794613e-18,6.6444797710e-19,0.0000000000e+00,0.0000000000e+00,0.0000000000e+00,0.0000000000e+00,0.0000000000e+00,0.0000000000e+00,0.0000000000e+00,0.0000000000e+00,0.0000000000e+00,0.0000000000e+00,0.0000000000e+00,0.0000000000e+00,0.0000000000e+00,0.0000000000e+00,0.0000000000e+00,0.0000000000e+00,0.0000000000e+00,0.0000000000e+00
1.1046544136e-01,1,9.3491060499e-02,1.7247060800e+25,1.1873494140e+24,1.1873494140e+24,1.9843699439e+25,1.2282977823e+24,0.0000000000e+00,1.9051755941e-21,-3.6297485124e-18,1.9052041836e+03,0.0000000000e+00,3.6297485124e-18,2.6628989131e-20,0.0000000000e+00,0.0000000000e+00,0.0000000000e+00,6.6791783317e-19,0.0000000000e+00,3.9455102362e-17,2.3026126093e-20,0.0000000000e+00,0.0000000000e+00,0.0000000000e+00,0.0000000000e+00,0.0000000000e+00,0.0000000000e+00,0.0000000000e+00,0.0000000000e+00,0.0000000000e+00,0.0000000000e+00,0.0000000000e+00,0.0000000000e+00,0.0000000000e+00,0.0000000000e+00,0.0000000000e+00,0.0000000000e+00,0.0000000000e+00,0.0000000000e+00,0.0000000000e+00,0.0000000000e+00,0.0000000000e+00,0.0000000000e+00,0.0000000000e+00,3.4091328175e-42,0.0000000000e+00,0.0000000000e+00,1.5476976429e-18,8.2084211168e-19,0.0000000000e+00,0.0000000000e+00,0.0000000000e+00,0.0000000000e+00,0.0000000000e+00,0.0000000000e+00,0.0000000000e+00,0.0000000000e+00,0.0000000000e+00,0.0000000000e+00,0.0000000000e+00,0.0000000000e+00,0.0000000000e+00,0.0000000000e+00,0.0000000000e+00,0.0000000000e+00,0.0000000000e+00,0.0000000000e+00
1.1610198586e-01,1,9.6777619891e-02,1.7121184964e+25,1.1896355486e+24,1.1896355486e+24,1.9258864816e+25,1.2303665061e+24,0.0000000000e+00,1.8540320923e-21,-3.6854516207e-18,1.9878035747e+03,0.0000000000e+00,3.6854516207e-18,2.8687567380e-20,0.0000000000e+00,0.0000000000e+00,0.0000000000e+00,6.9199988720e-19,0.0000000000e+00,4.0540765434e-17,2.7850337408e-20,0.0000000000e+00,0.0000000000e+00,0.0000000000e+00,0.0000000000e+00,0.0000000000e+00,0.0000000000e+00,0.0000000000e+00,0.0000000000e+00,0.0000000000e+00,0.0000000000e+00,0.0000000000e+00,0.0000000000e+00,0.0000000000e+00,0.0000000000e+00,0.0000000000e+00,0.0000000000e+00,0.0000000000e+00,0.0000000000e+00,0.0000000000e+00,0.0000000000e+00,0.0000000000e+00,0.0000000000e+00,0.0000000000e+00,3.4614502973e-42,0.0000000000e+00,0.0000000000e+00,1.6203618192e-18,9.5687527313e-19,0.0000000000e+00,1.1333084197e-21,0.0000000000e+00,0.0000000000e+00,0.0000000000e+00,0.0000000000e+00,0.0000000000e+00,0.0000000000e+00,0.0000000000e+00,0.0000000000e+00,0.0000000000e+00,0.0000000000e+00,0.0000000000e+00,0.0000000000e+00,0.0000000000e+00,0.0000000000e+00,0.0000000000e+00,0.0000000000e+00
1.2202613736e-01,1,1.0175997315e-01,1.6083397158e+25,1.1936781222e+24,1.1936781222e+24,1.8401839615e+25,1.2334939765e+24,0.0000000000e+00,1.8993127342e-21,-3.7275813542e-18,1.9625948308e+03,0.0000000000e+00,3.7275813542e-18,3.1813549189e-20,0.0000000000e+00,0.0000000000e+00,0.0000000000e+00,7.2428308644e-19,0.0000000000e+00,4.1964895750e-17,3.3665756108e-20,0.0000000000e+00,0.0000000000e+00,0.0000000000e+00,0.0000000000e+00,0.0000000000e+00,0.0000000000e+00,0.0000000000e+00,0.0000000000e+00,0.0000000000e+00,0.0000000000e+00,0.0000000000e+00,0.0000000000e+00,0.0000000000e+00,0.0000000000e+00,0.0000000000e+00,0.0000000000e+00,0.0000000000e+00,0.0000000000e+00,0.0000000000e+00,0.0000000000e+00,0.0000000000e+00,0.0000000000e+00,0.0000000000e+00,3.5010193905e-42,0.0000000000e+00,0.0000000000e+00,1.7391033841e-18,1.1563215820e-18,0.0000000000e+00,1.0456582667e-21,0.0000000000e+00,0.0000000000e+00,0.0000000000e+00,0.0000000000e+00,0.0000000000e+00,0.0000000000e+00,0.0000000000e+00,0.0000000000e+00,0.0000000000e+00,0.0000000000e+00,0.0000000000e+00,0.0000000000e+00,0.0000000000e+00,0.0000000000e+00,0.0000000000e+00,0.0000000000e+00
1.2825257111e-01,1,1.0646293907e-01,1.5152131883e+25,1.1974584475e+24,1.1974584475e+24,1.7667046404e+25,1.2363784236e+24,0.0000000000e+00,1.9334125230e-21,-3.7572003083e-18,1.9432998719e+03,0.0000000000e+00,3.7572003083e-18,3.4852679385e-20,0.0000000000e+00,0.0000000000e+00,0.0000000000e+00,7.5619514059e-19,0.0000000000e+00,4.3284177400e-17,4.0244735680e-20,0.0000000000e+00,0.0000000000e+00,0.0000000000e+00,0.0000000000e+00,0.0000000000e+00,0.0000000000e+00,0.0000000000e+00,0.0000000000e+00,0.0000000000e+00,0.0000000000e+00,0.0000000000e+00,0.0000000000e+00,0.0000000000e+00,0.0000000000e+00,0.0000000000e+00,0.0000000000e+00,0.0000000000e+00,0.0000000000e+00,0.0000000000e+00,0.0000000000e+00,0.0000000000e+00,0.0000000000e+00,0.0000000000e+00,3.5288381080e-42,0.0000000000e+00,0.0000000000e+00,1.8543938752e-18,1.3839246165e-18,0.0000000000e+00,9.7772245213e-22,0.0000000000e+00,0.0000000000e+00,0.0000000000e+00,0.0000000000e+00,0.0000000000e+00,0.0000000000e+00,0.0000000000e+00,0.0000000000e+00,0.0000000000e+00,0.0000000000e+00,0.0000000000e+00,0.0000000000e+00,0.0000000000e+00,0.0000000000e+00,0.0000000000e+00,0.0000000000e+00
1.3479671121e-01,1,1.1133785898e-01,1.4151832905e+25,1.2014077613e+24,1.2014077613e+24,1.6962978858e+25,1.2398087201e+24,0.0000000000e+00,1.9769040381e-21,-3.7711827352e-18,1.9076205331e+03,0.0000000000e+00,3.7711827352e-18,3.8213872557e-20,0.0000000000e+00,0.0000000000e+00,0.0000000000e+00,7.9456822162e-19,0.0000000000e+00,4.4581848090e-17,5.3151057120e-20,6.4526740504e-21,1.0487678289e-22,0.0000000000e+00,0.0000000000e+00,0.0000000000e+00,0.0000000000e+00,0.0000000000e+00,0.0000000000e+00,0.0000000000e+00,0.0000000000e+00,0.0000000000e+00,0.0000000000e+00,0.0000000000e+00,0.0000000000e+00,0.0000000000e+00,0.0000000000e+00,0.0000000000e+00,0.0000000000e+00,0.0000000000e+00,0.0000000000e+00,0.0000000000e+00,0.0000000000e+00,0.0000000000e+00,3.5419706846e-42,0.0000000000e+00,0.0000000000e+00,1.9779808908e-18,1.6866007826e-18,0.0000000000e+00,5.9839747814e-21,0.0000000000e+00,1.8432071202e-21,3.7969636476e-22,4.9051156440e-22,1.2707646975e-23,0.0000000000e+00,0.0000000000e+00,0.0000000000e+00,0.0000000000e+00,0.0000000000e+00,0.0000000000e+00,0.0000000000e+00,0.0000000000e+00,0.0000000000e+00,0.0000000000e+00,0.0000000000e+00
1.4167476874e-01,1,1.1494524000e-01,1.3592956751e+25,1.2042009920e+24,1.2042009920e+24,1.6495236685e+25,1.2415189454e+24,0.0000000000e+00,1.9664141780e-21,-3.7868791377e-18,1.9257790043e+03,0.0000000000e+00,3.7868791377e-18,4.0582487390e-20,0.0000000000e+00,0.0000000000e+00,0.0000000000e+00,8.1910491025e-19,0.0000000000e+00,4.5598882572e-17,5.5851432829e-20,0.0000000000e+00,0.0000000000e+00,0.0000000000e+00,0.0000000000e+00,0.0000000000e+00,0.0000000000e+00,0.0000000000e+00,0.0000000000e+00,0.0000000000e+00,0.0000000000e+00,0.0000000000e+00,0.0000000000e+00,0.0000000000e+00,0.0000000000e+00,0.0000000000e+00,0.0000000000e+00,0.0000000000e+00,0.0000000000e+00,0.0000000000e+00,0.0000000000e+00,0.0000000000e+00,0.0000000000e+00,0.0000000000e+00,3.5567130616e-42,0.0000000000e+00,0.0000000000e+00,2.0721175095e-18,1.9316289646e-18,0.0000000000e+00,9.0367327639e-22,0.0000000000e+00,0.0000000000e+00,0.0000000000e+00,0.0000000000e+00,0.0000000000e+00,0.0000000000e+00,0.0000000000e+00,0.0000000000e+00,0.0000000000e+00,0.0000000000e+00,0.0000000000e+00,0.0000000000e+00,0.0000000000e+00,0.0000000000e+00,0.0000000000e+00,0.0000000000e+00
1.4890378198e-01,1,1.1873395973e-01,1.2948605659e+25,1.2071851785e+24,1.2071851785e+24,1.6026576963e+25,1.2438333831e+24,0.0000000000e+00,1.9659575196e-21,-3.7905555256e-18,1.9280963540e+03,0.0000000000e+00,3.7905555256e-18,4.3261835523e-20,0.0000000000e+00,0.0000000000e+00,0.0000000000e+00,8.5047736220e-19,0.0000000000e+00,4.6603718936e-17,6.4990111773e-20,0.0000000000e+00,0.0000000000e+00,0.0000000000e+00,0.0000000000e+00,0.0000000000e+00,0.0000000000e+00,0.0000000000e+00,0.0000000000e+00,0.0000000000e+00,0.0000000000e+00,0.0000000000e+00,0.0000000000e+00,0.0000000000e+00,0.0000000000e+00,0.0000000000e+00,0.0000000000e+00,0.0000000000e+00,0.0000000000e+00,0.0000000000e+00,0.0000000000e+00,0.0000000000e+00,0.0000000000e+00,0.0000000000e+00,3.5601659991e-42,0.0000000000e+00,0.0000000000e+00,2.1744653827e-18,2.2567649374e-18,0.0000000000e+00,8.9840591802e-22,0.0000000000e+00,0.0000000000e+00,0.0000000000e+00,0.0000000000e+00,0.0000000000e+00,0.0000000000e+00,0.0000000000e+00,0.0000000000e+00,0.0000000000e+00,0.0000000000e+00,0.0000000000e+00,0.0000000000e+00,0.0000000000e+00,0.0000000000e+00,0.0000000000e+00,0.0000000000e+00
1.5650165859e-01,1,1.2224734874e-01,1.2381401218e+25,1.2099393898e+24,1.2099393898e+24,1.5618326925e+25,1.2460152454e+24,0.0000000000e+00,1.9552847411e-21,-3.7887744563e-18,1.9377098264e+03,0.0000000000e+00,3.7887744563e-18,4.5824102665e-20,0.0000000000e+00,0.0000000000e+00,0.0000000000e+00,8.8215442752e-19,0.0000000000e+00,4.7518002825e-17,7.5113868474e-20,0.0000000000e+00,0.0000000000e+00,0.0000000000e+00,0.0000000000e+00,0.0000000000e+00,0.0000000000e+00,0.0000000000e+00,0.0000000000e+00,0.0000000000e+00,0.0000000000e+00,0.0000000000e+00,0.0000000000e+00,0.0000000000e+00,0.0000000000e+00,0.0000000000e+00,0.0000000000e+00,0.0000000000e+00,0.0000000000e+00,0.0000000000e+00,0.0000000000e+00,0.0000000000e+00,0.0000000000e+00,0.0000000000e+00,3.5584931829e-42,0.0000000000e+00,0.0000000000e+00,2.2729271558e-18,2.6201015733e-18,0.0000000000e+00,9.1539835438e-22,0.0000000000e+00,0.0000000000e+00,0.0000000000e+00,0.0000000000e+00,0.0000000000e+00,0.0000000000e+00,0.0000000000e+00,0.0000000000e+00,0.0000000000e+00,0.0000000000e+00,0.0000000000e+00,0.0000000000e+00,0.0000000000e+00,0.0000000000e+00,0.0000000000e+00,0.0000000000e+00
1.6448721998e-01,1,1.2551219849e-01,1.1881665251e+25,1.2124887328e+24,1.2124887328e+24,1.5259803821e+25,1.2480903580e+24,0.0000000000e+00,1.9354874986e-21,-3.7826820948e-18,1.9543820859e+03,0.0000000000e+00,3.7826820948e-18,4.8280445889e-20,0.0000000000e+00,0.0000000000e+00,0.0000000000e+00,9.1444906914e-19,0.0000000000e+00,4.8351398633e-17,8.6308092942e-20,0.0000000000e+00,0.0000000000e+00,0.0000000000e+00,0.0000000000e+00,0.0000000000e+00,0.0000000000e+00,0.0000000000e+00,0.0000000000e+00,0.0000000000e+00,0.0000000000e+00,0.0000000000e+00,0.0000000000e+00,0.0000000000e+00,0.0000000000e+00,0.0000000000e+00,0.0000000000e+00,0.0000000000e+00,0.0000000000e+00,0.0000000000e+00,0.0000000000e+00,0.0000000000e+00,0.0000000000e+00,0.0000000000e+00,3.5527711144e-42,0.0000000000e+00,0.0000000000e+00,2.3680724104e-18,3.0251017843e-18,0.0000000000e+00,9.5640766231e-22,0.0000000000e+00,0.0000000000e+00,0.0000000000e+00,0.0000000000e+00,0.0000000000e+00,0.0000000000e+00,0.0000000000e+00,0.0000000000e+00,0.0000000000e+00,0.0000000000e+00,0.0000000000e+00,0.0000000000e+00,0.0000000000e+00,0.0000000000e+00,0.0000000000e+00,0.0000000000e+00
1.7288024791e-01,1,1.2824328374e-01,1.1411923580e+25,1.2146972113e+24,1.2146972113e+24,1.4970057268e+25,1.2500821527e+24,0.0000000000e+00,1.9151899089e-21,-3.7784708506e-18,1.9728961776e+03,0.0000000000e+00,3.7784708506e-18,5.0431151794e-20,0.0000000000e+00,0.0000000000e+00,0.0000000000e+00,9.4572222639e-19,0.0000000000e+00,4.8991804761e-17,9.8253628000e-20,9.7052984716e-22,4.4268743873e-22,2.3408728181e-22,7.1674819027e-24,0.0000000000e+00,0.0000000000e+00,0.0000000000e+00,0.0000000000e+00,0.0000000000e+00,0.0000000000e+00,0.0000000000e+00,0.0000000000e+00,0.0000000000e+00,0.0000000000e+00,0.0000000000e+00,0.0000000000e+00,0.0000000000e+00,0.0000000000e+00,0.0000000000e+00,0.0000000000e+00,0.0000000000e+00,0.0000000000e+00,0.0000000000e+00,3.5488158292e-42,0.0000000000e+00,0.0000000000e+00,2.4559506793e-18,3.4626048212e-18,0.0000000000e+00,6.9937770908e-22,0.0000000000e+00,7.2024487795e-23,1.0670402526e-23,1.8149818868e-23,6.7204042483e-25,0.0000000000e+00,0.0000000000e+00,0.0000000000e+00,0.0000000000e+00,0.0000000000e+00,0.0000000000e+00,0.0000000000e+00,0.0000000000e+00,0.0000000000e+00,0.0000000000e+00,0.0000000000e+00
1.8170153353e-01,1,1.3141043808e-01,1.1049666590e+25,1.2170741183e+24,1.2170741183e+24,1.4658197107e+25,1.2520115173e+24,0.0000000000e+00,1.8732232486e-21,-3.7609478009e-18,2.0077413644e+03,0.0000000000e+00,3.7609478009e-18,5.2931776885e-20,0.0000000000e+00,0.0000000000e+00,0.0000000000e+00,9.8221709773e-19,0.0000000000e+00,4.9813667546e-17,1.1229914477e-19,0.0000000000e+00,0.0000000000e+00,0.0000000000e+00,0.0000000000e+00,0.0000000000e+00,0.0000000000e+00,0.0000000000e+00,0.0000000000e+00,0.0000000000e+00,0.0000000000e+00,0.0000000000e+00,0.0000000000e+00,0.0000000000e+00,0.0000000000e+00,0.0000000000e+00,0.0000000000e+00,0.0000000000e+00,0.0000000000e+00,0.0000000000e+00,0.0000000000e+00,0.0000000000e+00,0.0000000000e+00,0.0000000000e+00,3.5323578284e-42,0.0000000000e+00,0.0000000000e+00,2.5511230352e-18,3.9756643390e-18,0.0000000000e+00,1.1239669819e-21,0.0000000000e+00,0.0000000000e+00,0.0000000000e+00,0.0000000000e+00,0.0000000000e+00,0.0000000000e+00,0.0000000000e+00,0.0000000000e+00,0.0000000000e+00,0.0000000000e+00,0.0000000000e+00,0.0000000000e+00,0.0000000000e+00,0.0000000000e+00,0.0000000000e+00,0.0000000000e+00
1.9097292888e-01,1,1.3383153708e-01,1.0680126223e+25,1.2190343458e+24,1.2190343458e+24,1.4423674061e+25,1.2539518070e+24,0.0000000000e+00,1.8389119483e-21,-3.7506723671e-18,2.0396149857e+03,0.0000000000e+00,3.7506723671e-18,5.4982472376e-20,0.0000000000e+00,0.0000000000e+00,0.0000000000e+00,1.0189348133e-18,0.0000000000e+00,5.0354055891e-17,1.2752918926e-19,3.9833766957e-21,1.8143200941e-21,9.5929905846e-22,2.9346034415e-23,0.0000000000e+00,0.0000000000e+00,0.0000000000e+00,0.0000000000e+00,0.0000000000e+00,0.0000000000e+00,0.0000000000e+00,0.0000000000e+00,0.0000000000e+00,0.0000000000e+00,0.0000000000e+00,0.0000000000e+00,0.0000000000e+00,0.0000000000e+00,0.0000000000e+00,0.0000000000e+00,0.0000000000e+00,0.0000000000e+00,0.0000000000e+00,3.5227069343e-42,0.0000000000e+00,0.0000000000e+00,2.6364732356e-18,4.5211964679e-18,0.0000000000e+00,1.7506191180e-21,0.0000000000e+00,3.0265566857e-22,4.5295982228e-23,7.5248568590e-23,2.7623762907e-24,0.0000000000e+00,0.0000000000e+00,0.0000000000e+00,0.0000000000e+00,0.0000000000e+00,0.0000000000e+00,0.0000000000e+00,0.0000000000e+00,0.0000000000e+00,0.0000000000e+00,0.0000000000e+00
2.0071740098e-01,1,1.3676045299e-01,1.0357785233e+25,1.2213087254e+24,1.2213087254e+24,1.4154775309e+25,1.2560897091e+24,0.0000000000e+00,1.7923942927e-21,-3.7263657453e-18,2.0789877319e+03,0.0000000000e+00,3.7263657453e-18,5.7506911920e-20,0.0000000000e+00,0.0000000000e+00,0.0000000000e+00,1.0601431181e-18,0.0000000000e+00,5.1060485106e-17,1.4878010061e-19,0.0000000000e+00,0.0000000000e+00,0.0000000000e+00,0.0000000000e+00,0.0000000000e+00,0.0000000000e+00,0.0000000000e+00,0.0000000000e+00,0.0000000000e+00,0.0000000000e+00,0.0000000000e+00,0.0000000000e+00,0.0000000000e+00,0.0000000000e+00,0.0000000000e+00,0.0000000000e+00,0.0000000000e+00,0.0000000000e+00,0.0000000000e+00,0.0000000000e+00,0.0000000000e+00,0.0000000000e+00,0.0000000000e+00,3.4998776662e-42,0.0000000000e+00,0.0000000000e+00,2.7347868774e-18,5.1943374512e-18,0.0000000000e+00,4.3219288188e-21,0.0000000000e+00,1.0699408025e-21,1.9832537825e-22,2.8057251725e-22,0.0000000000e+00,0.0000000000e+00,0.0000000000e+00,0.0000000000e+00,0.0000000000e+00,0.0000000000e+00,0.0000000000e+00,0.0000000000e+00,0.0000000000e+00,0.0000000000e+00,0.0000000000e+00,0.0000000000e+00
2.1095908877e-01,1,1.3906586166e-01,1.0109390846e+25,1.2229998398e+24,1.2229998398e+24,1.3952378804e+25,1.2577282245e+24,0.0000000000e+00,1.7404732343e-21,-3.7118513646e-18,2.1326678810e+03,0.0000000000e+00,3.7118513646e-18,5.9505359304e-20,0.0000000000e+00,0.0000000000e+00,0.0000000000e+00,1.0968934257e-18,0.0000000000e+00,5.1608011687e-17,1.6260139378e-19,0.0000000000e+00,0.0000000000e+00,0.0000000000e+00,0.0000000000e+00,0.0000000000e+00,0.0000000000e+00,0.0000000000e+00,0.0000000000e+00,0.0000000000e+00,0.0000000000e+00,0.0000000000e+00,0.0000000000e+00,0.0000000000e+00,0.0000000000e+00,0.0000000000e+00,0.0000000000e+00,0.0000000000e+00,0.0000000000e+00,0.0000000000e+00,0.0000000000e+00,0.0000000000e+00,0.0000000000e+00,0.0000000000e+00,3.4862454678e-42,0.0000000000e+00,0.0000000000e+00,2.8178153834e-18,5.8176938002e-18,0.0000000000e+00,3.0296953328e-21,0.0000000000e+00,2.4016285073e-22,1.4442177188e-23,6.1542154379e-24,0.0000000000e+00,0.0000000000e+00,0.0000000000e+00,0.0000000000e+00,0.0000000000e+00,0.0000000000e+00,0.0000000000e+00,0.0000000000e+00,0.0000000000e+00,0.0000000000e+00,0.0000000000e+00,0.0000000000e+00
2.2172336289e-01,1,1.4141448729e-01,9.8588188983e+24,1.2248165853e+24,1.2248165853e+24,1.3753076197e+25,1.2595769235e+24,0.0000000000e+00,1.6892416511e-21,-3.6925648137e-18,2.1859304803e+03,0.0000000000e+00,3.6925648137e-18,6.1641796311e-20,0.0000000000e+00,0.0000000000e+00,0.0000000000e+00,1.1400249105e-18,0.0000000000e+00,5.2138489342e-17,1.8248846131e-19,0.0000000000e+00,0.0000000000e+00,0.0000000000e+00,0.0000000000e+00,0.0000000000e+00,0.0000000000e+00,0.0000000000e+00,0.0000000000e+00,0.0000000000e+00,0.0000000000e+00,0.0000000000e+00,0.0000000000e+00,0.0000000000e+00,0.0000000000e+00,0.0000000000e+00,0.0000000000e+00,0.0000000000e+00,0.0000000000e+00,0.0000000000e+00,0.0000000000e+00,0.0000000000e+00,0.0000000000e+00,0.0000000000e+00,3.4681311513e-42,0.0000000000e+00,0.0000000000e+00,2.9079294088e-18,6.5644508476e-18,0.0000000000e+00,3.2847534369e-21,0.0000000000e+00,2.3576270072e-22,1.4172324403e-23,5.8672040007e-24,0.0000000000e+00,0.0000000000e+00,0.0000000000e+00,0.0000000000e+00,0.0000000000e+00,0.0000000000e+00,0.0000000000e+00,0.0000000000e+00,0.0000000000e+00,0.0000000000e+00,0.0000000000e+00,0.0000000000e+00
2.3303688851e-01,1,1.4369352067e-01,9.6315093347e+24,1.2265796321e+24,1.2265796321e+24,1.3566197369e+25,1.2614444398e+24,0.0000000000e+00,1.6359903672e-21,-3.6719754172e-18,2.2444969670e+03,0.0000000000e+00,3.6719754172e-18,6.3780356189e-20,0.0000000000e+00,0.0000000000e+00,0.0000000000e+00,1.1862204597e-18,0.0000000000e+00,5.2642359863e-17,2.0428097851e-19,0.0000000000e+00,0.0000000000e+00,0.0000000000e+00,0.0000000000e+00,0.0000000000e+00,0.0000000000e+00,0.0000000000e+00,0.0000000000e+00,0.0000000000e+00,0.0000000000e+00,0.0000000000e+00,0.0000000000e+00,0.0000000000e+00,0.0000000000e+00,0.0000000000e+00,0.0000000000e+00,0.0000000000e+00,0.0000000000e+00,0.0000000000e+00,0.0000000000e+00,0.0000000000e+00,0.0000000000e+00,0.0000000000e+00,3.4487931759e-42,0.0000000000e+00,0.0000000000e+00,2.9996894449e-18,7.3872205307e-18,0.0000000000e+00,3.6398162750e-21,0.0000000000e+00,2.3226730780e-22,1.3953203992e-23,5.6024596490e-24,0.0000000000e+00,0.0000000000e+00,0.0000000000e+00,0.0000000000e+00,0.0000000000e+00,0.0000000000e+00,0.0000000000e+00,0.0000000000e+00,0.0000000000e+00,0.0000000000e+00,0.0000000000e+00,0.0000000000e+00
2.4492769142e-01,1,1.4592237950e-01,9.4240687159e+24,1.2283047266e+24,1.2283047266e+24,1.3389366858e+25,1.2633430259e+24,0.0000000000e+00,1.5813701583e-21,-3.6501429436e-18,2.3082153944e+03,0.0000000000e+00,3.6501429436e-18,6.5935955940e-20,0.0000000000e+00,0.0000000000e+00,0.0000000000e+00,1.2358658089e-18,0.0000000000e+00,5.3124752722e-17,2.2812132020e-19,0.0000000000e+00,0.0000000000e+00,0.0000000000e+00,0.0000000000e+00,0.0000000000e+00,0.0000000000e+00,0.0000000000e+00,0.0000000000e+00,0.0000000000e+00,0.0000000000e+00,0.0000000000e+00,0.0000000000e+00,0.0000000000e+00,0.0000000000e+00,0.0000000000e+00,0.0000000000e+00,0.0000000000e+00,0.0000000000e+00,0.0000000000e+00,0.0000000000e+00,0.0000000000e+00,0.0000000000e+00,0.0000000000e+00,3.4282876775e-42,0.0000000000e+00,0.0000000000e+00,3.0937510911e-18,8.2926887120e-18,0.0000000000e+00,4.1272466810e-21,0.0000000000e+00,2.2945665499e-22,1.3769882041e-23,5.3529311840e-24,0.0000000000e+00,0.0000000000e+00,0.0000000000e+00,0.0000000000e+00,0.0000000000e+00,0.0000000000e+00,0.0000000000e+00,0.0000000000e+00,0.0000000000e+00,0.0000000000e+00,0.0000000000e+00,0.0000000000e+00
2.5742522744e-01,1,1.4811895507e-01,9.2335764332e+24,1.2300063548e+24,1.2300063548e+24,1.3220590475e+25,1.2652840477e+24,0.0000000000e+00,1.5259404357e-21,-3.6270925318e-18,2.3769555134e+03,0.0000000000e+00,3.6270925318e-18,6.8123048824e-20,0.0000000000e+00,0.0000000000e+00,0.0000000000e+00,1.2893628023e-18,0.0000000000e+00,5.3590264808e-17,2.5415623200e-19,0.0000000000e+00,0.0000000000e+00,0.0000000000e+00,0.0000000000e+00,0.0000000000e+00,0.0000000000e+00,0.0000000000e+00,0.0000000000e+00,0.0000000000e+00,0.0000000000e+00,0.0000000000e+00,0.0000000000e+00,0.0000000000e+00,0.0000000000e+00,0.0000000000e+00,0.0000000000e+00,0.0000000000e+00,0.0000000000e+00,0.0000000000e+00,0.0000000000e+00,0.0000000000e+00,0.0000000000e+00,0.0000000000e+00,3.4066382671e-42,0.0000000000e+00,0.0000000000e+00,3.1907424744e-18,9.2881067939e-18,0.0000000000e+00,4.7927251392e-21,0.0000000000e+00,2.2718317843e-22,1.3610957237e-23,5.1135115903e-24,0.0000000000e+00,0.0000000000e+00,0.0000000000e+00,0.0000000000e+00,0.0000000000e+00,0.0000000000e+00,0.0000000000e+00,0.0000000000e+00,0.0000000000e+00,0.0000000000e+00,0.0000000000e+00,0.0000000000e+00
2.7056045535e-01,1,1.5029968859e-01,9.0575182019e+24,1.2316978412e+24,1.2316978412e+24,1.3058195736e+25,1.2672780472e+24,0.0000000000e+00,1.4701774853e-21,-3.6028261327e-18,2.4506062491e+03,0.0000000000e+00,3.6028261327e-18,7.0355583911e-20,0.0000000000e+00,0.0000000000e+00,0.0000000000e+00,1.3471322415e-18,0.0000000000e+00,5.4043009111e-17,2.8253628886e-19,0.0000000000e+00,0.0000000000e+00,0.0000000000e+00,0.0000000000e+00,0.0000000000e+00,0.0000000000e+00,0.0000000000e+00,0.0000000000e+00,0.0000000000e+00,0.0000000000e+00,0.0000000000e+00,0.0000000000e+00,0.0000000000e+00,0.0000000000e+00,0.0000000000e+00,0.0000000000e+00,0.0000000000e+00,0.0000000000e+00,0.0000000000e+00,0.0000000000e+00,0.0000000000e+00,0.0000000000e+00,0.0000000000e+00,3.3838467770e-42,0.0000000000e+00,0.0000000000e+00,3.2912638205e-18,1.0381338428e-17,0.0000000000e+00,5.6995400191e-21,0.0000000000e+00,2.2536862510e-22,1.3467964172e-23,4.8805617958e-24,0.0000000000e+00,0.0000000000e+00,0.0000000000e+00,0.0000000000e+00,0.0000000000e+00,0.0000000000e+00,0.0000000000e+00,0.0000000000e+00,0.0000000000e+00,0.0000000000e+00,0.0000000000e+00,0.0000000000e+00
2.8436591367e-01,1,1.5247964864e-01,8.8937292698e+24,1.2333914408e+24,1.2333914408e+24,1.2900784258e+25,1.2693348087e+24,0.0000000000e+00,1.4144831083e-21,-3.5773316744e-18,2.5290734497e+03,0.0000000000e+00,3.5773316744e-18,7.2646985345e-20,0.0000000000e+00,0.0000000000e+00,0.0000000000e+00,1.4096168844e-18,0.0000000000e+00,5.4486658561e-17,3.1341549187e-19,0.0000000000e+00,0.0000000000e+00,0.0000000000e+00,0.0000000000e+00,0.0000000000e+00,0.0000000000e+00,0.0000000000e+00,0.0000000000e+00,0.0000000000e+00,0.0000000000e+00,0.0000000000e+00,0.0000000000e+00,0.0000000000e+00,0.0000000000e+00,0.0000000000e+00,0.0000000000e+00,0.0000000000e+00,0.0000000000e+00,0.0000000000e+00,0.0000000000e+00,0.0000000000e+00,0.0000000000e+00,0.0000000000e+00,3.3599018688e-42,0.0000000000e+00,0.0000000000e+00,3.3958878032e-18,1.1580908237e-17,0.0000000000e+00,6.9342470898e-21,0.0000000000e+00,2.2401732598e-22,1.3335570773e-23,4.6516986605e-24,0.0000000000e+00,0.0000000000e+00,0.0000000000e+00,0.0000000000e+00,0.0000000000e+00,0.0000000000e+00,0.0000000000e+00,0.0000000000e+00,0.0000000000e+00,0.0000000000e+00,0.0000000000e+00,0.0000000000e+00
2.9887580116e-01,1,1.5467260739e-01,8.7403463675e+24,1.2350984263e+24,1.2350984263e+24,1.2747193403e+25,1.2714634302e+24,0.0000000000e+00,1.3591931269e-21,-3.5505903345e-18,2.6122780230e+03,0.0000000000e+00,3.5505903345e-18,7.5010147003e-20,0.0000000000e+00,0.0000000000e+00,0.0000000000e+00,1.4772845683e-18,0.0000000000e+00,5.4924484986e-17,3.4695096716e-19,0.0000000000e+00,0.0000000000e+00,0.0000000000e+00,0.0000000000e+00,0.0000000000e+00,0.0000000000e+00,0.0000000000e+00,0.0000000000e+00,0.0000000000e+00,0.0000000000e+00,0.0000000000e+00,0.0000000000e+00,0.0000000000e+00,0.0000000000e+00,0.0000000000e+00,0.0000000000e+00,0.0000000000e+00,0.0000000000e+00,0.0000000000e+00,0.0000000000e+00,0.0000000000e+00,0.0000000000e+00,0.0000000000e+00,3.3347858645e-42,0.0000000000e+00,0.0000000000e+00,3.5051604875e-18,1.2896051809e-17,0.0000000000e+00,8.6138818122e-21,0.0000000000e+00,2.2323410815e-22,1.3211780805e-23,4.4254901376e-24,0.0000000000e+00,0.0000000000e+00,0.0000000000e+00,0.0000000000e+00,0.0000000000e+00,0.0000000000e+00,0.0000000000e+00,0.0000000000e+00,0.0000000000e+00,0.0000000000e+00,0.0000000000e+00,0.0000000000e+00
3.1412606162e-01,1,1.5689111725e-01,8.5957671535e+24,1.2368291707e+24,1.2368291707e+24,1.2596464631e+25,1.2736724047e+24,0.0000000000e+00,1.3045854381e-21,-3.5225822186e-18,2.7001544825e+03,0.0000000000e+00,3.5225822186e-18,7.7457444279e-20,0.0000000000e+00,0.0000000000e+00,0.0000000000e+00,1.5506315224e-18,0.0000000000e+00,5.5359394005e-17,3.8330280241e-19,0.0000000000e+00,0.0000000000e+00,0.0000000000e+00,0.0000000000e+00,0.0000000000e+00,0.0000000000e+00,0.0000000000e+00,0.0000000000e+00,0.0000000000e+00,0.0000000000e+00,0.0000000000e+00,0.0000000000e+00,0.0000000000e+00,0.0000000000e+00,0.0000000000e+00,0.0000000000e+00,0.0000000000e+00,0.0000000000e+00,0.0000000000e+00,0.0000000000e+00,0.0000000000e+00,0.0000000000e+00,0.0000000000e+00,3.3084800786e-42,0.0000000000e+00,0.0000000000e+00,3.6196028153e-18,1.4336767200e-17,0.0000000000e+00,1.0895148053e-20,0.0000000000e+00,2.2325928105e-22,1.3098791461e-23,4.2012362206e-24,0.0000000000e+00,0.0000000000e+00,0.0000000000e+00,0.0000000000e+00,0.0000000000e+00,0.0000000000e+00,0.0000000000e+00,0.0000000000e+00,0.0000000000e+00,0.0000000000e+00,0.0000000000e+00,0.0000000000e+00
3.3015447288e-01,1,1.5914658981e-01,8.4586159568e+24,1.2385932294e+24,1.2385932294e+24,1.2447816754e+25,1.2759697191e+24,0.0000000000e+00,1.2508874467e-21,-3.4932906936e-18,2.7926498926e+03,0.0000000000e+00,3.4932906936e-18,8.0000763763e-20,0.0000000000e+00,0.0000000000e+00,0.0000000000e+00,1.6301859220e-18,0.0000000000e+00,5.5793956739e-17,4.2263403537e-19,0.0000000000e+00,0.0000000000e+00,0.0000000000e+00,0.0000000000e+00,0.0000000000e+00,0.0000000000e+00,0.0000000000e+00,0.0000000000e+00,0.0000000000e+00,0.0000000000e+00,0.0000000000e+00,0.0000000000e+00,0.0000000000e+00,0.0000000000e+00,0.0000000000e+00,0.0000000000e+00,0.0000000000e+00,0.0000000000e+00,0.0000000000e+00,0.0000000000e+00,0.0000000000e+00,0.0000000000e+00,0.0000000000e+00,3.2809688891e-42,0.0000000000e+00,0.0000000000e+00,3.7397126229e-18,1.5913867899e-17,0.0000000000e+00,1.3986027173e-20,0.0000000000e+00,2.2453038469e-22,1.3004968886e-23,3.9788709953e-24,0.0000000000e+00,0.0000000000e+00,0.0000000000e+00,0.0000000000e+00,0.0000000000e+00,0.0000000000e+00,0.0000000000e+00,0.0000000000e+00,0.0000000000e+00,0.0000000000e+00,0.0000000000e+00,0.0000000000e+00
3.4700074041e-01,1,1.6144937818e-01,8.3277147574e+24,1.2403994234e+24,1.2403994234e+24,1.2300622899e+25,1.2783629649e+24,0.0000000000e+00,1.1982827985e-21,-3.4627055873e-18,2.8897231868e+03,0.0000000000e+00,3.4627055873e-18,8.2651549779e-20,0.0000000000e+00,0.0000000000e+00,0.0000000000e+00,1.7165117003e-18,0.0000000000e+00,5.6230439046e-17,4.6511077651e-19,0.0000000000e+00,0.0000000000e+00,0.0000000000e+00,0.0000000000e+00,0.0000000000e+00,0.0000000000e+00,0.0000000000e+00,0.0000000000e+00,0.0000000000e+00,0.0000000000e+00,0.0000000000e+00,0.0000000000e+00,0.0000000000e+00,0.0000000000e+00,0.0000000000e+00,0.0000000000e+00,0.0000000000e+00,0.0000000000e+00,0.0000000000e+00,0.0000000000e+00,0.0000000000e+00,0.0000000000e+00,0.0000000000e+00,3.2522427420e-42,0.0000000000e+00,0.0000000000e+00,3.8659671937e-18,1.7639036621e-17,0.0000000000e+00,1.8160228468e-20,0.0000000000e+00,2.2777264023e-22,1.2947914297e-23,3.7588047987e-24,0.0000000000e+00,0.0000000000e+00,0.0000000000e+00,0.0000000000e+00,0.0000000000e+00,0.0000000000e+00,0.0000000000e+00,0.0000000000e+00,0.0000000000e+00,0.0000000000e+00,0.0000000000e+00,0.0000000000e+00
3.6470659565e-01,1,1.6380886523e-01,8.2020584120e+24,1.2422559252e+24,1.2422559252e+24,1.2154390100e+25,1.2808594682e+24,0.0000000000e+00,1.1469174034e-21,-3.4308254115e-18,2.9913448008e+03,0.0000000000e+00,3.4308254115e-18,8.5420869704e-20,0.0000000000e+00,0.0000000000e+00,0.0000000000e+00,1.8102126794e-18,0.0000000000e+00,5.6670829203e-17,5.1090249041e-19,0.0000000000e+00,0.0000000000e+00,0.0000000000e+00,0.0000000000e+00,0.0000000000e+00,0.0000000000e+00,0.0000000000e+00,0.0000000000e+00,0.0000000000e+00,0.0000000000e+00,0.0000000000e+00,0.0000000000e+00,0.0000000000e+00,0.0000000000e+00,0.0000000000e+00,0.0000000000e+00,0.0000000000e+00,0.0000000000e+00,0.0000000000e+00,0.0000000000e+00,0.0000000000e+00,0.0000000000e+00,0.0000000000e+00,3.2223002397e-42,0.0000000000e+00,0.0000000000e+00,3.9988264065e-18,1.9524879680e-17,0.0000000000e+00,2.3775100151e-20,0.0000000000e+00,2.3413980751e-22,1.2959769124e-23,3.5418375020e-24,0.0000000000e+00,0.0000000000e+00,0.0000000000e+00,0.0000000000e+00,0.0000000000e+00,0.0000000000e+00,0.0000000000e+00,0.0000000000e+00,0.0000000000e+00,0.0000000000e+00,0.0000000000e+00,0.0000000000e+00
3.8331589943e-01,1,1.6623355953e-01,8.0807932908e+24,1.2441703505e+24,1.2441703505e+24,1.2008740766e+25,1.2834664359e+24,0.0000000000e+00,1.0969047710e-21,-3.3976587422e-18,3.0974965484e+03,0.0000000000e+00,3.3976587422e-18,8.8319499423e-20,0.0000000000e+00,0.0000000000e+00,0.0000000000e+00,1.9119370697e-18,0.0000000000e+00,5.7116864772e-17,5.6018245185e-19,0.0000000000e+00,0.0000000000e+00,0.0000000000e+00,0.0000000000e+00,0.0000000000e+00,0.0000000000e+00,0.0000000000e+00,0.0000000000e+00,0.0000000000e+00,0.0000000000e+00,0.0000000000e+00,0.0000000000e+00,0.0000000000e+00,0.0000000000e+00,0.0000000000e+00,0.0000000000e+00,0.0000000000e+00,0.0000000000e+00,0.0000000000e+00,0.0000000000e+00,0.0000000000e+00,0.0000000000e+00,0.0000000000e+00,3.1911494367e-42,0.0000000000e+00,0.0000000000e+00,4.1387365422e-18,2.1584981259e-17,0.0000000000e+00,3.1293694727e-20,0.0000000000e+00,2.4543294438e-22,1.3096248354e-23,3.3292202796e-24,0.0000000000e+00,0.0000000000e+00,0.0000000000e+00,0.0000000000e+00,0.0000000000e+00,0.0000000000e+00,0.0000000000e+00,0.0000000000e+00,0.0000000000e+00,0.0000000000e+00,0.0000000000e+00,0.0000000000e+00
4.0287475057e-01,1,1.6873119978e-01,7.9631986628e+24,1.2461498564e+24,1.2461498564e+24,1.1863395691e+25,1.2861911168e+24,0.0000000000e+00,1.0483307049e-21,-3.3632248736e-18,3.2081716750e+03,0.0000000000e+00,3.3632248736e-18,9.1358027909e-20,0.0000000000e+00,0.0000000000e+00,0.0000000000e+00,2.0223823352e-18,0.0000000000e+00,5.7570059106e-17,6.1312835851e-19,0.0000000000e+00,0.0000000000e+00,0.0000000000e+00,0.0000000000e+00,0.0000000000e+00,0.0000000000e+00,0.0000000000e+00,0.0000000000e+00,0.0000000000e+00,0.0000000000e+00,0.0000000000e+00,0.0000000000e+00,0.0000000000e+00,0.0000000000e+00,0.0000000000e+00,0.0000000000e+00,0.0000000000e+00,0.0000000000e+00,0.0000000000e+00,0.0000000000e+00,0.0000000000e+00,0.0000000000e+00,0.0000000000e+00,3.1588084547e-42,0.0000000000e+00,0.0000000000e+00,4.2861347757e-18,2.3833956072e-17,0.0000000000e+00,4.1311661825e-20,0.0000000000e+00,2.6442138436e-22,1.3450703239e-23,3.1227203423e-24,0.0000000000e+00,0.0000000000e+00,0.0000000000e+00,0.0000000000e+00,0.0000000000e+00,0.0000000000e+00,0.0000000000e+00,0.0000000000e+00,0.0000000000e+00,0.0000000000e+00,0.0000000000e+00,0.0000000000e+00
4.2343160012e-01,1,1.7130886915e-01,7.8486702365e+24,1.2482012473e+24,1.2482012473e+24,1.1718158161e+25,1.2890409788e+24,0.0000000000e+00,1.0012574094e-21,-3.3275538401e-18,3.3233749971e+03,0.0000000000e+00,3.3275538401e-18,9.4546983195e-20,0.0000000000e+00,0.0000000000e+00,0.0000000000e+00,2.1423004747e-18,0.0000000000e+00,5.8031728073e-17,6.6992313359e-19,0.0000000000e+00,0.0000000000e+00,0.0000000000e+00,0.0000000000e+00,0.0000000000e+00,0.0000000000e+00,0.0000000000e+00,0.0000000000e+00,0.0000000000e+00,0.0000000000e+00,0.0000000000e+00,0.0000000000e+00,0.0000000000e+00,0.0000000000e+00,0.0000000000e+00,0.0000000000e+00,0.0000000000e+00,0.0000000000e+00,0.0000000000e+00,0.0000000000e+00,0.0000000000e+00,0.0000000000e+00,0.0000000000e+00,3.1253055024e-42,0.0000000000e+00,0.0000000000e+00,4.4414544057e-18,2.6287499148e-17,0.0000000000e+00,5.4589893543e-20,0.0000000000e+00,2.9532444341e-22,1.4176612645e-23,2.9249255197e-24,0.0000000000e+00,0.0000000000e+00,0.0000000000e+00,0.0000000000e+00,0.0000000000e+00,0.0000000000e+00,0.0000000000e+00,0.0000000000e+00,0.0000000000e+00,0.0000000000e+00,0.0000000000e+00,0.0000000000e+00
4.4503737136e-01,1,1.7397311959e-01,7.7367054227e+24,1.2503310891e+24,1.2503310891e+24,1.1572899041e+25,1.2920238984e+24,0.0000000000e+00,9.5572707019e-22,-3.2906858995e-18,3.4431230443e+03,0.0000000000e+00,3.2906858995e-18,9.7896979275e-20,0.0000000000e+00,0.0000000000e+00,0.0000000000e+00,2.2725037055e-18,0.0000000000e+00,5.8503017203e-17,7.3075591527e-19,0.0000000000e+00,0.0000000000e+00,0.0000000000e+00,0.0000000000e+00,0.0000000000e+00,0.0000000000e+00,0.0000000000e+00,0.0000000000e+00,0.0000000000e+00,0.0000000000e+00,0.0000000000e+00,0.0000000000e+00,0.0000000000e+00,0.0000000000e+00,0.0000000000e+00,0.0000000000e+00,0.0000000000e+00,0.0000000000e+00,0.0000000000e+00,0.0000000000e+00,0.0000000000e+00,0.0000000000e+00,0.0000000000e+00,3.0906783910e-42,0.0000000000e+00,0.0000000000e+00,4.6051308144e-18,2.8962430394e-17,0.0000000000e+00,7.2093806963e-20,0.0000000000e+00,3.4451681758e-22,1.5522233056e-23,2.7397930902e-24,0.0000000000e+00,0.0000000000e+00,0.0000000000e+00,0.0000000000e+00,0.0000000000e+00,0.0000000000e+00,0.0000000000e+00,0.0000000000e+00,0.0000000000e+00,0.0000000000e+00,0.0000000000e+00,0.0000000000e+00
4.6774558595e-01,1,1.7673010631e-01,7.6268899558e+24,1.2525458336e+24,1.2525458336e+24,1.1427542661e+25,1.2951483643e+24,0.0000000000e+00,9.1176496752e-22,-3.2526705643e-18,3.5674441113e+03,0.0000000000e+00,3.2526705643e-18,1.0141888553e-19,0.0000000000e+00,0.0000000000e+00,0.0000000000e+00,2.4138705622e-18,0.0000000000e+00,5.8984929520e-17,7.9582326537e-19,0.0000000000e+00,0.0000000000e+00,0.0000000000e+00,0.0000000000e+00,0.0000000000e+00,0.0000000000e+00,0.0000000000e+00,0.0000000000e+00,0.0000000000e+00,0.0000000000e+00,0.0000000000e+00,0.0000000000e+00,0.0000000000e+00,0.0000000000e+00,0.0000000000e+00,0.0000000000e+00,0.0000000000e+00,0.0000000000e+00,0.0000000000e+00,0.0000000000e+00,0.0000000000e+00,0.0000000000e+00,0.0000000000e+00,3.0549736235e-42,0.0000000000e+00,0.0000000000e+00,4.7776081456e-18,3.1876731517e-17,0.0000000000e+00,9.5040332732e-20,0.0000000000e+00,4.2155992059e-22,1.7883617859e-23,2.5737258732e-24,0.0000000000e+00,0.0000000000e+00,0.0000000000e+00,0.0000000000e+00,0.0000000000e+00,0.0000000000e+00,0.0000000000e+00,0.0000000000e+00,0.0000000000e+00,0.0000000000e+00,0.0000000000e+00,0.0000000000e+00
4.9161249651e-01,1,1.7958573144e-01,7.5188856303e+24,1.2548519500e+24,1.2548519500e+24,1.1282053514e+25,1.2984236906e+24,0.0000000000e+00,8.6938217816e-22,-3.2135652749e-18,3.6963781357e+03,0.0000000000e+00,3.2135652749e-18,1.0512401818e-19,0.0000000000e+00,0.0000000000e+00,0.0000000000e+00,2.5673523652e-18,0.0000000000e+00,5.9478354008e-17,8.6533060435e-19,0.0000000000e+00,0.0000000000e+00,0.0000000000e+00,0.0000000000e+00,0.0000000000e+00,0.0000000000e+00,0.0000000000e+00,0.0000000000e+00,0.0000000000e+00,0.0000000000e+00,0.0000000000e+00,0.0000000000e+00,0.0000000000e+00,0.0000000000e+00,0.0000000000e+00,0.0000000000e+00,0.0000000000e+00,0.0000000000e+00,0.0000000000e+00,0.0000000000e+00,0.0000000000e+00,0.0000000000e+00,0.0000000000e+00,3.0182451491e-42,0.0000000000e+00,0.0000000000e+00,4.9593466258e-18,3.5049571688e-17,0.0000000000e+00,1.2495360962e-19,0.0000000000e+00,5.4068021447e-22,2.1883502783e-23,2.4373196832e-24,0.0000000000e+00,0.0000000000e+00,0.0000000000e+00,0.0000000000e+00,0.0000000000e+00,0.0000000000e+00,0.0000000000e+00,0.0000000000e+00,0.0000000000e+00,0.0000000000e+00,0.0000000000e+00,0.0000000000e+00
5.1669722598e-01,1,1.8254579637e-01,7.4124189428e+24,1.2572560663e+24,1.2572560663e+24,1.1136423595e+25,1.3018602433e+24,0.0000000000e+00,8.2857792030e-22,-3.1734338021e-18,3.8299763056e+03,0.0000000000e+00,3.1734338021e-18,1.0902435597e-19,0.0000000000e+00,0.0000000000e+00,0.0000000000e+00,2.7339800371e-18,0.0000000000e+00,5.9984094747e-17,9.3949392828e-19,0.0000000000e+00,0.0000000000e+00,0.0000000000e+00,0.0000000000e+00,0.0000000000e+00,0.0000000000e+00,0.0000000000e+00,0.0000000000e+00,0.0000000000e+00,0.0000000000e+00,0.0000000000e+00,0.0000000000e+00,0.0000000000e+00,0.0000000000e+00,0.0000000000e+00,0.0000000000e+00,0.0000000000e+00,0.0000000000e+00,0.0000000000e+00,0.0000000000e+00,0.0000000000e+00,0.0000000000e+00,0.0000000000e+00,2.9805528625e-42,0.0000000000e+00,0.0000000000e+00,5.1508304562e-18,3.8501318293e-17,0.0000000000e+00,1.6373053583e-19,0.0000000000e+00,7.2287390015e-22,2.8487285943e-23,2.3483037816e-24,0.0000000000e+00,0.0000000000e+00,0.0000000000e+00,0.0000000000e+00,0.0000000000e+00,0.0000000000e+00,0.0000000000e+00,0.0000000000e+00,0.0000000000e+00,0.0000000000e+00,0.0000000000e+00,0.0000000000e+00
5.4306191407e-01,1,1.8561616139e-01,7.3072705057e+24,1.2597651185e+24,1.2597651185e+24,1.0990660324e+25,1.3054696779e+24,0.0000000000e+00,7.8934158984e-22,-3.1323444736e-18,3.9683003075e+03,0.0000000000e+00,3.1323444736e-18,1.1313278129e-19,0.0000000000e+00,0.0000000000e+00,0.0000000000e+00,2.9148711931e-18,0.0000000000e+00,6.0502900622e-17,1.0185418527e-18,0.0000000000e+00,0.0000000000e+00,0.0000000000e+00,0.0000000000e+00,0.0000000000e+00,0.0000000000e+00,0.0000000000e+00,0.0000000000e+00,0.0000000000e+00,0.0000000000e+00,0.0000000000e+00,0.0000000000e+00,0.0000000000e+00,0.0000000000e+00,0.0000000000e+00,0.0000000000e+00,0.0000000000e+00,0.0000000000e+00,0.0000000000e+00,0.0000000000e+00,0.0000000000e+00,0.0000000000e+00,0.0000000000e+00,2.9419609387e-42,0.0000000000e+00,0.0000000000e+00,5.3525761530e-18,4.2253527903e-17,0.0000000000e+00,2.1371717161e-19,0.0000000000e+00,9.9885397177e-22,3.9169797433e-23,2.3361793628e-24,0.0000000000e+00,0.0000000000e+00,0.0000000000e+00,0.0000000000e+00,0.0000000000e+00,0.0000000000e+00,0.0000000000e+00,0.0000000000e+00,0.0000000000e+00,0.0000000000e+00,0.0000000000e+00,0.0000000000e+00
5.7077187120e-01,1,1.8880291207e-01,7.2032651066e+24,1.2623865086e+24,1.2623865086e+24,1.0844774777e+25,1.3092651908e+24,0.0000000000e+00,7.5165453387e-22,-3.0903683132e-18,4.1114211036e+03,0.0000000000e+00,3.0903683132e-18,1.1746335017e-19,0.0000000000e+00,0.0000000000e+00,0.0000000000e+00,3.1112374267e-18,0.0000000000e+00,6.1035495562e-17,1.1027180738e-18,0.0000000000e+00,0.0000000000e+00,0.0000000000e+00,0.0000000000e+00,0.0000000000e+00,0.0000000000e+00,0.0000000000e+00,0.0000000000e+00,0.0000000000e+00,0.0000000000e+00,0.0000000000e+00,0.0000000000e+00,0.0000000000e+00,0.0000000000e+00,0.0000000000e+00,0.0000000000e+00,0.0000000000e+00,0.0000000000e+00,0.0000000000e+00,0.0000000000e+00,0.0000000000e+00,0.0000000000e+00,0.0000000000e+00,2.9025360844e-42,0.0000000000e+00,0.0000000000e+00,5.5651412114e-18,4.6328912299e-17,0.0000000000e+00,2.7779693507e-19,0.0000000000e+00,1.4131207462e-21,5.6150788127e-23,2.4494469801e-24,0.0000000000e+00,0.0000000000e+00,0.0000000000e+00,0.0000000000e+00,0.0000000000e+00,0.0000000000e+00,0.0000000000e+00,0.0000000000e+00,0.0000000000e+00,0.0000000000e+00,0.0000000000e+00,0.0000000000e+00
5.9989574026e-01,1,1.9211253088e-01,7.1002623295e+24,1.2651282689e+24,1.2651282689e+24,1.0698770064e+25,1.3132617846e+24,0.0000000000e+00,7.1549160101e-22,-3.0475771790e-18,4.2594171262e+03,0.0000000000e+00,3.0475771790e-18,1.2203159396e-19,0.0000000000e+00,0.0000000000e+00,0.0000000000e+00,3.3243916250e-18,0.0000000000e+00,6.1582609249e-17,1.1922843253e-18,0.0000000000e+00,0.0000000000e+00,0.0000000000e+00,0.0000000000e+00,0.0000000000e+00,0.0000000000e+00,0.0000000000e+00,0.0000000000e+00,0.0000000000e+00,0.0000000000e+00,0.0000000000e+00,0.0000000000e+00,0.0000000000e+00,0.0000000000e+00,0.0000000000e+00,0.0000000000e+00,0.0000000000e+00,0.0000000000e+00,0.0000000000e+00,0.0000000000e+00,0.0000000000e+00,0.0000000000e+00,0.0000000000e+00,2.8623457904e-42,0.0000000000e+00,0.0000000000e+00,5.7891329155e-18,5.0751272910e-17,0.0000000000e+00,3.5949108889e-19,0.0000000000e+00,2.0294717342e-21,8.2719483972e-23,2.7663602923e-24,0.0000000000e+00,0.0000000000e+00,0.0000000000e+00,0.0000000000e+00,0.0000000000e+00,0.0000000000e+00,0.0000000000e+00,0.0000000000e+00,0.0000000000e+00,0.0000000000e+00,0.0000000000e+00,0.0000000000e+00
6.3050566670e-01,1,1.9555207395e-01,6.9981476169e+24,1.2679992357e+24,1.2679992357e+24,1.0552629413e+25,1.3174765473e+24,0.0000000000e+00,6.8082250584e-22,-3.0040419771e-18,4.4123717289e+03,0.0000000000e+00,3.0040419771e-18,1.2685485799e-19,0.0000000000e+00,0.0000000000e+00,0.0000000000e+00,3.5557551290e-18,0.0000000000e+00,6.2145008374e-17,1.2875239593e-18,0.0000000000e+00,0.0000000000e+00,0.0000000000e+00,0.0000000000e+00,0.0000000000e+00,0.0000000000e+00,0.0000000000e+00,0.0000000000e+00,0.0000000000e+00,0.0000000000e+00,0.0000000000e+00,0.0000000000e+00,0.0000000000e+00,0.0000000000e+00,0.0000000000e+00,0.0000000000e+00,0.0000000000e+00,0.0000000000e+00,0.0000000000e+00,0.0000000000e+00,0.0000000000e+00,0.0000000000e+00,0.0000000000e+00,2.8214566531e-42,0.0000000000e+00,0.0000000000e+00,6.0252171221e-18,5.5545396742e-17,0.0000000000e+00,4.6307167238e-19,0.0000000000e+00,2.9383296171e-21,1.2367267865e-22,3.4106242362e-24,0.0000000000e+00,0.0000000000e+00,0.0000000000e+00,0.0000000000e+00,0.0000000000e+00,0.0000000000e+00,0.0000000000e+00,0.0000000000e+00,0.0000000000e+00,0.0000000000e+00,0.0000000000e+00,0.0000000000e+00
6.6267747720e-01,1,1.9912935206e-01,6.8968236634e+24,1.2710092292e+24,1.2710092292e+24,1.0406303641e+25,1.3219289430e+24,0.0000000000e+00,6.4761303924e-22,-2.9598310157e-18,4.5703697059e+03,0.0000000000e+00,2.9598310157e-18,1.3195268161e-19,0.0000000000e+00,0.0000000000e+00,0.0000000000e+00,3.8068644359e-18,0.0000000000e+00,6.2723528562e-17,1.3887462599e-18,0.0000000000e+00,0.0000000000e+00,0.0000000000e+00,0.0000000000e+00,0.0000000000e+00,0.0000000000e+00,0.0000000000e+00,0.0000000000e+00,0.0000000000e+00,0.0000000000e+00,0.0000000000e+00,0.0000000000e+00,0.0000000000e+00,0.0000000000e+00,0.0000000000e+00,0.0000000000e+00,0.0000000000e+00,0.0000000000e+00,0.0000000000e+00,0.0000000000e+00,0.0000000000e+00,0.0000000000e+00,0.0000000000e+00,2.7799328288e-42,0.0000000000e+00,0.0000000000e+00,6.2741267936e-18,6.0736905556e-17,0.0000000000e+00,5.9368623144e-19,0.0000000000e+00,4.2662872603e-21,1.8589233474e-22,4.5735628167e-24,0.0000000000e+00,0.0000000000e+00,0.0000000000e+00,0.0000000000e+00,0.0000000000e+00,0.0000000000e+00,0.0000000000e+00,0.0000000000e+00,0.0000000000e+00,0.0000000000e+00,0.0000000000e+00,0.0000000000e+00
6.9649086754e-01,1,2.0285311488e-01,6.7962020061e+24,1.2741692400e+24,1.2741692400e+24,1.0259697650e+25,1.3266411047e+24,0.0000000000e+00,6.1582615192e-22,-2.9150085523e-18,4.7334926312e+03,0.0000000000e+00,2.9150085523e-18,1.3734722340e-19,0.0000000000e+00,0.0000000000e+00,0.0000000000e+00,4.0793770200e-18,0.0000000000e+00,6.3319107062e-17,1.4962915883e-18,0.0000000000e+00,0.0000000000e+00,0.0000000000e+00,0.0000000000e+00,0.0000000000e+00,0.0000000000e+00,0.0000000000e+00,0.0000000000e+00,0.0000000000e+00,0.0000000000e+00,0.0000000000e+00,0.0000000000e+00,0.0000000000e+00,0.0000000000e+00,0.0000000000e+00,0.0000000000e+00,0.0000000000e+00,0.0000000000e+00,0.0000000000e+00,0.0000000000e+00,0.0000000000e+00,0.0000000000e+00,0.0000000000e+00,2.7378346695e-42,0.0000000000e+00,0.0000000000e+00,6.5366700037e-18,6.6352049157e-17,0.0000000000e+00,7.5749267808e-19,0.0000000000e+00,6.1882642836e-21,2.7908858720e-22,6.5444712945e-24,0.0000000000e+00,0.0000000000e+00,0.0000000000e+00,0.0000000000e+00,0.0000000000e+00,0.0000000000e+00,0.0000000000e+00,0.0000000000e+00,0.0000000000e+00,0.0000000000e+00,0.0000000000e+00,0.0000000000e+00
7.3202960001e-01,1,2.0673323717e-01,6.6961946661e+24,1.2774916206e+24,1.2774916206e+24,1.0112655684e+25,1.3316381159e+24,0.0000000000e+00,5.8542293367e-22,-2.8696335729e-18,4.9018127030e+03,0.0000000000e+00,2.8696335729e-18,1.4306373306e-19,0.0000000000e+00,0.0000000000e+00,0.0000000000e+00,4.3750757004e-18,0.0000000000e+00,6.3932816347e-17,1.6105374212e-18,0.0000000000e+00,0.0000000000e+00,0.0000000000e+00,0.0000000000e+00,0.0000000000e+00,0.0000000000e+00,0.0000000000e+00,0.0000000000e+00,0.0000000000e+00,0.0000000000e+00,0.0000000000e+00,0.0000000000e+00,0.0000000000e+00,0.0000000000e+00,0.0000000000e+00,0.0000000000e+00,0.0000000000e+00,0.0000000000e+00,0.0000000000e+00,0.0000000000e+00,0.0000000000e+00,0.0000000000e+00,0.0000000000e+00,2.6952175761e-42,0.0000000000e+00,0.0000000000e+00,6.8137370645e-18,7.2417432968e-17,0.0000000000e+00,9.6180126712e-19,0.0000000000e+00,8.9426153674e-21,4.1673080447e-22,9.7509590576e-24,0.0000000000e+00,0.0000000000e+00,0.0000000000e+00,0.0000000000e+00,0.0000000000e+00,0.0000000000e+00,0.0000000000e+00,0.0000000000e+00,0.0000000000e+00,0.0000000000e+00,0.0000000000e+00,0.0000000000e+00
7.6938171089e-01,1,2.1077955069e-01,6.5970901916e+24,1.2809628393e+24,1.2809628393e+24,9.9691780895e+24,1.3369776896e+24,0.0000000000e+00,5.5629146900e-22,-2.8235577829e-18,5.0756805385e+03,0.0000000000e+00,2.8235577829e-18,1.4912143486e-19,0.0000000000e+00,0.0000000000e+00,0.0000000000e+00,4.6968821092e-18,0.0000000000e+00,6.4564015693e-17,1.7322583858e-18,0.0000000000e+00,0.0000000000e+00,0.0000000000e+00,0.0000000000e+00,0.0000000000e+00,0.0000000000e+00,0.0000000000e+00,0.0000000000e+00,0.0000000000e+00,0.0000000000e+00,0.0000000000e+00,0.0000000000e+00,0.0000000000e+00,0.0000000000e+00,0.0000000000e+00,0.0000000000e+00,0.0000000000e+00,0.0000000000e+00,0.0000000000e+00,0.0000000000e+00,0.0000000000e+00,0.0000000000e+00,0.0000000000e+00,2.6519422673e-42,0.0000000000e+00,0.0000000000e+00,7.1073052438e-18,7.8965664512e-17,0.0000000000e+00,1.2201698943e-18,0.0000000000e+00,1.5164337141e-20,7.3658734600e-22,1.4050661819e-22,0.0000000000e+00,0.0000000000e+00,0.0000000000e+00,0.0000000000e+00,0.0000000000e+00,0.0000000000e+00,0.0000000000e+00,0.0000000000e+00,0.0000000000e+00,0.0000000000e+00,0.0000000000e+00,0.0000000000e+00
8.0863972857e-01,1,2.1499326283e-01,6.4983359495e+24,1.2846348727e+24,1.2846348727e+24,9.8238700073e+24,1.3426456441e+24,0.0000000000e+00,5.2849656251e-22,-2.7771504054e-18,5.2548126183e+03,0.0000000000e+00,2.7771504054e-18,1.5555477066e-19,0.0000000000e+00,0.0000000000e+00,0.0000000000e+00,5.0448111439e-18,0.0000000000e+00,6.5214405599e-17,1.8622141744e-18,0.0000000000e+00,0.0000000000e+00,0.0000000000e+00,0.0000000000e+00,0.0000000000e+00,0.0000000000e+00,0.0000000000e+00,0.0000000000e+00,0.0000000000e+00,0.0000000000e+00,0.0000000000e+00,0.0000000000e+00,0.0000000000e+00,0.0000000000e+00,0.0000000000e+00,0.0000000000e+00,0.0000000000e+00,0.0000000000e+00,0.0000000000e+00,0.0000000000e+00,0.0000000000e+00,0.0000000000e+00,0.0000000000e+00,2.6083555249e-42,0.0000000000e+00,0.0000000000e+00,7.4167016825e-18,8.6001270591e-17,0.0000000000e+00,1.5328115557e-18,0.0000000000e+00,2.1827445235e-20,1.1569786809e-21,3.7087781472e-22,0.0000000000e+00,0.0000000000e+00,0.0000000000e+00,0.0000000000e+00,0.0000000000e+00,0.0000000000e+00,0.0000000000e+00,0.0000000000e+00,0.0000000000e+00,0.0000000000e+00,0.0000000000e+00,0.0000000000e+00
8.4990090271e-01,1,2.1942255698e-01,6.4004324688e+24,1.2885417123e+24,1.2885417123e+24,9.6773274379e+24,1.3487135825e+24,0.0000000000e+00,5.0193789566e-22,-2.7304083021e-18,5.4397333330e+03,0.0000000000e+00,2.7304083021e-18,1.6242787894e-19,0.0000000000e+00,0.0000000000e+00,0.0000000000e+00,5.4227981792e-18,0.0000000000e+00,6.5893024873e-17,2.0001119098e-18,0.0000000000e+00,0.0000000000e+00,0.0000000000e+00,0.0000000000e+00,0.0000000000e+00,0.0000000000e+00,0.0000000000e+00,0.0000000000e+00,0.0000000000e+00,0.0000000000e+00,0.0000000000e+00,0.0000000000e+00,0.0000000000e+00,0.0000000000e+00,0.0000000000e+00,0.0000000000e+00,0.0000000000e+00,0.0000000000e+00,0.0000000000e+00,0.0000000000e+00,0.0000000000e+00,0.0000000000e+00,0.0000000000e+00,2.5644544012e-42,0.0000000000e+00,0.0000000000e+00,7.7444916612e-18,9.3575845308e-17,0.0000000000e+00,1.9188433617e-18,0.0000000000e+00,3.1373650171e-20,1.6940327577e-21,5.5426514011e-22,0.0000000000e+00,0.0000000000e+00,0.0000000000e+00,0.0000000000e+00,0.0000000000e+00,0.0000000000e+00,0.0000000000e+00,0.0000000000e+00,0.0000000000e+00,0.0000000000e+00,0.0000000000e+00,0.0000000000e+00
8.9326744521e-01,1,2.2406764334e-01,6.3030029867e+24,1.2926821228e+24,1.2926821228e+24,9.5302379734e+24,1.3552228621e+24,0.0000000000e+00,4.7657979377e-22,-2.6832716645e-18,5.6302673751e+03,0.0000000000e+00,2.6832716645e-18,1.6977167324e-19,0.0000000000e+00,0.0000000000e+00,0.0000000000e+00,5.8328099522e-18,0.0000000000e+00,6.6597566640e-17,2.1473521011e-18,0.0000000000e+00,0.0000000000e+00,0.0000000000e+00,0.0000000000e+00,0.0000000000e+00,0.0000000000e+00,0.0000000000e+00,0.0000000000e+00,0.0000000000e+00,0.0000000000e+00,0.0000000000e+00,0.0000000000e+00,0.0000000000e+00,0.0000000000e+00,0.0000000000e+00,0.0000000000e+00,0.0000000000e+00,0.0000000000e+00,0.0000000000e+00,0.0000000000e+00,0.0000000000e+00,0.0000000000e+00,0.0000000000e+00,2.5201827230e-42,0.0000000000e+00,0.0000000000e+00,8.0917874799e-18,1.0170236778e-16,0.0000000000e+00,2.3904745980e-18,0.0000000000e+00,4.4888618178e-20,2.4851581745e-21,8.5586612150e-22,0.0000000000e+00,0.0000000000e+00,0.0000000000e+00,0.0000000000e+00,0.0000000000e+00,0.0000000000e+00,0.0000000000e+00,0.0000000000e+00,0.0000000000e+00,0.0000000000e+00,0.0000000000e+00,0.0000000000e+00
9.3884678334e-01,1,2.2896000916e-01,6.2051905555e+24,1.2971542284e+24,1.2971542284e+24,9.3832543885e+24,1.3622729565e+24,0.0000000000e+00,4.5235281065e-22,-2.6352822604e-18,5.8257231930e+03,0.0000000000e+00,2.6352822604e-18,1.7766053114e-19,0.0000000000e+00,0.0000000000e+00,0.0000000000e+00,6.2792770874e-18,0.0000000000e+00,6.7329744699e-17,2.3066760962e-18,0.0000000000e+00,0.0000000000e+00,0.0000000000e+00,0.0000000000e+00,0.0000000000e+00,0.0000000000e+00,0.0000000000e+00,0.0000000000e+00,0.0000000000e+00,0.0000000000e+00,0.0000000000e+00,0.0000000000e+00,0.0000000000e+00,0.0000000000e+00,0.0000000000e+00,0.0000000000e+00,0.0000000000e+00,0.0000000000e+00,0.0000000000e+00,0.0000000000e+00,0.0000000000e+00,0.0000000000e+00,0.0000000000e+00,2.4751101094e-42,0.0000000000e+00,0.0000000000e+00,8.4613342182e-18,1.1042753564e-16,0.0000000000e+00,2.9682160000e-18,0.0000000000e+00,6.4087396971e-20,3.7529215557e-21,1.3908868382e-21,0.0000000000e+00,0.0000000000e+00,0.0000000000e+00,0.0000000000e+00,0.0000000000e+00,0.0000000000e+00,0.0000000000e+00,0.0000000000e+00,0.0000000000e+00,0.0000000000e+00,0.0000000000e+00,0.0000000000e+00
9.8675182591e-01,1,2.3410210934e-01,6.1086934319e+24,1.3018357142e+24,1.3018357142e+24,9.2350851982e+24,1.3698328910e+24,0.0000000000e+00,4.2925362976e-22,-2.5874397471e-18,6.0277643979e+03,0.0000000000e+00,2.5874397471e-18,1.8611315631e-19,0.0000000000e+00,0.0000000000e+00,0.0000000000e+00,6.7613879691e-18,0.0000000000e+00,6.8096263431e-17,2.4765144963e-18,0.0000000000e+00,0.0000000000e+00,0.0000000000e+00,0.0000000000e+00,0.0000000000e+00,0.0000000000e+00,0.0000000000e+00,0.0000000000e+00,0.0000000000e+00,0.0000000000e+00,0.0000000000e+00,0.0000000000e+00,0.0000000000e+00,0.0000000000e+00,0.0000000000e+00,0.0000000000e+00,0.0000000000e+00,0.0000000000e+00,0.0000000000e+00,0.0000000000e+00,0.0000000000e+00,0.0000000000e+00,0.0000000000e+00,2.4301754585e-42,0.0000000000e+00,0.0000000000e+00,8.8525232485e-18,1.1971567571e-16,0.0000000000e+00,3.6607273986e-18,0.0000000000e+00,9.0444089749e-20,5.4847505802e-21,2.1710058133e-21,0.0000000000e+00,0.0000000000e+00,0.0000000000e+00,0.0000000000e+00,0.0000000000e+00,0.0000000000e+00,0.0000000000e+00,0.0000000000e+00,0.0000000000e+00,0.0000000000e+00,0.0000000000e+00,0.0000000000e+00
1.0371012429e+00,1,2.3953467239e-01,6.0124587344e+24,1.3068356621e+24,1.3068356621e+24,9.0857685421e+24,1.3780200014e+24,0.0000000000e+00,4.0721843464e-22,-2.5392221250e-18,6.2355284265e+03,0.0000000000e+00,2.5392221250e-18,1.9522924635e-19,0.0000000000e+00,0.0000000000e+00,0.0000000000e+00,7.2839343270e-18,0.0000000000e+00,6.8900692264e-17,2.6602353141e-18,0.0000000000e+00,0.0000000000e+00,0.0000000000e+00,0.0000000000e+00,0.0000000000e+00,0.0000000000e+00,0.0000000000e+00,0.0000000000e+00,0.0000000000e+00,0.0000000000e+00,0.0000000000e+00,0.0000000000e+00,0.0000000000e+00,0.0000000000e+00,0.0000000000e+00,0.0000000000e+00,0.0000000000e+00,0.0000000000e+00,0.0000000000e+00,0.0000000000e+00,0.0000000000e+00,0.0000000000e+00,0.0000000000e+00,2.3848884979e-42,0.0000000000e+00,0.0000000000e+00,9.2685274149e-18,1.2960735311e-16,0.0000000000e+00,4.4921638439e-18,0.0000000000e+00,1.2661882007e-19,7.9811491905e-21,3.3840035261e-21,0.0000000000e+00,0.0000000000e+00,0.0000000000e+00,0.0000000000e+00,0.0000000000e+00,0.0000000000e+00,0.0000000000e+00,0.0000000000e+00,0.0000000000e+00,0.0000000000e+00,0.0000000000e+00,0.0000000000e+00
1.0900197597e+00,1,2.4529093645e-01,5.9163799121e+24,1.3121905897e+24,1.3121905897e+24,8.9349550259e+24,1.3869121714e+24,0.0000000000e+00,3.8620368609e-22,-2.4906163755e-18,6.4489710098e+03,0.0000000000e+00,2.4906163755e-18,2.0509725510e-19,0.0000000000e+00,0.0000000000e+00,0.0000000000e+00,7.8500706216e-18,0.0000000000e+00,6.9749058178e-17,2.8603265868e-18,0.0000000000e+00,0.0000000000e+00,0.0000000000e+00,0.0000000000e+00,0.0000000000e+00,0.0000000000e+00,0.0000000000e+00,0.0000000000e+00,0.0000000000e+00,0.0000000000e+00,0.0000000000e+00,0.0000000000e+00,0.0000000000e+00,0.0000000000e+00,0.0000000000e+00,0.0000000000e+00,0.0000000000e+00,0.0000000000e+00,0.0000000000e+00,0.0000000000e+00,0.0000000000e+00,0.0000000000e+00,0.0000000000e+00,2.3392370002e-42,0.0000000000e+00,0.0000000000e+00,9.7114725886e-18,1.4010967393e-16,0.0000000000e+00,5.4842657137e-18,0.0000000000e+00,1.7571944613e-19,1.1544322007e-20,5.2359222704e-21,0.0000000000e+00,0.0000000000e+00,0.0000000000e+00,0.0000000000e+00,0.0000000000e+00,0.0000000000e+00,0.0000000000e+00,0.0000000000e+00,0.0000000000e+00,0.0000000000e+00,0.0000000000e+00,0.0000000000e+00
1.1456384654e+00,1,2.5140825018e-01,5.8199244499e+24,1.3179314064e+24,1.3179314064e+24,8.7828890698e+24,1.3966256076e+24,0.0000000000e+00,3.6616683180e-22,-2.4414280854e-18,6.6675293156e+03,0.0000000000e+00,2.4414280854e-18,2.1583401487e-19,0.0000000000e+00,0.0000000000e+00,0.0000000000e+00,8.4658023358e-18,0.0000000000e+00,7.0645209953e-17,3.0806886818e-18,1.6193238309e-21,1.5142283451e-23,0.0000000000e+00,0.0000000000e+00,0.0000000000e+00,0.0000000000e+00,0.0000000000e+00,0.0000000000e+00,0.0000000000e+00,0.0000000000e+00,0.0000000000e+00,0.0000000000e+00,0.0000000000e+00,0.0000000000e+00,0.0000000000e+00,0.0000000000e+00,0.0000000000e+00,0.0000000000e+00,0.0000000000e+00,0.0000000000e+00,0.0000000000e+00,0.0000000000e+00,0.0000000000e+00,2.2930383687e-42,0.0000000000e+00,0.0000000000e+00,1.0185205381e-17,1.5127051800e-16,0.0000000000e+00,6.6632146437e-18,0.0000000000e+00,2.4197519004e-19,1.6658769025e-20,8.0801671183e-21,2.5280153466e-24,0.0000000000e+00,0.0000000000e+00,0.0000000000e+00,0.0000000000e+00,0.0000000000e+00,0.0000000000e+00,0.0000000000e+00,0.0000000000e+00,0.0000000000e+00,0.0000000000e+00,0.0000000000e+00
1.2040951385e+00,1,2.5793258691e-01,5.7238684475e+24,1.3241252293e+24,1.3241252293e+24,8.6283286324e+24,1.4071884608e+24,0.0000000000e+00,3.4706055827e-22,-2.3919698858e-18,6.8920821708e+03,0.0000000000e+00,2.3919698858e-18,2.2753046907e-19,0.0000000000e+00,0.0000000000e+00,0.0000000000e+00,9.1292868357e-18,0.0000000000e+00,7.1605608260e-17,3.3243925188e-18,1.8879511808e-21,1.4576118961e-23,0.0000000000e+00,0.0000000000e+00,0.0000000000e+00,0.0000000000e+00,0.0000000000e+00,0.0000000000e+00,0.0000000000e+00,0.0000000000e+00,0.0000000000e+00,0.0000000000e+00,0.0000000000e+00,0.0000000000e+00,0.0000000000e+00,0.0000000000e+00,0.0000000000e+00,0.0000000000e+00,0.0000000000e+00,0.0000000000e+00,0.0000000000e+00,0.0000000000e+00,0.0000000000e+00,2.2465862327e-42,0.0000000000e+00,0.0000000000e+00,1.0689081331e-17,1.6298286834e-16,0.0000000000e+00,8.0486731500e-18,0.0000000000e+00,3.2939005360e-19,2.3718345610e-20,1.2184248983e-20,2.6554275228e-24,0.0000000000e+00,0.0000000000e+00,0.0000000000e+00,0.0000000000e+00,0.0000000000e+00,0.0000000000e+00,0.0000000000e+00,0.0000000000e+00,0.0000000000e+00,0.0000000000e+00,0.0000000000e+00
1.2655345872e+00,1,2.6491215469e-01,5.6275855503e+24,1.3308123138e+24,1.3308123138e+24,8.4712242817e+24,1.4187277962e+24,0.0000000000e+00,3.2884836685e-22,-2.3420265508e-18,7.1219041566e+03,0.0000000000e+00,2.3420265508e-18,2.4034038551e-19,0.0000000000e+00,0.0000000000e+00,0.0000000000e+00,9.8468726061e-18,0.0000000000e+00,7.2637453145e-17,3.5976931332e-18,2.5103202622e-21,1.4874640516e-23,0.0000000000e+00,0.0000000000e+00,0.0000000000e+00,0.0000000000e+00,0.0000000000e+00,0.0000000000e+00,0.0000000000e+00,0.0000000000e+00,0.0000000000e+00,0.0000000000e+00,0.0000000000e+00,0.0000000000e+00,0.0000000000e+00,0.0000000000e+00,0.0000000000e+00,0.0000000000e+00,0.0000000000e+00,0.0000000000e+00,0.0000000000e+00,0.0000000000e+00,0.0000000000e+00,2.1996784478e-42,0.0000000000e+00,0.0000000000e+00,1.1227236272e-17,1.7527622814e-16,0.0000000000e+00,9.6688644335e-18,0.0000000000e+00,4.4392155877e-19,3.3482230872e-20,1.8141639254e-20,3.1029745693e-24,0.0000000000e+00,0.0000000000e+00,0.0000000000e+00,0.0000000000e+00,0.0000000000e+00,0.0000000000e+00,0.0000000000e+00,0.0000000000e+00,0.0000000000e+00,0.0000000000e+00,0.0000000000e+00
1.3301090091e+00,1,2.7240227530e-01,5.5309126434e+24,1.3380482046e+24,1.3380482046e+24,8.3111806755e+24,1.4313382461e+24,0.0000000000e+00,3.1149073971e-22,-2.2915491378e-18,7.3567167357e+03,0.0000000000e+00,2.2915491378e-18,2.5442215152e-19,0.0000000000e+00,0.0000000000e+00,0.0000000000e+00,1.0622360604e-17,0.0000000000e+00,7.3753902248e-17,3.9078864401e-18,3.7919476432e-21,1.6857187600e-23,0.0000000000e+00,0.0000000000e+00,0.0000000000e+00,0.0000000000e+00,0.0000000000e+00,0.0000000000e+00,0.0000000000e+00,0.0000000000e+00,0.0000000000e+00,0.0000000000e+00,0.0000000000e+00,0.0000000000e+00,0.0000000000e+00,0.0000000000e+00,0.0000000000e+00,0.0000000000e+00,0.0000000000e+00,0.0000000000e+00,0.0000000000e+00,0.0000000000e+00,0.0000000000e+00,2.1522690462e-42,0.0000000000e+00,0.0000000000e+00,1.1802311166e-17,1.8811824890e-16,0.0000000000e+00,1.1549640605e-17,0.0000000000e+00,5.9213768316e-19,4.6829127414e-20,2.6648768062e-20,4.1643552446e-24,0.0000000000e+00,0.0000000000e+00,0.0000000000e+00,0.0000000000e+00,0.0000000000e+00,0.0000000000e+00,0.0000000000e+00,0.0000000000e+00,0.0000000000e+00,0.0000000000e+00,0.0000000000e+00
1.3979783674e+00,1,2.8046375297e-01,5.4336744224e+24,1.3458922606e+24,1.3458922606e+24,8.1478291668e+24,1.4451091838e+24,0.0000000000e+00,2.9494952811e-22,-2.2404836005e-18,7.5961592982e+03,0.0000000000e+00,2.2404836005e-18,2.6995425325e-19,0.0000000000e+00,0.0000000000e+00,0.0000000000e+00,1.1459667390e-17,0.0000000000e+00,7.4970488633e-17,4.2643061150e-18,6.2677426051e-21,2.2085840897e-23,0.0000000000e+00,0.0000000000e+00,0.0000000000e+00,0.0000000000e+00,0.0000000000e+00,0.0000000000e+00,0.0000000000e+00,0.0000000000e+00,0.0000000000e+00,0.0000000000e+00,0.0000000000e+00,0.0000000000e+00,0.0000000000e+00,0.0000000000e+00,0.0000000000e+00,0.0000000000e+00,0.0000000000e+00,0.0000000000e+00,0.0000000000e+00,0.0000000000e+00,0.0000000000e+00,2.1043072663e-42,0.0000000000e+00,0.0000000000e+00,1.2416922718e-17,2.0146243245e-16,0.0000000000e+00,1.3716054598e-17,0.0000000000e+00,7.8153762835e-19,6.4852778455e-20,3.8602729949e-20,6.3726112412e-24,0.0000000000e+00,0.0000000000e+00,0.0000000000e+00,0.0000000000e+00,0.0000000000e+00,0.0000000000e+00,0.0000000000e+00,0.0000000000e+00,0.0000000000e+00,0.0000000000e+00,0.0000000000e+00
1.4693107876e+00,1,2.8916213748e-01,5.3356874609e+24,1.3544064480e+24,1.3544064480e+24,7.9808563071e+24,1.4601184304e+24,0.0000000000e+00,2.7918805498e-22,-2.1887738078e-18,7.8397831454e+03,0.0000000000e+00,2.1887738078e-18,2.8713467739e-19,0.0000000000e+00,0.0000000000e+00,0.0000000000e+00,1.2362799458e-17,0.0000000000e+00,7.6305272114e-17,4.6787188676e-18,1.0844322239e-20,3.3427117807e-23,0.0000000000e+00,0.0000000000e+00,0.0000000000e+00,0.0000000000e+00,0.0000000000e+00,0.0000000000e+00,0.0000000000e+00,0.0000000000e+00,0.0000000000e+00,0.0000000000e+00,0.0000000000e+00,0.0000000000e+00,0.0000000000e+00,0.0000000000e+00,0.0000000000e+00,0.0000000000e+00,0.0000000000e+00,0.0000000000e+00,0.0000000000e+00,0.0000000000e+00,0.0000000000e+00,2.0557403889e-42,0.0000000000e+00,0.0000000000e+00,1.3073548521e-17,2.1524661667e-16,0.0000000000e+00,1.6191217620e-17,0.0000000000e+00,1.0204655202e-18,8.8886046024e-20,5.5135209708e-20,1.0662530923e-23,0.0000000000e+00,0.0000000000e+00,0.0000000000e+00,0.0000000000e+00,0.0000000000e+00,0.0000000000e+00,0.0000000000e+00,0.0000000000e+00,0.0000000000e+00,0.0000000000e+00,0.0000000000e+00
1.5442829737e+00,1,2.9856646161e-01,5.2367657906e+24,1.3636535801e+24,1.3636535801e+24,7.8100347492e+24,1.4764249911e+24,0.0000000000e+00,2.6417122522e-22,-2.1363654441e-18,8.0870482479e+03,0.0000000000e+00,2.1363654441e-18,3.0617898603e-19,0.0000000000e+00,0.0000000000e+00,0.0000000000e+00,1.3335825818e-17,0.0000000000e+00,7.7778895532e-17,5.1657073602e-18,1.9009667301e-20,5.5944995702e-23,0.0000000000e+00,0.0000000000e+00,0.0000000000e+00,0.0000000000e+00,0.0000000000e+00,0.0000000000e+00,0.0000000000e+00,0.0000000000e+00,0.0000000000e+00,0.0000000000e+00,0.0000000000e+00,0.0000000000e+00,0.0000000000e+00,0.0000000000e+00,0.0000000000e+00,0.0000000000e+00,0.0000000000e+00,0.0000000000e+00,0.0000000000e+00,0.0000000000e+00,0.0000000000e+00,2.0065173994e-42,0.0000000000e+00,0.0000000000e+00,1.3774381331e-17,2.2939180959e-16,0.0000000000e+00,1.8994969194e-17,0.0000000000e+00,1.3179406518e-18,1.2051670726e-19,7.7643512318e-20,1.8618409694e-23,0.0000000000e+00,0.0000000000e+00,0.0000000000e+00,0.0000000000e+00,0.0000000000e+00,0.0000000000e+00,0.0000000000e+00,0.0000000000e+00,0.0000000000e+00,0.0000000000e+00,0.0000000000e+00
1.6230806465e+00,1,3.0874738545e-01,5.1367278904e+24,1.3736949705e+24,1.3736949705e+24,7.6352534287e+24,1.4940613404e+24,0.0000000000e+00,2.4986564779e-22,-2.0832107684e-18,8.3373236252e+03,0.0000000000e+00,2.0832107684e-18,3.2731679597e-19,0.0000000000e+00,0.0000000000e+00,0.0000000000e+00,1.4382851240e-17,0.0000000000e+00,7.9414512719e-17,5.7429969808e-18,3.3129391945e-20,9.8255726820e-23,0.0000000000e+00,0.0000000000e+00,0.0000000000e+00,0.0000000000e+00,0.0000000000e+00,0.0000000000e+00,0.0000000000e+00,0.0000000000e+00,0.0000000000e+00,0.0000000000e+00,0.0000000000e+00,0.0000000000e+00,0.0000000000e+00,0.0000000000e+00,0.0000000000e+00,0.0000000000e+00,0.0000000000e+00,0.0000000000e+00,0.0000000000e+00,0.0000000000e+00,0.0000000000e+00,1.9565934588e-42,0.0000000000e+00,0.0000000000e+00,1.4521154286e-17,2.4380155862e-16,0.0000000000e+00,2.2142406582e-17,0.0000000000e+00,1.6833935143e-18,1.6159046468e-19,1.0781505316e-19,3.2836051478e-23,0.0000000000e+00,0.0000000000e+00,0.0000000000e+00,0.0000000000e+00,0.0000000000e+00,0.0000000000e+00,0.0000000000e+00,0.0000000000e+00,0.0000000000e+00,0.0000000000e+00,0.0000000000e+00
1.7058990029e+00,1,3.1977472197e-01,5.0354047731e+24,1.3845875154e+24,1.3845875154e+24,7.4565430063e+24,1.5130260099e+24,0.0000000000e+00,2.3623977046e-22,-2.0292741100e-18,8.5898919814e+03,0.0000000000e+00,2.0292741100e-18,3.5078647411e-19,0.0000000000e+00,0.0000000000e+00,0.0000000000e+00,1.5507993067e-17,0.0000000000e+00,8.1237557512e-17,6.4316709799e-18,5.6847638357e-20,1.7449064959e-22,0.0000000000e+00,0.0000000000e+00,0.0000000000e+00,0.0000000000e+00,0.0000000000e+00,0.0000000000e+00,0.0000000000e+00,0.0000000000e+00,0.0000000000e+00,0.0000000000e+00,0.0000000000e+00,0.0000000000e+00,0.0000000000e+00,0.0000000000e+00,0.0000000000e+00,0.0000000000e+00,0.0000000000e+00,0.0000000000e+00,0.0000000000e+00,0.0000000000e+00,0.0000000000e+00,1.9059350642e-42,0.0000000000e+00,0.0000000000e+00,1.5314942891e-17,2.5836205270e-16,0.0000000000e+00,2.5642349241e-17,0.0000000000e+00,2.1263038535e-18,2.1419653368e-19,1.4764109820e-19,5.7428777921e-23,0.0000000000e+00,0.0000000000e+00,0.0000000000e+00,0.0000000000e+00,0.0000000000e+00,0.0000000000e+00,0.0000000000e+00,0.0000000000e+00,0.0000000000e+00,0.0000000000e+00,0.0000000000e+00
1.7929431998e+00,1,3.3168362229e-01,4.9327105289e+24,1.3963645575e+24,1.3963645575e+24,7.2759304990e+24,1.5332577104e+24,0.0000000000e+00,2.2325847023e-22,-1.9745134941e-18,8.8440697996e+03,0.0000000000e+00,1.9745134941e-18,3.7675924531e-19,0.0000000000e+00,0.0000000000e+00,0.0000000000e+00,1.6716393638e-17,0.0000000000e+00,8.3267386263e-17,7.2556457541e-18,9.3286297266e-20,1.4443828186e-21,2.1897552184e-22,5.0596817355e-24,0.0000000000e+00,0.0000000000e+00,0.0000000000e+00,0.0000000000e+00,0.0000000000e+00,0.0000000000e+00,0.0000000000e+00,0.0000000000e+00,0.0000000000e+00,0.0000000000e+00,0.0000000000e+00,0.0000000000e+00,0.0000000000e+00,0.0000000000e+00,0.0000000000e+00,0.0000000000e+00,0.0000000000e+00,0.0000000000e+00,0.0000000000e+00,1.8545027922e-42,0.0000000000e+00,0.0000000000e+00,1.6156514734e-17,2.7296648061e-16,0.0000000000e+00,2.9499652214e-17,0.0000000000e+00,2.6552688505e-18,2.8053965221e-19,1.9924517687e-19,9.5928055455e-23,0.0000000000e+00,0.0000000000e+00,0.0000000000e+00,0.0000000000e+00,0.0000000000e+00,0.0000000000e+00,0.0000000000e+00,0.0000000000e+00,0.0000000000e+00,0.0000000000e+00,0.0000000000e+00
1.8844288627e+00,1,3.4459290637e-01,4.8286171737e+24,1.4090936372e+24,1.4090936372e+24,7.0910553933e+24,1.5547068273e+24,0.0000000000e+00,2.1089648799e-22,-1.9189862801e-18,9.0991855692e+03,0.0000000000e+00,1.9189862801e-18,4.0558656939e-19,0.0000000000e+00,0.0000000000e+00,0.0000000000e+00,1.8010080733e-17,0.0000000000e+00,8.5548525263e-17,8.2441532283e-18,1.5317074549e-19,2.3398396233e-21,2.0494191042e-22,4.4454899829e-24,0.0000000000e+00,0.0000000000e+00,0.0000000000e+00,0.0000000000e+00,0.0000000000e+00,0.0000000000e+00,0.0000000000e+00,0.0000000000e+00,0.0000000000e+00,0.0000000000e+00,0.0000000000e+00,0.0000000000e+00,0.0000000000e+00,0.0000000000e+00,0.0000000000e+00,0.0000000000e+00,0.0000000000e+00,0.0000000000e+00,0.0000000000e+00,1.8023505159e-42,0.0000000000e+00,0.0000000000e+00,1.7043916432e-17,2.8742437703e-16,0.0000000000e+00,3.3698589368e-17,0.0000000000e+00,3.2793469376e-18,3.6322172325e-19,2.6545669938e-19,1.6213765581e-22,0.0000000000e+00,0.0000000000e+00,0.0000000000e+00,0.0000000000e+00,0.0000000000e+00,0.0000000000e+00,0.0000000000e+00,0.0000000000e+00,0.0000000000e+00,0.0000000000e+00,0.0000000000e+00
1.9805826191e+00,1,3.5851916481e-01,4.7230239526e+24,1.4227820989e+24,1.4227820989e+24,6.9038553777e+24,1.5772243125e+24,0.0000000000e+00,1.9912728949e-22,-1.8627041999e-18,9.3543391502e+03,0.0000000000e+00,1.8627041999e-18,4.3742197030e-19,0.0000000000e+00,0.0000000000e+00,0.0000000000e+00,1.9394382379e-17,0.0000000000e+00,8.8102158691e-17,9.4268414481e-18,2.4631425651e-19,3.9967163340e-21,2.0347009778e-22,3.9126362534e-24,0.0000000000e+00,0.0000000000e+00,0.0000000000e+00,0.0000000000e+00,0.0000000000e+00,0.0000000000e+00,0.0000000000e+00,0.0000000000e+00,0.0000000000e+00,0.0000000000e+00,0.0000000000e+00,0.0000000000e+00,0.0000000000e+00,0.0000000000e+00,0.0000000000e+00,0.0000000000e+00,0.0000000000e+00,0.0000000000e+00,0.0000000000e+00,1.7494892540e-42,0.0000000000e+00,0.0000000000e+00,1.7975545341e-17,3.0160309636e-16,0.0000000000e+00,3.8224883802e-17,0.0000000000e+00,4.0047449164e-18,4.6466729513e-19,3.4895257523e-19,2.6793403275e-22,0.0000000000e+00,0.0000000000e+00,0.0000000000e+00,0.0000000000e+00,0.0000000000e+00,0.0000000000e+00,0.0000000000e+00,0.0000000000e+00,0.0000000000e+00,0.0000000000e+00,0.0000000000e+00
2.0816426604e+00,1,3.7349390343e-01,4.6159598674e+24,1.4374328811e+24,1.4374328811e+24,6.7151930281e+24,1.6006358564e+24,0.0000000000e+00,1.8792592577e-22,-1.8057386851e-18,9.6087789786e+03,0.0000000000e+00,1.8057386851e-18,4.7244602380e-19,0.0000000000e+00,0.0000000000e+00,0.0000000000e+00,2.0873632906e-17,0.0000000000e+00,9.0957113361e-17,1.0836038946e-17,3.8770200897e-19,6.9402115530e-21,2.2479049580e-22,3.4624857822e-24,0.0000000000e+00,0.0000000000e+00,0.0000000000e+00,0.0000000000e+00,0.0000000000e+00,0.0000000000e+00,0.0000000000e+00,0.0000000000e+00,0.0000000000e+00,0.0000000000e+00,0.0000000000e+00,0.0000000000e+00,0.0000000000e+00,0.0000000000e+00,0.0000000000e+00,0.0000000000e+00,0.0000000000e+00,0.0000000000e+00,0.0000000000e+00,1.6959860966e-42,0.0000000000e+00,0.0000000000e+00,1.8947874730e-17,3.1534079890e-16,0.0000000000e+00,4.3049741930e-17,0.0000000000e+00,4.8360312565e-18,5.8732399350e-19,4.5268902476e-19,4.3268877797e-22,0.0000000000e+00,0.0000000000e+00,0.0000000000e+00,0.0000000000e+00,0.0000000000e+00,0.0000000000e+00,0.0000000000e+00,0.0000000000e+00,0.0000000000e+00,0.0000000000e+00,0.0000000000e+00
2.1878593318e+00,1,3.8952971105e-01,4.5075245625e+24,1.4530268873e+24,1.4530268873e+24,6.5260754346e+24,1.6247304854e+24,0.0000000000e+00,1.7726924737e-22,-1.7481991246e-18,9.8618296773e+03,0.0000000000e+00,1.7481991246e-18,5.1079734348e-19,0.0000000000e+00,0.0000000000e+00,0.0000000000e+00,2.2452379544e-17,0.0000000000e+00,9.4140913690e-17,1.2504763971e-17,5.9733138382e-19,1.1998351714e-20,2.8852780841e-22,3.1028071246e-24,0.0000000000e+00,0.0000000000e+00,0.0000000000e+00,0.0000000000e+00,0.0000000000e+00,0.0000000000e+00,0.0000000000e+00,0.0000000000e+00,0.0000000000e+00,0.0000000000e+00,0.0000000000e+00,0.0000000000e+00,0.0000000000e+00,0.0000000000e+00,0.0000000000e+00,0.0000000000e+00,0.0000000000e+00,0.0000000000e+00,0.0000000000e+00,1.6419437839e-42,0.0000000000e+00,0.0000000000e+00,1.9955899746e-17,3.2847441993e-16,0.0000000000e+00,4.8133749738e-17,0.0000000000e+00,5.7751838132e-18,7.3345930932e-19,5.7969119126e-19,6.8293186762e-22,0.0000000000e+00,0.0000000000e+00,0.0000000000e+00,0.0000000000e+00,0.0000000000e+00,0.0000000000e+00,0.0000000000e+00,0.0000000000e+00,0.0000000000e+00,0.0000000000e+00,0.0000000000e+00
2.2994957524e+00,1,4.0661729963e-01,4.3978926384e+24,1.4695209154e+24,1.4695209154e+24,6.3376052354e+24,1.6492698221e+24,0.0000000000e+00,1.6713584125e-22,-1.6902339725e-18,1.0112935442e+04,0.0000000000e+00,1.6902339725e-18,5.5256189862e-19,0.0000000000e+00,0.0000000000e+00,0.0000000000e+00,2.4135510212e-17,0.0000000000e+00,9.7678821125e-17,1.4465227626e-17,9.0114727925e-19,2.0437060370e-20,4.3091090380e-22,2.8535818946e-24,0.0000000000e+00,0.0000000000e+00,0.0000000000e+00,0.0000000000e+00,0.0000000000e+00,0.0000000000e+00,0.0000000000e+00,0.0000000000e+00,0.0000000000e+00,0.0000000000e+00,0.0000000000e+00,0.0000000000e+00,0.0000000000e+00,0.0000000000e+00,0.0000000000e+00,0.0000000000e+00,0.0000000000e+00,0.0000000000e+00,0.0000000000e+00,1.5875017471e-42,0.0000000000e+00,0.0000000000e+00,2.0993145301e-17,3.4084570983e-16,0.0000000000e+00,5.3427568103e-17,0.0000000000e+00,6.8211792279e-18,9.0502199384e-19,7.3294019999e-19,1.0539250477e-21,0.0000000000e+00,0.0000000000e+00,0.0000000000e+00,0.0000000000e+00,0.0000000000e+00,0.0000000000e+00,0.0000000000e+00,0.0000000000e+00,0.0000000000e+00,0.0000000000e+00,0.0000000000e+00
2.4168284673e+00,1,4.2472352370e-01,4.2873136428e+24,1.4868468277e+24,1.4868468277e+24,6.1509236410e+24,1.6739995422e+24,0.0000000000e+00,1.5750592491e-22,-1.6320294037e-18,1.0361701660e+04,0.0000000000e+00,1.6320294037e-18,5.9776420771e-19,0.0000000000e+00,0.0000000000e+00,0.0000000000e+00,2.5928413194e-17,0.0000000000e+00,1.0159296390e-16,1.6747104408e-17,1.3318898189e-18,3.4134424372e-20,7.1647341328e-22,2.7587241746e-24,0.0000000000e+00,0.0000000000e+00,0.0000000000e+00,0.0000000000e+00,0.0000000000e+00,0.0000000000e+00,0.0000000000e+00,0.0000000000e+00,0.0000000000e+00,0.0000000000e+00,0.0000000000e+00,0.0000000000e+00,0.0000000000e+00,0.0000000000e+00,0.0000000000e+00,0.0000000000e+00,0.0000000000e+00,0.0000000000e+00,0.0000000000e+00,1.5328348452e-42,0.0000000000e+00,0.0000000000e+00,2.2051769506e-17,3.5230755990e-16,0.0000000000e+00,5.8873310019e-17,0.0000000000e+00,7.9697398331e-18,1.1035046078e-18,9.1524685840e-19,1.5911665051e-21,0.0000000000e+00,0.0000000000e+00,0.0000000000e+00,0.0000000000e+00,0.0000000000e+00,0.0000000000e+00,0.0000000000e+00,0.0000000000e+00,0.0000000000e+00,0.0000000000e+00,0.0000000000e+00
2.5401481321e+00,1,4.4379064350e-01,4.1761073324e+24,1.5049121612e+24,1.5049121612e+24,5.9671517571e+24,1.6986617869e+24,0.0000000000e+00,1.4836119778e-22,-1.5738053847e-18,1.0607931240e+04,0.0000000000e+00,1.5738053847e-18,6.4636131526e-19,0.0000000000e+00,0.0000000000e+00,0.0000000000e+00,2.7837164154e-17,0.0000000000e+00,1.0590164563e-16,1.9375692046e-17,1.9297631003e-18,5.5796310400e-20,1.2563066019e-21,2.9088871742e-24,0.0000000000e+00,0.0000000000e+00,0.0000000000e+00,0.0000000000e+00,0.0000000000e+00,0.0000000000e+00,0.0000000000e+00,0.0000000000e+00,0.0000000000e+00,0.0000000000e+00,0.0000000000e+00,0.0000000000e+00,0.0000000000e+00,0.0000000000e+00,0.0000000000e+00,0.0000000000e+00,0.0000000000e+00,0.0000000000e+00,0.0000000000e+00,1.4781496754e-42,0.0000000000e+00,0.0000000000e+00,2.3122764842e-17,3.6273013069e-16,0.0000000000e+00,6.4406545529e-17,0.0000000000e+00,9.2132761774e-18,1.3298197512e-18,1.1291207780e-18,2.3516654832e-21,0.0000000000e+00,0.0000000000e+00,0.0000000000e+00,0.0000000000e+00,0.0000000000e+00,0.0000000000e+00,0.0000000000e+00,0.0000000000e+00,0.0000000000e+00,0.0000000000e+00,0.0000000000e+00
2.6697602334e+00,1,4.6373698345e-01,4.0646542933e+24,1.5236022364e+24,1.5236022364e+24,5.7873364657e+24,1.7230072109e+24,0.0000000000e+00,1.3968465363e-22,-1.5158093061e-18,1.0851652395e+04,0.0000000000e+00,1.5158093061e-18,6.9824023831e-19,0.0000000000e+00,0.0000000000e+00,0.0000000000e+00,2.9868733479e-17,0.0000000000e+00,1.1061890852e-16,2.2370113600e-17,2.7428369476e-18,8.9212002841e-20,2.2354341533e-21,3.4842441091e-24,0.0000000000e+00,0.0000000000e+00,0.0000000000e+00,0.0000000000e+00,0.0000000000e+00,0.0000000000e+00,0.0000000000e+00,0.0000000000e+00,0.0000000000e+00,0.0000000000e+00,0.0000000000e+00,0.0000000000e+00,0.0000000000e+00,0.0000000000e+00,0.0000000000e+00,0.0000000000e+00,0.0000000000e+00,0.0000000000e+00,0.0000000000e+00,1.4236785917e-42,0.0000000000e+00,0.0000000000e+00,2.4196248359e-17,3.7200627729e-16,0.0000000000e+00,6.9958806293e-17,0.0000000000e+00,1.0541044218e-17,1.5842023100e-18,1.3766451004e-18,3.4048134000e-21,0.0000000000e+00,0.0000000000e+00,0.0000000000e+00,0.0000000000e+00,0.0000000000e+00,0.0000000000e+00,0.0000000000e+00,0.0000000000e+00,0.0000000000e+00,0.0000000000e+00,0.0000000000e+00
2.8059858454e+00,1,4.8445899582e-01,3.9533825232e+24,1.5427836656e+24,1.5427836656e+24,5.6124059821e+24,1.7468055037e+24,0.0000000000e+00,1.3146036199e-22,-1.4583075955e-18,1.1093135401e+04,0.0000000000e+00,1.4583075955e-18,7.5321923896e-19,0.0000000000e+00,0.0000000000e+00,0.0000000000e+00,3.2031205441e-17,0.0000000000e+00,1.1575440197e-16,2.5741727214e-17,3.8271107115e-18,1.3954431906e-19,3.9522857328e-21,4.8315034448e-24,0.0000000000e+00,0.0000000000e+00,0.0000000000e+00,0.0000000000e+00,0.0000000000e+00,0.0000000000e+00,0.0000000000e+00,0.0000000000e+00,0.0000000000e+00,0.0000000000e+00,0.0000000000e+00,0.0000000000e+00,0.0000000000e+00,0.0000000000e+00,0.0000000000e+00,0.0000000000e+00,0.0000000000e+00,0.0000000000e+00,0.0000000000e+00,1.3696718285e-42,0.0000000000e+00,0.0000000000e+00,2.5261821577e-17,3.8005581090e-16,0.0000000000e+00,7.5460399951e-17,0.0000000000e+00,1.1939513029e-17,1.8661480967e-18,1.6593671606e-18,4.8326894516e-21,0.0000000000e+00,0.0000000000e+00,0.0000000000e+00,0.0000000000e+00,0.0000000000e+00,0.0000000000e+00,0.0000000000e+00,0.0000000000e+00,0.0000000000e+00,0.0000000000e+00,0.0000000000e+00
2.9491624252e+00,1,5.0583459041e-01,3.8427510274e+24,1.5623090036e+24,1.5623090036e+24,5.4431383392e+24,1.7698535499e+24,0.0000000000e+00,1.2367322982e-22,-1.4015759677e-18,1.1332896939e+04,0.0000000000e+00,1.4015759677e-18,8.1105288901e-19,0.0000000000e+00,0.0000000000e+00,0.0000000000e+00,3.4334000440e-17,0.0000000000e+00,1.2131357467e-16,2.9492898866e-17,5.2461980217e-18,2.1364429105e-19,6.8734474622e-21,7.5956309380e-24,0.0000000000e+00,0.0000000000e+00,0.0000000000e+00,0.0000000000e+00,0.0000000000e+00,0.0000000000e+00,0.0000000000e+00,0.0000000000e+00,0.0000000000e+00,0.0000000000e+00,0.0000000000e+00,0.0000000000e+00,0.0000000000e+00,0.0000000000e+00,0.0000000000e+00,0.0000000000e+00,0.0000000000e+00,0.0000000000e+00,0.0000000000e+00,1.3163883424e-42,0.0000000000e+00,0.0000000000e+00,2.6308972278e-17,3.8682824547e-16,0.0000000000e+00,8.0843305992e-17,0.0000000000e+00,1.3392915280e-17,2.1743957337e-18,1.9782142125e-18,6.7296756532e-21,0.0000000000e+00,0.0000000000e+00,0.0000000000e+00,0.0000000000e+00,0.0000000000e+00,0.0000000000e+00,0.0000000000e+00,0.0000000000e+00,0.0000000000e+00,0.0000000000e+00,0.0000000000e+00
3.0996446487e+00,1,5.2772746033e-01,3.7332317869e+24,1.5820221683e+24,1.5820221683e+24,5.2801439169e+24,1.7919808124e+24,0.0000000000e+00,1.1630875712e-22,-1.3458891063e-18,1.1571691931e+04,0.0000000000e+00,1.3458891063e-18,8.7144050732e-19,0.0000000000e+00,0.0000000000e+00,0.0000000000e+00,3.6788093038e-17,0.0000000000e+00,1.2729817220e-16,3.3616261347e-17,7.0706306357e-18,3.2037685478e-19,1.1706836435e-20,1.2934034769e-23,0.0000000000e+00,0.0000000000e+00,0.0000000000e+00,0.0000000000e+00,0.0000000000e+00,0.0000000000e+00,0.0000000000e+00,0.0000000000e+00,0.0000000000e+00,0.0000000000e+00,0.0000000000e+00,0.0000000000e+00,0.0000000000e+00,0.0000000000e+00,0.0000000000e+00,0.0000000000e+00,0.0000000000e+00,0.0000000000e+00,0.0000000000e+00,1.2640861220e-42,0.0000000000e+00,0.0000000000e+00,2.7327485570e-17,3.9230383566e-16,0.0000000000e+00,8.6043916931e-17,0.0000000000e+00,1.4883932779e-17,2.5069540818e-18,2.3334409374e-18,9.2013159608e-21,0.0000000000e+00,0.0000000000e+00,0.0000000000e+00,0.0000000000e+00,0.0000000000e+00,0.0000000000e+00,0.0000000000e+00,0.0000000000e+00,0.0000000000e+00,0.0000000000e+00,0.0000000000e+00
3.2578052895e+00,1,5.4999204197e-01,3.6252915688e+24,1.6017641875e+24,1.6017641875e+24,5.1238612173e+24,1.8130519222e+24,0.0000000000e+00,1.0935280144e-22,-1.2915106106e-18,1.1810494049e+04,0.0000000000e+00,1.2915106106e-18,9.3403722983e-19,0.0000000000e+00,0.0000000000e+00,0.0000000000e+00,3.9406221166e-17,0.0000000000e+00,1.3370698997e-16,3.8094533167e-17,9.3768220287e-18,4.7094170289e-19,1.9496077539e-20,2.2849506599e-23,0.0000000000e+00,0.0000000000e+00,0.0000000000e+00,0.0000000000e+00,0.0000000000e+00,0.0000000000e+00,0.0000000000e+00,0.0000000000e+00,0.0000000000e+00,0.0000000000e+00,0.0000000000e+00,0.0000000000e+00,0.0000000000e+00,0.0000000000e+00,0.0000000000e+00,0.0000000000e+00,0.0000000000e+00,0.0000000000e+00,0.0000000000e+00,1.2130127451e-42,0.0000000000e+00,0.0000000000e+00,2.8307831198e-17,3.9649289184e-16,0.0000000000e+00,9.1005412095e-17,0.0000000000e+00,1.6394456260e-17,2.8611726913e-18,2.7246122436e-18,1.2362428470e-20,0.0000000000e+00,0.0000000000e+00,0.0000000000e+00,0.0000000000e+00,0.0000000000e+00,0.0000000000e+00,0.0000000000e+00,0.0000000000e+00,0.0000000000e+00,0.0000000000e+00,0.0000000000e+00
3.4240361419e+00,1,5.7247870695e-01,3.5193749623e+24,1.6213788219e+24,1.6213788219e+24,4.9745636764e+24,1.8329667826e+24,0.0000000000e+00,1.0279136531e-22,-1.2386839625e-18,1.2050467068e+04,0.0000000000e+00,1.2386839625e-18,9.9846676721e-19,0.0000000000e+00,0.0000000000e+00,0.0000000000e+00,4.2203085242e-17,0.0000000000e+00,1.4053680752e-16,4.2900912773e-17,1.2245770254e-17,6.7917291105e-19,3.1738040815e-20,4.0686178220e-23,0.0000000000e+00,0.0000000000e+00,0.0000000000e+00,0.0000000000e+00,0.0000000000e+00,0.0000000000e+00,0.0000000000e+00,0.0000000000e+00,0.0000000000e+00,0.0000000000e+00,0.0000000000e+00,0.0000000000e+00,0.0000000000e+00,0.0000000000e+00,0.0000000000e+00,0.0000000000e+00,0.0000000000e+00,0.0000000000e+00,0.0000000000e+00,1.1633968945e-42,0.0000000000e+00,0.0000000000e+00,2.9241498012e-17,3.9943352951e-16,0.0000000000e+00,9.5679601320e-17,0.0000000000e+00,1.7906354252e-17,3.2338484498e-18,3.1506213848e-18,1.6334557669e-20,0.0000000000e+00,0.0000000000e+00,0.0000000000e+00,0.0000000000e+00,0.0000000000e+00,0.0000000000e+00,0.0000000000e+00,0.0000000000e+00,0.0000000000e+00,0.0000000000e+00,0.0000000000e+00
3.5987489918e+00,1,5.9503879746e-01,3.4158897647e+24,1.6407176643e+24,1.6407176643e+24,4.8323745507e+24,1.8516586952e+24,0.0000000000e+00,9.6610419106e-23,-1.1876251045e-18,1.2292929847e+04,0.0000000000e+00,1.1876251045e-18,1.0643348343e-18,0.0000000000e+00,0.0000000000e+00,0.0000000000e+00,4.5195539049e-17,0.0000000000e+00,1.4778341846e-16,4.8000005499e-17,1.5761608599e-17,9.6180224082e-19,5.0524192074e-20,7.1835944820e-23,0.0000000000e+00,0.0000000000e+00,0.0000000000e+00,0.0000000000e+00,0.0000000000e+00,0.0000000000e+00,0.0000000000e+00,0.0000000000e+00,0.0000000000e+00,0.0000000000e+00,0.0000000000e+00,0.0000000000e+00,0.0000000000e+00,0.0000000000e+00,0.0000000000e+00,0.0000000000e+00,0.0000000000e+00,0.0000000000e+00,0.0000000000e+00,1.1154413880e-42,0.0000000000e+00,0.0000000000e+00,3.0121253872e-17,4.0118814854e-16,0.0000000000e+00,1.0002814222e-16,0.0000000000e+00,1.9402190227e-17,3.6213584478e-18,3.6097402111e-18,2.1242923217e-20,0.0000000000e+00,0.0000000000e+00,0.0000000000e+00,0.0000000000e+00,0.0000000000e+00,0.0000000000e+00,0.0000000000e+00,0.0000000000e+00,0.0000000000e+00,0.0000000000e+00,0.0000000000e+00
3.7823766366e+00,1,6.1752917515e-01,3.3151954770e+24,1.6596444064e+24,1.6596444064e+24,4.6972867554e+24,1.8690910946e+24,0.0000000000e+00,9.0795768213e-23,-1.1385170032e-18,1.2539317918e+04,0.0000000000e+00,1.1385170032e-18,1.1312422947e-18,0.0000000000e+00,0.0000000000e+00,0.0000000000e+00,4.8402776798e-17,0.0000000000e+00,1.5544267092e-16,5.3349192065e-17,2.0010128133e-17,1.3386741452e-18,7.8704772042e-20,1.2470077291e-22,0.0000000000e+00,0.0000000000e+00,0.0000000000e+00,0.0000000000e+00,0.0000000000e+00,0.0000000000e+00,0.0000000000e+00,0.0000000000e+00,0.0000000000e+00,0.0000000000e+00,0.0000000000e+00,0.0000000000e+00,0.0000000000e+00,0.0000000000e+00,0.0000000000e+00,0.0000000000e+00,0.0000000000e+00,0.0000000000e+00,0.0000000000e+00,1.0693180714e-42,0.0000000000e+00,0.0000000000e+00,3.0941318492e-17,4.0183902437e-16,0.0000000000e+00,1.0402310569e-16,0.0000000000e+00,2.0865838715e-17,4.0198074439e-18,4.0996958636e-18,2.7213073217e-20,0.0000000000e+00,0.0000000000e+00,0.0000000000e+00,0.0000000000e+00,0.0000000000e+00,0.0000000000e+00,0.0000000000e+00,0.0000000000e+00,0.0000000000e+00,0.0000000000e+00,0.0000000000e+00
3.9753739574e+00,1,6.3981604274e-01,3.2175952617e+24,1.6780380841e+24,1.6780380841e+24,4.5691848325e+24,1.8852534617e+24,0.0000000000e+00,8.5332969591e-23,-1.0915063369e-18,1.2791144409e+04,0.0000000000e+00,1.0915063369e-18,1.1987972269e-18,0.0000000000e+00,0.0000000000e+00,0.0000000000e+00,5.1846522125e-17,0.0000000000e+00,1.6351144523e-16,5.8900314121e-17,2.5077396658e-17,1.8329048579e-18,1.2007292337e-19,2.1194688097e-22,0.0000000000e+00,0.0000000000e+00,0.0000000000e+00,0.0000000000e+00,0.0000000000e+00,0.0000000000e+00,0.0000000000e+00,0.0000000000e+00,0.0000000000e+00,0.0000000000e+00,0.0000000000e+00,0.0000000000e+00,0.0000000000e+00,0.0000000000e+00,0.0000000000e+00,0.0000000000e+00,0.0000000000e+00,0.0000000000e+00,0.0000000000e+00,1.0251647079e-42,0.0000000000e+00,0.0000000000e+00,3.1697446336e-17,4.0148342374e-16,0.0000000000e+00,1.0764692889e-16,0.0000000000e+00,2.2282966994e-17,4.4251782398e-18,4.6177666794e-18,3.4367476917e-20,0.0000000000e+00,0.0000000000e+00,0.0000000000e+00,0.0000000000e+00,0.0000000000e+00,0.0000000000e+00,0.0000000000e+00,0.0000000000e+00,0.0000000000e+00,0.0000000000e+00,0.0000000000e+00
4.1782190457e+00,1,6.6177789913e-01,3.1233313416e+24,1.6957952255e+24,1.6957952255e+24,4.4478667945e+24,1.9001569022e+24,0.0000000000e+00,8.0207298495e-23,-1.0467022374e-18,1.3049962498e+04,0.0000000000e+00,1.0467022374e-18,1.2666253379e-18,0.0000000000e+00,0.0000000000e+00,0.0000000000e+00,5.5551224546e-17,0.0000000000e+00,1.7198851455e-16,6.4601536937e-17,3.1048584952e-17,2.4709827749e-18,1.7956386326e-19,3.5206855592e-22,0.0000000000e+00,0.0000000000e+00,0.0000000000e+00,0.0000000000e+00,0.0000000000e+00,0.0000000000e+00,0.0000000000e+00,0.0000000000e+00,0.0000000000e+00,0.0000000000e+00,0.0000000000e+00,0.0000000000e+00,0.0000000000e+00,0.0000000000e+00,0.0000000000e+00,0.0000000000e+00,0.0000000000e+00,0.0000000000e+00,0.0000000000e+00,9.8308379643e-43,0.0000000000e+00,0.0000000000e+00,3.2386925105e-17,4.0022863596e-16,0.0000000000e+00,1.1089184437e-16,0.0000000000e+00,2.3641366289e-17,4.8334745302e-18,5.1608895382e-18,4.2822292627e-20,0.0000000000e+00,0.0000000000e+00,0.0000000000e+00,0.0000000000e+00,0.0000000000e+00,0.0000000000e+00,0.0000000000e+00,0.0000000000e+00,0.0000000000e+00,0.0000000000e+00,0.0000000000e+00
4.3914143879e+00,1,6.8330758583e-01,3.0325835173e+24,1.7128309380e+24,1.7128309380e+24,4.3330642534e+24,1.9138297648e+24,0.0000000000e+00,7.5403762202e-23,-1.0041768516e-18,1.3317330890e+04,0.0000000000e+00,1.0041768516e-18,1.3343783930e-18,0.0000000000e+00,0.0000000000e+00,0.0000000000e+00,5.9544267138e-17,0.0000000000e+00,1.8087525634e-16,7.0399251030e-17,3.8007086574e-17,3.2828118775e-18,2.6346222775e-19,5.7125250414e-22,0.0000000000e+00,0.0000000000e+00,0.0000000000e+00,0.0000000000e+00,0.0000000000e+00,0.0000000000e+00,0.0000000000e+00,0.0000000000e+00,0.0000000000e+00,0.0000000000e+00,0.0000000000e+00,0.0000000000e+00,0.0000000000e+00,0.0000000000e+00,0.0000000000e+00,0.0000000000e+00,0.0000000000e+00,0.0000000000e+00,0.0000000000e+00,9.4314309868e-43,0.0000000000e+00,0.0000000000e+00,3.3008501781e-17,3.9818725087e-16,0.0000000000e+00,1.1375890531e-16,0.0000000000e+00,2.4931132485e-17,5.2408479709e-18,5.7257712247e-18,5.2684523720e-20,0.0000000000e+00,0.0000000000e+00,0.0000000000e+00,0.0000000000e+00,0.0000000000e+00,0.0000000000e+00,0.0000000000e+00,0.0000000000e+00,0.0000000000e+00,0.0000000000e+00,0.0000000000e+00
4.6154881100e+00,1,7.0431346420e-01,2.9454702849e+24,1.7290790444e+24,1.7290790444e+24,4.2244598885e+24,1.9263135557e+24,0.0000000000e+00,7.0907154295e-23,-9.6396738136e-19,1.3594783078e+04,0.0000000000e+00,9.6396738136e-19,1.4017405523e-18,0.0000000000e+00,0.0000000000e+00,0.0000000000e+00,6.3856186157e-17,0.0000000000e+00,1.9017620414e-16,7.6239890131e-17,4.6033986244e-17,4.3017035498e-18,3.7960898154e-19,9.0550006595e-22,0.0000000000e+00,0.0000000000e+00,0.0000000000e+00,0.0000000000e+00,0.0000000000e+00,0.0000000000e+00,0.0000000000e+00,0.0000000000e+00,0.0000000000e+00,0.0000000000e+00,0.0000000000e+00,0.0000000000e+00,0.0000000000e+00,0.0000000000e+00,0.0000000000e+00,0.0000000000e+00,0.0000000000e+00,0.0000000000e+00,0.0000000000e+00,9.0537755538e-43,0.0000000000e+00,0.0000000000e+00,3.3562252065e-17,3.9547293137e-16,0.0000000000e+00,1.1625673845e-16,0.0000000000e+00,2.6144709218e-17,5.6437038426e-18,6.3089973804e-18,6.4049734549e-20,0.0000000000e+00,0.0000000000e+00,0.0000000000e+00,0.0000000000e+00,0.0000000000e+00,0.0000000000e+00,0.0000000000e+00,0.0000000000e+00,0.0000000000e+00,0.0000000000e+00,0.0000000000e+00
4.8509952857e+00,1,7.2467697436e-01,2.8624743535e+24,1.7444613717e+24,1.7444613717e+24,4.1231108813e+24,1.9376526386e+24,0.0000000000e+00,6.6692445178e-23,-9.2608126282e-19,1.3885849594e+04,0.0000000000e+00,9.2608126282e-19,1.4682065036e-18,0.0000000000e+00,0.0000000000e+00,0.0000000000e+00,6.8446001877e-17,0.0000000000e+00,1.9982133644e-16,8.2060806987e-17,5.5032265360e-17,5.5181391488e-18,5.2149652080e-19,3.0487426402e-21,2.2142065014e-22,2.5453501805e-24,2.7024933453e-26,0.0000000000e+00,0.0000000000e+00,0.0000000000e+00,0.0000000000e+00,0.0000000000e+00,0.0000000000e+00,0.0000000000e+00,0.0000000000e+00,0.0000000000e+00,0.0000000000e+00,0.0000000000e+00,0.0000000000e+00,0.0000000000e+00,0.0000000000e+00,0.0000000000e+00,0.0000000000e+00,8.6979415074e-43,0.0000000000e+00,0.0000000000e+00,3.4049823378e-17,3.9220804620e-16,0.0000000000e+00,1.1840284973e-16,0.0000000000e+00,2.7276577680e-17,6.0382043940e-18,6.9052430929e-18,7.6883281383e-20,0.0000000000e+00,0.0000000000e+00,0.0000000000e+00,0.0000000000e+00,0.0000000000e+00,0.0000000000e+00,0.0000000000e+00,0.0000000000e+00,0.0000000000e+00,0.0000000000e+00,0.0000000000e+00
5.0985193118e+00,1,7.4441509710e-01,2.7830195930e+24,1.7590050325e+24,1.7590050325e+24,4.0264595530e+24,1.9479178542e+24,0.0000000000e+00,6.2758891131e-23,-8.9050342478e-19,1.4189279140e+04,0.0000000000e+00,8.9050342478e-19,1.5339075643e-18,0.0000000000e+00,0.0000000000e+00,0.0000000000e+00,7.3466222304e-17,0.0000000000e+00,2.0994444743e-16,8.7832501725e-17,6.5341317877e-17,7.0422495262e-18,7.2633036715e-19,4.9863492943e-21,3.9327204855e-22,2.3345246768e-24,2.4437507488e-26,0.0000000000e+00,0.0000000000e+00,0.0000000000e+00,0.0000000000e+00,0.0000000000e+00,0.0000000000e+00,0.0000000000e+00,0.0000000000e+00,0.0000000000e+00,0.0000000000e+00,0.0000000000e+00,0.0000000000e+00,0.0000000000e+00,0.0000000000e+00,0.0000000000e+00,0.0000000000e+00,8.3637872959e-43,0.0000000000e+00,0.0000000000e+00,3.4472777334e-17,3.8847959341e-16,0.0000000000e+00,1.2021229069e-16,0.0000000000e+00,2.8324103523e-17,6.4225152801e-18,7.5142938355e-18,9.1435649374e-20,0.0000000000e+00,0.0000000000e+00,0.0000000000e+00,0.0000000000e+00,0.0000000000e+00,0.0000000000e+00,0.0000000000e+00,0.0000000000e+00,0.0000000000e+00,0.0000000000e+00,0.0000000000e+00
5.3586733529e+00,1,7.6344531747e-01,2.7073298582e+24,1.7726649464e+24,1.7726649464e+24,3.9351360598e+24,1.9571641217e+24,0.0000000000e+00,5.9084533499e-23,-8.5718047209e-19,1.4507696369e+04,0.0000000000e+00,8.5718047209e-19,1.5984663835e-18,0.0000000000e+00,0.0000000000e+00,0.0000000000e+00,7.8905263463e-17,0.0000000000e+00,2.2050356456e-16,9.3501018756e-17,7.6910168294e-17,8.8850609288e-18,9.9679277249e-19,8.0436737903e-21,7.0934078994e-22,2.2865530900e-24,2.3298751726e-26,0.0000000000e+00,0.0000000000e+00,0.0000000000e+00,0.0000000000e+00,0.0000000000e+00,0.0000000000e+00,0.0000000000e+00,0.0000000000e+00,0.0000000000e+00,0.0000000000e+00,0.0000000000e+00,0.0000000000e+00,0.0000000000e+00,0.0000000000e+00,0.0000000000e+00,0.0000000000e+00,8.0508114210e-43,0.0000000000e+00,0.0000000000e+00,3.4834417311e-17,3.8439511913e-16,0.0000000000e+00,1.2171033953e-16,0.0000000000e+00,2.9285775246e-17,6.7936993574e-18,8.1314364585e-18,1.0767557965e-19,0.0000000000e+00,0.0000000000e+00,0.0000000000e+00,0.0000000000e+00,0.0000000000e+00,0.0000000000e+00,0.0000000000e+00,0.0000000000e+00,0.0000000000e+00,0.0000000000e+00,0.0000000000e+00
5.6321018608e+00,1,7.8173515144e-01,2.6353559126e+24,1.7854379543e+24,1.7854379543e+24,3.8488153541e+24,1.9654544758e+24,0.0000000000e+00,5.5653872199e-23,-8.2604777055e-19,1.4842592939e+04,0.0000000000e+00,8.2604777055e-19,1.6617114314e-18,0.0000000000e+00,0.0000000000e+00,0.0000000000e+00,8.4805296830e-17,0.0000000000e+00,2.3151389029e-16,9.9026336277e-17,8.9798904696e-17,1.1090812550e-17,1.3491292609e-18,1.2787055668e-20,1.2751019360e-21,2.5142183648e-24,2.4509849671e-26,0.0000000000e+00,0.0000000000e+00,0.0000000000e+00,0.0000000000e+00,0.0000000000e+00,0.0000000000e+00,0.0000000000e+00,0.0000000000e+00,0.0000000000e+00,0.0000000000e+00,0.0000000000e+00,0.0000000000e+00,0.0000000000e+00,0.0000000000e+00,0.0000000000e+00,0.0000000000e+00,7.7584068257e-43,0.0000000000e+00,0.0000000000e+00,3.5138319918e-17,3.8004470681e-16,0.0000000000e+00,1.2292226567e-16,0.0000000000e+00,3.0161955235e-17,7.1497320405e-18,8.7535753144e-18,1.2563675982e-19,0.0000000000e+00,0.0000000000e+00,0.0000000000e+00,0.0000000000e+00,0.0000000000e+00,0.0000000000e+00,0.0000000000e+00,0.0000000000e+00,0.0000000000e+00,0.0000000000e+00,0.0000000000e+00
5.9194821706e+00,1,7.9926434244e-01,2.5670192261e+24,1.7973320881e+24,1.7973320881e+24,3.7671820188e+24,1.9728520630e+24,0.0000000000e+00,5.2451682614e-23,-7.9702558519e-19,1.5195424541e+04,0.0000000000e+00,7.9702558519e-19,1.7235068365e-18,0.0000000000e+00,0.0000000000e+00,0.0000000000e+00,9.1212519581e-17,0.0000000000e+00,2.4299359880e-16,1.0437380523e-16,1.0406405606e-16,1.3706566042e-17,1.8024070875e-18,2.0030970989e-20,2.2625408181e-21,3.2618342668e-24,3.0104694088e-26,0.0000000000e+00,0.0000000000e+00,0.0000000000e+00,0.0000000000e+00,0.0000000000e+00,0.0000000000e+00,0.0000000000e+00,0.0000000000e+00,0.0000000000e+00,0.0000000000e+00,0.0000000000e+00,0.0000000000e+00,0.0000000000e+00,0.0000000000e+00,0.0000000000e+00,0.0000000000e+00,7.4858246228e-43,0.0000000000e+00,0.0000000000e+00,3.5388462649e-17,3.7550891433e-16,0.0000000000e+00,1.2387444272e-16,0.0000000000e+00,3.0954361129e-17,7.4890143186e-18,9.3778484923e-18,1.4533861096e-19,0.0000000000e+00,0.0000000000e+00,0.0000000000e+00,0.0000000000e+00,0.0000000000e+00,0.0000000000e+00,0.0000000000e+00,0.0000000000e+00,0.0000000000e+00,0.0000000000e+00,0.0000000000e+00
6.2215261786e+00,1,8.1602339392e-01,2.5022180648e+24,1.8083645792e+24,1.8083645792e+24,3.6899337327e+24,1.9794188894e+24,0.0000000000e+00,4.9463127092e-23,-7.7002292889e-19,1.5567615195e+04,0.0000000000e+00,7.7002292889e-19,1.7837500741e-18,0.0000000000e+00,0.0000000000e+00,0.0000000000e+00,9.8177530088e-17,0.0000000000e+00,2.5496372811e-16,1.0951437420e-16,1.1975913758e-16,1.6782191990e-17,2.3787944367e-18,3.0930141930e-20,3.9447991088e-21,5.0306768680e-24,4.4379116446e-26,0.0000000000e+00,0.0000000000e+00,0.0000000000e+00,0.0000000000e+00,0.0000000000e+00,0.0000000000e+00,0.0000000000e+00,0.0000000000e+00,0.0000000000e+00,0.0000000000e+00,0.0000000000e+00,0.0000000000e+00,0.0000000000e+00,0.0000000000e+00,0.0000000000e+00,0.0000000000e+00,7.2322102431e-43,0.0000000000e+00,0.0000000000e+00,3.5589063141e-17,3.7085848729e-16,0.0000000000e+00,1.2459344732e-16,0.0000000000e+00,3.1665792577e-17,7.8103523342e-18,1.0001659218e-17,1.6678770409e-19,0.0000000000e+00,0.0000000000e+00,0.0000000000e+00,0.0000000000e+00,0.0000000000e+00,0.0000000000e+00,0.0000000000e+00,0.0000000000e+00,0.0000000000e+00,0.0000000000e+00,0.0000000000e+00
6.5389821062e+00,1,8.3201207605e-01,2.4408330327e+24,1.8185599657e+24,1.8185599657e+24,3.6167833618e+24,1.9852148897e+24,0.0000000000e+00,4.6673853674e-23,-7.4494100651e-19,1.5960563525e+04,0.0000000000e+00,7.4494100651e-19,1.8423692435e-18,0.0000000000e+00,0.0000000000e+00,0.0000000000e+00,1.0575575378e-16,0.0000000000e+00,2.6744809051e-16,1.1442458391e-16,1.3693524589e-16,2.0370388543e-17,3.1038479444e-18,4.7099389632e-20,6.7448552570e-21,8.8071087212e-24,7.5985105543e-26,0.0000000000e+00,0.0000000000e+00,0.0000000000e+00,0.0000000000e+00,0.0000000000e+00,0.0000000000e+00,0.0000000000e+00,0.0000000000e+00,0.0000000000e+00,0.0000000000e+00,0.0000000000e+00,0.0000000000e+00,0.0000000000e+00,0.0000000000e+00,0.0000000000e+00,0.0000000000e+00,6.9966357826e-43,0.0000000000e+00,0.0000000000e+00,3.5744440993e-17,3.6615447327e-16,0.0000000000e+00,1.2510533980e-16,0.0000000000e+00,3.2299873248e-17,8.1129267233e-18,1.0622695349e-17,1.8997959862e-19,0.0000000000e+00,0.0000000000e+00,0.0000000000e+00,0.0000000000e+00,0.0000000000e+00,0.0000000000e+00,0.0000000000e+00,0.0000000000e+00,0.0000000000e+00,0.0000000000e+00,0.0000000000e+00
6.8726363528e+00,1,8.4723797325e-01,2.3827319583e+24,1.8279483530e+24,1.8279483530e+24,3.5474599998e+24,1.9902972618e+24,0.0000000000e+00,4.4070079203e-23,-7.2167620465e-19,1.6375650276e+04,0.0000000000e+00,7.2167620465e-19,1.8993201454e-18,0.0000000000e+00,0.0000000000e+00,0.0000000000e+00,1.1400792338e-16,0.0000000000e+00,2.8047322305e-16,1.1908637355e-16,1.5564165566e-16,2.4526727419e-17,4.0068088241e-18,7.0767211153e-20,1.1302095637e-20,1.6459553733e-23,1.4163371360e-25,0.0000000000e+00,0.0000000000e+00,0.0000000000e+00,0.0000000000e+00,0.0000000000e+00,0.0000000000e+00,0.0000000000e+00,0.0000000000e+00,0.0000000000e+00,0.0000000000e+00,0.0000000000e+00,0.0000000000e+00,0.0000000000e+00,0.0000000000e+00,0.0000000000e+00,0.0000000000e+00,6.7781280837e-43,0.0000000000e+00,0.0000000000e+00,3.5858903214e-17,3.6144863575e-16,0.0000000000e+00,1.2543511737e-16,0.0000000000e+00,3.2860816637e-17,8.3962551331e-18,1.1238938709e-17,2.1490099883e-19,0.0000000000e+00,0.0000000000e+00,0.0000000000e+00,0.0000000000e+00,0.0000000000e+00,0.0000000000e+00,0.0000000000e+00,0.0000000000e+00,0.0000000000e+00,0.0000000000e+00,0.0000000000e+00
7.2233154443e+00,1,8.6171511997e-01,2.3277740834e+24,1.8365638641e+24,1.8365638641e+24,3.4817092215e+24,1.9947200125e+24,0.0000000000e+00,4.1638655355e-23,-7.0012261455e-19,1.6814246487e+04,0.0000000000e+00,7.0012261455e-19,1.9545833255e-18,0.0000000000e+00,0.0000000000e+00,0.0000000000e+00,1.2300061804e-16,0.0000000000e+00,2.9406839438e-16,1.2348674249e-16,1.7592638096e-16,2.9309717639e-17,5.1209072322e-18,1.0496953180e-19,1.8561027636e-20,3.1402501950e-23,2.7237352434e-25,0.0000000000e+00,0.0000000000e+00,0.0000000000e+00,0.0000000000e+00,0.0000000000e+00,0.0000000000e+00,0.0000000000e+00,0.0000000000e+00,0.0000000000e+00,0.0000000000e+00,0.0000000000e+00,0.0000000000e+00,0.0000000000e+00,0.0000000000e+00,0.0000000000e+00,0.0000000000e+00,6.5756924299e-43,0.0000000000e+00,0.0000000000e+00,3.5936652771e-17,3.5678407616e-16,0.0000000000e+00,1.2560632265e-16,0.0000000000e+00,3.3353220631e-17,8.6601509026e-18,1.1848666157e-17,2.4153212967e-19,0.0000000000e+00,0.0000000000e+00,0.0000000000e+00,0.0000000000e+00,0.0000000000e+00,0.0000000000e+00,0.0000000000e+00,0.0000000000e+00,0.0000000000e+00,0.0000000000e+00,0.0000000000e+00
7.5918880804e+00,1,8.7546275606e-01,2.2758135527e+24,1.8444432906e+24,1.8444432906e+24,3.4192927569e+24,1.9985336700e+24,0.0000000000e+00,3.9367117380e-23,-6.8017410152e-19,1.7277721784e+04,0.0000000000e+00,6.8017410152e-19,2.0081612173e-18,0.0000000000e+00,0.0000000000e+00,0.0000000000e+00,1.3280686640e-16,0.0000000000e+00,3.0826567923e-16,1.2761730962e-16,1.9783667905e-16,3.4780873447e-17,6.4836735107e-18,1.5379024831e-19,2.9886575662e-20,5.9664400776e-23,5.2380647966e-25,0.0000000000e+00,0.0000000000e+00,0.0000000000e+00,0.0000000000e+00,0.0000000000e+00,0.0000000000e+00,0.0000000000e+00,0.0000000000e+00,0.0000000000e+00,0.0000000000e+00,0.0000000000e+00,0.0000000000e+00,0.0000000000e+00,0.0000000000e+00,0.0000000000e+00,0.0000000000e+00,6.3883319827e-43,0.0000000000e+00,0.0000000000e+00,3.5981718556e-17,3.5219598551e-16,0.0000000000e+00,1.2564078598e-16,0.0000000000e+00,3.3781892797e-17,8.9046803953e-18,1.2450444270e-17,2.6984924471e-19,0.0000000000e+00,0.0000000000e+00,0.0000000000e+00,0.0000000000e+00,0.0000000000e+00,0.0000000000e+00,0.0000000000e+00,0.0000000000e+00,0.0000000000e+00,0.0000000000e+00,0.0000000000e+00
7.9792672866e+00,1,8.8850422020e-01,2.2267022338e+24,1.8516249493e+24,1.8516249493e+24,3.3599877371e+24,2.0017851266e+24,0.0000000000e+00,3.7243716258e-23,-6.6172595177e-19,1.7767452291e+04,0.0000000000e+00,6.6172595177e-19,2.0600754798e-18,0.0000000000e+00,0.0000000000e+00,0.0000000000e+00,1.4350681895e-16,0.0000000000e+00,3.2310010786e-16,1.3147380864e-16,2.2141948903e-16,4.1004770441e-17,8.1372537240e-18,2.2265495704e-19,4.7210327250e-20,1.1153871288e-22,9.9203995812e-25,0.0000000000e+00,0.0000000000e+00,0.0000000000e+00,0.0000000000e+00,0.0000000000e+00,0.0000000000e+00,0.0000000000e+00,0.0000000000e+00,0.0000000000e+00,0.0000000000e+00,0.0000000000e+00,0.0000000000e+00,0.0000000000e+00,0.0000000000e+00,0.0000000000e+00,0.0000000000e+00,6.2150632493e-43,0.0000000000e+00,0.0000000000e+00,3.5997904432e-17,3.4771246096e-16,0.0000000000e+00,1.2555847852e-16,0.0000000000e+00,3.4151706238e-17,9.1301209513e-18,1.3043119421e-17,2.9982719289e-19,0.0000000000e+00,0.0000000000e+00,0.0000000000e+00,0.0000000000e+00,0.0000000000e+00,0.0000000000e+00,0.0000000000e+00,0.0000000000e+00,0.0000000000e+00,0.0000000000e+00,0.0000000000e+00
8.3864126759e+00,1,9.0086598971e-01,2.1802919115e+24,1.8581477343e+24,1.8581477343e+24,3.3035856231e+24,2.0045175801e+24,0.0000000000e+00,3.5257435688e-23,-6.4467613753e-19,1.8284827724e+04,0.0000000000e+00,6.4467613753e-19,2.1103645992e-18,0.0000000000e+00,0.0000000000e+00,0.0000000000e+00,1.5518849513e-16,0.0000000000e+00,3.3860989398e-16,1.3505555271e-16,2.4672181207e-16,4.8049073105e-17,1.0128725639e-17,3.1868357371e-19,7.3211704961e-20,2.0404017871e-22,1.8376200217e-24,0.0000000000e+00,0.0000000000e+00,0.0000000000e+00,0.0000000000e+00,0.0000000000e+00,0.0000000000e+00,0.0000000000e+00,0.0000000000e+00,0.0000000000e+00,0.0000000000e+00,0.0000000000e+00,0.0000000000e+00,0.0000000000e+00,0.0000000000e+00,0.0000000000e+00,0.0000000000e+00,6.0549279643e-43,0.0000000000e+00,0.0000000000e+00,3.5988754639e-17,3.4335533713e-16,0.0000000000e+00,1.2537745342e-16,0.0000000000e+00,3.4467484264e-17,9.3369209406e-18,1.3625804883e-17,3.3144198681e-19,0.0000000000e+00,0.0000000000e+00,0.0000000000e+00,0.0000000000e+00,0.0000000000e+00,0.0000000000e+00,0.0000000000e+00,0.0000000000e+00,0.0000000000e+00,0.0000000000e+00,0.0000000000e+00
8.8143328258e+00,1,9.1257686765e-01,2.1364359089e+24,1.8640503516e+24,1.8640503516e+24,3.2498908890e+24,2.0067705490e+24,0.0000000000e+00,3.3397995724e-23,-6.2892624618e-19,1.8831257162e+04,0.0000000000e+00,6.2892624618e-19,2.1590818012e-18,0.0000000000e+00,0.0000000000e+00,0.0000000000e+00,1.6794861003e-16,0.0000000000e+00,3.5483674206e-16,1.3836489567e-16,2.7379105230e-16,5.5984517866e-17,1.2510410142e-17,4.5110628607e-19,1.1153726599e-19,3.6442399603e-22,3.3200702298e-24,0.0000000000e+00,0.0000000000e+00,0.0000000000e+00,0.0000000000e+00,0.0000000000e+00,0.0000000000e+00,0.0000000000e+00,0.0000000000e+00,0.0000000000e+00,0.0000000000e+00,0.0000000000e+00,0.0000000000e+00,0.0000000000e+00,0.0000000000e+00,0.0000000000e+00,0.0000000000e+00,5.9070018165e-43,0.0000000000e+00,0.0000000000e+00,3.5957532806e-17,3.3914099408e-16,0.0000000000e+00,1.2511385406e-16,0.0000000000e+00,3.4733911231e-17,9.5256629477e-18,1.4197866367e-17,3.6467333004e-19,0.0000000000e+00,0.0000000000e+00,0.0000000000e+00,0.0000000000e+00,0.0000000000e+00,0.0000000000e+00,0.0000000000e+00,0.0000000000e+00,0.0000000000e+00,0.0000000000e+00,0.0000000000e+00
9.2640877770e+00,1,9.2366731217e-01,2.0949901924e+24,1.8693707169e+24,1.8693707169e+24,3.1987195088e+24,2.0085799435e+24,0.0000000000e+00,3.1655845149e-23,-6.1438212022e-19,1.9408173035e+04,0.0000000000e+00,6.1438212022e-19,2.2062932958e-18,0.0000000000e+00,0.0000000000e+00,0.0000000000e+00,1.8189348442e-16,0.0000000000e+00,3.7182623224e-16,1.4140671150e-16,3.0267534666e-16,6.4884838463e-17,1.5340172203e-17,6.3174536534e-19,1.6706013720e-19,6.3504528202e-22,5.8458811745e-24,0.0000000000e+00,0.0000000000e+00,0.0000000000e+00,0.0000000000e+00,0.0000000000e+00,0.0000000000e+00,0.0000000000e+00,0.0000000000e+00,0.0000000000e+00,0.0000000000e+00,0.0000000000e+00,0.0000000000e+00,0.0000000000e+00,0.0000000000e+00,0.0000000000e+00,0.0000000000e+00,5.7704004599e-43,0.0000000000e+00,0.0000000000e+00,3.5907211894e-17,3.3508111568e-16,0.0000000000e+00,1.2478197103e-16,0.0000000000e+00,3.4955466335e-17,9.6970307385e-18,1.4758907139e-17,3.9950707421e-19,0.0000000000e+00,0.0000000000e+00,0.0000000000e+00,0.0000000000e+00,0.0000000000e+00,0.0000000000e+00,0.0000000000e+00,0.0000000000e+00,0.0000000000e+00,0.0000000000e+00,0.0000000000e+00
9.7367916593e+00,1,9.3416889937e-01,2.0558140161e+24,1.8741454989e+24,1.8741454989e+24,3.1498972778e+24,2.0099781741e+24,0.0000000000e+00,3.0022144685e-23,-6.0095425385e-19,2.0017032765e+04,0.0000000000e+00,6.0095425385e-19,2.2520768649e-18,0.0000000000e+00,0.0000000000e+00,0.0000000000e+00,1.9714003913e-16,0.0000000000e+00,3.8962827843e-16,1.4418790758e-16,3.3342391774e-16,7.4826624442e-17,1.8681705045e-17,8.7556273085e-19,2.4617995069e-19,1.0798292502e-21,1.0032747752e-23,0.0000000000e+00,0.0000000000e+00,0.0000000000e+00,0.0000000000e+00,0.0000000000e+00,0.0000000000e+00,0.0000000000e+00,0.0000000000e+00,0.0000000000e+00,0.0000000000e+00,0.0000000000e+00,0.0000000000e+00,0.0000000000e+00,0.0000000000e+00,0.0000000000e+00,0.0000000000e+00,5.6442832378e-43,0.0000000000e+00,0.0000000000e+00,3.5840472636e-17,3.3118338156e-16,0.0000000000e+00,1.2439433217e-16,0.0000000000e+00,3.5136376998e-17,9.8517803344e-18,1.5308753646e-17,4.3593758669e-19,0.0000000000e+00,0.0000000000e+00,0.0000000000e+00,0.0000000000e+00,0.0000000000e+00,0.0000000000e+00,0.0000000000e+00,0.0000000000e+00,0.0000000000e+00,0.0000000000e+00,0.0000000000e+00
1.0233615451e+01,1,9.4411390757e-01,2.0187701626e+24,1.8784097855e+24,1.8784097855e+24,3.1032579913e+24,2.0109942884e+24,0.0000000000e+00,2.8488743071e-23,-5.8855798910e-19,2.0659317529e+04,0.0000000000e+00,5.8855798910e-19,2.2965207816e-18,0.0000000000e+00,0.0000000000e+00,0.0000000000e+00,2.1381687174e-16,0.0000000000e+00,4.0829765280e-16,1.4671698220e-16,3.6608748425e-16,8.5889108904e-17,2.2604791194e-17,1.2012698463e-18,3.5716158558e-19,1.7925816734e-21,1.6792457033e-23,0.0000000000e+00,0.0000000000e+00,0.0000000000e+00,0.0000000000e+00,0.0000000000e+00,0.0000000000e+00,0.0000000000e+00,0.0000000000e+00,0.0000000000e+00,0.0000000000e+00,0.0000000000e+00,0.0000000000e+00,0.0000000000e+00,0.0000000000e+00,0.0000000000e+00,0.0000000000e+00,5.5278550258e-43,0.0000000000e+00,0.0000000000e+00,3.5759708351e-17,3.2745208325e-16,0.0000000000e+00,1.2396181315e-16,0.0000000000e+00,3.5280588531e-17,9.9907152653e-18,1.5847442268e-17,4.7397001604e-19,0.0000000000e+00,0.0000000000e+00,0.0000000000e+00,0.0000000000e+00,0.0000000000e+00,0.0000000000e+00,0.0000000000e+00,0.0000000000e+00,0.0000000000e+00,0.0000000000e+00,0.0000000000e+00
1.0755789881e+01,1,9.5353500920e-01,1.9837248361e+24,1.8821968545e+24,1.8821968545e+24,3.0586415042e+24,2.0116541241e+24,0.0000000000e+00,2.7048147864e-23,-5.7711355123e-19,2.1336527519e+04,0.0000000000e+00,5.7711355123e-19,2.3397230422e-18,0.0000000000e+00,0.0000000000e+00,0.0000000000e+00,2.3206540792e-16,0.0000000000e+00,4.2789456715e-16,1.4900363224e-16,4.0071876090e-16,9.8153887570e-17,2.7185534569e-17,1.6319925346e-18,5.1050856699e-19,2.9072867500e-21,2.7434007477e-23,0.0000000000e+00,0.0000000000e+00,0.0000000000e+00,0.0000000000e+00,0.0000000000e+00,0.0000000000e+00,0.0000000000e+00,0.0000000000e+00,0.0000000000e+00,0.0000000000e+00,0.0000000000e+00,0.0000000000e+00,0.0000000000e+00,0.0000000000e+00,0.0000000000e+00,0.0000000000e+00,5.4203665631e-43,0.0000000000e+00,0.0000000000e+00,3.5667034340e-17,3.2388866188e-16,0.0000000000e+00,1.2349375860e-16,0.0000000000e+00,3.5391746979e-17,1.0114665874e-17,1.6375207602e-17,5.1362244563e-19,0.0000000000e+00,0.0000000000e+00,0.0000000000e+00,0.0000000000e+00,0.0000000000e+00,0.0000000000e+00,0.0000000000e+00,0.0000000000e+00,0.0000000000e+00,0.0000000000e+00,0.0000000000e+00
1.1304608476e+01,1,9.6246505520e-01,1.9505472650e+24,1.8855380308e+24,1.8855380308e+24,3.0158916968e+24,2.0119804726e+24,0.0000000000e+00,2.5693492529e-23,-5.6654595893e-19,2.2050173144e+04,0.0000000000e+00,5.6654595893e-19,2.3817908765e-18,0.0000000000e+00,0.0000000000e+00,0.0000000000e+00,2.5204111401e-16,0.0000000000e+00,4.4848529857e-16,1.5105841312e-16,4.3737307163e-16,1.1170457745e-16,3.2506558658e-17,2.1959787726e-18,7.1936422486e-19,4.6104153493e-21,4.3787286876e-23,0.0000000000e+00,0.0000000000e+00,0.0000000000e+00,0.0000000000e+00,0.0000000000e+00,0.0000000000e+00,0.0000000000e+00,0.0000000000e+00,0.0000000000e+00,0.0000000000e+00,0.0000000000e+00,0.0000000000e+00,0.0000000000e+00,0.0000000000e+00,0.0000000000e+00,0.0000000000e+00,5.3211136105e-43,0.0000000000e+00,0.0000000000e+00,3.5564300392e-17,3.2049216901e-16,0.0000000000e+00,1.2299810670e-16,0.0000000000e+00,3.5473192368e-17,1.0224472403e-17,1.6892472439e-17,5.5492792518e-19,0.0000000000e+00,0.0000000000e+00,0.0000000000e+00,0.0000000000e+00,0.0000000000e+00,0.0000000000e+00,0.0000000000e+00,0.0000000000e+00,0.0000000000e+00,0.0000000000e+00,0.0000000000e+00
1.1881430764e+01,1,9.7091857930e-01,1.9192454545e+24,1.8884534813e+24,1.8884534813e+24,2.9753344314e+24,2.0119895525e+24,0.0000000000e+00,2.4415868034e-23,-5.5676436534e-19,2.2803381987e+04,0.0000000000e+00,5.5676436534e-19,2.4227218567e-18,0.0000000000e+00,0.0000000000e+00,0.0000000000e+00,2.7385600045e-16,0.0000000000e+00,4.7008373809e-16,1.5288128472e-16,4.7601490769e-16,1.2664854485e-16,3.8611966813e-17,2.8862385908e-18,9.9275906371e-19,2.9389988763e-20,1.7661537868e-21,3.5342464975e-23,0.0000000000e+00,0.0000000000e+00,0.0000000000e+00,0.0000000000e+00,0.0000000000e+00,0.0000000000e+00,0.0000000000e+00,0.0000000000e+00,0.0000000000e+00,0.0000000000e+00,0.0000000000e+00,0.0000000000e+00,0.0000000000e+00,0.0000000000e+00,0.0000000000e+00,5.2292429158e-43,0.0000000000e+00,0.0000000000e+00,3.5453165453e-17,3.1726683359e-16,0.0000000000e+00,1.2248397065e-16,0.0000000000e+00,3.5527692085e-17,1.0320411644e-17,1.7398560317e-17,5.9786846045e-19,0.0000000000e+00,0.0000000000e+00,0.0000000000e+00,0.0000000000e+00,0.0000000000e+00,0.0000000000e+00,0.0000000000e+00,0.0000000000e+00,0.0000000000e+00,0.0000000000e+00,0.0000000000e+00
1.2487685647e+01,1,9.7895628770e-01,1.8895672594e+24,1.8909843255e+24,1.8909843255e+24,2.9361532409e+24,2.0117046638e+24,0.0000000000e+00,2.3213639721e-23,-5.4775651636e-19,2.3596321944e+04,0.0000000000e+00,5.4775651636e-19,2.4628126925e-18,0.0000000000e+00,0.0000000000e+00,0.0000000000e+00,2.9778005780e-16,0.0000000000e+00,4.9285831882e-16,1.5450345889e-16,5.1684838390e-16,1.4303553235e-16,4.5652709490e-17,3.8016687079e-18,1.3621596238e-18,4.8313761872e-20,3.1707020673e-21,7.1394935783e-23,0.0000000000e+00,0.0000000000e+00,0.0000000000e+00,0.0000000000e+00,0.0000000000e+00,0.0000000000e+00,0.0000000000e+00,0.0000000000e+00,0.0000000000e+00,0.0000000000e+00,0.0000000000e+00,0.0000000000e+00,0.0000000000e+00,0.0000000000e+00,0.0000000000e+00,5.1446393863e-43,0.0000000000e+00,0.0000000000e+00,3.5334878591e-17,3.1419757221e-16,0.0000000000e+00,1.2195218515e-16,0.0000000000e+00,3.5558227261e-17,1.0404263577e-17,1.7896370546e-17,6.4261912809e-19,0.0000000000e+00,0.0000000000e+00,0.0000000000e+00,0.0000000000e+00,0.0000000000e+00,0.0000000000e+00,0.0000000000e+00,0.0000000000e+00,0.0000000000e+00,0.0000000000e+00,0.0000000000e+00
1.3124874934e+01,1,9.8659875486e-01,1.8614341178e+24,1.8931499758e+24,1.8931499758e+24,2.8984966043e+24,2.0111379429e+24,0.0000000000e+00,2.2079661226e-23,-5.3943019048e-19,2.4431089995e+04,0.0000000000e+00,5.3943019048e-19,2.5021202989e-18,0.0000000000e+00,0.0000000000e+00,0.0000000000e+00,3.2398313961e-16,0.0000000000e+00,5.1685587244e-16,1.5592712069e-16,5.5987603457e-16,1.6097170776e-16,5.3703422661e-17,4.9622702542e-18,1.8466751980e-18,7.7871001328e-20,5.5722146003e-21,1.4114508491e-22,0.0000000000e+00,0.0000000000e+00,0.0000000000e+00,0.0000000000e+00,0.0000000000e+00,0.0000000000e+00,0.0000000000e+00,0.0000000000e+00,0.0000000000e+00,0.0000000000e+00,0.0000000000e+00,0.0000000000e+00,0.0000000000e+00,0.0000000000e+00,0.0000000000e+00,5.0664368587e-43,0.0000000000e+00,0.0000000000e+00,3.5210659693e-17,3.1128317109e-16,0.0000000000e+00,1.2140959247e-16,0.0000000000e+00,3.5567197969e-17,1.0476380394e-17,1.8385866191e-17,6.8922239038e-19,0.0000000000e+00,0.0000000000e+00,0.0000000000e+00,0.0000000000e+00,0.0000000000e+00,0.0000000000e+00,0.0000000000e+00,0.0000000000e+00,0.0000000000e+00,0.0000000000e+00,0.0000000000e+00
1.3794577066e+01,1,9.9387769322e-01,1.8347402699e+24,1.8949732502e+24,1.8949732502e+24,2.8622450032e+24,2.0103015648e+24,0.0000000000e+00,2.1009073911e-23,-5.3172844288e-19,2.5309466049e+04,0.0000000000e+00,5.3172844288e-19,2.5407797956e-18,0.0000000000e+00,0.0000000000e+00,0.0000000000e+00,3.5268812423e-16,0.0000000000e+00,5.4216909353e-16,1.5716351555e-16,6.0516601682e-16,1.8054674275e-16,6.2866145894e-17,6.4202542184e-18,2.4750556453e-18,1.2315414507e-19,9.5879033162e-21,2.7169068754e-22,0.0000000000e+00,0.0000000000e+00,0.0000000000e+00,0.0000000000e+00,0.0000000000e+00,0.0000000000e+00,0.0000000000e+00,0.0000000000e+00,0.0000000000e+00,0.0000000000e+00,0.0000000000e+00,0.0000000000e+00,0.0000000000e+00,0.0000000000e+00,0.0000000000e+00,4.9941004961e-43,0.0000000000e+00,0.0000000000e+00,3.5081457701e-17,3.0851696200e-16,0.0000000000e+00,1.2085975317e-16,0.0000000000e+00,3.5556757686e-17,1.0537515657e-17,1.8868108447e-17,7.3778827844e-19,0.0000000000e+00,0.0000000000e+00,0.0000000000e+00,0.0000000000e+00,0.0000000000e+00,0.0000000000e+00,0.0000000000e+00,0.0000000000e+00,0.0000000000e+00,0.0000000000e+00,0.0000000000e+00
1.4498451025e+01,1,1.0008245462e+00,1.8093836606e+24,1.8964749637e+24,1.8964749637e+24,2.8272823577e+24,2.0092054478e+24,0.0000000000e+00,1.9997439697e-23,-5.2459804264e-19,2.6233260387e+04,0.0000000000e+00,5.2459804264e-19,2.5789340121e-18,0.0000000000e+00,0.0000000000e+00,0.0000000000e+00,3.8413919641e-16,0.0000000000e+00,5.6889890018e-16,1.5822366828e-16,6.5279244081e-16,2.0185102899e-16,7.3247272291e-17,8.2355141742e-18,3.2813414127e-18,1.9126111640e-19,1.6159523454e-20,5.0847434740e-22,0.0000000000e+00,0.0000000000e+00,0.0000000000e+00,0.0000000000e+00,0.0000000000e+00,0.0000000000e+00,0.0000000000e+00,0.0000000000e+00,0.0000000000e+00,0.0000000000e+00,0.0000000000e+00,0.0000000000e+00,0.0000000000e+00,0.0000000000e+00,0.0000000000e+00,4.9271303426e-43,0.0000000000e+00,0.0000000000e+00,3.4948037456e-17,3.0589141014e-16,0.0000000000e+00,1.2030539505e-16,0.0000000000e+00,3.5528800098e-17,1.0588386900e-17,1.9344309610e-17,7.8845091694e-19,0.0000000000e+00,0.0000000000e+00,0.0000000000e+00,0.0000000000e+00,0.0000000000e+00,0.0000000000e+00,0.0000000000e+00,0.0000000000e+00,0.0000000000e+00,0.0000000000e+00,0.0000000000e+00
1.5238240441e+01,1,1.0074705061e+00,1.7852655621e+24,1.8976740021e+24,1.8976740021e+24,2.7934952892e+24,2.0078573956e+24,0.0000000000e+00,1.9040705895e-23,-5.1798918745e-19,2.7204305886e+04,0.0000000000e+00,5.1798918745e-19,2.6167336811e-18,0.0000000000e+00,0.0000000000e+00,0.0000000000e+00,4.1860370548e-16,0.0000000000e+00,5.9715486650e-16,1.5911828112e-16,7.0283637663e-16,2.2497553152e-16,8.4956946621e-17,1.0476024762e-17,4.3054290598e-18,2.9190348096e-19,2.6691744232e-20,9.2530554789e-22,0.0000000000e+00,0.0000000000e+00,0.0000000000e+00,0.0000000000e+00,0.0000000000e+00,0.0000000000e+00,0.0000000000e+00,0.0000000000e+00,0.0000000000e+00,0.0000000000e+00,0.0000000000e+00,0.0000000000e+00,0.0000000000e+00,0.0000000000e+00,0.0000000000e+00,4.8650586453e-43,0.0000000000e+00,0.0000000000e+00,3.4810995735e-17,3.0339828012e-16,0.0000000000e+00,1.1974850381e-16,0.0000000000e+00,3.5484976395e-17,1.0629672693e-17,1.9815830259e-17,8.4137037638e-19,0.0000000000e+00,0.0000000000e+00,0.0000000000e+00,0.0000000000e+00,0.0000000000e+00,0.0000000000e+00,0.0000000000e+00,0.0000000000e+00,0.0000000000e+00,0.0000000000e+00,0.0000000000e+00
1.6015777915e+01,1,1.0138465437e+00,1.7622901825e+24,1.8985874043e+24,1.8985874043e+24,2.7607723963e+24,2.0062632332e+24,0.0000000000e+00,1.8135172169e-23,-5.1185522722e-19,2.8224448186e+04,0.0000000000e+00,5.1185522722e-19,2.6543377005e-18,0.0000000000e+00,0.0000000000e+00,0.0000000000e+00,4.5637414285e-16,0.0000000000e+00,6.2705561027e-16,1.5985765691e-16,7.5538686618e-16,2.5001173589e-16,9.8108386649e-17,1.3218125114e-17,5.5936237426e-18,4.3813501467e-19,4.3233845892e-20,1.6384491460e-21,0.0000000000e+00,0.0000000000e+00,0.0000000000e+00,0.0000000000e+00,0.0000000000e+00,0.0000000000e+00,0.0000000000e+00,0.0000000000e+00,0.0000000000e+00,0.0000000000e+00,0.0000000000e+00,0.0000000000e+00,0.0000000000e+00,0.0000000000e+00,0.0000000000e+00,4.8074472569e-43,0.0000000000e+00,0.0000000000e+00,3.4670776751e-17,3.0102877508e-16,0.0000000000e+00,1.1919040634e-16,0.0000000000e+00,3.5426713194e-17,1.0662010918e-17,2.0284177400e-17,8.9673458736e-19,0.0000000000e+00,0.0000000000e+00,0.0000000000e+00,0.0000000000e+00,0.0000000000e+00,0.0000000000e+00,0.0000000000e+00,0.0000000000e+00,0.0000000000e+00,0.0000000000e+00,0.0000000000e+00
1.6832989559e+01,1,1.0199834445e+00,1.7403642559e+24,1.8992304509e+24,1.8992304509e+24,2.7290035091e+24,2.0044269357e+24,0.0000000000e+00,1.7277459831e-23,-5.0615240065e-19,2.9295533347e+04,0.0000000000e+00,5.0615240065e-19,2.6919134615e-18,0.0000000000e+00,0.0000000000e+00,0.0000000000e+00,4.9777023276e-16,0.0000000000e+00,6.5872913364e-16,1.6045164324e-16,8.1054190591e-16,2.7705169937e-16,1.1281714753e-16,1.6546667191e-17,7.1991637602e-18,6.4720535491e-19,6.8711779919e-20,2.8257406937e-21,0.0000000000e+00,0.0000000000e+00,0.0000000000e+00,0.0000000000e+00,0.0000000000e+00,0.0000000000e+00,0.0000000000e+00,0.0000000000e+00,0.0000000000e+00,0.0000000000e+00,0.0000000000e+00,0.0000000000e+00,0.0000000000e+00,0.0000000000e+00,0.0000000000e+00,4.7538851626e-43,0.0000000000e+00,0.0000000000e+00,3.4527687035e-17,2.9877365354e-16,0.0000000000e+00,1.1863184715e-16,0.0000000000e+00,3.5355230695e-17,1.0685998029e-17,2.0751003535e-17,9.5476134608e-19,0.0000000000e+00,0.0000000000e+00,0.0000000000e+00,0.0000000000e+00,0.0000000000e+00,0.0000000000e+00,0.0000000000e+00,0.0000000000e+00,0.0000000000e+00,0.0000000000e+00,0.0000000000e+00
1.7691899762e+01,1,1.0259118506e+00,1.7193966064e+24,1.8996167553e+24,1.8996167553e+24,2.6980788876e+24,2.0023507516e+24,0.0000000000e+00,1.6464483588e-23,-5.0083958710e-19,3.0419392412e+04,0.0000000000e+00,5.0083958710e-19,2.7296372383e-18,0.0000000000e+00,0.0000000000e+00,0.0000000000e+00,5.4314112144e-16,0.0000000000e+00,6.9231311694e-16,1.6090959427e-16,8.6840936812e-16,3.0618821046e-16,1.2920035257e-16,2.0555012230e-17,9.1827009305e-18,9.4153774262e-19,1.0721633002e-19,4.7516308066e-21,0.0000000000e+00,0.0000000000e+00,0.0000000000e+00,0.0000000000e+00,0.0000000000e+00,0.0000000000e+00,0.0000000000e+00,0.0000000000e+00,0.0000000000e+00,0.0000000000e+00,0.0000000000e+00,0.0000000000e+00,0.0000000000e+00,0.0000000000e+00,0.0000000000e+00,4.7039861491e-43,0.0000000000e+00,0.0000000000e+00,3.4381909647e-17,2.9662332783e-16,0.0000000000e+00,1.1807305844e-16,0.0000000000e+00,3.5271560732e-17,1.0702189094e-17,2.1218106655e-17,1.0157004339e-18,0.0000000000e+00,0.0000000000e+00,0.0000000000e+00,0.0000000000e+00,0.0000000000e+00,0.0000000000e+00,0.0000000000e+00,0.0000000000e+00,0.0000000000e+00,0.0000000000e+00,0.0000000000e+00
1.8594636211e+01,1,1.0316623064e+00,1.6992976740e+24,1.8997583563e+24,1.8997583563e+24,2.6678883349e+24,2.0000353215e+24,0.0000000000e+00,1.5693425748e-23,-4.9587807431e-19,3.1597822062e+04,0.0000000000e+00,4.9587807431e-19,2.7676946401e-18,0.0000000000e+00,0.0000000000e+00,0.0000000000e+00,5.9286763814e-16,0.0000000000e+00,7.2795516634e-16,1.6124034703e-16,9.2910783278e-16,3.3751505427e-16,1.4737591545e-16,2.5344862828e-17,1.1612719646e-17,1.3498226492e-18,1.6435077909e-19,7.7988758820e-21,0.0000000000e+00,0.0000000000e+00,0.0000000000e+00,0.0000000000e+00,0.0000000000e+00,0.0000000000e+00,0.0000000000e+00,0.0000000000e+00,0.0000000000e+00,0.0000000000e+00,0.0000000000e+00,0.0000000000e+00,0.0000000000e+00,0.0000000000e+00,0.0000000000e+00,4.6573866229e-43,0.0000000000e+00,0.0000000000e+00,3.4233517650e-17,2.9456794702e-16,0.0000000000e+00,1.1751382435e-16,0.0000000000e+00,3.5176564509e-17,1.0711098472e-17,2.1687431154e-17,1.0798358617e-18,0.0000000000e+00,0.0000000000e+00,0.0000000000e+00,0.0000000000e+00,0.0000000000e+00,0.0000000000e+00,0.0000000000e+00,0.0000000000e+00,0.0000000000e+00,0.0000000000e+00,0.0000000000e+00
1.9543435158e+01,1,1.0372368134e+00,1.6802334861e+24,1.8996857788e+24,1.8996857788e+24,2.6388677093e+24,1.9975424767e+24,0.0000000000e+00,1.4959832164e-23,-4.9124400009e-19,3.2837534186e+04,0.0000000000e+00,4.9124400009e-19,2.8060288993e-18,0.0000000000e+00,0.0000000000e+00,0.0000000000e+00,6.4722245614e-16,0.0000000000e+00,7.6565803617e-16,1.6145242688e-16,9.9244203694e-16,3.7102873458e-16,1.6741412262e-16,3.1046823239e-17,1.4564630007e-17,1.8825159101e-18,2.5241107520e-19,2.5898090763e-20,0.0000000000e+00,0.0000000000e+00,0.0000000000e+00,0.0000000000e+00,0.0000000000e+00,0.0000000000e+00,0.0000000000e+00,0.0000000000e+00,0.0000000000e+00,0.0000000000e+00,0.0000000000e+00,0.0000000000e+00,0.0000000000e+00,0.0000000000e+00,0.0000000000e+00,4.6138624656e-43,0.0000000000e+00,0.0000000000e+00,3.4082095741e-17,2.9259600053e-16,0.0000000000e+00,1.1695243342e-16,0.0000000000e+00,3.5070270020e-17,1.0712990512e-17,2.2159507607e-17,1.1473846021e-18,0.0000000000e+00,0.0000000000e+00,0.0000000000e+00,0.0000000000e+00,0.0000000000e+00,0.0000000000e+00,0.0000000000e+00,0.0000000000e+00,0.0000000000e+00,0.0000000000e+00,0.0000000000e+00
2.0540646960e+01,1,1.0427253204e+00,1.6616767941e+24,1.8993691805e+24,1.8993691805e+24,2.6099819752e+24,1.9947451520e+24,0.0000000000e+00,1.4264549707e-23,-4.8687641792e-19,3.4131916390e+04,0.0000000000e+00,4.8687641792e-19,2.8453535270e-18,0.0000000000e+00,0.0000000000e+00,0.0000000000e+00,7.0693336085e-16,0.0000000000e+00,8.0588948135e-16,1.6155306613e-16,1.0591684327e-15,4.0702652936e-16,1.8951746063e-16,3.7745961379e-17,1.8122283079e-17,2.6193872059e-18,3.7597902047e-19,4.2648524744e-20,0.0000000000e+00,0.0000000000e+00,0.0000000000e+00,0.0000000000e+00,0.0000000000e+00,0.0000000000e+00,0.0000000000e+00,0.0000000000e+00,0.0000000000e+00,0.0000000000e+00,0.0000000000e+00,0.0000000000e+00,0.0000000000e+00,0.0000000000e+00,0.0000000000e+00,4.5728412553e-43,0.0000000000e+00,0.0000000000e+00,3.3928275656e-17,2.9069998943e-16,0.0000000000e+00,1.1638994179e-16,0.0000000000e+00,3.4954565441e-17,1.0708718871e-17,2.2640176120e-17,1.2190378257e-18,0.0000000000e+00,0.0000000000e+00,0.0000000000e+00,0.0000000000e+00,0.0000000000e+00,0.0000000000e+00,0.0000000000e+00,0.0000000000e+00,0.0000000000e+00,0.0000000000e+00,0.0000000000e+00
2.1588741905e+01,1,1.0479294135e+00,1.6434765655e+24,1.8987836890e+24,1.8987836890e+24,2.5815636015e+24,1.9917384719e+24,0.0000000000e+00,1.3605619144e-23,-4.8273541359e-19,3.5480591399e+04,0.0000000000e+00,4.8273541359e-19,2.8849946663e-18,1.6415918453e-23,0.0000000000e+00,0.0000000000e+00,7.7206813095e-16,0.0000000000e+00,8.4787386946e-16,1.6147477608e-16,1.1273835074e-15,4.4494245856e-16,2.1372486028e-16,4.5773623379e-17,2.2513621071e-17,3.6521878104e-18,5.6573047264e-19,6.9971681764e-20,6.7628365489e-27,0.0000000000e+00,0.0000000000e+00,0.0000000000e+00,0.0000000000e+00,0.0000000000e+00,0.0000000000e+00,0.0000000000e+00,0.0000000000e+00,0.0000000000e+00,0.0000000000e+00,0.0000000000e+00,0.0000000000e+00,0.0000000000e+00,0.0000000000e+00,4.5335353886e-43,2.0925217086e-22,0.0000000000e+00,3.3768645825e-17,2.8888180028e-16,3.9749331869e-21,1.1582634194e-16,1.9965748722e-21,3.4824646276e-17,1.0693649939e-17,2.3120320257e-17,1.2957296952e-18,1.6874970474e-21,9.3618645804e-23,0.0000000000e+00,0.0000000000e+00,0.0000000000e+00,0.0000000000e+00,0.0000000000e+00,0.0000000000e+00,0.0000000000e+00,0.0000000000e+00,0.0000000000e+00
2.2690316324e+01,1,1.0533131407e+00,1.6261543142e+24,1.8980554245e+24,1.8980554245e+24,2.5535270380e+24,1.9885210796e+24,0.0000000000e+00,1.2978370168e-23,-4.7887532854e-19,3.6897955780e+04,0.0000000000e+00,4.7887532854e-19,2.9266735522e-18,3.2468940760e-23,0.0000000000e+00,0.0000000000e+00,8.4376441361e-16,0.0000000000e+00,8.9342659658e-16,1.6137848332e-16,1.2007796288e-15,4.8600460031e-16,2.4020221246e-16,5.4884289114e-17,2.7580224963e-17,4.9426949460e-18,8.1596010753e-19,1.1009054942e-19,1.3371238513e-26,0.0000000000e+00,0.0000000000e+00,0.0000000000e+00,0.0000000000e+00,0.0000000000e+00,0.0000000000e+00,0.0000000000e+00,0.0000000000e+00,0.0000000000e+00,0.0000000000e+00,0.0000000000e+00,0.0000000000e+00,0.0000000000e+00,0.0000000000e+00,4.4968780340e-43,4.1340294681e-22,0.0000000000e+00,3.3608141756e-17,2.8709834382e-16,7.8240844187e-21,1.1525317195e-16,3.9254152367e-21,3.4689814884e-17,1.0677817096e-17,2.3629933231e-17,1.3784643571e-18,3.3311939350e-21,1.8516772445e-22,0.0000000000e+00,0.0000000000e+00,0.0000000000e+00,0.0000000000e+00,0.0000000000e+00,0.0000000000e+00,0.0000000000e+00,0.0000000000e+00,0.0000000000e+00
2.3848099030e+01,1,1.0587015549e+00,1.6093199682e+24,1.8971376373e+24,1.8971376373e+24,2.5257447440e+24,1.9851141313e+24,0.0000000000e+00,1.2382622704e-23,-4.7523542535e-19,3.8379221972e+04,0.0000000000e+00,4.7523542535e-19,2.9699470796e-18,6.2931321838e-23,0.0000000000e+00,0.0000000000e+00,9.2229263158e-16,0.0000000000e+00,9.4192889546e-16,1.6119288576e-16,1.2777560676e-15,5.2976579385e-16,2.6904224869e-16,6.5401842228e-17,3.3557404266e-17,6.6114800497e-18,1.1607908829e-18,1.7005298347e-19,2.5913737893e-26,0.0000000000e+00,0.0000000000e+00,0.0000000000e+00,0.0000000000e+00,0.0000000000e+00,0.0000000000e+00,0.0000000000e+00,0.0000000000e+00,0.0000000000e+00,0.0000000000e+00,0.0000000000e+00,0.0000000000e+00,0.0000000000e+00,0.0000000000e+00,4.4619304255e-43,7.9918683107e-22,0.0000000000e+00,3.3443855064e-17,2.8535611256e-16,1.5051051084e-20,1.1467258445e-16,7.5396801606e-21,3.4545948190e-17,1.0656641376e-17,2.4160601744e-17,1.4681470834e-18,6.4325230306e-21,3.5889220248e-22,0.0000000000e+00,0.0000000000e+00,0.0000000000e+00,0.0000000000e+00,0.0000000000e+00,0.0000000000e+00,0.0000000000e+00,0.0000000000e+00,0.0000000000e+00
2.5064958074e+01,1,1.0641455878e+00,1.5928990763e+24,1.8960456529e+24,1.8960456529e+24,2.4980919472e+24,1.9815588342e+24,0.0000000000e+00,1.1817214698e-23,-4.7181350619e-19,3.9925948562e+04,0.0000000000e+00,4.7181350619e-19,3.0151883046e-18,1.1869281009e-22,0.0000000000e+00,0.0000000000e+00,1.0082798008e-15,0.0000000000e+00,9.9359020384e-16,1.6092486014e-16,1.3584932846e-15,5.7633724766e-16,3.0035184919e-16,7.7469257971e-17,4.0562760462e-17,8.7448491313e-18,1.6295473332e-18,2.5806477978e-19,4.8876084506e-26,0.0000000000e+00,0.0000000000e+00,0.0000000000e+00,0.0000000000e+00,0.0000000000e+00,0.0000000000e+00,0.0000000000e+00,0.0000000000e+00,0.0000000000e+00,0.0000000000e+00,0.0000000000e+00,0.0000000000e+00,0.0000000000e+00,0.0000000000e+00,4.4284033082e-43,1.5027919601e-21,0.0000000000e+00,3.3275242991e-17,2.8364317344e-16,2.8156602124e-20,1.1408206194e-16,1.4082178504e-20,3.4393218831e-17,1.0630374423e-17,2.4719885293e-17,1.5665032134e-18,1.2081146110e-20,6.7689542800e-22,0.0000000000e+00,0.0000000000e+00,0.0000000000e+00,0.0000000000e+00,0.0000000000e+00,0.0000000000e+00,0.0000000000e+00,0.0000000000e+00,0.0000000000e+00
2.6343907850e+01,1,1.0697076953e+00,1.5768154875e+24,1.8948002585e+24,1.8948002585e+24,2.4704203066e+24,1.9779236678e+24,0.0000000000e+00,1.1281426704e-23,-4.6862462036e-19,4.1539481900e+04,0.0000000000e+00,4.6862462036e-19,3.0628510469e-18,2.1736810049e-22,0.0000000000e+00,0.0000000000e+00,1.1024014106e-15,0.0000000000e+00,1.0486297793e-15,1.6058153142e-16,1.4431797503e-15,6.2583386727e-16,3.3423353009e-16,9.1233027079e-17,4.8721294231e-17,1.1442211686e-17,2.2584102602e-18,3.8501240441e-19,8.9514916360e-26,0.0000000000e+00,0.0000000000e+00,0.0000000000e+00,0.0000000000e+00,0.0000000000e+00,0.0000000000e+00,0.0000000000e+00,0.0000000000e+00,0.0000000000e+00,0.0000000000e+00,0.0000000000e+00,0.0000000000e+00,0.0000000000e+00,0.0000000000e+00,4.3960048180e-43,2.7438586570e-21,0.0000000000e+00,3.3101619460e-17,2.8194674334e-16,5.1155020497e-20,1.1347859234e-16,2.5544901969e-20,3.4231748282e-17,1.0599212726e-17,2.5318171934e-17,1.6759783776e-18,2.2032485183e-20,1.2396325718e-21,0.0000000000e+00,0.0000000000e+00,0.0000000000e+00,0.0000000000e+00,0.0000000000e+00,0.0000000000e+00,0.0000000000e+00,0.0000000000e+00,0.0000000000e+00
2.7688116564e+01,1,1.0750720293e+00,1.5612180933e+24,1.8930498785e+24,1.8930498785e+24,2.4441509299e+24,1.9742494329e+24,0.0000000000e+00,1.0790367468e-23,-4.6643724904e-19,4.3227188549e+04,0.0000000000e+00,4.6643724904e-19,3.1122189545e-18,2.9990002741e-20,2.5621213925e-21,0.0000000000e+00,1.2047938319e-15,0.0000000000e+00,1.1055824263e-15,1.6009779989e-16,1.5284822628e-15,6.7695877951e-16,3.7037327635e-16,1.0714783060e-16,5.8432840195e-17,1.5006323552e-17,3.1466356998e-18,5.7685129743e-19,8.4184922087e-22,1.9822731809e-21,8.1005447906e-21,2.8216263846e-21,6.1604546994e-22,5.3039043693e-22,2.8826529453e-22,5.0270609966e-22,1.2349458629e-22,0.0000000000e+00,0.0000000000e+00,0.0000000000e+00,0.0000000000e+00,0.0000000000e+00,0.0000000000e+00,4.3653054874e-43,7.8925574261e-21,0.0000000000e+00,3.2916561722e-17,2.8027450815e-16,1.3465403160e-19,1.1285133027e-16,6.0881979094e-20,3.4066918477e-17,1.0568280908e-17,2.5932259224e-17,1.7940628508e-18,6.2184961596e-20,7.1804450511e-20,2.5611552130e-20,0.0000000000e+00,0.0000000000e+00,0.0000000000e+00,0.0000000000e+00,0.0000000000e+00,0.0000000000e+00,0.0000000000e+00,0.0000000000e+00
2.9100914079e+01,1,1.0809973277e+00,1.5461643340e+24,1.8919502101e+24,1.8919502101e+24,2.4181428121e+24,1.9713342639e+24,0.0000000000e+00,1.0316890202e-23,-4.6420636416e-19,4.4994795435e+04,0.0000000000e+00,4.6420636416e-19,3.1652195813e-18,5.9507479290e-20,5.6822138906e-21,0.0000000000e+00,1.3175446155e-15,0.0000000000e+00,1.1674153625e-15,1.5956152161e-16,1.6202211143e-15,7.3215961986e-16,4.0953083295e-16,1.2490913932e-16,6.9451812707e-17,1.9319775239e-17,4.2813626341e-18,8.3936242869e-19,1.5147450585e-21,3.7284685356e-21,1.5373680594e-20,5.7679215518e-21,1.4937766435e-21,1.2514560696e-21,7.9446804058e-22,1.5416964339e-21,7.3587326629e-22,0.0000000000e+00,0.0000000000e+00,0.0000000000e+00,0.0000000000e+00,0.0000000000e+00,0.0000000000e+00,4.3334113607e-43,1.3439817978e-20,0.0000000000e+00,3.2731755460e-17,2.7853709611e-16,2.2955407293e-19,1.1223117481e-16,1.0383706127e-19,3.3904338036e-17,1.0535614432e-17,2.6634962004e-17,1.9336455850e-18,1.0589602127e-19,1.2273828507e-19,5.5907380187e-20,4.8107248927e-24,0.0000000000e+00,0.0000000000e+00,0.0000000000e+00,0.0000000000e+00,0.0000000000e+00,0.0000000000e+00,0.0000000000e+00
3.0585800168e+01,1,1.0874475840e+00,1.5309202216e+24,1.8904336847e+24,1.8904336847e+24,2.3908937359e+24,1.9684294881e+24,0.0000000000e+00,9.8847677848e-24,-4.6284851807e-19,4.6824419971e+04,0.0000000000e+00,4.6284851807e-19,3.2241082108e-18,1.0951515927e-19,1.0633976559e-20,0.0000000000e+00,1.4410300332e-15,0.0000000000e+00,1.2340239232e-15,1.5904022165e-16,1.7180522217e-15,7.9115544953e-16,4.5163163310e-16,1.4463093688e-16,8.1879389205e-17,2.4467999543e-17,5.7014060068e-18,1.1869844509e-18,2.6964070111e-21,6.8122303444e-21,2.8199593530e-20,1.0792669970e-20,2.8323893787e-21,2.3767009965e-21,1.5265368468e-21,2.9803501155e-21,1.4483202530e-21,0.0000000000e+00,0.0000000000e+00,0.0000000000e+00,0.0000000000e+00,0.0000000000e+00,0.0000000000e+00,4.3026257582e-43,2.2582377341e-20,0.0000000000e+00,3.2537480632e-17,2.7680597802e-16,3.8894498639e-19,1.1156361540e-16,1.7547392325e-19,3.3737462847e-17,1.0505651037e-17,2.7445320809e-17,2.0981823620e-18,1.7928738323e-19,2.1306682405e-19,1.0619621099e-19,9.7860228957e-24,0.0000000000e+00,0.0000000000e+00,0.0000000000e+00,0.0000000000e+00,0.0000000000e+00,0.0000000000e+00,0.0000000000e+00
3.2146453179e+01,1,1.0944735414e+00,1.5158251678e+24,1.8889535492e+24,1.8889535492e+24,2.3635056366e+24,1.9663641974e+24,0.0000000000e+00,9.4930407062e-24,-4.6258071116e-19,4.8728402783e+04,0.0000000000e+00,4.6258071116e-19,3.2886746056e-18,1.9650170883e-19,1.9391936311e-20,0.0000000000e+00,1.5760727464e-15,0.0000000000e+00,1.3049453736e-15,1.5847925261e-16,1.8206049237e-15,8.5355609107e-16,4.9664835759e-16,1.6663007283e-16,9.6007697960e-17,3.0708277379e-17,7.5096664223e-18,1.6546267100e-18,4.6798811135e-21,1.2126578054e-20,5.0385061137e-20,1.9661426874e-20,5.2301518237e-21,4.3942762145e-21,2.8550898824e-21,5.6075663040e-21,2.7743563659e-21,0.0000000000e+00,0.0000000000e+00,0.0000000000e+00,0.0000000000e+00,0.0000000000e+00,0.0000000000e+00,4.2717037082e-43,3.6984779164e-20,0.0000000000e+00,3.2333803898e-17,2.7502875092e-16,6.4300988786e-19,1.1086561892e-16,2.8940516115e-19,3.3575994016e-17,1.0480496347e-17,2.8382758750e-17,2.2947329673e-18,2.9602677279e-19,3.6044370606e-19,1.9618597989e-19,1.9444088614e-23,0.0000000000e+00,0.0000000000e+00,0.0000000000e+00,0.0000000000e+00,0.0000000000e+00,0.0000000000e+00,0.0000000000e+00
3.3786739150e+01,1,1.1021354195e+00,1.5008577553e+24,1.8873891750e+24,1.8873891750e+24,2.3361441279e+24,1.9655874287e+24,5.5019004053e-29,9.1526137804e-24,-4.6411792120e-19,5.0709089480e+04,2.7899635996e-24,4.6412071117e-19,3.3603170566e-18,3.4323512209e-19,3.5483829891e-20,0.0000000000e+00,1.7234710950e-15,0.0000000000e+00,1.3794833285e-15,1.5781794003e-16,1.9261697842e-15,9.1858938696e-16,5.4426735969e-16,1.9122248815e-16,1.1217938337e-16,3.8405230685e-17,9.8637579515e-18,2.2977706664e-18,8.0233075705e-21,2.1287192435e-20,8.8516307631e-20,3.5568013216e-20,9.6559790304e-21,8.1984989970e-21,5.4550109594e-21,1.0861409446e-20,5.6294122225e-21,6.5503172559e-22,1.4680391517e-22,1.0014866958e-24,0.0000000000e+00,0.0000000000e+00,0.0000000000e+00,4.2407486643e-43,6.0012513516e-20,0.0000000000e+00,3.2110883599e-17,2.7321795562e-16,1.0507100789e-18,1.1009737684e-16,4.7198924054e-19,3.3414902067e-17,1.0460656242e-17,2.9495999475e-17,2.5373929696e-18,4.8341338357e-19,6.0076525397e-19,3.5007354073e-19,6.8979015930e-23,1.3285540951e-23,0.0000000000e+00,0.0000000000e+00,0.0000000000e+00,0.0000000000e+00,0.0000000000e+00,0.0000000000e+00
3.5510721387e+01,1,1.1110462081e+00,1.4859378296e+24,1.8863502907e+24,1.8863502907e+24,2.3084287219e+24,1.9669953187e+24,1.0951773924e-28,8.8637430240e-24,-4.6770490522e-19,5.2766724266e+04,5.7788923489e-24,4.6771068411e-19,3.4411490775e-18,5.8475543008e-19,6.1710958212e-20,0.0000000000e+00,1.8848657879e-15,0.0000000000e+00,1.4597067933e-15,1.5722927169e-16,2.0386456538e-15,9.8809225603e-16,5.9523483466e-16,2.1815307669e-16,1.3012998885e-16,4.7336541600e-17,1.2708094142e-17,3.1121331103e-18,1.3263275598e-20,3.6035553457e-20,1.5026151089e-19,6.1608842166e-20,1.6971134513e-20,1.4440729807e-20,9.7278834048e-21,1.9493627308e-20,1.0301688220e-20,1.3372590892e-21,3.0381039009e-22,2.0710931535e-24,0.0000000000e+00,0.0000000000e+00,0.0000000000e+00,4.2082164636e-43,9.3601652129e-20,0.0000000000e+00,3.1882490841e-17,2.7127250024e-16,1.6560296320e-18,1.0931735742e-16,7.4251523033e-19,3.3291726359e-17,1.0461988313e-17,3.0840605187e-17,2.8347377035e-18,7.6047227279e-19,9.6638253195e-19,6.1112354427e-19,1.3413145610e-22,2.7518534995e-23,0.0000000000e+00,0.0000000000e+00,0.0000000000e+00,0.0000000000e+00,0.0000000000e+00,0.0000000000e+00
3.7322670525e+01,1,1.1213652590e+00,1.4710545810e+24,1.8857730067e+24,1.8857730067e+24,2.2804415689e+24,1.9713588308e+24,2.1322084888e-28,8.6410575446e-24,-4.7441419878e-19,5.4903685451e+04,1.1706610419e-23,4.7442590539e-19,3.5332269917e-18,9.7347579010e-19,1.0486521703e-19,0.0000000000e+00,2.0611799161e-15,0.0000000000e+00,1.5448406778e-15,1.5665583141e-16,2.1561899351e-15,1.0612397975e-15,6.4920794942e-16,2.4771304894e-16,1.5018625256e-16,5.7862110514e-17,1.6207766667e-17,4.1604039829e-18,2.1449251721e-20,5.9621307599e-20,2.4923162504e-19,1.0420962115e-19,2.9117950754e-20,2.4829509607e-20,1.6925623908e-20,3.4124774260e-20,1.8368590136e-20,2.6568470021e-21,6.1237293513e-22,4.1954465387e-24,0.0000000000e+00,0.0000000000e+00,0.0000000000e+00,4.1742440672e-43,1.4280311388e-19,0.0000000000e+00,3.1637781883e-17,2.6920732491e-16,2.5549399581e-18,1.0848135753e-16,1.1436724074e-18,3.3207754782e-17,1.0489163734e-17,3.2489490023e-17,3.2067683209e-18,1.1706444952e-18,1.5201019107e-18,1.0402193940e-18,2.5361791814e-22,5.5745763898e-23,0.0000000000e+00,0.0000000000e+00,0.0000000000e+00,0.0000000000e+00,0.0000000000e+00,0.0000000000e+00
3.9227075111e+01,1,1.1333688578e+00,1.4561463562e+24,1.8859398804e+24,1.8859398804e+24,2.2526817063e+24,1.9801291832e+24,1.8186674670e-27,8.5042833187e-24,-4.8566386290e-19,5.7120362486e+04,1.0388294496e-22,4.8576774585e-19,3.6387270446e-18,1.5914686322e-18,1.7473035279e-19,0.0000000000e+00,2.2504397658e-15,0.0000000000e+00,1.6321001584e-15,1.5614178162e-16,2.2738578451e-15,1.1354726546e-15,7.0471842566e-16,2.7970059579e-16,1.7238010527e-16,7.0263641151e-17,2.0540403065e-17,5.5221203234e-18,3.4176959991e-20,9.6997703478e-20,4.0594925811e-19,1.7318214040e-19,4.8906078147e-20,4.1924348026e-20,2.8896155261e-20,5.8606736456e-20,3.1921298515e-20,8.9064082088e-21,8.4767299417e-22,9.6414042935e-23,2.8803340648e-22,0.0000000000e+00,0.0000000000e+00,4.1381277385e-43,2.1512308260e-19,0.0000000000e+00,3.1372747869e-17,2.6696751114e-16,3.8921496650e-18,1.0758195987e-16,1.7395310986e-18,3.3189171339e-17,1.0555680519e-17,3.4535444132e-17,3.6787188334e-18,1.7792151139e-18,2.3583076443e-18,1.7332176852e-18,4.7847770008e-22,4.9468069027e-22,0.0000000000e+00,0.0000000000e+00,0.0000000000e+00,0.0000000000e+00,0.0000000000e+00,0.0000000000e+00
4.1228652724e+01,1,1.1479276605e+00,1.4412406471e+24,1.8870572475e+24,1.8870572475e+24,2.2241434113e+24,1.9941110902e+24,3.5182407705e-27,8.4575703366e-24,-5.0234324282e-19,5.9420410132e+04,2.0905530953e-22,5.0255229813e-19,3.7625778735e-18,2.5315356136e-18,2.8367618121e-19,0.0000000000e+00,2.4607085387e-15,0.0000000000e+00,1.7274306796e-15,1.5569051772e-16,2.4016293443e-15,1.2159479106e-15,7.6454720903e-16,3.1467798352e-16,1.9694306279e-16,8.4478818559e-17,2.5669087355e-17,7.1914140136e-18,5.2972452719e-20,1.5349702290e-19,6.4346775503e-19,2.7975971143e-19,8.0014806282e-20,6.8796214393e-20,4.7934994908e-20,9.7765771908e-20,5.4073734545e-20,1.7358355893e-20,1.5899118199e-21,1.9512952470e-22,5.9815536531e-22,0.0000000000e+00,0.0000000000e+00,4.0994797135e-43,3.1464431256e-19,0.0000000000e+00,3.1084469901e-17,2.6455713806e-16,5.7631106205e-18,1.0659440465e-16,2.5724324330e-18,3.3253383978e-17,1.0677430032e-17,3.7099265008e-17,4.2735418497e-18,2.6271933512e-18,3.5536041001e-18,2.8079067768e-18,8.5943761388e-22,9.9550147395e-22,0.0000000000e+00,0.0000000000e+00,0.0000000000e+00,0.0000000000e+00,0.0000000000e+00,0.0000000000e+00
4.3332361656e+01,1,1.1654776904e+00,1.4263069973e+24,1.8895208485e+24,1.8895208485e+24,2.1953366763e+24,2.0151392410e+24,6.6354881699e-27,8.5238312605e-24,-5.2640741945e-19,6.1805250639e+04,4.1010800945e-22,5.2681752746e-19,3.9079317540e-18,3.9449460127e-18,4.5119568807e-19,0.0000000000e+00,2.6901795986e-15,0.0000000000e+00,1.8277854351e-15,1.5535983180e-16,2.5341113723e-15,1.2998963049e-15,8.2711412797e-16,3.5239587216e-16,2.2387668649e-16,1.0077219961e-16,3.1771456637e-17,9.2521646083e-18,8.0549003235e-20,2.3808703275e-19,9.9939154415e-19,4.4263979235e-19,1.2814596897e-19,1.1052889262e-19,7.7814784968e-20,1.5955304858e-19,8.9506426288e-20,3.2983790852e-20,2.8905559918e-21,3.8495214173e-22,1.2192556541e-21,0.0000000000e+00,0.0000000000e+00,4.0575718473e-43,4.5144057413e-19,0.0000000000e+00,3.0768647577e-17,2.6191779499e-16,8.3755513750e-18,1.0551111575e-16,3.7344191698e-18,3.3440974861e-17,1.0876095844e-17,4.0308601729e-17,5.0249378994e-18,3.8065742625e-18,5.2514588943e-18,4.4492461469e-18,1.5052163050e-21,1.9528952831e-21,0.0000000000e+00,0.0000000000e+00,0.0000000000e+00,0.0000000000e+00,0.0000000000e+00,0.0000000000e+00
4.5543413200e+01,1,1.1867523231e+00,1.4113333530e+24,1.8937558907e+24,1.8937558907e+24,2.1662944573e+24,2.0449567971e+24,1.2169335601e-26,8.7224679826e-24,-5.5987132662e-19,6.4276938061e+04,7.8220763069e-22,5.6065353425e-19,4.0794870222e-18,6.0266628284e-18,7.0357306304e-19,0.0000000000e+00,2.9405291299e-15,0.0000000000e+00,1.9329890376e-15,1.5519980014e-16,2.6709043683e-15,1.3870872169e-15,8.9219294222e-16,3.9279445297e-16,2.5320242166e-16,1.1926933850e-16,3.8950955044e-17,1.1761730537e-17,1.2024967938e-19,3.6224172726e-19,1.5220534119e-18,6.8650693761e-19,2.0104873567e-19,1.7399716301e-19,1.2371291401e-19,2.5494897985e-19,1.4489494373e-19,6.1038499397e-20,5.1006892029e-21,7.3813234464e-22,2.4187353759e-21,0.0000000000e+00,0.0000000000e+00,4.0116818553e-43,6.3583092908e-19,0.0000000000e+00,3.0420556589e-17,2.5900530984e-16,1.1955149385e-17,1.0431554291e-16,5.3255101702e-18,3.3796760315e-17,1.1178702020e-17,4.4320523652e-17,5.9704668510e-18,5.4157809203e-18,7.6165599464e-18,6.9014801238e-18,2.5724692237e-21,3.7247982414e-21,0.0000000000e+00,0.0000000000e+00,0.0000000000e+00,0.0000000000e+00,0.0000000000e+00,0.0000000000e+00
4.7867284557e+01,1,1.2125891895e+00,1.3963133474e+24,1.9002561134e+24,1.9002561134e+24,2.1370740416e+24,2.0853672932e+24,2.1690291113e-26,9.0738059618e-24,-6.0502284799e-19,6.6837728328e+04,1.4497297848e-21,6.0647257778e-19,4.2825911744e-18,9.0318665340e-18,1.0763324558e-18,0.0000000000e+00,3.2135828389e-15,0.0000000000e+00,2.0427134273e-15,1.5526863439e-16,2.8114177876e-15,1.4771704774e-15,9.5946758815e-16,4.3574734799e-16,2.8489168933e-16,1.4006110459e-16,4.7300975903e-17,1.4776225544e-17,1.7636525371e-19,5.4099098539e-19,2.2746399608e-18,1.0444494729e-18,3.0922185587e-19,2.6858439196e-19,1.9276801546e-19,3.9917205456e-19,2.2957860849e-19,1.1000177376e-19,8.7471959223e-21,1.3747380780e-21,4.6559465153e-21,0.0000000000e+00,0.0000000000e+00,3.9610480735e-43,8.7968849486e-19,0.0000000000e+00,3.0035120747e-17,2.5577281998e-16,1.6770732427e-17,1.0298998904e-16,7.4649086019e-18,3.4375730432e-17,1.1618320176e-17,4.9313026640e-17,7.1526020028e-18,7.5709715258e-18,1.0849336395e-17,1.0488155207e-17,4.2936242535e-21,6.9034751657e-21,0.0000000000e+00,0.0000000000e+00,0.0000000000e+00,0.0000000000e+00,0.0000000000e+00,0.0000000000e+00
5.0309732403e+01,1,1.2443761699e+00,1.3811509902e+24,1.9100275100e+24,1.9100275100e+24,2.1078341088e+24,2.1399717811e+24,4.2420289932e-26,9.6260602391e-24,-6.6592244893e-19,6.9485336726e+04,2.9475881300e-21,6.6887003706e-19,4.5278783102e-18,1.3385287058e-17,1.6277213163e-18,0.0000000000e+00,3.5144150515e-15,0.0000000000e+00,2.1561711955e-15,1.5555636738e-16,2.9530358698e-15,1.5691181987e-15,1.0282818901e-15,4.8160397338e-16,3.1947889585e-16,1.6393350803e-16,5.7250616554e-17,1.8478103407e-17,2.5620233264e-19,7.9946726798e-19,3.3617892985e-18,1.5715086359e-18,4.6978982122e-19,4.0960216566e-19,2.9647788262e-19,6.1730596340e-19,3.5797398985e-19,1.9112463143e-19,1.4637231750e-20,2.7051013912e-21,1.2170195775e-20,1.0753777979e-22,0.0000000000e+00,3.9042734857e-43,1.2056043247e-18,0.0000000000e+00,2.9595653687e-17,2.5214986903e-16,2.3314224789e-17,1.0148898014e-16,1.0370818967e-17,3.5262414643e-17,1.2246345442e-17,5.5621487840e-17,8.6559170964e-18,1.0486582905e-17,1.5306652217e-17,1.5741769447e-17,7.0674090501e-21,1.3631587066e-20,0.0000000000e+00,0.0000000000e+00,0.0000000000e+00,0.0000000000e+00,0.0000000000e+00,0.0000000000e+00
5.2876807154e+01,1,1.2823184390e+00,1.3660716810e+24,1.9228434265e+24,1.9228434265e+24,2.0788114795e+24,2.2066546172e+24,7.2804892379e-26,1.0345456625e-23,-7.4202967969e-19,7.2233508834e+04,5.2589528368e-21,7.4728863253e-19,4.8131059063e-18,1.9317898345e-17,2.3981771011e-18,0.0000000000e+00,3.8392171309e-15,0.0000000000e+00,2.2731814019e-15,1.5630164999e-16,3.0982899604e-15,1.6633343424e-15,1.0985377250e-15,5.2893020233e-16,3.5554189548e-16,1.8940684790e-16,6.8164677432e-17,2.2658892138e-17,3.6294364546e-19,1.1512938490e-18,4.8408400915e-18,2.3029085956e-18,6.9492876533e-19,6.0840790357e-19,4.4408211401e-19,9.2897509648e-19,5.4358428972e-19,3.2680033969e-19,2.3736568136e-20,4.8185761068e-21,2.2731208934e-20,2.2075596565e-22,0.0000000000e+00,3.8417089826e-43,1.6107468024e-18,0.0000000000e+00,2.9119166851e-17,2.4812345026e-16,3.1609661691e-17,9.9845783983e-17,1.4054004270e-17,3.6502474970e-17,1.3088824512e-17,6.3198722264e-17,1.0459436402e-17,1.4163438827e-17,2.1048788387e-17,2.2986187952e-17,1.1276727489e-20,2.4212169638e-20,0.0000000000e+00,0.0000000000e+00,0.0000000000e+00,0.0000000000e+00,0.0000000000e+00,0.0000000000e+00
5.5574867948e+01,1,1.3278130703e+00,1.3509730407e+24,1.9397429120e+24,1.9397429120e+24,2.0500531454e+24,2.2880521652e+24,1.2198844184e-25,1.1272612076e-23,-8.3719047652e-19,7.5080148339e+04,9.1589103089e-21,8.4634938683e-19,5.1489426451e-18,2.7399317149e-17,3.4726698118e-18,0.0000000000e+00,4.1932872352e-15,0.0000000000e+00,2.3925472921e-15,1.5749256268e-16,3.2440998262e-15,1.7585015939e-15,1.1693947546e-15,5.7792461571e-16,3.9347389311e-16,2.1711625589e-16,8.0395446788e-17,2.7470098586e-17,5.0602867243e-19,1.6304504854e-18,6.8525348931e-18,3.3170997585e-18,1.0096949492e-18,8.8789104997e-19,6.5323924130e-19,1.3727733900e-18,8.0958063234e-19,5.4538890914e-19,3.7531371839e-20,8.3674451351e-21,4.1320800374e-20,4.4350215035e-22,0.0000000000e+00,3.7721454751e-43,2.1177338137e-18,0.0000000000e+00,2.8590007696e-17,2.4363789221e-16,4.2189385769e-17,9.8019642820e-17,1.8751134311e-17,3.8194511492e-17,1.4205227077e-17,7.2374019320e-17,1.2646143234e-17,1.8828669314e-17,2.8479944874e-17,3.2954516851e-17,1.7621240083e-20,4.1945445763e-20,0.0000000000e+00,0.0000000000e+00,0.0000000000e+00,0.0000000000e+00,0.0000000000e+00,0.0000000000e+00
5.8410598402e+01,1,1.3819109720e+00,1.3358745351e+24,1.9613838611e+24,1.9613838611e+24,2.0217214213e+24,2.3844843317e+24,1.9962407000e-25,1.2418981173e-23,-9.5346703793e-19,7.8029230987e+04,1.5576512669e-20,9.6904355060e-19,5.5421266446e-18,3.8209175637e-17,4.9445442564e-18,0.0000000000e+00,4.5792554798e-15,0.0000000000e+00,2.5131054836e-15,1.5920916611e-16,3.3889151340e-15,1.8536499807e-15,1.2400938262e-15,6.2810548991e-16,4.3295118996e-16,2.4690018208e-16,9.3923948023e-17,3.2926624262e-17,6.9467187318e-19,2.2717781431e-18,9.5402537181e-18,4.6987444712e-18,1.4416836908e-18,1.2737241542e-18,9.4415651805e-19,1.9930673193e-18,1.1832467701e-18,8.8897447748e-19,5.7916211677e-20,1.4173657870e-20,7.3118141772e-20,8.6565885595e-22,0.0000000000e+00,3.6949721043e-43,2.7411191184e-18,0.0000000000e+00,2.8003978407e-17,2.3865549006e-16,5.5455867878e-17,9.5996177021e-17,2.4641532266e-17,4.0432260359e-17,1.5651399063e-17,8.3354642760e-17,1.5264947342e-17,2.4647322879e-17,3.7932577442e-17,4.6412849286e-17,2.6984923558e-20,7.0917343679e-20,0.0000000000e+00,0.0000000000e+00,0.0000000000e+00,0.0000000000e+00,0.0000000000e+00,0.0000000000e+00
6.1391023167e+01,1,1.4462628824e+00,1.3199832707e+24,1.9882186711e+24,1.9882186711e+24,1.9938087857e+24,2.4966411446e+24,3.4498591688e-25,1.3824330785e-23,-1.0923003767e-18,8.1035123550e+04,2.7955976398e-20,1.1202563531e-18,6.0041252551e-18,5.2580472972e-17,6.9467012194e-18,0.0000000000e+00,4.9997723348e-15,0.0000000000e+00,2.6323816798e-15,1.6152427149e-16,3.5297110872e-15,1.9465527040e-15,1.3086490864e-15,6.7835807683e-16,4.7336178505e-16,2.7866541608e-16,1.0885779962e-16,3.9130869611e-17,9.4230021942e-19,3.1254316297e-18,1.3109842824e-17,6.5686110294e-18,2.0301932602e-18,1.8018326110e-18,1.3449670171e-18,2.8532170480e-18,1.7028078032e-18,1.4130652553e-18,8.7612351494e-20,2.3644372691e-20,1.3172008394e-19,3.8515261838e-21,3.0176679443e-25,3.6075686128e-43,3.5054942000e-18,0.0000000000e+00,2.7341419055e-17,2.3300031029e-16,7.2044482430e-17,9.3704188092e-17,3.2008651280e-17,4.3345650775e-17,1.7510838562e-17,9.6495257307e-17,1.8401384106e-17,3.1883883358e-17,4.9911665518e-17,6.4455066406e-17,4.0680657950e-20,1.1863348722e-19,0.0000000000e+00,0.0000000000e+00,0.0000000000e+00,0.0000000000e+00,0.0000000000e+00,0.0000000000e+00
6.4523525328e+01,1,1.5205346482e+00,1.3050158872e+24,2.0212495779e+24,2.0212495779e+24,1.9670261089e+24,2.6210219048e+24,5.4786166578e-25,1.5418733844e-23,-1.2521902765e-18,8.4204225653e+04,4.6132267332e-20,1.2983225439e-18,6.5312994282e-18,7.0943551643e-17,9.5705631066e-18,0.0000000000e+00,5.4588433752e-15,0.0000000000e+00,2.7510816339e-15,1.6452997376e-16,3.6671737445e-15,2.0382679578e-15,1.3764298186e-15,7.2911164688e-16,5.1461936274e-16,3.1175589584e-16,1.2473406803e-16,4.5839885704e-17,1.2549798476e-18,4.2187890861e-18,1.7668383115e-17,9.0067400765e-18,2.8020357767e-18,2.4995039688e-18,1.8781517949e-18,4.0028723262e-18,2.3990620447e-18,2.1978540823e-18,1.2907112480e-19,3.8251618838e-20,2.2299586339e-19,7.3827019468e-21,5.9429810979e-25,3.5139680907e-43,4.4008844920e-18,0.0000000000e+00,2.6633534263e-17,2.2695197899e-16,9.1905516516e-17,9.1259212066e-17,4.0831598618e-17,4.6975646347e-17,1.9794853633e-17,1.1163783889e-16,2.2013636451e-17,4.0495854491e-17,6.4464844167e-17,8.7700504535e-17,5.9941623851e-20,1.9190220618e-19,0.0000000000e+00,0.0000000000e+00,0.0000000000e+00,0.0000000000e+00,0.0000000000e+00,0.0000000000e+00
6.7815864699e+01,1,1.6060431212e+00,1.2901402172e+24,2.0607365927e+24,2.0607365927e+24,1.9411314420e+24,2.7567399660e+24,8.5364756564e-25,1.7223873284e-23,-1.4322633697e-18,8.7491974412e+04,7.4687310970e-20,1.5069506806e-18,7.1331610095e-18,9.4239577767e-17,1.2982220081e-17,0.0000000000e+00,5.9594516199e-15,0.0000000000e+00,2.8662920824e-15,1.6827875692e-16,3.7978205413e-15,2.1262581628e-15,1.4412545768e-15,7.7910163781e-16,5.5596716230e-16,3.4592901432e-16,1.4156494535e-16,5.3105943954e-17,1.6477213645e-18,5.6101267380e-18,2.3449394831e-17,1.2162508282e-17,3.8059533368e-18,3.4130247974e-18,2.5805921412e-18,5.5261028642e-18,3.3221134131e-18,3.3451602099e-18,1.8607383191e-19,6.0534962810e-20,3.6878736092e-19,1.3776881705e-20,1.1670654272e-24,3.4120187822e-43,5.4460407473e-18,0.0000000000e+00,2.5863945037e-17,2.2036325576e-16,1.1559585636e-16,8.8600855807e-17,5.1360009192e-17,5.1443646440e-17,2.2581572350e-17,1.2904918873e-16,2.6166234086e-17,5.0706531828e-17,8.2064090809e-17,1.1740980532e-16,8.6740006961e-20,3.0382215448e-19,0.0000000000e+00,0.0000000000e+00,0.0000000000e+00,0.0000000000e+00,0.0000000000e+00,0.0000000000e+00
7.1276197038e+01,1,1.7033101278e+00,1.2753863087e+24,2.1070459262e+24,2.1070459262e+24,1.9161797232e+24,2.9012971008e+24,1.3055204355e-24,1.9219456245e-23,-1.6284607069e-18,9.0904685839e+04,1.1867792504e-19,1.7471386319e-18,7.8134373600e-18,1.2330056132e-16,1.7345572632e-17,0.0000000000e+00,6.5055010729e-15,0.0000000000e+00,2.9762133260e-15,1.7282150898e-16,3.9195502336e-15,2.2091594201e-15,1.5021188265e-15,8.2756744583e-16,5.9679521908e-16,3.8070101653e-16,1.5913878602e-16,6.0850327588e-17,2.1334838268e-18,7.3525318397e-18,3.0659827722e-17,1.6181827078e-17,5.0897649053e-18,4.5893645165e-18,3.4903020914e-18,7.5107412398e-18,4.5236702643e-18,4.9853477379e-18,2.6271284301e-19,9.3779424229e-20,5.9615673755e-19,2.4992629088e-20,2.2471857801e-24,3.3019599228e-43,6.6455934269e-18,0.0000000000e+00,2.5034551900e-17,2.1325069442e-16,1.4340088308e-16,8.5735980506e-17,6.3723355235e-17,5.6834554768e-17,2.5920634493e-17,1.4878978473e-16,3.0872760455e-17,6.2615889236e-17,1.0300442818e-16,1.5472816342e-16,1.2334671292e-19,4.7110463232e-19,0.0000000000e+00,0.0000000000e+00,0.0000000000e+00,0.0000000000e+00,0.0000000000e+00,0.0000000000e+00
7.4913094254e+01,1,1.8133236744e+00,1.2628080927e+24,2.1618348941e+24,2.1618348941e+24,1.8946011184e+24,3.0550088990e+24,1.9957592037e-24,2.1378865725e-23,-1.8336585789e-18,9.4600861675e+04,1.8880054037e-19,2.0224591192e-18,8.5748551245e-18,1.5928953415e-16,2.2882994244e-17,0.0000000000e+00,7.0979461828e-15,0.0000000000e+00,3.0739393119e-15,1.7817994515e-16,4.0213808977e-15,2.2809328984e-15,1.5553156672e-15,8.7314941528e-16,6.3624306580e-16,4.1570738056e-16,1.7742506134e-16,6.9106424053e-17,2.7308710094e-18,9.5200057262e-18,3.9589626569e-17,2.1262789489e-17,6.7181016659e-18,6.0918257704e-18,4.6583603979e-18,1.0074482116e-17,6.0726925386e-18,7.2924698910e-18,3.6439081117e-19,1.4247403228e-19,9.4804818335e-19,4.7510240977e-20,2.5654522013e-22,3.1845445363e-43,8.0161737022e-18,0.0000000000e+00,2.4142959312e-17,2.0561982235e-16,1.7588296343e-16,8.2660774632e-17,7.8174930779e-17,6.3290268603e-17,2.9891020323e-17,1.7107673688e-16,3.6189195004e-17,7.6441867726e-17,1.2778975337e-16,2.0123288948e-16,1.7286363945e-19,7.1935609178e-19,0.0000000000e+00,0.0000000000e+00,0.0000000000e+00,0.0000000000e+00,0.0000000000e+00,0.0000000000e+00
7.8735565645e+01,1,1.9345349977e+00,1.2482628799e+24,2.2221867365e+24,2.2221867365e+24,1.8714351784e+24,3.2084823412e+24,2.9587856533e-24,2.3652762437e-23,-2.0338595792e-18,9.8282683919e+04,2.9079739515e-19,2.3246569744e-18,9.4163836132e-18,2.0235335004e-16,2.9686090204e-17,0.0000000000e+00,7.7481468882e-15,0.0000000000e+00,3.1681294293e-15,1.8439681107e-16,4.1197626036e-15,2.3499143422e-15,1.6055076077e-15,9.1624186330e-16,6.7405918326e-16,4.4996010615e-16,1.9565589726e-16,7.7465834737e-17,3.4412992127e-18,1.2128196546e-17,5.0275564141e-17,2.7484161380e-17,8.7168071356e-18,7.9498944779e-18,6.1101040088e-18,1.3284210793e-17,8.0038232213e-18,1.0434212309e-17,4.9443453452e-19,2.1183972176e-19,1.4687723759e-18,8.2436428167e-20,4.9686271589e-22,3.0600380634e-43,9.5183366684e-18,0.0000000000e+00,2.3208643938e-17,1.9758266917e-16,2.1238795352e-16,7.9433705231e-17,9.4427467578e-17,7.0711500342e-17,3.4440906240e-17,1.9537451698e-16,4.1976904418e-17,9.1870720343e-17,1.5604889193e-16,2.5723232529e-16,2.3773583740e-19,1.0727623588e-18,0.0000000000e+00,0.0000000000e+00,0.0000000000e+00,0.0000000000e+00,0.0000000000e+00,0.0000000000e+00
8.2753080208e+01,1,2.0673826653e+00,1.2339216411e+24,2.2894137753e+24,2.2894137753e+24,1.8491549074e+24,3.3625508338e+24,4.3168433893e-24,2.6005210997e-23,-2.2146169258e-18,1.0211081654e+05,4.4079640334e-19,2.6554133291e-18,1.0337733497e-17,2.5355760363e-16,3.7987118249e-17,0.0000000000e+00,8.4580155921e-15,0.0000000000e+00,3.2519884745e-15,1.9144286511e-16,4.2037722260e-15,2.4101816225e-15,1.6491475700e-15,9.5564259713e-16,7.0948653379e-16,4.8313756027e-16,2.1378564785e-16,8.5940445019e-17,4.2821839924e-18,1.5248846301e-17,6.2983584802e-17,3.5053222513e-17,1.1152451424e-17,1.0230991629e-17,7.9003629044e-18,1.7272547956e-17,1.0389920541e-17,1.4648864088e-17,6.5869192359e-19,3.0905052352e-19,2.2302701299e-18,1.3947485596e-19,9.3959221543e-22,2.9298475408e-43,1.1159374339e-17,0.0000000000e+00,2.2232478489e-17,1.8917971642e-16,2.5326835641e-16,7.6063096657e-17,1.1264165204e-16,7.9195649268e-17,3.9621715506e-17,2.2177326705e-16,4.8262560979e-17,1.0902761138e-16,1.8813534953e-16,3.2419786174e-16,3.2194741440e-19,1.5708047108e-18,0.0000000000e+00,0.0000000000e+00,0.0000000000e+00,0.0000000000e+00,0.0000000000e+00,0.0000000000e+00
8.6975590100e+01,1,2.2112586444e+00,1.2197992068e+24,2.3631691984e+24,2.3631691984e+24,1.8276517466e+24,3.5149702165e+24,6.2010605275e-24,2.8387587486e-23,-2.3538297871e-18,1.0609275582e+05,6.5788760036e-19,3.0117173874e-18,1.1336096249e-17,3.1355332528e-16,4.7971412636e-17,0.0000000000e+00,9.2332348411e-15,0.0000000000e+00,3.3242133129e-15,1.9928809590e-16,4.2721603498e-15,2.4608663656e-15,1.6856412248e-15,9.9077265972e-16,7.4198037824e-16,5.1469113829e-16,2.3150626421e-16,9.4385459555e-17,5.2641920682e-18,1.8931026235e-17,7.7876024526e-17,4.4134625243e-17,1.4077252373e-17,1.2990685169e-17,1.0075064633e-17,2.2157729578e-17,1.3291293737e-17,2.0193791760e-17,8.6227943689e-19,4.4272512882e-19,3.3219035514e-18,2.3024755101e-19,1.7281584069e-21,2.7952346202e-43,1.2924309924e-17,0.0000000000e+00,2.1223807763e-17,1.8049276404e-16,2.9837958545e-16,7.2581447718e-17,1.3275723555e-16,8.8739404444e-17,4.5429219803e-17,2.5006391942e-16,5.4996440084e-17,1.2782153617e-16,2.2404122034e-16,4.0308375685e-16,4.2960382400e-19,2.2601275711e-18,0.0000000000e+00,0.0000000000e+00,0.0000000000e+00,0.0000000000e+00,0.0000000000e+00,0.0000000000e+00
9.1413555293e+01,1,2.3675391486e+00,1.2056853392e+24,2.4442757196e+24,2.4442757196e+24,1.8071216597e+24,3.6663611879e+24,8.8249021663e-24,3.0817769565e-23,-2.4239655086e-18,1.1021598342e+05,9.7264527086e-19,3.3966107795e-18,1.2424554157e-17,3.8376530490e-16,5.9955407916e-17,0.0000000000e+00,1.0087109363e-14,0.0000000000e+00,3.3820905869e-15,2.0800355544e-16,4.3209776851e-15,2.5000416931e-15,1.7136140087e-15,1.0208644061e-15,7.7110846263e-16,5.4456438199e-16,2.4884744811e-16,1.0280899056e-16,6.4112741194e-18,2.3272410575e-17,9.5306482574e-17,5.5013794581e-17,1.7581239108e-17,1.6320981914e-17,1.2708579033e-17,2.8124897005e-17,1.6804714290e-17,2.7417638520e-17,1.1126862246e-18,6.2423492829e-19,4.8698321350e-18,3.7506786207e-19,3.5421675283e-21,2.6546983254e-43,1.4828388381e-17,0.0000000000e+00,2.0167473204e-17,1.7145925176e-16,3.4826895327e-16,6.8947251724e-17,1.5502192456e-16,9.9461765480e-17,5.1936796175e-17,2.8049357990e-16,6.2240285645e-17,1.4845753209e-16,2.6427812638e-16,4.9584648995e-16,5.6659742901e-19,3.2073492737e-18,0.0000000000e+00,0.0000000000e+00,0.0000000000e+00,0.0000000000e+00,0.0000000000e+00,0.0000000000e+00
9.6077969483e+01,1,2.5306547436e+00,1.1920399371e+24,2.5293491073e+24,2.5293491073e+24,1.7869130678e+24,3.8103022727e+24,1.2317448745e-23,3.3104830985e-23,-2.3807534588e-18,1.1452877670e+05,1.4107023368e-18,3.7914557955e-18,1.3563024511e-17,4.6284110635e-16,7.3836016765e-17,0.0000000000e+00,1.1012319860e-14,0.0000000000e+00,3.4284643343e-15,2.1728145170e-16,4.3562050597e-15,2.5300383671e-15,1.7348374509e-15,1.0462040211e-15,7.9642382696e-16,5.7137941988e-16,2.6484420413e-16,1.1074689781e-16,7.7015361333e-18,2.8205043342e-17,1.1493739148e-16,6.7593194122e-17,2.1630741577e-17,2.0199013285e-17,1.5785852225e-17,3.5170016321e-17,2.0907397049e-17,3.6509212931e-17,1.4095671052e-18,8.6370618306e-19,6.9950878521e-18,5.9223054133e-19,6.2499656557e-21,2.5157035523e-43,1.6779073963e-17,0.0000000000e+00,1.9126963420e-17,1.6248794609e-16,4.0093361108e-16,6.5357348346e-17,1.7854790828e-16,1.1100391988e-16,5.8917586308e-17,3.1171391863e-16,6.9668918554e-17,1.7005402733e-16,3.0742449797e-16,6.0085853121e-16,7.3540073313e-19,4.4662035059e-18,0.0000000000e+00,0.0000000000e+00,0.0000000000e+00,0.0000000000e+00,0.0000000000e+00,0.0000000000e+00
1.0098038732e+02,1,2.7016797611e+00,1.1786229642e+24,2.6190134222e+24,2.6190134222e+24,1.7671453494e+24,3.9487110171e+24,1.6960074818e-23,3.5274510583e-23,-2.1797439160e-18,1.1901780344e+05,2.0185508509e-18,4.1982947669e-18,1.4762757544e-17,5.5189651209e-16,8.9895593890e-17,0.0000000000e+00,1.2022982591e-14,0.0000000000e+00,3.4612731223e-15,2.2716142007e-16,4.3745960843e-15,2.5494403601e-15,1.7483282742e-15,1.0663297780e-15,8.1774820591e-16,5.9529991899e-16,2.7962492588e-16,1.1824329201e-16,9.1548535191e-18,3.3811289156e-17,1.3704196261e-16,8.2130592591e-17,2.6304549835e-17,2.4706975565e-17,1.9373206200e-17,4.3472761900e-17,2.5682453493e-17,4.7848350032e-17,1.7593096789e-18,1.1762393508e-18,9.8824262116e-18,9.1567794744e-19,1.0752745358e-20,2.3766782869e-43,1.8786889078e-17,0.0000000000e+00,1.8086421347e-17,1.5351685439e-16,4.5672814616e-16,6.1769009546e-17,2.0349597723e-16,1.2343074587e-16,6.6412727973e-17,3.4391435489e-16,7.7331734760e-17,1.9274147631e-16,3.5381958670e-16,7.1966493741e-16,9.4261658731e-19,6.1270028743e-18,0.0000000000e+00,0.0000000000e+00,0.0000000000e+00,0.0000000000e+00,0.0000000000e+00,0.0000000000e+00
1.0613295304e+02,1,2.8793718350e+00,1.1654228042e+24,2.7124572888e+24,2.7124572888e+24,1.7477030306e+24,4.0811658685e+24,2.3049278830e-23,3.7285997791e-23,-1.7609364049e-18,1.2368976376e+05,2.8509598533e-18,4.6118962582e-18,1.6017450259e-17,6.5105970915e-16,1.0826982090e-16,0.0000000000e+00,1.3126926685e-14,0.0000000000e+00,3.4805788132e-15,2.3755743932e-16,4.3765894120e-15,2.5584504239e-15,1.7542835610e-15,1.0812122769e-15,8.3495542442e-16,6.1608024693e-16,2.9299861475e-16,1.2518978925e-16,1.0775059761e-17,4.0115328858e-17,1.6164518718e-16,9.8751057971e-17,3.1637859325e-17,2.9886452735e-17,2.3505077378e-17,5.3150203730e-17,3.1169304778e-17,6.1769177024e-17,2.1653455641e-18,1.5779139979e-18,1.3743562836e-17,1.3876933062e-18,1.8041332728e-20,2.2390395414e-43,2.0826203694e-17,0.0000000000e+00,1.7056295414e-17,1.4463718109e-16,5.1512818589e-16,5.8218312672e-17,2.2963498389e-16,1.3663926541e-16,7.4357973443e-17,3.7675088770e-16,8.5148914590e-17,2.1627813888e-16,4.0312926157e-16,8.5253198010e-16,1.1940774527e-18,8.2877594692e-18,0.0000000000e+00,0.0000000000e+00,0.0000000000e+00,0.0000000000e+00,0.0000000000e+00,0.0000000000e+00
1.1154843055e+02,1,3.0627158465e+00,1.1517626259e+24,2.8080142332e+24,2.8080142332e+24,1.7285159775e+24,4.2076801996e+24,3.0982175047e-23,3.9141075179e-23,-1.0482335684e-18,1.2847731328e+05,3.9805066097e-18,5.0287401781e-18,1.7329352672e-17,7.6058117375e-16,1.2911861778e-16,0.0000000000e+00,1.4330183459e-14,0.0000000000e+00,3.4836251122e-15,2.4836229414e-16,4.3583793212e-15,2.5546669621e-15,1.7509335429e-15,1.0902154329e-15,8.4768171916e-16,6.3362037300e-16,3.0488461115e-16,1.3153465128e-16,1.2568505274e-17,4.7150092729e-17,1.8879861973e-16,1.1760427516e-16,3.7672329884e-17,3.5785137142e-17,2.8220336769e-17,6.4336767837e-17,3.7411457729e-17,7.8636970318e-17,2.6312549916e-18,2.0872345550e-18,1.8836282594e-17,2.0665299674e-18,2.9874941537e-20,2.1033463572e-43,2.2879972035e-17,0.0000000000e+00,1.6040803806e-17,1.3585667161e-16,5.7576721276e-16,5.4718430096e-17,2.5680317686e-16,1.5055169861e-16,8.2703644937e-17,4.0997786052e-16,9.3067899630e-17,2.4049344612e-16,4.5512723132e-16,9.9987669023e-16,1.4965685868e-18,1.1068317770e-17,0.0000000000e+00,0.0000000000e+00,0.0000000000e+00,0.0000000000e+00,0.0000000000e+00,0.0000000000e+00
1.1724023501e+02,1,3.2500925522e+00,1.1389973380e+24,2.9065670797e+24,2.9065670797e+24,1.7095709922e+24,4.3281516620e+24,4.1094488889e-23,4.0740553604e-23,4.7263213896e-20,1.3353631558e+05,5.4876066370e-18,5.4403434231e-18,1.8675925477e-17,8.7985563675e-16,1.5245786125e-16,0.0000000000e+00,1.5647141579e-14,0.0000000000e+00,3.4777235966e-15,2.5952857143e-16,4.3308098914e-15,2.5447419805e-15,1.7433014585e-15,1.0951318620e-15,8.5676626168e-16,6.4777704977e-16,3.1506378629e-16,1.3713793287e-16,1.4527569173e-17,5.4896040674e-17,2.1833753881e-16,1.3870900386e-16,4.4407448385e-17,4.2408862976e-17,3.3524208878e-17,7.7099434042e-17,4.4406926615e-17,9.8726935886e-17,3.1573795639e-18,2.7229531438e-18,2.5447169567e-17,3.0194954707e-18,4.7952805302e-20,1.9722070778e-43,2.4906475922e-17,0.0000000000e+00,1.5059014707e-17,1.2740243947e-16,6.3764748616e-16,5.1337904415e-17,2.8455655075e-16,1.6495578050e-16,9.1321590378e-17,4.4308206312e-16,1.0096253798e-16,2.6495555998e-16,5.0908255406e-16,1.1609883844e-15,1.8557414164e-18,1.4592011900e-17,0.0000000000e+00,0.0000000000e+00,0.0000000000e+00,0.0000000000e+00,0.0000000000e+00,0.0000000000e+00
1.2322246614e+02,1,3.4406844079e+00,1.1263968242e+24,3.0065209762e+24,3.0065209762e+24,1.6907277168e+24,4.4430871556e+24,5.3895039015e-23,4.2104288494e-23,1.6365254519e-18,1.3879739453e+05,7.4804909935e-18,5.8439655416e-18,2.0060719908e-17,1.0089570626e-15,1.7841563001e-16,0.0000000000e+00,1.7084446807e-14,0.0000000000e+00,3.4601501931e-15,2.7095694356e-16,4.2899167384e-15,2.5262011557e-15,1.7295453594e-15,1.0954106667e-15,8.6196522279e-16,6.5862084738e-16,3.2355983606e-16,1.4199890502e-16,1.6656312951e-17,6.3375946965e-17,2.5026024021e-16,1.6218910012e-16,5.1874895066e-17,4.9793476684e-17,3.9445076410e-17,9.1565364994e-17,5.2182581770e-17,1.2238679805e-16,3.7459589273e-18,3.5073543169e-18,3.3928653599e-17,4.3387029426e-18,7.5343273878e-20,1.8458188677e-43,2.6892565624e-17,0.0000000000e+00,1.4112439784e-17,1.1925544827e-16,7.0040418435e-16,4.8080364051e-17,3.1273210658e-16,1.7976212279e-16,1.0015533344e-16,4.7587190084e-16,1.0879447048e-16,2.8950480670e-16,5.6473813983e-16,1.3360308839e-15,2.2792795521e-18,1.9016164202e-17,0.0000000000e+00,0.0000000000e+00,0.0000000000e+00,0.0000000000e+00,0.0000000000e+00,0.0000000000e+00
1.2950994306e+02,1,3.6335931443e+00,1.1139375786e+24,3.1072045483e+24,3.1072045483e+24,1.6719305171e+24,4.5529484507e+24,6.9926246857e-23,4.3222575651e-23,3.8524316268e-18,1.4426599238e+05,1.0087979396e-17,6.2355477695e-18,2.1479865817e-17,1.1476398745e-15,2.0706211739e-16,0.0000000000e+00,1.8652472886e-14,0.0000000000e+00,3.4319098649e-15,2.8257771304e-16,4.2371109741e-15,2.4999013559e-15,1.7103140667e-15,1.0914204645e-15,8.6351343551e-16,6.6625384526e-16,3.3037271307e-16,1.4609771750e-16,1.8953608164e-17,7.2592510614e-17,2.8448043528e-16,1.8811629071e-16,6.0089333209e-17,5.7956793718e-17,4.5996459067e-17,1.0783650451e-16,6.0744714288e-17,1.4991910661e-16,4.3977742072e-18,4.4638256457e-18,4.4681094522e-17,6.1367924063e-18,1.1599456619e-19,1.7249114119e-43,2.8818543736e-17,0.0000000000e+00,1.3206468094e-17,1.1146247908e-16,7.6347879890e-16,4.4964262593e-17,3.4107955899e-16,1.9483704126e-16,1.0912287831e-16,5.0809159608e-16,1.1650666778e-16,3.1390444206e-16,6.2167316604e-16,1.5247399113e-15,2.7748638702e-18,2.4515608038e-17,0.0000000000e+00,0.0000000000e+00,0.0000000000e+00,0.0000000000e+00,0.0000000000e+00,0.0000000000e+00
1.3611824108e+02,1,3.8293914994e+00,1.1020485786e+24,3.2090732951e+24,3.2090732951e+24,1.6538817336e+24,4.6592273440e+24,8.9823926309e-23,4.4097424462e-23,6.8593828880e-18,1.5000891411e+05,1.3474389647e-17,6.6150067585e-18,2.2931159066e-17,1.2963490249e-15,2.3858922129e-16,0.0000000000e+00,2.0370541263e-14,0.0000000000e+00,3.3933930884e-15,2.9437533233e-16,4.1719107136e-15,2.4659933176e-15,1.6855751569e-15,1.0836228915e-15,8.6193480712e-16,6.7140021598e-16,3.3591669773e-16,1.4961627639e-16,2.1429784969e-17,8.2591751522e-17,3.2107611545e-16,2.1667429255e-16,6.9100542016e-17,6.6948749053e-17,5.3216813197e-17,1.2608323975e-16,7.0131392194e-17,1.8170725696e-16,5.1158955423e-18,5.6206436247e-18,5.8195160517e-17,8.5582191141e-18,1.7535375123e-19,1.6077575189e-43,3.0684889060e-17,0.0000000000e+00,1.2326794718e-17,1.0391326867e-16,8.2681386863e-16,4.1939292935e-17,3.6957149077e-16,2.1014189650e-16,1.1820146305e-16,5.3979945812e-16,1.2411837754e-16,3.3812715949e-16,6.7986452398e-16,1.7277612573e-15,3.3526895000e-18,3.1308890871e-17,0.0000000000e+00,0.0000000000e+00,0.0000000000e+00,0.0000000000e+00,0.0000000000e+00,0.0000000000e+00
1.4306373021e+02,1,4.0246201322e+00,1.0897975340e+24,3.3094255751e+24,3.3094255751e+24,1.6351023749e+24,4.7604195342e+24,1.1423327264e-22,4.4717307092e-23,1.0838268973e-17,1.5591050039e+05,1.7810166698e-17,6.9718977248e-18,2.4409921546e-17,1.4531758080e-15,2.7274749293e-16,0.0000000000e+00,2.2232558791e-14,0.0000000000e+00,3.3472096478e-15,3.0620491571e-16,4.0999097905e-15,2.4269843278e-15,1.6575023466e-15,1.0723365586e-15,8.5701850245e-16,6.7305548241e-16,3.3945349633e-16,1.5217938168e-16,2.4056141692e-17,9.3268605987e-17,3.5953843156e-16,2.4764299196e-16,7.8830490719e-17,7.6693320545e-17,6.1043873805e-17,1.4624415194e-16,8.0248190847e-17,2.1777790645e-16,5.8940049507e-18,6.9968263813e-18,7.4921017553e-17,1.1762288810e-17,2.6021881998e-19,1.4995796294e-43,3.2439216719e-17,0.0000000000e+00,1.1515320926e-17,9.6941350817e-17,8.8889465931e-16,3.9151398454e-17,3.9752877873e-16,2.2534779389e-16,1.2718848802e-16,5.7020535916e-16,1.3144331958e-16,3.6155443240e-16,7.3807898522e-16,1.9425966152e-15,4.0174749330e-18,3.9582788906e-17,0.0000000000e+00,0.0000000000e+00,0.0000000000e+00,0.0000000000e+00,0.0000000000e+00,0.0000000000e+00
1.5036361578e+02,1,4.2205744262e+00,1.0776256072e+24,3.4091052812e+24,3.4091052812e+24,1.6163115282e+24,4.8582833536e+24,1.4395372227e-22,4.5103085525e-23,1.6017330416e-17,1.6203568276e+05,2.3325639673e-17,7.3083092574e-18,2.5918696998e-17,1.6186876418e-15,3.0973091709e-16,0.0000000000e+00,2.4260963407e-14,0.0000000000e+00,3.2937231377e-15,3.1809508559e-16,4.0203518488e-15,2.3829275646e-15,1.6259586499e-15,1.0580632386e-15,8.4938033576e-16,6.7210165269e-16,3.4150718839e-16,1.5402744310e-16,2.6844714876e-17,1.0467366948e-16,3.9996332316e-16,2.8120639520e-16,8.9329649044e-17,8.7236522645e-17,6.9511788023e-17,1.6849507717e-16,9.1126917665e-17,2.5846890997e-16,6.7349717600e-18,8.6233636072e-18,9.5480224889e-17,1.5958073179e-17,3.7968256429e-19,1.3978698565e-43,3.4092743889e-17,0.0000000000e+00,1.0751730561e-17,9.0386482607e-17,9.4987361821e-16,3.6529600726e-17,4.2501621792e-16,2.4045357035e-16,1.3608455423e-16,5.9952138566e-16,1.3853782929e-16,3.8425461696e-16,7.9643598786e-16,2.1700329047e-15,4.7809952065e-18,4.9613393504e-17,0.0000000000e+00,0.0000000000e+00,0.0000000000e+00,0.0000000000e+00,0.0000000000e+00,0.0000000000e+00
1.5803598101e+02,1,4.4170654205e+00,1.0655162451e+24,3.5078448568e+24,3.5078448568e+24,1.5974961044e+24,4.9534053017e+24,1.7983880476e-22,4.5267486623e-23,2.2660451488e-17,1.6838990508e+05,3.0283039264e-17,7.6225877756e-18,2.7458269367e-17,1.7925838593e-15,3.4956455161e-16,0.0000000000e+00,2.6469280221e-14,0.0000000000e+00,3.2340118879e-15,3.3002845993e-16,3.9345623805e-15,2.3346602396e-15,1.5915525147e-15,1.0412209082e-15,8.3934421975e-16,6.6878157586e-16,3.4218194372e-16,1.5519870992e-16,2.9792849747e-17,1.1680043356e-16,4.4222584153e-16,3.1739245894e-16,1.0059965405e-16,9.8574817560e-17,7.8614833513e-17,1.9292486884e-16,1.0274711101e-16,3.0396533252e-16,7.6381302365e-18,1.0528366646e-17,1.2052888321e-16,2.1389265486e-17,5.4523107329e-19,1.3026557827e-43,3.5637582393e-17,0.0000000000e+00,1.0036237592e-17,8.4250264284e-17,1.0093730927e-15,3.4074474767e-17,4.5186138339e-16,2.5535255553e-16,1.4482512457e-16,6.2764729153e-16,1.4538263990e-16,4.0608187789e-16,8.5461318505e-16,2.4096953536e-15,5.6536138409e-18,6.1689461820e-17,0.0000000000e+00,0.0000000000e+00,0.0000000000e+00,0.0000000000e+00,0.0000000000e+00,0.0000000000e+00
1.6609983183e+02,1,4.6140592698e+00,1.0534545711e+24,3.6054687523e+24,3.6054687523e+24,1.5786455771e+24,5.0463587453e+24,2.2282434716e-22,4.5226120309e-23,3.1075893907e-17,1.7497862709e+05,3.8989498348e-17,7.9136044402e-18,2.9030451388e-17,1.9745783256e-15,3.9226341787e-16,0.0000000000e+00,2.8871920456e-14,0.0000000000e+00,3.1690894876e-15,3.4200007481e-16,3.8437591268e-15,2.2829567402e-15,1.5548423289e-15,1.0222052036e-15,8.2722497946e-16,6.6334314082e-16,3.4159137885e-16,1.5573824128e-16,3.2897681167e-17,1.2964079436e-16,4.8619812461e-16,3.5621738646e-16,1.1263942242e-16,1.1069967072e-16,8.8342854861e-17,2.1961855668e-16,1.1508285936e-16,3.5441404533e-16,8.6026795716e-18,1.2740419295e-17,1.5079665846e-16,2.8343956239e-17,7.7128251010e-19,1.2138467847e-43,3.7068402752e-17,0.0000000000e+00,9.3681833257e-18,7.8526709276e-17,1.0670650364e-15,3.1783595289e-17,4.7791364896e-16,2.6994775052e-16,1.5335183366e-16,6.5451459425e-16,1.5196606816e-16,4.2691372101e-16,9.1232036607e-16,2.6612210387e-15,6.6465339271e-18,7.6135522552e-17,0.0000000000e+00,0.0000000000e+00,0.0000000000e+00,0.0000000000e+00,0.0000000000e+00,0.0000000000e+00
1.7457514394e+02,1,4.8118293106e+00,1.0410454379e+24,3.7015908482e+24,3.7015908482e+24,1.5600819611e+24,5.1378347203e+24,2.7403438418e-22,4.5017736569e-23,4.1621636040e-17,1.8174065717e+05,4.9803189069e-17,8.1815530284e-18,3.0642230006e-17,2.1646307527e-15,4.3787622728e-16,0.0000000000e+00,3.1484209750e-14,0.0000000000e+00,3.0986826143e-15,3.5400349280e-16,3.7480554025e-15,2.2275812216e-15,1.5156348028e-15,1.0009421391e-15,8.1303583658e-16,6.5581858191e-16,3.3979373321e-16,1.5569832100e-16,3.6159887853e-17,1.4319982628e-16,5.3180722417e-16,3.9772526894e-16,1.2545782294e-16,1.2361004999e-16,9.8691322579e-17,2.4868032501e-16,1.2811615911e-16,4.0995866665e-16,9.6285888052e-18,1.5289527626e-17,1.8709242050e-16,3.7158838939e-17,1.0757450045e-18,1.1304644469e-43,3.8386623777e-17,0.0000000000e+00,8.7390103679e-18,7.3147739022e-17,1.1228020689e-15,2.9628776212e-17,5.0310323959e-16,2.8417604058e-16,1.6162766348e-16,6.8014068261e-16,1.5829858710e-16,4.4670274427e-16,9.6940887061e-16,2.9245700165e-15,7.7725547685e-18,9.3323179777e-17,0.0000000000e+00,0.0000000000e+00,0.0000000000e+00,0.0000000000e+00,0.0000000000e+00,0.0000000000e+00
1.8348291233e+02,1,5.0101425298e+00,1.0291103301e+24,3.7967316397e+24,3.7967316397e+24,1.5412972584e+24,5.2280556036e+24,3.3437968234e-22,4.4613491319e-23,5.4714857751e-17,1.8882416047e+05,6.3138962795e-17,8.4241050440e-18,3.2287816990e-17,2.3619718242e-15,4.8629300352e-16,0.0000000000e+00,3.4321882747e-14,0.0000000000e+00,3.0262042952e-15,3.6607487858e-16,3.6505535092e-15,2.1711652268e-15,1.4758604908e-15,9.7869521107e-16,7.9765371808e-16,6.4687960600e-16,3.3702566471e-16,1.5512077825e-16,3.9567238109e-17,1.5743120612e-16,5.7879263886e-16,4.4180966278e-16,1.3901830013e-16,1.3725846390e-16,1.0961841016e-16,2.8012807334e-16,1.4178147939e-16,4.7057104119e-16,1.0712990953e-17,1.8200436877e-17,2.3028235064e-16,4.8231843950e-17,1.4811645603e-18,1.0539609102e-43,3.9580421147e-17,0.0000000000e+00,8.1623196503e-18,6.8217246586e-17,1.1760367411e-15,2.7653678242e-17,5.2718073624e-16,2.9790266670e-16,1.6957114918e-16,7.0436602351e-16,1.6434293496e-16,4.6524396266e-16,1.0253942241e-15,3.1987177077e-15,9.0432538665e-18,1.1364612416e-16,0.0000000000e+00,0.0000000000e+00,0.0000000000e+00,0.0000000000e+00,0.0000000000e+00,0.0000000000e+00
1.9284520326e+02,1,5.2096264803e+00,1.0171958306e+24,3.8906897930e+24,3.8906897930e+24,1.5225155802e+24,5.3177116644e+24,4.0514624064e-22,4.4058530136e-23,7.0831447959e-17,1.9616133670e+05,7.9474028124e-17,8.6425801647e-18,3.3976746130e-17,2.5666888975e-15,5.3755558571e-16,0.0000000000e+00,3.7402971906e-14,0.0000000000e+00,2.9510213291e-15,3.7823118872e-16,3.5509247383e-15,2.1131701852e-15,1.4351017507e-15,9.5526628062e-16,7.8101474725e-16,6.3652517947e-16,3.3334516813e-16,1.5406469998e-16,4.3121145076e-17,1.7234137478e-16,6.2710023936e-16,4.8849973976e-16,1.5332825304e-16,1.5163848817e-16,1.2111465997e-16,3.1406359581e-16,1.5605619488e-16,5.3632177861e-16,1.1856207954e-17,2.1502666079e-17,2.8134697511e-16,6.2017257544e-17,2.0140700552e-18,9.8310683467e-44,4.0656702324e-17,0.0000000000e+00,7.6274898688e-18,6.3650381501e-17,1.2267547258e-15,2.5823232161e-17,5.5013572580e-16,3.1109372338e-16,1.7716355878e-16,7.2727597723e-16,1.7012576123e-16,4.8254833552e-16,1.0802270490e-15,3.4837829993e-15,1.0473744615e-17,1.3756799676e-16,0.0000000000e+00,0.0000000000e+00,0.0000000000e+00,0.0000000000e+00,0.0000000000e+00,0.0000000000e+00
2.0268520893e+02,1,5.4106830855e+00,1.0052962614e+24,3.9835519143e+24,3.9835519143e+24,1.5037409147e+24,5.4072824066e+24,4.8760065797e-22,4.3371465072e-23,9.0515555201e-17,2.0375868279e+05,9.9352867795e-17,8.8373125937e-18,3.5713860979e-17,2.7785792366e-15,5.9163137759e-16,0.0000000000e+00,4.0745900416e-14,0.0000000000e+00,2.8737944409e-15,3.9050211936e-16,3.4498991620e-15,2.0540719090e-15,1.3936909121e-15,9.3091800631e-16,7.6334654888e-16,6.2496032172e-16,3.2886191959e-16,1.5258043447e-16,4.6817305320e-17,1.8791367610e-16,6.7659827877e-16,5.3775104553e-16,1.6837399878e-16,1.6672156729e-16,1.3315286371e-16,3.5054710333e-16,1.7089588775e-16,6.0718163849e-16,1.3057408232e-17,2.5222340504e-17,3.4133468664e-16,7.9037558709e-17,2.7066132137e-18,9.1757067065e-44,4.1617226850e-17,0.0000000000e+00,7.1320832293e-18,5.9425741950e-17,1.2747916389e-15,2.4128929985e-17,5.7189070723e-16,3.2368887496e-16,1.8437011438e-16,7.4888315084e-16,1.7565416849e-16,4.9856810488e-16,1.1337302151e-15,3.7794904115e-15,1.2079358562e-17,1.6559510465e-16,0.0000000000e+00,0.0000000000e+00,0.0000000000e+00,0.0000000000e+00,0.0000000000e+00,0.0000000000e+00
2.1302730493e+02,1,5.6137791567e+00,9.9340665634e+23,4.0754438520e+24,4.0754438520e+24,1.4849732538e+24,5.4972222358e+24,5.8308104206e-22,4.2570360811e-23,1.1438435283e-16,2.1162274270e+05,1.2339320934e-16,9.0088565127e-18,3.7504491311e-17,2.9974561215e-15,6.4847231569e-16,0.0000000000e+00,4.4370165897e-14,0.0000000000e+00,2.7950982015e-15,4.0292148034e-16,3.3480976694e-15,1.9942776788e-15,1.3519099663e-15,9.0587968565e-16,7.4485184310e-16,6.1237266251e-16,3.2367905817e-16,1.5071637561e-16,5.0650774732e-17,2.0412820118e-16,7.2715362090e-16,5.8949952314e-16,1.8413776008e-16,1.8247393037e-16,1.4570156165e-16,3.8962912594e-16,1.8625197632e-16,6.8307293639e-16,1.4315784699e-17,2.9383689631e-17,4.1137516342e-16,9.9887427192e-17,3.5969557549e-18,8.5700431985e-44,4.2464810174e-17,0.0000000000e+00,6.6735380520e-18,5.5520876262e-17,1.3200135184e-15,2.2561850570e-17,5.9238204902e-16,3.3563555370e-16,1.9116110254e-16,7.6921036302e-16,1.8093741570e-16,5.1326910329e-16,1.1857483645e-15,4.0855806655e-15,1.3876608871e-17,1.9828831815e-16,0.0000000000e+00,0.0000000000e+00,0.0000000000e+00,0.0000000000e+00,0.0000000000e+00,0.0000000000e+00
2.2389711063e+02,1,5.8194315888e+00,9.8152207705e+23,4.1665216052e+24,4.1665216052e+24,1.4662061873e+24,5.5879604000e+24,6.9298830588e-22,4.1672461049e-23,1.4313314210e-16,2.1975995707e+05,1.5229108035e-16,9.1579382511e-18,3.9354360080e-17,3.2231447973e-15,7.0801324064e-16,0.0000000000e+00,4.8296348027e-14,0.0000000000e+00,2.7154277945e-15,4.1552526249e-16,3.2460429999e-15,1.9341326951e-15,1.3099956718e-15,8.8034961953e-16,7.2570948882e-16,5.9893209336e-16,3.1789232759e-16,1.4851832074e-16,5.4615844197e-17,2.2096128146e-16,7.7863124185e-16,6.4365982100e-16,2.0059722645e-16,1.9885654860e-16,1.5872508465e-16,4.3134889088e-16,2.0207188736e-16,7.6386856727e-16,1.5630535564e-17,3.4008474052e-17,4.9267732318e-16,1.2523860407e-16,4.7299116716e-18,8.0105478294e-44,4.3203089979e-17,0.0000000000e+00,6.2492549075e-18,5.1913030473e-17,1.3623130321e-15,2.1112955561e-17,6.1155837436e-16,3.4688835630e-16,1.9751150276e-16,7.8828754085e-16,1.8598611922e-16,5.2662895910e-16,1.2361453076e-15,4.4018053272e-15,1.5883234244e-17,2.3626644245e-16,0.0000000000e+00,0.0000000000e+00,0.0000000000e+00,0.0000000000e+00,0.0000000000e+00,0.0000000000e+00
2.3532155262e+02,1,6.0281942774e+00,9.6963683352e+23,4.2569632673e+24,4.2569632673e+24,1.4474243349e+24,5.6799006198e+24,8.1877471074e-22,4.0694012892e-23,1.7753968767e-16,2.2817644514e+05,1.8682510287e-16,9.2854152003e-18,4.1269498808e-17,3.4554779386e-15,7.7017033755e-16,0.0000000000e+00,5.2546096370e-14,0.0000000000e+00,2.6352069706e-15,4.2834971940e-16,3.1441715649e-15,1.8739271575e-15,1.2681450094e-15,8.5449800722e-16,7.0607613432e-16,5.8479115939e-16,3.1158970774e-16,1.4602908659e-16,5.8705922606e-17,2.3838500709e-16,8.3089371980e-16,7.0012382905e-16,2.1772513560e-16,2.1582514627e-16,1.7218363923e-16,4.7573268190e-16,2.1829925156e-16,8.4939153727e-16,1.7000831299e-17,3.9115404869e-17,5.8652550075e-16,1.5584396813e-16,6.1575473248e-18,7.4937315693e-44,4.3836325979e-17,0.0000000000e+00,5.8566632542e-18,4.8579725419e-17,1.4016061562e-15,1.9773317867e-17,6.2937913922e-16,3.5740849196e-16,2.0340063981e-16,8.0614914755e-16,1.9081157988e-16,5.3863552444e-16,1.2848016725e-15,4.7279206954e-15,1.8118227241e-17,2.8020907459e-16,0.0000000000e+00,0.0000000000e+00,0.0000000000e+00,0.0000000000e+00,0.0000000000e+00,0.0000000000e+00
2.4732893146e+02,1,6.2397182407e+00,9.5813269994e+23,4.3473430133e+24,4.3473430133e+24,1.4298560444e+24,5.7738093159e+24,9.6155578013e-22,3.9627266346e-23,2.1847302943e-16,2.3697393687e+05,2.2786365874e-16,9.3906293135e-18,4.3249927005e-17,3.6937449151e-15,8.3473552255e-16,0.0000000000e+00,5.7133737554e-14,0.0000000000e+00,2.5538328470e-15,4.4136643404e-16,3.0410099169e-15,1.8130835165e-15,1.2260447308e-15,8.2813771882e-16,6.8584547061e-16,5.7000307169e-16,3.0484989937e-16,1.4328991567e-16,6.2904901503e-17,2.5633261500e-16,8.8367305579e-16,7.5866891305e-16,2.3545902312e-16,2.3330367801e-16,1.8601314383e-16,5.2272532229e-16,2.3484667817e-16,9.3934230191e-16,1.8423194695e-17,4.4714051711e-17,6.9413305114e-16,1.9253979638e-16,7.9416481950e-18,7.0182217670e-44,4.4361454210e-17,0.0000000000e+00,5.4938034751e-18,4.5506629564e-17,1.4375838011e-15,1.8536650010e-17,6.4570273601e-16,3.6710144093e-16,2.0877589596e-16,8.2269890661e-16,1.9539296608e-16,5.4918998024e-16,1.3313941070e-15,5.0629356346e-15,2.0600809804e-17,3.3087294061e-16,0.0000000000e+00,0.0000000000e+00,0.0000000000e+00,0.0000000000e+00,0.0000000000e+00,0.0000000000e+00
2.5994899173e+02,1,6.4559105451e+00,9.4635426750e+23,4.4359627434e+24,4.4359627434e+24,1.4118270256e+24,5.8689662977e+24,1.1235543601e-21,3.8524081984e-23,2.6692161238e-16,2.4600383765e+05,2.7639868439e-16,9.4770720102e-18,4.5312244145e-17,3.9385368593e-15,9.0172603186e-16,0.0000000000e+00,6.2097156591e-14,0.0000000000e+00,2.4734600856e-15,4.5468528687e-16,2.9398862179e-15,1.7533046798e-15,1.1847096514e-15,8.0236005806e-16,6.6593100748e-16,5.5507751775e-16,2.9776162113e-16,1.4030632627e-16,6.7215937126e-17,2.7481358057e-16,9.3700042463e-16,8.1926293424e-16,2.5380144558e-16,2.5127380109e-16,2.0019369147e-16,5.7241487396e-16,2.5168753179e-16,1.0335400513e-15,1.9899820857e-17,5.0823237049e-17,8.1713628926e-16,2.3629112911e-16,1.0150976465e-17,6.5735556944e-44,4.4795630947e-17,0.0000000000e+00,5.1541939091e-18,4.2635088966e-17,1.4705549351e-15,1.7379416186e-17,6.6066618991e-16,3.7602563197e-16,2.1367436329e-16,8.3815836591e-16,1.9978643318e-16,5.5843643546e-16,1.3761446940e-15,5.4076271708e-15,2.3355082607e-17,3.8909248088e-16,0.0000000000e+00,0.0000000000e+00,0.0000000000e+00,0.0000000000e+00,0.0000000000e+00,0.0000000000e+00
2.7321299575e+02,1,6.6776519205e+00,9.3454425301e+23,4.5256963147e+24,4.5256963147e+24,1.3936563661e+24,5.9667887764e+24,1.3060979994e-21,3.7385717133e-23,3.2393984400e-16,2.5532963503e+05,3.3348552551e-16,9.5456815110e-18,4.7463929530e-17,4.1898593608e-15,9.7105025254e-16,0.0000000000e+00,6.7460448910e-14,0.0000000000e+00,2.3936741577e-15,4.6836610674e-16,2.8408047720e-15,1.6943390835e-15,1.1439888491e-15,7.7634356503e-16,6.4556911496e-16,5.3957566268e-16,2.9035659799e-16,1.3716790348e-16,7.1632875365e-17,2.9380055273e-16,9.9078122818e-16,8.8177580915e-16,2.7272415120e-16,2.6969446548e-16,2.1468915007e-16,6.2480732010e-16,2.6877510953e-16,1.1317552881e-15,2.1430882921e-17,5.7450484570e-17,9.5696995781e-16,2.8811473161e-16,1.2863646507e-17,6.1652898052e-44,4.5143042192e-17,0.0000000000e+00,4.8425463120e-18,4.0000975873e-17,1.5005184735e-15,1.6318476383e-17,6.7426819034e-16,3.8417502046e-16,2.1809421163e-16,8.5260215290e-16,2.0400897466e-16,5.6639194805e-16,1.4190084444e-15,5.7619789449e-15,2.6405417210e-17,4.5577431807e-16,0.0000000000e+00,0.0000000000e+00,0.0000000000e+00,0.0000000000e+00,0.0000000000e+00,0.0000000000e+00
2.8715380103e+02,1,6.9049922865e+00,9.2276230828e+23,4.6156294608e+24,4.6156294608e+24,1.3756112456e+24,6.0672930083e+24,1.5108583936e-21,3.6217733117e-23,3.9074247291e-16,2.6497470427e+05,4.0033925603e-16,9.5967831222e-18,4.9708603922e-17,4.4472216458e-15,1.0424716059e-15,0.0000000000e+00,7.3247804110e-14,0.0000000000e+00,2.3144504487e-15,4.8238085901e-16,2.7429565117e-15,1.6360343912e-15,1.1038075060e-15,7.5045920374e-16,6.2515756310e-16,5.2383026957e-16,2.8271270782e-16,1.3387785036e-16,7.6139452429e-17,3.1322372551e-16,1.0447826240e-15,9.4594081680e-16,2.9215778323e-16,2.8848274919e-16,2.2943014251e-16,6.7982742321e-16,2.8601956034e-16,1.2335529751e-15,2.3013121768e-17,6.4595309141e-17,1.1151865617e-15,3.4918590036e-16,1.6171989511e-17,5.7871620314e-44,4.5405554512e-17,0.0000000000e+00,4.5533080627e-18,3.7560532828e-17,1.5273222969e-15,1.5334635968e-17,6.8643889206e-16,3.9149409381e-16,2.2200740598e-16,8.6597961856e-16,2.0805047753e-16,5.7302210547e-16,1.4597920818e-15,6.1252809552e-15,2.9777040941e-17,5.3193582398e-16,0.0000000000e+00,0.0000000000e+00,0.0000000000e+00,0.0000000000e+00,0.0000000000e+00,0.0000000000e+00
3.0180594162e+02,1,7.1385780794e+00,9.1100385741e+23,4.7059737161e+24,4.7059737161e+24,1.3576540324e+24,6.1707903721e+24,1.7394434041e-21,3.5030307757e-23,4.6862220576e-16,2.7494637701e+05,4.7825366196e-16,9.6314562032e-18,5.2053657091e-17,4.7104582156e-15,1.1158079984e-15,0.0000000000e+00,7.9487384983e-14,0.0000000000e+00,2.2359759270e-15,4.9674177339e-16,2.6465105080e-15,1.5785061229e-15,1.0642387572e-15,7.2478199627e-16,6.0477270938e-16,5.0792412867e-16,2.7488243137e-16,1.3046345048e-16,8.0724123265e-17,3.3303191667e-16,1.0988562222e-15,1.0115369053e-15,3.1204919054e-16,3.0757401735e-16,2.4436226056e-16,7.3742313321e-16,3.0335252392e-16,1.3385400728e-15,2.4644802180e-17,7.2254387555e-17,1.2933767095e-15,4.2075391336e-16,2.0176270426e-17,5.4365506414e-44,4.5588440639e-17,0.0000000000e+00,4.2845507059e-18,3.5296914014e-17,1.5509631290e-15,1.4421218483e-17,6.9717623493e-16,3.9797071149e-16,2.2541050395e-16,8.7832467219e-16,2.1191899299e-16,5.7834813075e-16,1.4984363978e-15,6.4972642049e-15,3.3497332366e-17,6.1866103226e-16,0.0000000000e+00,0.0000000000e+00,0.0000000000e+00,0.0000000000e+00,0.0000000000e+00,0.0000000000e+00
3.1720571370e+02,1,7.3786430488e+00,8.9938560449e+23,4.7974332071e+24,4.7974332071e+24,1.3402889443e+24,6.2781129586e+24,1.9929525598e-21,3.3825752649e-23,5.5891978161e-16,2.8529025257e+05,5.6856993913e-16,9.6501575164e-18,5.4500357864e-17,4.9790387927e-15,1.1907731604e-15,0.0000000000e+00,8.6201584895e-14,0.0000000000e+00,2.1578406149e-15,5.1140843815e-16,2.5508886418e-15,1.5208149446e-15,1.0249354311e-15,6.9914450565e-16,5.8438678253e-16,4.9199334372e-16,2.6708372806e-16,1.2706707343e-16,8.5368403061e-17,3.5314445538e-16,1.1527704865e-15,1.0782465118e-15,3.3231668674e-16,3.2687687119e-16,2.5941054921e-16,7.9746738729e-16,3.2068086225e-16,1.4461798378e-15,2.6321758051e-17,8.0413903709e-17,1.4930435787e-15,5.0411554561e-16,2.4983556091e-17,5.1062411080e-44,4.5694241411e-17,0.0000000000e+00,4.0307563275e-18,3.3169125021e-17,1.5713612030e-15,1.3561147384e-17,7.0644419159e-16,4.0356847760e-16,2.2828713614e-16,8.8963635399e-16,2.1561574605e-16,5.8236382334e-16,1.5347951690e-15,6.8771470390e-15,3.7592433742e-17,7.1705547041e-16,0.0000000000e+00,0.0000000000e+00,0.0000000000e+00,0.0000000000e+00,0.0000000000e+00,0.0000000000e+00
3.3339126548e+02,1,7.6265303642e+00,8.8771114113e+23,4.8891676692e+24,4.8891676692e+24,1.3227286211e+24,6.3883033355e+24,2.2732117598e-21,3.2623644629e-23,6.6311357091e-16,2.9595514072e+05,6.7276870624e-16,9.6551353369e-18,5.7068090741e-17,5.2533775991e-15,1.2672939201e-15,0.0000000000e+00,9.3429755269e-14,0.0000000000e+00,2.0814284089e-15,5.2646018024e-16,2.4577678795e-15,1.4652646126e-15,9.8683037371e-16,6.7410270011e-16,5.6427055629e-16,4.7598057483e-16,2.5900501614e-16,1.2346748852e-16,9.0069240431e-17,3.7354471194e-16,1.2065184460e-15,1.1459445977e-15,3.5293828026e-16,3.4636328570e-16,2.7455051551e-16,8.5996590025e-16,3.3797662403e-16,1.5562016895e-15,2.8045108290e-17,8.9068018226e-17,1.7158934175e-15,6.0069306119e-16,3.0711644535e-17,4.8041657079e-44,4.5733260730e-17,0.0000000000e+00,3.7982147205e-18,3.1216758563e-17,1.5887017501e-15,1.2771875006e-17,7.1432621283e-16,4.0833906860e-16,2.3066937350e-16,9.0000206026e-16,2.1915502139e-16,5.8515931429e-16,1.5690033791e-15,7.2654554007e-15,4.2095300622e-17,8.2837613674e-16,0.0000000000e+00,0.0000000000e+00,0.0000000000e+00,0.0000000000e+00,0.0000000000e+00,0.0000000000e+00
3.5040269168e+02,1,7.8826257025e+00,8.7607602394e+23,4.9819179153e+24,4.9819179153e+24,1.3053321910e+24,6.5023004477e+24,2.5817605259e-21,3.1425165623e-23,7.8290041080e-16,3.0697939690e+05,7.9254728919e-16,9.6468783904e-18,5.9760108713e-17,5.5330376893e-15,1.3450749935e-15,0.0000000000e+00,1.0120123008e-13,0.0000000000e+00,2.0061608161e-15,5.4184071318e-16,2.3663825065e-15,1.4107130215e-15,9.4947553571e-16,6.4942606149e-16,5.4435007399e-16,4.6000022242e-16,2.5086764414e-16,1.1981134972e-16,9.4808024615e-17,3.9415075648e-16,1.2598854283e-15,1.2143013011e-15,3.7383036649e-16,3.6594513867e-16,2.8971116121e-16,9.2477884975e-16,3.5515198568e-16,1.6680493592e-15,2.9810219504e-17,9.8194662813e-17,1.9636101026e-15,7.1211550556e-16,3.7499639905e-17,4.5229533935e-44,4.5708199577e-17,0.0000000000e+00,3.5812544832e-18,2.9398566163e-17,1.6029393185e-15,1.2036113081e-17,7.2080235208e-16,4.1225714403e-16,2.3254734659e-16,9.0942446716e-16,2.2253747312e-16,5.8674004599e-16,1.6009482952e-15,7.6615246142e-15,4.7039993959e-17,9.5405392509e-16,0.0000000000e+00,0.0000000000e+00,0.0000000000e+00,0.0000000000e+00,0.0000000000e+00,0.0000000000e+00
3.6828213288e+02,1,8.1497191059e+00,8.6395008058e+23,5.0748253812e+24,5.0748253812e+24,1.2880704279e+24,6.6200984559e+24,2.9233646935e-21,3.0264290009e-23,9.2051910177e-16,3.1817737837e+05,9.3014851422e-16,9.6294124533e-18,6.2629832660e-17,5.8197920056e-15,1.4243382088e-15,0.0000000000e+00,1.0958282989e-13,0.0000000000e+00,1.9295860059e-15,5.5765001482e-16,2.2735143418e-15,1.3551501119e-15,9.1146360279e-16,6.2448487716e-16,5.2396531164e-16,4.4355253013e-16,2.4245083225e-16,1.1603255684e-16,9.9602968495e-17,4.1503363353e-16,1.3131609887e-15,1.2834524667e-15,3.9505346470e-16,3.8567795899e-16,3.0493532256e-16,9.9211613430e-16,3.7226009828e-16,1.7817884846e-15,3.1623630263e-17,1.0780516841e-16,2.2387463360e-15,8.4050922145e-16,4.5521625428e-17,4.2484631677e-44,4.5638945275e-17,0.0000000000e+00,3.3691726921e-18,2.7619940601e-17,1.6146780496e-15,1.1317751955e-17,7.2614489984e-16,4.1546243934e-16,2.3400643051e-16,9.1817880806e-16,2.2582847507e-16,5.8734646505e-16,1.6311621428e-15,8.0677411065e-15,5.2484390596e-17,1.0961149771e-15,0.0000000000e+00,0.0000000000e+00,0.0000000000e+00,0.0000000000e+00,0.0000000000e+00,0.0000000000e+00
3.8707387991e+02,1,8.4240092405e+00,8.5244487156e+23,5.1701085692e+24,5.1701085692e+24,1.2710088862e+24,6.7423657242e+24,3.2924691574e-21,2.9086338482e-23,1.0767830010e-15,3.2995914384e+05,1.0863803043e-15,9.5973033432e-18,6.5593931832e-17,6.1092777613e-15,1.5038353289e-15,0.0000000000e+00,1.1853798455e-13,0.0000000000e+00,1.8570805024e-15,5.7358766947e-16,2.1860866600e-15,1.3029167958e-15,8.7581308244e-16,6.0068413150e-16,5.0460564934e-16,4.2781232934e-16,2.3430361776e-16,1.1231729167e-16,1.0436894990e-16,4.3583396720e-16,1.3652637389e-15,1.3522169599e-15,4.1626038034e-16,4.0522351521e-16,3.1995644101e-16,1.0611527715e-15,3.8897585610e-16,1.8957240523e-15,3.3460026828e-17,1.1779646436e-16,2.5410815093e-15,9.8668727838e-16,5.4870610446e-17,4.0051728942e-44,4.5498379719e-17,0.0000000000e+00,3.1805881109e-18,2.6046083185e-17,1.6227654162e-15,1.0679283694e-17,7.2983684579e-16,4.1767547234e-16,2.3488762555e-16,9.2575257943e-16,2.2889449447e-16,5.8658278080e-16,1.6584434074e-15,8.4780058420e-15,5.8419838923e-17,1.2549979625e-15,0.0000000000e+00,0.0000000000e+00,0.0000000000e+00,0.0000000000e+00,0.0000000000e+00,0.0000000000e+00
4.0682448355e+02,1,8.7085308876e+00,8.4098047660e+23,5.2669559895e+24,5.2669559895e+24,1.2541015256e+24,6.8690694842e+24,3.6936298309e-21,2.7927765146e-23,1.2541519560e-15,3.4213144807e+05,1.2637069227e-15,9.5549667308e-18,6.8709183699e-17,6.4034346054e-15,1.5838108189e-15,0.0000000000e+00,1.2813773248e-13,0.0000000000e+00,1.7859792655e-15,5.8974782304e-16,2.1005910045e-15,1.2518223584e-15,8.4099113619e-16,5.7735304745e-16,4.8555629212e-16,4.1223971211e-16,2.2619000810e-16,1.0859587203e-16,1.0912651053e-16,4.5663167772e-16,1.4165310969e-15,1.4207559359e-15,4.3751910591e-16,4.2465033700e-16,3.3482945260e-16,1.1320958040e-15,4.0536762316e-16,2.0099514580e-15,3.5325669794e-17,1.2817293883e-16,2.8731478958e-15,1.1529747539e-15,6.5741823080e-17,3.7776446699e-44,4.5308312626e-17,0.0000000000e+00,3.0038384055e-18,2.4573588345e-17,1.6278965520e-15,1.0081364909e-17,7.3219164804e-16,4.1906045813e-16,2.3529042621e-16,9.3245320033e-16,2.3180669204e-16,5.8472259618e-16,1.6834068438e-15,8.8949211242e-15,6.4909745818e-17,1.4329563185e-15,0.0000000000e+00,0.0000000000e+00,0.0000000000e+00,0.0000000000e+00,0.0000000000e+00,0.0000000000e+00
4.2758286985e+02,1,9.0040228143e+00,8.2955748690e+23,5.3655419269e+24,5.3655419269e+24,1.2373389065e+24,7.0004514182e+24,4.1281264566e-21,2.6792210086e-23,1.4547620043e-15,3.5470457095e+05,1.4642653236e-15,9.5033193833e-18,7.1986092612e-17,6.7020457310e-15,1.6639897715e-15,0.0000000000e+00,1.3842014226e-13,0.0000000000e+00,1.7163447791e-15,6.0607681799e-16,2.0170728798e-15,1.2018992133e-15,8.0701470176e-16,5.5451477566e-16,4.6684489958e-16,3.9686823038e-16,2.1813336180e-16,1.0488123907e-16,1.1385955955e-16,4.7735425643e-16,1.4668141873e-15,1.4887660605e-15,4.5875357647e-16,4.4388909667e-16,3.4950161680e-16,1.2047865230e-15,4.2137111100e-16,2.1239507157e-15,3.7215251754e-17,1.3889782034e-16,3.2365871559e-15,1.3413967436e-15,7.8316011974e-17,3.5645695288e-44,4.5073175920e-17,0.0000000000e+00,2.8379606565e-18,2.3194057910e-17,1.6301305188e-15,9.5206653002e-18,7.3323701132e-16,4.1963071656e-16,2.3522616598e-16,9.3829835872e-16,2.3456266684e-16,5.8180757483e-16,1.7060441346e-15,9.3181034773e-15,7.1998871789e-17,1.6318678415e-15,0.0000000000e+00,0.0000000000e+00,0.0000000000e+00,0.0000000000e+00,0.0000000000e+00,0.0000000000e+00
4.4940046133e+02,1,9.3087340154e+00,8.1845686307e+23,5.4663037705e+24,5.4663037705e+24,1.2209298531e+24,7.1372655365e+24,4.5949141468e-21,2.5665217370e-23,1.6806378008e-15,3.6781489184e+05,1.6900778499e-15,9.4400491511e-18,7.5406298062e-17,7.0025975230e-15,1.7435096447e-15,0.0000000000e+00,1.4938683013e-13,0.0000000000e+00,1.6489749919e-15,6.2232531882e-16,1.9362173778e-15,1.1538312278e-15,7.7450950024e-16,5.3261473110e-16,4.4875131652e-16,3.8196840344e-16,2.1032921403e-16,1.0123790782e-16,1.1851145420e-16,4.9775926362e-16,1.5154350822e-15,1.5554197902e-15,4.7972508783e-16,4.6271479562e-16,3.6379992894e-16,1.2786486062e-15,4.3677283822e-16,2.2364732243e-15,3.9109927121e-17,1.4988577785e-16,3.6321327656e-15,1.5538715730e-15,9.2776467695e-17,3.3693744342e-44,4.4781785613e-17,0.0000000000e+00,2.6845059837e-18,2.1926070324e-17,1.6289325849e-15,9.0012691347e-18,7.3273310177e-16,4.1924873270e-16,2.3462058461e-16,9.4300859990e-16,2.3708573953e-16,5.7766863847e-16,1.7257319185e-15,9.7439681241e-15,7.9717943310e-17,1.8534566563e-15,0.0000000000e+00,0.0000000000e+00,0.0000000000e+00,0.0000000000e+00,0.0000000000e+00,0.0000000000e+00
4.7233130437e+02,1,9.6283995994e+00,8.0708753504e+23,5.5688211419e+24,5.5688211419e+24,1.2044163270e+24,7.2784653472e+24,5.0986157871e-21,2.4586515505e-23,1.9342844400e-15,3.8121270817e+05,1.9436571321e-15,9.3726921603e-18,7.9039096359e-17,7.3094176496e-15,1.8232550729e-15,0.0000000000e+00,1.6114577188e-13,0.0000000000e+00,1.5824051616e-15,6.3880510282e-16,1.8567666115e-15,1.1063005230e-15,7.4222218412e-16,5.1078937426e-16,4.3077251284e-16,3.6707193498e-16,2.0243383905e-16,9.7567339379e-17,1.2314730775e-16,5.1811342565e-16,1.5633278230e-15,1.6214692580e-15,5.0068107092e-16,4.8137829806e-16,3.7792315787e-16,1.3543004954e-15,4.5182050216e-16,2.3484637054e-15,4.1029171947e-17,1.6118097220e-16,4.0627764116e-15,1.7927495352e-15,1.0931661073e-16,3.1813204195e-44,4.4470572494e-17,0.0000000000e+00,2.5376517888e-18,2.0708007046e-17,1.6256252946e-15,8.5057425915e-18,7.3127692486e-16,4.1825336152e-16,2.3366929091e-16,9.4721110669e-16,2.3952130862e-16,5.7279510786e-16,1.7437549057e-15,1.0178440406e-14,8.8143291893e-17,2.1001184614e-15,0.0000000000e+00,0.0000000000e+00,0.0000000000e+00,0.0000000000e+00,0.0000000000e+00,0.0000000000e+00
4.9643220310e+02,1,9.9612246963e+00,7.9576723137e+23,5.6735279390e+24,5.6735279390e+24,1.1880299678e+24,7.4248380002e+24,5.6380634699e-21,2.3538141252e-23,2.2179872379e-15,3.9504447983e+05,2.2272858507e-15,9.2986127670e-18,8.2866712216e-17,7.6199089118e-15,1.9023470853e-15,0.0000000000e+00,1.7370147121e-13,0.0000000000e+00,1.5174492857e-15,6.5524663293e-16,1.7793923096e-15,1.0600143058e-15,7.1081914052e-16,4.8951144645e-16,4.1319706889e-16,3.5245737154e-16,1.9465348057e-16,9.3935794162e-17,1.2770928144e-16,5.3816951307e-16,1.6097977423e-15,1.6860805500e-15,5.2137883728e-16,4.9965417247e-16,3.9169997814e-16,1.4311429442e-15,4.6630039188e-16,2.4586761088e-15,4.2952736135e-17,1.7269382575e-16,4.5292064768e-15,2.0601778054e-15,1.2814096770e-16,3.0046053627e-44,4.4126773042e-17,0.0000000000e+00,2.3993616433e-18,1.9562880126e-17,1.6196392854e-15,8.0394403242e-18,7.2861296872e-16,4.1650028735e-16,2.3229360415e-16,9.5060388156e-16,2.4178560699e-16,5.6700273335e-16,1.7594601436e-15,1.0617809445e-14,9.7312850001e-17,2.3738762854e-15,0.0000000000e+00,0.0000000000e+00,0.0000000000e+00,0.0000000000e+00,0.0000000000e+00,0.0000000000e+00
5.2176286008e+02,1,1.0308125495e+01,7.8449011573e+23,5.7806006497e+24,5.7806006497e+24,1.1717239156e+24,7.5767335082e+24,6.2143847046e-21,2.2521909639e-23,2.5344396973e-15,4.0931780648e+05,2.5436583159e-15,9.2186186511e-18,8.6903303114e-17,7.9338509607e-15,1.9805058586e-15,0.0000000000e+00,1.8709940165e-13,0.0000000000e+00,1.4541367308e-15,6.7157125021e-16,1.7041104043e-15,1.0149841446e-15,6.8030398899e-16,4.6879076198e-16,3.9603909560e-16,3.3814349950e-16,1.8700205983e-16,9.0351324737e-17,1.3218137636e-16,5.5785509853e-16,1.6547055908e-15,1.7489640318e-15,5.4174244704e-16,5.1748160575e-16,4.0508882150e-16,1.5089824764e-15,4.8015873321e-16,2.5666184014e-15,4.4873198998e-17,1.8437798518e-16,5.0329613384e-15,2.3586715351e-15,1.4947505719e-16,2.8383555186e-44,4.3754277652e-17,0.0000000000e+00,2.2689949282e-18,1.8485096662e-17,1.6110546034e-15,7.6001514732e-18,7.2477824568e-16,4.1401211665e-16,2.3050935616e-16,9.5320062963e-16,2.4387122817e-16,5.6033773984e-16,1.7728592155e-15,1.1061657880e-14,1.0728722382e-16,2.6772500381e-15,0.0000000000e+00,0.0000000000e+00,0.0000000000e+00,0.0000000000e+00,0.0000000000e+00,0.0000000000e+00
5.4838602423e+02,1,1.0668465983e+01,7.7320718247e+23,5.8891456631e+24,5.8891456631e+24,1.1557231581e+24,7.7345462845e+24,6.8282095500e-21,2.1536234925e-23,2.8861384788e-15,4.2401601270e+05,2.8952701873e-15,9.1317084613e-18,9.1142735079e-17,8.2496570251e-15,2.0571059595e-15,0.0000000000e+00,2.0135678249e-13,0.0000000000e+00,1.3924455630e-15,6.8758521074e-16,1.6312800125e-15,9.7139521146e-16,6.5067953916e-16,4.4834047975e-16,3.7909212683e-16,3.2405994459e-16,1.7945763205e-16,8.6788095767e-17,1.3652430947e-16,5.7699959477e-16,1.6976180984e-15,1.8095306203e-15,5.6160132147e-16,5.3471021537e-16,4.1797977122e-16,1.5873620211e-15,4.9325864090e-16,2.6713492876e-15,4.6774823368e-17,1.9615516979e-16,5.5747757171e-15,2.6905532809e-15,1.7353496912e-16,2.6822380777e-44,4.3348334857e-17,0.0000000000e+00,2.1460725020e-18,1.7472861225e-17,1.5996560063e-15,7.1873306841e-18,7.1967694236e-16,4.1073644848e-16,2.2829003924e-16,9.5483714010e-16,2.4572446330e-16,5.5274127665e-16,1.7836451011e-15,1.1507655628e-14,1.1811596816e-16,3.0125736653e-15,0.0000000000e+00,0.0000000000e+00,0.0000000000e+00,0.0000000000e+00,0.0000000000e+00,0.0000000000e+00
5.7636764626e+02,1,1.1045828452e+01,7.6204144994e+23,6.0013677465e+24,6.0013677465e+24,1.1396736049e+24,7.8977185684e+24,7.4781247922e-21,2.0587583129e-23,3.2754699376e-15,4.3921603685e+05,3.2845123343e-15,9.0423966701e-18,9.5635361110e-17,8.5695738757e-15,2.1325507794e-15,0.0000000000e+00,2.1655147490e-13,0.0000000000e+00,1.3325113830e-15,7.0342463456e-16,1.5601959265e-15,9.2888971772e-16,6.2195030778e-16,4.2879854204e-16,3.6283486876e-16,3.1040719019e-16,1.7210445219e-16,8.3323212816e-17,1.4076929736e-16,5.9572914254e-16,1.7390035078e-15,1.8681206246e-15,5.8107030029e-16,5.5146692638e-16,4.3047831037e-16,1.6665387011e-15,5.0572692896e-16,2.7733154386e-15,4.8664568994e-17,2.0803027348e-16,6.1565163204e-15,3.0580328896e-15,2.0051422197e-16,2.5346710751e-44,4.2930522353e-17,0.0000000000e+00,2.0299412977e-18,1.6515343091e-17,1.5861807724e-15,6.7963618116e-18,7.1364132246e-16,4.0686678023e-16,2.2574722497e-16,9.5589779147e-16,2.4743066518e-16,5.4449192895e-16,1.7925162226e-15,1.1958831454e-14,1.2986519967e-16,3.3821910294e-15,0.0000000000e+00,0.0000000000e+00,0.0000000000e+00,0.0000000000e+00,0.0000000000e+00,0.0000000000e+00
6.0577704204e+02,1,1.1439820622e+01,7.5092874764e+23,6.1163809307e+24,6.1163809307e+24,1.1237365344e+24,8.0669863170e+24,8.1654625597e-21,1.9673729475e-23,3.7054818318e-15,4.5489539553e+05,3.7144313207e-15,8.9494889511e-18,1.0037882219e-16,8.8920639619e-15,2.2062282526e-15,0.0000000000e+00,2.3271136716e-13,0.0000000000e+00,1.2742967460e-15,7.1889107138e-16,1.4912524600e-15,8.8767307918e-16,5.9411871458e-16,4.0983334884e-16,3.4702665070e-16,2.9710058060e-16,1.6491481651e-16,7.9925319982e-17,1.4487756201e-16,6.1387569174e-16,1.7784269948e-15,1.9241654439e-15,5.9998212940e-16,5.6760637819e-16,4.4248113193e-16,1.7460600787e-15,5.1743113191e-16,2.8716133839e-15,5.0526236602e-17,2.1992718824e-16,6.7790964632e-15,3.4639256754e-15,2.3066539399e-16,2.3954720505e-44,4.2495162121e-17,0.0000000000e+00,1.9201917105e-18,1.5611754987e-17,1.5703926617e-15,6.4271050863e-18,7.0656587916e-16,4.0234634405e-16,2.2285134912e-16,9.5620662469e-16,2.4893186597e-16,5.3552062873e-16,1.7991514254e-15,1.2412905794e-14,1.4260169611e-16,3.7890684569e-15,0.0000000000e+00,0.0000000000e+00,0.0000000000e+00,0.0000000000e+00,0.0000000000e+00,0.0000000000e+00
6.3668706432e+02,1,1.1851696174e+01,7.3984148466e+23,6.2344145342e+24,6.2344145342e+24,1.1077096320e+24,8.2430330304e+24,8.8916045279e-21,1.8795777873e-23,4.1795144057e-15,4.7104750292e+05,4.1883681099e-15,8.8537042324e-18,1.0539259025e-16,9.2169414092e-15,2.2778795923e-15,0.0000000000e+00,2.4989145627e-13,0.0000000000e+00,1.2178014523e-15,7.3389739154e-16,1.4244362258e-15,8.4773768544e-16,5.6717663542e-16,3.9144445957e-16,3.3167108144e-16,2.8414744407e-16,1.5789536988e-16,7.6598695096e-17,1.4883448975e-16,6.3137286084e-16,1.8157632985e-15,1.9774185333e-15,6.1826731604e-16,5.8307937811e-16,4.5396098525e-16,1.8257166586e-15,5.2833069896e-16,2.9658188226e-15,5.2351217557e-17,2.3179806866e-16,7.4439375558e-15,3.9113060736e-15,2.6425532831e-16,2.2640460498e-44,4.2045707793e-17,0.0000000000e+00,1.8163859235e-18,1.4758287555e-17,1.5523866280e-15,6.0780512780e-18,6.9849390627e-16,3.9720425381e-16,2.1962101475e-16,9.5577824614e-16,2.5021762537e-16,5.2587544278e-16,1.8035777208e-15,1.2869475683e-14,1.5640785661e-16,4.2365457256e-15,0.0000000000e+00,0.0000000000e+00,0.0000000000e+00,0.0000000000e+00,0.0000000000e+00,0.0000000000e+00
6.6917428317e+02,1,1.2280620034e+01,7.2881113853e+23,6.3542615106e+24,6.3542615106e+24,1.0923009053e+24,8.4255889853e+24,9.6537213765e-21,1.7950505465e-23,4.6993815570e-15,4.8770167120e+05,4.7081360486e-15,8.7544915139e-18,1.1068994587e-16,9.5425165301e-15,2.3469145282e-15,0.0000000000e+00,2.6808600860e-13,0.0000000000e+00,1.1621245541e-15,7.4825715971e-16,1.3584272874e-15,8.0820786858e-16,5.4041180408e-16,3.7338466663e-16,3.1673090899e-16,2.7156984395e-16,1.5097136552e-16,7.3315098140e-17,1.5260407899e-16,6.4806374501e-16,1.8506196026e-15,2.0273646340e-15,6.3576788940e-16,5.9775201714e-16,4.6482498211e-16,1.9050105020e-15,5.3830951762e-16,3.0550932335e-15,5.4123344362e-17,2.4356039941e-16,8.1505058469e-15,4.4018149150e-15,3.0144234797e-16,2.1397651267e-44,4.1579567397e-17,0.0000000000e+00,1.7186575201e-18,1.3951643304e-17,1.5320434783e-15,5.7492344951e-18,6.8937131118e-16,3.9141526694e-16,2.1604424084e-16,9.5448750166e-16,2.5123981401e-16,5.1553279874e-16,1.8055711043e-15,1.3326057961e-14,1.7131987519e-16,4.7264895752e-15,0.0000000000e+00,0.0000000000e+00,0.0000000000e+00,0.0000000000e+00,0.0000000000e+00,0.0000000000e+00
7.0331917570e+02,1,1.2730516764e+01,7.1787476631e+23,6.4786669105e+24,6.4786669105e+24,1.0767245786e+24,8.6149483285e+24,1.0452364479e-20,1.7142585219e-23,5.2686922857e-15,5.0489508890e+05,5.2773474928e-15,8.6552070881e-18,1.1628468481e-16,9.8710061220e-15,2.4137494266e-15,0.0000000000e+00,2.8739924985e-13,0.0000000000e+00,1.1092177460e-15,7.6208870061e-16,1.2960368536e-15,7.7094658278e-16,5.1533486903e-16,3.5619109097e-16,3.0230409343e-16,2.5934597084e-16,1.4432409594e-16,7.0148975639e-17,1.5621695220e-16,6.6407333218e-16,1.8834453003e-15,2.0743681859e-15,6.5260057936e-16,6.1175705275e-16,4.7518783147e-16,1.9842027075e-15,5.4750056153e-16,3.1399382144e-15,5.5847900150e-17,2.5522491717e-16,8.9011976472e-15,4.9387664547e-15,3.4249950804e-16,2.0224360629e-44,4.1112733074e-17,0.0000000000e+00,1.6255989886e-18,1.3189043489e-17,1.5099816293e-15,5.4367088366e-18,6.7947848500e-16,3.8514469307e-16,2.1221536557e-16,9.5265367712e-16,2.5206880906e-16,5.0471549097e-16,1.8057309224e-15,1.3785607230e-14,1.8744131247e-16,5.2626065819e-15,0.0000000000e+00,0.0000000000e+00,0.0000000000e+00,0.0000000000e+00,0.0000000000e+00,0.0000000000e+00
7.3920632540e+02,1,1.3201609335e+01,7.0698694691e+23,6.6066445715e+24,6.6066445715e+24,1.0611688032e+24,8.8123368827e+24,1.1288818600e-20,1.6370009419e-23,5.8910856010e-15,5.2260922313e+05,5.8996407189e-15,8.5551179052e-18,1.2220439766e-16,1.0201028925e-14,2.4778194899e-15,0.0000000000e+00,3.0786604486e-13,0.0000000000e+00,1.0580229606e-15,7.7520440650e-16,1.2357291039e-15,7.3493895996e-16,4.9111811719e-16,3.3956943590e-16,2.8833919106e-16,2.4749530211e-16,1.3786293020e-16,6.7064526308e-17,1.5963761691e-16,6.7924752743e-16,1.9138419674e-15,2.1179348928e-15,6.6861130929e-16,6.2496580971e-16,4.8496525805e-16,2.0628392141e-15,5.5579058902e-16,3.2195539801e-15,5.7509179730e-17,2.6671790865e-16,9.6966364936e-15,5.5254714145e-15,3.8770667955e-16,1.9114607520e-44,4.0641744435e-17,0.0000000000e+00,1.5374501039e-18,1.2467493680e-17,1.4860391396e-15,5.1408143936e-18,6.6874188112e-16,3.7835652292e-16,2.0811586035e-16,9.5013909167e-16,2.5265208296e-16,4.9338180132e-16,1.8038040015e-15,1.4246022313e-14,2.0486192310e-16,5.8487144027e-15,0.0000000000e+00,0.0000000000e+00,0.0000000000e+00,0.0000000000e+00,0.0000000000e+00,0.0000000000e+00
7.7692463164e+02,1,1.3695082127e+01,6.9611844257e+23,6.7383963921e+24,6.7383963921e+24,1.0454024671e+24,9.0181337804e+24,1.2162873320e-20,1.5633113328e-23,6.5696109264e-15,5.4083156457e+05,6.5780658075e-15,8.4548811401e-18,1.2846763346e-16,1.0532288190e-14,2.5388976825e-15,0.0000000000e+00,3.2952900841e-13,0.0000000000e+00,1.0085355170e-15,7.8752333261e-16,1.1774899808e-15,7.0017626774e-16,4.6775382253e-16,3.2351718357e-16,2.7483643881e-16,2.3602062058e-16,1.3159151245e-16,6.4064332644e-17,1.6285355604e-16,6.9352933122e-16,1.9417069637e-15,2.1578842022e-15,6.8374009183e-16,6.3734146856e-16,4.9414370502e-16,2.1406846861e-15,5.6315593288e-16,3.2936121061e-15,5.9098532045e-17,2.7799305878e-16,1.0537355935e-14,6.1646887481e-15,4.3729370692e-16,1.8064498744e-44,4.0169750624e-17,0.0000000000e+00,1.4539220482e-18,1.1784499258e-17,1.4603379735e-15,4.8605584562e-18,6.5721650736e-16,3.7108853885e-16,2.0376830517e-16,9.4696663524e-16,2.5298021566e-16,4.8158559913e-16,1.7998401523e-15,1.4706733056e-14,2.2366282151e-16,6.4880936574e-15,0.0000000000e+00,0.0000000000e+00,0.0000000000e+00,0.0000000000e+00,0.0000000000e+00,0.0000000000e+00
8.1656752994e+02,1,1.4209909604e+01,6.8534944071e+23,6.8728866246e+24,6.8728866246e+24,1.0309864971e+24,9.2319532353e+24,1.3068054748e-20,1.4927752103e-23,7.3049749780e-15,5.5963409994e+05,7.3133290571e-15,8.3540791121e-18,1.3506480280e-16,1.0862912996e-14,2.5964547293e-15,0.0000000000e+00,3.5235551649e-13,0.0000000000e+00,9.6165269480e-16,7.9886701574e-16,1.1222999992e-15,6.6749463704e-16,4.4591434362e-16,3.0845279282e-16,2.6207216294e-16,2.2504456052e-16,1.2560898911e-16,6.1228661025e-17,1.6583346532e-16,7.0678182019e-16,1.9667137155e-15,2.1938041424e-15,6.9784826051e-16,6.4877318285e-16,5.0265202020e-16,2.2172065817e-15,5.6951144969e-16,3.3614236202e-15,6.0599683415e-17,2.8896748314e-16,1.1421225463e-14,6.8569835272e-15,4.9132110275e-16,1.7034379725e-44,3.9694963734e-17,0.0000000000e+00,1.3717342905e-18,1.1113073179e-17,1.4328499957e-15,4.5852917807e-18,6.4488942877e-16,3.6333735367e-16,1.9917313364e-16,9.4306194401e-16,2.5301938189e-16,4.6932977095e-16,1.7936886691e-15,1.5165010579e-14,2.4385329160e-16,7.1817542833e-15,0.0000000000e+00,0.0000000000e+00,0.0000000000e+00,0.0000000000e+00,0.0000000000e+00,0.0000000000e+00
8.5823322341e+02,1,1.4748613160e+01,6.7504978802e+23,7.0165030961e+24,7.0165030961e+24,1.0161946312e+24,9.4576916180e+24,1.4000796946e-20,1.4245648081e-23,8.1031106698e-15,5.7935015554e+05,8.1113638882e-15,8.2532184314e-18,1.4200948443e-16,1.1192838236e-14,2.6502093733e-15,0.0000000000e+00,3.7643858264e-13,0.0000000000e+00,9.1437231748e-16,8.0917629865e-16,1.0666517784e-15,6.3411089170e-16,4.2337003845e-16,2.9303878687e-16,2.4916008679e-16,2.1427082880e-16,1.1973040575e-16,5.8351067511e-17,1.6856037348e-16,7.1892985673e-16,1.9887085705e-15,2.2254613444e-15,7.1085768927e-16,6.5920841423e-16,5.1046859484e-16,2.2921534805e-15,5.7481856552e-16,3.4225506152e-15,6.2003002617e-17,2.9959469201e-16,1.2350332659e-14,7.6077481474e-15,5.5021367176e-16,1.6151042031e-44,3.9219153356e-17,0.0000000000e+00,1.3009333435e-18,1.0535474727e-17,1.4036477527e-15,4.3479474359e-18,6.3179369024e-16,3.5514131586e-16,1.9435061619e-16,9.3839694408e-16,2.5274190181e-16,4.5665277971e-16,1.7853470551e-15,1.5620527261e-14,2.6558981701e-16,7.9360669098e-15,0.0000000000e+00,0.0000000000e+00,0.0000000000e+00,0.0000000000e+00,0.0000000000e+00,0.0000000000e+00
9.0202492599e+02,1,1.5316430848e+01,6.6446121361e+23,7.1605846691e+24,7.1605846691e+24,1.0014226331e+24,9.6907994060e+24,1.4974246485e-20,1.3608656670e-23,8.9668165216e-15,5.9936057703e+05,8.9749730139e-15,8.1564923142e-18,1.4942655693e-16,1.1525992567e-14,2.7011643154e-15,0.0000000000e+00,4.0190483011e-13,0.0000000000e+00,8.6999148476e-16,8.1868463569e-16,1.0145803743e-15,6.0304869716e-16,4.0253246955e-16,2.7868158109e-16,2.3704448477e-16,2.0392277136e-16,1.1402872077e-16,5.5610834524e-17,1.7110064008e-16,7.3025252299e-16,2.0085089748e-15,2.2537663310e-15,7.2304120927e-16,6.6892292433e-16,5.1782253391e-16,2.3662510109e-15,5.7933644513e-16,3.4784047824e-15,6.3329111061e-17,3.0996260299e-16,1.3327518521e-14,8.4195337766e-15,6.1415354987e-16,1.5257133750e-44,3.8763084969e-17,0.0000000000e+00,1.2296220434e-18,9.9540095950e-18,1.3735012608e-15,4.1089171611e-18,6.1827542805e-16,3.4668792748e-16,1.8940709532e-16,9.3344072447e-16,2.5226338871e-16,4.4381403510e-16,1.7756789834e-15,1.6078681361e-14,2.8898132280e-16,8.7540953619e-15,0.0000000000e+00,0.0000000000e+00,0.0000000000e+00,0.0000000000e+00,0.0000000000e+00,0.0000000000e+00
9.4805111817e+02,1,1.5912205402e+01,6.5397387200e+23,7.3094816402e+24,7.3094816402e+24,9.8686437232e+23,9.9347439664e+24,1.5979063930e-20,1.3003179915e-23,9.8989682121e-15,6.2000066060e+05,9.9070301922e-15,8.0619801374e-18,1.5727663302e-16,1.1859263268e-14,2.7483724647e-15,0.0000000000e+00,4.2873139728e-13,0.0000000000e+00,8.2724502155e-16,8.2711488367e-16,9.6446174836e-16,5.7316092771e-16,3.8249342700e-16,2.6486545841e-16,2.2537473254e-16,1.9394666650e-16,1.0852283404e-16,5.2960285559e-17,1.7339469695e-16,7.4049386493e-16,2.0254529232e-15,2.2779522507e-15,7.3414291151e-16,6.7769795280e-16,5.2456467052e-16,2.4386503200e-15,5.8288443744e-16,3.5277219240e-15,6.4552401206e-17,3.1995068000e-16,1.4350750654e-14,9.2948559782e-15,6.8334111791e-16,1.4410348665e-44,3.8317320237e-17,0.0000000000e+00,1.1619898799e-18,9.4030123509e-18,1.3421065040e-15,3.8823034119e-18,6.0419766309e-16,3.3791292464e-16,1.8430739084e-16,9.2793925765e-16,2.5149947103e-16,4.3072329368e-16,1.7642060323e-15,1.6534925602e-14,3.1408762617e-16,9.6393070774e-15,0.0000000000e+00,0.0000000000e+00,0.0000000000e+00,0.0000000000e+00,0.0000000000e+00,0.0000000000e+00
9.9642581570e+02,1,1.6537243804e+01,6.4324603205e+23,7.4583382178e+24,7.4583382178e+24,9.7259872332e+23,1.0192661329e+25,1.7024037662e-20,1.2433408095e-23,1.0903535898e-14,6.4094695218e+05,1.0911505053e-14,7.9691550235e-18,1.6562717385e-16,1.2190863217e-14,2.7912655891e-15,0.0000000000e+00,4.5694272318e-13,0.0000000000e+00,7.8624690160e-16,8.3426494991e-16,9.1665264475e-16,5.4464540936e-16,3.6340666898e-16,2.5157595830e-16,2.1413281597e-16,1.8416041873e-16,1.0307987733e-16,5.0375347404e-17,1.7540767117e-16,7.4950197753e-16,2.0391496068e-15,2.2975893730e-15,7.4400927916e-16,6.8541125709e-16,5.3062791446e-16,2.5087949626e-15,5.8536959398e-16,3.5698057653e-15,6.5656151144e-17,3.2947974620e-16,1.5419053673e-14,1.0237213067e-14,7.5803834355e-16,1.3574823812e-44,3.7879532049e-17,0.0000000000e+00,1.0948891874e-18,8.8574578418e-18,1.3093580367e-15,3.6571433128e-18,5.8951181509e-16,3.2879193565e-16,1.7903958983e-16,9.2179821268e-16,2.5040952059e-16,4.1735558687e-16,1.7507162370e-15,1.6986563238e-14,3.4099006762e-16,1.0596459232e-14,0.0000000000e+00,0.0000000000e+00,0.0000000000e+00,0.0000000000e+00,0.0000000000e+00,0.0000000000e+00
1.0472688520e+03,1,1.7194717344e+01,6.3302125838e+23,7.6183909513e+24,7.6183909513e+24,9.5849581463e+23,1.0461621833e+25,1.8087134253e-20,1.1887415739e-23,1.1982866436e-14,6.6294344658e+05,1.1990747121e-14,7.8806843607e-18,1.7442891040e-16,1.2523731720e-14,2.8305426633e-15,0.0000000000e+00,4.8662882856e-13,0.0000000000e+00,7.4665065144e-16,8.4036968783e-16,8.7025534073e-16,5.1699611985e-16,3.4488280418e-16,2.3880448780e-16,2.0332854887e-16,1.7493383269e-16,9.7978019339e-17,4.7906710951e-17,1.7718477218e-16,7.5746954733e-16,2.0502078175e-15,2.3133412893e-15,7.5282845806e-16,6.9225841642e-16,5.3616988280e-16,2.5771704444e-15,5.8698318323e-16,3.6055828837e-15,6.6655106750e-17,3.3861060601e-16,1.6534430934e-14,1.1248741656e-14,8.3838533016e-16,1.2818813009e-44,3.7462076200e-17,0.0000000000e+00,1.0344096634e-18,8.3654152004e-18,1.2758578011e-15,3.4546811892e-18,5.7449021981e-16,3.1949449678e-16,1.7369574996e-16,9.1531298254e-16,2.4906105445e-16,4.0391096430e-16,1.7358220831e-15,1.7437591818e-14,3.6980378202e-16,1.1628175246e-14,0.0000000000e+00,0.0000000000e+00,0.0000000000e+00,0.0000000000e+00,0.0000000000e+00,0.0000000000e+00
1.1007061752e+03,1,1.7885901787e+01,6.2291297682e+23,7.7844343124e+24,7.7844343124e+24,9.4464061202e+23,1.0744378984e+25,1.9176497491e-20,1.1370263831e-23,1.3140457562e-14,6.8564416019e+05,1.3148253517e-14,7.7959549952e-18,1.8375038917e-16,1.2856020105e-14,2.8656660983e-15,0.0000000000e+00,5.1780245425e-13,0.0000000000e+00,7.0861029980e-16,8.4523482569e-16,8.2570967491e-16,4.9045822016e-16,3.2711223502e-16,2.2654542411e-16,1.9294971420e-16,1.6606187070e-16,9.3064623331e-17,4.5526350656e-17,1.7869288983e-16,7.6425283686e-16,2.0582535749e-15,2.3248217412e-15,7.6045520734e-16,6.9812379233e-16,5.4112882809e-16,2.6432278957e-15,5.8764061758e-16,3.6344263814e-15,6.7533735998e-17,3.4726941304e-16,1.7695358104e-14,1.2332483217e-14,9.2459694837e-16,1.2101873291e-44,3.7062237960e-17,0.0000000000e+00,9.7699624248e-19,7.8986543726e-18,1.2414959494e-15,3.2625389169e-18,5.5908211688e-16,3.0999403029e-16,1.6826237814e-16,9.0839165826e-16,2.4741625259e-16,3.9036036370e-16,1.7193109579e-15,1.7885244238e-14,4.0059659403e-16,1.2738858031e-14,0.0000000000e+00,0.0000000000e+00,0.0000000000e+00,0.0000000000e+00,0.0000000000e+00,0.0000000000e+00
1.1568701597e+03,1,1.8613989945e+01,6.1285203127e+23,7.9574149991e+24,7.9574149991e+24,9.3113637307e+23,1.1046571363e+25,2.0295968710e-20,1.0880464235e-23,1.4381929325e-14,7.0899022727e+05,1.4389643468e-14,7.7141428104e-18,1.9363481554e-16,1.3186485300e-14,2.8961768491e-15,0.0000000000e+00,5.5052915838e-13,0.0000000000e+00,6.7204528030e-16,8.4869999277e-16,7.8257438554e-16,4.6489427829e-16,3.1006450657e-16,2.1495898489e-16,1.8313893473e-16,1.5778779682e-16,8.8478979832e-17,4.3273917560e-17,1.7990211640e-16,7.6972389991e-16,2.0629681124e-15,2.3317173500e-15,7.6676166085e-16,7.0290957862e-16,5.4546267440e-16,2.7065259849e-15,5.8727269264e-16,3.6558243272e-15,6.8279335754e-17,3.5539607294e-16,1.8901794688e-14,1.3493423235e-14,1.0170304734e-15,1.1398630094e-44,3.6676221615e-17,0.0000000000e+00,9.2049841372e-19,7.4404318920e-18,1.2061747493e-15,3.0729913726e-18,5.4324162549e-16,3.0027063504e-16,1.6272847236e-16,9.0094881316e-16,2.4543229280e-16,3.7667431093e-16,1.7009859025e-15,1.8327588097e-14,4.3347180892e-16,1.3935166850e-14,0.0000000000e+00,0.0000000000e+00,0.0000000000e+00,0.0000000000e+00,0.0000000000e+00,0.0000000000e+00
1.2158999345e+03,1,1.9379845460e+01,6.0299937937e+23,8.1369704198e+24,8.1369704198e+24,9.1777872155e+23,1.1360945859e+25,2.1432264162e-20,1.0417954327e-23,1.5706217140e-14,7.3318690589e+05,1.5713855447e-14,7.6383076990e-18,2.0410329247e-16,1.3516912916e-14,2.9226833740e-15,0.0000000000e+00,5.8480594277e-13,0.0000000000e+00,6.3700802884e-16,8.5096166341e-16,7.4164100334e-16,4.4050515278e-16,2.9374015302e-16,2.0366131619e-16,1.7355928884e-16,1.4956660887e-16,8.3912119452e-17,4.1060429930e-17,1.8085458552e-16,7.7405973751e-16,2.0648888282e-15,2.3346384303e-15,7.7191699205e-16,7.0678792288e-16,5.4930375360e-16,2.7673689467e-15,5.8605810360e-16,3.6706095689e-15,6.8904237307e-17,3.6303848726e-16,2.0152553747e-14,1.4730509965e-14,1.1155592728e-15,1.0756833802e-44,3.6318355984e-17,0.0000000000e+00,8.6901955024e-19,7.0223640342e-18,1.1704684116e-15,2.9008661607e-18,5.2722974506e-16,2.9047900469e-16,1.5717932186e-16,8.9328107232e-16,2.4319402286e-16,3.6304691912e-16,1.6814242467e-15,1.8767037529e-14,4.6847336539e-16,1.5216479761e-14,0.0000000000e+00,0.0000000000e+00,0.0000000000e+00,0.0000000000e+00,0.0000000000e+00,0.0000000000e+00
1.2779417279e+03,1,2.0186705972e+01,5.9328464090e+23,8.3240895143e+24,8.3240895143e+24,9.0468331404e+23,1.1692756786e+25,2.2588045520e-20,9.9811213591e-24,1.7118309096e-14,7.5818319913e+05,1.7125876614e-14,7.5675185229e-18,2.1519870789e-16,1.3846059678e-14,2.9447807610e-15,0.0000000000e+00,6.2068580557e-13,0.0000000000e+00,6.0341983500e-16,8.5187717176e-16,7.0241660054e-16,4.1714221928e-16,2.7810945321e-16,1.9284106679e-16,1.6437891343e-16,1.4168398633e-16,7.9528087305e-17,3.8933098171e-17,1.8152358109e-16,7.7714695383e-16,2.0637301362e-15,2.3333312576e-15,7.7580818842e-16,7.0967173624e-16,5.5261734589e-16,2.8253482045e-15,5.8393876598e-16,3.6783675369e-15,6.9397772292e-17,3.7014548447e-16,2.1447086134e-14,1.6048130834e-14,1.2204827293e-15,1.0147805378e-44,3.5984352482e-17,0.0000000000e+00,8.2012584455e-19,6.6255351306e-18,1.1342752977e-15,2.7374185350e-18,5.1099865887e-16,2.8059704467e-16,1.5160229828e-16,8.8530730599e-16,2.4066250245e-16,3.4944404974e-16,1.6604332639e-15,1.9201694929e-14,5.0568020436e-16,1.6588913807e-14,0.0000000000e+00,0.0000000000e+00,0.0000000000e+00,0.0000000000e+00,0.0000000000e+00,0.0000000000e+00
1.3431492292e+03,1,2.1034800734e+01,5.8377360482e+23,8.5210042068e+24,8.5210042068e+24,8.9201241471e+23,1.2049486200e+25,2.3755683766e-20,9.5654899011e-24,1.8619214209e-14,7.8409506735e+05,1.8626714463e-14,7.5002534483e-18,2.2694049750e-16,1.4169843285e-14,2.9615221095e-15,0.0000000000e+00,6.5807860687e-13,0.0000000000e+00,5.7041001689e-16,8.5120478608e-16,6.6394892621e-16,3.9413797453e-16,2.6265244247e-16,1.8205632386e-16,1.5523927472e-16,1.3381304146e-16,7.5198014106e-17,3.6863042415e-17,1.8185090051e-16,7.7873651241e-16,2.0588456307e-15,2.3271291559e-15,7.7818430818e-16,7.1133803499e-16,5.5526080739e-16,2.8794774614e-15,5.8075299658e-16,3.6779977855e-15,6.9735423494e-17,3.7659589597e-16,2.2779702858e-14,1.7446912140e-14,1.3317988937e-15,9.6035566432e-45,3.5666801978e-17,0.0000000000e+00,7.7638263619e-19,6.2713346766e-18,1.0973521863e-15,2.5910511886e-18,4.9443899262e-16,2.7057166358e-16,1.4596781186e-16,8.7682239582e-16,2.3777219504e-16,3.3579629162e-16,1.6375598471e-15,1.9625753736e-14,5.4503468018e-16,1.8054917840e-14,0.0000000000e+00,0.0000000000e+00,0.0000000000e+00,0.0000000000e+00,0.0000000000e+00,0.0000000000e+00
1.4116839701e+03,1,2.1932990500e+01,5.7433774396e+23,8.7251269546e+24,8.7251269546e+24,8.7941724702e+23,1.2420627168e+25,2.4943505221e-20,9.1773878501e-24,2.0216338762e-14,8.1078338656e+05,2.0223779636e-14,7.4408736009e-18,2.3942401172e-16,1.4495911430e-14,2.9747217519e-15,0.0000000000e+00,6.9727857029e-13,0.0000000000e+00,5.3972110295e-16,8.4937987334e-16,6.2812783220e-16,3.7283006786e-16,2.4841792520e-16,1.7221039742e-16,1.4687442243e-16,1.2662760484e-16,7.1185285761e-17,3.4906750723e-17,1.8194887398e-16,7.7930918798e-16,2.0515783642e-15,2.3175964794e-15,7.7952256817e-16,7.1225433189e-16,5.5760215562e-16,2.9313022030e-15,5.7691286834e-16,3.6719043598e-15,6.9962095091e-17,3.8259786106e-16,2.4159326909e-14,1.8933739020e-14,1.4499836901e-15,9.0502065079e-45,3.5386846319e-17,0.0000000000e+00,7.3188413675e-19,5.9105183382e-18,1.0605721935e-15,2.4423759457e-18,4.7794195407e-16,2.6062119772e-16,1.4039532134e-16,8.6840252349e-16,2.3467459396e-16,3.2236793380e-16,1.6139285287e-15,2.0049750459e-14,5.8682670978e-16,1.9622089023e-14,0.0000000000e+00,0.0000000000e+00,0.0000000000e+00,0.0000000000e+00,0.0000000000e+00,0.0000000000e+00
1.4837157242e+03,1,2.2881431137e+01,5.6505872395e+23,8.9388105069e+24,8.9388105069e+24,8.6707617517e+23,1.2813524894e+25,2.6142332059e-20,8.8116997499e-24,2.1909991028e-14,8.3838651384e+05,2.1917378638e-14,7.3876102344e-18,2.5266959182e-16,1.4819839759e-14,2.9834023128e-15,0.0000000000e+00,7.3817533996e-13,0.0000000000e+00,5.1035271960e-16,8.4616162858e-16,5.9386087428e-16,3.5245141542e-16,2.3480853406e-16,1.6279392524e-16,1.3887041552e-16,1.1974863456e-16,6.7340542459e-17,3.3031035978e-17,1.8175726556e-16,7.7860801654e-16,2.0412532996e-15,2.3040483547e-15,7.7956446095e-16,7.1218576947e-16,5.5948831247e-16,2.9798038872e-15,5.7224741784e-16,3.6589644257e-15,7.0053309108e-17,3.8802979053e-16,2.5579560017e-14,2.0508575323e-14,1.5749757663e-15,8.5256353775e-45,3.5135870849e-17,0.0000000000e+00,6.8967051671e-19,5.5684010544e-18,1.0236465788e-15,2.3013559319e-18,4.6137773252e-16,2.5068019379e-16,1.3484807963e-16,8.5982109243e-16,2.3130147287e-16,3.0907271570e-16,1.5890377137e-15,2.0467444482e-14,6.3096031776e-16,2.1292253704e-14,0.0000000000e+00,0.0000000000e+00,0.0000000000e+00,0.0000000000e+00,0.0000000000e+00,0.0000000000e+00
1.5594229282e+03,1,2.3881383122e+01,5.5586158749e+23,9.1612757882e+24,9.1612757882e+24,8.5510756742e+23,1.3236660856e+25,2.7349365942e-20,8.4663871088e-24,2.3699728899e-14,8.6682330446e+05,2.3707067761e-14,7.3388616504e-18,2.6668936817e-16,1.5137514938e-14,2.9867386913e-15,0.0000000000e+00,7.8065073712e-13,0.0000000000e+00,4.8279970878e-16,8.4131793651e-16,5.6185721469e-16,3.3342218893e-16,2.2212763043e-16,1.5401090402e-16,1.3136974768e-16,1.1327823468e-16,6.3676627917e-17,3.1215064621e-17,1.8122535696e-16,7.7641707036e-16,2.0273197860e-15,2.2859396392e-15,7.7809162616e-16,7.1094088118e-16,5.6080168104e-16,3.0240577117e-15,5.6662913426e-16,3.6382643150e-15,6.9992600395e-17,3.9278208329e-16,2.7033341810e-14,2.2170677719e-14,1.7066485995e-15,8.0303822028e-45,3.4906245700e-17,0.0000000000e+00,6.4960839882e-19,5.2458146098e-18,9.8636574075e-16,2.1678578698e-18,4.4465033525e-16,2.4069980714e-16,1.2929895200e-16,8.5090902204e-16,2.2759919544e-16,2.9584577647e-16,1.5624792548e-15,2.0873080879e-14,6.7730452535e-16,2.3066571283e-14,0.0000000000e+00,0.0000000000e+00,0.0000000000e+00,0.0000000000e+00,0.0000000000e+00,0.0000000000e+00
1.6389931234e+03,1,2.4941600051e+01,5.4691339762e+23,9.3965709116e+24,9.3965709116e+24,8.4323568395e+23,1.3677596790e+25,2.8560494294e-20,8.1426382668e-24,2.5593965346e-14,8.9638729778e+05,2.5601264304e-14,7.2989575128e-18,2.8162477554e-16,1.5456350545e-14,2.9864627816e-15,0.0000000000e+00,8.2501336419e-13,0.0000000000e+00,4.5587731182e-16,8.3533764791e-16,5.3044415136e-16,3.1474971972e-16,2.0966164328e-16,1.4538166863e-16,1.2403302251e-16,1.0697024922e-16,6.0152693621e-17,2.9497941776e-17,1.8046063762e-16,7.7319730500e-16,2.0110351653e-15,2.2647566843e-15,7.7556305944e-16,7.0894632119e-16,5.6187114711e-16,3.0655922581e-15,5.6042589337e-16,3.6121142345e-15,6.9815887412e-17,3.9706895573e-16,2.8530617842e-14,2.3927856977e-14,1.8455478484e-15,7.5587104639e-45,3.4718617402e-17,0.0000000000e+00,6.1162424639e-19,4.9380050819e-18,9.4950110078e-16,2.0409589789e-18,4.2810889281e-16,2.3087630356e-16,1.2385380462e-16,8.4218335328e-16,2.2371152450e-16,2.8292124976e-16,1.5352777821e-15,2.1276878752e-14,7.2614829409e-16,2.4953688054e-14,0.0000000000e+00,0.0000000000e+00,0.0000000000e+00,0.0000000000e+00,0.0000000000e+00,0.0000000000e+00
1.7226234204e+03,1,2.6064042589e+01,5.3812978776e+23,9.6439291280e+24,9.6439291280e+24,8.3158755052e+23,1.4145707701e+25,2.9772989639e-20,7.8383144104e-24,2.7592145726e-14,9.2699497560e+05,2.7599411804e-14,7.2660780756e-18,2.9749832318e-16,1.5771931076e-14,2.9817120017e-15,0.0000000000e+00,8.7113797503e-13,0.0000000000e+00,4.3017385554e-16,8.2798220533e-16,5.0046431246e-16,2.9693288712e-16,1.9777032134e-16,1.3714826367e-16,1.1702961208e-16,1.0094626126e-16,5.6784453694e-17,2.7855280834e-17,1.7940988778e-16,7.6872274844e-16,1.9918158227e-15,2.2399219889e-15,7.7175067420e-16,7.0599651594e-16,5.6256800895e-16,3.1034560596e-15,5.5349813791e-16,3.5795606187e-15,6.9506824315e-17,4.0077941202e-16,3.0064000775e-14,2.5779247839e-14,1.9915327477e-15,7.1116603466e-45,3.4564315226e-17,0.0000000000e+00,5.7560076620e-19,4.6462235472e-18,9.1279347213e-16,1.9206283842e-18,4.1163507448e-16,2.2114691212e-16,1.1847771393e-16,8.3345615154e-16,2.1958182693e-16,2.7021647623e-16,1.5069746100e-15,2.1672705865e-14,7.7732399484e-16,2.6954738764e-14,0.0000000000e+00,0.0000000000e+00,0.0000000000e+00,0.0000000000e+00,0.0000000000e+00,0.0000000000e+00
1.8105209877e+03,1,2.7252346416e+01,5.2944025465e+23,9.9031046490e+24,9.9031046490e+24,8.2030162767e+23,1.4651007186e+25,3.0984910641e-20,7.5520580652e-24,2.9693740258e-14,9.5856269275e+05,2.9700979379e-14,7.2391211148e-18,3.1434775142e-16,1.6080909299e-14,2.9718751128e-15,0.0000000000e+00,9.1892257041e-13,0.0000000000e+00,4.0586268805e-16,8.1909249716e-16,4.7203242037e-16,2.8011544836e-16,1.8656828967e-16,1.2940798223e-16,1.1045080854e-16,9.5308455538e-17,5.3635033241e-17,2.6321617736e-17,1.7803565798e-16,7.6283419005e-16,1.9692843656e-15,2.2110942311e-15,7.6649253027e-16,7.0194795830e-16,5.6279821859e-16,3.1369382477e-15,5.4575602082e-16,3.5400090242e-15,6.9049611707e-17,4.0383637668e-16,3.1627155186e-14,2.7724036232e-14,2.1444707164e-15,6.6708243606e-45,3.4438183812e-17,0.0000000000e+00,5.3992323699e-19,4.3588497182e-18,8.7612207311e-16,1.8018662350e-18,3.9517553586e-16,2.1148410569e-16,1.1315563419e-16,8.2461911596e-16,2.1517788623e-16,2.5769397214e-16,1.4773055290e-15,2.2055948907e-14,8.3066626542e-16,2.9070756616e-14,0.0000000000e+00,0.0000000000e+00,0.0000000000e+00,0.0000000000e+00,0.0000000000e+00,0.0000000000e+00
1.9029035644e+03,1,2.8390136249e+01,5.2067073383e+23,1.0161999439e+25,1.0161999439e+25,8.1125666102e+23,1.5098783928e+25,3.2055993493e-20,7.2677045458e-24,3.1753435087e-14,9.9078619526e+05,3.1760635829e-14,7.2007413352e-18,3.3045740260e-16,1.6347850348e-14,2.9525862485e-15,0.0000000000e+00,9.6484844638e-13,0.0000000000e+00,3.8322507032e-16,8.0767092749e-16,4.4570413496e-16,2.6446191875e-16,1.7611494558e-16,1.2216291621e-16,1.0428398784e-16,8.9997567116e-17,5.0662057532e-17,2.4869896347e-17,1.7609639281e-16,7.5450661316e-16,1.9406808843e-15,2.1753281492e-15,7.5875875541e-16,6.9577118708e-16,5.6152083618e-16,3.1603800420e-15,5.3644718798e-16,3.4888930518e-15,6.8371360982e-17,4.0553907590e-16,3.3113656143e-14,2.9628313877e-14,2.2941180938e-15,6.3029415078e-45,3.4257288145e-17,0.0000000000e+00,5.1123554347e-19,4.1200633089e-18,8.3817707751e-16,1.7052246256e-18,3.7813319881e-16,2.0157132586e-16,1.0771188812e-16,8.1405476394e-16,2.1020102108e-16,2.4493113255e-16,1.4439632360e-15,2.2379863899e-14,8.8292965800e-16,3.1151974153e-14,0.0000000000e+00,0.0000000000e+00,0.0000000000e+00,0.0000000000e+00,0.0000000000e+00,0.0000000000e+00
2.0000000000e+03,1,2.9849584724e+01,5.1273069019e+23,1.0466622814e+25,1.0466622814e+25,7.9802639320e+23,1.5737101622e+25,3.3379805460e-20,7.0319517588e-24,3.4222490389e-14,1.0254613804e+06,3.4229701384e-14,7.2109949573e-18,3.5140141227e-16,1.6691377806e-14,2.9406453557e-15,0.0000000000e+00,1.0199914671e-12,0.0000000000e+00,3.6012736797e-16,7.9777865786e-16,4.1875688604e-16,2.4844587020e-16,1.6543839029e-16,1.1476509195e-16,9.7980895591e-17,8.4565421289e-17,4.7615457298e-17,2.3379589035e-17,1.7454986697e-16,7.4782519804e-16,1.9169129827e-15,2.1446911515e-15,7.5264501982e-16,6.9143658911e-16,5.6259822774e-16,3.1936495890e-15,5.2864495228e-16,3.4450083841e-15,6.7799727254e-17,4.0842935411e-16,3.4855396784e-14,3.1907590091e-14,2.4719866384e-15,5.8940951866e-45,3.4308187794e-17,0.0000000000e+00,4.7727918461e-19,3.8516126551e-18,8.0435907260e-16,1.5925763709e-18,3.6295264136e-16,1.9272571696e-16,1.0286506340e-16,8.0768975299e-16,2.0585744324e-16,2.3360930531e-16,1.4157380118e-15,2.2802020265e-14,9.4406177690e-16,3.3665884606e-14,0.0000000000e+00,0.0000000000e+00,0.0000000000e+00,0.0000000000e+00,0.0000000000e+00,0.0000000000e+00
