/*--------------------------------*- C++ -*----------------------------------*\
| =========                 |                                                 |
| \\      /  F ield         | OpenFOAM: The Open Source CFD Toolbox           |
|  \\    /   O peration     | Version:  2412                                  |
|   \\  /    A nd           | Website:  www.openfoam.com                      |
|    \\/     M anipulation  |                                                 |
\*---------------------------------------------------------------------------*/
FoamFile
{
    version     2.0;
    format      ascii;
    arch        "LSB;label=32;scalar=64";
    note        "nPoints:34191  nCells:16900  nFaces:67730  nInternalFaces:33540";
    class       labelList;
    location    "constant/polyMesh";
    object      neighbour;
}
// * * * * * * * * * * * * * * * * * * * * * * * * * * * * * * * * * * * * * //


33540
(
1
130
2
131
3
132
4
133
5
134
6
135
7
136
8
137
9
138
10
139
11
140
12
141
13
142
14
143
15
144
16
145
17
146
18
147
19
148
20
149
21
150
22
151
23
152
24
153
25
154
26
155
27
156
28
157
29
158
30
159
31
160
32
161
33
162
34
163
35
164
36
165
37
166
38
167
39
168
40
169
41
170
42
171
43
172
44
173
45
174
46
175
47
176
48
177
49
178
50
179
51
180
52
181
53
182
54
183
55
184
56
185
57
186
58
187
59
188
60
189
61
190
62
191
63
192
64
193
65
194
66
195
67
196
68
197
69
198
70
199
71
200
72
201
73
202
74
203
75
204
76
205
77
206
78
207
79
208
80
209
81
210
82
211
83
212
84
213
85
214
86
215
87
216
88
217
89
218
90
219
91
220
92
221
93
222
94
223
95
224
96
225
97
226
98
227
99
228
100
229
101
230
102
231
103
232
104
233
105
234
106
235
107
236
108
237
109
238
110
239
111
240
112
241
113
242
114
243
115
244
116
245
117
246
118
247
119
248
120
249
121
250
122
251
123
252
124
253
125
254
126
255
127
256
128
257
129
258
259
131
260
132
261
133
262
134
263
135
264
136
265
137
266
138
267
139
268
140
269
141
270
142
271
143
272
144
273
145
274
146
275
147
276
148
277
149
278
150
279
151
280
152
281
153
282
154
283
155
284
156
285
157
286
158
287
159
288
160
289
161
290
162
291
163
292
164
293
165
294
166
295
167
296
168
297
169
298
170
299
171
300
172
301
173
302
174
303
175
304
176
305
177
306
178
307
179
308
180
309
181
310
182
311
183
312
184
313
185
314
186
315
187
316
188
317
189
318
190
319
191
320
192
321
193
322
194
323
195
324
196
325
197
326
198
327
199
328
200
329
201
330
202
331
203
332
204
333
205
334
206
335
207
336
208
337
209
338
210
339
211
340
212
341
213
342
214
343
215
344
216
345
217
346
218
347
219
348
220
349
221
350
222
351
223
352
224
353
225
354
226
355
227
356
228
357
229
358
230
359
231
360
232
361
233
362
234
363
235
364
236
365
237
366
238
367
239
368
240
369
241
370
242
371
243
372
244
373
245
374
246
375
247
376
248
377
249
378
250
379
251
380
252
381
253
382
254
383
255
384
256
385
257
386
258
387
259
388
389
261
390
262
391
263
392
264
393
265
394
266
395
267
396
268
397
269
398
270
399
271
400
272
401
273
402
274
403
275
404
276
405
277
406
278
407
279
408
280
409
281
410
282
411
283
412
284
413
285
414
286
415
287
416
288
417
289
418
290
419
291
420
292
421
293
422
294
423
295
424
296
425
297
426
298
427
299
428
300
429
301
430
302
431
303
432
304
433
305
434
306
435
307
436
308
437
309
438
310
439
311
440
312
441
313
442
314
443
315
444
316
445
317
446
318
447
319
448
320
449
321
450
322
451
323
452
324
453
325
454
326
455
327
456
328
457
329
458
330
459
331
460
332
461
333
462
334
463
335
464
336
465
337
466
338
467
339
468
340
469
341
470
342
471
343
472
344
473
345
474
346
475
347
476
348
477
349
478
350
479
351
480
352
481
353
482
354
483
355
484
356
485
357
486
358
487
359
488
360
489
361
490
362
491
363
492
364
493
365
494
366
495
367
496
368
497
369
498
370
499
371
500
372
501
373
502
374
503
375
504
376
505
377
506
378
507
379
508
380
509
381
510
382
511
383
512
384
513
385
514
386
515
387
516
388
517
389
518
519
391
520
392
521
393
522
394
523
395
524
396
525
397
526
398
527
399
528
400
529
401
530
402
531
403
532
404
533
405
534
406
535
407
536
408
537
409
538
410
539
411
540
412
541
413
542
414
543
415
544
416
545
417
546
418
547
419
548
420
549
421
550
422
551
423
552
424
553
425
554
426
555
427
556
428
557
429
558
430
559
431
560
432
561
433
562
434
563
435
564
436
565
437
566
438
567
439
568
440
569
441
570
442
571
443
572
444
573
445
574
446
575
447
576
448
577
449
578
450
579
451
580
452
581
453
582
454
583
455
584
456
585
457
586
458
587
459
588
460
589
461
590
462
591
463
592
464
593
465
594
466
595
467
596
468
597
469
598
470
599
471
600
472
601
473
602
474
603
475
604
476
605
477
606
478
607
479
608
480
609
481
610
482
611
483
612
484
613
485
614
486
615
487
616
488
617
489
618
490
619
491
620
492
621
493
622
494
623
495
624
496
625
497
626
498
627
499
628
500
629
501
630
502
631
503
632
504
633
505
634
506
635
507
636
508
637
509
638
510
639
511
640
512
641
513
642
514
643
515
644
516
645
517
646
518
647
519
648
649
521
650
522
651
523
652
524
653
525
654
526
655
527
656
528
657
529
658
530
659
531
660
532
661
533
662
534
663
535
664
536
665
537
666
538
667
539
668
540
669
541
670
542
671
543
672
544
673
545
674
546
675
547
676
548
677
549
678
550
679
551
680
552
681
553
682
554
683
555
684
556
685
557
686
558
687
559
688
560
689
561
690
562
691
563
692
564
693
565
694
566
695
567
696
568
697
569
698
570
699
571
700
572
701
573
702
574
703
575
704
576
705
577
706
578
707
579
708
580
709
581
710
582
711
583
712
584
713
585
714
586
715
587
716
588
717
589
718
590
719
591
720
592
721
593
722
594
723
595
724
596
725
597
726
598
727
599
728
600
729
601
730
602
731
603
732
604
733
605
734
606
735
607
736
608
737
609
738
610
739
611
740
612
741
613
742
614
743
615
744
616
745
617
746
618
747
619
748
620
749
621
750
622
751
623
752
624
753
625
754
626
755
627
756
628
757
629
758
630
759
631
760
632
761
633
762
634
763
635
764
636
765
637
766
638
767
639
768
640
769
641
770
642
771
643
772
644
773
645
774
646
775
647
776
648
777
649
778
779
651
780
652
781
653
782
654
783
655
784
656
785
657
786
658
787
659
788
660
789
661
790
662
791
663
792
664
793
665
794
666
795
667
796
668
797
669
798
670
799
671
800
672
801
673
802
674
803
675
804
676
805
677
806
678
807
679
808
680
809
681
810
682
811
683
812
684
813
685
814
686
815
687
816
688
817
689
818
690
819
691
820
692
821
693
822
694
823
695
824
696
825
697
826
698
827
699
828
700
829
701
830
702
831
703
832
704
833
705
834
706
835
707
836
708
837
709
838
710
839
711
840
712
841
713
842
714
843
715
844
716
845
717
846
718
847
719
848
720
849
721
850
722
851
723
852
724
853
725
854
726
855
727
856
728
857
729
858
730
859
731
860
732
861
733
862
734
863
735
864
736
865
737
866
738
867
739
868
740
869
741
870
742
871
743
872
744
873
745
874
746
875
747
876
748
877
749
878
750
879
751
880
752
881
753
882
754
883
755
884
756
885
757
886
758
887
759
888
760
889
761
890
762
891
763
892
764
893
765
894
766
895
767
896
768
897
769
898
770
899
771
900
772
901
773
902
774
903
775
904
776
905
777
906
778
907
779
908
909
781
910
782
911
783
912
784
913
785
914
786
915
787
916
788
917
789
918
790
919
791
920
792
921
793
922
794
923
795
924
796
925
797
926
798
927
799
928
800
929
801
930
802
931
803
932
804
933
805
934
806
935
807
936
808
937
809
938
810
939
811
940
812
941
813
942
814
943
815
944
816
945
817
946
818
947
819
948
820
949
821
950
822
951
823
952
824
953
825
954
826
955
827
956
828
957
829
958
830
959
831
960
832
961
833
962
834
963
835
964
836
965
837
966
838
967
839
968
840
969
841
970
842
971
843
972
844
973
845
974
846
975
847
976
848
977
849
978
850
979
851
980
852
981
853
982
854
983
855
984
856
985
857
986
858
987
859
988
860
989
861
990
862
991
863
992
864
993
865
994
866
995
867
996
868
997
869
998
870
999
871
1000
872
1001
873
1002
874
1003
875
1004
876
1005
877
1006
878
1007
879
1008
880
1009
881
1010
882
1011
883
1012
884
1013
885
1014
886
1015
887
1016
888
1017
889
1018
890
1019
891
1020
892
1021
893
1022
894
1023
895
1024
896
1025
897
1026
898
1027
899
1028
900
1029
901
1030
902
1031
903
1032
904
1033
905
1034
906
1035
907
1036
908
1037
909
1038
1039
911
1040
912
1041
913
1042
914
1043
915
1044
916
1045
917
1046
918
1047
919
1048
920
1049
921
1050
922
1051
923
1052
924
1053
925
1054
926
1055
927
1056
928
1057
929
1058
930
1059
931
1060
932
1061
933
1062
934
1063
935
1064
936
1065
937
1066
938
1067
939
1068
940
1069
941
1070
942
1071
943
1072
944
1073
945
1074
946
1075
947
1076
948
1077
949
1078
950
1079
951
1080
952
1081
953
1082
954
1083
955
1084
956
1085
957
1086
958
1087
959
1088
960
1089
961
1090
962
1091
963
1092
964
1093
965
1094
966
1095
967
1096
968
1097
969
1098
970
1099
971
1100
972
1101
973
1102
974
1103
975
1104
976
1105
977
1106
978
1107
979
1108
980
1109
981
1110
982
1111
983
1112
984
1113
985
1114
986
1115
987
1116
988
1117
989
1118
990
1119
991
1120
992
1121
993
1122
994
1123
995
1124
996
1125
997
1126
998
1127
999
1128
1000
1129
1001
1130
1002
1131
1003
1132
1004
1133
1005
1134
1006
1135
1007
1136
1008
1137
1009
1138
1010
1139
1011
1140
1012
1141
1013
1142
1014
1143
1015
1144
1016
1145
1017
1146
1018
1147
1019
1148
1020
1149
1021
1150
1022
1151
1023
1152
1024
1153
1025
1154
1026
1155
1027
1156
1028
1157
1029
1158
1030
1159
1031
1160
1032
1161
1033
1162
1034
1163
1035
1164
1036
1165
1037
1166
1038
1167
1039
1168
1169
1041
1170
1042
1171
1043
1172
1044
1173
1045
1174
1046
1175
1047
1176
1048
1177
1049
1178
1050
1179
1051
1180
1052
1181
1053
1182
1054
1183
1055
1184
1056
1185
1057
1186
1058
1187
1059
1188
1060
1189
1061
1190
1062
1191
1063
1192
1064
1193
1065
1194
1066
1195
1067
1196
1068
1197
1069
1198
1070
1199
1071
1200
1072
1201
1073
1202
1074
1203
1075
1204
1076
1205
1077
1206
1078
1207
1079
1208
1080
1209
1081
1210
1082
1211
1083
1212
1084
1213
1085
1214
1086
1215
1087
1216
1088
1217
1089
1218
1090
1219
1091
1220
1092
1221
1093
1222
1094
1223
1095
1224
1096
1225
1097
1226
1098
1227
1099
1228
1100
1229
1101
1230
1102
1231
1103
1232
1104
1233
1105
1234
1106
1235
1107
1236
1108
1237
1109
1238
1110
1239
1111
1240
1112
1241
1113
1242
1114
1243
1115
1244
1116
1245
1117
1246
1118
1247
1119
1248
1120
1249
1121
1250
1122
1251
1123
1252
1124
1253
1125
1254
1126
1255
1127
1256
1128
1257
1129
1258
1130
1259
1131
1260
1132
1261
1133
1262
1134
1263
1135
1264
1136
1265
1137
1266
1138
1267
1139
1268
1140
1269
1141
1270
1142
1271
1143
1272
1144
1273
1145
1274
1146
1275
1147
1276
1148
1277
1149
1278
1150
1279
1151
1280
1152
1281
1153
1282
1154
1283
1155
1284
1156
1285
1157
1286
1158
1287
1159
1288
1160
1289
1161
1290
1162
1291
1163
1292
1164
1293
1165
1294
1166
1295
1167
1296
1168
1297
1169
1298
1299
1171
1300
1172
1301
1173
1302
1174
1303
1175
1304
1176
1305
1177
1306
1178
1307
1179
1308
1180
1309
1181
1310
1182
1311
1183
1312
1184
1313
1185
1314
1186
1315
1187
1316
1188
1317
1189
1318
1190
1319
1191
1320
1192
1321
1193
1322
1194
1323
1195
1324
1196
1325
1197
1326
1198
1327
1199
1328
1200
1329
1201
1330
1202
1331
1203
1332
1204
1333
1205
1334
1206
1335
1207
1336
1208
1337
1209
1338
1210
1339
1211
1340
1212
1341
1213
1342
1214
1343
1215
1344
1216
1345
1217
1346
1218
1347
1219
1348
1220
1349
1221
1350
1222
1351
1223
1352
1224
1353
1225
1354
1226
1355
1227
1356
1228
1357
1229
1358
1230
1359
1231
1360
1232
1361
1233
1362
1234
1363
1235
1364
1236
1365
1237
1366
1238
1367
1239
1368
1240
1369
1241
1370
1242
1371
1243
1372
1244
1373
1245
1374
1246
1375
1247
1376
1248
1377
1249
1378
1250
1379
1251
1380
1252
1381
1253
1382
1254
1383
1255
1384
1256
1385
1257
1386
1258
1387
1259
1388
1260
1389
1261
1390
1262
1391
1263
1392
1264
1393
1265
1394
1266
1395
1267
1396
1268
1397
1269
1398
1270
1399
1271
1400
1272
1401
1273
1402
1274
1403
1275
1404
1276
1405
1277
1406
1278
1407
1279
1408
1280
1409
1281
1410
1282
1411
1283
1412
1284
1413
1285
1414
1286
1415
1287
1416
1288
1417
1289
1418
1290
1419
1291
1420
1292
1421
1293
1422
1294
1423
1295
1424
1296
1425
1297
1426
1298
1427
1299
1428
1429
1301
1430
1302
1431
1303
1432
1304
1433
1305
1434
1306
1435
1307
1436
1308
1437
1309
1438
1310
1439
1311
1440
1312
1441
1313
1442
1314
1443
1315
1444
1316
1445
1317
1446
1318
1447
1319
1448
1320
1449
1321
1450
1322
1451
1323
1452
1324
1453
1325
1454
1326
1455
1327
1456
1328
1457
1329
1458
1330
1459
1331
1460
1332
1461
1333
1462
1334
1463
1335
1464
1336
1465
1337
1466
1338
1467
1339
1468
1340
1469
1341
1470
1342
1471
1343
1472
1344
1473
1345
1474
1346
1475
1347
1476
1348
1477
1349
1478
1350
1479
1351
1480
1352
1481
1353
1482
1354
1483
1355
1484
1356
1485
1357
1486
1358
1487
1359
1488
1360
1489
1361
1490
1362
1491
1363
1492
1364
1493
1365
1494
1366
1495
1367
1496
1368
1497
1369
1498
1370
1499
1371
1500
1372
1501
1373
1502
1374
1503
1375
1504
1376
1505
1377
1506
1378
1507
1379
1508
1380
1509
1381
1510
1382
1511
1383
1512
1384
1513
1385
1514
1386
1515
1387
1516
1388
1517
1389
1518
1390
1519
1391
1520
1392
1521
1393
1522
1394
1523
1395
1524
1396
1525
1397
1526
1398
1527
1399
1528
1400
1529
1401
1530
1402
1531
1403
1532
1404
1533
1405
1534
1406
1535
1407
1536
1408
1537
1409
1538
1410
1539
1411
1540
1412
1541
1413
1542
1414
1543
1415
1544
1416
1545
1417
1546
1418
1547
1419
1548
1420
1549
1421
1550
1422
1551
1423
1552
1424
1553
1425
1554
1426
1555
1427
1556
1428
1557
1429
1558
1559
1431
1560
1432
1561
1433
1562
1434
1563
1435
1564
1436
1565
1437
1566
1438
1567
1439
1568
1440
1569
1441
1570
1442
1571
1443
1572
1444
1573
1445
1574
1446
1575
1447
1576
1448
1577
1449
1578
1450
1579
1451
1580
1452
1581
1453
1582
1454
1583
1455
1584
1456
1585
1457
1586
1458
1587
1459
1588
1460
1589
1461
1590
1462
1591
1463
1592
1464
1593
1465
1594
1466
1595
1467
1596
1468
1597
1469
1598
1470
1599
1471
1600
1472
1601
1473
1602
1474
1603
1475
1604
1476
1605
1477
1606
1478
1607
1479
1608
1480
1609
1481
1610
1482
1611
1483
1612
1484
1613
1485
1614
1486
1615
1487
1616
1488
1617
1489
1618
1490
1619
1491
1620
1492
1621
1493
1622
1494
1623
1495
1624
1496
1625
1497
1626
1498
1627
1499
1628
1500
1629
1501
1630
1502
1631
1503
1632
1504
1633
1505
1634
1506
1635
1507
1636
1508
1637
1509
1638
1510
1639
1511
1640
1512
1641
1513
1642
1514
1643
1515
1644
1516
1645
1517
1646
1518
1647
1519
1648
1520
1649
1521
1650
1522
1651
1523
1652
1524
1653
1525
1654
1526
1655
1527
1656
1528
1657
1529
1658
1530
1659
1531
1660
1532
1661
1533
1662
1534
1663
1535
1664
1536
1665
1537
1666
1538
1667
1539
1668
1540
1669
1541
1670
1542
1671
1543
1672
1544
1673
1545
1674
1546
1675
1547
1676
1548
1677
1549
1678
1550
1679
1551
1680
1552
1681
1553
1682
1554
1683
1555
1684
1556
1685
1557
1686
1558
1687
1559
1688
1689
1561
1690
1562
1691
1563
1692
1564
1693
1565
1694
1566
1695
1567
1696
1568
1697
1569
1698
1570
1699
1571
1700
1572
1701
1573
1702
1574
1703
1575
1704
1576
1705
1577
1706
1578
1707
1579
1708
1580
1709
1581
1710
1582
1711
1583
1712
1584
1713
1585
1714
1586
1715
1587
1716
1588
1717
1589
1718
1590
1719
1591
1720
1592
1721
1593
1722
1594
1723
1595
1724
1596
1725
1597
1726
1598
1727
1599
1728
1600
1729
1601
1730
1602
1731
1603
1732
1604
1733
1605
1734
1606
1735
1607
1736
1608
1737
1609
1738
1610
1739
1611
1740
1612
1741
1613
1742
1614
1743
1615
1744
1616
1745
1617
1746
1618
1747
1619
1748
1620
1749
1621
1750
1622
1751
1623
1752
1624
1753
1625
1754
1626
1755
1627
1756
1628
1757
1629
1758
1630
1759
1631
1760
1632
1761
1633
1762
1634
1763
1635
1764
1636
1765
1637
1766
1638
1767
1639
1768
1640
1769
1641
1770
1642
1771
1643
1772
1644
1773
1645
1774
1646
1775
1647
1776
1648
1777
1649
1778
1650
1779
1651
1780
1652
1781
1653
1782
1654
1783
1655
1784
1656
1785
1657
1786
1658
1787
1659
1788
1660
1789
1661
1790
1662
1791
1663
1792
1664
1793
1665
1794
1666
1795
1667
1796
1668
1797
1669
1798
1670
1799
1671
1800
1672
1801
1673
1802
1674
1803
1675
1804
1676
1805
1677
1806
1678
1807
1679
1808
1680
1809
1681
1810
1682
1811
1683
1812
1684
1813
1685
1814
1686
1815
1687
1816
1688
1817
1689
1818
1819
1691
1820
1692
1821
1693
1822
1694
1823
1695
1824
1696
1825
1697
1826
1698
1827
1699
1828
1700
1829
1701
1830
1702
1831
1703
1832
1704
1833
1705
1834
1706
1835
1707
1836
1708
1837
1709
1838
1710
1839
1711
1840
1712
1841
1713
1842
1714
1843
1715
1844
1716
1845
1717
1846
1718
1847
1719
1848
1720
1849
1721
1850
1722
1851
1723
1852
1724
1853
1725
1854
1726
1855
1727
1856
1728
1857
1729
1858
1730
1859
1731
1860
1732
1861
1733
1862
1734
1863
1735
1864
1736
1865
1737
1866
1738
1867
1739
1868
1740
1869
1741
1870
1742
1871
1743
1872
1744
1873
1745
1874
1746
1875
1747
1876
1748
1877
1749
1878
1750
1879
1751
1880
1752
1881
1753
1882
1754
1883
1755
1884
1756
1885
1757
1886
1758
1887
1759
1888
1760
1889
1761
1890
1762
1891
1763
1892
1764
1893
1765
1894
1766
1895
1767
1896
1768
1897
1769
1898
1770
1899
1771
1900
1772
1901
1773
1902
1774
1903
1775
1904
1776
1905
1777
1906
1778
1907
1779
1908
1780
1909
1781
1910
1782
1911
1783
1912
1784
1913
1785
1914
1786
1915
1787
1916
1788
1917
1789
1918
1790
1919
1791
1920
1792
1921
1793
1922
1794
1923
1795
1924
1796
1925
1797
1926
1798
1927
1799
1928
1800
1929
1801
1930
1802
1931
1803
1932
1804
1933
1805
1934
1806
1935
1807
1936
1808
1937
1809
1938
1810
1939
1811
1940
1812
1941
1813
1942
1814
1943
1815
1944
1816
1945
1817
1946
1818
1947
1819
1948
1949
1821
1950
1822
1951
1823
1952
1824
1953
1825
1954
1826
1955
1827
1956
1828
1957
1829
1958
1830
1959
1831
1960
1832
1961
1833
1962
1834
1963
1835
1964
1836
1965
1837
1966
1838
1967
1839
1968
1840
1969
1841
1970
1842
1971
1843
1972
1844
1973
1845
1974
1846
1975
1847
1976
1848
1977
1849
1978
1850
1979
1851
1980
1852
1981
1853
1982
1854
1983
1855
1984
1856
1985
1857
1986
1858
1987
1859
1988
1860
1989
1861
1990
1862
1991
1863
1992
1864
1993
1865
1994
1866
1995
1867
1996
1868
1997
1869
1998
1870
1999
1871
2000
1872
2001
1873
2002
1874
2003
1875
2004
1876
2005
1877
2006
1878
2007
1879
2008
1880
2009
1881
2010
1882
2011
1883
2012
1884
2013
1885
2014
1886
2015
1887
2016
1888
2017
1889
2018
1890
2019
1891
2020
1892
2021
1893
2022
1894
2023
1895
2024
1896
2025
1897
2026
1898
2027
1899
2028
1900
2029
1901
2030
1902
2031
1903
2032
1904
2033
1905
2034
1906
2035
1907
2036
1908
2037
1909
2038
1910
2039
1911
2040
1912
2041
1913
2042
1914
2043
1915
2044
1916
2045
1917
2046
1918
2047
1919
2048
1920
2049
1921
2050
1922
2051
1923
2052
1924
2053
1925
2054
1926
2055
1927
2056
1928
2057
1929
2058
1930
2059
1931
2060
1932
2061
1933
2062
1934
2063
1935
2064
1936
2065
1937
2066
1938
2067
1939
2068
1940
2069
1941
2070
1942
2071
1943
2072
1944
2073
1945
2074
1946
2075
1947
2076
1948
2077
1949
2078
2079
1951
2080
1952
2081
1953
2082
1954
2083
1955
2084
1956
2085
1957
2086
1958
2087
1959
2088
1960
2089
1961
2090
1962
2091
1963
2092
1964
2093
1965
2094
1966
2095
1967
2096
1968
2097
1969
2098
1970
2099
1971
2100
1972
2101
1973
2102
1974
2103
1975
2104
1976
2105
1977
2106
1978
2107
1979
2108
1980
2109
1981
2110
1982
2111
1983
2112
1984
2113
1985
2114
1986
2115
1987
2116
1988
2117
1989
2118
1990
2119
1991
2120
1992
2121
1993
2122
1994
2123
1995
2124
1996
2125
1997
2126
1998
2127
1999
2128
2000
2129
2001
2130
2002
2131
2003
2132
2004
2133
2005
2134
2006
2135
2007
2136
2008
2137
2009
2138
2010
2139
2011
2140
2012
2141
2013
2142
2014
2143
2015
2144
2016
2145
2017
2146
2018
2147
2019
2148
2020
2149
2021
2150
2022
2151
2023
2152
2024
2153
2025
2154
2026
2155
2027
2156
2028
2157
2029
2158
2030
2159
2031
2160
2032
2161
2033
2162
2034
2163
2035
2164
2036
2165
2037
2166
2038
2167
2039
2168
2040
2169
2041
2170
2042
2171
2043
2172
2044
2173
2045
2174
2046
2175
2047
2176
2048
2177
2049
2178
2050
2179
2051
2180
2052
2181
2053
2182
2054
2183
2055
2184
2056
2185
2057
2186
2058
2187
2059
2188
2060
2189
2061
2190
2062
2191
2063
2192
2064
2193
2065
2194
2066
2195
2067
2196
2068
2197
2069
2198
2070
2199
2071
2200
2072
2201
2073
2202
2074
2203
2075
2204
2076
2205
2077
2206
2078
2207
2079
2208
2209
2081
2210
2082
2211
2083
2212
2084
2213
2085
2214
2086
2215
2087
2216
2088
2217
2089
2218
2090
2219
2091
2220
2092
2221
2093
2222
2094
2223
2095
2224
2096
2225
2097
2226
2098
2227
2099
2228
2100
2229
2101
2230
2102
2231
2103
2232
2104
2233
2105
2234
2106
2235
2107
2236
2108
2237
2109
2238
2110
2239
2111
2240
2112
2241
2113
2242
2114
2243
2115
2244
2116
2245
2117
2246
2118
2247
2119
2248
2120
2249
2121
2250
2122
2251
2123
2252
2124
2253
2125
2254
2126
2255
2127
2256
2128
2257
2129
2258
2130
2259
2131
2260
2132
2261
2133
2262
2134
2263
2135
2264
2136
2265
2137
2266
2138
2267
2139
2268
2140
2269
2141
2270
2142
2271
2143
2272
2144
2273
2145
2274
2146
2275
2147
2276
2148
2277
2149
2278
2150
2279
2151
2280
2152
2281
2153
2282
2154
2283
2155
2284
2156
2285
2157
2286
2158
2287
2159
2288
2160
2289
2161
2290
2162
2291
2163
2292
2164
2293
2165
2294
2166
2295
2167
2296
2168
2297
2169
2298
2170
2299
2171
2300
2172
2301
2173
2302
2174
2303
2175
2304
2176
2305
2177
2306
2178
2307
2179
2308
2180
2309
2181
2310
2182
2311
2183
2312
2184
2313
2185
2314
2186
2315
2187
2316
2188
2317
2189
2318
2190
2319
2191
2320
2192
2321
2193
2322
2194
2323
2195
2324
2196
2325
2197
2326
2198
2327
2199
2328
2200
2329
2201
2330
2202
2331
2203
2332
2204
2333
2205
2334
2206
2335
2207
2336
2208
2337
2209
2338
2339
2211
2340
2212
2341
2213
2342
2214
2343
2215
2344
2216
2345
2217
2346
2218
2347
2219
2348
2220
2349
2221
2350
2222
2351
2223
2352
2224
2353
2225
2354
2226
2355
2227
2356
2228
2357
2229
2358
2230
2359
2231
2360
2232
2361
2233
2362
2234
2363
2235
2364
2236
2365
2237
2366
2238
2367
2239
2368
2240
2369
2241
2370
2242
2371
2243
2372
2244
2373
2245
2374
2246
2375
2247
2376
2248
2377
2249
2378
2250
2379
2251
2380
2252
2381
2253
2382
2254
2383
2255
2384
2256
2385
2257
2386
2258
2387
2259
2388
2260
2389
2261
2390
2262
2391
2263
2392
2264
2393
2265
2394
2266
2395
2267
2396
2268
2397
2269
2398
2270
2399
2271
2400
2272
2401
2273
2402
2274
2403
2275
2404
2276
2405
2277
2406
2278
2407
2279
2408
2280
2409
2281
2410
2282
2411
2283
2412
2284
2413
2285
2414
2286
2415
2287
2416
2288
2417
2289
2418
2290
2419
2291
2420
2292
2421
2293
2422
2294
2423
2295
2424
2296
2425
2297
2426
2298
2427
2299
2428
2300
2429
2301
2430
2302
2431
2303
2432
2304
2433
2305
2434
2306
2435
2307
2436
2308
2437
2309
2438
2310
2439
2311
2440
2312
2441
2313
2442
2314
2443
2315
2444
2316
2445
2317
2446
2318
2447
2319
2448
2320
2449
2321
2450
2322
2451
2323
2452
2324
2453
2325
2454
2326
2455
2327
2456
2328
2457
2329
2458
2330
2459
2331
2460
2332
2461
2333
2462
2334
2463
2335
2464
2336
2465
2337
2466
2338
2467
2339
2468
2469
2341
2470
2342
2471
2343
2472
2344
2473
2345
2474
2346
2475
2347
2476
2348
2477
2349
2478
2350
2479
2351
2480
2352
2481
2353
2482
2354
2483
2355
2484
2356
2485
2357
2486
2358
2487
2359
2488
2360
2489
2361
2490
2362
2491
2363
2492
2364
2493
2365
2494
2366
2495
2367
2496
2368
2497
2369
2498
2370
2499
2371
2500
2372
2501
2373
2502
2374
2503
2375
2504
2376
2505
2377
2506
2378
2507
2379
2508
2380
2509
2381
2510
2382
2511
2383
2512
2384
2513
2385
2514
2386
2515
2387
2516
2388
2517
2389
2518
2390
2519
2391
2520
2392
2521
2393
2522
2394
2523
2395
2524
2396
2525
2397
2526
2398
2527
2399
2528
2400
2529
2401
2530
2402
2531
2403
2532
2404
2533
2405
2534
2406
2535
2407
2536
2408
2537
2409
2538
2410
2539
2411
2540
2412
2541
2413
2542
2414
2543
2415
2544
2416
2545
2417
2546
2418
2547
2419
2548
2420
2549
2421
2550
2422
2551
2423
2552
2424
2553
2425
2554
2426
2555
2427
2556
2428
2557
2429
2558
2430
2559
2431
2560
2432
2561
2433
2562
2434
2563
2435
2564
2436
2565
2437
2566
2438
2567
2439
2568
2440
2569
2441
2570
2442
2571
2443
2572
2444
2573
2445
2574
2446
2575
2447
2576
2448
2577
2449
2578
2450
2579
2451
2580
2452
2581
2453
2582
2454
2583
2455
2584
2456
2585
2457
2586
2458
2587
2459
2588
2460
2589
2461
2590
2462
2591
2463
2592
2464
2593
2465
2594
2466
2595
2467
2596
2468
2597
2469
2598
2599
2471
2600
2472
2601
2473
2602
2474
2603
2475
2604
2476
2605
2477
2606
2478
2607
2479
2608
2480
2609
2481
2610
2482
2611
2483
2612
2484
2613
2485
2614
2486
2615
2487
2616
2488
2617
2489
2618
2490
2619
2491
2620
2492
2621
2493
2622
2494
2623
2495
2624
2496
2625
2497
2626
2498
2627
2499
2628
2500
2629
2501
2630
2502
2631
2503
2632
2504
2633
2505
2634
2506
2635
2507
2636
2508
2637
2509
2638
2510
2639
2511
2640
2512
2641
2513
2642
2514
2643
2515
2644
2516
2645
2517
2646
2518
2647
2519
2648
2520
2649
2521
2650
2522
2651
2523
2652
2524
2653
2525
2654
2526
2655
2527
2656
2528
2657
2529
2658
2530
2659
2531
2660
2532
2661
2533
2662
2534
2663
2535
2664
2536
2665
2537
2666
2538
2667
2539
2668
2540
2669
2541
2670
2542
2671
2543
2672
2544
2673
2545
2674
2546
2675
2547
2676
2548
2677
2549
2678
2550
2679
2551
2680
2552
2681
2553
2682
2554
2683
2555
2684
2556
2685
2557
2686
2558
2687
2559
2688
2560
2689
2561
2690
2562
2691
2563
2692
2564
2693
2565
2694
2566
2695
2567
2696
2568
2697
2569
2698
2570
2699
2571
2700
2572
2701
2573
2702
2574
2703
2575
2704
2576
2705
2577
2706
2578
2707
2579
2708
2580
2709
2581
2710
2582
2711
2583
2712
2584
2713
2585
2714
2586
2715
2587
2716
2588
2717
2589
2718
2590
2719
2591
2720
2592
2721
2593
2722
2594
2723
2595
2724
2596
2725
2597
2726
2598
2727
2599
2728
2729
2601
2730
2602
2731
2603
2732
2604
2733
2605
2734
2606
2735
2607
2736
2608
2737
2609
2738
2610
2739
2611
2740
2612
2741
2613
2742
2614
2743
2615
2744
2616
2745
2617
2746
2618
2747
2619
2748
2620
2749
2621
2750
2622
2751
2623
2752
2624
2753
2625
2754
2626
2755
2627
2756
2628
2757
2629
2758
2630
2759
2631
2760
2632
2761
2633
2762
2634
2763
2635
2764
2636
2765
2637
2766
2638
2767
2639
2768
2640
2769
2641
2770
2642
2771
2643
2772
2644
2773
2645
2774
2646
2775
2647
2776
2648
2777
2649
2778
2650
2779
2651
2780
2652
2781
2653
2782
2654
2783
2655
2784
2656
2785
2657
2786
2658
2787
2659
2788
2660
2789
2661
2790
2662
2791
2663
2792
2664
2793
2665
2794
2666
2795
2667
2796
2668
2797
2669
2798
2670
2799
2671
2800
2672
2801
2673
2802
2674
2803
2675
2804
2676
2805
2677
2806
2678
2807
2679
2808
2680
2809
2681
2810
2682
2811
2683
2812
2684
2813
2685
2814
2686
2815
2687
2816
2688
2817
2689
2818
2690
2819
2691
2820
2692
2821
2693
2822
2694
2823
2695
2824
2696
2825
2697
2826
2698
2827
2699
2828
2700
2829
2701
2830
2702
2831
2703
2832
2704
2833
2705
2834
2706
2835
2707
2836
2708
2837
2709
2838
2710
2839
2711
2840
2712
2841
2713
2842
2714
2843
2715
2844
2716
2845
2717
2846
2718
2847
2719
2848
2720
2849
2721
2850
2722
2851
2723
2852
2724
2853
2725
2854
2726
2855
2727
2856
2728
2857
2729
2858
2859
2731
2860
2732
2861
2733
2862
2734
2863
2735
2864
2736
2865
2737
2866
2738
2867
2739
2868
2740
2869
2741
2870
2742
2871
2743
2872
2744
2873
2745
2874
2746
2875
2747
2876
2748
2877
2749
2878
2750
2879
2751
2880
2752
2881
2753
2882
2754
2883
2755
2884
2756
2885
2757
2886
2758
2887
2759
2888
2760
2889
2761
2890
2762
2891
2763
2892
2764
2893
2765
2894
2766
2895
2767
2896
2768
2897
2769
2898
2770
2899
2771
2900
2772
2901
2773
2902
2774
2903
2775
2904
2776
2905
2777
2906
2778
2907
2779
2908
2780
2909
2781
2910
2782
2911
2783
2912
2784
2913
2785
2914
2786
2915
2787
2916
2788
2917
2789
2918
2790
2919
2791
2920
2792
2921
2793
2922
2794
2923
2795
2924
2796
2925
2797
2926
2798
2927
2799
2928
2800
2929
2801
2930
2802
2931
2803
2932
2804
2933
2805
2934
2806
2935
2807
2936
2808
2937
2809
2938
2810
2939
2811
2940
2812
2941
2813
2942
2814
2943
2815
2944
2816
2945
2817
2946
2818
2947
2819
2948
2820
2949
2821
2950
2822
2951
2823
2952
2824
2953
2825
2954
2826
2955
2827
2956
2828
2957
2829
2958
2830
2959
2831
2960
2832
2961
2833
2962
2834
2963
2835
2964
2836
2965
2837
2966
2838
2967
2839
2968
2840
2969
2841
2970
2842
2971
2843
2972
2844
2973
2845
2974
2846
2975
2847
2976
2848
2977
2849
2978
2850
2979
2851
2980
2852
2981
2853
2982
2854
2983
2855
2984
2856
2985
2857
2986
2858
2987
2859
2988
2989
2861
2990
2862
2991
2863
2992
2864
2993
2865
2994
2866
2995
2867
2996
2868
2997
2869
2998
2870
2999
2871
3000
2872
3001
2873
3002
2874
3003
2875
3004
2876
3005
2877
3006
2878
3007
2879
3008
2880
3009
2881
3010
2882
3011
2883
3012
2884
3013
2885
3014
2886
3015
2887
3016
2888
3017
2889
3018
2890
3019
2891
3020
2892
3021
2893
3022
2894
3023
2895
3024
2896
3025
2897
3026
2898
3027
2899
3028
2900
3029
2901
3030
2902
3031
2903
3032
2904
3033
2905
3034
2906
3035
2907
3036
2908
3037
2909
3038
2910
3039
2911
3040
2912
3041
2913
3042
2914
3043
2915
3044
2916
3045
2917
3046
2918
3047
2919
3048
2920
3049
2921
3050
2922
3051
2923
3052
2924
3053
2925
3054
2926
3055
2927
3056
2928
3057
2929
3058
2930
3059
2931
3060
2932
3061
2933
3062
2934
3063
2935
3064
2936
3065
2937
3066
2938
3067
2939
3068
2940
3069
2941
3070
2942
3071
2943
3072
2944
3073
2945
3074
2946
3075
2947
3076
2948
3077
2949
3078
2950
3079
2951
3080
2952
3081
2953
3082
2954
3083
2955
3084
2956
3085
2957
3086
2958
3087
2959
3088
2960
3089
2961
3090
2962
3091
2963
3092
2964
3093
2965
3094
2966
3095
2967
3096
2968
3097
2969
3098
2970
3099
2971
3100
2972
3101
2973
3102
2974
3103
2975
3104
2976
3105
2977
3106
2978
3107
2979
3108
2980
3109
2981
3110
2982
3111
2983
3112
2984
3113
2985
3114
2986
3115
2987
3116
2988
3117
2989
3118
3119
2991
3120
2992
3121
2993
3122
2994
3123
2995
3124
2996
3125
2997
3126
2998
3127
2999
3128
3000
3129
3001
3130
3002
3131
3003
3132
3004
3133
3005
3134
3006
3135
3007
3136
3008
3137
3009
3138
3010
3139
3011
3140
3012
3141
3013
3142
3014
3143
3015
3144
3016
3145
3017
3146
3018
3147
3019
3148
3020
3149
3021
3150
3022
3151
3023
3152
3024
3153
3025
3154
3026
3155
3027
3156
3028
3157
3029
3158
3030
3159
3031
3160
3032
3161
3033
3162
3034
3163
3035
3164
3036
3165
3037
3166
3038
3167
3039
3168
3040
3169
3041
3170
3042
3171
3043
3172
3044
3173
3045
3174
3046
3175
3047
3176
3048
3177
3049
3178
3050
3179
3051
3180
3052
3181
3053
3182
3054
3183
3055
3184
3056
3185
3057
3186
3058
3187
3059
3188
3060
3189
3061
3190
3062
3191
3063
3192
3064
3193
3065
3194
3066
3195
3067
3196
3068
3197
3069
3198
3070
3199
3071
3200
3072
3201
3073
3202
3074
3203
3075
3204
3076
3205
3077
3206
3078
3207
3079
3208
3080
3209
3081
3210
3082
3211
3083
3212
3084
3213
3085
3214
3086
3215
3087
3216
3088
3217
3089
3218
3090
3219
3091
3220
3092
3221
3093
3222
3094
3223
3095
3224
3096
3225
3097
3226
3098
3227
3099
3228
3100
3229
3101
3230
3102
3231
3103
3232
3104
3233
3105
3234
3106
3235
3107
3236
3108
3237
3109
3238
3110
3239
3111
3240
3112
3241
3113
3242
3114
3243
3115
3244
3116
3245
3117
3246
3118
3247
3119
3248
3249
3121
3250
3122
3251
3123
3252
3124
3253
3125
3254
3126
3255
3127
3256
3128
3257
3129
3258
3130
3259
3131
3260
3132
3261
3133
3262
3134
3263
3135
3264
3136
3265
3137
3266
3138
3267
3139
3268
3140
3269
3141
3270
3142
3271
3143
3272
3144
3273
3145
3274
3146
3275
3147
3276
3148
3277
3149
3278
3150
3279
3151
3280
3152
3281
3153
3282
3154
3283
3155
3284
3156
3285
3157
3286
3158
3287
3159
3288
3160
3289
3161
3290
3162
3291
3163
3292
3164
3293
3165
3294
3166
3295
3167
3296
3168
3297
3169
3298
3170
3299
3171
3300
3172
3301
3173
3302
3174
3303
3175
3304
3176
3305
3177
3306
3178
3307
3179
3308
3180
3309
3181
3310
3182
3311
3183
3312
3184
3313
3185
3314
3186
3315
3187
3316
3188
3317
3189
3318
3190
3319
3191
3320
3192
3321
3193
3322
3194
3323
3195
3324
3196
3325
3197
3326
3198
3327
3199
3328
3200
3329
3201
3330
3202
3331
3203
3332
3204
3333
3205
3334
3206
3335
3207
3336
3208
3337
3209
3338
3210
3339
3211
3340
3212
3341
3213
3342
3214
3343
3215
3344
3216
3345
3217
3346
3218
3347
3219
3348
3220
3349
3221
3350
3222
3351
3223
3352
3224
3353
3225
3354
3226
3355
3227
3356
3228
3357
3229
3358
3230
3359
3231
3360
3232
3361
3233
3362
3234
3363
3235
3364
3236
3365
3237
3366
3238
3367
3239
3368
3240
3369
3241
3370
3242
3371
3243
3372
3244
3373
3245
3374
3246
3375
3247
3376
3248
3377
3249
3378
3379
3251
3380
3252
3381
3253
3382
3254
3383
3255
3384
3256
3385
3257
3386
3258
3387
3259
3388
3260
3389
3261
3390
3262
3391
3263
3392
3264
3393
3265
3394
3266
3395
3267
3396
3268
3397
3269
3398
3270
3399
3271
3400
3272
3401
3273
3402
3274
3403
3275
3404
3276
3405
3277
3406
3278
3407
3279
3408
3280
3409
3281
3410
3282
3411
3283
3412
3284
3413
3285
3414
3286
3415
3287
3416
3288
3417
3289
3418
3290
3419
3291
3420
3292
3421
3293
3422
3294
3423
3295
3424
3296
3425
3297
3426
3298
3427
3299
3428
3300
3429
3301
3430
3302
3431
3303
3432
3304
3433
3305
3434
3306
3435
3307
3436
3308
3437
3309
3438
3310
3439
3311
3440
3312
3441
3313
3442
3314
3443
3315
3444
3316
3445
3317
3446
3318
3447
3319
3448
3320
3449
3321
3450
3322
3451
3323
3452
3324
3453
3325
3454
3326
3455
3327
3456
3328
3457
3329
3458
3330
3459
3331
3460
3332
3461
3333
3462
3334
3463
3335
3464
3336
3465
3337
3466
3338
3467
3339
3468
3340
3469
3341
3470
3342
3471
3343
3472
3344
3473
3345
3474
3346
3475
3347
3476
3348
3477
3349
3478
3350
3479
3351
3480
3352
3481
3353
3482
3354
3483
3355
3484
3356
3485
3357
3486
3358
3487
3359
3488
3360
3489
3361
3490
3362
3491
3363
3492
3364
3493
3365
3494
3366
3495
3367
3496
3368
3497
3369
3498
3370
3499
3371
3500
3372
3501
3373
3502
3374
3503
3375
3504
3376
3505
3377
3506
3378
3507
3379
3508
3509
3381
3510
3382
3511
3383
3512
3384
3513
3385
3514
3386
3515
3387
3516
3388
3517
3389
3518
3390
3519
3391
3520
3392
3521
3393
3522
3394
3523
3395
3524
3396
3525
3397
3526
3398
3527
3399
3528
3400
3529
3401
3530
3402
3531
3403
3532
3404
3533
3405
3534
3406
3535
3407
3536
3408
3537
3409
3538
3410
3539
3411
3540
3412
3541
3413
3542
3414
3543
3415
3544
3416
3545
3417
3546
3418
3547
3419
3548
3420
3549
3421
3550
3422
3551
3423
3552
3424
3553
3425
3554
3426
3555
3427
3556
3428
3557
3429
3558
3430
3559
3431
3560
3432
3561
3433
3562
3434
3563
3435
3564
3436
3565
3437
3566
3438
3567
3439
3568
3440
3569
3441
3570
3442
3571
3443
3572
3444
3573
3445
3574
3446
3575
3447
3576
3448
3577
3449
3578
3450
3579
3451
3580
3452
3581
3453
3582
3454
3583
3455
3584
3456
3585
3457
3586
3458
3587
3459
3588
3460
3589
3461
3590
3462
3591
3463
3592
3464
3593
3465
3594
3466
3595
3467
3596
3468
3597
3469
3598
3470
3599
3471
3600
3472
3601
3473
3602
3474
3603
3475
3604
3476
3605
3477
3606
3478
3607
3479
3608
3480
3609
3481
3610
3482
3611
3483
3612
3484
3613
3485
3614
3486
3615
3487
3616
3488
3617
3489
3618
3490
3619
3491
3620
3492
3621
3493
3622
3494
3623
3495
3624
3496
3625
3497
3626
3498
3627
3499
3628
3500
3629
3501
3630
3502
3631
3503
3632
3504
3633
3505
3634
3506
3635
3507
3636
3508
3637
3509
3638
3639
3511
3640
3512
3641
3513
3642
3514
3643
3515
3644
3516
3645
3517
3646
3518
3647
3519
3648
3520
3649
3521
3650
3522
3651
3523
3652
3524
3653
3525
3654
3526
3655
3527
3656
3528
3657
3529
3658
3530
3659
3531
3660
3532
3661
3533
3662
3534
3663
3535
3664
3536
3665
3537
3666
3538
3667
3539
3668
3540
3669
3541
3670
3542
3671
3543
3672
3544
3673
3545
3674
3546
3675
3547
3676
3548
3677
3549
3678
3550
3679
3551
3680
3552
3681
3553
3682
3554
3683
3555
3684
3556
3685
3557
3686
3558
3687
3559
3688
3560
3689
3561
3690
3562
3691
3563
3692
3564
3693
3565
3694
3566
3695
3567
3696
3568
3697
3569
3698
3570
3699
3571
3700
3572
3701
3573
3702
3574
3703
3575
3704
3576
3705
3577
3706
3578
3707
3579
3708
3580
3709
3581
3710
3582
3711
3583
3712
3584
3713
3585
3714
3586
3715
3587
3716
3588
3717
3589
3718
3590
3719
3591
3720
3592
3721
3593
3722
3594
3723
3595
3724
3596
3725
3597
3726
3598
3727
3599
3728
3600
3729
3601
3730
3602
3731
3603
3732
3604
3733
3605
3734
3606
3735
3607
3736
3608
3737
3609
3738
3610
3739
3611
3740
3612
3741
3613
3742
3614
3743
3615
3744
3616
3745
3617
3746
3618
3747
3619
3748
3620
3749
3621
3750
3622
3751
3623
3752
3624
3753
3625
3754
3626
3755
3627
3756
3628
3757
3629
3758
3630
3759
3631
3760
3632
3761
3633
3762
3634
3763
3635
3764
3636
3765
3637
3766
3638
3767
3639
3768
3769
3641
3770
3642
3771
3643
3772
3644
3773
3645
3774
3646
3775
3647
3776
3648
3777
3649
3778
3650
3779
3651
3780
3652
3781
3653
3782
3654
3783
3655
3784
3656
3785
3657
3786
3658
3787
3659
3788
3660
3789
3661
3790
3662
3791
3663
3792
3664
3793
3665
3794
3666
3795
3667
3796
3668
3797
3669
3798
3670
3799
3671
3800
3672
3801
3673
3802
3674
3803
3675
3804
3676
3805
3677
3806
3678
3807
3679
3808
3680
3809
3681
3810
3682
3811
3683
3812
3684
3813
3685
3814
3686
3815
3687
3816
3688
3817
3689
3818
3690
3819
3691
3820
3692
3821
3693
3822
3694
3823
3695
3824
3696
3825
3697
3826
3698
3827
3699
3828
3700
3829
3701
3830
3702
3831
3703
3832
3704
3833
3705
3834
3706
3835
3707
3836
3708
3837
3709
3838
3710
3839
3711
3840
3712
3841
3713
3842
3714
3843
3715
3844
3716
3845
3717
3846
3718
3847
3719
3848
3720
3849
3721
3850
3722
3851
3723
3852
3724
3853
3725
3854
3726
3855
3727
3856
3728
3857
3729
3858
3730
3859
3731
3860
3732
3861
3733
3862
3734
3863
3735
3864
3736
3865
3737
3866
3738
3867
3739
3868
3740
3869
3741
3870
3742
3871
3743
3872
3744
3873
3745
3874
3746
3875
3747
3876
3748
3877
3749
3878
3750
3879
3751
3880
3752
3881
3753
3882
3754
3883
3755
3884
3756
3885
3757
3886
3758
3887
3759
3888
3760
3889
3761
3890
3762
3891
3763
3892
3764
3893
3765
3894
3766
3895
3767
3896
3768
3897
3769
3898
3899
3771
3900
3772
3901
3773
3902
3774
3903
3775
3904
3776
3905
3777
3906
3778
3907
3779
3908
3780
3909
3781
3910
3782
3911
3783
3912
3784
3913
3785
3914
3786
3915
3787
3916
3788
3917
3789
3918
3790
3919
3791
3920
3792
3921
3793
3922
3794
3923
3795
3924
3796
3925
3797
3926
3798
3927
3799
3928
3800
3929
3801
3930
3802
3931
3803
3932
3804
3933
3805
3934
3806
3935
3807
3936
3808
3937
3809
3938
3810
3939
3811
3940
3812
3941
3813
3942
3814
3943
3815
3944
3816
3945
3817
3946
3818
3947
3819
3948
3820
3949
3821
3950
3822
3951
3823
3952
3824
3953
3825
3954
3826
3955
3827
3956
3828
3957
3829
3958
3830
3959
3831
3960
3832
3961
3833
3962
3834
3963
3835
3964
3836
3965
3837
3966
3838
3967
3839
3968
3840
3969
3841
3970
3842
3971
3843
3972
3844
3973
3845
3974
3846
3975
3847
3976
3848
3977
3849
3978
3850
3979
3851
3980
3852
3981
3853
3982
3854
3983
3855
3984
3856
3985
3857
3986
3858
3987
3859
3988
3860
3989
3861
3990
3862
3991
3863
3992
3864
3993
3865
3994
3866
3995
3867
3996
3868
3997
3869
3998
3870
3999
3871
4000
3872
4001
3873
4002
3874
4003
3875
4004
3876
4005
3877
4006
3878
4007
3879
4008
3880
4009
3881
4010
3882
4011
3883
4012
3884
4013
3885
4014
3886
4015
3887
4016
3888
4017
3889
4018
3890
4019
3891
4020
3892
4021
3893
4022
3894
4023
3895
4024
3896
4025
3897
4026
3898
4027
3899
4028
4029
3901
4030
3902
4031
3903
4032
3904
4033
3905
4034
3906
4035
3907
4036
3908
4037
3909
4038
3910
4039
3911
4040
3912
4041
3913
4042
3914
4043
3915
4044
3916
4045
3917
4046
3918
4047
3919
4048
3920
4049
3921
4050
3922
4051
3923
4052
3924
4053
3925
4054
3926
4055
3927
4056
3928
4057
3929
4058
3930
4059
3931
4060
3932
4061
3933
4062
3934
4063
3935
4064
3936
4065
3937
4066
3938
4067
3939
4068
3940
4069
3941
4070
3942
4071
3943
4072
3944
4073
3945
4074
3946
4075
3947
4076
3948
4077
3949
4078
3950
4079
3951
4080
3952
4081
3953
4082
3954
4083
3955
4084
3956
4085
3957
4086
3958
4087
3959
4088
3960
4089
3961
4090
3962
4091
3963
4092
3964
4093
3965
4094
3966
4095
3967
4096
3968
4097
3969
4098
3970
4099
3971
4100
3972
4101
3973
4102
3974
4103
3975
4104
3976
4105
3977
4106
3978
4107
3979
4108
3980
4109
3981
4110
3982
4111
3983
4112
3984
4113
3985
4114
3986
4115
3987
4116
3988
4117
3989
4118
3990
4119
3991
4120
3992
4121
3993
4122
3994
4123
3995
4124
3996
4125
3997
4126
3998
4127
3999
4128
4000
4129
4001
4130
4002
4131
4003
4132
4004
4133
4005
4134
4006
4135
4007
4136
4008
4137
4009
4138
4010
4139
4011
4140
4012
4141
4013
4142
4014
4143
4015
4144
4016
4145
4017
4146
4018
4147
4019
4148
4020
4149
4021
4150
4022
4151
4023
4152
4024
4153
4025
4154
4026
4155
4027
4156
4028
4157
4029
4158
4159
4031
4160
4032
4161
4033
4162
4034
4163
4035
4164
4036
4165
4037
4166
4038
4167
4039
4168
4040
4169
4041
4170
4042
4171
4043
4172
4044
4173
4045
4174
4046
4175
4047
4176
4048
4177
4049
4178
4050
4179
4051
4180
4052
4181
4053
4182
4054
4183
4055
4184
4056
4185
4057
4186
4058
4187
4059
4188
4060
4189
4061
4190
4062
4191
4063
4192
4064
4193
4065
4194
4066
4195
4067
4196
4068
4197
4069
4198
4070
4199
4071
4200
4072
4201
4073
4202
4074
4203
4075
4204
4076
4205
4077
4206
4078
4207
4079
4208
4080
4209
4081
4210
4082
4211
4083
4212
4084
4213
4085
4214
4086
4215
4087
4216
4088
4217
4089
4218
4090
4219
4091
4220
4092
4221
4093
4222
4094
4223
4095
4224
4096
4225
4097
4226
4098
4227
4099
4228
4100
4229
4101
4230
4102
4231
4103
4232
4104
4233
4105
4234
4106
4235
4107
4236
4108
4237
4109
4238
4110
4239
4111
4240
4112
4241
4113
4242
4114
4243
4115
4244
4116
4245
4117
4246
4118
4247
4119
4248
4120
4249
4121
4250
4122
4251
4123
4252
4124
4253
4125
4254
4126
4255
4127
4256
4128
4257
4129
4258
4130
4259
4131
4260
4132
4261
4133
4262
4134
4263
4135
4264
4136
4265
4137
4266
4138
4267
4139
4268
4140
4269
4141
4270
4142
4271
4143
4272
4144
4273
4145
4274
4146
4275
4147
4276
4148
4277
4149
4278
4150
4279
4151
4280
4152
4281
4153
4282
4154
4283
4155
4284
4156
4285
4157
4286
4158
4287
4159
4288
4289
4161
4290
4162
4291
4163
4292
4164
4293
4165
4294
4166
4295
4167
4296
4168
4297
4169
4298
4170
4299
4171
4300
4172
4301
4173
4302
4174
4303
4175
4304
4176
4305
4177
4306
4178
4307
4179
4308
4180
4309
4181
4310
4182
4311
4183
4312
4184
4313
4185
4314
4186
4315
4187
4316
4188
4317
4189
4318
4190
4319
4191
4320
4192
4321
4193
4322
4194
4323
4195
4324
4196
4325
4197
4326
4198
4327
4199
4328
4200
4329
4201
4330
4202
4331
4203
4332
4204
4333
4205
4334
4206
4335
4207
4336
4208
4337
4209
4338
4210
4339
4211
4340
4212
4341
4213
4342
4214
4343
4215
4344
4216
4345
4217
4346
4218
4347
4219
4348
4220
4349
4221
4350
4222
4351
4223
4352
4224
4353
4225
4354
4226
4355
4227
4356
4228
4357
4229
4358
4230
4359
4231
4360
4232
4361
4233
4362
4234
4363
4235
4364
4236
4365
4237
4366
4238
4367
4239
4368
4240
4369
4241
4370
4242
4371
4243
4372
4244
4373
4245
4374
4246
4375
4247
4376
4248
4377
4249
4378
4250
4379
4251
4380
4252
4381
4253
4382
4254
4383
4255
4384
4256
4385
4257
4386
4258
4387
4259
4388
4260
4389
4261
4390
4262
4391
4263
4392
4264
4393
4265
4394
4266
4395
4267
4396
4268
4397
4269
4398
4270
4399
4271
4400
4272
4401
4273
4402
4274
4403
4275
4404
4276
4405
4277
4406
4278
4407
4279
4408
4280
4409
4281
4410
4282
4411
4283
4412
4284
4413
4285
4414
4286
4415
4287
4416
4288
4417
4289
4418
4419
4291
4420
4292
4421
4293
4422
4294
4423
4295
4424
4296
4425
4297
4426
4298
4427
4299
4428
4300
4429
4301
4430
4302
4431
4303
4432
4304
4433
4305
4434
4306
4435
4307
4436
4308
4437
4309
4438
4310
4439
4311
4440
4312
4441
4313
4442
4314
4443
4315
4444
4316
4445
4317
4446
4318
4447
4319
4448
4320
4449
4321
4450
4322
4451
4323
4452
4324
4453
4325
4454
4326
4455
4327
4456
4328
4457
4329
4458
4330
4459
4331
4460
4332
4461
4333
4462
4334
4463
4335
4464
4336
4465
4337
4466
4338
4467
4339
4468
4340
4469
4341
4470
4342
4471
4343
4472
4344
4473
4345
4474
4346
4475
4347
4476
4348
4477
4349
4478
4350
4479
4351
4480
4352
4481
4353
4482
4354
4483
4355
4484
4356
4485
4357
4486
4358
4487
4359
4488
4360
4489
4361
4490
4362
4491
4363
4492
4364
4493
4365
4494
4366
4495
4367
4496
4368
4497
4369
4498
4370
4499
4371
4500
4372
4501
4373
4502
4374
4503
4375
4504
4376
4505
4377
4506
4378
4507
4379
4508
4380
4509
4381
4510
4382
4511
4383
4512
4384
4513
4385
4514
4386
4515
4387
4516
4388
4517
4389
4518
4390
4519
4391
4520
4392
4521
4393
4522
4394
4523
4395
4524
4396
4525
4397
4526
4398
4527
4399
4528
4400
4529
4401
4530
4402
4531
4403
4532
4404
4533
4405
4534
4406
4535
4407
4536
4408
4537
4409
4538
4410
4539
4411
4540
4412
4541
4413
4542
4414
4543
4415
4544
4416
4545
4417
4546
4418
4547
4419
4548
4549
4421
4550
4422
4551
4423
4552
4424
4553
4425
4554
4426
4555
4427
4556
4428
4557
4429
4558
4430
4559
4431
4560
4432
4561
4433
4562
4434
4563
4435
4564
4436
4565
4437
4566
4438
4567
4439
4568
4440
4569
4441
4570
4442
4571
4443
4572
4444
4573
4445
4574
4446
4575
4447
4576
4448
4577
4449
4578
4450
4579
4451
4580
4452
4581
4453
4582
4454
4583
4455
4584
4456
4585
4457
4586
4458
4587
4459
4588
4460
4589
4461
4590
4462
4591
4463
4592
4464
4593
4465
4594
4466
4595
4467
4596
4468
4597
4469
4598
4470
4599
4471
4600
4472
4601
4473
4602
4474
4603
4475
4604
4476
4605
4477
4606
4478
4607
4479
4608
4480
4609
4481
4610
4482
4611
4483
4612
4484
4613
4485
4614
4486
4615
4487
4616
4488
4617
4489
4618
4490
4619
4491
4620
4492
4621
4493
4622
4494
4623
4495
4624
4496
4625
4497
4626
4498
4627
4499
4628
4500
4629
4501
4630
4502
4631
4503
4632
4504
4633
4505
4634
4506
4635
4507
4636
4508
4637
4509
4638
4510
4639
4511
4640
4512
4641
4513
4642
4514
4643
4515
4644
4516
4645
4517
4646
4518
4647
4519
4648
4520
4649
4521
4650
4522
4651
4523
4652
4524
4653
4525
4654
4526
4655
4527
4656
4528
4657
4529
4658
4530
4659
4531
4660
4532
4661
4533
4662
4534
4663
4535
4664
4536
4665
4537
4666
4538
4667
4539
4668
4540
4669
4541
4670
4542
4671
4543
4672
4544
4673
4545
4674
4546
4675
4547
4676
4548
4677
4549
4678
4679
4551
4680
4552
4681
4553
4682
4554
4683
4555
4684
4556
4685
4557
4686
4558
4687
4559
4688
4560
4689
4561
4690
4562
4691
4563
4692
4564
4693
4565
4694
4566
4695
4567
4696
4568
4697
4569
4698
4570
4699
4571
4700
4572
4701
4573
4702
4574
4703
4575
4704
4576
4705
4577
4706
4578
4707
4579
4708
4580
4709
4581
4710
4582
4711
4583
4712
4584
4713
4585
4714
4586
4715
4587
4716
4588
4717
4589
4718
4590
4719
4591
4720
4592
4721
4593
4722
4594
4723
4595
4724
4596
4725
4597
4726
4598
4727
4599
4728
4600
4729
4601
4730
4602
4731
4603
4732
4604
4733
4605
4734
4606
4735
4607
4736
4608
4737
4609
4738
4610
4739
4611
4740
4612
4741
4613
4742
4614
4743
4615
4744
4616
4745
4617
4746
4618
4747
4619
4748
4620
4749
4621
4750
4622
4751
4623
4752
4624
4753
4625
4754
4626
4755
4627
4756
4628
4757
4629
4758
4630
4759
4631
4760
4632
4761
4633
4762
4634
4763
4635
4764
4636
4765
4637
4766
4638
4767
4639
4768
4640
4769
4641
4770
4642
4771
4643
4772
4644
4773
4645
4774
4646
4775
4647
4776
4648
4777
4649
4778
4650
4779
4651
4780
4652
4781
4653
4782
4654
4783
4655
4784
4656
4785
4657
4786
4658
4787
4659
4788
4660
4789
4661
4790
4662
4791
4663
4792
4664
4793
4665
4794
4666
4795
4667
4796
4668
4797
4669
4798
4670
4799
4671
4800
4672
4801
4673
4802
4674
4803
4675
4804
4676
4805
4677
4806
4678
4807
4679
4808
4809
4681
4810
4682
4811
4683
4812
4684
4813
4685
4814
4686
4815
4687
4816
4688
4817
4689
4818
4690
4819
4691
4820
4692
4821
4693
4822
4694
4823
4695
4824
4696
4825
4697
4826
4698
4827
4699
4828
4700
4829
4701
4830
4702
4831
4703
4832
4704
4833
4705
4834
4706
4835
4707
4836
4708
4837
4709
4838
4710
4839
4711
4840
4712
4841
4713
4842
4714
4843
4715
4844
4716
4845
4717
4846
4718
4847
4719
4848
4720
4849
4721
4850
4722
4851
4723
4852
4724
4853
4725
4854
4726
4855
4727
4856
4728
4857
4729
4858
4730
4859
4731
4860
4732
4861
4733
4862
4734
4863
4735
4864
4736
4865
4737
4866
4738
4867
4739
4868
4740
4869
4741
4870
4742
4871
4743
4872
4744
4873
4745
4874
4746
4875
4747
4876
4748
4877
4749
4878
4750
4879
4751
4880
4752
4881
4753
4882
4754
4883
4755
4884
4756
4885
4757
4886
4758
4887
4759
4888
4760
4889
4761
4890
4762
4891
4763
4892
4764
4893
4765
4894
4766
4895
4767
4896
4768
4897
4769
4898
4770
4899
4771
4900
4772
4901
4773
4902
4774
4903
4775
4904
4776
4905
4777
4906
4778
4907
4779
4908
4780
4909
4781
4910
4782
4911
4783
4912
4784
4913
4785
4914
4786
4915
4787
4916
4788
4917
4789
4918
4790
4919
4791
4920
4792
4921
4793
4922
4794
4923
4795
4924
4796
4925
4797
4926
4798
4927
4799
4928
4800
4929
4801
4930
4802
4931
4803
4932
4804
4933
4805
4934
4806
4935
4807
4936
4808
4937
4809
4938
4939
4811
4940
4812
4941
4813
4942
4814
4943
4815
4944
4816
4945
4817
4946
4818
4947
4819
4948
4820
4949
4821
4950
4822
4951
4823
4952
4824
4953
4825
4954
4826
4955
4827
4956
4828
4957
4829
4958
4830
4959
4831
4960
4832
4961
4833
4962
4834
4963
4835
4964
4836
4965
4837
4966
4838
4967
4839
4968
4840
4969
4841
4970
4842
4971
4843
4972
4844
4973
4845
4974
4846
4975
4847
4976
4848
4977
4849
4978
4850
4979
4851
4980
4852
4981
4853
4982
4854
4983
4855
4984
4856
4985
4857
4986
4858
4987
4859
4988
4860
4989
4861
4990
4862
4991
4863
4992
4864
4993
4865
4994
4866
4995
4867
4996
4868
4997
4869
4998
4870
4999
4871
5000
4872
5001
4873
5002
4874
5003
4875
5004
4876
5005
4877
5006
4878
5007
4879
5008
4880
5009
4881
5010
4882
5011
4883
5012
4884
5013
4885
5014
4886
5015
4887
5016
4888
5017
4889
5018
4890
5019
4891
5020
4892
5021
4893
5022
4894
5023
4895
5024
4896
5025
4897
5026
4898
5027
4899
5028
4900
5029
4901
5030
4902
5031
4903
5032
4904
5033
4905
5034
4906
5035
4907
5036
4908
5037
4909
5038
4910
5039
4911
5040
4912
5041
4913
5042
4914
5043
4915
5044
4916
5045
4917
5046
4918
5047
4919
5048
4920
5049
4921
5050
4922
5051
4923
5052
4924
5053
4925
5054
4926
5055
4927
5056
4928
5057
4929
5058
4930
5059
4931
5060
4932
5061
4933
5062
4934
5063
4935
5064
4936
5065
4937
5066
4938
5067
4939
5068
5069
4941
5070
4942
5071
4943
5072
4944
5073
4945
5074
4946
5075
4947
5076
4948
5077
4949
5078
4950
5079
4951
5080
4952
5081
4953
5082
4954
5083
4955
5084
4956
5085
4957
5086
4958
5087
4959
5088
4960
5089
4961
5090
4962
5091
4963
5092
4964
5093
4965
5094
4966
5095
4967
5096
4968
5097
4969
5098
4970
5099
4971
5100
4972
5101
4973
5102
4974
5103
4975
5104
4976
5105
4977
5106
4978
5107
4979
5108
4980
5109
4981
5110
4982
5111
4983
5112
4984
5113
4985
5114
4986
5115
4987
5116
4988
5117
4989
5118
4990
5119
4991
5120
4992
5121
4993
5122
4994
5123
4995
5124
4996
5125
4997
5126
4998
5127
4999
5128
5000
5129
5001
5130
5002
5131
5003
5132
5004
5133
5005
5134
5006
5135
5007
5136
5008
5137
5009
5138
5010
5139
5011
5140
5012
5141
5013
5142
5014
5143
5015
5144
5016
5145
5017
5146
5018
5147
5019
5148
5020
5149
5021
5150
5022
5151
5023
5152
5024
5153
5025
5154
5026
5155
5027
5156
5028
5157
5029
5158
5030
5159
5031
5160
5032
5161
5033
5162
5034
5163
5035
5164
5036
5165
5037
5166
5038
5167
5039
5168
5040
5169
5041
5170
5042
5171
5043
5172
5044
5173
5045
5174
5046
5175
5047
5176
5048
5177
5049
5178
5050
5179
5051
5180
5052
5181
5053
5182
5054
5183
5055
5184
5056
5185
5057
5186
5058
5187
5059
5188
5060
5189
5061
5190
5062
5191
5063
5192
5064
5193
5065
5194
5066
5195
5067
5196
5068
5197
5069
5198
5199
5071
5200
5072
5201
5073
5202
5074
5203
5075
5204
5076
5205
5077
5206
5078
5207
5079
5208
5080
5209
5081
5210
5082
5211
5083
5212
5084
5213
5085
5214
5086
5215
5087
5216
5088
5217
5089
5218
5090
5219
5091
5220
5092
5221
5093
5222
5094
5223
5095
5224
5096
5225
5097
5226
5098
5227
5099
5228
5100
5229
5101
5230
5102
5231
5103
5232
5104
5233
5105
5234
5106
5235
5107
5236
5108
5237
5109
5238
5110
5239
5111
5240
5112
5241
5113
5242
5114
5243
5115
5244
5116
5245
5117
5246
5118
5247
5119
5248
5120
5249
5121
5250
5122
5251
5123
5252
5124
5253
5125
5254
5126
5255
5127
5256
5128
5257
5129
5258
5130
5259
5131
5260
5132
5261
5133
5262
5134
5263
5135
5264
5136
5265
5137
5266
5138
5267
5139
5268
5140
5269
5141
5270
5142
5271
5143
5272
5144
5273
5145
5274
5146
5275
5147
5276
5148
5277
5149
5278
5150
5279
5151
5280
5152
5281
5153
5282
5154
5283
5155
5284
5156
5285
5157
5286
5158
5287
5159
5288
5160
5289
5161
5290
5162
5291
5163
5292
5164
5293
5165
5294
5166
5295
5167
5296
5168
5297
5169
5298
5170
5299
5171
5300
5172
5301
5173
5302
5174
5303
5175
5304
5176
5305
5177
5306
5178
5307
5179
5308
5180
5309
5181
5310
5182
5311
5183
5312
5184
5313
5185
5314
5186
5315
5187
5316
5188
5317
5189
5318
5190
5319
5191
5320
5192
5321
5193
5322
5194
5323
5195
5324
5196
5325
5197
5326
5198
5327
5199
5328
5329
5201
5330
5202
5331
5203
5332
5204
5333
5205
5334
5206
5335
5207
5336
5208
5337
5209
5338
5210
5339
5211
5340
5212
5341
5213
5342
5214
5343
5215
5344
5216
5345
5217
5346
5218
5347
5219
5348
5220
5349
5221
5350
5222
5351
5223
5352
5224
5353
5225
5354
5226
5355
5227
5356
5228
5357
5229
5358
5230
5359
5231
5360
5232
5361
5233
5362
5234
5363
5235
5364
5236
5365
5237
5366
5238
5367
5239
5368
5240
5369
5241
5370
5242
5371
5243
5372
5244
5373
5245
5374
5246
5375
5247
5376
5248
5377
5249
5378
5250
5379
5251
5380
5252
5381
5253
5382
5254
5383
5255
5384
5256
5385
5257
5386
5258
5387
5259
5388
5260
5389
5261
5390
5262
5391
5263
5392
5264
5393
5265
5394
5266
5395
5267
5396
5268
5397
5269
5398
5270
5399
5271
5400
5272
5401
5273
5402
5274
5403
5275
5404
5276
5405
5277
5406
5278
5407
5279
5408
5280
5409
5281
5410
5282
5411
5283
5412
5284
5413
5285
5414
5286
5415
5287
5416
5288
5417
5289
5418
5290
5419
5291
5420
5292
5421
5293
5422
5294
5423
5295
5424
5296
5425
5297
5426
5298
5427
5299
5428
5300
5429
5301
5430
5302
5431
5303
5432
5304
5433
5305
5434
5306
5435
5307
5436
5308
5437
5309
5438
5310
5439
5311
5440
5312
5441
5313
5442
5314
5443
5315
5444
5316
5445
5317
5446
5318
5447
5319
5448
5320
5449
5321
5450
5322
5451
5323
5452
5324
5453
5325
5454
5326
5455
5327
5456
5328
5457
5329
5458
5459
5331
5460
5332
5461
5333
5462
5334
5463
5335
5464
5336
5465
5337
5466
5338
5467
5339
5468
5340
5469
5341
5470
5342
5471
5343
5472
5344
5473
5345
5474
5346
5475
5347
5476
5348
5477
5349
5478
5350
5479
5351
5480
5352
5481
5353
5482
5354
5483
5355
5484
5356
5485
5357
5486
5358
5487
5359
5488
5360
5489
5361
5490
5362
5491
5363
5492
5364
5493
5365
5494
5366
5495
5367
5496
5368
5497
5369
5498
5370
5499
5371
5500
5372
5501
5373
5502
5374
5503
5375
5504
5376
5505
5377
5506
5378
5507
5379
5508
5380
5509
5381
5510
5382
5511
5383
5512
5384
5513
5385
5514
5386
5515
5387
5516
5388
5517
5389
5518
5390
5519
5391
5520
5392
5521
5393
5522
5394
5523
5395
5524
5396
5525
5397
5526
5398
5527
5399
5528
5400
5529
5401
5530
5402
5531
5403
5532
5404
5533
5405
5534
5406
5535
5407
5536
5408
5537
5409
5538
5410
5539
5411
5540
5412
5541
5413
5542
5414
5543
5415
5544
5416
5545
5417
5546
5418
5547
5419
5548
5420
5549
5421
5550
5422
5551
5423
5552
5424
5553
5425
5554
5426
5555
5427
5556
5428
5557
5429
5558
5430
5559
5431
5560
5432
5561
5433
5562
5434
5563
5435
5564
5436
5565
5437
5566
5438
5567
5439
5568
5440
5569
5441
5570
5442
5571
5443
5572
5444
5573
5445
5574
5446
5575
5447
5576
5448
5577
5449
5578
5450
5579
5451
5580
5452
5581
5453
5582
5454
5583
5455
5584
5456
5585
5457
5586
5458
5587
5459
5588
5589
5461
5590
5462
5591
5463
5592
5464
5593
5465
5594
5466
5595
5467
5596
5468
5597
5469
5598
5470
5599
5471
5600
5472
5601
5473
5602
5474
5603
5475
5604
5476
5605
5477
5606
5478
5607
5479
5608
5480
5609
5481
5610
5482
5611
5483
5612
5484
5613
5485
5614
5486
5615
5487
5616
5488
5617
5489
5618
5490
5619
5491
5620
5492
5621
5493
5622
5494
5623
5495
5624
5496
5625
5497
5626
5498
5627
5499
5628
5500
5629
5501
5630
5502
5631
5503
5632
5504
5633
5505
5634
5506
5635
5507
5636
5508
5637
5509
5638
5510
5639
5511
5640
5512
5641
5513
5642
5514
5643
5515
5644
5516
5645
5517
5646
5518
5647
5519
5648
5520
5649
5521
5650
5522
5651
5523
5652
5524
5653
5525
5654
5526
5655
5527
5656
5528
5657
5529
5658
5530
5659
5531
5660
5532
5661
5533
5662
5534
5663
5535
5664
5536
5665
5537
5666
5538
5667
5539
5668
5540
5669
5541
5670
5542
5671
5543
5672
5544
5673
5545
5674
5546
5675
5547
5676
5548
5677
5549
5678
5550
5679
5551
5680
5552
5681
5553
5682
5554
5683
5555
5684
5556
5685
5557
5686
5558
5687
5559
5688
5560
5689
5561
5690
5562
5691
5563
5692
5564
5693
5565
5694
5566
5695
5567
5696
5568
5697
5569
5698
5570
5699
5571
5700
5572
5701
5573
5702
5574
5703
5575
5704
5576
5705
5577
5706
5578
5707
5579
5708
5580
5709
5581
5710
5582
5711
5583
5712
5584
5713
5585
5714
5586
5715
5587
5716
5588
5717
5589
5718
5719
5591
5720
5592
5721
5593
5722
5594
5723
5595
5724
5596
5725
5597
5726
5598
5727
5599
5728
5600
5729
5601
5730
5602
5731
5603
5732
5604
5733
5605
5734
5606
5735
5607
5736
5608
5737
5609
5738
5610
5739
5611
5740
5612
5741
5613
5742
5614
5743
5615
5744
5616
5745
5617
5746
5618
5747
5619
5748
5620
5749
5621
5750
5622
5751
5623
5752
5624
5753
5625
5754
5626
5755
5627
5756
5628
5757
5629
5758
5630
5759
5631
5760
5632
5761
5633
5762
5634
5763
5635
5764
5636
5765
5637
5766
5638
5767
5639
5768
5640
5769
5641
5770
5642
5771
5643
5772
5644
5773
5645
5774
5646
5775
5647
5776
5648
5777
5649
5778
5650
5779
5651
5780
5652
5781
5653
5782
5654
5783
5655
5784
5656
5785
5657
5786
5658
5787
5659
5788
5660
5789
5661
5790
5662
5791
5663
5792
5664
5793
5665
5794
5666
5795
5667
5796
5668
5797
5669
5798
5670
5799
5671
5800
5672
5801
5673
5802
5674
5803
5675
5804
5676
5805
5677
5806
5678
5807
5679
5808
5680
5809
5681
5810
5682
5811
5683
5812
5684
5813
5685
5814
5686
5815
5687
5816
5688
5817
5689
5818
5690
5819
5691
5820
5692
5821
5693
5822
5694
5823
5695
5824
5696
5825
5697
5826
5698
5827
5699
5828
5700
5829
5701
5830
5702
5831
5703
5832
5704
5833
5705
5834
5706
5835
5707
5836
5708
5837
5709
5838
5710
5839
5711
5840
5712
5841
5713
5842
5714
5843
5715
5844
5716
5845
5717
5846
5718
5847
5719
5848
5849
5721
5850
5722
5851
5723
5852
5724
5853
5725
5854
5726
5855
5727
5856
5728
5857
5729
5858
5730
5859
5731
5860
5732
5861
5733
5862
5734
5863
5735
5864
5736
5865
5737
5866
5738
5867
5739
5868
5740
5869
5741
5870
5742
5871
5743
5872
5744
5873
5745
5874
5746
5875
5747
5876
5748
5877
5749
5878
5750
5879
5751
5880
5752
5881
5753
5882
5754
5883
5755
5884
5756
5885
5757
5886
5758
5887
5759
5888
5760
5889
5761
5890
5762
5891
5763
5892
5764
5893
5765
5894
5766
5895
5767
5896
5768
5897
5769
5898
5770
5899
5771
5900
5772
5901
5773
5902
5774
5903
5775
5904
5776
5905
5777
5906
5778
5907
5779
5908
5780
5909
5781
5910
5782
5911
5783
5912
5784
5913
5785
5914
5786
5915
5787
5916
5788
5917
5789
5918
5790
5919
5791
5920
5792
5921
5793
5922
5794
5923
5795
5924
5796
5925
5797
5926
5798
5927
5799
5928
5800
5929
5801
5930
5802
5931
5803
5932
5804
5933
5805
5934
5806
5935
5807
5936
5808
5937
5809
5938
5810
5939
5811
5940
5812
5941
5813
5942
5814
5943
5815
5944
5816
5945
5817
5946
5818
5947
5819
5948
5820
5949
5821
5950
5822
5951
5823
5952
5824
5953
5825
5954
5826
5955
5827
5956
5828
5957
5829
5958
5830
5959
5831
5960
5832
5961
5833
5962
5834
5963
5835
5964
5836
5965
5837
5966
5838
5967
5839
5968
5840
5969
5841
5970
5842
5971
5843
5972
5844
5973
5845
5974
5846
5975
5847
5976
5848
5977
5849
5978
5979
5851
5980
5852
5981
5853
5982
5854
5983
5855
5984
5856
5985
5857
5986
5858
5987
5859
5988
5860
5989
5861
5990
5862
5991
5863
5992
5864
5993
5865
5994
5866
5995
5867
5996
5868
5997
5869
5998
5870
5999
5871
6000
5872
6001
5873
6002
5874
6003
5875
6004
5876
6005
5877
6006
5878
6007
5879
6008
5880
6009
5881
6010
5882
6011
5883
6012
5884
6013
5885
6014
5886
6015
5887
6016
5888
6017
5889
6018
5890
6019
5891
6020
5892
6021
5893
6022
5894
6023
5895
6024
5896
6025
5897
6026
5898
6027
5899
6028
5900
6029
5901
6030
5902
6031
5903
6032
5904
6033
5905
6034
5906
6035
5907
6036
5908
6037
5909
6038
5910
6039
5911
6040
5912
6041
5913
6042
5914
6043
5915
6044
5916
6045
5917
6046
5918
6047
5919
6048
5920
6049
5921
6050
5922
6051
5923
6052
5924
6053
5925
6054
5926
6055
5927
6056
5928
6057
5929
6058
5930
6059
5931
6060
5932
6061
5933
6062
5934
6063
5935
6064
5936
6065
5937
6066
5938
6067
5939
6068
5940
6069
5941
6070
5942
6071
5943
6072
5944
6073
5945
6074
5946
6075
5947
6076
5948
6077
5949
6078
5950
6079
5951
6080
5952
6081
5953
6082
5954
6083
5955
6084
5956
6085
5957
6086
5958
6087
5959
6088
5960
6089
5961
6090
5962
6091
5963
6092
5964
6093
5965
6094
5966
6095
5967
6096
5968
6097
5969
6098
5970
6099
5971
6100
5972
6101
5973
6102
5974
6103
5975
6104
5976
6105
5977
6106
5978
6107
5979
6108
6109
5981
6110
5982
6111
5983
6112
5984
6113
5985
6114
5986
6115
5987
6116
5988
6117
5989
6118
5990
6119
5991
6120
5992
6121
5993
6122
5994
6123
5995
6124
5996
6125
5997
6126
5998
6127
5999
6128
6000
6129
6001
6130
6002
6131
6003
6132
6004
6133
6005
6134
6006
6135
6007
6136
6008
6137
6009
6138
6010
6139
6011
6140
6012
6141
6013
6142
6014
6143
6015
6144
6016
6145
6017
6146
6018
6147
6019
6148
6020
6149
6021
6150
6022
6151
6023
6152
6024
6153
6025
6154
6026
6155
6027
6156
6028
6157
6029
6158
6030
6159
6031
6160
6032
6161
6033
6162
6034
6163
6035
6164
6036
6165
6037
6166
6038
6167
6039
6168
6040
6169
6041
6170
6042
6171
6043
6172
6044
6173
6045
6174
6046
6175
6047
6176
6048
6177
6049
6178
6050
6179
6051
6180
6052
6181
6053
6182
6054
6183
6055
6184
6056
6185
6057
6186
6058
6187
6059
6188
6060
6189
6061
6190
6062
6191
6063
6192
6064
6193
6065
6194
6066
6195
6067
6196
6068
6197
6069
6198
6070
6199
6071
6200
6072
6201
6073
6202
6074
6203
6075
6204
6076
6205
6077
6206
6078
6207
6079
6208
6080
6209
6081
6210
6082
6211
6083
6212
6084
6213
6085
6214
6086
6215
6087
6216
6088
6217
6089
6218
6090
6219
6091
6220
6092
6221
6093
6222
6094
6223
6095
6224
6096
6225
6097
6226
6098
6227
6099
6228
6100
6229
6101
6230
6102
6231
6103
6232
6104
6233
6105
6234
6106
6235
6107
6236
6108
6237
6109
6238
6239
6111
6240
6112
6241
6113
6242
6114
6243
6115
6244
6116
6245
6117
6246
6118
6247
6119
6248
6120
6249
6121
6250
6122
6251
6123
6252
6124
6253
6125
6254
6126
6255
6127
6256
6128
6257
6129
6258
6130
6259
6131
6260
6132
6261
6133
6262
6134
6263
6135
6264
6136
6265
6137
6266
6138
6267
6139
6268
6140
6269
6141
6270
6142
6271
6143
6272
6144
6273
6145
6274
6146
6275
6147
6276
6148
6277
6149
6278
6150
6279
6151
6280
6152
6281
6153
6282
6154
6283
6155
6284
6156
6285
6157
6286
6158
6287
6159
6288
6160
6289
6161
6290
6162
6291
6163
6292
6164
6293
6165
6294
6166
6295
6167
6296
6168
6297
6169
6298
6170
6299
6171
6300
6172
6301
6173
6302
6174
6303
6175
6304
6176
6305
6177
6306
6178
6307
6179
6308
6180
6309
6181
6310
6182
6311
6183
6312
6184
6313
6185
6314
6186
6315
6187
6316
6188
6317
6189
6318
6190
6319
6191
6320
6192
6321
6193
6322
6194
6323
6195
6324
6196
6325
6197
6326
6198
6327
6199
6328
6200
6329
6201
6330
6202
6331
6203
6332
6204
6333
6205
6334
6206
6335
6207
6336
6208
6337
6209
6338
6210
6339
6211
6340
6212
6341
6213
6342
6214
6343
6215
6344
6216
6345
6217
6346
6218
6347
6219
6348
6220
6349
6221
6350
6222
6351
6223
6352
6224
6353
6225
6354
6226
6355
6227
6356
6228
6357
6229
6358
6230
6359
6231
6360
6232
6361
6233
6362
6234
6363
6235
6364
6236
6365
6237
6366
6238
6367
6239
6368
6369
6241
6370
6242
6371
6243
6372
6244
6373
6245
6374
6246
6375
6247
6376
6248
6377
6249
6378
6250
6379
6251
6380
6252
6381
6253
6382
6254
6383
6255
6384
6256
6385
6257
6386
6258
6387
6259
6388
6260
6389
6261
6390
6262
6391
6263
6392
6264
6393
6265
6394
6266
6395
6267
6396
6268
6397
6269
6398
6270
6399
6271
6400
6272
6401
6273
6402
6274
6403
6275
6404
6276
6405
6277
6406
6278
6407
6279
6408
6280
6409
6281
6410
6282
6411
6283
6412
6284
6413
6285
6414
6286
6415
6287
6416
6288
6417
6289
6418
6290
6419
6291
6420
6292
6421
6293
6422
6294
6423
6295
6424
6296
6425
6297
6426
6298
6427
6299
6428
6300
6429
6301
6430
6302
6431
6303
6432
6304
6433
6305
6434
6306
6435
6307
6436
6308
6437
6309
6438
6310
6439
6311
6440
6312
6441
6313
6442
6314
6443
6315
6444
6316
6445
6317
6446
6318
6447
6319
6448
6320
6449
6321
6450
6322
6451
6323
6452
6324
6453
6325
6454
6326
6455
6327
6456
6328
6457
6329
6458
6330
6459
6331
6460
6332
6461
6333
6462
6334
6463
6335
6464
6336
6465
6337
6466
6338
6467
6339
6468
6340
6469
6341
6470
6342
6471
6343
6472
6344
6473
6345
6474
6346
6475
6347
6476
6348
6477
6349
6478
6350
6479
6351
6480
6352
6481
6353
6482
6354
6483
6355
6484
6356
6485
6357
6486
6358
6487
6359
6488
6360
6489
6361
6490
6362
6491
6363
6492
6364
6493
6365
6494
6366
6495
6367
6496
6368
6497
6369
6498
6499
6371
6500
6372
6501
6373
6502
6374
6503
6375
6504
6376
6505
6377
6506
6378
6507
6379
6508
6380
6509
6381
6510
6382
6511
6383
6512
6384
6513
6385
6514
6386
6515
6387
6516
6388
6517
6389
6518
6390
6519
6391
6520
6392
6521
6393
6522
6394
6523
6395
6524
6396
6525
6397
6526
6398
6527
6399
6528
6400
6529
6401
6530
6402
6531
6403
6532
6404
6533
6405
6534
6406
6535
6407
6536
6408
6537
6409
6538
6410
6539
6411
6540
6412
6541
6413
6542
6414
6543
6415
6544
6416
6545
6417
6546
6418
6547
6419
6548
6420
6549
6421
6550
6422
6551
6423
6552
6424
6553
6425
6554
6426
6555
6427
6556
6428
6557
6429
6558
6430
6559
6431
6560
6432
6561
6433
6562
6434
6563
6435
6564
6436
6565
6437
6566
6438
6567
6439
6568
6440
6569
6441
6570
6442
6571
6443
6572
6444
6573
6445
6574
6446
6575
6447
6576
6448
6577
6449
6578
6450
6579
6451
6580
6452
6581
6453
6582
6454
6583
6455
6584
6456
6585
6457
6586
6458
6587
6459
6588
6460
6589
6461
6590
6462
6591
6463
6592
6464
6593
6465
6594
6466
6595
6467
6596
6468
6597
6469
6598
6470
6599
6471
6600
6472
6601
6473
6602
6474
6603
6475
6604
6476
6605
6477
6606
6478
6607
6479
6608
6480
6609
6481
6610
6482
6611
6483
6612
6484
6613
6485
6614
6486
6615
6487
6616
6488
6617
6489
6618
6490
6619
6491
6620
6492
6621
6493
6622
6494
6623
6495
6624
6496
6625
6497
6626
6498
6627
6499
6628
6629
6501
6630
6502
6631
6503
6632
6504
6633
6505
6634
6506
6635
6507
6636
6508
6637
6509
6638
6510
6639
6511
6640
6512
6641
6513
6642
6514
6643
6515
6644
6516
6645
6517
6646
6518
6647
6519
6648
6520
6649
6521
6650
6522
6651
6523
6652
6524
6653
6525
6654
6526
6655
6527
6656
6528
6657
6529
6658
6530
6659
6531
6660
6532
6661
6533
6662
6534
6663
6535
6664
6536
6665
6537
6666
6538
6667
6539
6668
6540
6669
6541
6670
6542
6671
6543
6672
6544
6673
6545
6674
6546
6675
6547
6676
6548
6677
6549
6678
6550
6679
6551
6680
6552
6681
6553
6682
6554
6683
6555
6684
6556
6685
6557
6686
6558
6687
6559
6688
6560
6689
6561
6690
6562
6691
6563
6692
6564
6693
6565
6694
6566
6695
6567
6696
6568
6697
6569
6698
6570
6699
6571
6700
6572
6701
6573
6702
6574
6703
6575
6704
6576
6705
6577
6706
6578
6707
6579
6708
6580
6709
6581
6710
6582
6711
6583
6712
6584
6713
6585
6714
6586
6715
6587
6716
6588
6717
6589
6718
6590
6719
6591
6720
6592
6721
6593
6722
6594
6723
6595
6724
6596
6725
6597
6726
6598
6727
6599
6728
6600
6729
6601
6730
6602
6731
6603
6732
6604
6733
6605
6734
6606
6735
6607
6736
6608
6737
6609
6738
6610
6739
6611
6740
6612
6741
6613
6742
6614
6743
6615
6744
6616
6745
6617
6746
6618
6747
6619
6748
6620
6749
6621
6750
6622
6751
6623
6752
6624
6753
6625
6754
6626
6755
6627
6756
6628
6757
6629
6758
6759
6631
6760
6632
6761
6633
6762
6634
6763
6635
6764
6636
6765
6637
6766
6638
6767
6639
6768
6640
6769
6641
6770
6642
6771
6643
6772
6644
6773
6645
6774
6646
6775
6647
6776
6648
6777
6649
6778
6650
6779
6651
6780
6652
6781
6653
6782
6654
6783
6655
6784
6656
6785
6657
6786
6658
6787
6659
6788
6660
6789
6661
6790
6662
6791
6663
6792
6664
6793
6665
6794
6666
6795
6667
6796
6668
6797
6669
6798
6670
6799
6671
6800
6672
6801
6673
6802
6674
6803
6675
6804
6676
6805
6677
6806
6678
6807
6679
6808
6680
6809
6681
6810
6682
6811
6683
6812
6684
6813
6685
6814
6686
6815
6687
6816
6688
6817
6689
6818
6690
6819
6691
6820
6692
6821
6693
6822
6694
6823
6695
6824
6696
6825
6697
6826
6698
6827
6699
6828
6700
6829
6701
6830
6702
6831
6703
6832
6704
6833
6705
6834
6706
6835
6707
6836
6708
6837
6709
6838
6710
6839
6711
6840
6712
6841
6713
6842
6714
6843
6715
6844
6716
6845
6717
6846
6718
6847
6719
6848
6720
6849
6721
6850
6722
6851
6723
6852
6724
6853
6725
6854
6726
6855
6727
6856
6728
6857
6729
6858
6730
6859
6731
6860
6732
6861
6733
6862
6734
6863
6735
6864
6736
6865
6737
6866
6738
6867
6739
6868
6740
6869
6741
6870
6742
6871
6743
6872
6744
6873
6745
6874
6746
6875
6747
6876
6748
6877
6749
6878
6750
6879
6751
6880
6752
6881
6753
6882
6754
6883
6755
6884
6756
6885
6757
6886
6758
6887
6759
6888
6889
6761
6890
6762
6891
6763
6892
6764
6893
6765
6894
6766
6895
6767
6896
6768
6897
6769
6898
6770
6899
6771
6900
6772
6901
6773
6902
6774
6903
6775
6904
6776
6905
6777
6906
6778
6907
6779
6908
6780
6909
6781
6910
6782
6911
6783
6912
6784
6913
6785
6914
6786
6915
6787
6916
6788
6917
6789
6918
6790
6919
6791
6920
6792
6921
6793
6922
6794
6923
6795
6924
6796
6925
6797
6926
6798
6927
6799
6928
6800
6929
6801
6930
6802
6931
6803
6932
6804
6933
6805
6934
6806
6935
6807
6936
6808
6937
6809
6938
6810
6939
6811
6940
6812
6941
6813
6942
6814
6943
6815
6944
6816
6945
6817
6946
6818
6947
6819
6948
6820
6949
6821
6950
6822
6951
6823
6952
6824
6953
6825
6954
6826
6955
6827
6956
6828
6957
6829
6958
6830
6959
6831
6960
6832
6961
6833
6962
6834
6963
6835
6964
6836
6965
6837
6966
6838
6967
6839
6968
6840
6969
6841
6970
6842
6971
6843
6972
6844
6973
6845
6974
6846
6975
6847
6976
6848
6977
6849
6978
6850
6979
6851
6980
6852
6981
6853
6982
6854
6983
6855
6984
6856
6985
6857
6986
6858
6987
6859
6988
6860
6989
6861
6990
6862
6991
6863
6992
6864
6993
6865
6994
6866
6995
6867
6996
6868
6997
6869
6998
6870
6999
6871
7000
6872
7001
6873
7002
6874
7003
6875
7004
6876
7005
6877
7006
6878
7007
6879
7008
6880
7009
6881
7010
6882
7011
6883
7012
6884
7013
6885
7014
6886
7015
6887
7016
6888
7017
6889
7018
7019
6891
7020
6892
7021
6893
7022
6894
7023
6895
7024
6896
7025
6897
7026
6898
7027
6899
7028
6900
7029
6901
7030
6902
7031
6903
7032
6904
7033
6905
7034
6906
7035
6907
7036
6908
7037
6909
7038
6910
7039
6911
7040
6912
7041
6913
7042
6914
7043
6915
7044
6916
7045
6917
7046
6918
7047
6919
7048
6920
7049
6921
7050
6922
7051
6923
7052
6924
7053
6925
7054
6926
7055
6927
7056
6928
7057
6929
7058
6930
7059
6931
7060
6932
7061
6933
7062
6934
7063
6935
7064
6936
7065
6937
7066
6938
7067
6939
7068
6940
7069
6941
7070
6942
7071
6943
7072
6944
7073
6945
7074
6946
7075
6947
7076
6948
7077
6949
7078
6950
7079
6951
7080
6952
7081
6953
7082
6954
7083
6955
7084
6956
7085
6957
7086
6958
7087
6959
7088
6960
7089
6961
7090
6962
7091
6963
7092
6964
7093
6965
7094
6966
7095
6967
7096
6968
7097
6969
7098
6970
7099
6971
7100
6972
7101
6973
7102
6974
7103
6975
7104
6976
7105
6977
7106
6978
7107
6979
7108
6980
7109
6981
7110
6982
7111
6983
7112
6984
7113
6985
7114
6986
7115
6987
7116
6988
7117
6989
7118
6990
7119
6991
7120
6992
7121
6993
7122
6994
7123
6995
7124
6996
7125
6997
7126
6998
7127
6999
7128
7000
7129
7001
7130
7002
7131
7003
7132
7004
7133
7005
7134
7006
7135
7007
7136
7008
7137
7009
7138
7010
7139
7011
7140
7012
7141
7013
7142
7014
7143
7015
7144
7016
7145
7017
7146
7018
7147
7019
7148
7149
7021
7150
7022
7151
7023
7152
7024
7153
7025
7154
7026
7155
7027
7156
7028
7157
7029
7158
7030
7159
7031
7160
7032
7161
7033
7162
7034
7163
7035
7164
7036
7165
7037
7166
7038
7167
7039
7168
7040
7169
7041
7170
7042
7171
7043
7172
7044
7173
7045
7174
7046
7175
7047
7176
7048
7177
7049
7178
7050
7179
7051
7180
7052
7181
7053
7182
7054
7183
7055
7184
7056
7185
7057
7186
7058
7187
7059
7188
7060
7189
7061
7190
7062
7191
7063
7192
7064
7193
7065
7194
7066
7195
7067
7196
7068
7197
7069
7198
7070
7199
7071
7200
7072
7201
7073
7202
7074
7203
7075
7204
7076
7205
7077
7206
7078
7207
7079
7208
7080
7209
7081
7210
7082
7211
7083
7212
7084
7213
7085
7214
7086
7215
7087
7216
7088
7217
7089
7218
7090
7219
7091
7220
7092
7221
7093
7222
7094
7223
7095
7224
7096
7225
7097
7226
7098
7227
7099
7228
7100
7229
7101
7230
7102
7231
7103
7232
7104
7233
7105
7234
7106
7235
7107
7236
7108
7237
7109
7238
7110
7239
7111
7240
7112
7241
7113
7242
7114
7243
7115
7244
7116
7245
7117
7246
7118
7247
7119
7248
7120
7249
7121
7250
7122
7251
7123
7252
7124
7253
7125
7254
7126
7255
7127
7256
7128
7257
7129
7258
7130
7259
7131
7260
7132
7261
7133
7262
7134
7263
7135
7264
7136
7265
7137
7266
7138
7267
7139
7268
7140
7269
7141
7270
7142
7271
7143
7272
7144
7273
7145
7274
7146
7275
7147
7276
7148
7277
7149
7278
7279
7151
7280
7152
7281
7153
7282
7154
7283
7155
7284
7156
7285
7157
7286
7158
7287
7159
7288
7160
7289
7161
7290
7162
7291
7163
7292
7164
7293
7165
7294
7166
7295
7167
7296
7168
7297
7169
7298
7170
7299
7171
7300
7172
7301
7173
7302
7174
7303
7175
7304
7176
7305
7177
7306
7178
7307
7179
7308
7180
7309
7181
7310
7182
7311
7183
7312
7184
7313
7185
7314
7186
7315
7187
7316
7188
7317
7189
7318
7190
7319
7191
7320
7192
7321
7193
7322
7194
7323
7195
7324
7196
7325
7197
7326
7198
7327
7199
7328
7200
7329
7201
7330
7202
7331
7203
7332
7204
7333
7205
7334
7206
7335
7207
7336
7208
7337
7209
7338
7210
7339
7211
7340
7212
7341
7213
7342
7214
7343
7215
7344
7216
7345
7217
7346
7218
7347
7219
7348
7220
7349
7221
7350
7222
7351
7223
7352
7224
7353
7225
7354
7226
7355
7227
7356
7228
7357
7229
7358
7230
7359
7231
7360
7232
7361
7233
7362
7234
7363
7235
7364
7236
7365
7237
7366
7238
7367
7239
7368
7240
7369
7241
7370
7242
7371
7243
7372
7244
7373
7245
7374
7246
7375
7247
7376
7248
7377
7249
7378
7250
7379
7251
7380
7252
7381
7253
7382
7254
7383
7255
7384
7256
7385
7257
7386
7258
7387
7259
7388
7260
7389
7261
7390
7262
7391
7263
7392
7264
7393
7265
7394
7266
7395
7267
7396
7268
7397
7269
7398
7270
7399
7271
7400
7272
7401
7273
7402
7274
7403
7275
7404
7276
7405
7277
7406
7278
7407
7279
7408
7409
7281
7410
7282
7411
7283
7412
7284
7413
7285
7414
7286
7415
7287
7416
7288
7417
7289
7418
7290
7419
7291
7420
7292
7421
7293
7422
7294
7423
7295
7424
7296
7425
7297
7426
7298
7427
7299
7428
7300
7429
7301
7430
7302
7431
7303
7432
7304
7433
7305
7434
7306
7435
7307
7436
7308
7437
7309
7438
7310
7439
7311
7440
7312
7441
7313
7442
7314
7443
7315
7444
7316
7445
7317
7446
7318
7447
7319
7448
7320
7449
7321
7450
7322
7451
7323
7452
7324
7453
7325
7454
7326
7455
7327
7456
7328
7457
7329
7458
7330
7459
7331
7460
7332
7461
7333
7462
7334
7463
7335
7464
7336
7465
7337
7466
7338
7467
7339
7468
7340
7469
7341
7470
7342
7471
7343
7472
7344
7473
7345
7474
7346
7475
7347
7476
7348
7477
7349
7478
7350
7479
7351
7480
7352
7481
7353
7482
7354
7483
7355
7484
7356
7485
7357
7486
7358
7487
7359
7488
7360
7489
7361
7490
7362
7491
7363
7492
7364
7493
7365
7494
7366
7495
7367
7496
7368
7497
7369
7498
7370
7499
7371
7500
7372
7501
7373
7502
7374
7503
7375
7504
7376
7505
7377
7506
7378
7507
7379
7508
7380
7509
7381
7510
7382
7511
7383
7512
7384
7513
7385
7514
7386
7515
7387
7516
7388
7517
7389
7518
7390
7519
7391
7520
7392
7521
7393
7522
7394
7523
7395
7524
7396
7525
7397
7526
7398
7527
7399
7528
7400
7529
7401
7530
7402
7531
7403
7532
7404
7533
7405
7534
7406
7535
7407
7536
7408
7537
7409
7538
7539
7411
7540
7412
7541
7413
7542
7414
7543
7415
7544
7416
7545
7417
7546
7418
7547
7419
7548
7420
7549
7421
7550
7422
7551
7423
7552
7424
7553
7425
7554
7426
7555
7427
7556
7428
7557
7429
7558
7430
7559
7431
7560
7432
7561
7433
7562
7434
7563
7435
7564
7436
7565
7437
7566
7438
7567
7439
7568
7440
7569
7441
7570
7442
7571
7443
7572
7444
7573
7445
7574
7446
7575
7447
7576
7448
7577
7449
7578
7450
7579
7451
7580
7452
7581
7453
7582
7454
7583
7455
7584
7456
7585
7457
7586
7458
7587
7459
7588
7460
7589
7461
7590
7462
7591
7463
7592
7464
7593
7465
7594
7466
7595
7467
7596
7468
7597
7469
7598
7470
7599
7471
7600
7472
7601
7473
7602
7474
7603
7475
7604
7476
7605
7477
7606
7478
7607
7479
7608
7480
7609
7481
7610
7482
7611
7483
7612
7484
7613
7485
7614
7486
7615
7487
7616
7488
7617
7489
7618
7490
7619
7491
7620
7492
7621
7493
7622
7494
7623
7495
7624
7496
7625
7497
7626
7498
7627
7499
7628
7500
7629
7501
7630
7502
7631
7503
7632
7504
7633
7505
7634
7506
7635
7507
7636
7508
7637
7509
7638
7510
7639
7511
7640
7512
7641
7513
7642
7514
7643
7515
7644
7516
7645
7517
7646
7518
7647
7519
7648
7520
7649
7521
7650
7522
7651
7523
7652
7524
7653
7525
7654
7526
7655
7527
7656
7528
7657
7529
7658
7530
7659
7531
7660
7532
7661
7533
7662
7534
7663
7535
7664
7536
7665
7537
7666
7538
7667
7539
7668
7669
7541
7670
7542
7671
7543
7672
7544
7673
7545
7674
7546
7675
7547
7676
7548
7677
7549
7678
7550
7679
7551
7680
7552
7681
7553
7682
7554
7683
7555
7684
7556
7685
7557
7686
7558
7687
7559
7688
7560
7689
7561
7690
7562
7691
7563
7692
7564
7693
7565
7694
7566
7695
7567
7696
7568
7697
7569
7698
7570
7699
7571
7700
7572
7701
7573
7702
7574
7703
7575
7704
7576
7705
7577
7706
7578
7707
7579
7708
7580
7709
7581
7710
7582
7711
7583
7712
7584
7713
7585
7714
7586
7715
7587
7716
7588
7717
7589
7718
7590
7719
7591
7720
7592
7721
7593
7722
7594
7723
7595
7724
7596
7725
7597
7726
7598
7727
7599
7728
7600
7729
7601
7730
7602
7731
7603
7732
7604
7733
7605
7734
7606
7735
7607
7736
7608
7737
7609
7738
7610
7739
7611
7740
7612
7741
7613
7742
7614
7743
7615
7744
7616
7745
7617
7746
7618
7747
7619
7748
7620
7749
7621
7750
7622
7751
7623
7752
7624
7753
7625
7754
7626
7755
7627
7756
7628
7757
7629
7758
7630
7759
7631
7760
7632
7761
7633
7762
7634
7763
7635
7764
7636
7765
7637
7766
7638
7767
7639
7768
7640
7769
7641
7770
7642
7771
7643
7772
7644
7773
7645
7774
7646
7775
7647
7776
7648
7777
7649
7778
7650
7779
7651
7780
7652
7781
7653
7782
7654
7783
7655
7784
7656
7785
7657
7786
7658
7787
7659
7788
7660
7789
7661
7790
7662
7791
7663
7792
7664
7793
7665
7794
7666
7795
7667
7796
7668
7797
7669
7798
7799
7671
7800
7672
7801
7673
7802
7674
7803
7675
7804
7676
7805
7677
7806
7678
7807
7679
7808
7680
7809
7681
7810
7682
7811
7683
7812
7684
7813
7685
7814
7686
7815
7687
7816
7688
7817
7689
7818
7690
7819
7691
7820
7692
7821
7693
7822
7694
7823
7695
7824
7696
7825
7697
7826
7698
7827
7699
7828
7700
7829
7701
7830
7702
7831
7703
7832
7704
7833
7705
7834
7706
7835
7707
7836
7708
7837
7709
7838
7710
7839
7711
7840
7712
7841
7713
7842
7714
7843
7715
7844
7716
7845
7717
7846
7718
7847
7719
7848
7720
7849
7721
7850
7722
7851
7723
7852
7724
7853
7725
7854
7726
7855
7727
7856
7728
7857
7729
7858
7730
7859
7731
7860
7732
7861
7733
7862
7734
7863
7735
7864
7736
7865
7737
7866
7738
7867
7739
7868
7740
7869
7741
7870
7742
7871
7743
7872
7744
7873
7745
7874
7746
7875
7747
7876
7748
7877
7749
7878
7750
7879
7751
7880
7752
7881
7753
7882
7754
7883
7755
7884
7756
7885
7757
7886
7758
7887
7759
7888
7760
7889
7761
7890
7762
7891
7763
7892
7764
7893
7765
7894
7766
7895
7767
7896
7768
7897
7769
7898
7770
7899
7771
7900
7772
7901
7773
7902
7774
7903
7775
7904
7776
7905
7777
7906
7778
7907
7779
7908
7780
7909
7781
7910
7782
7911
7783
7912
7784
7913
7785
7914
7786
7915
7787
7916
7788
7917
7789
7918
7790
7919
7791
7920
7792
7921
7793
7922
7794
7923
7795
7924
7796
7925
7797
7926
7798
7927
7799
7928
7929
7801
7930
7802
7931
7803
7932
7804
7933
7805
7934
7806
7935
7807
7936
7808
7937
7809
7938
7810
7939
7811
7940
7812
7941
7813
7942
7814
7943
7815
7944
7816
7945
7817
7946
7818
7947
7819
7948
7820
7949
7821
7950
7822
7951
7823
7952
7824
7953
7825
7954
7826
7955
7827
7956
7828
7957
7829
7958
7830
7959
7831
7960
7832
7961
7833
7962
7834
7963
7835
7964
7836
7965
7837
7966
7838
7967
7839
7968
7840
7969
7841
7970
7842
7971
7843
7972
7844
7973
7845
7974
7846
7975
7847
7976
7848
7977
7849
7978
7850
7979
7851
7980
7852
7981
7853
7982
7854
7983
7855
7984
7856
7985
7857
7986
7858
7987
7859
7988
7860
7989
7861
7990
7862
7991
7863
7992
7864
7993
7865
7994
7866
7995
7867
7996
7868
7997
7869
7998
7870
7999
7871
8000
7872
8001
7873
8002
7874
8003
7875
8004
7876
8005
7877
8006
7878
8007
7879
8008
7880
8009
7881
8010
7882
8011
7883
8012
7884
8013
7885
8014
7886
8015
7887
8016
7888
8017
7889
8018
7890
8019
7891
8020
7892
8021
7893
8022
7894
8023
7895
8024
7896
8025
7897
8026
7898
8027
7899
8028
7900
8029
7901
8030
7902
8031
7903
8032
7904
8033
7905
8034
7906
8035
7907
8036
7908
8037
7909
8038
7910
8039
7911
8040
7912
8041
7913
8042
7914
8043
7915
8044
7916
8045
7917
8046
7918
8047
7919
8048
7920
8049
7921
8050
7922
8051
7923
8052
7924
8053
7925
8054
7926
8055
7927
8056
7928
8057
7929
8058
8059
7931
8060
7932
8061
7933
8062
7934
8063
7935
8064
7936
8065
7937
8066
7938
8067
7939
8068
7940
8069
7941
8070
7942
8071
7943
8072
7944
8073
7945
8074
7946
8075
7947
8076
7948
8077
7949
8078
7950
8079
7951
8080
7952
8081
7953
8082
7954
8083
7955
8084
7956
8085
7957
8086
7958
8087
7959
8088
7960
8089
7961
8090
7962
8091
7963
8092
7964
8093
7965
8094
7966
8095
7967
8096
7968
8097
7969
8098
7970
8099
7971
8100
7972
8101
7973
8102
7974
8103
7975
8104
7976
8105
7977
8106
7978
8107
7979
8108
7980
8109
7981
8110
7982
8111
7983
8112
7984
8113
7985
8114
7986
8115
7987
8116
7988
8117
7989
8118
7990
8119
7991
8120
7992
8121
7993
8122
7994
8123
7995
8124
7996
8125
7997
8126
7998
8127
7999
8128
8000
8129
8001
8130
8002
8131
8003
8132
8004
8133
8005
8134
8006
8135
8007
8136
8008
8137
8009
8138
8010
8139
8011
8140
8012
8141
8013
8142
8014
8143
8015
8144
8016
8145
8017
8146
8018
8147
8019
8148
8020
8149
8021
8150
8022
8151
8023
8152
8024
8153
8025
8154
8026
8155
8027
8156
8028
8157
8029
8158
8030
8159
8031
8160
8032
8161
8033
8162
8034
8163
8035
8164
8036
8165
8037
8166
8038
8167
8039
8168
8040
8169
8041
8170
8042
8171
8043
8172
8044
8173
8045
8174
8046
8175
8047
8176
8048
8177
8049
8178
8050
8179
8051
8180
8052
8181
8053
8182
8054
8183
8055
8184
8056
8185
8057
8186
8058
8187
8059
8188
8189
8061
8190
8062
8191
8063
8192
8064
8193
8065
8194
8066
8195
8067
8196
8068
8197
8069
8198
8070
8199
8071
8200
8072
8201
8073
8202
8074
8203
8075
8204
8076
8205
8077
8206
8078
8207
8079
8208
8080
8209
8081
8210
8082
8211
8083
8212
8084
8213
8085
8214
8086
8215
8087
8216
8088
8217
8089
8218
8090
8219
8091
8220
8092
8221
8093
8222
8094
8223
8095
8224
8096
8225
8097
8226
8098
8227
8099
8228
8100
8229
8101
8230
8102
8231
8103
8232
8104
8233
8105
8234
8106
8235
8107
8236
8108
8237
8109
8238
8110
8239
8111
8240
8112
8241
8113
8242
8114
8243
8115
8244
8116
8245
8117
8246
8118
8247
8119
8248
8120
8249
8121
8250
8122
8251
8123
8252
8124
8253
8125
8254
8126
8255
8127
8256
8128
8257
8129
8258
8130
8259
8131
8260
8132
8261
8133
8262
8134
8263
8135
8264
8136
8265
8137
8266
8138
8267
8139
8268
8140
8269
8141
8270
8142
8271
8143
8272
8144
8273
8145
8274
8146
8275
8147
8276
8148
8277
8149
8278
8150
8279
8151
8280
8152
8281
8153
8282
8154
8283
8155
8284
8156
8285
8157
8286
8158
8287
8159
8288
8160
8289
8161
8290
8162
8291
8163
8292
8164
8293
8165
8294
8166
8295
8167
8296
8168
8297
8169
8298
8170
8299
8171
8300
8172
8301
8173
8302
8174
8303
8175
8304
8176
8305
8177
8306
8178
8307
8179
8308
8180
8309
8181
8310
8182
8311
8183
8312
8184
8313
8185
8314
8186
8315
8187
8316
8188
8317
8189
8318
8319
8191
8320
8192
8321
8193
8322
8194
8323
8195
8324
8196
8325
8197
8326
8198
8327
8199
8328
8200
8329
8201
8330
8202
8331
8203
8332
8204
8333
8205
8334
8206
8335
8207
8336
8208
8337
8209
8338
8210
8339
8211
8340
8212
8341
8213
8342
8214
8343
8215
8344
8216
8345
8217
8346
8218
8347
8219
8348
8220
8349
8221
8350
8222
8351
8223
8352
8224
8353
8225
8354
8226
8355
8227
8356
8228
8357
8229
8358
8230
8359
8231
8360
8232
8361
8233
8362
8234
8363
8235
8364
8236
8365
8237
8366
8238
8367
8239
8368
8240
8369
8241
8370
8242
8371
8243
8372
8244
8373
8245
8374
8246
8375
8247
8376
8248
8377
8249
8378
8250
8379
8251
8380
8252
8381
8253
8382
8254
8383
8255
8384
8256
8385
8257
8386
8258
8387
8259
8388
8260
8389
8261
8390
8262
8391
8263
8392
8264
8393
8265
8394
8266
8395
8267
8396
8268
8397
8269
8398
8270
8399
8271
8400
8272
8401
8273
8402
8274
8403
8275
8404
8276
8405
8277
8406
8278
8407
8279
8408
8280
8409
8281
8410
8282
8411
8283
8412
8284
8413
8285
8414
8286
8415
8287
8416
8288
8417
8289
8418
8290
8419
8291
8420
8292
8421
8293
8422
8294
8423
8295
8424
8296
8425
8297
8426
8298
8427
8299
8428
8300
8429
8301
8430
8302
8431
8303
8432
8304
8433
8305
8434
8306
8435
8307
8436
8308
8437
8309
8438
8310
8439
8311
8440
8312
8441
8313
8442
8314
8443
8315
8444
8316
8445
8317
8446
8318
8447
8319
8448
8449
8321
8450
8322
8451
8323
8452
8324
8453
8325
8454
8326
8455
8327
8456
8328
8457
8329
8458
8330
8459
8331
8460
8332
8461
8333
8462
8334
8463
8335
8464
8336
8465
8337
8466
8338
8467
8339
8468
8340
8469
8341
8470
8342
8471
8343
8472
8344
8473
8345
8474
8346
8475
8347
8476
8348
8477
8349
8478
8350
8479
8351
8480
8352
8481
8353
8482
8354
8483
8355
8484
8356
8485
8357
8486
8358
8487
8359
8488
8360
8489
8361
8490
8362
8491
8363
8492
8364
8493
8365
8494
8366
8495
8367
8496
8368
8497
8369
8498
8370
8499
8371
8500
8372
8501
8373
8502
8374
8503
8375
8504
8376
8505
8377
8506
8378
8507
8379
8508
8380
8509
8381
8510
8382
8511
8383
8512
8384
8513
8385
8514
8386
8515
8387
8516
8388
8517
8389
8518
8390
8519
8391
8520
8392
8521
8393
8522
8394
8523
8395
8524
8396
8525
8397
8526
8398
8527
8399
8528
8400
8529
8401
8530
8402
8531
8403
8532
8404
8533
8405
8534
8406
8535
8407
8536
8408
8537
8409
8538
8410
8539
8411
8540
8412
8541
8413
8542
8414
8543
8415
8544
8416
8545
8417
8546
8418
8547
8419
8548
8420
8549
8421
8550
8422
8551
8423
8552
8424
8553
8425
8554
8426
8555
8427
8556
8428
8557
8429
8558
8430
8559
8431
8560
8432
8561
8433
8562
8434
8563
8435
8564
8436
8565
8437
8566
8438
8567
8439
8568
8440
8569
8441
8570
8442
8571
8443
8572
8444
8573
8445
8574
8446
8575
8447
8576
8448
8577
8449
8578
8579
8451
8580
8452
8581
8453
8582
8454
8583
8455
8584
8456
8585
8457
8586
8458
8587
8459
8588
8460
8589
8461
8590
8462
8591
8463
8592
8464
8593
8465
8594
8466
8595
8467
8596
8468
8597
8469
8598
8470
8599
8471
8600
8472
8601
8473
8602
8474
8603
8475
8604
8476
8605
8477
8606
8478
8607
8479
8608
8480
8609
8481
8610
8482
8611
8483
8612
8484
8613
8485
8614
8486
8615
8487
8616
8488
8617
8489
8618
8490
8619
8491
8620
8492
8621
8493
8622
8494
8623
8495
8624
8496
8625
8497
8626
8498
8627
8499
8628
8500
8629
8501
8630
8502
8631
8503
8632
8504
8633
8505
8634
8506
8635
8507
8636
8508
8637
8509
8638
8510
8639
8511
8640
8512
8641
8513
8642
8514
8643
8515
8644
8516
8645
8517
8646
8518
8647
8519
8648
8520
8649
8521
8650
8522
8651
8523
8652
8524
8653
8525
8654
8526
8655
8527
8656
8528
8657
8529
8658
8530
8659
8531
8660
8532
8661
8533
8662
8534
8663
8535
8664
8536
8665
8537
8666
8538
8667
8539
8668
8540
8669
8541
8670
8542
8671
8543
8672
8544
8673
8545
8674
8546
8675
8547
8676
8548
8677
8549
8678
8550
8679
8551
8680
8552
8681
8553
8682
8554
8683
8555
8684
8556
8685
8557
8686
8558
8687
8559
8688
8560
8689
8561
8690
8562
8691
8563
8692
8564
8693
8565
8694
8566
8695
8567
8696
8568
8697
8569
8698
8570
8699
8571
8700
8572
8701
8573
8702
8574
8703
8575
8704
8576
8705
8577
8706
8578
8707
8579
8708
8709
8581
8710
8582
8711
8583
8712
8584
8713
8585
8714
8586
8715
8587
8716
8588
8717
8589
8718
8590
8719
8591
8720
8592
8721
8593
8722
8594
8723
8595
8724
8596
8725
8597
8726
8598
8727
8599
8728
8600
8729
8601
8730
8602
8731
8603
8732
8604
8733
8605
8734
8606
8735
8607
8736
8608
8737
8609
8738
8610
8739
8611
8740
8612
8741
8613
8742
8614
8743
8615
8744
8616
8745
8617
8746
8618
8747
8619
8748
8620
8749
8621
8750
8622
8751
8623
8752
8624
8753
8625
8754
8626
8755
8627
8756
8628
8757
8629
8758
8630
8759
8631
8760
8632
8761
8633
8762
8634
8763
8635
8764
8636
8765
8637
8766
8638
8767
8639
8768
8640
8769
8641
8770
8642
8771
8643
8772
8644
8773
8645
8774
8646
8775
8647
8776
8648
8777
8649
8778
8650
8779
8651
8780
8652
8781
8653
8782
8654
8783
8655
8784
8656
8785
8657
8786
8658
8787
8659
8788
8660
8789
8661
8790
8662
8791
8663
8792
8664
8793
8665
8794
8666
8795
8667
8796
8668
8797
8669
8798
8670
8799
8671
8800
8672
8801
8673
8802
8674
8803
8675
8804
8676
8805
8677
8806
8678
8807
8679
8808
8680
8809
8681
8810
8682
8811
8683
8812
8684
8813
8685
8814
8686
8815
8687
8816
8688
8817
8689
8818
8690
8819
8691
8820
8692
8821
8693
8822
8694
8823
8695
8824
8696
8825
8697
8826
8698
8827
8699
8828
8700
8829
8701
8830
8702
8831
8703
8832
8704
8833
8705
8834
8706
8835
8707
8836
8708
8837
8709
8838
8839
8711
8840
8712
8841
8713
8842
8714
8843
8715
8844
8716
8845
8717
8846
8718
8847
8719
8848
8720
8849
8721
8850
8722
8851
8723
8852
8724
8853
8725
8854
8726
8855
8727
8856
8728
8857
8729
8858
8730
8859
8731
8860
8732
8861
8733
8862
8734
8863
8735
8864
8736
8865
8737
8866
8738
8867
8739
8868
8740
8869
8741
8870
8742
8871
8743
8872
8744
8873
8745
8874
8746
8875
8747
8876
8748
8877
8749
8878
8750
8879
8751
8880
8752
8881
8753
8882
8754
8883
8755
8884
8756
8885
8757
8886
8758
8887
8759
8888
8760
8889
8761
8890
8762
8891
8763
8892
8764
8893
8765
8894
8766
8895
8767
8896
8768
8897
8769
8898
8770
8899
8771
8900
8772
8901
8773
8902
8774
8903
8775
8904
8776
8905
8777
8906
8778
8907
8779
8908
8780
8909
8781
8910
8782
8911
8783
8912
8784
8913
8785
8914
8786
8915
8787
8916
8788
8917
8789
8918
8790
8919
8791
8920
8792
8921
8793
8922
8794
8923
8795
8924
8796
8925
8797
8926
8798
8927
8799
8928
8800
8929
8801
8930
8802
8931
8803
8932
8804
8933
8805
8934
8806
8935
8807
8936
8808
8937
8809
8938
8810
8939
8811
8940
8812
8941
8813
8942
8814
8943
8815
8944
8816
8945
8817
8946
8818
8947
8819
8948
8820
8949
8821
8950
8822
8951
8823
8952
8824
8953
8825
8954
8826
8955
8827
8956
8828
8957
8829
8958
8830
8959
8831
8960
8832
8961
8833
8962
8834
8963
8835
8964
8836
8965
8837
8966
8838
8967
8839
8968
8969
8841
8970
8842
8971
8843
8972
8844
8973
8845
8974
8846
8975
8847
8976
8848
8977
8849
8978
8850
8979
8851
8980
8852
8981
8853
8982
8854
8983
8855
8984
8856
8985
8857
8986
8858
8987
8859
8988
8860
8989
8861
8990
8862
8991
8863
8992
8864
8993
8865
8994
8866
8995
8867
8996
8868
8997
8869
8998
8870
8999
8871
9000
8872
9001
8873
9002
8874
9003
8875
9004
8876
9005
8877
9006
8878
9007
8879
9008
8880
9009
8881
9010
8882
9011
8883
9012
8884
9013
8885
9014
8886
9015
8887
9016
8888
9017
8889
9018
8890
9019
8891
9020
8892
9021
8893
9022
8894
9023
8895
9024
8896
9025
8897
9026
8898
9027
8899
9028
8900
9029
8901
9030
8902
9031
8903
9032
8904
9033
8905
9034
8906
9035
8907
9036
8908
9037
8909
9038
8910
9039
8911
9040
8912
9041
8913
9042
8914
9043
8915
9044
8916
9045
8917
9046
8918
9047
8919
9048
8920
9049
8921
9050
8922
9051
8923
9052
8924
9053
8925
9054
8926
9055
8927
9056
8928
9057
8929
9058
8930
9059
8931
9060
8932
9061
8933
9062
8934
9063
8935
9064
8936
9065
8937
9066
8938
9067
8939
9068
8940
9069
8941
9070
8942
9071
8943
9072
8944
9073
8945
9074
8946
9075
8947
9076
8948
9077
8949
9078
8950
9079
8951
9080
8952
9081
8953
9082
8954
9083
8955
9084
8956
9085
8957
9086
8958
9087
8959
9088
8960
9089
8961
9090
8962
9091
8963
9092
8964
9093
8965
9094
8966
9095
8967
9096
8968
9097
8969
9098
9099
8971
9100
8972
9101
8973
9102
8974
9103
8975
9104
8976
9105
8977
9106
8978
9107
8979
9108
8980
9109
8981
9110
8982
9111
8983
9112
8984
9113
8985
9114
8986
9115
8987
9116
8988
9117
8989
9118
8990
9119
8991
9120
8992
9121
8993
9122
8994
9123
8995
9124
8996
9125
8997
9126
8998
9127
8999
9128
9000
9129
9001
9130
9002
9131
9003
9132
9004
9133
9005
9134
9006
9135
9007
9136
9008
9137
9009
9138
9010
9139
9011
9140
9012
9141
9013
9142
9014
9143
9015
9144
9016
9145
9017
9146
9018
9147
9019
9148
9020
9149
9021
9150
9022
9151
9023
9152
9024
9153
9025
9154
9026
9155
9027
9156
9028
9157
9029
9158
9030
9159
9031
9160
9032
9161
9033
9162
9034
9163
9035
9164
9036
9165
9037
9166
9038
9167
9039
9168
9040
9169
9041
9170
9042
9171
9043
9172
9044
9173
9045
9174
9046
9175
9047
9176
9048
9177
9049
9178
9050
9179
9051
9180
9052
9181
9053
9182
9054
9183
9055
9184
9056
9185
9057
9186
9058
9187
9059
9188
9060
9189
9061
9190
9062
9191
9063
9192
9064
9193
9065
9194
9066
9195
9067
9196
9068
9197
9069
9198
9070
9199
9071
9200
9072
9201
9073
9202
9074
9203
9075
9204
9076
9205
9077
9206
9078
9207
9079
9208
9080
9209
9081
9210
9082
9211
9083
9212
9084
9213
9085
9214
9086
9215
9087
9216
9088
9217
9089
9218
9090
9219
9091
9220
9092
9221
9093
9222
9094
9223
9095
9224
9096
9225
9097
9226
9098
9227
9099
9228
9229
9101
9230
9102
9231
9103
9232
9104
9233
9105
9234
9106
9235
9107
9236
9108
9237
9109
9238
9110
9239
9111
9240
9112
9241
9113
9242
9114
9243
9115
9244
9116
9245
9117
9246
9118
9247
9119
9248
9120
9249
9121
9250
9122
9251
9123
9252
9124
9253
9125
9254
9126
9255
9127
9256
9128
9257
9129
9258
9130
9259
9131
9260
9132
9261
9133
9262
9134
9263
9135
9264
9136
9265
9137
9266
9138
9267
9139
9268
9140
9269
9141
9270
9142
9271
9143
9272
9144
9273
9145
9274
9146
9275
9147
9276
9148
9277
9149
9278
9150
9279
9151
9280
9152
9281
9153
9282
9154
9283
9155
9284
9156
9285
9157
9286
9158
9287
9159
9288
9160
9289
9161
9290
9162
9291
9163
9292
9164
9293
9165
9294
9166
9295
9167
9296
9168
9297
9169
9298
9170
9299
9171
9300
9172
9301
9173
9302
9174
9303
9175
9304
9176
9305
9177
9306
9178
9307
9179
9308
9180
9309
9181
9310
9182
9311
9183
9312
9184
9313
9185
9314
9186
9315
9187
9316
9188
9317
9189
9318
9190
9319
9191
9320
9192
9321
9193
9322
9194
9323
9195
9324
9196
9325
9197
9326
9198
9327
9199
9328
9200
9329
9201
9330
9202
9331
9203
9332
9204
9333
9205
9334
9206
9335
9207
9336
9208
9337
9209
9338
9210
9339
9211
9340
9212
9341
9213
9342
9214
9343
9215
9344
9216
9345
9217
9346
9218
9347
9219
9348
9220
9349
9221
9350
9222
9351
9223
9352
9224
9353
9225
9354
9226
9355
9227
9356
9228
9357
9229
9358
9359
9231
9360
9232
9361
9233
9362
9234
9363
9235
9364
9236
9365
9237
9366
9238
9367
9239
9368
9240
9369
9241
9370
9242
9371
9243
9372
9244
9373
9245
9374
9246
9375
9247
9376
9248
9377
9249
9378
9250
9379
9251
9380
9252
9381
9253
9382
9254
9383
9255
9384
9256
9385
9257
9386
9258
9387
9259
9388
9260
9389
9261
9390
9262
9391
9263
9392
9264
9393
9265
9394
9266
9395
9267
9396
9268
9397
9269
9398
9270
9399
9271
9400
9272
9401
9273
9402
9274
9403
9275
9404
9276
9405
9277
9406
9278
9407
9279
9408
9280
9409
9281
9410
9282
9411
9283
9412
9284
9413
9285
9414
9286
9415
9287
9416
9288
9417
9289
9418
9290
9419
9291
9420
9292
9421
9293
9422
9294
9423
9295
9424
9296
9425
9297
9426
9298
9427
9299
9428
9300
9429
9301
9430
9302
9431
9303
9432
9304
9433
9305
9434
9306
9435
9307
9436
9308
9437
9309
9438
9310
9439
9311
9440
9312
9441
9313
9442
9314
9443
9315
9444
9316
9445
9317
9446
9318
9447
9319
9448
9320
9449
9321
9450
9322
9451
9323
9452
9324
9453
9325
9454
9326
9455
9327
9456
9328
9457
9329
9458
9330
9459
9331
9460
9332
9461
9333
9462
9334
9463
9335
9464
9336
9465
9337
9466
9338
9467
9339
9468
9340
9469
9341
9470
9342
9471
9343
9472
9344
9473
9345
9474
9346
9475
9347
9476
9348
9477
9349
9478
9350
9479
9351
9480
9352
9481
9353
9482
9354
9483
9355
9484
9356
9485
9357
9486
9358
9487
9359
9488
9489
9361
9490
9362
9491
9363
9492
9364
9493
9365
9494
9366
9495
9367
9496
9368
9497
9369
9498
9370
9499
9371
9500
9372
9501
9373
9502
9374
9503
9375
9504
9376
9505
9377
9506
9378
9507
9379
9508
9380
9509
9381
9510
9382
9511
9383
9512
9384
9513
9385
9514
9386
9515
9387
9516
9388
9517
9389
9518
9390
9519
9391
9520
9392
9521
9393
9522
9394
9523
9395
9524
9396
9525
9397
9526
9398
9527
9399
9528
9400
9529
9401
9530
9402
9531
9403
9532
9404
9533
9405
9534
9406
9535
9407
9536
9408
9537
9409
9538
9410
9539
9411
9540
9412
9541
9413
9542
9414
9543
9415
9544
9416
9545
9417
9546
9418
9547
9419
9548
9420
9549
9421
9550
9422
9551
9423
9552
9424
9553
9425
9554
9426
9555
9427
9556
9428
9557
9429
9558
9430
9559
9431
9560
9432
9561
9433
9562
9434
9563
9435
9564
9436
9565
9437
9566
9438
9567
9439
9568
9440
9569
9441
9570
9442
9571
9443
9572
9444
9573
9445
9574
9446
9575
9447
9576
9448
9577
9449
9578
9450
9579
9451
9580
9452
9581
9453
9582
9454
9583
9455
9584
9456
9585
9457
9586
9458
9587
9459
9588
9460
9589
9461
9590
9462
9591
9463
9592
9464
9593
9465
9594
9466
9595
9467
9596
9468
9597
9469
9598
9470
9599
9471
9600
9472
9601
9473
9602
9474
9603
9475
9604
9476
9605
9477
9606
9478
9607
9479
9608
9480
9609
9481
9610
9482
9611
9483
9612
9484
9613
9485
9614
9486
9615
9487
9616
9488
9617
9489
9618
9619
9491
9620
9492
9621
9493
9622
9494
9623
9495
9624
9496
9625
9497
9626
9498
9627
9499
9628
9500
9629
9501
9630
9502
9631
9503
9632
9504
9633
9505
9634
9506
9635
9507
9636
9508
9637
9509
9638
9510
9639
9511
9640
9512
9641
9513
9642
9514
9643
9515
9644
9516
9645
9517
9646
9518
9647
9519
9648
9520
9649
9521
9650
9522
9651
9523
9652
9524
9653
9525
9654
9526
9655
9527
9656
9528
9657
9529
9658
9530
9659
9531
9660
9532
9661
9533
9662
9534
9663
9535
9664
9536
9665
9537
9666
9538
9667
9539
9668
9540
9669
9541
9670
9542
9671
9543
9672
9544
9673
9545
9674
9546
9675
9547
9676
9548
9677
9549
9678
9550
9679
9551
9680
9552
9681
9553
9682
9554
9683
9555
9684
9556
9685
9557
9686
9558
9687
9559
9688
9560
9689
9561
9690
9562
9691
9563
9692
9564
9693
9565
9694
9566
9695
9567
9696
9568
9697
9569
9698
9570
9699
9571
9700
9572
9701
9573
9702
9574
9703
9575
9704
9576
9705
9577
9706
9578
9707
9579
9708
9580
9709
9581
9710
9582
9711
9583
9712
9584
9713
9585
9714
9586
9715
9587
9716
9588
9717
9589
9718
9590
9719
9591
9720
9592
9721
9593
9722
9594
9723
9595
9724
9596
9725
9597
9726
9598
9727
9599
9728
9600
9729
9601
9730
9602
9731
9603
9732
9604
9733
9605
9734
9606
9735
9607
9736
9608
9737
9609
9738
9610
9739
9611
9740
9612
9741
9613
9742
9614
9743
9615
9744
9616
9745
9617
9746
9618
9747
9619
9748
9749
9621
9750
9622
9751
9623
9752
9624
9753
9625
9754
9626
9755
9627
9756
9628
9757
9629
9758
9630
9759
9631
9760
9632
9761
9633
9762
9634
9763
9635
9764
9636
9765
9637
9766
9638
9767
9639
9768
9640
9769
9641
9770
9642
9771
9643
9772
9644
9773
9645
9774
9646
9775
9647
9776
9648
9777
9649
9778
9650
9779
9651
9780
9652
9781
9653
9782
9654
9783
9655
9784
9656
9785
9657
9786
9658
9787
9659
9788
9660
9789
9661
9790
9662
9791
9663
9792
9664
9793
9665
9794
9666
9795
9667
9796
9668
9797
9669
9798
9670
9799
9671
9800
9672
9801
9673
9802
9674
9803
9675
9804
9676
9805
9677
9806
9678
9807
9679
9808
9680
9809
9681
9810
9682
9811
9683
9812
9684
9813
9685
9814
9686
9815
9687
9816
9688
9817
9689
9818
9690
9819
9691
9820
9692
9821
9693
9822
9694
9823
9695
9824
9696
9825
9697
9826
9698
9827
9699
9828
9700
9829
9701
9830
9702
9831
9703
9832
9704
9833
9705
9834
9706
9835
9707
9836
9708
9837
9709
9838
9710
9839
9711
9840
9712
9841
9713
9842
9714
9843
9715
9844
9716
9845
9717
9846
9718
9847
9719
9848
9720
9849
9721
9850
9722
9851
9723
9852
9724
9853
9725
9854
9726
9855
9727
9856
9728
9857
9729
9858
9730
9859
9731
9860
9732
9861
9733
9862
9734
9863
9735
9864
9736
9865
9737
9866
9738
9867
9739
9868
9740
9869
9741
9870
9742
9871
9743
9872
9744
9873
9745
9874
9746
9875
9747
9876
9748
9877
9749
9878
9879
9751
9880
9752
9881
9753
9882
9754
9883
9755
9884
9756
9885
9757
9886
9758
9887
9759
9888
9760
9889
9761
9890
9762
9891
9763
9892
9764
9893
9765
9894
9766
9895
9767
9896
9768
9897
9769
9898
9770
9899
9771
9900
9772
9901
9773
9902
9774
9903
9775
9904
9776
9905
9777
9906
9778
9907
9779
9908
9780
9909
9781
9910
9782
9911
9783
9912
9784
9913
9785
9914
9786
9915
9787
9916
9788
9917
9789
9918
9790
9919
9791
9920
9792
9921
9793
9922
9794
9923
9795
9924
9796
9925
9797
9926
9798
9927
9799
9928
9800
9929
9801
9930
9802
9931
9803
9932
9804
9933
9805
9934
9806
9935
9807
9936
9808
9937
9809
9938
9810
9939
9811
9940
9812
9941
9813
9942
9814
9943
9815
9944
9816
9945
9817
9946
9818
9947
9819
9948
9820
9949
9821
9950
9822
9951
9823
9952
9824
9953
9825
9954
9826
9955
9827
9956
9828
9957
9829
9958
9830
9959
9831
9960
9832
9961
9833
9962
9834
9963
9835
9964
9836
9965
9837
9966
9838
9967
9839
9968
9840
9969
9841
9970
9842
9971
9843
9972
9844
9973
9845
9974
9846
9975
9847
9976
9848
9977
9849
9978
9850
9979
9851
9980
9852
9981
9853
9982
9854
9983
9855
9984
9856
9985
9857
9986
9858
9987
9859
9988
9860
9989
9861
9990
9862
9991
9863
9992
9864
9993
9865
9994
9866
9995
9867
9996
9868
9997
9869
9998
9870
9999
9871
10000
9872
10001
9873
10002
9874
10003
9875
10004
9876
10005
9877
10006
9878
10007
9879
10008
10009
9881
10010
9882
10011
9883
10012
9884
10013
9885
10014
9886
10015
9887
10016
9888
10017
9889
10018
9890
10019
9891
10020
9892
10021
9893
10022
9894
10023
9895
10024
9896
10025
9897
10026
9898
10027
9899
10028
9900
10029
9901
10030
9902
10031
9903
10032
9904
10033
9905
10034
9906
10035
9907
10036
9908
10037
9909
10038
9910
10039
9911
10040
9912
10041
9913
10042
9914
10043
9915
10044
9916
10045
9917
10046
9918
10047
9919
10048
9920
10049
9921
10050
9922
10051
9923
10052
9924
10053
9925
10054
9926
10055
9927
10056
9928
10057
9929
10058
9930
10059
9931
10060
9932
10061
9933
10062
9934
10063
9935
10064
9936
10065
9937
10066
9938
10067
9939
10068
9940
10069
9941
10070
9942
10071
9943
10072
9944
10073
9945
10074
9946
10075
9947
10076
9948
10077
9949
10078
9950
10079
9951
10080
9952
10081
9953
10082
9954
10083
9955
10084
9956
10085
9957
10086
9958
10087
9959
10088
9960
10089
9961
10090
9962
10091
9963
10092
9964
10093
9965
10094
9966
10095
9967
10096
9968
10097
9969
10098
9970
10099
9971
10100
9972
10101
9973
10102
9974
10103
9975
10104
9976
10105
9977
10106
9978
10107
9979
10108
9980
10109
9981
10110
9982
10111
9983
10112
9984
10113
9985
10114
9986
10115
9987
10116
9988
10117
9989
10118
9990
10119
9991
10120
9992
10121
9993
10122
9994
10123
9995
10124
9996
10125
9997
10126
9998
10127
9999
10128
10000
10129
10001
10130
10002
10131
10003
10132
10004
10133
10005
10134
10006
10135
10007
10136
10008
10137
10009
10138
10139
10011
10140
10012
10141
10013
10142
10014
10143
10015
10144
10016
10145
10017
10146
10018
10147
10019
10148
10020
10149
10021
10150
10022
10151
10023
10152
10024
10153
10025
10154
10026
10155
10027
10156
10028
10157
10029
10158
10030
10159
10031
10160
10032
10161
10033
10162
10034
10163
10035
10164
10036
10165
10037
10166
10038
10167
10039
10168
10040
10169
10041
10170
10042
10171
10043
10172
10044
10173
10045
10174
10046
10175
10047
10176
10048
10177
10049
10178
10050
10179
10051
10180
10052
10181
10053
10182
10054
10183
10055
10184
10056
10185
10057
10186
10058
10187
10059
10188
10060
10189
10061
10190
10062
10191
10063
10192
10064
10193
10065
10194
10066
10195
10067
10196
10068
10197
10069
10198
10070
10199
10071
10200
10072
10201
10073
10202
10074
10203
10075
10204
10076
10205
10077
10206
10078
10207
10079
10208
10080
10209
10081
10210
10082
10211
10083
10212
10084
10213
10085
10214
10086
10215
10087
10216
10088
10217
10089
10218
10090
10219
10091
10220
10092
10221
10093
10222
10094
10223
10095
10224
10096
10225
10097
10226
10098
10227
10099
10228
10100
10229
10101
10230
10102
10231
10103
10232
10104
10233
10105
10234
10106
10235
10107
10236
10108
10237
10109
10238
10110
10239
10111
10240
10112
10241
10113
10242
10114
10243
10115
10244
10116
10245
10117
10246
10118
10247
10119
10248
10120
10249
10121
10250
10122
10251
10123
10252
10124
10253
10125
10254
10126
10255
10127
10256
10128
10257
10129
10258
10130
10259
10131
10260
10132
10261
10133
10262
10134
10263
10135
10264
10136
10265
10137
10266
10138
10267
10139
10268
10269
10141
10270
10142
10271
10143
10272
10144
10273
10145
10274
10146
10275
10147
10276
10148
10277
10149
10278
10150
10279
10151
10280
10152
10281
10153
10282
10154
10283
10155
10284
10156
10285
10157
10286
10158
10287
10159
10288
10160
10289
10161
10290
10162
10291
10163
10292
10164
10293
10165
10294
10166
10295
10167
10296
10168
10297
10169
10298
10170
10299
10171
10300
10172
10301
10173
10302
10174
10303
10175
10304
10176
10305
10177
10306
10178
10307
10179
10308
10180
10309
10181
10310
10182
10311
10183
10312
10184
10313
10185
10314
10186
10315
10187
10316
10188
10317
10189
10318
10190
10319
10191
10320
10192
10321
10193
10322
10194
10323
10195
10324
10196
10325
10197
10326
10198
10327
10199
10328
10200
10329
10201
10330
10202
10331
10203
10332
10204
10333
10205
10334
10206
10335
10207
10336
10208
10337
10209
10338
10210
10339
10211
10340
10212
10341
10213
10342
10214
10343
10215
10344
10216
10345
10217
10346
10218
10347
10219
10348
10220
10349
10221
10350
10222
10351
10223
10352
10224
10353
10225
10354
10226
10355
10227
10356
10228
10357
10229
10358
10230
10359
10231
10360
10232
10361
10233
10362
10234
10363
10235
10364
10236
10365
10237
10366
10238
10367
10239
10368
10240
10369
10241
10370
10242
10371
10243
10372
10244
10373
10245
10374
10246
10375
10247
10376
10248
10377
10249
10378
10250
10379
10251
10380
10252
10381
10253
10382
10254
10383
10255
10384
10256
10385
10257
10386
10258
10387
10259
10388
10260
10389
10261
10390
10262
10391
10263
10392
10264
10393
10265
10394
10266
10395
10267
10396
10268
10397
10269
10398
10399
10271
10400
10272
10401
10273
10402
10274
10403
10275
10404
10276
10405
10277
10406
10278
10407
10279
10408
10280
10409
10281
10410
10282
10411
10283
10412
10284
10413
10285
10414
10286
10415
10287
10416
10288
10417
10289
10418
10290
10419
10291
10420
10292
10421
10293
10422
10294
10423
10295
10424
10296
10425
10297
10426
10298
10427
10299
10428
10300
10429
10301
10430
10302
10431
10303
10432
10304
10433
10305
10434
10306
10435
10307
10436
10308
10437
10309
10438
10310
10439
10311
10440
10312
10441
10313
10442
10314
10443
10315
10444
10316
10445
10317
10446
10318
10447
10319
10448
10320
10449
10321
10450
10322
10451
10323
10452
10324
10453
10325
10454
10326
10455
10327
10456
10328
10457
10329
10458
10330
10459
10331
10460
10332
10461
10333
10462
10334
10463
10335
10464
10336
10465
10337
10466
10338
10467
10339
10468
10340
10469
10341
10470
10342
10471
10343
10472
10344
10473
10345
10474
10346
10475
10347
10476
10348
10477
10349
10478
10350
10479
10351
10480
10352
10481
10353
10482
10354
10483
10355
10484
10356
10485
10357
10486
10358
10487
10359
10488
10360
10489
10361
10490
10362
10491
10363
10492
10364
10493
10365
10494
10366
10495
10367
10496
10368
10497
10369
10498
10370
10499
10371
10500
10372
10501
10373
10502
10374
10503
10375
10504
10376
10505
10377
10506
10378
10507
10379
10508
10380
10509
10381
10510
10382
10511
10383
10512
10384
10513
10385
10514
10386
10515
10387
10516
10388
10517
10389
10518
10390
10519
10391
10520
10392
10521
10393
10522
10394
10523
10395
10524
10396
10525
10397
10526
10398
10527
10399
10528
10529
10401
10530
10402
10531
10403
10532
10404
10533
10405
10534
10406
10535
10407
10536
10408
10537
10409
10538
10410
10539
10411
10540
10412
10541
10413
10542
10414
10543
10415
10544
10416
10545
10417
10546
10418
10547
10419
10548
10420
10549
10421
10550
10422
10551
10423
10552
10424
10553
10425
10554
10426
10555
10427
10556
10428
10557
10429
10558
10430
10559
10431
10560
10432
10561
10433
10562
10434
10563
10435
10564
10436
10565
10437
10566
10438
10567
10439
10568
10440
10569
10441
10570
10442
10571
10443
10572
10444
10573
10445
10574
10446
10575
10447
10576
10448
10577
10449
10578
10450
10579
10451
10580
10452
10581
10453
10582
10454
10583
10455
10584
10456
10585
10457
10586
10458
10587
10459
10588
10460
10589
10461
10590
10462
10591
10463
10592
10464
10593
10465
10594
10466
10595
10467
10596
10468
10597
10469
10598
10470
10599
10471
10600
10472
10601
10473
10602
10474
10603
10475
10604
10476
10605
10477
10606
10478
10607
10479
10608
10480
10609
10481
10610
10482
10611
10483
10612
10484
10613
10485
10614
10486
10615
10487
10616
10488
10617
10489
10618
10490
10619
10491
10620
10492
10621
10493
10622
10494
10623
10495
10624
10496
10625
10497
10626
10498
10627
10499
10628
10500
10629
10501
10630
10502
10631
10503
10632
10504
10633
10505
10634
10506
10635
10507
10636
10508
10637
10509
10638
10510
10639
10511
10640
10512
10641
10513
10642
10514
10643
10515
10644
10516
10645
10517
10646
10518
10647
10519
10648
10520
10649
10521
10650
10522
10651
10523
10652
10524
10653
10525
10654
10526
10655
10527
10656
10528
10657
10529
10658
10659
10531
10660
10532
10661
10533
10662
10534
10663
10535
10664
10536
10665
10537
10666
10538
10667
10539
10668
10540
10669
10541
10670
10542
10671
10543
10672
10544
10673
10545
10674
10546
10675
10547
10676
10548
10677
10549
10678
10550
10679
10551
10680
10552
10681
10553
10682
10554
10683
10555
10684
10556
10685
10557
10686
10558
10687
10559
10688
10560
10689
10561
10690
10562
10691
10563
10692
10564
10693
10565
10694
10566
10695
10567
10696
10568
10697
10569
10698
10570
10699
10571
10700
10572
10701
10573
10702
10574
10703
10575
10704
10576
10705
10577
10706
10578
10707
10579
10708
10580
10709
10581
10710
10582
10711
10583
10712
10584
10713
10585
10714
10586
10715
10587
10716
10588
10717
10589
10718
10590
10719
10591
10720
10592
10721
10593
10722
10594
10723
10595
10724
10596
10725
10597
10726
10598
10727
10599
10728
10600
10729
10601
10730
10602
10731
10603
10732
10604
10733
10605
10734
10606
10735
10607
10736
10608
10737
10609
10738
10610
10739
10611
10740
10612
10741
10613
10742
10614
10743
10615
10744
10616
10745
10617
10746
10618
10747
10619
10748
10620
10749
10621
10750
10622
10751
10623
10752
10624
10753
10625
10754
10626
10755
10627
10756
10628
10757
10629
10758
10630
10759
10631
10760
10632
10761
10633
10762
10634
10763
10635
10764
10636
10765
10637
10766
10638
10767
10639
10768
10640
10769
10641
10770
10642
10771
10643
10772
10644
10773
10645
10774
10646
10775
10647
10776
10648
10777
10649
10778
10650
10779
10651
10780
10652
10781
10653
10782
10654
10783
10655
10784
10656
10785
10657
10786
10658
10787
10659
10788
10789
10661
10790
10662
10791
10663
10792
10664
10793
10665
10794
10666
10795
10667
10796
10668
10797
10669
10798
10670
10799
10671
10800
10672
10801
10673
10802
10674
10803
10675
10804
10676
10805
10677
10806
10678
10807
10679
10808
10680
10809
10681
10810
10682
10811
10683
10812
10684
10813
10685
10814
10686
10815
10687
10816
10688
10817
10689
10818
10690
10819
10691
10820
10692
10821
10693
10822
10694
10823
10695
10824
10696
10825
10697
10826
10698
10827
10699
10828
10700
10829
10701
10830
10702
10831
10703
10832
10704
10833
10705
10834
10706
10835
10707
10836
10708
10837
10709
10838
10710
10839
10711
10840
10712
10841
10713
10842
10714
10843
10715
10844
10716
10845
10717
10846
10718
10847
10719
10848
10720
10849
10721
10850
10722
10851
10723
10852
10724
10853
10725
10854
10726
10855
10727
10856
10728
10857
10729
10858
10730
10859
10731
10860
10732
10861
10733
10862
10734
10863
10735
10864
10736
10865
10737
10866
10738
10867
10739
10868
10740
10869
10741
10870
10742
10871
10743
10872
10744
10873
10745
10874
10746
10875
10747
10876
10748
10877
10749
10878
10750
10879
10751
10880
10752
10881
10753
10882
10754
10883
10755
10884
10756
10885
10757
10886
10758
10887
10759
10888
10760
10889
10761
10890
10762
10891
10763
10892
10764
10893
10765
10894
10766
10895
10767
10896
10768
10897
10769
10898
10770
10899
10771
10900
10772
10901
10773
10902
10774
10903
10775
10904
10776
10905
10777
10906
10778
10907
10779
10908
10780
10909
10781
10910
10782
10911
10783
10912
10784
10913
10785
10914
10786
10915
10787
10916
10788
10917
10789
10918
10919
10791
10920
10792
10921
10793
10922
10794
10923
10795
10924
10796
10925
10797
10926
10798
10927
10799
10928
10800
10929
10801
10930
10802
10931
10803
10932
10804
10933
10805
10934
10806
10935
10807
10936
10808
10937
10809
10938
10810
10939
10811
10940
10812
10941
10813
10942
10814
10943
10815
10944
10816
10945
10817
10946
10818
10947
10819
10948
10820
10949
10821
10950
10822
10951
10823
10952
10824
10953
10825
10954
10826
10955
10827
10956
10828
10957
10829
10958
10830
10959
10831
10960
10832
10961
10833
10962
10834
10963
10835
10964
10836
10965
10837
10966
10838
10967
10839
10968
10840
10969
10841
10970
10842
10971
10843
10972
10844
10973
10845
10974
10846
10975
10847
10976
10848
10977
10849
10978
10850
10979
10851
10980
10852
10981
10853
10982
10854
10983
10855
10984
10856
10985
10857
10986
10858
10987
10859
10988
10860
10989
10861
10990
10862
10991
10863
10992
10864
10993
10865
10994
10866
10995
10867
10996
10868
10997
10869
10998
10870
10999
10871
11000
10872
11001
10873
11002
10874
11003
10875
11004
10876
11005
10877
11006
10878
11007
10879
11008
10880
11009
10881
11010
10882
11011
10883
11012
10884
11013
10885
11014
10886
11015
10887
11016
10888
11017
10889
11018
10890
11019
10891
11020
10892
11021
10893
11022
10894
11023
10895
11024
10896
11025
10897
11026
10898
11027
10899
11028
10900
11029
10901
11030
10902
11031
10903
11032
10904
11033
10905
11034
10906
11035
10907
11036
10908
11037
10909
11038
10910
11039
10911
11040
10912
11041
10913
11042
10914
11043
10915
11044
10916
11045
10917
11046
10918
11047
10919
11048
11049
10921
11050
10922
11051
10923
11052
10924
11053
10925
11054
10926
11055
10927
11056
10928
11057
10929
11058
10930
11059
10931
11060
10932
11061
10933
11062
10934
11063
10935
11064
10936
11065
10937
11066
10938
11067
10939
11068
10940
11069
10941
11070
10942
11071
10943
11072
10944
11073
10945
11074
10946
11075
10947
11076
10948
11077
10949
11078
10950
11079
10951
11080
10952
11081
10953
11082
10954
11083
10955
11084
10956
11085
10957
11086
10958
11087
10959
11088
10960
11089
10961
11090
10962
11091
10963
11092
10964
11093
10965
11094
10966
11095
10967
11096
10968
11097
10969
11098
10970
11099
10971
11100
10972
11101
10973
11102
10974
11103
10975
11104
10976
11105
10977
11106
10978
11107
10979
11108
10980
11109
10981
11110
10982
11111
10983
11112
10984
11113
10985
11114
10986
11115
10987
11116
10988
11117
10989
11118
10990
11119
10991
11120
10992
11121
10993
11122
10994
11123
10995
11124
10996
11125
10997
11126
10998
11127
10999
11128
11000
11129
11001
11130
11002
11131
11003
11132
11004
11133
11005
11134
11006
11135
11007
11136
11008
11137
11009
11138
11010
11139
11011
11140
11012
11141
11013
11142
11014
11143
11015
11144
11016
11145
11017
11146
11018
11147
11019
11148
11020
11149
11021
11150
11022
11151
11023
11152
11024
11153
11025
11154
11026
11155
11027
11156
11028
11157
11029
11158
11030
11159
11031
11160
11032
11161
11033
11162
11034
11163
11035
11164
11036
11165
11037
11166
11038
11167
11039
11168
11040
11169
11041
11170
11042
11171
11043
11172
11044
11173
11045
11174
11046
11175
11047
11176
11048
11177
11049
11178
11179
11051
11180
11052
11181
11053
11182
11054
11183
11055
11184
11056
11185
11057
11186
11058
11187
11059
11188
11060
11189
11061
11190
11062
11191
11063
11192
11064
11193
11065
11194
11066
11195
11067
11196
11068
11197
11069
11198
11070
11199
11071
11200
11072
11201
11073
11202
11074
11203
11075
11204
11076
11205
11077
11206
11078
11207
11079
11208
11080
11209
11081
11210
11082
11211
11083
11212
11084
11213
11085
11214
11086
11215
11087
11216
11088
11217
11089
11218
11090
11219
11091
11220
11092
11221
11093
11222
11094
11223
11095
11224
11096
11225
11097
11226
11098
11227
11099
11228
11100
11229
11101
11230
11102
11231
11103
11232
11104
11233
11105
11234
11106
11235
11107
11236
11108
11237
11109
11238
11110
11239
11111
11240
11112
11241
11113
11242
11114
11243
11115
11244
11116
11245
11117
11246
11118
11247
11119
11248
11120
11249
11121
11250
11122
11251
11123
11252
11124
11253
11125
11254
11126
11255
11127
11256
11128
11257
11129
11258
11130
11259
11131
11260
11132
11261
11133
11262
11134
11263
11135
11264
11136
11265
11137
11266
11138
11267
11139
11268
11140
11269
11141
11270
11142
11271
11143
11272
11144
11273
11145
11274
11146
11275
11147
11276
11148
11277
11149
11278
11150
11279
11151
11280
11152
11281
11153
11282
11154
11283
11155
11284
11156
11285
11157
11286
11158
11287
11159
11288
11160
11289
11161
11290
11162
11291
11163
11292
11164
11293
11165
11294
11166
11295
11167
11296
11168
11297
11169
11298
11170
11299
11171
11300
11172
11301
11173
11302
11174
11303
11175
11304
11176
11305
11177
11306
11178
11307
11179
11308
11309
11181
11310
11182
11311
11183
11312
11184
11313
11185
11314
11186
11315
11187
11316
11188
11317
11189
11318
11190
11319
11191
11320
11192
11321
11193
11322
11194
11323
11195
11324
11196
11325
11197
11326
11198
11327
11199
11328
11200
11329
11201
11330
11202
11331
11203
11332
11204
11333
11205
11334
11206
11335
11207
11336
11208
11337
11209
11338
11210
11339
11211
11340
11212
11341
11213
11342
11214
11343
11215
11344
11216
11345
11217
11346
11218
11347
11219
11348
11220
11349
11221
11350
11222
11351
11223
11352
11224
11353
11225
11354
11226
11355
11227
11356
11228
11357
11229
11358
11230
11359
11231
11360
11232
11361
11233
11362
11234
11363
11235
11364
11236
11365
11237
11366
11238
11367
11239
11368
11240
11369
11241
11370
11242
11371
11243
11372
11244
11373
11245
11374
11246
11375
11247
11376
11248
11377
11249
11378
11250
11379
11251
11380
11252
11381
11253
11382
11254
11383
11255
11384
11256
11385
11257
11386
11258
11387
11259
11388
11260
11389
11261
11390
11262
11391
11263
11392
11264
11393
11265
11394
11266
11395
11267
11396
11268
11397
11269
11398
11270
11399
11271
11400
11272
11401
11273
11402
11274
11403
11275
11404
11276
11405
11277
11406
11278
11407
11279
11408
11280
11409
11281
11410
11282
11411
11283
11412
11284
11413
11285
11414
11286
11415
11287
11416
11288
11417
11289
11418
11290
11419
11291
11420
11292
11421
11293
11422
11294
11423
11295
11424
11296
11425
11297
11426
11298
11427
11299
11428
11300
11429
11301
11430
11302
11431
11303
11432
11304
11433
11305
11434
11306
11435
11307
11436
11308
11437
11309
11438
11439
11311
11440
11312
11441
11313
11442
11314
11443
11315
11444
11316
11445
11317
11446
11318
11447
11319
11448
11320
11449
11321
11450
11322
11451
11323
11452
11324
11453
11325
11454
11326
11455
11327
11456
11328
11457
11329
11458
11330
11459
11331
11460
11332
11461
11333
11462
11334
11463
11335
11464
11336
11465
11337
11466
11338
11467
11339
11468
11340
11469
11341
11470
11342
11471
11343
11472
11344
11473
11345
11474
11346
11475
11347
11476
11348
11477
11349
11478
11350
11479
11351
11480
11352
11481
11353
11482
11354
11483
11355
11484
11356
11485
11357
11486
11358
11487
11359
11488
11360
11489
11361
11490
11362
11491
11363
11492
11364
11493
11365
11494
11366
11495
11367
11496
11368
11497
11369
11498
11370
11499
11371
11500
11372
11501
11373
11502
11374
11503
11375
11504
11376
11505
11377
11506
11378
11507
11379
11508
11380
11509
11381
11510
11382
11511
11383
11512
11384
11513
11385
11514
11386
11515
11387
11516
11388
11517
11389
11518
11390
11519
11391
11520
11392
11521
11393
11522
11394
11523
11395
11524
11396
11525
11397
11526
11398
11527
11399
11528
11400
11529
11401
11530
11402
11531
11403
11532
11404
11533
11405
11534
11406
11535
11407
11536
11408
11537
11409
11538
11410
11539
11411
11540
11412
11541
11413
11542
11414
11543
11415
11544
11416
11545
11417
11546
11418
11547
11419
11548
11420
11549
11421
11550
11422
11551
11423
11552
11424
11553
11425
11554
11426
11555
11427
11556
11428
11557
11429
11558
11430
11559
11431
11560
11432
11561
11433
11562
11434
11563
11435
11564
11436
11565
11437
11566
11438
11567
11439
11568
11569
11441
11570
11442
11571
11443
11572
11444
11573
11445
11574
11446
11575
11447
11576
11448
11577
11449
11578
11450
11579
11451
11580
11452
11581
11453
11582
11454
11583
11455
11584
11456
11585
11457
11586
11458
11587
11459
11588
11460
11589
11461
11590
11462
11591
11463
11592
11464
11593
11465
11594
11466
11595
11467
11596
11468
11597
11469
11598
11470
11599
11471
11600
11472
11601
11473
11602
11474
11603
11475
11604
11476
11605
11477
11606
11478
11607
11479
11608
11480
11609
11481
11610
11482
11611
11483
11612
11484
11613
11485
11614
11486
11615
11487
11616
11488
11617
11489
11618
11490
11619
11491
11620
11492
11621
11493
11622
11494
11623
11495
11624
11496
11625
11497
11626
11498
11627
11499
11628
11500
11629
11501
11630
11502
11631
11503
11632
11504
11633
11505
11634
11506
11635
11507
11636
11508
11637
11509
11638
11510
11639
11511
11640
11512
11641
11513
11642
11514
11643
11515
11644
11516
11645
11517
11646
11518
11647
11519
11648
11520
11649
11521
11650
11522
11651
11523
11652
11524
11653
11525
11654
11526
11655
11527
11656
11528
11657
11529
11658
11530
11659
11531
11660
11532
11661
11533
11662
11534
11663
11535
11664
11536
11665
11537
11666
11538
11667
11539
11668
11540
11669
11541
11670
11542
11671
11543
11672
11544
11673
11545
11674
11546
11675
11547
11676
11548
11677
11549
11678
11550
11679
11551
11680
11552
11681
11553
11682
11554
11683
11555
11684
11556
11685
11557
11686
11558
11687
11559
11688
11560
11689
11561
11690
11562
11691
11563
11692
11564
11693
11565
11694
11566
11695
11567
11696
11568
11697
11569
11698
11699
11571
11700
11572
11701
11573
11702
11574
11703
11575
11704
11576
11705
11577
11706
11578
11707
11579
11708
11580
11709
11581
11710
11582
11711
11583
11712
11584
11713
11585
11714
11586
11715
11587
11716
11588
11717
11589
11718
11590
11719
11591
11720
11592
11721
11593
11722
11594
11723
11595
11724
11596
11725
11597
11726
11598
11727
11599
11728
11600
11729
11601
11730
11602
11731
11603
11732
11604
11733
11605
11734
11606
11735
11607
11736
11608
11737
11609
11738
11610
11739
11611
11740
11612
11741
11613
11742
11614
11743
11615
11744
11616
11745
11617
11746
11618
11747
11619
11748
11620
11749
11621
11750
11622
11751
11623
11752
11624
11753
11625
11754
11626
11755
11627
11756
11628
11757
11629
11758
11630
11759
11631
11760
11632
11761
11633
11762
11634
11763
11635
11764
11636
11765
11637
11766
11638
11767
11639
11768
11640
11769
11641
11770
11642
11771
11643
11772
11644
11773
11645
11774
11646
11775
11647
11776
11648
11777
11649
11778
11650
11779
11651
11780
11652
11781
11653
11782
11654
11783
11655
11784
11656
11785
11657
11786
11658
11787
11659
11788
11660
11789
11661
11790
11662
11791
11663
11792
11664
11793
11665
11794
11666
11795
11667
11796
11668
11797
11669
11798
11670
11799
11671
11800
11672
11801
11673
11802
11674
11803
11675
11804
11676
11805
11677
11806
11678
11807
11679
11808
11680
11809
11681
11810
11682
11811
11683
11812
11684
11813
11685
11814
11686
11815
11687
11816
11688
11817
11689
11818
11690
11819
11691
11820
11692
11821
11693
11822
11694
11823
11695
11824
11696
11825
11697
11826
11698
11827
11699
11828
11829
11701
11830
11702
11831
11703
11832
11704
11833
11705
11834
11706
11835
11707
11836
11708
11837
11709
11838
11710
11839
11711
11840
11712
11841
11713
11842
11714
11843
11715
11844
11716
11845
11717
11846
11718
11847
11719
11848
11720
11849
11721
11850
11722
11851
11723
11852
11724
11853
11725
11854
11726
11855
11727
11856
11728
11857
11729
11858
11730
11859
11731
11860
11732
11861
11733
11862
11734
11863
11735
11864
11736
11865
11737
11866
11738
11867
11739
11868
11740
11869
11741
11870
11742
11871
11743
11872
11744
11873
11745
11874
11746
11875
11747
11876
11748
11877
11749
11878
11750
11879
11751
11880
11752
11881
11753
11882
11754
11883
11755
11884
11756
11885
11757
11886
11758
11887
11759
11888
11760
11889
11761
11890
11762
11891
11763
11892
11764
11893
11765
11894
11766
11895
11767
11896
11768
11897
11769
11898
11770
11899
11771
11900
11772
11901
11773
11902
11774
11903
11775
11904
11776
11905
11777
11906
11778
11907
11779
11908
11780
11909
11781
11910
11782
11911
11783
11912
11784
11913
11785
11914
11786
11915
11787
11916
11788
11917
11789
11918
11790
11919
11791
11920
11792
11921
11793
11922
11794
11923
11795
11924
11796
11925
11797
11926
11798
11927
11799
11928
11800
11929
11801
11930
11802
11931
11803
11932
11804
11933
11805
11934
11806
11935
11807
11936
11808
11937
11809
11938
11810
11939
11811
11940
11812
11941
11813
11942
11814
11943
11815
11944
11816
11945
11817
11946
11818
11947
11819
11948
11820
11949
11821
11950
11822
11951
11823
11952
11824
11953
11825
11954
11826
11955
11827
11956
11828
11957
11829
11958
11959
11831
11960
11832
11961
11833
11962
11834
11963
11835
11964
11836
11965
11837
11966
11838
11967
11839
11968
11840
11969
11841
11970
11842
11971
11843
11972
11844
11973
11845
11974
11846
11975
11847
11976
11848
11977
11849
11978
11850
11979
11851
11980
11852
11981
11853
11982
11854
11983
11855
11984
11856
11985
11857
11986
11858
11987
11859
11988
11860
11989
11861
11990
11862
11991
11863
11992
11864
11993
11865
11994
11866
11995
11867
11996
11868
11997
11869
11998
11870
11999
11871
12000
11872
12001
11873
12002
11874
12003
11875
12004
11876
12005
11877
12006
11878
12007
11879
12008
11880
12009
11881
12010
11882
12011
11883
12012
11884
12013
11885
12014
11886
12015
11887
12016
11888
12017
11889
12018
11890
12019
11891
12020
11892
12021
11893
12022
11894
12023
11895
12024
11896
12025
11897
12026
11898
12027
11899
12028
11900
12029
11901
12030
11902
12031
11903
12032
11904
12033
11905
12034
11906
12035
11907
12036
11908
12037
11909
12038
11910
12039
11911
12040
11912
12041
11913
12042
11914
12043
11915
12044
11916
12045
11917
12046
11918
12047
11919
12048
11920
12049
11921
12050
11922
12051
11923
12052
11924
12053
11925
12054
11926
12055
11927
12056
11928
12057
11929
12058
11930
12059
11931
12060
11932
12061
11933
12062
11934
12063
11935
12064
11936
12065
11937
12066
11938
12067
11939
12068
11940
12069
11941
12070
11942
12071
11943
12072
11944
12073
11945
12074
11946
12075
11947
12076
11948
12077
11949
12078
11950
12079
11951
12080
11952
12081
11953
12082
11954
12083
11955
12084
11956
12085
11957
12086
11958
12087
11959
12088
12089
11961
12090
11962
12091
11963
12092
11964
12093
11965
12094
11966
12095
11967
12096
11968
12097
11969
12098
11970
12099
11971
12100
11972
12101
11973
12102
11974
12103
11975
12104
11976
12105
11977
12106
11978
12107
11979
12108
11980
12109
11981
12110
11982
12111
11983
12112
11984
12113
11985
12114
11986
12115
11987
12116
11988
12117
11989
12118
11990
12119
11991
12120
11992
12121
11993
12122
11994
12123
11995
12124
11996
12125
11997
12126
11998
12127
11999
12128
12000
12129
12001
12130
12002
12131
12003
12132
12004
12133
12005
12134
12006
12135
12007
12136
12008
12137
12009
12138
12010
12139
12011
12140
12012
12141
12013
12142
12014
12143
12015
12144
12016
12145
12017
12146
12018
12147
12019
12148
12020
12149
12021
12150
12022
12151
12023
12152
12024
12153
12025
12154
12026
12155
12027
12156
12028
12157
12029
12158
12030
12159
12031
12160
12032
12161
12033
12162
12034
12163
12035
12164
12036
12165
12037
12166
12038
12167
12039
12168
12040
12169
12041
12170
12042
12171
12043
12172
12044
12173
12045
12174
12046
12175
12047
12176
12048
12177
12049
12178
12050
12179
12051
12180
12052
12181
12053
12182
12054
12183
12055
12184
12056
12185
12057
12186
12058
12187
12059
12188
12060
12189
12061
12190
12062
12191
12063
12192
12064
12193
12065
12194
12066
12195
12067
12196
12068
12197
12069
12198
12070
12199
12071
12200
12072
12201
12073
12202
12074
12203
12075
12204
12076
12205
12077
12206
12078
12207
12079
12208
12080
12209
12081
12210
12082
12211
12083
12212
12084
12213
12085
12214
12086
12215
12087
12216
12088
12217
12089
12218
12219
12091
12220
12092
12221
12093
12222
12094
12223
12095
12224
12096
12225
12097
12226
12098
12227
12099
12228
12100
12229
12101
12230
12102
12231
12103
12232
12104
12233
12105
12234
12106
12235
12107
12236
12108
12237
12109
12238
12110
12239
12111
12240
12112
12241
12113
12242
12114
12243
12115
12244
12116
12245
12117
12246
12118
12247
12119
12248
12120
12249
12121
12250
12122
12251
12123
12252
12124
12253
12125
12254
12126
12255
12127
12256
12128
12257
12129
12258
12130
12259
12131
12260
12132
12261
12133
12262
12134
12263
12135
12264
12136
12265
12137
12266
12138
12267
12139
12268
12140
12269
12141
12270
12142
12271
12143
12272
12144
12273
12145
12274
12146
12275
12147
12276
12148
12277
12149
12278
12150
12279
12151
12280
12152
12281
12153
12282
12154
12283
12155
12284
12156
12285
12157
12286
12158
12287
12159
12288
12160
12289
12161
12290
12162
12291
12163
12292
12164
12293
12165
12294
12166
12295
12167
12296
12168
12297
12169
12298
12170
12299
12171
12300
12172
12301
12173
12302
12174
12303
12175
12304
12176
12305
12177
12306
12178
12307
12179
12308
12180
12309
12181
12310
12182
12311
12183
12312
12184
12313
12185
12314
12186
12315
12187
12316
12188
12317
12189
12318
12190
12319
12191
12320
12192
12321
12193
12322
12194
12323
12195
12324
12196
12325
12197
12326
12198
12327
12199
12328
12200
12329
12201
12330
12202
12331
12203
12332
12204
12333
12205
12334
12206
12335
12207
12336
12208
12337
12209
12338
12210
12339
12211
12340
12212
12341
12213
12342
12214
12343
12215
12344
12216
12345
12217
12346
12218
12347
12219
12348
12349
12221
12350
12222
12351
12223
12352
12224
12353
12225
12354
12226
12355
12227
12356
12228
12357
12229
12358
12230
12359
12231
12360
12232
12361
12233
12362
12234
12363
12235
12364
12236
12365
12237
12366
12238
12367
12239
12368
12240
12369
12241
12370
12242
12371
12243
12372
12244
12373
12245
12374
12246
12375
12247
12376
12248
12377
12249
12378
12250
12379
12251
12380
12252
12381
12253
12382
12254
12383
12255
12384
12256
12385
12257
12386
12258
12387
12259
12388
12260
12389
12261
12390
12262
12391
12263
12392
12264
12393
12265
12394
12266
12395
12267
12396
12268
12397
12269
12398
12270
12399
12271
12400
12272
12401
12273
12402
12274
12403
12275
12404
12276
12405
12277
12406
12278
12407
12279
12408
12280
12409
12281
12410
12282
12411
12283
12412
12284
12413
12285
12414
12286
12415
12287
12416
12288
12417
12289
12418
12290
12419
12291
12420
12292
12421
12293
12422
12294
12423
12295
12424
12296
12425
12297
12426
12298
12427
12299
12428
12300
12429
12301
12430
12302
12431
12303
12432
12304
12433
12305
12434
12306
12435
12307
12436
12308
12437
12309
12438
12310
12439
12311
12440
12312
12441
12313
12442
12314
12443
12315
12444
12316
12445
12317
12446
12318
12447
12319
12448
12320
12449
12321
12450
12322
12451
12323
12452
12324
12453
12325
12454
12326
12455
12327
12456
12328
12457
12329
12458
12330
12459
12331
12460
12332
12461
12333
12462
12334
12463
12335
12464
12336
12465
12337
12466
12338
12467
12339
12468
12340
12469
12341
12470
12342
12471
12343
12472
12344
12473
12345
12474
12346
12475
12347
12476
12348
12477
12349
12478
12479
12351
12480
12352
12481
12353
12482
12354
12483
12355
12484
12356
12485
12357
12486
12358
12487
12359
12488
12360
12489
12361
12490
12362
12491
12363
12492
12364
12493
12365
12494
12366
12495
12367
12496
12368
12497
12369
12498
12370
12499
12371
12500
12372
12501
12373
12502
12374
12503
12375
12504
12376
12505
12377
12506
12378
12507
12379
12508
12380
12509
12381
12510
12382
12511
12383
12512
12384
12513
12385
12514
12386
12515
12387
12516
12388
12517
12389
12518
12390
12519
12391
12520
12392
12521
12393
12522
12394
12523
12395
12524
12396
12525
12397
12526
12398
12527
12399
12528
12400
12529
12401
12530
12402
12531
12403
12532
12404
12533
12405
12534
12406
12535
12407
12536
12408
12537
12409
12538
12410
12539
12411
12540
12412
12541
12413
12542
12414
12543
12415
12544
12416
12545
12417
12546
12418
12547
12419
12548
12420
12549
12421
12550
12422
12551
12423
12552
12424
12553
12425
12554
12426
12555
12427
12556
12428
12557
12429
12558
12430
12559
12431
12560
12432
12561
12433
12562
12434
12563
12435
12564
12436
12565
12437
12566
12438
12567
12439
12568
12440
12569
12441
12570
12442
12571
12443
12572
12444
12573
12445
12574
12446
12575
12447
12576
12448
12577
12449
12578
12450
12579
12451
12580
12452
12581
12453
12582
12454
12583
12455
12584
12456
12585
12457
12586
12458
12587
12459
12588
12460
12589
12461
12590
12462
12591
12463
12592
12464
12593
12465
12594
12466
12595
12467
12596
12468
12597
12469
12598
12470
12599
12471
12600
12472
12601
12473
12602
12474
12603
12475
12604
12476
12605
12477
12606
12478
12607
12479
12608
12609
12481
12610
12482
12611
12483
12612
12484
12613
12485
12614
12486
12615
12487
12616
12488
12617
12489
12618
12490
12619
12491
12620
12492
12621
12493
12622
12494
12623
12495
12624
12496
12625
12497
12626
12498
12627
12499
12628
12500
12629
12501
12630
12502
12631
12503
12632
12504
12633
12505
12634
12506
12635
12507
12636
12508
12637
12509
12638
12510
12639
12511
12640
12512
12641
12513
12642
12514
12643
12515
12644
12516
12645
12517
12646
12518
12647
12519
12648
12520
12649
12521
12650
12522
12651
12523
12652
12524
12653
12525
12654
12526
12655
12527
12656
12528
12657
12529
12658
12530
12659
12531
12660
12532
12661
12533
12662
12534
12663
12535
12664
12536
12665
12537
12666
12538
12667
12539
12668
12540
12669
12541
12670
12542
12671
12543
12672
12544
12673
12545
12674
12546
12675
12547
12676
12548
12677
12549
12678
12550
12679
12551
12680
12552
12681
12553
12682
12554
12683
12555
12684
12556
12685
12557
12686
12558
12687
12559
12688
12560
12689
12561
12690
12562
12691
12563
12692
12564
12693
12565
12694
12566
12695
12567
12696
12568
12697
12569
12698
12570
12699
12571
12700
12572
12701
12573
12702
12574
12703
12575
12704
12576
12705
12577
12706
12578
12707
12579
12708
12580
12709
12581
12710
12582
12711
12583
12712
12584
12713
12585
12714
12586
12715
12587
12716
12588
12717
12589
12718
12590
12719
12591
12720
12592
12721
12593
12722
12594
12723
12595
12724
12596
12725
12597
12726
12598
12727
12599
12728
12600
12729
12601
12730
12602
12731
12603
12732
12604
12733
12605
12734
12606
12735
12607
12736
12608
12737
12609
12738
12739
12611
12740
12612
12741
12613
12742
12614
12743
12615
12744
12616
12745
12617
12746
12618
12747
12619
12748
12620
12749
12621
12750
12622
12751
12623
12752
12624
12753
12625
12754
12626
12755
12627
12756
12628
12757
12629
12758
12630
12759
12631
12760
12632
12761
12633
12762
12634
12763
12635
12764
12636
12765
12637
12766
12638
12767
12639
12768
12640
12769
12641
12770
12642
12771
12643
12772
12644
12773
12645
12774
12646
12775
12647
12776
12648
12777
12649
12778
12650
12779
12651
12780
12652
12781
12653
12782
12654
12783
12655
12784
12656
12785
12657
12786
12658
12787
12659
12788
12660
12789
12661
12790
12662
12791
12663
12792
12664
12793
12665
12794
12666
12795
12667
12796
12668
12797
12669
12798
12670
12799
12671
12800
12672
12801
12673
12802
12674
12803
12675
12804
12676
12805
12677
12806
12678
12807
12679
12808
12680
12809
12681
12810
12682
12811
12683
12812
12684
12813
12685
12814
12686
12815
12687
12816
12688
12817
12689
12818
12690
12819
12691
12820
12692
12821
12693
12822
12694
12823
12695
12824
12696
12825
12697
12826
12698
12827
12699
12828
12700
12829
12701
12830
12702
12831
12703
12832
12704
12833
12705
12834
12706
12835
12707
12836
12708
12837
12709
12838
12710
12839
12711
12840
12712
12841
12713
12842
12714
12843
12715
12844
12716
12845
12717
12846
12718
12847
12719
12848
12720
12849
12721
12850
12722
12851
12723
12852
12724
12853
12725
12854
12726
12855
12727
12856
12728
12857
12729
12858
12730
12859
12731
12860
12732
12861
12733
12862
12734
12863
12735
12864
12736
12865
12737
12866
12738
12867
12739
12868
12869
12741
12870
12742
12871
12743
12872
12744
12873
12745
12874
12746
12875
12747
12876
12748
12877
12749
12878
12750
12879
12751
12880
12752
12881
12753
12882
12754
12883
12755
12884
12756
12885
12757
12886
12758
12887
12759
12888
12760
12889
12761
12890
12762
12891
12763
12892
12764
12893
12765
12894
12766
12895
12767
12896
12768
12897
12769
12898
12770
12899
12771
12900
12772
12901
12773
12902
12774
12903
12775
12904
12776
12905
12777
12906
12778
12907
12779
12908
12780
12909
12781
12910
12782
12911
12783
12912
12784
12913
12785
12914
12786
12915
12787
12916
12788
12917
12789
12918
12790
12919
12791
12920
12792
12921
12793
12922
12794
12923
12795
12924
12796
12925
12797
12926
12798
12927
12799
12928
12800
12929
12801
12930
12802
12931
12803
12932
12804
12933
12805
12934
12806
12935
12807
12936
12808
12937
12809
12938
12810
12939
12811
12940
12812
12941
12813
12942
12814
12943
12815
12944
12816
12945
12817
12946
12818
12947
12819
12948
12820
12949
12821
12950
12822
12951
12823
12952
12824
12953
12825
12954
12826
12955
12827
12956
12828
12957
12829
12958
12830
12959
12831
12960
12832
12961
12833
12962
12834
12963
12835
12964
12836
12965
12837
12966
12838
12967
12839
12968
12840
12969
12841
12970
12842
12971
12843
12972
12844
12973
12845
12974
12846
12975
12847
12976
12848
12977
12849
12978
12850
12979
12851
12980
12852
12981
12853
12982
12854
12983
12855
12984
12856
12985
12857
12986
12858
12987
12859
12988
12860
12989
12861
12990
12862
12991
12863
12992
12864
12993
12865
12994
12866
12995
12867
12996
12868
12997
12869
12998
12999
12871
13000
12872
13001
12873
13002
12874
13003
12875
13004
12876
13005
12877
13006
12878
13007
12879
13008
12880
13009
12881
13010
12882
13011
12883
13012
12884
13013
12885
13014
12886
13015
12887
13016
12888
13017
12889
13018
12890
13019
12891
13020
12892
13021
12893
13022
12894
13023
12895
13024
12896
13025
12897
13026
12898
13027
12899
13028
12900
13029
12901
13030
12902
13031
12903
13032
12904
13033
12905
13034
12906
13035
12907
13036
12908
13037
12909
13038
12910
13039
12911
13040
12912
13041
12913
13042
12914
13043
12915
13044
12916
13045
12917
13046
12918
13047
12919
13048
12920
13049
12921
13050
12922
13051
12923
13052
12924
13053
12925
13054
12926
13055
12927
13056
12928
13057
12929
13058
12930
13059
12931
13060
12932
13061
12933
13062
12934
13063
12935
13064
12936
13065
12937
13066
12938
13067
12939
13068
12940
13069
12941
13070
12942
13071
12943
13072
12944
13073
12945
13074
12946
13075
12947
13076
12948
13077
12949
13078
12950
13079
12951
13080
12952
13081
12953
13082
12954
13083
12955
13084
12956
13085
12957
13086
12958
13087
12959
13088
12960
13089
12961
13090
12962
13091
12963
13092
12964
13093
12965
13094
12966
13095
12967
13096
12968
13097
12969
13098
12970
13099
12971
13100
12972
13101
12973
13102
12974
13103
12975
13104
12976
13105
12977
13106
12978
13107
12979
13108
12980
13109
12981
13110
12982
13111
12983
13112
12984
13113
12985
13114
12986
13115
12987
13116
12988
13117
12989
13118
12990
13119
12991
13120
12992
13121
12993
13122
12994
13123
12995
13124
12996
13125
12997
13126
12998
13127
12999
13128
13129
13001
13130
13002
13131
13003
13132
13004
13133
13005
13134
13006
13135
13007
13136
13008
13137
13009
13138
13010
13139
13011
13140
13012
13141
13013
13142
13014
13143
13015
13144
13016
13145
13017
13146
13018
13147
13019
13148
13020
13149
13021
13150
13022
13151
13023
13152
13024
13153
13025
13154
13026
13155
13027
13156
13028
13157
13029
13158
13030
13159
13031
13160
13032
13161
13033
13162
13034
13163
13035
13164
13036
13165
13037
13166
13038
13167
13039
13168
13040
13169
13041
13170
13042
13171
13043
13172
13044
13173
13045
13174
13046
13175
13047
13176
13048
13177
13049
13178
13050
13179
13051
13180
13052
13181
13053
13182
13054
13183
13055
13184
13056
13185
13057
13186
13058
13187
13059
13188
13060
13189
13061
13190
13062
13191
13063
13192
13064
13193
13065
13194
13066
13195
13067
13196
13068
13197
13069
13198
13070
13199
13071
13200
13072
13201
13073
13202
13074
13203
13075
13204
13076
13205
13077
13206
13078
13207
13079
13208
13080
13209
13081
13210
13082
13211
13083
13212
13084
13213
13085
13214
13086
13215
13087
13216
13088
13217
13089
13218
13090
13219
13091
13220
13092
13221
13093
13222
13094
13223
13095
13224
13096
13225
13097
13226
13098
13227
13099
13228
13100
13229
13101
13230
13102
13231
13103
13232
13104
13233
13105
13234
13106
13235
13107
13236
13108
13237
13109
13238
13110
13239
13111
13240
13112
13241
13113
13242
13114
13243
13115
13244
13116
13245
13117
13246
13118
13247
13119
13248
13120
13249
13121
13250
13122
13251
13123
13252
13124
13253
13125
13254
13126
13255
13127
13256
13128
13257
13129
13258
13259
13131
13260
13132
13261
13133
13262
13134
13263
13135
13264
13136
13265
13137
13266
13138
13267
13139
13268
13140
13269
13141
13270
13142
13271
13143
13272
13144
13273
13145
13274
13146
13275
13147
13276
13148
13277
13149
13278
13150
13279
13151
13280
13152
13281
13153
13282
13154
13283
13155
13284
13156
13285
13157
13286
13158
13287
13159
13288
13160
13289
13161
13290
13162
13291
13163
13292
13164
13293
13165
13294
13166
13295
13167
13296
13168
13297
13169
13298
13170
13299
13171
13300
13172
13301
13173
13302
13174
13303
13175
13304
13176
13305
13177
13306
13178
13307
13179
13308
13180
13309
13181
13310
13182
13311
13183
13312
13184
13313
13185
13314
13186
13315
13187
13316
13188
13317
13189
13318
13190
13319
13191
13320
13192
13321
13193
13322
13194
13323
13195
13324
13196
13325
13197
13326
13198
13327
13199
13328
13200
13329
13201
13330
13202
13331
13203
13332
13204
13333
13205
13334
13206
13335
13207
13336
13208
13337
13209
13338
13210
13339
13211
13340
13212
13341
13213
13342
13214
13343
13215
13344
13216
13345
13217
13346
13218
13347
13219
13348
13220
13349
13221
13350
13222
13351
13223
13352
13224
13353
13225
13354
13226
13355
13227
13356
13228
13357
13229
13358
13230
13359
13231
13360
13232
13361
13233
13362
13234
13363
13235
13364
13236
13365
13237
13366
13238
13367
13239
13368
13240
13369
13241
13370
13242
13371
13243
13372
13244
13373
13245
13374
13246
13375
13247
13376
13248
13377
13249
13378
13250
13379
13251
13380
13252
13381
13253
13382
13254
13383
13255
13384
13256
13385
13257
13386
13258
13387
13259
13388
13389
13261
13390
13262
13391
13263
13392
13264
13393
13265
13394
13266
13395
13267
13396
13268
13397
13269
13398
13270
13399
13271
13400
13272
13401
13273
13402
13274
13403
13275
13404
13276
13405
13277
13406
13278
13407
13279
13408
13280
13409
13281
13410
13282
13411
13283
13412
13284
13413
13285
13414
13286
13415
13287
13416
13288
13417
13289
13418
13290
13419
13291
13420
13292
13421
13293
13422
13294
13423
13295
13424
13296
13425
13297
13426
13298
13427
13299
13428
13300
13429
13301
13430
13302
13431
13303
13432
13304
13433
13305
13434
13306
13435
13307
13436
13308
13437
13309
13438
13310
13439
13311
13440
13312
13441
13313
13442
13314
13443
13315
13444
13316
13445
13317
13446
13318
13447
13319
13448
13320
13449
13321
13450
13322
13451
13323
13452
13324
13453
13325
13454
13326
13455
13327
13456
13328
13457
13329
13458
13330
13459
13331
13460
13332
13461
13333
13462
13334
13463
13335
13464
13336
13465
13337
13466
13338
13467
13339
13468
13340
13469
13341
13470
13342
13471
13343
13472
13344
13473
13345
13474
13346
13475
13347
13476
13348
13477
13349
13478
13350
13479
13351
13480
13352
13481
13353
13482
13354
13483
13355
13484
13356
13485
13357
13486
13358
13487
13359
13488
13360
13489
13361
13490
13362
13491
13363
13492
13364
13493
13365
13494
13366
13495
13367
13496
13368
13497
13369
13498
13370
13499
13371
13500
13372
13501
13373
13502
13374
13503
13375
13504
13376
13505
13377
13506
13378
13507
13379
13508
13380
13509
13381
13510
13382
13511
13383
13512
13384
13513
13385
13514
13386
13515
13387
13516
13388
13517
13389
13518
13519
13391
13520
13392
13521
13393
13522
13394
13523
13395
13524
13396
13525
13397
13526
13398
13527
13399
13528
13400
13529
13401
13530
13402
13531
13403
13532
13404
13533
13405
13534
13406
13535
13407
13536
13408
13537
13409
13538
13410
13539
13411
13540
13412
13541
13413
13542
13414
13543
13415
13544
13416
13545
13417
13546
13418
13547
13419
13548
13420
13549
13421
13550
13422
13551
13423
13552
13424
13553
13425
13554
13426
13555
13427
13556
13428
13557
13429
13558
13430
13559
13431
13560
13432
13561
13433
13562
13434
13563
13435
13564
13436
13565
13437
13566
13438
13567
13439
13568
13440
13569
13441
13570
13442
13571
13443
13572
13444
13573
13445
13574
13446
13575
13447
13576
13448
13577
13449
13578
13450
13579
13451
13580
13452
13581
13453
13582
13454
13583
13455
13584
13456
13585
13457
13586
13458
13587
13459
13588
13460
13589
13461
13590
13462
13591
13463
13592
13464
13593
13465
13594
13466
13595
13467
13596
13468
13597
13469
13598
13470
13599
13471
13600
13472
13601
13473
13602
13474
13603
13475
13604
13476
13605
13477
13606
13478
13607
13479
13608
13480
13609
13481
13610
13482
13611
13483
13612
13484
13613
13485
13614
13486
13615
13487
13616
13488
13617
13489
13618
13490
13619
13491
13620
13492
13621
13493
13622
13494
13623
13495
13624
13496
13625
13497
13626
13498
13627
13499
13628
13500
13629
13501
13630
13502
13631
13503
13632
13504
13633
13505
13634
13506
13635
13507
13636
13508
13637
13509
13638
13510
13639
13511
13640
13512
13641
13513
13642
13514
13643
13515
13644
13516
13645
13517
13646
13518
13647
13519
13648
13649
13521
13650
13522
13651
13523
13652
13524
13653
13525
13654
13526
13655
13527
13656
13528
13657
13529
13658
13530
13659
13531
13660
13532
13661
13533
13662
13534
13663
13535
13664
13536
13665
13537
13666
13538
13667
13539
13668
13540
13669
13541
13670
13542
13671
13543
13672
13544
13673
13545
13674
13546
13675
13547
13676
13548
13677
13549
13678
13550
13679
13551
13680
13552
13681
13553
13682
13554
13683
13555
13684
13556
13685
13557
13686
13558
13687
13559
13688
13560
13689
13561
13690
13562
13691
13563
13692
13564
13693
13565
13694
13566
13695
13567
13696
13568
13697
13569
13698
13570
13699
13571
13700
13572
13701
13573
13702
13574
13703
13575
13704
13576
13705
13577
13706
13578
13707
13579
13708
13580
13709
13581
13710
13582
13711
13583
13712
13584
13713
13585
13714
13586
13715
13587
13716
13588
13717
13589
13718
13590
13719
13591
13720
13592
13721
13593
13722
13594
13723
13595
13724
13596
13725
13597
13726
13598
13727
13599
13728
13600
13729
13601
13730
13602
13731
13603
13732
13604
13733
13605
13734
13606
13735
13607
13736
13608
13737
13609
13738
13610
13739
13611
13740
13612
13741
13613
13742
13614
13743
13615
13744
13616
13745
13617
13746
13618
13747
13619
13748
13620
13749
13621
13750
13622
13751
13623
13752
13624
13753
13625
13754
13626
13755
13627
13756
13628
13757
13629
13758
13630
13759
13631
13760
13632
13761
13633
13762
13634
13763
13635
13764
13636
13765
13637
13766
13638
13767
13639
13768
13640
13769
13641
13770
13642
13771
13643
13772
13644
13773
13645
13774
13646
13775
13647
13776
13648
13777
13649
13778
13779
13651
13780
13652
13781
13653
13782
13654
13783
13655
13784
13656
13785
13657
13786
13658
13787
13659
13788
13660
13789
13661
13790
13662
13791
13663
13792
13664
13793
13665
13794
13666
13795
13667
13796
13668
13797
13669
13798
13670
13799
13671
13800
13672
13801
13673
13802
13674
13803
13675
13804
13676
13805
13677
13806
13678
13807
13679
13808
13680
13809
13681
13810
13682
13811
13683
13812
13684
13813
13685
13814
13686
13815
13687
13816
13688
13817
13689
13818
13690
13819
13691
13820
13692
13821
13693
13822
13694
13823
13695
13824
13696
13825
13697
13826
13698
13827
13699
13828
13700
13829
13701
13830
13702
13831
13703
13832
13704
13833
13705
13834
13706
13835
13707
13836
13708
13837
13709
13838
13710
13839
13711
13840
13712
13841
13713
13842
13714
13843
13715
13844
13716
13845
13717
13846
13718
13847
13719
13848
13720
13849
13721
13850
13722
13851
13723
13852
13724
13853
13725
13854
13726
13855
13727
13856
13728
13857
13729
13858
13730
13859
13731
13860
13732
13861
13733
13862
13734
13863
13735
13864
13736
13865
13737
13866
13738
13867
13739
13868
13740
13869
13741
13870
13742
13871
13743
13872
13744
13873
13745
13874
13746
13875
13747
13876
13748
13877
13749
13878
13750
13879
13751
13880
13752
13881
13753
13882
13754
13883
13755
13884
13756
13885
13757
13886
13758
13887
13759
13888
13760
13889
13761
13890
13762
13891
13763
13892
13764
13893
13765
13894
13766
13895
13767
13896
13768
13897
13769
13898
13770
13899
13771
13900
13772
13901
13773
13902
13774
13903
13775
13904
13776
13905
13777
13906
13778
13907
13779
13908
13909
13781
13910
13782
13911
13783
13912
13784
13913
13785
13914
13786
13915
13787
13916
13788
13917
13789
13918
13790
13919
13791
13920
13792
13921
13793
13922
13794
13923
13795
13924
13796
13925
13797
13926
13798
13927
13799
13928
13800
13929
13801
13930
13802
13931
13803
13932
13804
13933
13805
13934
13806
13935
13807
13936
13808
13937
13809
13938
13810
13939
13811
13940
13812
13941
13813
13942
13814
13943
13815
13944
13816
13945
13817
13946
13818
13947
13819
13948
13820
13949
13821
13950
13822
13951
13823
13952
13824
13953
13825
13954
13826
13955
13827
13956
13828
13957
13829
13958
13830
13959
13831
13960
13832
13961
13833
13962
13834
13963
13835
13964
13836
13965
13837
13966
13838
13967
13839
13968
13840
13969
13841
13970
13842
13971
13843
13972
13844
13973
13845
13974
13846
13975
13847
13976
13848
13977
13849
13978
13850
13979
13851
13980
13852
13981
13853
13982
13854
13983
13855
13984
13856
13985
13857
13986
13858
13987
13859
13988
13860
13989
13861
13990
13862
13991
13863
13992
13864
13993
13865
13994
13866
13995
13867
13996
13868
13997
13869
13998
13870
13999
13871
14000
13872
14001
13873
14002
13874
14003
13875
14004
13876
14005
13877
14006
13878
14007
13879
14008
13880
14009
13881
14010
13882
14011
13883
14012
13884
14013
13885
14014
13886
14015
13887
14016
13888
14017
13889
14018
13890
14019
13891
14020
13892
14021
13893
14022
13894
14023
13895
14024
13896
14025
13897
14026
13898
14027
13899
14028
13900
14029
13901
14030
13902
14031
13903
14032
13904
14033
13905
14034
13906
14035
13907
14036
13908
14037
13909
14038
14039
13911
14040
13912
14041
13913
14042
13914
14043
13915
14044
13916
14045
13917
14046
13918
14047
13919
14048
13920
14049
13921
14050
13922
14051
13923
14052
13924
14053
13925
14054
13926
14055
13927
14056
13928
14057
13929
14058
13930
14059
13931
14060
13932
14061
13933
14062
13934
14063
13935
14064
13936
14065
13937
14066
13938
14067
13939
14068
13940
14069
13941
14070
13942
14071
13943
14072
13944
14073
13945
14074
13946
14075
13947
14076
13948
14077
13949
14078
13950
14079
13951
14080
13952
14081
13953
14082
13954
14083
13955
14084
13956
14085
13957
14086
13958
14087
13959
14088
13960
14089
13961
14090
13962
14091
13963
14092
13964
14093
13965
14094
13966
14095
13967
14096
13968
14097
13969
14098
13970
14099
13971
14100
13972
14101
13973
14102
13974
14103
13975
14104
13976
14105
13977
14106
13978
14107
13979
14108
13980
14109
13981
14110
13982
14111
13983
14112
13984
14113
13985
14114
13986
14115
13987
14116
13988
14117
13989
14118
13990
14119
13991
14120
13992
14121
13993
14122
13994
14123
13995
14124
13996
14125
13997
14126
13998
14127
13999
14128
14000
14129
14001
14130
14002
14131
14003
14132
14004
14133
14005
14134
14006
14135
14007
14136
14008
14137
14009
14138
14010
14139
14011
14140
14012
14141
14013
14142
14014
14143
14015
14144
14016
14145
14017
14146
14018
14147
14019
14148
14020
14149
14021
14150
14022
14151
14023
14152
14024
14153
14025
14154
14026
14155
14027
14156
14028
14157
14029
14158
14030
14159
14031
14160
14032
14161
14033
14162
14034
14163
14035
14164
14036
14165
14037
14166
14038
14167
14039
14168
14169
14041
14170
14042
14171
14043
14172
14044
14173
14045
14174
14046
14175
14047
14176
14048
14177
14049
14178
14050
14179
14051
14180
14052
14181
14053
14182
14054
14183
14055
14184
14056
14185
14057
14186
14058
14187
14059
14188
14060
14189
14061
14190
14062
14191
14063
14192
14064
14193
14065
14194
14066
14195
14067
14196
14068
14197
14069
14198
14070
14199
14071
14200
14072
14201
14073
14202
14074
14203
14075
14204
14076
14205
14077
14206
14078
14207
14079
14208
14080
14209
14081
14210
14082
14211
14083
14212
14084
14213
14085
14214
14086
14215
14087
14216
14088
14217
14089
14218
14090
14219
14091
14220
14092
14221
14093
14222
14094
14223
14095
14224
14096
14225
14097
14226
14098
14227
14099
14228
14100
14229
14101
14230
14102
14231
14103
14232
14104
14233
14105
14234
14106
14235
14107
14236
14108
14237
14109
14238
14110
14239
14111
14240
14112
14241
14113
14242
14114
14243
14115
14244
14116
14245
14117
14246
14118
14247
14119
14248
14120
14249
14121
14250
14122
14251
14123
14252
14124
14253
14125
14254
14126
14255
14127
14256
14128
14257
14129
14258
14130
14259
14131
14260
14132
14261
14133
14262
14134
14263
14135
14264
14136
14265
14137
14266
14138
14267
14139
14268
14140
14269
14141
14270
14142
14271
14143
14272
14144
14273
14145
14274
14146
14275
14147
14276
14148
14277
14149
14278
14150
14279
14151
14280
14152
14281
14153
14282
14154
14283
14155
14284
14156
14285
14157
14286
14158
14287
14159
14288
14160
14289
14161
14290
14162
14291
14163
14292
14164
14293
14165
14294
14166
14295
14167
14296
14168
14297
14169
14298
14299
14171
14300
14172
14301
14173
14302
14174
14303
14175
14304
14176
14305
14177
14306
14178
14307
14179
14308
14180
14309
14181
14310
14182
14311
14183
14312
14184
14313
14185
14314
14186
14315
14187
14316
14188
14317
14189
14318
14190
14319
14191
14320
14192
14321
14193
14322
14194
14323
14195
14324
14196
14325
14197
14326
14198
14327
14199
14328
14200
14329
14201
14330
14202
14331
14203
14332
14204
14333
14205
14334
14206
14335
14207
14336
14208
14337
14209
14338
14210
14339
14211
14340
14212
14341
14213
14342
14214
14343
14215
14344
14216
14345
14217
14346
14218
14347
14219
14348
14220
14349
14221
14350
14222
14351
14223
14352
14224
14353
14225
14354
14226
14355
14227
14356
14228
14357
14229
14358
14230
14359
14231
14360
14232
14361
14233
14362
14234
14363
14235
14364
14236
14365
14237
14366
14238
14367
14239
14368
14240
14369
14241
14370
14242
14371
14243
14372
14244
14373
14245
14374
14246
14375
14247
14376
14248
14377
14249
14378
14250
14379
14251
14380
14252
14381
14253
14382
14254
14383
14255
14384
14256
14385
14257
14386
14258
14387
14259
14388
14260
14389
14261
14390
14262
14391
14263
14392
14264
14393
14265
14394
14266
14395
14267
14396
14268
14397
14269
14398
14270
14399
14271
14400
14272
14401
14273
14402
14274
14403
14275
14404
14276
14405
14277
14406
14278
14407
14279
14408
14280
14409
14281
14410
14282
14411
14283
14412
14284
14413
14285
14414
14286
14415
14287
14416
14288
14417
14289
14418
14290
14419
14291
14420
14292
14421
14293
14422
14294
14423
14295
14424
14296
14425
14297
14426
14298
14427
14299
14428
14429
14301
14430
14302
14431
14303
14432
14304
14433
14305
14434
14306
14435
14307
14436
14308
14437
14309
14438
14310
14439
14311
14440
14312
14441
14313
14442
14314
14443
14315
14444
14316
14445
14317
14446
14318
14447
14319
14448
14320
14449
14321
14450
14322
14451
14323
14452
14324
14453
14325
14454
14326
14455
14327
14456
14328
14457
14329
14458
14330
14459
14331
14460
14332
14461
14333
14462
14334
14463
14335
14464
14336
14465
14337
14466
14338
14467
14339
14468
14340
14469
14341
14470
14342
14471
14343
14472
14344
14473
14345
14474
14346
14475
14347
14476
14348
14477
14349
14478
14350
14479
14351
14480
14352
14481
14353
14482
14354
14483
14355
14484
14356
14485
14357
14486
14358
14487
14359
14488
14360
14489
14361
14490
14362
14491
14363
14492
14364
14493
14365
14494
14366
14495
14367
14496
14368
14497
14369
14498
14370
14499
14371
14500
14372
14501
14373
14502
14374
14503
14375
14504
14376
14505
14377
14506
14378
14507
14379
14508
14380
14509
14381
14510
14382
14511
14383
14512
14384
14513
14385
14514
14386
14515
14387
14516
14388
14517
14389
14518
14390
14519
14391
14520
14392
14521
14393
14522
14394
14523
14395
14524
14396
14525
14397
14526
14398
14527
14399
14528
14400
14529
14401
14530
14402
14531
14403
14532
14404
14533
14405
14534
14406
14535
14407
14536
14408
14537
14409
14538
14410
14539
14411
14540
14412
14541
14413
14542
14414
14543
14415
14544
14416
14545
14417
14546
14418
14547
14419
14548
14420
14549
14421
14550
14422
14551
14423
14552
14424
14553
14425
14554
14426
14555
14427
14556
14428
14557
14429
14558
14559
14431
14560
14432
14561
14433
14562
14434
14563
14435
14564
14436
14565
14437
14566
14438
14567
14439
14568
14440
14569
14441
14570
14442
14571
14443
14572
14444
14573
14445
14574
14446
14575
14447
14576
14448
14577
14449
14578
14450
14579
14451
14580
14452
14581
14453
14582
14454
14583
14455
14584
14456
14585
14457
14586
14458
14587
14459
14588
14460
14589
14461
14590
14462
14591
14463
14592
14464
14593
14465
14594
14466
14595
14467
14596
14468
14597
14469
14598
14470
14599
14471
14600
14472
14601
14473
14602
14474
14603
14475
14604
14476
14605
14477
14606
14478
14607
14479
14608
14480
14609
14481
14610
14482
14611
14483
14612
14484
14613
14485
14614
14486
14615
14487
14616
14488
14617
14489
14618
14490
14619
14491
14620
14492
14621
14493
14622
14494
14623
14495
14624
14496
14625
14497
14626
14498
14627
14499
14628
14500
14629
14501
14630
14502
14631
14503
14632
14504
14633
14505
14634
14506
14635
14507
14636
14508
14637
14509
14638
14510
14639
14511
14640
14512
14641
14513
14642
14514
14643
14515
14644
14516
14645
14517
14646
14518
14647
14519
14648
14520
14649
14521
14650
14522
14651
14523
14652
14524
14653
14525
14654
14526
14655
14527
14656
14528
14657
14529
14658
14530
14659
14531
14660
14532
14661
14533
14662
14534
14663
14535
14664
14536
14665
14537
14666
14538
14667
14539
14668
14540
14669
14541
14670
14542
14671
14543
14672
14544
14673
14545
14674
14546
14675
14547
14676
14548
14677
14549
14678
14550
14679
14551
14680
14552
14681
14553
14682
14554
14683
14555
14684
14556
14685
14557
14686
14558
14687
14559
14688
14689
14561
14690
14562
14691
14563
14692
14564
14693
14565
14694
14566
14695
14567
14696
14568
14697
14569
14698
14570
14699
14571
14700
14572
14701
14573
14702
14574
14703
14575
14704
14576
14705
14577
14706
14578
14707
14579
14708
14580
14709
14581
14710
14582
14711
14583
14712
14584
14713
14585
14714
14586
14715
14587
14716
14588
14717
14589
14718
14590
14719
14591
14720
14592
14721
14593
14722
14594
14723
14595
14724
14596
14725
14597
14726
14598
14727
14599
14728
14600
14729
14601
14730
14602
14731
14603
14732
14604
14733
14605
14734
14606
14735
14607
14736
14608
14737
14609
14738
14610
14739
14611
14740
14612
14741
14613
14742
14614
14743
14615
14744
14616
14745
14617
14746
14618
14747
14619
14748
14620
14749
14621
14750
14622
14751
14623
14752
14624
14753
14625
14754
14626
14755
14627
14756
14628
14757
14629
14758
14630
14759
14631
14760
14632
14761
14633
14762
14634
14763
14635
14764
14636
14765
14637
14766
14638
14767
14639
14768
14640
14769
14641
14770
14642
14771
14643
14772
14644
14773
14645
14774
14646
14775
14647
14776
14648
14777
14649
14778
14650
14779
14651
14780
14652
14781
14653
14782
14654
14783
14655
14784
14656
14785
14657
14786
14658
14787
14659
14788
14660
14789
14661
14790
14662
14791
14663
14792
14664
14793
14665
14794
14666
14795
14667
14796
14668
14797
14669
14798
14670
14799
14671
14800
14672
14801
14673
14802
14674
14803
14675
14804
14676
14805
14677
14806
14678
14807
14679
14808
14680
14809
14681
14810
14682
14811
14683
14812
14684
14813
14685
14814
14686
14815
14687
14816
14688
14817
14689
14818
14819
14691
14820
14692
14821
14693
14822
14694
14823
14695
14824
14696
14825
14697
14826
14698
14827
14699
14828
14700
14829
14701
14830
14702
14831
14703
14832
14704
14833
14705
14834
14706
14835
14707
14836
14708
14837
14709
14838
14710
14839
14711
14840
14712
14841
14713
14842
14714
14843
14715
14844
14716
14845
14717
14846
14718
14847
14719
14848
14720
14849
14721
14850
14722
14851
14723
14852
14724
14853
14725
14854
14726
14855
14727
14856
14728
14857
14729
14858
14730
14859
14731
14860
14732
14861
14733
14862
14734
14863
14735
14864
14736
14865
14737
14866
14738
14867
14739
14868
14740
14869
14741
14870
14742
14871
14743
14872
14744
14873
14745
14874
14746
14875
14747
14876
14748
14877
14749
14878
14750
14879
14751
14880
14752
14881
14753
14882
14754
14883
14755
14884
14756
14885
14757
14886
14758
14887
14759
14888
14760
14889
14761
14890
14762
14891
14763
14892
14764
14893
14765
14894
14766
14895
14767
14896
14768
14897
14769
14898
14770
14899
14771
14900
14772
14901
14773
14902
14774
14903
14775
14904
14776
14905
14777
14906
14778
14907
14779
14908
14780
14909
14781
14910
14782
14911
14783
14912
14784
14913
14785
14914
14786
14915
14787
14916
14788
14917
14789
14918
14790
14919
14791
14920
14792
14921
14793
14922
14794
14923
14795
14924
14796
14925
14797
14926
14798
14927
14799
14928
14800
14929
14801
14930
14802
14931
14803
14932
14804
14933
14805
14934
14806
14935
14807
14936
14808
14937
14809
14938
14810
14939
14811
14940
14812
14941
14813
14942
14814
14943
14815
14944
14816
14945
14817
14946
14818
14947
14819
14948
14949
14821
14950
14822
14951
14823
14952
14824
14953
14825
14954
14826
14955
14827
14956
14828
14957
14829
14958
14830
14959
14831
14960
14832
14961
14833
14962
14834
14963
14835
14964
14836
14965
14837
14966
14838
14967
14839
14968
14840
14969
14841
14970
14842
14971
14843
14972
14844
14973
14845
14974
14846
14975
14847
14976
14848
14977
14849
14978
14850
14979
14851
14980
14852
14981
14853
14982
14854
14983
14855
14984
14856
14985
14857
14986
14858
14987
14859
14988
14860
14989
14861
14990
14862
14991
14863
14992
14864
14993
14865
14994
14866
14995
14867
14996
14868
14997
14869
14998
14870
14999
14871
15000
14872
15001
14873
15002
14874
15003
14875
15004
14876
15005
14877
15006
14878
15007
14879
15008
14880
15009
14881
15010
14882
15011
14883
15012
14884
15013
14885
15014
14886
15015
14887
15016
14888
15017
14889
15018
14890
15019
14891
15020
14892
15021
14893
15022
14894
15023
14895
15024
14896
15025
14897
15026
14898
15027
14899
15028
14900
15029
14901
15030
14902
15031
14903
15032
14904
15033
14905
15034
14906
15035
14907
15036
14908
15037
14909
15038
14910
15039
14911
15040
14912
15041
14913
15042
14914
15043
14915
15044
14916
15045
14917
15046
14918
15047
14919
15048
14920
15049
14921
15050
14922
15051
14923
15052
14924
15053
14925
15054
14926
15055
14927
15056
14928
15057
14929
15058
14930
15059
14931
15060
14932
15061
14933
15062
14934
15063
14935
15064
14936
15065
14937
15066
14938
15067
14939
15068
14940
15069
14941
15070
14942
15071
14943
15072
14944
15073
14945
15074
14946
15075
14947
15076
14948
15077
14949
15078
15079
14951
15080
14952
15081
14953
15082
14954
15083
14955
15084
14956
15085
14957
15086
14958
15087
14959
15088
14960
15089
14961
15090
14962
15091
14963
15092
14964
15093
14965
15094
14966
15095
14967
15096
14968
15097
14969
15098
14970
15099
14971
15100
14972
15101
14973
15102
14974
15103
14975
15104
14976
15105
14977
15106
14978
15107
14979
15108
14980
15109
14981
15110
14982
15111
14983
15112
14984
15113
14985
15114
14986
15115
14987
15116
14988
15117
14989
15118
14990
15119
14991
15120
14992
15121
14993
15122
14994
15123
14995
15124
14996
15125
14997
15126
14998
15127
14999
15128
15000
15129
15001
15130
15002
15131
15003
15132
15004
15133
15005
15134
15006
15135
15007
15136
15008
15137
15009
15138
15010
15139
15011
15140
15012
15141
15013
15142
15014
15143
15015
15144
15016
15145
15017
15146
15018
15147
15019
15148
15020
15149
15021
15150
15022
15151
15023
15152
15024
15153
15025
15154
15026
15155
15027
15156
15028
15157
15029
15158
15030
15159
15031
15160
15032
15161
15033
15162
15034
15163
15035
15164
15036
15165
15037
15166
15038
15167
15039
15168
15040
15169
15041
15170
15042
15171
15043
15172
15044
15173
15045
15174
15046
15175
15047
15176
15048
15177
15049
15178
15050
15179
15051
15180
15052
15181
15053
15182
15054
15183
15055
15184
15056
15185
15057
15186
15058
15187
15059
15188
15060
15189
15061
15190
15062
15191
15063
15192
15064
15193
15065
15194
15066
15195
15067
15196
15068
15197
15069
15198
15070
15199
15071
15200
15072
15201
15073
15202
15074
15203
15075
15204
15076
15205
15077
15206
15078
15207
15079
15208
15209
15081
15210
15082
15211
15083
15212
15084
15213
15085
15214
15086
15215
15087
15216
15088
15217
15089
15218
15090
15219
15091
15220
15092
15221
15093
15222
15094
15223
15095
15224
15096
15225
15097
15226
15098
15227
15099
15228
15100
15229
15101
15230
15102
15231
15103
15232
15104
15233
15105
15234
15106
15235
15107
15236
15108
15237
15109
15238
15110
15239
15111
15240
15112
15241
15113
15242
15114
15243
15115
15244
15116
15245
15117
15246
15118
15247
15119
15248
15120
15249
15121
15250
15122
15251
15123
15252
15124
15253
15125
15254
15126
15255
15127
15256
15128
15257
15129
15258
15130
15259
15131
15260
15132
15261
15133
15262
15134
15263
15135
15264
15136
15265
15137
15266
15138
15267
15139
15268
15140
15269
15141
15270
15142
15271
15143
15272
15144
15273
15145
15274
15146
15275
15147
15276
15148
15277
15149
15278
15150
15279
15151
15280
15152
15281
15153
15282
15154
15283
15155
15284
15156
15285
15157
15286
15158
15287
15159
15288
15160
15289
15161
15290
15162
15291
15163
15292
15164
15293
15165
15294
15166
15295
15167
15296
15168
15297
15169
15298
15170
15299
15171
15300
15172
15301
15173
15302
15174
15303
15175
15304
15176
15305
15177
15306
15178
15307
15179
15308
15180
15309
15181
15310
15182
15311
15183
15312
15184
15313
15185
15314
15186
15315
15187
15316
15188
15317
15189
15318
15190
15319
15191
15320
15192
15321
15193
15322
15194
15323
15195
15324
15196
15325
15197
15326
15198
15327
15199
15328
15200
15329
15201
15330
15202
15331
15203
15332
15204
15333
15205
15334
15206
15335
15207
15336
15208
15337
15209
15338
15339
15211
15340
15212
15341
15213
15342
15214
15343
15215
15344
15216
15345
15217
15346
15218
15347
15219
15348
15220
15349
15221
15350
15222
15351
15223
15352
15224
15353
15225
15354
15226
15355
15227
15356
15228
15357
15229
15358
15230
15359
15231
15360
15232
15361
15233
15362
15234
15363
15235
15364
15236
15365
15237
15366
15238
15367
15239
15368
15240
15369
15241
15370
15242
15371
15243
15372
15244
15373
15245
15374
15246
15375
15247
15376
15248
15377
15249
15378
15250
15379
15251
15380
15252
15381
15253
15382
15254
15383
15255
15384
15256
15385
15257
15386
15258
15387
15259
15388
15260
15389
15261
15390
15262
15391
15263
15392
15264
15393
15265
15394
15266
15395
15267
15396
15268
15397
15269
15398
15270
15399
15271
15400
15272
15401
15273
15402
15274
15403
15275
15404
15276
15405
15277
15406
15278
15407
15279
15408
15280
15409
15281
15410
15282
15411
15283
15412
15284
15413
15285
15414
15286
15415
15287
15416
15288
15417
15289
15418
15290
15419
15291
15420
15292
15421
15293
15422
15294
15423
15295
15424
15296
15425
15297
15426
15298
15427
15299
15428
15300
15429
15301
15430
15302
15431
15303
15432
15304
15433
15305
15434
15306
15435
15307
15436
15308
15437
15309
15438
15310
15439
15311
15440
15312
15441
15313
15442
15314
15443
15315
15444
15316
15445
15317
15446
15318
15447
15319
15448
15320
15449
15321
15450
15322
15451
15323
15452
15324
15453
15325
15454
15326
15455
15327
15456
15328
15457
15329
15458
15330
15459
15331
15460
15332
15461
15333
15462
15334
15463
15335
15464
15336
15465
15337
15466
15338
15467
15339
15468
15469
15341
15470
15342
15471
15343
15472
15344
15473
15345
15474
15346
15475
15347
15476
15348
15477
15349
15478
15350
15479
15351
15480
15352
15481
15353
15482
15354
15483
15355
15484
15356
15485
15357
15486
15358
15487
15359
15488
15360
15489
15361
15490
15362
15491
15363
15492
15364
15493
15365
15494
15366
15495
15367
15496
15368
15497
15369
15498
15370
15499
15371
15500
15372
15501
15373
15502
15374
15503
15375
15504
15376
15505
15377
15506
15378
15507
15379
15508
15380
15509
15381
15510
15382
15511
15383
15512
15384
15513
15385
15514
15386
15515
15387
15516
15388
15517
15389
15518
15390
15519
15391
15520
15392
15521
15393
15522
15394
15523
15395
15524
15396
15525
15397
15526
15398
15527
15399
15528
15400
15529
15401
15530
15402
15531
15403
15532
15404
15533
15405
15534
15406
15535
15407
15536
15408
15537
15409
15538
15410
15539
15411
15540
15412
15541
15413
15542
15414
15543
15415
15544
15416
15545
15417
15546
15418
15547
15419
15548
15420
15549
15421
15550
15422
15551
15423
15552
15424
15553
15425
15554
15426
15555
15427
15556
15428
15557
15429
15558
15430
15559
15431
15560
15432
15561
15433
15562
15434
15563
15435
15564
15436
15565
15437
15566
15438
15567
15439
15568
15440
15569
15441
15570
15442
15571
15443
15572
15444
15573
15445
15574
15446
15575
15447
15576
15448
15577
15449
15578
15450
15579
15451
15580
15452
15581
15453
15582
15454
15583
15455
15584
15456
15585
15457
15586
15458
15587
15459
15588
15460
15589
15461
15590
15462
15591
15463
15592
15464
15593
15465
15594
15466
15595
15467
15596
15468
15597
15469
15598
15599
15471
15600
15472
15601
15473
15602
15474
15603
15475
15604
15476
15605
15477
15606
15478
15607
15479
15608
15480
15609
15481
15610
15482
15611
15483
15612
15484
15613
15485
15614
15486
15615
15487
15616
15488
15617
15489
15618
15490
15619
15491
15620
15492
15621
15493
15622
15494
15623
15495
15624
15496
15625
15497
15626
15498
15627
15499
15628
15500
15629
15501
15630
15502
15631
15503
15632
15504
15633
15505
15634
15506
15635
15507
15636
15508
15637
15509
15638
15510
15639
15511
15640
15512
15641
15513
15642
15514
15643
15515
15644
15516
15645
15517
15646
15518
15647
15519
15648
15520
15649
15521
15650
15522
15651
15523
15652
15524
15653
15525
15654
15526
15655
15527
15656
15528
15657
15529
15658
15530
15659
15531
15660
15532
15661
15533
15662
15534
15663
15535
15664
15536
15665
15537
15666
15538
15667
15539
15668
15540
15669
15541
15670
15542
15671
15543
15672
15544
15673
15545
15674
15546
15675
15547
15676
15548
15677
15549
15678
15550
15679
15551
15680
15552
15681
15553
15682
15554
15683
15555
15684
15556
15685
15557
15686
15558
15687
15559
15688
15560
15689
15561
15690
15562
15691
15563
15692
15564
15693
15565
15694
15566
15695
15567
15696
15568
15697
15569
15698
15570
15699
15571
15700
15572
15701
15573
15702
15574
15703
15575
15704
15576
15705
15577
15706
15578
15707
15579
15708
15580
15709
15581
15710
15582
15711
15583
15712
15584
15713
15585
15714
15586
15715
15587
15716
15588
15717
15589
15718
15590
15719
15591
15720
15592
15721
15593
15722
15594
15723
15595
15724
15596
15725
15597
15726
15598
15727
15599
15728
15729
15601
15730
15602
15731
15603
15732
15604
15733
15605
15734
15606
15735
15607
15736
15608
15737
15609
15738
15610
15739
15611
15740
15612
15741
15613
15742
15614
15743
15615
15744
15616
15745
15617
15746
15618
15747
15619
15748
15620
15749
15621
15750
15622
15751
15623
15752
15624
15753
15625
15754
15626
15755
15627
15756
15628
15757
15629
15758
15630
15759
15631
15760
15632
15761
15633
15762
15634
15763
15635
15764
15636
15765
15637
15766
15638
15767
15639
15768
15640
15769
15641
15770
15642
15771
15643
15772
15644
15773
15645
15774
15646
15775
15647
15776
15648
15777
15649
15778
15650
15779
15651
15780
15652
15781
15653
15782
15654
15783
15655
15784
15656
15785
15657
15786
15658
15787
15659
15788
15660
15789
15661
15790
15662
15791
15663
15792
15664
15793
15665
15794
15666
15795
15667
15796
15668
15797
15669
15798
15670
15799
15671
15800
15672
15801
15673
15802
15674
15803
15675
15804
15676
15805
15677
15806
15678
15807
15679
15808
15680
15809
15681
15810
15682
15811
15683
15812
15684
15813
15685
15814
15686
15815
15687
15816
15688
15817
15689
15818
15690
15819
15691
15820
15692
15821
15693
15822
15694
15823
15695
15824
15696
15825
15697
15826
15698
15827
15699
15828
15700
15829
15701
15830
15702
15831
15703
15832
15704
15833
15705
15834
15706
15835
15707
15836
15708
15837
15709
15838
15710
15839
15711
15840
15712
15841
15713
15842
15714
15843
15715
15844
15716
15845
15717
15846
15718
15847
15719
15848
15720
15849
15721
15850
15722
15851
15723
15852
15724
15853
15725
15854
15726
15855
15727
15856
15728
15857
15729
15858
15859
15731
15860
15732
15861
15733
15862
15734
15863
15735
15864
15736
15865
15737
15866
15738
15867
15739
15868
15740
15869
15741
15870
15742
15871
15743
15872
15744
15873
15745
15874
15746
15875
15747
15876
15748
15877
15749
15878
15750
15879
15751
15880
15752
15881
15753
15882
15754
15883
15755
15884
15756
15885
15757
15886
15758
15887
15759
15888
15760
15889
15761
15890
15762
15891
15763
15892
15764
15893
15765
15894
15766
15895
15767
15896
15768
15897
15769
15898
15770
15899
15771
15900
15772
15901
15773
15902
15774
15903
15775
15904
15776
15905
15777
15906
15778
15907
15779
15908
15780
15909
15781
15910
15782
15911
15783
15912
15784
15913
15785
15914
15786
15915
15787
15916
15788
15917
15789
15918
15790
15919
15791
15920
15792
15921
15793
15922
15794
15923
15795
15924
15796
15925
15797
15926
15798
15927
15799
15928
15800
15929
15801
15930
15802
15931
15803
15932
15804
15933
15805
15934
15806
15935
15807
15936
15808
15937
15809
15938
15810
15939
15811
15940
15812
15941
15813
15942
15814
15943
15815
15944
15816
15945
15817
15946
15818
15947
15819
15948
15820
15949
15821
15950
15822
15951
15823
15952
15824
15953
15825
15954
15826
15955
15827
15956
15828
15957
15829
15958
15830
15959
15831
15960
15832
15961
15833
15962
15834
15963
15835
15964
15836
15965
15837
15966
15838
15967
15839
15968
15840
15969
15841
15970
15842
15971
15843
15972
15844
15973
15845
15974
15846
15975
15847
15976
15848
15977
15849
15978
15850
15979
15851
15980
15852
15981
15853
15982
15854
15983
15855
15984
15856
15985
15857
15986
15858
15987
15859
15988
15989
15861
15990
15862
15991
15863
15992
15864
15993
15865
15994
15866
15995
15867
15996
15868
15997
15869
15998
15870
15999
15871
16000
15872
16001
15873
16002
15874
16003
15875
16004
15876
16005
15877
16006
15878
16007
15879
16008
15880
16009
15881
16010
15882
16011
15883
16012
15884
16013
15885
16014
15886
16015
15887
16016
15888
16017
15889
16018
15890
16019
15891
16020
15892
16021
15893
16022
15894
16023
15895
16024
15896
16025
15897
16026
15898
16027
15899
16028
15900
16029
15901
16030
15902
16031
15903
16032
15904
16033
15905
16034
15906
16035
15907
16036
15908
16037
15909
16038
15910
16039
15911
16040
15912
16041
15913
16042
15914
16043
15915
16044
15916
16045
15917
16046
15918
16047
15919
16048
15920
16049
15921
16050
15922
16051
15923
16052
15924
16053
15925
16054
15926
16055
15927
16056
15928
16057
15929
16058
15930
16059
15931
16060
15932
16061
15933
16062
15934
16063
15935
16064
15936
16065
15937
16066
15938
16067
15939
16068
15940
16069
15941
16070
15942
16071
15943
16072
15944
16073
15945
16074
15946
16075
15947
16076
15948
16077
15949
16078
15950
16079
15951
16080
15952
16081
15953
16082
15954
16083
15955
16084
15956
16085
15957
16086
15958
16087
15959
16088
15960
16089
15961
16090
15962
16091
15963
16092
15964
16093
15965
16094
15966
16095
15967
16096
15968
16097
15969
16098
15970
16099
15971
16100
15972
16101
15973
16102
15974
16103
15975
16104
15976
16105
15977
16106
15978
16107
15979
16108
15980
16109
15981
16110
15982
16111
15983
16112
15984
16113
15985
16114
15986
16115
15987
16116
15988
16117
15989
16118
16119
15991
16120
15992
16121
15993
16122
15994
16123
15995
16124
15996
16125
15997
16126
15998
16127
15999
16128
16000
16129
16001
16130
16002
16131
16003
16132
16004
16133
16005
16134
16006
16135
16007
16136
16008
16137
16009
16138
16010
16139
16011
16140
16012
16141
16013
16142
16014
16143
16015
16144
16016
16145
16017
16146
16018
16147
16019
16148
16020
16149
16021
16150
16022
16151
16023
16152
16024
16153
16025
16154
16026
16155
16027
16156
16028
16157
16029
16158
16030
16159
16031
16160
16032
16161
16033
16162
16034
16163
16035
16164
16036
16165
16037
16166
16038
16167
16039
16168
16040
16169
16041
16170
16042
16171
16043
16172
16044
16173
16045
16174
16046
16175
16047
16176
16048
16177
16049
16178
16050
16179
16051
16180
16052
16181
16053
16182
16054
16183
16055
16184
16056
16185
16057
16186
16058
16187
16059
16188
16060
16189
16061
16190
16062
16191
16063
16192
16064
16193
16065
16194
16066
16195
16067
16196
16068
16197
16069
16198
16070
16199
16071
16200
16072
16201
16073
16202
16074
16203
16075
16204
16076
16205
16077
16206
16078
16207
16079
16208
16080
16209
16081
16210
16082
16211
16083
16212
16084
16213
16085
16214
16086
16215
16087
16216
16088
16217
16089
16218
16090
16219
16091
16220
16092
16221
16093
16222
16094
16223
16095
16224
16096
16225
16097
16226
16098
16227
16099
16228
16100
16229
16101
16230
16102
16231
16103
16232
16104
16233
16105
16234
16106
16235
16107
16236
16108
16237
16109
16238
16110
16239
16111
16240
16112
16241
16113
16242
16114
16243
16115
16244
16116
16245
16117
16246
16118
16247
16119
16248
16249
16121
16250
16122
16251
16123
16252
16124
16253
16125
16254
16126
16255
16127
16256
16128
16257
16129
16258
16130
16259
16131
16260
16132
16261
16133
16262
16134
16263
16135
16264
16136
16265
16137
16266
16138
16267
16139
16268
16140
16269
16141
16270
16142
16271
16143
16272
16144
16273
16145
16274
16146
16275
16147
16276
16148
16277
16149
16278
16150
16279
16151
16280
16152
16281
16153
16282
16154
16283
16155
16284
16156
16285
16157
16286
16158
16287
16159
16288
16160
16289
16161
16290
16162
16291
16163
16292
16164
16293
16165
16294
16166
16295
16167
16296
16168
16297
16169
16298
16170
16299
16171
16300
16172
16301
16173
16302
16174
16303
16175
16304
16176
16305
16177
16306
16178
16307
16179
16308
16180
16309
16181
16310
16182
16311
16183
16312
16184
16313
16185
16314
16186
16315
16187
16316
16188
16317
16189
16318
16190
16319
16191
16320
16192
16321
16193
16322
16194
16323
16195
16324
16196
16325
16197
16326
16198
16327
16199
16328
16200
16329
16201
16330
16202
16331
16203
16332
16204
16333
16205
16334
16206
16335
16207
16336
16208
16337
16209
16338
16210
16339
16211
16340
16212
16341
16213
16342
16214
16343
16215
16344
16216
16345
16217
16346
16218
16347
16219
16348
16220
16349
16221
16350
16222
16351
16223
16352
16224
16353
16225
16354
16226
16355
16227
16356
16228
16357
16229
16358
16230
16359
16231
16360
16232
16361
16233
16362
16234
16363
16235
16364
16236
16365
16237
16366
16238
16367
16239
16368
16240
16369
16241
16370
16242
16371
16243
16372
16244
16373
16245
16374
16246
16375
16247
16376
16248
16377
16249
16378
16379
16251
16380
16252
16381
16253
16382
16254
16383
16255
16384
16256
16385
16257
16386
16258
16387
16259
16388
16260
16389
16261
16390
16262
16391
16263
16392
16264
16393
16265
16394
16266
16395
16267
16396
16268
16397
16269
16398
16270
16399
16271
16400
16272
16401
16273
16402
16274
16403
16275
16404
16276
16405
16277
16406
16278
16407
16279
16408
16280
16409
16281
16410
16282
16411
16283
16412
16284
16413
16285
16414
16286
16415
16287
16416
16288
16417
16289
16418
16290
16419
16291
16420
16292
16421
16293
16422
16294
16423
16295
16424
16296
16425
16297
16426
16298
16427
16299
16428
16300
16429
16301
16430
16302
16431
16303
16432
16304
16433
16305
16434
16306
16435
16307
16436
16308
16437
16309
16438
16310
16439
16311
16440
16312
16441
16313
16442
16314
16443
16315
16444
16316
16445
16317
16446
16318
16447
16319
16448
16320
16449
16321
16450
16322
16451
16323
16452
16324
16453
16325
16454
16326
16455
16327
16456
16328
16457
16329
16458
16330
16459
16331
16460
16332
16461
16333
16462
16334
16463
16335
16464
16336
16465
16337
16466
16338
16467
16339
16468
16340
16469
16341
16470
16342
16471
16343
16472
16344
16473
16345
16474
16346
16475
16347
16476
16348
16477
16349
16478
16350
16479
16351
16480
16352
16481
16353
16482
16354
16483
16355
16484
16356
16485
16357
16486
16358
16487
16359
16488
16360
16489
16361
16490
16362
16491
16363
16492
16364
16493
16365
16494
16366
16495
16367
16496
16368
16497
16369
16498
16370
16499
16371
16500
16372
16501
16373
16502
16374
16503
16375
16504
16376
16505
16377
16506
16378
16507
16379
16508
16509
16381
16510
16382
16511
16383
16512
16384
16513
16385
16514
16386
16515
16387
16516
16388
16517
16389
16518
16390
16519
16391
16520
16392
16521
16393
16522
16394
16523
16395
16524
16396
16525
16397
16526
16398
16527
16399
16528
16400
16529
16401
16530
16402
16531
16403
16532
16404
16533
16405
16534
16406
16535
16407
16536
16408
16537
16409
16538
16410
16539
16411
16540
16412
16541
16413
16542
16414
16543
16415
16544
16416
16545
16417
16546
16418
16547
16419
16548
16420
16549
16421
16550
16422
16551
16423
16552
16424
16553
16425
16554
16426
16555
16427
16556
16428
16557
16429
16558
16430
16559
16431
16560
16432
16561
16433
16562
16434
16563
16435
16564
16436
16565
16437
16566
16438
16567
16439
16568
16440
16569
16441
16570
16442
16571
16443
16572
16444
16573
16445
16574
16446
16575
16447
16576
16448
16577
16449
16578
16450
16579
16451
16580
16452
16581
16453
16582
16454
16583
16455
16584
16456
16585
16457
16586
16458
16587
16459
16588
16460
16589
16461
16590
16462
16591
16463
16592
16464
16593
16465
16594
16466
16595
16467
16596
16468
16597
16469
16598
16470
16599
16471
16600
16472
16601
16473
16602
16474
16603
16475
16604
16476
16605
16477
16606
16478
16607
16479
16608
16480
16609
16481
16610
16482
16611
16483
16612
16484
16613
16485
16614
16486
16615
16487
16616
16488
16617
16489
16618
16490
16619
16491
16620
16492
16621
16493
16622
16494
16623
16495
16624
16496
16625
16497
16626
16498
16627
16499
16628
16500
16629
16501
16630
16502
16631
16503
16632
16504
16633
16505
16634
16506
16635
16507
16636
16508
16637
16509
16638
16639
16511
16640
16512
16641
16513
16642
16514
16643
16515
16644
16516
16645
16517
16646
16518
16647
16519
16648
16520
16649
16521
16650
16522
16651
16523
16652
16524
16653
16525
16654
16526
16655
16527
16656
16528
16657
16529
16658
16530
16659
16531
16660
16532
16661
16533
16662
16534
16663
16535
16664
16536
16665
16537
16666
16538
16667
16539
16668
16540
16669
16541
16670
16542
16671
16543
16672
16544
16673
16545
16674
16546
16675
16547
16676
16548
16677
16549
16678
16550
16679
16551
16680
16552
16681
16553
16682
16554
16683
16555
16684
16556
16685
16557
16686
16558
16687
16559
16688
16560
16689
16561
16690
16562
16691
16563
16692
16564
16693
16565
16694
16566
16695
16567
16696
16568
16697
16569
16698
16570
16699
16571
16700
16572
16701
16573
16702
16574
16703
16575
16704
16576
16705
16577
16706
16578
16707
16579
16708
16580
16709
16581
16710
16582
16711
16583
16712
16584
16713
16585
16714
16586
16715
16587
16716
16588
16717
16589
16718
16590
16719
16591
16720
16592
16721
16593
16722
16594
16723
16595
16724
16596
16725
16597
16726
16598
16727
16599
16728
16600
16729
16601
16730
16602
16731
16603
16732
16604
16733
16605
16734
16606
16735
16607
16736
16608
16737
16609
16738
16610
16739
16611
16740
16612
16741
16613
16742
16614
16743
16615
16744
16616
16745
16617
16746
16618
16747
16619
16748
16620
16749
16621
16750
16622
16751
16623
16752
16624
16753
16625
16754
16626
16755
16627
16756
16628
16757
16629
16758
16630
16759
16631
16760
16632
16761
16633
16762
16634
16763
16635
16764
16636
16765
16637
16766
16638
16767
16639
16768
16769
16641
16770
16642
16771
16643
16772
16644
16773
16645
16774
16646
16775
16647
16776
16648
16777
16649
16778
16650
16779
16651
16780
16652
16781
16653
16782
16654
16783
16655
16784
16656
16785
16657
16786
16658
16787
16659
16788
16660
16789
16661
16790
16662
16791
16663
16792
16664
16793
16665
16794
16666
16795
16667
16796
16668
16797
16669
16798
16670
16799
16671
16800
16672
16801
16673
16802
16674
16803
16675
16804
16676
16805
16677
16806
16678
16807
16679
16808
16680
16809
16681
16810
16682
16811
16683
16812
16684
16813
16685
16814
16686
16815
16687
16816
16688
16817
16689
16818
16690
16819
16691
16820
16692
16821
16693
16822
16694
16823
16695
16824
16696
16825
16697
16826
16698
16827
16699
16828
16700
16829
16701
16830
16702
16831
16703
16832
16704
16833
16705
16834
16706
16835
16707
16836
16708
16837
16709
16838
16710
16839
16711
16840
16712
16841
16713
16842
16714
16843
16715
16844
16716
16845
16717
16846
16718
16847
16719
16848
16720
16849
16721
16850
16722
16851
16723
16852
16724
16853
16725
16854
16726
16855
16727
16856
16728
16857
16729
16858
16730
16859
16731
16860
16732
16861
16733
16862
16734
16863
16735
16864
16736
16865
16737
16866
16738
16867
16739
16868
16740
16869
16741
16870
16742
16871
16743
16872
16744
16873
16745
16874
16746
16875
16747
16876
16748
16877
16749
16878
16750
16879
16751
16880
16752
16881
16753
16882
16754
16883
16755
16884
16756
16885
16757
16886
16758
16887
16759
16888
16760
16889
16761
16890
16762
16891
16763
16892
16764
16893
16765
16894
16766
16895
16767
16896
16768
16897
16769
16898
16899
16771
16772
16773
16774
16775
16776
16777
16778
16779
16780
16781
16782
16783
16784
16785
16786
16787
16788
16789
16790
16791
16792
16793
16794
16795
16796
16797
16798
16799
16800
16801
16802
16803
16804
16805
16806
16807
16808
16809
16810
16811
16812
16813
16814
16815
16816
16817
16818
16819
16820
16821
16822
16823
16824
16825
16826
16827
16828
16829
16830
16831
16832
16833
16834
16835
16836
16837
16838
16839
16840
16841
16842
16843
16844
16845
16846
16847
16848
16849
16850
16851
16852
16853
16854
16855
16856
16857
16858
16859
16860
16861
16862
16863
16864
16865
16866
16867
16868
16869
16870
16871
16872
16873
16874
16875
16876
16877
16878
16879
16880
16881
16882
16883
16884
16885
16886
16887
16888
16889
16890
16891
16892
16893
16894
16895
16896
16897
16898
16899
)


// ************************************************************************* //
