# mechanism-hash,94c490be646f8872
# T_gas_K,300
# grid,log-spaced,2.875e-05,4408.89,200
# EEDF f0 [eV^-3/2], normalised int f0 sqrt(eps) deps = 1
# Each row was solved on its OWN uniform grid and RESAMPLED here by
# linear interpolation in log(f0); values beyond a row's own eps_max
# are written as 0 rather than extrapolated.
# First column is E/N [Td]; the header row gives the energies [eV].
EN_Td,2.875e-05,3.16062e-05,3.47461e-05,3.8198e-05,4.19928e-05,4.61645e-05,5.07508e-05,5.57926e-05,6.13354e-05,6.74287e-05,7.41275e-05,8.14917e-05,8.95875e-05,9.84876e-05,0.000108272,0.000119028,0.000130853,0.000143853,0.000158144,0.000173855,0.000191126,0.000210114,0.000230988,0.000253935,0.000279162,0.000306896,0.000337385,0.000370902,0.00040775,0.000448258,0.00049279,0.000541746,0.000595566,0.000654733,0.000719777,0.000791284,0.000869894,0.000956314,0.00105132,0.00115576,0.00127058,0.00139681,0.00153558,0.00168813,0.00185584,0.0020402,0.00224289,0.00246571,0.00271067,0.00297996,0.003276,0.00360146,0.00395925,0.00435258,0.00478499,0.00526035,0.00578295,0.00635745,0.00698904,0.00768337,0.00844667,0.00928581,0.0102083,0.0112225,0.0123374,0.013563,0.0149104,0.0163917,0.0180202,0.0198104,0.0217784,0.023942,0.0263206,0.0289354,0.03181,0.0349702,0.0384443,0.0422635,0.0464622,0.051078,0.0561524,0.0617309,0.0678635,0.0746055,0.0820172,0.0901652,0.0991227,0.10897,0.119796,0.131697,0.14478,0.159164,0.174976,0.192359,0.211469,0.232477,0.255573,0.280963,0.308875,0.33956,0.373294,0.410379,0.451148,0.495967,0.54524,0.599407,0.658955,0.724419,0.796386,0.875504,0.962481,1.0581,1.16322,1.27878,1.40582,1.54548,1.69901,1.8678,2.05336,2.25735,2.48161,2.72815,2.99917,3.29713,3.62468,3.98478,4.38065,4.81584,5.29427,5.82024,6.39845,7.0341,7.73291,8.50114,9.34569,10.2741,11.2948,12.4169,13.6505,15.0066,16.4974,18.1364,19.9381,21.9189,24.0964,26.4903,29.122,32.0151,35.1957,38.6922,42.5361,46.7618,51.4074,56.5145,62.1289,68.3011,75.0865,82.546,90.7466,99.7618,109.673,120.568,132.546,145.714,160.19,176.104,193.599,212.832,233.976,257.221,282.774,310.867,341.75,375.701,413.025,454.057,499.166,548.755,603.272,663.204,729.09,801.522,881.149,968.687,1064.92,1170.72,1287.02,1414.88,1555.44,1709.97,1879.85,2066.6,2271.91,2497.61,2745.74,3018.51,3318.39,3648.05,4010.47,4408.89
1.0000000000e-01,2.1011314044e+01,2.1011314044e+01,2.1011314044e+01,2.1011314044e+01,2.1011314044e+01,2.1011314044e+01,2.1011314044e+01,2.1011314044e+01,2.1011314044e+01,2.1011314044e+01,2.1011314044e+01,2.1011314044e+01,2.1011314044e+01,2.1011314044e+01,2.1011314044e+01,2.1011314044e+01,2.1011314044e+01,2.1011314044e+01,2.1011314044e+01,2.1011314044e+01,2.1011314044e+01,2.1011314044e+01,2.1011314044e+01,2.1011314044e+01,2.1011314044e+01,2.1011314044e+01,2.1011314044e+01,2.1011314044e+01,2.1011314044e+01,2.1011314044e+01,2.1011314044e+01,2.1011314044e+01,2.1011314044e+01,2.1011314044e+01,2.1011314044e+01,2.1011314044e+01,2.1011314044e+01,2.1011314044e+01,2.1011314044e+01,2.1011314044e+01,2.1011314044e+01,2.1011314044e+01,2.1034467050e+01,2.1070531133e+01,2.1110249369e+01,2.1153999827e+01,2.1202201327e+01,2.1255318170e+01,2.1313865493e+01,2.1378415329e+01,2.1449603501e+01,2.1528137458e+01,2.1614805241e+01,2.1708880512e+01,2.1797152308e+01,2.1894607735e+01,2.2002247781e+01,2.2121192120e+01,2.2252695162e+01,2.2372823955e+01,2.2494428578e+01,2.2628876912e+01,2.2769174177e+01,2.2874742972e+01,2.2991364441e+01,2.3086232819e+01,2.3154981331e+01,2.3202234692e+01,2.3205366212e+01,2.3154428022e+01,2.3054065987e+01,2.2863463839e+01,2.2594539014e+01,2.2247469816e+01,2.1825690899e+01,2.1330831580e+01,2.0752419627e+01,2.0068135051e+01,1.9258846934e+01,1.8304409669e+01,1.7187152532e+01,1.5867809857e+01,1.4373563136e+01,1.2797639406e+01,1.1460685594e+01,1.0958631863e+01,1.0710397260e+01,1.1517778221e+01,1.2570265551e+01,1.3222208500e+01,1.3198713365e+01,1.2247315271e+01,1.0801702406e+01,8.9444965129e+00,6.7286607956e+00,5.1534086954e+00,3.5988636005e+00,2.1001688774e+00,8.3214039326e-01,1.2242713675e-01,5.5980840295e-02,1.9634219675e-02,2.6306329934e-03,8.2528058835e-04,2.4850407821e-04,0.0000000000e+00,0.0000000000e+00,0.0000000000e+00,0.0000000000e+00,0.0000000000e+00,0.0000000000e+00,0.0000000000e+00,0.0000000000e+00,0.0000000000e+00,0.0000000000e+00,0.0000000000e+00,0.0000000000e+00,0.0000000000e+00,0.0000000000e+00,0.0000000000e+00,0.0000000000e+00,0.0000000000e+00,0.0000000000e+00,0.0000000000e+00,0.0000000000e+00,0.0000000000e+00,0.0000000000e+00,0.0000000000e+00,0.0000000000e+00,0.0000000000e+00,0.0000000000e+00,0.0000000000e+00,0.0000000000e+00,0.0000000000e+00,0.0000000000e+00,0.0000000000e+00,0.0000000000e+00,0.0000000000e+00,0.0000000000e+00,0.0000000000e+00,0.0000000000e+00,0.0000000000e+00,0.0000000000e+00,0.0000000000e+00,0.0000000000e+00,0.0000000000e+00,0.0000000000e+00,0.0000000000e+00,0.0000000000e+00,0.0000000000e+00,0.0000000000e+00,0.0000000000e+00,0.0000000000e+00,0.0000000000e+00,0.0000000000e+00,0.0000000000e+00,0.0000000000e+00,0.0000000000e+00,0.0000000000e+00,0.0000000000e+00,0.0000000000e+00,0.0000000000e+00,0.0000000000e+00,0.0000000000e+00,0.0000000000e+00,0.0000000000e+00,0.0000000000e+00,0.0000000000e+00,0.0000000000e+00,0.0000000000e+00,0.0000000000e+00,0.0000000000e+00,0.0000000000e+00,0.0000000000e+00,0.0000000000e+00,0.0000000000e+00,0.0000000000e+00,0.0000000000e+00,0.0000000000e+00,0.0000000000e+00,0.0000000000e+00,0.0000000000e+00,0.0000000000e+00,0.0000000000e+00,0.0000000000e+00,0.0000000000e+00,0.0000000000e+00,0.0000000000e+00,0.0000000000e+00,0.0000000000e+00,0.0000000000e+00,0.0000000000e+00,0.0000000000e+00,0.0000000000e+00,0.0000000000e+00,0.0000000000e+00,0.0000000000e+00,0.0000000000e+00,0.0000000000e+00,0.0000000000e+00
1.0452754953e-01,1.9300278271e+01,1.9300278271e+01,1.9300278271e+01,1.9300278271e+01,1.9300278271e+01,1.9300278271e+01,1.9300278271e+01,1.9300278271e+01,1.9300278271e+01,1.9300278271e+01,1.9300278271e+01,1.9300278271e+01,1.9300278271e+01,1.9300278271e+01,1.9300278271e+01,1.9300278271e+01,1.9300278271e+01,1.9300278271e+01,1.9300278271e+01,1.9300278271e+01,1.9300278271e+01,1.9300278271e+01,1.9300278271e+01,1.9300278271e+01,1.9300278271e+01,1.9300278271e+01,1.9300278271e+01,1.9300278271e+01,1.9300278271e+01,1.9300278271e+01,1.9300278271e+01,1.9300278271e+01,1.9300278271e+01,1.9300278271e+01,1.9300278271e+01,1.9300278271e+01,1.9300278271e+01,1.9300278271e+01,1.9300278271e+01,1.9300278271e+01,1.9300278271e+01,1.9300278271e+01,1.9320558430e+01,1.9352145585e+01,1.9386930370e+01,1.9425243016e+01,1.9467449219e+01,1.9513954240e+01,1.9565207525e+01,1.9621707937e+01,1.9684009700e+01,1.9752729147e+01,1.9828552423e+01,1.9910866833e+01,1.9988350392e+01,2.0073879574e+01,2.0168328058e+01,2.0272672434e+01,2.0388005996e+01,2.0493794956e+01,2.0601105602e+01,2.0719725582e+01,2.0843667002e+01,2.0938086458e+01,2.1042379676e+01,2.1128380706e+01,2.1192382110e+01,2.1238426922e+01,2.1247114767e+01,2.1210017420e+01,2.1131120617e+01,2.0975367371e+01,2.0752764944e+01,2.0463198967e+01,2.0109286624e+01,1.9692221216e+01,1.9202881145e+01,1.8621868675e+01,1.7932136845e+01,1.7115335423e+01,1.6154793797e+01,1.5014439064e+01,1.3716160537e+01,1.2343573008e+01,1.1187594674e+01,1.0793432738e+01,1.0646978533e+01,1.1492856330e+01,1.2579316000e+01,1.3298957387e+01,1.3347805714e+01,1.2446583974e+01,1.1047706926e+01,9.2267832294e+00,7.0234200851e+00,5.4312607807e+00,3.8358600120e+00,2.2689449934e+00,9.1597473972e-01,1.4004922036e-01,6.4970588323e-02,2.3112477872e-02,2.9362216438e-03,9.1866385875e-04,2.6754799037e-04,0.0000000000e+00,0.0000000000e+00,0.0000000000e+00,0.0000000000e+00,0.0000000000e+00,0.0000000000e+00,0.0000000000e+00,0.0000000000e+00,0.0000000000e+00,0.0000000000e+00,0.0000000000e+00,0.0000000000e+00,0.0000000000e+00,0.0000000000e+00,0.0000000000e+00,0.0000000000e+00,0.0000000000e+00,0.0000000000e+00,0.0000000000e+00,0.0000000000e+00,0.0000000000e+00,0.0000000000e+00,0.0000000000e+00,0.0000000000e+00,0.0000000000e+00,0.0000000000e+00,0.0000000000e+00,0.0000000000e+00,0.0000000000e+00,0.0000000000e+00,0.0000000000e+00,0.0000000000e+00,0.0000000000e+00,0.0000000000e+00,0.0000000000e+00,0.0000000000e+00,0.0000000000e+00,0.0000000000e+00,0.0000000000e+00,0.0000000000e+00,0.0000000000e+00,0.0000000000e+00,0.0000000000e+00,0.0000000000e+00,0.0000000000e+00,0.0000000000e+00,0.0000000000e+00,0.0000000000e+00,0.0000000000e+00,0.0000000000e+00,0.0000000000e+00,0.0000000000e+00,0.0000000000e+00,0.0000000000e+00,0.0000000000e+00,0.0000000000e+00,0.0000000000e+00,0.0000000000e+00,0.0000000000e+00,0.0000000000e+00,0.0000000000e+00,0.0000000000e+00,0.0000000000e+00,0.0000000000e+00,0.0000000000e+00,0.0000000000e+00,0.0000000000e+00,0.0000000000e+00,0.0000000000e+00,0.0000000000e+00,0.0000000000e+00,0.0000000000e+00,0.0000000000e+00,0.0000000000e+00,0.0000000000e+00,0.0000000000e+00,0.0000000000e+00,0.0000000000e+00,0.0000000000e+00,0.0000000000e+00,0.0000000000e+00,0.0000000000e+00,0.0000000000e+00,0.0000000000e+00,0.0000000000e+00,0.0000000000e+00,0.0000000000e+00,0.0000000000e+00,0.0000000000e+00,0.0000000000e+00,0.0000000000e+00,0.0000000000e+00,0.0000000000e+00,0.0000000000e+00,0.0000000000e+00
1.0926008611e-01,1.7856798917e+01,1.7856798917e+01,1.7856798917e+01,1.7856798917e+01,1.7856798917e+01,1.7856798917e+01,1.7856798917e+01,1.7856798917e+01,1.7856798917e+01,1.7856798917e+01,1.7856798917e+01,1.7856798917e+01,1.7856798917e+01,1.7856798917e+01,1.7856798917e+01,1.7856798917e+01,1.7856798917e+01,1.7856798917e+01,1.7856798917e+01,1.7856798917e+01,1.7856798917e+01,1.7856798917e+01,1.7856798917e+01,1.7856798917e+01,1.7856798917e+01,1.7856798917e+01,1.7856798917e+01,1.7856798917e+01,1.7856798917e+01,1.7856798917e+01,1.7856798917e+01,1.7856798917e+01,1.7856798917e+01,1.7856798917e+01,1.7856798917e+01,1.7856798917e+01,1.7856798917e+01,1.7856798917e+01,1.7856798917e+01,1.7856798917e+01,1.7856798917e+01,1.7856798917e+01,1.7874674106e+01,1.7902513655e+01,1.7933168971e+01,1.7966930326e+01,1.8004119063e+01,1.8045091159e+01,1.8090241243e+01,1.8140007148e+01,1.8194875059e+01,1.8255385367e+01,1.8322139335e+01,1.8394616341e+01,1.8463044352e+01,1.8538564143e+01,1.8621942975e+01,1.8714037905e+01,1.8815807695e+01,1.8909515002e+01,1.9004753908e+01,1.9110007969e+01,1.9220117440e+01,1.9304967405e+01,1.9398679129e+01,1.9476916108e+01,1.9536511756e+01,1.9581024478e+01,1.9593718633e+01,1.9567414190e+01,1.9505559133e+01,1.9377874801e+01,1.9192838727e+01,1.8950150088e+01,1.8651817389e+01,1.8298726017e+01,1.7882919641e+01,1.7387496329e+01,1.6797260731e+01,1.6095535733e+01,1.5266723822e+01,1.4277771982e+01,1.3146469373e+01,1.1948266740e+01,1.0947790392e+01,1.0644332680e+01,1.0582465573e+01,1.1452718514e+01,1.2558908055e+01,1.3331952715e+01,1.3442777745e+01,1.2587371182e+01,1.1235707148e+01,9.4574717929e+00,7.2794660235e+00,5.6800656589e+00,4.0547530291e+00,2.4300787111e+00,9.9951141150e-01,1.5916044623e-01,7.5004904395e-02,2.7086294251e-02,3.2717958987e-03,1.0217441790e-03,2.9126154065e-04,0.0000000000e+00,0.0000000000e+00,0.0000000000e+00,0.0000000000e+00,0.0000000000e+00,0.0000000000e+00,0.0000000000e+00,0.0000000000e+00,0.0000000000e+00,0.0000000000e+00,0.0000000000e+00,0.0000000000e+00,0.0000000000e+00,0.0000000000e+00,0.0000000000e+00,0.0000000000e+00,0.0000000000e+00,0.0000000000e+00,0.0000000000e+00,0.0000000000e+00,0.0000000000e+00,0.0000000000e+00,0.0000000000e+00,0.0000000000e+00,0.0000000000e+00,0.0000000000e+00,0.0000000000e+00,0.0000000000e+00,0.0000000000e+00,0.0000000000e+00,0.0000000000e+00,0.0000000000e+00,0.0000000000e+00,0.0000000000e+00,0.0000000000e+00,0.0000000000e+00,0.0000000000e+00,0.0000000000e+00,0.0000000000e+00,0.0000000000e+00,0.0000000000e+00,0.0000000000e+00,0.0000000000e+00,0.0000000000e+00,0.0000000000e+00,0.0000000000e+00,0.0000000000e+00,0.0000000000e+00,0.0000000000e+00,0.0000000000e+00,0.0000000000e+00,0.0000000000e+00,0.0000000000e+00,0.0000000000e+00,0.0000000000e+00,0.0000000000e+00,0.0000000000e+00,0.0000000000e+00,0.0000000000e+00,0.0000000000e+00,0.0000000000e+00,0.0000000000e+00,0.0000000000e+00,0.0000000000e+00,0.0000000000e+00,0.0000000000e+00,0.0000000000e+00,0.0000000000e+00,0.0000000000e+00,0.0000000000e+00,0.0000000000e+00,0.0000000000e+00,0.0000000000e+00,0.0000000000e+00,0.0000000000e+00,0.0000000000e+00,0.0000000000e+00,0.0000000000e+00,0.0000000000e+00,0.0000000000e+00,0.0000000000e+00,0.0000000000e+00,0.0000000000e+00,0.0000000000e+00,0.0000000000e+00,0.0000000000e+00,0.0000000000e+00,0.0000000000e+00,0.0000000000e+00,0.0000000000e+00,0.0000000000e+00,0.0000000000e+00,0.0000000000e+00,0.0000000000e+00,0.0000000000e+00
1.1420689063e-01,1.6633698763e+01,1.6633698763e+01,1.6633698763e+01,1.6633698763e+01,1.6633698763e+01,1.6633698763e+01,1.6633698763e+01,1.6633698763e+01,1.6633698763e+01,1.6633698763e+01,1.6633698763e+01,1.6633698763e+01,1.6633698763e+01,1.6633698763e+01,1.6633698763e+01,1.6633698763e+01,1.6633698763e+01,1.6633698763e+01,1.6633698763e+01,1.6633698763e+01,1.6633698763e+01,1.6633698763e+01,1.6633698763e+01,1.6633698763e+01,1.6633698763e+01,1.6633698763e+01,1.6633698763e+01,1.6633698763e+01,1.6633698763e+01,1.6633698763e+01,1.6633698763e+01,1.6633698763e+01,1.6633698763e+01,1.6633698763e+01,1.6633698763e+01,1.6633698763e+01,1.6633698763e+01,1.6633698763e+01,1.6633698763e+01,1.6633698763e+01,1.6633698763e+01,1.6633698763e+01,1.6649549511e+01,1.6674234599e+01,1.6701414270e+01,1.6731345241e+01,1.6764311615e+01,1.6800628004e+01,1.6840643046e+01,1.6884743383e+01,1.6933358157e+01,1.6986964118e+01,1.7046091427e+01,1.7110294876e+01,1.7171085011e+01,1.7238163619e+01,1.7312208594e+01,1.7393976662e+01,1.7484313734e+01,1.7567801396e+01,1.7652809563e+01,1.7746737639e+01,1.7845112519e+01,1.7921747688e+01,1.8006376030e+01,1.8077844552e+01,1.8133433720e+01,1.8176295174e+01,1.8191909254e+01,1.8174127494e+01,1.8125956225e+01,1.8021104648e+01,1.7866814695e+01,1.7662672876e+01,1.7410232934e+01,1.7110163760e+01,1.6755514305e+01,1.6331517878e+01,1.5824620369e+01,1.5219688170e+01,1.4502218153e+01,1.3641984157e+01,1.2653595899e+01,1.1605514757e+01,1.0739041631e+01,1.0511915610e+01,1.0520118578e+01,1.1403333695e+01,1.2517594235e+01,1.3331513841e+01,1.3494648418e+01,1.2680309147e+01,1.1374870483e+01,9.6433498656e+00,7.5006392261e+00,5.9019269489e+00,4.2562705717e+00,2.5835058737e+00,1.0826049771e+00,1.7988344235e-01,8.6185183205e-02,3.1619007689e-02,3.6461816772e-03,1.1367037795e-03,3.2012757766e-04,0.0000000000e+00,0.0000000000e+00,0.0000000000e+00,0.0000000000e+00,0.0000000000e+00,0.0000000000e+00,0.0000000000e+00,0.0000000000e+00,0.0000000000e+00,0.0000000000e+00,0.0000000000e+00,0.0000000000e+00,0.0000000000e+00,0.0000000000e+00,0.0000000000e+00,0.0000000000e+00,0.0000000000e+00,0.0000000000e+00,0.0000000000e+00,0.0000000000e+00,0.0000000000e+00,0.0000000000e+00,0.0000000000e+00,0.0000000000e+00,0.0000000000e+00,0.0000000000e+00,0.0000000000e+00,0.0000000000e+00,0.0000000000e+00,0.0000000000e+00,0.0000000000e+00,0.0000000000e+00,0.0000000000e+00,0.0000000000e+00,0.0000000000e+00,0.0000000000e+00,0.0000000000e+00,0.0000000000e+00,0.0000000000e+00,0.0000000000e+00,0.0000000000e+00,0.0000000000e+00,0.0000000000e+00,0.0000000000e+00,0.0000000000e+00,0.0000000000e+00,0.0000000000e+00,0.0000000000e+00,0.0000000000e+00,0.0000000000e+00,0.0000000000e+00,0.0000000000e+00,0.0000000000e+00,0.0000000000e+00,0.0000000000e+00,0.0000000000e+00,0.0000000000e+00,0.0000000000e+00,0.0000000000e+00,0.0000000000e+00,0.0000000000e+00,0.0000000000e+00,0.0000000000e+00,0.0000000000e+00,0.0000000000e+00,0.0000000000e+00,0.0000000000e+00,0.0000000000e+00,0.0000000000e+00,0.0000000000e+00,0.0000000000e+00,0.0000000000e+00,0.0000000000e+00,0.0000000000e+00,0.0000000000e+00,0.0000000000e+00,0.0000000000e+00,0.0000000000e+00,0.0000000000e+00,0.0000000000e+00,0.0000000000e+00,0.0000000000e+00,0.0000000000e+00,0.0000000000e+00,0.0000000000e+00,0.0000000000e+00,0.0000000000e+00,0.0000000000e+00,0.0000000000e+00,0.0000000000e+00,0.0000000000e+00,0.0000000000e+00,0.0000000000e+00,0.0000000000e+00,0.0000000000e+00
1.1937766417e-01,1.5593035635e+01,1.5593035635e+01,1.5593035635e+01,1.5593035635e+01,1.5593035635e+01,1.5593035635e+01,1.5593035635e+01,1.5593035635e+01,1.5593035635e+01,1.5593035635e+01,1.5593035635e+01,1.5593035635e+01,1.5593035635e+01,1.5593035635e+01,1.5593035635e+01,1.5593035635e+01,1.5593035635e+01,1.5593035635e+01,1.5593035635e+01,1.5593035635e+01,1.5593035635e+01,1.5593035635e+01,1.5593035635e+01,1.5593035635e+01,1.5593035635e+01,1.5593035635e+01,1.5593035635e+01,1.5593035635e+01,1.5593035635e+01,1.5593035635e+01,1.5593035635e+01,1.5593035635e+01,1.5593035635e+01,1.5593035635e+01,1.5593035635e+01,1.5593035635e+01,1.5593035635e+01,1.5593035635e+01,1.5593035635e+01,1.5593035635e+01,1.5593035635e+01,1.5593035635e+01,1.5607172229e+01,1.5629186485e+01,1.5653423588e+01,1.5680111907e+01,1.5709504097e+01,1.5741879845e+01,1.5777548972e+01,1.5816854931e+01,1.5860178759e+01,1.5907943556e+01,1.5960619573e+01,1.6017824029e+01,1.6072137761e+01,1.6132059854e+01,1.6198192761e+01,1.6271208553e+01,1.6351857979e+01,1.6426660922e+01,1.6502961658e+01,1.6587251551e+01,1.6675631377e+01,1.6745202887e+01,1.6822020987e+01,1.6887598608e+01,1.6939588594e+01,1.6980798619e+01,1.6998564707e+01,1.6987596361e+01,1.6950534282e+01,1.6864436397e+01,1.6735538148e+01,1.6563364626e+01,1.6349128944e+01,1.6093348851e+01,1.5789941440e+01,1.5425971253e+01,1.4989337791e+01,1.4466322211e+01,1.3843503410e+01,1.3093282638e+01,1.2227801347e+01,1.1309487298e+01,1.0558873411e+01,1.0396066106e+01,1.0462107101e+01,1.1349109816e+01,1.2461945377e+01,1.3305808426e+01,1.3512354707e+01,1.2734239297e+01,1.1473031766e+01,9.7903932338e+00,7.6904345485e+00,6.0988396905e+00,4.4411558206e+00,2.7291912599e+00,1.1651055117e+00,2.0233955840e-01,9.8616399174e-02,3.6778422898e-02,4.0698945458e-03,1.2663634274e-03,3.5484822424e-04,0.0000000000e+00,0.0000000000e+00,0.0000000000e+00,0.0000000000e+00,0.0000000000e+00,0.0000000000e+00,0.0000000000e+00,0.0000000000e+00,0.0000000000e+00,0.0000000000e+00,0.0000000000e+00,0.0000000000e+00,0.0000000000e+00,0.0000000000e+00,0.0000000000e+00,0.0000000000e+00,0.0000000000e+00,0.0000000000e+00,0.0000000000e+00,0.0000000000e+00,0.0000000000e+00,0.0000000000e+00,0.0000000000e+00,0.0000000000e+00,0.0000000000e+00,0.0000000000e+00,0.0000000000e+00,0.0000000000e+00,0.0000000000e+00,0.0000000000e+00,0.0000000000e+00,0.0000000000e+00,0.0000000000e+00,0.0000000000e+00,0.0000000000e+00,0.0000000000e+00,0.0000000000e+00,0.0000000000e+00,0.0000000000e+00,0.0000000000e+00,0.0000000000e+00,0.0000000000e+00,0.0000000000e+00,0.0000000000e+00,0.0000000000e+00,0.0000000000e+00,0.0000000000e+00,0.0000000000e+00,0.0000000000e+00,0.0000000000e+00,0.0000000000e+00,0.0000000000e+00,0.0000000000e+00,0.0000000000e+00,0.0000000000e+00,0.0000000000e+00,0.0000000000e+00,0.0000000000e+00,0.0000000000e+00,0.0000000000e+00,0.0000000000e+00,0.0000000000e+00,0.0000000000e+00,0.0000000000e+00,0.0000000000e+00,0.0000000000e+00,0.0000000000e+00,0.0000000000e+00,0.0000000000e+00,0.0000000000e+00,0.0000000000e+00,0.0000000000e+00,0.0000000000e+00,0.0000000000e+00,0.0000000000e+00,0.0000000000e+00,0.0000000000e+00,0.0000000000e+00,0.0000000000e+00,0.0000000000e+00,0.0000000000e+00,0.0000000000e+00,0.0000000000e+00,0.0000000000e+00,0.0000000000e+00,0.0000000000e+00,0.0000000000e+00,0.0000000000e+00,0.0000000000e+00,0.0000000000e+00,0.0000000000e+00,0.0000000000e+00,0.0000000000e+00,0.0000000000e+00,0.0000000000e+00
1.2478254705e-01,1.4704349678e+01,1.4704349678e+01,1.4704349678e+01,1.4704349678e+01,1.4704349678e+01,1.4704349678e+01,1.4704349678e+01,1.4704349678e+01,1.4704349678e+01,1.4704349678e+01,1.4704349678e+01,1.4704349678e+01,1.4704349678e+01,1.4704349678e+01,1.4704349678e+01,1.4704349678e+01,1.4704349678e+01,1.4704349678e+01,1.4704349678e+01,1.4704349678e+01,1.4704349678e+01,1.4704349678e+01,1.4704349678e+01,1.4704349678e+01,1.4704349678e+01,1.4704349678e+01,1.4704349678e+01,1.4704349678e+01,1.4704349678e+01,1.4704349678e+01,1.4704349678e+01,1.4704349678e+01,1.4704349678e+01,1.4704349678e+01,1.4704349678e+01,1.4704349678e+01,1.4704349678e+01,1.4704349678e+01,1.4704349678e+01,1.4704349678e+01,1.4704349678e+01,1.4704349678e+01,1.4717026138e+01,1.4736765473e+01,1.4758496371e+01,1.4782423111e+01,1.4808771626e+01,1.4837791940e+01,1.4869760916e+01,1.4904985349e+01,1.4943805460e+01,1.4986598850e+01,1.5033784986e+01,1.5085033280e+01,1.5133825032e+01,1.5187646147e+01,1.5247035038e+01,1.5312591954e+01,1.5384986956e+01,1.5452372667e+01,1.5521227664e+01,1.5597277184e+01,1.5677105378e+01,1.5740586748e+01,1.5810671364e+01,1.5871120707e+01,1.5919900162e+01,1.5959524379e+01,1.5978894114e+01,1.5973436977e+01,1.5945488654e+01,1.5874936530e+01,1.5767189461e+01,1.5621746610e+01,1.5439565563e+01,1.5221059692e+01,1.4960897037e+01,1.4647717073e+01,1.4270706959e+01,1.3817439194e+01,1.3275540920e+01,1.2619843188e+01,1.1860568768e+01,1.1054893159e+01,1.0404788436e+01,1.0296234531e+01,1.0409798802e+01,1.1293236565e+01,1.2396934614e+01,1.3261219258e+01,1.3503058096e+01,1.2756429696e+01,1.1536812229e+01,9.9038013038e+00,7.8519890424e+00,6.2726624159e+00,4.6101429570e+00,2.8671176262e+00,1.2468554477e+00,2.2664573307e-01,1.1240482955e-01,4.2635871354e-02,4.5553635980e-03,1.4143204389e-03,3.9639191542e-04,0.0000000000e+00,0.0000000000e+00,0.0000000000e+00,0.0000000000e+00,0.0000000000e+00,0.0000000000e+00,0.0000000000e+00,0.0000000000e+00,0.0000000000e+00,0.0000000000e+00,0.0000000000e+00,0.0000000000e+00,0.0000000000e+00,0.0000000000e+00,0.0000000000e+00,0.0000000000e+00,0.0000000000e+00,0.0000000000e+00,0.0000000000e+00,0.0000000000e+00,0.0000000000e+00,0.0000000000e+00,0.0000000000e+00,0.0000000000e+00,0.0000000000e+00,0.0000000000e+00,0.0000000000e+00,0.0000000000e+00,0.0000000000e+00,0.0000000000e+00,0.0000000000e+00,0.0000000000e+00,0.0000000000e+00,0.0000000000e+00,0.0000000000e+00,0.0000000000e+00,0.0000000000e+00,0.0000000000e+00,0.0000000000e+00,0.0000000000e+00,0.0000000000e+00,0.0000000000e+00,0.0000000000e+00,0.0000000000e+00,0.0000000000e+00,0.0000000000e+00,0.0000000000e+00,0.0000000000e+00,0.0000000000e+00,0.0000000000e+00,0.0000000000e+00,0.0000000000e+00,0.0000000000e+00,0.0000000000e+00,0.0000000000e+00,0.0000000000e+00,0.0000000000e+00,0.0000000000e+00,0.0000000000e+00,0.0000000000e+00,0.0000000000e+00,0.0000000000e+00,0.0000000000e+00,0.0000000000e+00,0.0000000000e+00,0.0000000000e+00,0.0000000000e+00,0.0000000000e+00,0.0000000000e+00,0.0000000000e+00,0.0000000000e+00,0.0000000000e+00,0.0000000000e+00,0.0000000000e+00,0.0000000000e+00,0.0000000000e+00,0.0000000000e+00,0.0000000000e+00,0.0000000000e+00,0.0000000000e+00,0.0000000000e+00,0.0000000000e+00,0.0000000000e+00,0.0000000000e+00,0.0000000000e+00,0.0000000000e+00,0.0000000000e+00,0.0000000000e+00,0.0000000000e+00,0.0000000000e+00,0.0000000000e+00,0.0000000000e+00,0.0000000000e+00,0.0000000000e+00,0.0000000000e+00
1.3043213867e-01,1.3943130872e+01,1.3943130872e+01,1.3943130872e+01,1.3943130872e+01,1.3943130872e+01,1.3943130872e+01,1.3943130872e+01,1.3943130872e+01,1.3943130872e+01,1.3943130872e+01,1.3943130872e+01,1.3943130872e+01,1.3943130872e+01,1.3943130872e+01,1.3943130872e+01,1.3943130872e+01,1.3943130872e+01,1.3943130872e+01,1.3943130872e+01,1.3943130872e+01,1.3943130872e+01,1.3943130872e+01,1.3943130872e+01,1.3943130872e+01,1.3943130872e+01,1.3943130872e+01,1.3943130872e+01,1.3943130872e+01,1.3943130872e+01,1.3943130872e+01,1.3943130872e+01,1.3943130872e+01,1.3943130872e+01,1.3943130872e+01,1.3943130872e+01,1.3943130872e+01,1.3943130872e+01,1.3943130872e+01,1.3943130872e+01,1.3943130872e+01,1.3943130872e+01,1.3943130872e+01,1.3954556127e+01,1.3972346160e+01,1.3991929723e+01,1.4013490496e+01,1.4037231571e+01,1.4063377628e+01,1.4092177373e+01,1.4123906301e+01,1.4158869791e+01,1.4197406625e+01,1.4239892959e+01,1.4286042255e+01,1.4330099324e+01,1.4378690057e+01,1.4432298202e+01,1.4491462730e+01,1.4556784898e+01,1.4617802936e+01,1.4680259478e+01,1.4749228765e+01,1.4821705126e+01,1.4879917744e+01,1.4944177377e+01,1.5000155205e+01,1.5046080843e+01,1.5084217529e+01,1.5104794272e+01,1.5103843435e+01,1.5083444387e+01,1.5025889768e+01,1.4935904234e+01,1.4812985424e+01,1.4657899174e+01,1.4470987915e+01,1.4247570575e+01,1.3977645150e+01,1.3651540324e+01,1.3258004072e+01,1.2785664823e+01,1.2211592502e+01,1.1544516037e+01,1.0837001071e+01,1.0274368083e+01,1.0211597797e+01,1.0363965060e+01,1.1237955813e+01,1.2326262622e+01,1.3202677667e+01,1.3472446163e+01,1.2752811636e+01,1.1571775374e+01,9.9880774713e+00,7.9881110188e+00,6.4251247940e+00,4.7639593690e+00,2.9972912918e+00,1.3276939415e+00,2.5291222173e-01,1.2765590510e-01,4.9265166422e-02,5.1171847781e-03,1.5851142438e-03,4.4604619917e-04,0.0000000000e+00,0.0000000000e+00,0.0000000000e+00,0.0000000000e+00,0.0000000000e+00,0.0000000000e+00,0.0000000000e+00,0.0000000000e+00,0.0000000000e+00,0.0000000000e+00,0.0000000000e+00,0.0000000000e+00,0.0000000000e+00,0.0000000000e+00,0.0000000000e+00,0.0000000000e+00,0.0000000000e+00,0.0000000000e+00,0.0000000000e+00,0.0000000000e+00,0.0000000000e+00,0.0000000000e+00,0.0000000000e+00,0.0000000000e+00,0.0000000000e+00,0.0000000000e+00,0.0000000000e+00,0.0000000000e+00,0.0000000000e+00,0.0000000000e+00,0.0000000000e+00,0.0000000000e+00,0.0000000000e+00,0.0000000000e+00,0.0000000000e+00,0.0000000000e+00,0.0000000000e+00,0.0000000000e+00,0.0000000000e+00,0.0000000000e+00,0.0000000000e+00,0.0000000000e+00,0.0000000000e+00,0.0000000000e+00,0.0000000000e+00,0.0000000000e+00,0.0000000000e+00,0.0000000000e+00,0.0000000000e+00,0.0000000000e+00,0.0000000000e+00,0.0000000000e+00,0.0000000000e+00,0.0000000000e+00,0.0000000000e+00,0.0000000000e+00,0.0000000000e+00,0.0000000000e+00,0.0000000000e+00,0.0000000000e+00,0.0000000000e+00,0.0000000000e+00,0.0000000000e+00,0.0000000000e+00,0.0000000000e+00,0.0000000000e+00,0.0000000000e+00,0.0000000000e+00,0.0000000000e+00,0.0000000000e+00,0.0000000000e+00,0.0000000000e+00,0.0000000000e+00,0.0000000000e+00,0.0000000000e+00,0.0000000000e+00,0.0000000000e+00,0.0000000000e+00,0.0000000000e+00,0.0000000000e+00,0.0000000000e+00,0.0000000000e+00,0.0000000000e+00,0.0000000000e+00,0.0000000000e+00,0.0000000000e+00,0.0000000000e+00,0.0000000000e+00,0.0000000000e+00,0.0000000000e+00,0.0000000000e+00,0.0000000000e+00,0.0000000000e+00,0.0000000000e+00,0.0000000000e+00
1.3633751836e-01,1.3289559790e+01,1.3289559790e+01,1.3289559790e+01,1.3289559790e+01,1.3289559790e+01,1.3289559790e+01,1.3289559790e+01,1.3289559790e+01,1.3289559790e+01,1.3289559790e+01,1.3289559790e+01,1.3289559790e+01,1.3289559790e+01,1.3289559790e+01,1.3289559790e+01,1.3289559790e+01,1.3289559790e+01,1.3289559790e+01,1.3289559790e+01,1.3289559790e+01,1.3289559790e+01,1.3289559790e+01,1.3289559790e+01,1.3289559790e+01,1.3289559790e+01,1.3289559790e+01,1.3289559790e+01,1.3289559790e+01,1.3289559790e+01,1.3289559790e+01,1.3289559790e+01,1.3289559790e+01,1.3289559790e+01,1.3289559790e+01,1.3289559790e+01,1.3289559790e+01,1.3289559790e+01,1.3289559790e+01,1.3289559790e+01,1.3289559790e+01,1.3289559790e+01,1.3289559790e+01,1.3299906530e+01,1.3316016391e+01,1.3333749210e+01,1.3353270952e+01,1.3374765071e+01,1.3398434457e+01,1.3424503625e+01,1.3453221178e+01,1.3484862579e+01,1.3519733289e+01,1.3558172305e+01,1.3599930588e+01,1.3639905113e+01,1.3683986520e+01,1.3732611620e+01,1.3786266806e+01,1.3845494328e+01,1.3901016614e+01,1.3957946376e+01,1.4020800921e+01,1.4086925079e+01,1.4140561239e+01,1.4199761590e+01,1.4251829974e+01,1.4295220937e+01,1.4331980514e+01,1.4353472482e+01,1.4356241504e+01,1.4342150047e+01,1.4295547413e+01,1.4220587629e+01,1.4116783365e+01,1.3984756694e+01,1.3824802932e+01,1.3632806412e+01,1.3399940497e+01,1.3117546955e+01,1.2775441867e+01,1.2363200389e+01,1.1859949798e+01,1.1273253508e+01,1.0651598710e+01,1.0165310775e+01,1.0141157689e+01,1.0324928529e+01,1.1184771781e+01,1.2252622826e+01,1.3133947380e+01,1.3425000725e+01,1.2728199917e+01,1.1582581731e+01,1.0047118407e+01,8.1013208195e+00,6.5578465440e+00,4.9033364303e+00,3.1197533978e+00,1.4074645414e+00,2.8124088384e-01,1.4447224837e-01,5.6741494732e-02,5.7723919536e-03,1.7844255480e-03,5.0548948773e-04,0.0000000000e+00,0.0000000000e+00,0.0000000000e+00,0.0000000000e+00,0.0000000000e+00,0.0000000000e+00,0.0000000000e+00,0.0000000000e+00,0.0000000000e+00,0.0000000000e+00,0.0000000000e+00,0.0000000000e+00,0.0000000000e+00,0.0000000000e+00,0.0000000000e+00,0.0000000000e+00,0.0000000000e+00,0.0000000000e+00,0.0000000000e+00,0.0000000000e+00,0.0000000000e+00,0.0000000000e+00,0.0000000000e+00,0.0000000000e+00,0.0000000000e+00,0.0000000000e+00,0.0000000000e+00,0.0000000000e+00,0.0000000000e+00,0.0000000000e+00,0.0000000000e+00,0.0000000000e+00,0.0000000000e+00,0.0000000000e+00,0.0000000000e+00,0.0000000000e+00,0.0000000000e+00,0.0000000000e+00,0.0000000000e+00,0.0000000000e+00,0.0000000000e+00,0.0000000000e+00,0.0000000000e+00,0.0000000000e+00,0.0000000000e+00,0.0000000000e+00,0.0000000000e+00,0.0000000000e+00,0.0000000000e+00,0.0000000000e+00,0.0000000000e+00,0.0000000000e+00,0.0000000000e+00,0.0000000000e+00,0.0000000000e+00,0.0000000000e+00,0.0000000000e+00,0.0000000000e+00,0.0000000000e+00,0.0000000000e+00,0.0000000000e+00,0.0000000000e+00,0.0000000000e+00,0.0000000000e+00,0.0000000000e+00,0.0000000000e+00,0.0000000000e+00,0.0000000000e+00,0.0000000000e+00,0.0000000000e+00,0.0000000000e+00,0.0000000000e+00,0.0000000000e+00,0.0000000000e+00,0.0000000000e+00,0.0000000000e+00,0.0000000000e+00,0.0000000000e+00,0.0000000000e+00,0.0000000000e+00,0.0000000000e+00,0.0000000000e+00,0.0000000000e+00,0.0000000000e+00,0.0000000000e+00,0.0000000000e+00,0.0000000000e+00,0.0000000000e+00,0.0000000000e+00,0.0000000000e+00,0.0000000000e+00,0.0000000000e+00,0.0000000000e+00,0.0000000000e+00,0.0000000000e+00
1.4251026703e-01,1.2727503659e+01,1.2727503659e+01,1.2727503659e+01,1.2727503659e+01,1.2727503659e+01,1.2727503659e+01,1.2727503659e+01,1.2727503659e+01,1.2727503659e+01,1.2727503659e+01,1.2727503659e+01,1.2727503659e+01,1.2727503659e+01,1.2727503659e+01,1.2727503659e+01,1.2727503659e+01,1.2727503659e+01,1.2727503659e+01,1.2727503659e+01,1.2727503659e+01,1.2727503659e+01,1.2727503659e+01,1.2727503659e+01,1.2727503659e+01,1.2727503659e+01,1.2727503659e+01,1.2727503659e+01,1.2727503659e+01,1.2727503659e+01,1.2727503659e+01,1.2727503659e+01,1.2727503659e+01,1.2727503659e+01,1.2727503659e+01,1.2727503659e+01,1.2727503659e+01,1.2727503659e+01,1.2727503659e+01,1.2727503659e+01,1.2727503659e+01,1.2727503659e+01,1.2727503659e+01,1.2736915320e+01,1.2751568533e+01,1.2767696928e+01,1.2785451144e+01,1.2804997649e+01,1.2826520493e+01,1.2850223277e+01,1.2876331371e+01,1.2905094396e+01,1.2936789041e+01,1.2971722232e+01,1.3009677105e+01,1.3046111541e+01,1.3086283324e+01,1.3130588740e+01,1.3179468807e+01,1.3233414880e+01,1.3284168185e+01,1.3336298751e+01,1.3393844344e+01,1.3454451267e+01,1.3504094174e+01,1.3558880264e+01,1.3607517943e+01,1.3648654467e+01,1.3684146985e+01,1.3706334656e+01,1.3712198551e+01,1.3703416357e+01,1.3666105848e+01,1.3603941680e+01,1.3516462504e+01,1.3404182835e+01,1.3267367750e+01,1.3102393847e+01,1.2901454394e+01,1.2656791405e+01,1.2359190365e+01,1.1999114780e+01,1.1557578541e+01,1.1041233012e+01,1.0494929281e+01,1.0075439619e+01,1.0083802267e+01,1.0292670894e+01,1.1134614201e+01,1.2177914394e+01,1.3057859260e+01,1.3364225980e+01,1.2686485547e+01,1.1573128469e+01,1.0084297767e+01,8.1938906443e+00,6.6723566278e+00,5.0290202653e+00,3.2345911597e+00,1.4860236838e+00,3.1172384427e-01,1.6295182998e-01,6.5140234582e-02,6.5407343852e-03,2.0193057859e-03,5.7687969095e-04,0.0000000000e+00,0.0000000000e+00,0.0000000000e+00,0.0000000000e+00,0.0000000000e+00,0.0000000000e+00,0.0000000000e+00,0.0000000000e+00,0.0000000000e+00,0.0000000000e+00,0.0000000000e+00,0.0000000000e+00,0.0000000000e+00,0.0000000000e+00,0.0000000000e+00,0.0000000000e+00,0.0000000000e+00,0.0000000000e+00,0.0000000000e+00,0.0000000000e+00,0.0000000000e+00,0.0000000000e+00,0.0000000000e+00,0.0000000000e+00,0.0000000000e+00,0.0000000000e+00,0.0000000000e+00,0.0000000000e+00,0.0000000000e+00,0.0000000000e+00,0.0000000000e+00,0.0000000000e+00,0.0000000000e+00,0.0000000000e+00,0.0000000000e+00,0.0000000000e+00,0.0000000000e+00,0.0000000000e+00,0.0000000000e+00,0.0000000000e+00,0.0000000000e+00,0.0000000000e+00,0.0000000000e+00,0.0000000000e+00,0.0000000000e+00,0.0000000000e+00,0.0000000000e+00,0.0000000000e+00,0.0000000000e+00,0.0000000000e+00,0.0000000000e+00,0.0000000000e+00,0.0000000000e+00,0.0000000000e+00,0.0000000000e+00,0.0000000000e+00,0.0000000000e+00,0.0000000000e+00,0.0000000000e+00,0.0000000000e+00,0.0000000000e+00,0.0000000000e+00,0.0000000000e+00,0.0000000000e+00,0.0000000000e+00,0.0000000000e+00,0.0000000000e+00,0.0000000000e+00,0.0000000000e+00,0.0000000000e+00,0.0000000000e+00,0.0000000000e+00,0.0000000000e+00,0.0000000000e+00,0.0000000000e+00,0.0000000000e+00,0.0000000000e+00,0.0000000000e+00,0.0000000000e+00,0.0000000000e+00,0.0000000000e+00,0.0000000000e+00,0.0000000000e+00,0.0000000000e+00,0.0000000000e+00,0.0000000000e+00,0.0000000000e+00,0.0000000000e+00,0.0000000000e+00,0.0000000000e+00,0.0000000000e+00,0.0000000000e+00,0.0000000000e+00,0.0000000000e+00,0.0000000000e+00
1.4896248996e-01,1.2243727585e+01,1.2243727585e+01,1.2243727585e+01,1.2243727585e+01,1.2243727585e+01,1.2243727585e+01,1.2243727585e+01,1.2243727585e+01,1.2243727585e+01,1.2243727585e+01,1.2243727585e+01,1.2243727585e+01,1.2243727585e+01,1.2243727585e+01,1.2243727585e+01,1.2243727585e+01,1.2243727585e+01,1.2243727585e+01,1.2243727585e+01,1.2243727585e+01,1.2243727585e+01,1.2243727585e+01,1.2243727585e+01,1.2243727585e+01,1.2243727585e+01,1.2243727585e+01,1.2243727585e+01,1.2243727585e+01,1.2243727585e+01,1.2243727585e+01,1.2243727585e+01,1.2243727585e+01,1.2243727585e+01,1.2243727585e+01,1.2243727585e+01,1.2243727585e+01,1.2243727585e+01,1.2243727585e+01,1.2243727585e+01,1.2243727585e+01,1.2243727585e+01,1.2243727585e+01,1.2252323862e+01,1.2265706946e+01,1.2280436446e+01,1.2296649665e+01,1.2314498293e+01,1.2334149997e+01,1.2355790195e+01,1.2379624061e+01,1.2405878766e+01,1.2434806011e+01,1.2466684882e+01,1.2501326310e+01,1.2534673686e+01,1.2571436626e+01,1.2611976225e+01,1.2656694116e+01,1.2706037506e+01,1.2752629555e+01,1.2800569915e+01,1.2853480916e+01,1.2909269741e+01,1.2955410535e+01,1.3006325531e+01,1.3051938593e+01,1.3091063064e+01,1.3125390785e+01,1.3148104119e+01,1.3156557855e+01,1.3152271233e+01,1.3122890801e+01,1.3071685681e+01,1.2998227440e+01,1.2902950382e+01,1.2786101155e+01,1.2644485912e+01,1.2471185464e+01,1.2259242872e+01,1.2000322759e+01,1.1685717327e+01,1.1298167664e+01,1.0843608345e+01,1.0363624907e+01,1.0002696295e+01,1.0038345565e+01,1.0266913341e+01,1.1087965779e+01,1.2103412627e+01,1.2976503001e+01,1.3292838767e+01,1.2630799761e+01,1.1546670449e+01,1.0102539728e+01,8.2678788775e+00,6.7701084771e+00,5.1417789136e+00,3.3419463778e+00,1.5632485885e+00,3.4444245725e-01,1.8318628547e-01,7.4535745998e-02,7.4449534153e-03,2.2984365790e-03,6.6296271163e-04,0.0000000000e+00,0.0000000000e+00,0.0000000000e+00,0.0000000000e+00,0.0000000000e+00,0.0000000000e+00,0.0000000000e+00,0.0000000000e+00,0.0000000000e+00,0.0000000000e+00,0.0000000000e+00,0.0000000000e+00,0.0000000000e+00,0.0000000000e+00,0.0000000000e+00,0.0000000000e+00,0.0000000000e+00,0.0000000000e+00,0.0000000000e+00,0.0000000000e+00,0.0000000000e+00,0.0000000000e+00,0.0000000000e+00,0.0000000000e+00,0.0000000000e+00,0.0000000000e+00,0.0000000000e+00,0.0000000000e+00,0.0000000000e+00,0.0000000000e+00,0.0000000000e+00,0.0000000000e+00,0.0000000000e+00,0.0000000000e+00,0.0000000000e+00,0.0000000000e+00,0.0000000000e+00,0.0000000000e+00,0.0000000000e+00,0.0000000000e+00,0.0000000000e+00,0.0000000000e+00,0.0000000000e+00,0.0000000000e+00,0.0000000000e+00,0.0000000000e+00,0.0000000000e+00,0.0000000000e+00,0.0000000000e+00,0.0000000000e+00,0.0000000000e+00,0.0000000000e+00,0.0000000000e+00,0.0000000000e+00,0.0000000000e+00,0.0000000000e+00,0.0000000000e+00,0.0000000000e+00,0.0000000000e+00,0.0000000000e+00,0.0000000000e+00,0.0000000000e+00,0.0000000000e+00,0.0000000000e+00,0.0000000000e+00,0.0000000000e+00,0.0000000000e+00,0.0000000000e+00,0.0000000000e+00,0.0000000000e+00,0.0000000000e+00,0.0000000000e+00,0.0000000000e+00,0.0000000000e+00,0.0000000000e+00,0.0000000000e+00,0.0000000000e+00,0.0000000000e+00,0.0000000000e+00,0.0000000000e+00,0.0000000000e+00,0.0000000000e+00,0.0000000000e+00,0.0000000000e+00,0.0000000000e+00,0.0000000000e+00,0.0000000000e+00,0.0000000000e+00,0.0000000000e+00,0.0000000000e+00,0.0000000000e+00,0.0000000000e+00,0.0000000000e+00,0.0000000000e+00,0.0000000000e+00
1.5570684048e-01,1.2447937435e+01,1.2447937435e+01,1.2447937435e+01,1.2447937435e+01,1.2447937435e+01,1.2447937435e+01,1.2447937435e+01,1.2447937435e+01,1.2447937435e+01,1.2447937435e+01,1.2447937435e+01,1.2447937435e+01,1.2447937435e+01,1.2447937435e+01,1.2447937435e+01,1.2447937435e+01,1.2447937435e+01,1.2447937435e+01,1.2447937435e+01,1.2447937435e+01,1.2447937435e+01,1.2447937435e+01,1.2447937435e+01,1.2447937435e+01,1.2447937435e+01,1.2447937435e+01,1.2447937435e+01,1.2447937435e+01,1.2447937435e+01,1.2447937435e+01,1.2447937435e+01,1.2447937435e+01,1.2447937435e+01,1.2447937435e+01,1.2447937435e+01,1.2447937435e+01,1.2447937435e+01,1.2447937435e+01,1.2447937435e+01,1.2447937435e+01,1.2447937435e+01,1.2447937435e+01,1.2447937435e+01,1.2447937435e+01,1.2447937435e+01,1.2447937435e+01,1.2447937435e+01,1.2447937435e+01,1.2447937435e+01,1.2447937435e+01,1.2447937435e+01,1.2447937435e+01,1.2447937435e+01,1.2447937435e+01,1.2447937435e+01,1.2447937435e+01,1.2447937435e+01,1.2447937435e+01,1.2447937435e+01,1.2447937435e+01,1.2463589924e+01,1.2480993969e+01,1.2500155069e+01,1.2521253682e+01,1.2544489440e+01,1.2570083322e+01,1.2598280097e+01,1.2629351082e+01,1.2663597259e+01,1.2701352802e+01,1.2742989089e+01,1.2744706820e+01,1.2674517249e+01,1.2597800662e+01,1.2513998374e+01,1.2422513867e+01,1.2322712385e+01,1.2145221281e+01,1.1952838762e+01,1.1744858616e+01,1.1469226495e+01,1.1108715222e+01,1.0725451637e+01,1.0384104214e+01,1.0038722326e+01,1.0027744114e+01,1.0201924804e+01,1.1061541937e+01,1.2013856169e+01,1.2840860692e+01,1.3165941372e+01,1.2499793802e+01,1.1442663627e+01,1.0071240369e+01,8.3062081862e+00,6.8252784215e+00,5.2379457064e+00,3.4410305623e+00,1.6284763623e+00,4.2607137114e-01,2.1867687118e-01,8.8027560556e-02,8.9494858591e-03,4.3276776250e-04,0.0000000000e+00,0.0000000000e+00,0.0000000000e+00,0.0000000000e+00,0.0000000000e+00,0.0000000000e+00,0.0000000000e+00,0.0000000000e+00,0.0000000000e+00,0.0000000000e+00,0.0000000000e+00,0.0000000000e+00,0.0000000000e+00,0.0000000000e+00,0.0000000000e+00,0.0000000000e+00,0.0000000000e+00,0.0000000000e+00,0.0000000000e+00,0.0000000000e+00,0.0000000000e+00,0.0000000000e+00,0.0000000000e+00,0.0000000000e+00,0.0000000000e+00,0.0000000000e+00,0.0000000000e+00,0.0000000000e+00,0.0000000000e+00,0.0000000000e+00,0.0000000000e+00,0.0000000000e+00,0.0000000000e+00,0.0000000000e+00,0.0000000000e+00,0.0000000000e+00,0.0000000000e+00,0.0000000000e+00,0.0000000000e+00,0.0000000000e+00,0.0000000000e+00,0.0000000000e+00,0.0000000000e+00,0.0000000000e+00,0.0000000000e+00,0.0000000000e+00,0.0000000000e+00,0.0000000000e+00,0.0000000000e+00,0.0000000000e+00,0.0000000000e+00,0.0000000000e+00,0.0000000000e+00,0.0000000000e+00,0.0000000000e+00,0.0000000000e+00,0.0000000000e+00,0.0000000000e+00,0.0000000000e+00,0.0000000000e+00,0.0000000000e+00,0.0000000000e+00,0.0000000000e+00,0.0000000000e+00,0.0000000000e+00,0.0000000000e+00,0.0000000000e+00,0.0000000000e+00,0.0000000000e+00,0.0000000000e+00,0.0000000000e+00,0.0000000000e+00,0.0000000000e+00,0.0000000000e+00,0.0000000000e+00,0.0000000000e+00,0.0000000000e+00,0.0000000000e+00,0.0000000000e+00,0.0000000000e+00,0.0000000000e+00,0.0000000000e+00,0.0000000000e+00,0.0000000000e+00,0.0000000000e+00,0.0000000000e+00,0.0000000000e+00,0.0000000000e+00,0.0000000000e+00,0.0000000000e+00,0.0000000000e+00,0.0000000000e+00,0.0000000000e+00,0.0000000000e+00,0.0000000000e+00,0.0000000000e+00
1.6275654480e-01,1.1469006285e+01,1.1469006285e+01,1.1469006285e+01,1.1469006285e+01,1.1469006285e+01,1.1469006285e+01,1.1469006285e+01,1.1469006285e+01,1.1469006285e+01,1.1469006285e+01,1.1469006285e+01,1.1469006285e+01,1.1469006285e+01,1.1469006285e+01,1.1469006285e+01,1.1469006285e+01,1.1469006285e+01,1.1469006285e+01,1.1469006285e+01,1.1469006285e+01,1.1469006285e+01,1.1469006285e+01,1.1469006285e+01,1.1469006285e+01,1.1469006285e+01,1.1469006285e+01,1.1469006285e+01,1.1469006285e+01,1.1469006285e+01,1.1469006285e+01,1.1469006285e+01,1.1469006285e+01,1.1469006285e+01,1.1469006285e+01,1.1469006285e+01,1.1469006285e+01,1.1469006285e+01,1.1469006285e+01,1.1469006285e+01,1.1469006285e+01,1.1469006285e+01,1.1469006285e+01,1.1476256859e+01,1.1487543883e+01,1.1499965030e+01,1.1513635659e+01,1.1528683154e+01,1.1545248243e+01,1.1563486462e+01,1.1583569812e+01,1.1605688601e+01,1.1630053529e+01,1.1656898029e+01,1.1686078285e+01,1.1714330519e+01,1.1745468305e+01,1.1779795002e+01,1.1817647673e+01,1.1859401203e+01,1.1899118729e+01,1.1940130442e+01,1.1985379607e+01,1.2033198968e+01,1.2073510102e+01,1.2117981807e+01,1.2158520536e+01,1.2194208829e+01,1.2226464100e+01,1.2249841699e+01,1.2262296013e+01,1.2265090788e+01,1.2248360221e+01,1.2214731845e+01,1.2163853084e+01,1.2096054606e+01,1.2011567853e+01,1.1907903774e+01,1.1779595247e+01,1.1621035820e+01,1.1425408947e+01,1.1185487996e+01,1.0887035336e+01,1.0534966237e+01,1.0165225092e+01,9.9008859427e+00,9.9781684004e+00,1.0232837317e+01,1.1005474824e+01,1.1957802872e+01,1.2803544461e+01,1.3126072880e+01,1.2487045368e+01,1.1453152237e+01,1.0092029523e+01,8.3674376214e+00,6.9208312557e+00,5.3317138444e+00,3.5350737850e+00,1.7133457332e+00,4.1685388277e-01,2.2924599552e-01,9.6602364326e-02,9.7685543682e-03,3.0340705609e-03,8.9392012220e-04,0.0000000000e+00,0.0000000000e+00,0.0000000000e+00,0.0000000000e+00,0.0000000000e+00,0.0000000000e+00,0.0000000000e+00,0.0000000000e+00,0.0000000000e+00,0.0000000000e+00,0.0000000000e+00,0.0000000000e+00,0.0000000000e+00,0.0000000000e+00,0.0000000000e+00,0.0000000000e+00,0.0000000000e+00,0.0000000000e+00,0.0000000000e+00,0.0000000000e+00,0.0000000000e+00,0.0000000000e+00,0.0000000000e+00,0.0000000000e+00,0.0000000000e+00,0.0000000000e+00,0.0000000000e+00,0.0000000000e+00,0.0000000000e+00,0.0000000000e+00,0.0000000000e+00,0.0000000000e+00,0.0000000000e+00,0.0000000000e+00,0.0000000000e+00,0.0000000000e+00,0.0000000000e+00,0.0000000000e+00,0.0000000000e+00,0.0000000000e+00,0.0000000000e+00,0.0000000000e+00,0.0000000000e+00,0.0000000000e+00,0.0000000000e+00,0.0000000000e+00,0.0000000000e+00,0.0000000000e+00,0.0000000000e+00,0.0000000000e+00,0.0000000000e+00,0.0000000000e+00,0.0000000000e+00,0.0000000000e+00,0.0000000000e+00,0.0000000000e+00,0.0000000000e+00,0.0000000000e+00,0.0000000000e+00,0.0000000000e+00,0.0000000000e+00,0.0000000000e+00,0.0000000000e+00,0.0000000000e+00,0.0000000000e+00,0.0000000000e+00,0.0000000000e+00,0.0000000000e+00,0.0000000000e+00,0.0000000000e+00,0.0000000000e+00,0.0000000000e+00,0.0000000000e+00,0.0000000000e+00,0.0000000000e+00,0.0000000000e+00,0.0000000000e+00,0.0000000000e+00,0.0000000000e+00,0.0000000000e+00,0.0000000000e+00,0.0000000000e+00,0.0000000000e+00,0.0000000000e+00,0.0000000000e+00,0.0000000000e+00,0.0000000000e+00,0.0000000000e+00,0.0000000000e+00,0.0000000000e+00,0.0000000000e+00,0.0000000000e+00,0.0000000000e+00,0.0000000000e+00,0.0000000000e+00
1.7012542799e-01,1.1161187586e+01,1.1161187586e+01,1.1161187586e+01,1.1161187586e+01,1.1161187586e+01,1.1161187586e+01,1.1161187586e+01,1.1161187586e+01,1.1161187586e+01,1.1161187586e+01,1.1161187586e+01,1.1161187586e+01,1.1161187586e+01,1.1161187586e+01,1.1161187586e+01,1.1161187586e+01,1.1161187586e+01,1.1161187586e+01,1.1161187586e+01,1.1161187586e+01,1.1161187586e+01,1.1161187586e+01,1.1161187586e+01,1.1161187586e+01,1.1161187586e+01,1.1161187586e+01,1.1161187586e+01,1.1161187586e+01,1.1161187586e+01,1.1161187586e+01,1.1161187586e+01,1.1161187586e+01,1.1161187586e+01,1.1161187586e+01,1.1161187586e+01,1.1161187586e+01,1.1161187586e+01,1.1161187586e+01,1.1161187586e+01,1.1161187586e+01,1.1161187586e+01,1.1161187586e+01,1.1167878835e+01,1.1178294718e+01,1.1189756580e+01,1.1202370687e+01,1.1216254357e+01,1.1231537160e+01,1.1248362269e+01,1.1266887959e+01,1.1287289301e+01,1.1309760051e+01,1.1334514791e+01,1.1361428211e+01,1.1387562133e+01,1.1416361713e+01,1.1448106451e+01,1.1483106749e+01,1.1521707656e+01,1.1558563483e+01,1.1596687833e+01,1.1638744782e+01,1.1683241528e+01,1.1721103879e+01,1.1762869285e+01,1.1801257023e+01,1.1835459171e+01,1.1866778380e+01,1.1890331720e+01,1.1904314892e+01,1.1909887832e+01,1.1898201294e+01,1.1871627193e+01,1.1829852274e+01,1.1773174744e+01,1.1701824559e+01,1.1613601633e+01,1.1503633112e+01,1.1366881295e+01,1.1197183552e+01,1.0987969479e+01,1.0726317163e+01,1.0416776320e+01,1.0092829864e+01,9.8681950380e+00,9.9609138527e+00,1.0223150965e+01,1.0969169928e+01,1.1887225669e+01,1.2713676485e+01,1.3033471091e+01,1.2402572997e+01,1.1390244116e+01,1.0067400105e+01,8.3962810327e+00,6.9764035528e+00,5.4105389476e+00,3.6214258931e+00,1.7861257915e+00,4.5665001607e-01,2.5521085381e-01,1.0940690656e-01,1.1250754454e-02,3.5187913074e-03,1.0484962962e-03,0.0000000000e+00,0.0000000000e+00,0.0000000000e+00,0.0000000000e+00,0.0000000000e+00,0.0000000000e+00,0.0000000000e+00,0.0000000000e+00,0.0000000000e+00,0.0000000000e+00,0.0000000000e+00,0.0000000000e+00,0.0000000000e+00,0.0000000000e+00,0.0000000000e+00,0.0000000000e+00,0.0000000000e+00,0.0000000000e+00,0.0000000000e+00,0.0000000000e+00,0.0000000000e+00,0.0000000000e+00,0.0000000000e+00,0.0000000000e+00,0.0000000000e+00,0.0000000000e+00,0.0000000000e+00,0.0000000000e+00,0.0000000000e+00,0.0000000000e+00,0.0000000000e+00,0.0000000000e+00,0.0000000000e+00,0.0000000000e+00,0.0000000000e+00,0.0000000000e+00,0.0000000000e+00,0.0000000000e+00,0.0000000000e+00,0.0000000000e+00,0.0000000000e+00,0.0000000000e+00,0.0000000000e+00,0.0000000000e+00,0.0000000000e+00,0.0000000000e+00,0.0000000000e+00,0.0000000000e+00,0.0000000000e+00,0.0000000000e+00,0.0000000000e+00,0.0000000000e+00,0.0000000000e+00,0.0000000000e+00,0.0000000000e+00,0.0000000000e+00,0.0000000000e+00,0.0000000000e+00,0.0000000000e+00,0.0000000000e+00,0.0000000000e+00,0.0000000000e+00,0.0000000000e+00,0.0000000000e+00,0.0000000000e+00,0.0000000000e+00,0.0000000000e+00,0.0000000000e+00,0.0000000000e+00,0.0000000000e+00,0.0000000000e+00,0.0000000000e+00,0.0000000000e+00,0.0000000000e+00,0.0000000000e+00,0.0000000000e+00,0.0000000000e+00,0.0000000000e+00,0.0000000000e+00,0.0000000000e+00,0.0000000000e+00,0.0000000000e+00,0.0000000000e+00,0.0000000000e+00,0.0000000000e+00,0.0000000000e+00,0.0000000000e+00,0.0000000000e+00,0.0000000000e+00,0.0000000000e+00,0.0000000000e+00,0.0000000000e+00,0.0000000000e+00,0.0000000000e+00,0.0000000000e+00
1.7782794100e-01,1.0897235643e+01,1.0897235643e+01,1.0897235643e+01,1.0897235643e+01,1.0897235643e+01,1.0897235643e+01,1.0897235643e+01,1.0897235643e+01,1.0897235643e+01,1.0897235643e+01,1.0897235643e+01,1.0897235643e+01,1.0897235643e+01,1.0897235643e+01,1.0897235643e+01,1.0897235643e+01,1.0897235643e+01,1.0897235643e+01,1.0897235643e+01,1.0897235643e+01,1.0897235643e+01,1.0897235643e+01,1.0897235643e+01,1.0897235643e+01,1.0897235643e+01,1.0897235643e+01,1.0897235643e+01,1.0897235643e+01,1.0897235643e+01,1.0897235643e+01,1.0897235643e+01,1.0897235643e+01,1.0897235643e+01,1.0897235643e+01,1.0897235643e+01,1.0897235643e+01,1.0897235643e+01,1.0897235643e+01,1.0897235643e+01,1.0897235643e+01,1.0897235643e+01,1.0897235643e+01,1.0903428010e+01,1.0913066928e+01,1.0923673261e+01,1.0935345179e+01,1.0948191039e+01,1.0962330489e+01,1.0977895701e+01,1.0995032747e+01,1.1013903151e+01,1.1034685616e+01,1.1057577976e+01,1.1082471211e+01,1.1106714894e+01,1.1133428277e+01,1.1162869656e+01,1.1195325748e+01,1.1231115105e+01,1.1265414359e+01,1.1300956931e+01,1.1340159906e+01,1.1381684405e+01,1.1417343130e+01,1.1456673314e+01,1.1493111636e+01,1.1525946282e+01,1.1556377175e+01,1.1580016391e+01,1.1595269883e+01,1.1603206252e+01,1.1595871202e+01,1.1575414599e+01,1.1541561828e+01,1.1494587205e+01,1.1434721157e+01,1.1360017684e+01,1.1266126333e+01,1.1148517948e+01,1.1001621986e+01,1.0819471430e+01,1.0590343661e+01,1.0318488141e+01,1.0035121235e+01,9.8453662045e+00,9.9505172275e+00,1.0217299684e+01,1.0935566150e+01,1.1818076403e+01,1.2622194412e+01,1.2936003197e+01,1.2311498226e+01,1.1318772756e+01,1.0032163775e+01,8.4131209542e+00,7.0204232086e+00,5.4797241365e+00,3.7014470008e+00,1.8573909262e+00,4.9888822020e-01,2.8320831694e-01,1.2347340404e-01,1.2994948849e-02,4.1048800484e-03,1.2375403130e-03,0.0000000000e+00,0.0000000000e+00,0.0000000000e+00,0.0000000000e+00,0.0000000000e+00,0.0000000000e+00,0.0000000000e+00,0.0000000000e+00,0.0000000000e+00,0.0000000000e+00,0.0000000000e+00,0.0000000000e+00,0.0000000000e+00,0.0000000000e+00,0.0000000000e+00,0.0000000000e+00,0.0000000000e+00,0.0000000000e+00,0.0000000000e+00,0.0000000000e+00,0.0000000000e+00,0.0000000000e+00,0.0000000000e+00,0.0000000000e+00,0.0000000000e+00,0.0000000000e+00,0.0000000000e+00,0.0000000000e+00,0.0000000000e+00,0.0000000000e+00,0.0000000000e+00,0.0000000000e+00,0.0000000000e+00,0.0000000000e+00,0.0000000000e+00,0.0000000000e+00,0.0000000000e+00,0.0000000000e+00,0.0000000000e+00,0.0000000000e+00,0.0000000000e+00,0.0000000000e+00,0.0000000000e+00,0.0000000000e+00,0.0000000000e+00,0.0000000000e+00,0.0000000000e+00,0.0000000000e+00,0.0000000000e+00,0.0000000000e+00,0.0000000000e+00,0.0000000000e+00,0.0000000000e+00,0.0000000000e+00,0.0000000000e+00,0.0000000000e+00,0.0000000000e+00,0.0000000000e+00,0.0000000000e+00,0.0000000000e+00,0.0000000000e+00,0.0000000000e+00,0.0000000000e+00,0.0000000000e+00,0.0000000000e+00,0.0000000000e+00,0.0000000000e+00,0.0000000000e+00,0.0000000000e+00,0.0000000000e+00,0.0000000000e+00,0.0000000000e+00,0.0000000000e+00,0.0000000000e+00,0.0000000000e+00,0.0000000000e+00,0.0000000000e+00,0.0000000000e+00,0.0000000000e+00,0.0000000000e+00,0.0000000000e+00,0.0000000000e+00,0.0000000000e+00,0.0000000000e+00,0.0000000000e+00,0.0000000000e+00,0.0000000000e+00,0.0000000000e+00,0.0000000000e+00,0.0000000000e+00,0.0000000000e+00,0.0000000000e+00,0.0000000000e+00,0.0000000000e+00,0.0000000000e+00
1.8587918911e-01,1.0671470890e+01,1.0671470890e+01,1.0671470890e+01,1.0671470890e+01,1.0671470890e+01,1.0671470890e+01,1.0671470890e+01,1.0671470890e+01,1.0671470890e+01,1.0671470890e+01,1.0671470890e+01,1.0671470890e+01,1.0671470890e+01,1.0671470890e+01,1.0671470890e+01,1.0671470890e+01,1.0671470890e+01,1.0671470890e+01,1.0671470890e+01,1.0671470890e+01,1.0671470890e+01,1.0671470890e+01,1.0671470890e+01,1.0671470890e+01,1.0671470890e+01,1.0671470890e+01,1.0671470890e+01,1.0671470890e+01,1.0671470890e+01,1.0671470890e+01,1.0671470890e+01,1.0671470890e+01,1.0671470890e+01,1.0671470890e+01,1.0671470890e+01,1.0671470890e+01,1.0671470890e+01,1.0671470890e+01,1.0671470890e+01,1.0671470890e+01,1.0671470890e+01,1.0671470890e+01,1.0677215773e+01,1.0686157803e+01,1.0695996825e+01,1.0706823760e+01,1.0718738949e+01,1.0731853157e+01,1.0746288717e+01,1.0762180790e+01,1.0779678787e+01,1.0798947959e+01,1.0820171183e+01,1.0843253806e+01,1.0865800740e+01,1.0890641711e+01,1.0918016054e+01,1.0948189317e+01,1.0981456386e+01,1.1013457267e+01,1.1046676328e+01,1.1083311181e+01,1.1122159254e+01,1.1155819717e+01,1.1192941756e+01,1.1227597779e+01,1.1259160559e+01,1.1288737585e+01,1.1312378847e+01,1.1328674101e+01,1.1338611054e+01,1.1335026300e+01,1.1319875562e+01,1.1292921396e+01,1.1254420468e+01,1.1204604555e+01,1.1141751381e+01,1.1061970701e+01,1.0961188490e+01,1.0834370124e+01,1.0676102026e+01,1.0475753826e+01,1.0237323245e+01,9.9899291364e+00,9.8307808121e+00,9.9457153674e+00,1.0214410877e+01,1.0904074557e+01,1.1750097298e+01,1.2529307093e+01,1.2834314095e+01,1.2214821020e+01,1.1240051081e+01,9.9877764239e+00,8.4192706781e+00,7.0540486429e+00,5.5401150230e+00,3.7755516543e+00,1.9271829350e+00,5.4358976000e-01,3.1328201304e-01,1.3885599445e-01,1.5042661096e-02,4.8139123141e-03,1.4691283178e-03,0.0000000000e+00,0.0000000000e+00,0.0000000000e+00,0.0000000000e+00,0.0000000000e+00,0.0000000000e+00,0.0000000000e+00,0.0000000000e+00,0.0000000000e+00,0.0000000000e+00,0.0000000000e+00,0.0000000000e+00,0.0000000000e+00,0.0000000000e+00,0.0000000000e+00,0.0000000000e+00,0.0000000000e+00,0.0000000000e+00,0.0000000000e+00,0.0000000000e+00,0.0000000000e+00,0.0000000000e+00,0.0000000000e+00,0.0000000000e+00,0.0000000000e+00,0.0000000000e+00,0.0000000000e+00,0.0000000000e+00,0.0000000000e+00,0.0000000000e+00,0.0000000000e+00,0.0000000000e+00,0.0000000000e+00,0.0000000000e+00,0.0000000000e+00,0.0000000000e+00,0.0000000000e+00,0.0000000000e+00,0.0000000000e+00,0.0000000000e+00,0.0000000000e+00,0.0000000000e+00,0.0000000000e+00,0.0000000000e+00,0.0000000000e+00,0.0000000000e+00,0.0000000000e+00,0.0000000000e+00,0.0000000000e+00,0.0000000000e+00,0.0000000000e+00,0.0000000000e+00,0.0000000000e+00,0.0000000000e+00,0.0000000000e+00,0.0000000000e+00,0.0000000000e+00,0.0000000000e+00,0.0000000000e+00,0.0000000000e+00,0.0000000000e+00,0.0000000000e+00,0.0000000000e+00,0.0000000000e+00,0.0000000000e+00,0.0000000000e+00,0.0000000000e+00,0.0000000000e+00,0.0000000000e+00,0.0000000000e+00,0.0000000000e+00,0.0000000000e+00,0.0000000000e+00,0.0000000000e+00,0.0000000000e+00,0.0000000000e+00,0.0000000000e+00,0.0000000000e+00,0.0000000000e+00,0.0000000000e+00,0.0000000000e+00,0.0000000000e+00,0.0000000000e+00,0.0000000000e+00,0.0000000000e+00,0.0000000000e+00,0.0000000000e+00,0.0000000000e+00,0.0000000000e+00,0.0000000000e+00,0.0000000000e+00,0.0000000000e+00,0.0000000000e+00,0.0000000000e+00,0.0000000000e+00
1.9429496147e-01,1.0478942459e+01,1.0478942459e+01,1.0478942459e+01,1.0478942459e+01,1.0478942459e+01,1.0478942459e+01,1.0478942459e+01,1.0478942459e+01,1.0478942459e+01,1.0478942459e+01,1.0478942459e+01,1.0478942459e+01,1.0478942459e+01,1.0478942459e+01,1.0478942459e+01,1.0478942459e+01,1.0478942459e+01,1.0478942459e+01,1.0478942459e+01,1.0478942459e+01,1.0478942459e+01,1.0478942459e+01,1.0478942459e+01,1.0478942459e+01,1.0478942459e+01,1.0478942459e+01,1.0478942459e+01,1.0478942459e+01,1.0478942459e+01,1.0478942459e+01,1.0478942459e+01,1.0478942459e+01,1.0478942459e+01,1.0478942459e+01,1.0478942459e+01,1.0478942459e+01,1.0478942459e+01,1.0478942459e+01,1.0478942459e+01,1.0478942459e+01,1.0478942459e+01,1.0478942459e+01,1.0484283694e+01,1.0492597134e+01,1.0501744083e+01,1.0511808940e+01,1.0522884824e+01,1.0535074514e+01,1.0548491487e+01,1.0563261092e+01,1.0579521852e+01,1.0597426930e+01,1.0617145763e+01,1.0638596395e+01,1.0659611149e+01,1.0682761524e+01,1.0708269803e+01,1.0736382502e+01,1.0767373240e+01,1.0797294631e+01,1.0828408759e+01,1.0862717404e+01,1.0899139097e+01,1.0930973028e+01,1.0966076815e+01,1.0999088302e+01,1.1029454877e+01,1.1058200467e+01,1.1081763823e+01,1.1098895867e+01,1.1110512172e+01,1.1110150709e+01,1.1099596369e+01,1.1078646853e+01,1.1047545604e+01,1.1006525857e+01,1.0954062536e+01,1.0886671616e+01,1.0800686717e+01,1.0691558098e+01,1.0554378684e+01,1.0379512042e+01,1.0170739677e+01,9.9552306989e+00,9.8228894980e+00,9.9452653414e+00,1.0213581264e+01,1.0874034154e+01,1.1682916838e+01,1.2435070697e+01,1.2728867602e+01,1.2113332667e+01,1.1155176283e+01,9.9355088191e+00,8.4159340498e+00,7.0783788432e+00,5.5925495746e+00,3.8441891682e+00,1.9955760311e+00,5.9076429226e-01,3.4546501881e-01,1.5560315269e-01,1.7439856024e-02,5.6711034035e-03,1.7530489619e-03,0.0000000000e+00,0.0000000000e+00,0.0000000000e+00,0.0000000000e+00,0.0000000000e+00,0.0000000000e+00,0.0000000000e+00,0.0000000000e+00,0.0000000000e+00,0.0000000000e+00,0.0000000000e+00,0.0000000000e+00,0.0000000000e+00,0.0000000000e+00,0.0000000000e+00,0.0000000000e+00,0.0000000000e+00,0.0000000000e+00,0.0000000000e+00,0.0000000000e+00,0.0000000000e+00,0.0000000000e+00,0.0000000000e+00,0.0000000000e+00,0.0000000000e+00,0.0000000000e+00,0.0000000000e+00,0.0000000000e+00,0.0000000000e+00,0.0000000000e+00,0.0000000000e+00,0.0000000000e+00,0.0000000000e+00,0.0000000000e+00,0.0000000000e+00,0.0000000000e+00,0.0000000000e+00,0.0000000000e+00,0.0000000000e+00,0.0000000000e+00,0.0000000000e+00,0.0000000000e+00,0.0000000000e+00,0.0000000000e+00,0.0000000000e+00,0.0000000000e+00,0.0000000000e+00,0.0000000000e+00,0.0000000000e+00,0.0000000000e+00,0.0000000000e+00,0.0000000000e+00,0.0000000000e+00,0.0000000000e+00,0.0000000000e+00,0.0000000000e+00,0.0000000000e+00,0.0000000000e+00,0.0000000000e+00,0.0000000000e+00,0.0000000000e+00,0.0000000000e+00,0.0000000000e+00,0.0000000000e+00,0.0000000000e+00,0.0000000000e+00,0.0000000000e+00,0.0000000000e+00,0.0000000000e+00,0.0000000000e+00,0.0000000000e+00,0.0000000000e+00,0.0000000000e+00,0.0000000000e+00,0.0000000000e+00,0.0000000000e+00,0.0000000000e+00,0.0000000000e+00,0.0000000000e+00,0.0000000000e+00,0.0000000000e+00,0.0000000000e+00,0.0000000000e+00,0.0000000000e+00,0.0000000000e+00,0.0000000000e+00,0.0000000000e+00,0.0000000000e+00,0.0000000000e+00,0.0000000000e+00,0.0000000000e+00,0.0000000000e+00,0.0000000000e+00,0.0000000000e+00,0.0000000000e+00
2.0309176209e-01,1.0315288456e+01,1.0315288456e+01,1.0315288456e+01,1.0315288456e+01,1.0315288456e+01,1.0315288456e+01,1.0315288456e+01,1.0315288456e+01,1.0315288456e+01,1.0315288456e+01,1.0315288456e+01,1.0315288456e+01,1.0315288456e+01,1.0315288456e+01,1.0315288456e+01,1.0315288456e+01,1.0315288456e+01,1.0315288456e+01,1.0315288456e+01,1.0315288456e+01,1.0315288456e+01,1.0315288456e+01,1.0315288456e+01,1.0315288456e+01,1.0315288456e+01,1.0315288456e+01,1.0315288456e+01,1.0315288456e+01,1.0315288456e+01,1.0315288456e+01,1.0315288456e+01,1.0315288456e+01,1.0315288456e+01,1.0315288456e+01,1.0315288456e+01,1.0315288456e+01,1.0315288456e+01,1.0315288456e+01,1.0315288456e+01,1.0315288456e+01,1.0315288456e+01,1.0315288456e+01,1.0320263546e+01,1.0328006825e+01,1.0336526067e+01,1.0345899766e+01,1.0356214506e+01,1.0367565835e+01,1.0380059224e+01,1.0393811145e+01,1.0408950281e+01,1.0425618865e+01,1.0443974199e+01,1.0463945551e+01,1.0483568451e+01,1.0505183260e+01,1.0528996828e+01,1.0555238460e+01,1.0584162552e+01,1.0612190355e+01,1.0641384815e+01,1.0673572295e+01,1.0707779232e+01,1.0737930004e+01,1.0771174091e+01,1.0802653941e+01,1.0831882884e+01,1.0859808948e+01,1.0883217114e+01,1.0900999985e+01,1.0914008366e+01,1.0916404230e+01,1.0909821193e+01,1.0894089681e+01,1.0869442961e+01,1.0836115266e+01,1.0792755483e+01,1.0736238803e+01,1.0663264173e+01,1.0569720371e+01,1.0451162904e+01,1.0298859080e+01,1.0116399721e+01,9.9291345089e+00,9.8202109381e+00,9.9479534727e+00,1.0213896037e+01,1.0844740657e+01,1.1616087395e+01,1.2339431806e+01,1.2619991938e+01,1.2007660464e+01,1.1065067470e+01,9.8764715126e+00,8.4042137872e+00,7.0944512347e+00,5.6378487580e+00,3.9078335049e+00,2.0626731720e+00,6.4041039471e-01,3.7978031344e-01,1.7375777885e-01,2.0237148199e-02,6.7056748171e-03,2.1010784113e-03,0.0000000000e+00,0.0000000000e+00,0.0000000000e+00,0.0000000000e+00,0.0000000000e+00,0.0000000000e+00,0.0000000000e+00,0.0000000000e+00,0.0000000000e+00,0.0000000000e+00,0.0000000000e+00,0.0000000000e+00,0.0000000000e+00,0.0000000000e+00,0.0000000000e+00,0.0000000000e+00,0.0000000000e+00,0.0000000000e+00,0.0000000000e+00,0.0000000000e+00,0.0000000000e+00,0.0000000000e+00,0.0000000000e+00,0.0000000000e+00,0.0000000000e+00,0.0000000000e+00,0.0000000000e+00,0.0000000000e+00,0.0000000000e+00,0.0000000000e+00,0.0000000000e+00,0.0000000000e+00,0.0000000000e+00,0.0000000000e+00,0.0000000000e+00,0.0000000000e+00,0.0000000000e+00,0.0000000000e+00,0.0000000000e+00,0.0000000000e+00,0.0000000000e+00,0.0000000000e+00,0.0000000000e+00,0.0000000000e+00,0.0000000000e+00,0.0000000000e+00,0.0000000000e+00,0.0000000000e+00,0.0000000000e+00,0.0000000000e+00,0.0000000000e+00,0.0000000000e+00,0.0000000000e+00,0.0000000000e+00,0.0000000000e+00,0.0000000000e+00,0.0000000000e+00,0.0000000000e+00,0.0000000000e+00,0.0000000000e+00,0.0000000000e+00,0.0000000000e+00,0.0000000000e+00,0.0000000000e+00,0.0000000000e+00,0.0000000000e+00,0.0000000000e+00,0.0000000000e+00,0.0000000000e+00,0.0000000000e+00,0.0000000000e+00,0.0000000000e+00,0.0000000000e+00,0.0000000000e+00,0.0000000000e+00,0.0000000000e+00,0.0000000000e+00,0.0000000000e+00,0.0000000000e+00,0.0000000000e+00,0.0000000000e+00,0.0000000000e+00,0.0000000000e+00,0.0000000000e+00,0.0000000000e+00,0.0000000000e+00,0.0000000000e+00,0.0000000000e+00,0.0000000000e+00,0.0000000000e+00,0.0000000000e+00,0.0000000000e+00,0.0000000000e+00,0.0000000000e+00,0.0000000000e+00
2.1228684221e-01,1.0187216832e+01,1.0187216832e+01,1.0187216832e+01,1.0187216832e+01,1.0187216832e+01,1.0187216832e+01,1.0187216832e+01,1.0187216832e+01,1.0187216832e+01,1.0187216832e+01,1.0187216832e+01,1.0187216832e+01,1.0187216832e+01,1.0187216832e+01,1.0187216832e+01,1.0187216832e+01,1.0187216832e+01,1.0187216832e+01,1.0187216832e+01,1.0187216832e+01,1.0187216832e+01,1.0187216832e+01,1.0187216832e+01,1.0187216832e+01,1.0187216832e+01,1.0187216832e+01,1.0187216832e+01,1.0187216832e+01,1.0187216832e+01,1.0187216832e+01,1.0187216832e+01,1.0187216832e+01,1.0187216832e+01,1.0187216832e+01,1.0187216832e+01,1.0187216832e+01,1.0187216832e+01,1.0187216832e+01,1.0187216832e+01,1.0187216832e+01,1.0187216832e+01,1.0187216832e+01,1.0187216832e+01,1.0188849386e+01,1.0196674931e+01,1.0205284843e+01,1.0214758499e+01,1.0225183467e+01,1.0236656385e+01,1.0249283938e+01,1.0263183955e+01,1.0278486629e+01,1.0295335881e+01,1.0313890903e+01,1.0334327871e+01,1.0354779223e+01,1.0375992548e+01,1.0399363469e+01,1.0425116931e+01,1.0453502481e+01,1.0483239322e+01,1.0510504653e+01,1.0540560504e+01,1.0573701452e+01,1.0603288122e+01,1.0632404504e+01,1.0664245589e+01,1.0687688691e+01,1.0713520228e+01,1.0729824257e+01,1.0744552429e+01,1.0748742129e+01,1.0745811536e+01,1.0735133101e+01,1.0716036314e+01,1.0689474860e+01,1.0653691433e+01,1.0606510611e+01,1.0544948098e+01,1.0465629022e+01,1.0362262967e+01,1.0230509829e+01,1.0071510089e+01,9.9081544906e+00,9.8252584700e+00,9.9516513949e+00,1.0217434435e+01,1.0813041628e+01,1.1546353483e+01,1.2238976999e+01,1.2505515861e+01,1.1897869536e+01,1.0970179227e+01,9.8112733265e+00,8.3858961645e+00,7.1032708672e+00,5.6770707206e+00,3.9665516630e+00,2.1286062229e+00,6.9246514862e-01,4.1632670484e-01,1.9369090598e-01,2.3409860991e-02,7.8385602928e-03,2.2830108563e-03,3.9954422683e-04,6.3608355058e-04,0.0000000000e+00,0.0000000000e+00,0.0000000000e+00,0.0000000000e+00,0.0000000000e+00,0.0000000000e+00,0.0000000000e+00,0.0000000000e+00,0.0000000000e+00,0.0000000000e+00,0.0000000000e+00,0.0000000000e+00,0.0000000000e+00,0.0000000000e+00,0.0000000000e+00,0.0000000000e+00,0.0000000000e+00,0.0000000000e+00,0.0000000000e+00,0.0000000000e+00,0.0000000000e+00,0.0000000000e+00,0.0000000000e+00,0.0000000000e+00,0.0000000000e+00,0.0000000000e+00,0.0000000000e+00,0.0000000000e+00,0.0000000000e+00,0.0000000000e+00,0.0000000000e+00,0.0000000000e+00,0.0000000000e+00,0.0000000000e+00,0.0000000000e+00,0.0000000000e+00,0.0000000000e+00,0.0000000000e+00,0.0000000000e+00,0.0000000000e+00,0.0000000000e+00,0.0000000000e+00,0.0000000000e+00,0.0000000000e+00,0.0000000000e+00,0.0000000000e+00,0.0000000000e+00,0.0000000000e+00,0.0000000000e+00,0.0000000000e+00,0.0000000000e+00,0.0000000000e+00,0.0000000000e+00,0.0000000000e+00,0.0000000000e+00,0.0000000000e+00,0.0000000000e+00,0.0000000000e+00,0.0000000000e+00,0.0000000000e+00,0.0000000000e+00,0.0000000000e+00,0.0000000000e+00,0.0000000000e+00,0.0000000000e+00,0.0000000000e+00,0.0000000000e+00,0.0000000000e+00,0.0000000000e+00,0.0000000000e+00,0.0000000000e+00,0.0000000000e+00,0.0000000000e+00,0.0000000000e+00,0.0000000000e+00,0.0000000000e+00,0.0000000000e+00,0.0000000000e+00,0.0000000000e+00,0.0000000000e+00,0.0000000000e+00,0.0000000000e+00,0.0000000000e+00,0.0000000000e+00,0.0000000000e+00,0.0000000000e+00,0.0000000000e+00,0.0000000000e+00,0.0000000000e+00,0.0000000000e+00,0.0000000000e+00,0.0000000000e+00,0.0000000000e+00
2.2189823415e-01,1.0069356775e+01,1.0069356775e+01,1.0069356775e+01,1.0069356775e+01,1.0069356775e+01,1.0069356775e+01,1.0069356775e+01,1.0069356775e+01,1.0069356775e+01,1.0069356775e+01,1.0069356775e+01,1.0069356775e+01,1.0069356775e+01,1.0069356775e+01,1.0069356775e+01,1.0069356775e+01,1.0069356775e+01,1.0069356775e+01,1.0069356775e+01,1.0069356775e+01,1.0069356775e+01,1.0069356775e+01,1.0069356775e+01,1.0069356775e+01,1.0069356775e+01,1.0069356775e+01,1.0069356775e+01,1.0069356775e+01,1.0069356775e+01,1.0069356775e+01,1.0069356775e+01,1.0069356775e+01,1.0069356775e+01,1.0069356775e+01,1.0069356775e+01,1.0069356775e+01,1.0069356775e+01,1.0069356775e+01,1.0069356775e+01,1.0069356775e+01,1.0069356775e+01,1.0069356775e+01,1.0069356775e+01,1.0070882111e+01,1.0078193521e+01,1.0086237412e+01,1.0095087834e+01,1.0104826465e+01,1.0115543426e+01,1.0127338183e+01,1.0140320565e+01,1.0154611890e+01,1.0170346235e+01,1.0187671849e+01,1.0206752742e+01,1.0225892824e+01,1.0245777530e+01,1.0267682312e+01,1.0291817275e+01,1.0318415404e+01,1.0346316891e+01,1.0372049232e+01,1.0400411818e+01,1.0431681601e+01,1.0459823220e+01,1.0487657114e+01,1.0518104846e+01,1.0541055816e+01,1.0566344652e+01,1.0583149437e+01,1.0598722018e+01,1.0604931159e+01,1.0604900139e+01,1.0598073662e+01,1.0583854715e+01,1.0563129648e+01,1.0534328902e+01,1.0495502168e+01,1.0443959456e+01,1.0376649849e+01,1.0287885000e+01,1.0173731216e+01,1.0035364198e+01,9.8941496257e+00,9.8284853002e+00,9.9571657633e+00,1.0217043576e+01,1.0783204754e+01,1.1478877279e+01,1.2140259214e+01,1.2390417702e+01,1.1785230591e+01,1.0871789006e+01,9.7414870551e+00,8.3602447549e+00,7.1056540944e+00,5.7104390265e+00,4.0216889431e+00,2.1935144644e+00,7.4699750504e-01,4.5493408014e-01,2.1480300472e-01,2.7169479176e-02,9.3120652240e-03,2.7571753772e-03,4.4396241373e-04,6.4848125381e-04,0.0000000000e+00,0.0000000000e+00,0.0000000000e+00,0.0000000000e+00,0.0000000000e+00,0.0000000000e+00,0.0000000000e+00,0.0000000000e+00,0.0000000000e+00,0.0000000000e+00,0.0000000000e+00,0.0000000000e+00,0.0000000000e+00,0.0000000000e+00,0.0000000000e+00,0.0000000000e+00,0.0000000000e+00,0.0000000000e+00,0.0000000000e+00,0.0000000000e+00,0.0000000000e+00,0.0000000000e+00,0.0000000000e+00,0.0000000000e+00,0.0000000000e+00,0.0000000000e+00,0.0000000000e+00,0.0000000000e+00,0.0000000000e+00,0.0000000000e+00,0.0000000000e+00,0.0000000000e+00,0.0000000000e+00,0.0000000000e+00,0.0000000000e+00,0.0000000000e+00,0.0000000000e+00,0.0000000000e+00,0.0000000000e+00,0.0000000000e+00,0.0000000000e+00,0.0000000000e+00,0.0000000000e+00,0.0000000000e+00,0.0000000000e+00,0.0000000000e+00,0.0000000000e+00,0.0000000000e+00,0.0000000000e+00,0.0000000000e+00,0.0000000000e+00,0.0000000000e+00,0.0000000000e+00,0.0000000000e+00,0.0000000000e+00,0.0000000000e+00,0.0000000000e+00,0.0000000000e+00,0.0000000000e+00,0.0000000000e+00,0.0000000000e+00,0.0000000000e+00,0.0000000000e+00,0.0000000000e+00,0.0000000000e+00,0.0000000000e+00,0.0000000000e+00,0.0000000000e+00,0.0000000000e+00,0.0000000000e+00,0.0000000000e+00,0.0000000000e+00,0.0000000000e+00,0.0000000000e+00,0.0000000000e+00,0.0000000000e+00,0.0000000000e+00,0.0000000000e+00,0.0000000000e+00,0.0000000000e+00,0.0000000000e+00,0.0000000000e+00,0.0000000000e+00,0.0000000000e+00,0.0000000000e+00,0.0000000000e+00,0.0000000000e+00,0.0000000000e+00,0.0000000000e+00,0.0000000000e+00,0.0000000000e+00,0.0000000000e+00,0.0000000000e+00
2.3194478661e-01,9.9699096462e+00,9.9699096462e+00,9.9699096462e+00,9.9699096462e+00,9.9699096462e+00,9.9699096462e+00,9.9699096462e+00,9.9699096462e+00,9.9699096462e+00,9.9699096462e+00,9.9699096462e+00,9.9699096462e+00,9.9699096462e+00,9.9699096462e+00,9.9699096462e+00,9.9699096462e+00,9.9699096462e+00,9.9699096462e+00,9.9699096462e+00,9.9699096462e+00,9.9699096462e+00,9.9699096462e+00,9.9699096462e+00,9.9699096462e+00,9.9699096462e+00,9.9699096462e+00,9.9699096462e+00,9.9699096462e+00,9.9699096462e+00,9.9699096462e+00,9.9699096462e+00,9.9699096462e+00,9.9699096462e+00,9.9699096462e+00,9.9699096462e+00,9.9699096462e+00,9.9699096462e+00,9.9699096462e+00,9.9699096462e+00,9.9699096462e+00,9.9699096462e+00,9.9699096462e+00,9.9699096462e+00,9.9713361149e+00,9.9781734597e+00,9.9856954730e+00,9.9939713066e+00,1.0003077220e+01,1.0013097338e+01,1.0024124491e+01,1.0036261154e+01,1.0049620494e+01,1.0064327544e+01,1.0080520508e+01,1.0098352233e+01,1.0116281069e+01,1.0134936104e+01,1.0155484129e+01,1.0178121582e+01,1.0203066193e+01,1.0229266924e+01,1.0253566688e+01,1.0280347136e+01,1.0309868816e+01,1.0336640418e+01,1.0363243957e+01,1.0392353672e+01,1.0414769980e+01,1.0439469043e+01,1.0456612172e+01,1.0472820674e+01,1.0480709760e+01,1.0483137245e+01,1.0479612712e+01,1.0469605187e+01,1.0453939029e+01,1.0431210719e+01,1.0399669922e+01,1.0356890700e+01,1.0300115442e+01,1.0224197301e+01,1.0125577924e+01,1.0005457127e+01,9.8837620985e+00,9.8329267579e+00,9.9624328142e+00,1.0215157662e+01,1.0751949319e+01,1.1410214569e+01,1.2039617538e+01,1.2272378063e+01,1.1669618547e+01,1.0770126044e+01,9.6674849981e+00,8.3289724019e+00,7.1024929867e+00,5.7389394160e+00,4.0732935679e+00,2.2575552163e+00,8.0393656964e-01,4.9568948646e-01,2.3743059959e-01,3.1510444101e-02,1.1072387656e-02,3.3334694715e-03,5.0245745627e-04,6.7278799136e-04,0.0000000000e+00,0.0000000000e+00,0.0000000000e+00,0.0000000000e+00,0.0000000000e+00,0.0000000000e+00,0.0000000000e+00,0.0000000000e+00,0.0000000000e+00,0.0000000000e+00,0.0000000000e+00,0.0000000000e+00,0.0000000000e+00,0.0000000000e+00,0.0000000000e+00,0.0000000000e+00,0.0000000000e+00,0.0000000000e+00,0.0000000000e+00,0.0000000000e+00,0.0000000000e+00,0.0000000000e+00,0.0000000000e+00,0.0000000000e+00,0.0000000000e+00,0.0000000000e+00,0.0000000000e+00,0.0000000000e+00,0.0000000000e+00,0.0000000000e+00,0.0000000000e+00,0.0000000000e+00,0.0000000000e+00,0.0000000000e+00,0.0000000000e+00,0.0000000000e+00,0.0000000000e+00,0.0000000000e+00,0.0000000000e+00,0.0000000000e+00,0.0000000000e+00,0.0000000000e+00,0.0000000000e+00,0.0000000000e+00,0.0000000000e+00,0.0000000000e+00,0.0000000000e+00,0.0000000000e+00,0.0000000000e+00,0.0000000000e+00,0.0000000000e+00,0.0000000000e+00,0.0000000000e+00,0.0000000000e+00,0.0000000000e+00,0.0000000000e+00,0.0000000000e+00,0.0000000000e+00,0.0000000000e+00,0.0000000000e+00,0.0000000000e+00,0.0000000000e+00,0.0000000000e+00,0.0000000000e+00,0.0000000000e+00,0.0000000000e+00,0.0000000000e+00,0.0000000000e+00,0.0000000000e+00,0.0000000000e+00,0.0000000000e+00,0.0000000000e+00,0.0000000000e+00,0.0000000000e+00,0.0000000000e+00,0.0000000000e+00,0.0000000000e+00,0.0000000000e+00,0.0000000000e+00,0.0000000000e+00,0.0000000000e+00,0.0000000000e+00,0.0000000000e+00,0.0000000000e+00,0.0000000000e+00,0.0000000000e+00,0.0000000000e+00,0.0000000000e+00,0.0000000000e+00,0.0000000000e+00,0.0000000000e+00,0.0000000000e+00,0.0000000000e+00
2.4244620171e-01,9.9242584760e+00,9.9242584760e+00,9.9242584760e+00,9.9242584760e+00,9.9242584760e+00,9.9242584760e+00,9.9242584760e+00,9.9242584760e+00,9.9242584760e+00,9.9242584760e+00,9.9242584760e+00,9.9242584760e+00,9.9242584760e+00,9.9242584760e+00,9.9242584760e+00,9.9242584760e+00,9.9242584760e+00,9.9242584760e+00,9.9242584760e+00,9.9242584760e+00,9.9242584760e+00,9.9242584760e+00,9.9242584760e+00,9.9242584760e+00,9.9242584760e+00,9.9242584760e+00,9.9242584760e+00,9.9242584760e+00,9.9242584760e+00,9.9242584760e+00,9.9242584760e+00,9.9242584760e+00,9.9242584760e+00,9.9242584760e+00,9.9242584760e+00,9.9242584760e+00,9.9242584760e+00,9.9242584760e+00,9.9242584760e+00,9.9242584760e+00,9.9242584760e+00,9.9242584760e+00,9.9242584760e+00,9.9242584760e+00,9.9242584760e+00,9.9242584760e+00,9.9242584760e+00,9.9242584760e+00,9.9312955171e+00,9.9409489649e+00,9.9515722658e+00,9.9632640426e+00,9.9761331943e+00,9.9903000183e+00,1.0005897466e+01,1.0023072549e+01,1.0041987918e+01,1.0062823636e+01,1.0085779174e+01,1.0109733920e+01,1.0130320921e+01,1.0153001524e+01,1.0177993940e+01,1.0205540233e+01,1.0235909160e+01,1.0259312455e+01,1.0282486084e+01,1.0308022311e+01,1.0332539238e+01,1.0348086338e+01,1.0365204965e+01,1.0375061692e+01,1.0379516007e+01,1.0379150934e+01,1.0372711038e+01,1.0360753370e+01,1.0344019865e+01,1.0319265182e+01,1.0283578269e+01,1.0235267507e+01,1.0170999932e+01,1.0085964884e+01,9.9823609971e+00,9.8805664845e+00,9.8398752557e+00,9.9699742638e+00,1.0214670990e+01,1.0720933744e+01,1.1340982091e+01,1.1939651270e+01,1.2148253654e+01,1.1551943729e+01,1.0665394620e+01,9.5891337681e+00,8.2937412588e+00,7.0939372006e+00,5.7613327313e+00,4.1198719062e+00,2.3194273468e+00,8.6259005853e-01,5.3883187861e-01,2.6163098307e-01,3.6735719378e-02,1.3492927157e-02,4.1719906165e-03,4.3511781523e-04,1.5536319402e-04,6.8166777757e-05,7.4468357283e-06,2.1793231344e-05,1.8493497360e-04,0.0000000000e+00,0.0000000000e+00,0.0000000000e+00,0.0000000000e+00,0.0000000000e+00,0.0000000000e+00,0.0000000000e+00,0.0000000000e+00,0.0000000000e+00,0.0000000000e+00,0.0000000000e+00,0.0000000000e+00,0.0000000000e+00,0.0000000000e+00,0.0000000000e+00,0.0000000000e+00,0.0000000000e+00,0.0000000000e+00,0.0000000000e+00,0.0000000000e+00,0.0000000000e+00,0.0000000000e+00,0.0000000000e+00,0.0000000000e+00,0.0000000000e+00,0.0000000000e+00,0.0000000000e+00,0.0000000000e+00,0.0000000000e+00,0.0000000000e+00,0.0000000000e+00,0.0000000000e+00,0.0000000000e+00,0.0000000000e+00,0.0000000000e+00,0.0000000000e+00,0.0000000000e+00,0.0000000000e+00,0.0000000000e+00,0.0000000000e+00,0.0000000000e+00,0.0000000000e+00,0.0000000000e+00,0.0000000000e+00,0.0000000000e+00,0.0000000000e+00,0.0000000000e+00,0.0000000000e+00,0.0000000000e+00,0.0000000000e+00,0.0000000000e+00,0.0000000000e+00,0.0000000000e+00,0.0000000000e+00,0.0000000000e+00,0.0000000000e+00,0.0000000000e+00,0.0000000000e+00,0.0000000000e+00,0.0000000000e+00,0.0000000000e+00,0.0000000000e+00,0.0000000000e+00,0.0000000000e+00,0.0000000000e+00,0.0000000000e+00,0.0000000000e+00,0.0000000000e+00,0.0000000000e+00,0.0000000000e+00,0.0000000000e+00,0.0000000000e+00,0.0000000000e+00,0.0000000000e+00,0.0000000000e+00,0.0000000000e+00,0.0000000000e+00,0.0000000000e+00,0.0000000000e+00,0.0000000000e+00,0.0000000000e+00,0.0000000000e+00,0.0000000000e+00,0.0000000000e+00,0.0000000000e+00,0.0000000000e+00,0.0000000000e+00,0.0000000000e+00,0.0000000000e+00
2.5342307358e-01,9.8507871625e+00,9.8507871625e+00,9.8507871625e+00,9.8507871625e+00,9.8507871625e+00,9.8507871625e+00,9.8507871625e+00,9.8507871625e+00,9.8507871625e+00,9.8507871625e+00,9.8507871625e+00,9.8507871625e+00,9.8507871625e+00,9.8507871625e+00,9.8507871625e+00,9.8507871625e+00,9.8507871625e+00,9.8507871625e+00,9.8507871625e+00,9.8507871625e+00,9.8507871625e+00,9.8507871625e+00,9.8507871625e+00,9.8507871625e+00,9.8507871625e+00,9.8507871625e+00,9.8507871625e+00,9.8507871625e+00,9.8507871625e+00,9.8507871625e+00,9.8507871625e+00,9.8507871625e+00,9.8507871625e+00,9.8507871625e+00,9.8507871625e+00,9.8507871625e+00,9.8507871625e+00,9.8507871625e+00,9.8507871625e+00,9.8507871625e+00,9.8507871625e+00,9.8507871625e+00,9.8507871625e+00,9.8507871625e+00,9.8507871625e+00,9.8507871625e+00,9.8507871625e+00,9.8507871625e+00,9.8573844674e+00,9.8664342612e+00,9.8763926972e+00,9.8873520564e+00,9.8994142104e+00,9.9126916643e+00,9.9273087217e+00,9.9434027889e+00,9.9611258362e+00,9.9806460401e+00,1.0002149629e+01,1.0024618629e+01,1.0044074172e+01,1.0065506108e+01,1.0089119980e+01,1.0115143713e+01,1.0143830248e+01,1.0166254910e+01,1.0188576823e+01,1.0213172874e+01,1.0236970054e+01,1.0252729341e+01,1.0270082236e+01,1.0280985311e+01,1.0287151117e+01,1.0289120393e+01,1.0285762649e+01,1.0277597999e+01,1.0265328483e+01,1.0246007197e+01,1.0217000688e+01,1.0176789244e+01,1.0122357701e+01,1.0049352823e+01,9.9598716140e+00,9.8729167502e+00,9.8431403925e+00,9.9715796894e+00,1.0207157610e+01,1.0684726053e+01,1.1268454281e+01,1.1834441953e+01,1.2024622732e+01,1.1431138838e+01,1.0558580982e+01,9.5086819267e+00,8.2533880398e+00,7.0820188531e+00,5.7821239355e+00,4.1659062763e+00,2.3823235127e+00,9.2417683020e-01,5.8382656710e-01,2.8735888319e-01,4.2480262497e-02,1.5987161741e-02,5.0157382083e-03,5.2486136816e-04,1.8136596975e-04,6.6853672611e-05,7.7455103007e-06,2.1540174964e-05,1.7609327463e-04,0.0000000000e+00,0.0000000000e+00,0.0000000000e+00,0.0000000000e+00,0.0000000000e+00,0.0000000000e+00,0.0000000000e+00,0.0000000000e+00,0.0000000000e+00,0.0000000000e+00,0.0000000000e+00,0.0000000000e+00,0.0000000000e+00,0.0000000000e+00,0.0000000000e+00,0.0000000000e+00,0.0000000000e+00,0.0000000000e+00,0.0000000000e+00,0.0000000000e+00,0.0000000000e+00,0.0000000000e+00,0.0000000000e+00,0.0000000000e+00,0.0000000000e+00,0.0000000000e+00,0.0000000000e+00,0.0000000000e+00,0.0000000000e+00,0.0000000000e+00,0.0000000000e+00,0.0000000000e+00,0.0000000000e+00,0.0000000000e+00,0.0000000000e+00,0.0000000000e+00,0.0000000000e+00,0.0000000000e+00,0.0000000000e+00,0.0000000000e+00,0.0000000000e+00,0.0000000000e+00,0.0000000000e+00,0.0000000000e+00,0.0000000000e+00,0.0000000000e+00,0.0000000000e+00,0.0000000000e+00,0.0000000000e+00,0.0000000000e+00,0.0000000000e+00,0.0000000000e+00,0.0000000000e+00,0.0000000000e+00,0.0000000000e+00,0.0000000000e+00,0.0000000000e+00,0.0000000000e+00,0.0000000000e+00,0.0000000000e+00,0.0000000000e+00,0.0000000000e+00,0.0000000000e+00,0.0000000000e+00,0.0000000000e+00,0.0000000000e+00,0.0000000000e+00,0.0000000000e+00,0.0000000000e+00,0.0000000000e+00,0.0000000000e+00,0.0000000000e+00,0.0000000000e+00,0.0000000000e+00,0.0000000000e+00,0.0000000000e+00,0.0000000000e+00,0.0000000000e+00,0.0000000000e+00,0.0000000000e+00,0.0000000000e+00,0.0000000000e+00,0.0000000000e+00,0.0000000000e+00,0.0000000000e+00,0.0000000000e+00,0.0000000000e+00,0.0000000000e+00,0.0000000000e+00
2.6489692876e-01,9.7879614976e+00,9.7879614976e+00,9.7879614976e+00,9.7879614976e+00,9.7879614976e+00,9.7879614976e+00,9.7879614976e+00,9.7879614976e+00,9.7879614976e+00,9.7879614976e+00,9.7879614976e+00,9.7879614976e+00,9.7879614976e+00,9.7879614976e+00,9.7879614976e+00,9.7879614976e+00,9.7879614976e+00,9.7879614976e+00,9.7879614976e+00,9.7879614976e+00,9.7879614976e+00,9.7879614976e+00,9.7879614976e+00,9.7879614976e+00,9.7879614976e+00,9.7879614976e+00,9.7879614976e+00,9.7879614976e+00,9.7879614976e+00,9.7879614976e+00,9.7879614976e+00,9.7879614976e+00,9.7879614976e+00,9.7879614976e+00,9.7879614976e+00,9.7879614976e+00,9.7879614976e+00,9.7879614976e+00,9.7879614976e+00,9.7879614976e+00,9.7879614976e+00,9.7879614976e+00,9.7879614976e+00,9.7879614976e+00,9.7879614976e+00,9.7879614976e+00,9.7879614976e+00,9.7879614976e+00,9.7941467464e+00,9.8026309260e+00,9.8119664502e+00,9.8222396748e+00,9.8335459086e+00,9.8459903824e+00,9.8596893302e+00,9.8747711993e+00,9.8913780044e+00,9.9096668476e+00,9.9298116255e+00,9.9508871698e+00,9.9692663313e+00,9.9895105510e+00,1.0011813380e+01,1.0036389355e+01,1.0063476458e+01,1.0084933066e+01,1.0106393876e+01,1.0130039420e+01,1.0153075640e+01,1.0168907371e+01,1.0186340399e+01,1.0198045537e+01,1.0205601499e+01,1.0209509653e+01,1.0208752084e+01,1.0203812551e+01,1.0195356087e+01,1.0180702644e+01,1.0157467309e+01,1.0124285921e+01,1.0078430307e+01,1.0015961774e+01,9.9388770181e+00,9.8648682307e+00,9.8442800212e+00,9.9701009096e+00,1.0195867341e+01,1.0645196960e+01,1.1193305060e+01,1.1726673621e+01,1.1898230232e+01,1.1308039452e+01,1.0449700664e+01,9.4257250235e+00,8.2094761378e+00,7.0666654123e+00,5.7999002979e+00,4.2097423485e+00,2.4448432754e+00,9.8802577396e-01,6.3092187176e-01,3.1467926118e-01,4.9039372688e-02,1.8931526460e-02,6.0309590960e-03,6.3973107081e-04,2.1594354203e-04,6.6452024188e-05,8.1353813279e-06,2.1285053259e-05,1.6719225171e-04,0.0000000000e+00,0.0000000000e+00,0.0000000000e+00,0.0000000000e+00,0.0000000000e+00,0.0000000000e+00,0.0000000000e+00,0.0000000000e+00,0.0000000000e+00,0.0000000000e+00,0.0000000000e+00,0.0000000000e+00,0.0000000000e+00,0.0000000000e+00,0.0000000000e+00,0.0000000000e+00,0.0000000000e+00,0.0000000000e+00,0.0000000000e+00,0.0000000000e+00,0.0000000000e+00,0.0000000000e+00,0.0000000000e+00,0.0000000000e+00,0.0000000000e+00,0.0000000000e+00,0.0000000000e+00,0.0000000000e+00,0.0000000000e+00,0.0000000000e+00,0.0000000000e+00,0.0000000000e+00,0.0000000000e+00,0.0000000000e+00,0.0000000000e+00,0.0000000000e+00,0.0000000000e+00,0.0000000000e+00,0.0000000000e+00,0.0000000000e+00,0.0000000000e+00,0.0000000000e+00,0.0000000000e+00,0.0000000000e+00,0.0000000000e+00,0.0000000000e+00,0.0000000000e+00,0.0000000000e+00,0.0000000000e+00,0.0000000000e+00,0.0000000000e+00,0.0000000000e+00,0.0000000000e+00,0.0000000000e+00,0.0000000000e+00,0.0000000000e+00,0.0000000000e+00,0.0000000000e+00,0.0000000000e+00,0.0000000000e+00,0.0000000000e+00,0.0000000000e+00,0.0000000000e+00,0.0000000000e+00,0.0000000000e+00,0.0000000000e+00,0.0000000000e+00,0.0000000000e+00,0.0000000000e+00,0.0000000000e+00,0.0000000000e+00,0.0000000000e+00,0.0000000000e+00,0.0000000000e+00,0.0000000000e+00,0.0000000000e+00,0.0000000000e+00,0.0000000000e+00,0.0000000000e+00,0.0000000000e+00,0.0000000000e+00,0.0000000000e+00,0.0000000000e+00,0.0000000000e+00,0.0000000000e+00,0.0000000000e+00,0.0000000000e+00,0.0000000000e+00,0.0000000000e+00
2.7689026842e-01,9.7335368548e+00,9.7335368548e+00,9.7335368548e+00,9.7335368548e+00,9.7335368548e+00,9.7335368548e+00,9.7335368548e+00,9.7335368548e+00,9.7335368548e+00,9.7335368548e+00,9.7335368548e+00,9.7335368548e+00,9.7335368548e+00,9.7335368548e+00,9.7335368548e+00,9.7335368548e+00,9.7335368548e+00,9.7335368548e+00,9.7335368548e+00,9.7335368548e+00,9.7335368548e+00,9.7335368548e+00,9.7335368548e+00,9.7335368548e+00,9.7335368548e+00,9.7335368548e+00,9.7335368548e+00,9.7335368548e+00,9.7335368548e+00,9.7335368548e+00,9.7335368548e+00,9.7335368548e+00,9.7335368548e+00,9.7335368548e+00,9.7335368548e+00,9.7335368548e+00,9.7335368548e+00,9.7335368548e+00,9.7335368548e+00,9.7335368548e+00,9.7335368548e+00,9.7335368548e+00,9.7335368548e+00,9.7335368548e+00,9.7335368548e+00,9.7335368548e+00,9.7335368548e+00,9.7335368548e+00,9.7393345249e+00,9.7472867287e+00,9.7560364396e+00,9.7656644570e+00,9.7762599376e+00,9.7879212956e+00,9.8007572070e+00,9.8148877315e+00,9.8304455680e+00,9.8475774619e+00,9.8664457841e+00,9.8862093909e+00,9.9035604005e+00,9.9226702941e+00,9.9437212201e+00,9.9669149955e+00,9.9924753971e+00,1.0012972033e+01,1.0033561910e+01,1.0056246156e+01,1.0078483038e+01,1.0094261050e+01,1.0111635038e+01,1.0123922737e+01,1.0132580504e+01,1.0138072808e+01,1.0139483082e+01,1.0137259404e+01,1.0132032097e+01,1.0121360113e+01,1.0103081226e+01,1.0075971612e+01,1.0037562000e+01,9.9842888549e+00,9.9180489363e+00,9.8552871509e+00,9.8423488093e+00,9.9647352543e+00,1.0180151753e+01,1.0601807508e+01,1.1115128045e+01,1.1616161330e+01,1.1769114697e+01,1.1182806877e+01,1.0339043982e+01,9.3406917923e+00,8.1625481885e+00,7.0484405429e+00,5.8151629953e+00,4.2517586359e+00,2.5071352408e+00,1.0540694720e+00,6.8009349662e-01,3.4361684581e-01,5.6501821007e-02,2.2390663951e-02,7.2469914816e-03,7.8683746066e-04,2.6169818367e-04,6.7285419545e-05,8.6622261310e-06,2.1031389169e-05,1.5825359661e-04,0.0000000000e+00,0.0000000000e+00,0.0000000000e+00,0.0000000000e+00,0.0000000000e+00,0.0000000000e+00,0.0000000000e+00,0.0000000000e+00,0.0000000000e+00,0.0000000000e+00,0.0000000000e+00,0.0000000000e+00,0.0000000000e+00,0.0000000000e+00,0.0000000000e+00,0.0000000000e+00,0.0000000000e+00,0.0000000000e+00,0.0000000000e+00,0.0000000000e+00,0.0000000000e+00,0.0000000000e+00,0.0000000000e+00,0.0000000000e+00,0.0000000000e+00,0.0000000000e+00,0.0000000000e+00,0.0000000000e+00,0.0000000000e+00,0.0000000000e+00,0.0000000000e+00,0.0000000000e+00,0.0000000000e+00,0.0000000000e+00,0.0000000000e+00,0.0000000000e+00,0.0000000000e+00,0.0000000000e+00,0.0000000000e+00,0.0000000000e+00,0.0000000000e+00,0.0000000000e+00,0.0000000000e+00,0.0000000000e+00,0.0000000000e+00,0.0000000000e+00,0.0000000000e+00,0.0000000000e+00,0.0000000000e+00,0.0000000000e+00,0.0000000000e+00,0.0000000000e+00,0.0000000000e+00,0.0000000000e+00,0.0000000000e+00,0.0000000000e+00,0.0000000000e+00,0.0000000000e+00,0.0000000000e+00,0.0000000000e+00,0.0000000000e+00,0.0000000000e+00,0.0000000000e+00,0.0000000000e+00,0.0000000000e+00,0.0000000000e+00,0.0000000000e+00,0.0000000000e+00,0.0000000000e+00,0.0000000000e+00,0.0000000000e+00,0.0000000000e+00,0.0000000000e+00,0.0000000000e+00,0.0000000000e+00,0.0000000000e+00,0.0000000000e+00,0.0000000000e+00,0.0000000000e+00,0.0000000000e+00,0.0000000000e+00,0.0000000000e+00,0.0000000000e+00,0.0000000000e+00,0.0000000000e+00,0.0000000000e+00,0.0000000000e+00,0.0000000000e+00,0.0000000000e+00
2.8942661247e-01,9.6854537786e+00,9.6854537786e+00,9.6854537786e+00,9.6854537786e+00,9.6854537786e+00,9.6854537786e+00,9.6854537786e+00,9.6854537786e+00,9.6854537786e+00,9.6854537786e+00,9.6854537786e+00,9.6854537786e+00,9.6854537786e+00,9.6854537786e+00,9.6854537786e+00,9.6854537786e+00,9.6854537786e+00,9.6854537786e+00,9.6854537786e+00,9.6854537786e+00,9.6854537786e+00,9.6854537786e+00,9.6854537786e+00,9.6854537786e+00,9.6854537786e+00,9.6854537786e+00,9.6854537786e+00,9.6854537786e+00,9.6854537786e+00,9.6854537786e+00,9.6854537786e+00,9.6854537786e+00,9.6854537786e+00,9.6854537786e+00,9.6854537786e+00,9.6854537786e+00,9.6854537786e+00,9.6854537786e+00,9.6854537786e+00,9.6854537786e+00,9.6854537786e+00,9.6854537786e+00,9.6854537786e+00,9.6854537786e+00,9.6854537786e+00,9.6854537786e+00,9.6854537786e+00,9.6854537786e+00,9.6908857193e+00,9.6983359740e+00,9.7065329862e+00,9.7155523282e+00,9.7254773708e+00,9.7364001203e+00,9.7484221503e+00,9.7616556429e+00,9.7762245520e+00,9.7922659063e+00,9.8099312694e+00,9.8284556562e+00,9.8448214018e+00,9.8628444560e+00,9.8826960933e+00,9.9045660089e+00,9.9286644502e+00,9.9482079886e+00,9.9679177693e+00,9.9896306889e+00,1.0011033578e+01,1.0026644844e+01,1.0043835111e+01,1.0056509008e+01,1.0066010660e+01,1.0072769766e+01,1.0075960928e+01,1.0075997324e+01,1.0073476403e+01,1.0066171507e+01,1.0052120072e+01,1.0030224537e+01,9.9982489659e+00,9.9529689103e+00,9.8961810843e+00,9.8431447652e+00,9.8364913397e+00,9.9547603814e+00,1.0159431142e+01,1.0554077653e+01,1.1033562026e+01,1.1502742996e+01,1.1637315233e+01,1.1055582062e+01,1.0226858065e+01,9.2539504070e+00,8.1130807779e+00,7.0278388012e+00,5.8283508110e+00,4.2922918791e+00,2.5693323380e+00,1.1222307429e+00,7.3131282470e-01,3.7419664846e-01,6.4962261699e-02,2.6435213511e-02,8.6969657342e-03,9.7510476406e-04,3.2197088883e-04,6.9805456295e-05,9.3940757015e-06,2.0788035236e-05,1.4930870507e-04,0.0000000000e+00,0.0000000000e+00,0.0000000000e+00,0.0000000000e+00,0.0000000000e+00,0.0000000000e+00,0.0000000000e+00,0.0000000000e+00,0.0000000000e+00,0.0000000000e+00,0.0000000000e+00,0.0000000000e+00,0.0000000000e+00,0.0000000000e+00,0.0000000000e+00,0.0000000000e+00,0.0000000000e+00,0.0000000000e+00,0.0000000000e+00,0.0000000000e+00,0.0000000000e+00,0.0000000000e+00,0.0000000000e+00,0.0000000000e+00,0.0000000000e+00,0.0000000000e+00,0.0000000000e+00,0.0000000000e+00,0.0000000000e+00,0.0000000000e+00,0.0000000000e+00,0.0000000000e+00,0.0000000000e+00,0.0000000000e+00,0.0000000000e+00,0.0000000000e+00,0.0000000000e+00,0.0000000000e+00,0.0000000000e+00,0.0000000000e+00,0.0000000000e+00,0.0000000000e+00,0.0000000000e+00,0.0000000000e+00,0.0000000000e+00,0.0000000000e+00,0.0000000000e+00,0.0000000000e+00,0.0000000000e+00,0.0000000000e+00,0.0000000000e+00,0.0000000000e+00,0.0000000000e+00,0.0000000000e+00,0.0000000000e+00,0.0000000000e+00,0.0000000000e+00,0.0000000000e+00,0.0000000000e+00,0.0000000000e+00,0.0000000000e+00,0.0000000000e+00,0.0000000000e+00,0.0000000000e+00,0.0000000000e+00,0.0000000000e+00,0.0000000000e+00,0.0000000000e+00,0.0000000000e+00,0.0000000000e+00,0.0000000000e+00,0.0000000000e+00,0.0000000000e+00,0.0000000000e+00,0.0000000000e+00,0.0000000000e+00,0.0000000000e+00,0.0000000000e+00,0.0000000000e+00,0.0000000000e+00,0.0000000000e+00,0.0000000000e+00,0.0000000000e+00,0.0000000000e+00,0.0000000000e+00,0.0000000000e+00,0.0000000000e+00,0.0000000000e+00,0.0000000000e+00
3.0253054571e-01,9.6418276137e+00,9.6418276137e+00,9.6418276137e+00,9.6418276137e+00,9.6418276137e+00,9.6418276137e+00,9.6418276137e+00,9.6418276137e+00,9.6418276137e+00,9.6418276137e+00,9.6418276137e+00,9.6418276137e+00,9.6418276137e+00,9.6418276137e+00,9.6418276137e+00,9.6418276137e+00,9.6418276137e+00,9.6418276137e+00,9.6418276137e+00,9.6418276137e+00,9.6418276137e+00,9.6418276137e+00,9.6418276137e+00,9.6418276137e+00,9.6418276137e+00,9.6418276137e+00,9.6418276137e+00,9.6418276137e+00,9.6418276137e+00,9.6418276137e+00,9.6418276137e+00,9.6418276137e+00,9.6418276137e+00,9.6418276137e+00,9.6418276137e+00,9.6418276137e+00,9.6418276137e+00,9.6418276137e+00,9.6418276137e+00,9.6418276137e+00,9.6418276137e+00,9.6418276137e+00,9.6418276137e+00,9.6418276137e+00,9.6418276137e+00,9.6418276137e+00,9.6418276137e+00,9.6418276137e+00,9.6469135344e+00,9.6538889249e+00,9.6615631082e+00,9.6700067254e+00,9.6792976919e+00,9.6895219738e+00,9.7007744532e+00,9.7131598937e+00,9.7267940180e+00,9.7418047139e+00,9.7583333847e+00,9.7756841395e+00,9.7911034462e+00,9.8080826556e+00,9.8267826494e+00,9.8473815446e+00,9.8700766740e+00,9.8886738812e+00,9.9074960186e+00,9.9282293914e+00,9.9487681308e+00,9.9641124112e+00,9.9810083847e+00,9.9938938960e+00,1.0004009805e+01,1.0011752934e+01,1.0016379817e+01,1.0018269631e+01,1.0017988441e+01,1.0013502206e+01,1.0003027506e+01,9.9855800757e+00,9.9591341022e+00,9.9207712628e+00,9.8721880072e+00,9.8275182882e+00,9.8259446248e+00,9.9395372905e+00,1.0133197981e+01,1.0501589653e+01,1.0948294295e+01,1.1386282879e+01,1.1502874933e+01,1.0926489989e+01,1.0113352302e+01,9.1658135725e+00,8.0614869313e+00,7.0052863890e+00,5.8398386500e+00,4.3316329297e+00,2.6315472492e+00,1.1924219957e+00,7.8454689636e-01,4.0644432364e-01,7.4521156694e-02,3.1141909901e-02,1.0418124415e-02,1.2156412508e-03,4.0101791675e-04,7.4638523078e-05,1.0431295939e-05,2.0571748569e-05,1.4039721770e-04,0.0000000000e+00,0.0000000000e+00,0.0000000000e+00,0.0000000000e+00,0.0000000000e+00,0.0000000000e+00,0.0000000000e+00,0.0000000000e+00,0.0000000000e+00,0.0000000000e+00,0.0000000000e+00,0.0000000000e+00,0.0000000000e+00,0.0000000000e+00,0.0000000000e+00,0.0000000000e+00,0.0000000000e+00,0.0000000000e+00,0.0000000000e+00,0.0000000000e+00,0.0000000000e+00,0.0000000000e+00,0.0000000000e+00,0.0000000000e+00,0.0000000000e+00,0.0000000000e+00,0.0000000000e+00,0.0000000000e+00,0.0000000000e+00,0.0000000000e+00,0.0000000000e+00,0.0000000000e+00,0.0000000000e+00,0.0000000000e+00,0.0000000000e+00,0.0000000000e+00,0.0000000000e+00,0.0000000000e+00,0.0000000000e+00,0.0000000000e+00,0.0000000000e+00,0.0000000000e+00,0.0000000000e+00,0.0000000000e+00,0.0000000000e+00,0.0000000000e+00,0.0000000000e+00,0.0000000000e+00,0.0000000000e+00,0.0000000000e+00,0.0000000000e+00,0.0000000000e+00,0.0000000000e+00,0.0000000000e+00,0.0000000000e+00,0.0000000000e+00,0.0000000000e+00,0.0000000000e+00,0.0000000000e+00,0.0000000000e+00,0.0000000000e+00,0.0000000000e+00,0.0000000000e+00,0.0000000000e+00,0.0000000000e+00,0.0000000000e+00,0.0000000000e+00,0.0000000000e+00,0.0000000000e+00,0.0000000000e+00,0.0000000000e+00,0.0000000000e+00,0.0000000000e+00,0.0000000000e+00,0.0000000000e+00,0.0000000000e+00,0.0000000000e+00,0.0000000000e+00,0.0000000000e+00,0.0000000000e+00,0.0000000000e+00,0.0000000000e+00,0.0000000000e+00,0.0000000000e+00,0.0000000000e+00,0.0000000000e+00,0.0000000000e+00,0.0000000000e+00,0.0000000000e+00
3.1622776602e-01,9.6009414432e+00,9.6009414432e+00,9.6009414432e+00,9.6009414432e+00,9.6009414432e+00,9.6009414432e+00,9.6009414432e+00,9.6009414432e+00,9.6009414432e+00,9.6009414432e+00,9.6009414432e+00,9.6009414432e+00,9.6009414432e+00,9.6009414432e+00,9.6009414432e+00,9.6009414432e+00,9.6009414432e+00,9.6009414432e+00,9.6009414432e+00,9.6009414432e+00,9.6009414432e+00,9.6009414432e+00,9.6009414432e+00,9.6009414432e+00,9.6009414432e+00,9.6009414432e+00,9.6009414432e+00,9.6009414432e+00,9.6009414432e+00,9.6009414432e+00,9.6009414432e+00,9.6009414432e+00,9.6009414432e+00,9.6009414432e+00,9.6009414432e+00,9.6009414432e+00,9.6009414432e+00,9.6009414432e+00,9.6009414432e+00,9.6009414432e+00,9.6009414432e+00,9.6009414432e+00,9.6009414432e+00,9.6009414432e+00,9.6009414432e+00,9.6009414432e+00,9.6009414432e+00,9.6009414432e+00,9.6056993248e+00,9.6122245599e+00,9.6194031616e+00,9.6273011104e+00,9.6359911665e+00,9.6455535909e+00,9.6560769481e+00,9.6676590005e+00,9.6804077071e+00,9.6944423387e+00,9.7098947262e+00,9.7261317143e+00,9.7406404172e+00,9.7566154681e+00,9.7742078002e+00,9.7935844549e+00,9.8149304190e+00,9.8325888666e+00,9.8505182181e+00,9.8702664957e+00,9.8899160512e+00,9.9049055674e+00,9.9214104395e+00,9.9343535707e+00,9.9448805642e+00,9.9533570714e+00,9.9591131995e+00,9.9624951376e+00,9.9640388049e+00,9.9618834860e+00,9.9544066101e+00,9.9407253329e+00,9.9190029177e+00,9.8865971324e+00,9.8451040998e+00,9.8075915168e+00,9.8100399007e+00,9.9185123683e+00,1.0101019196e+01,1.0443990167e+01,1.0859062660e+01,1.1266673841e+01,1.1365843198e+01,1.0795642921e+01,9.9987027002e+00,9.0765428837e+00,8.0081185403e+00,6.9811423170e+00,5.8499368742e+00,4.3700236644e+00,2.6938684530e+00,1.2645444339e+00,8.3975811828e-01,4.4038628035e-01,8.5284578675e-02,3.6593620930e-02,1.2452155653e-02,1.5221609616e-03,5.0422049064e-04,8.2648767251e-05,1.1921055732e-05,2.0411291129e-05,1.3156730311e-04,0.0000000000e+00,0.0000000000e+00,0.0000000000e+00,0.0000000000e+00,0.0000000000e+00,0.0000000000e+00,0.0000000000e+00,0.0000000000e+00,0.0000000000e+00,0.0000000000e+00,0.0000000000e+00,0.0000000000e+00,0.0000000000e+00,0.0000000000e+00,0.0000000000e+00,0.0000000000e+00,0.0000000000e+00,0.0000000000e+00,0.0000000000e+00,0.0000000000e+00,0.0000000000e+00,0.0000000000e+00,0.0000000000e+00,0.0000000000e+00,0.0000000000e+00,0.0000000000e+00,0.0000000000e+00,0.0000000000e+00,0.0000000000e+00,0.0000000000e+00,0.0000000000e+00,0.0000000000e+00,0.0000000000e+00,0.0000000000e+00,0.0000000000e+00,0.0000000000e+00,0.0000000000e+00,0.0000000000e+00,0.0000000000e+00,0.0000000000e+00,0.0000000000e+00,0.0000000000e+00,0.0000000000e+00,0.0000000000e+00,0.0000000000e+00,0.0000000000e+00,0.0000000000e+00,0.0000000000e+00,0.0000000000e+00,0.0000000000e+00,0.0000000000e+00,0.0000000000e+00,0.0000000000e+00,0.0000000000e+00,0.0000000000e+00,0.0000000000e+00,0.0000000000e+00,0.0000000000e+00,0.0000000000e+00,0.0000000000e+00,0.0000000000e+00,0.0000000000e+00,0.0000000000e+00,0.0000000000e+00,0.0000000000e+00,0.0000000000e+00,0.0000000000e+00,0.0000000000e+00,0.0000000000e+00,0.0000000000e+00,0.0000000000e+00,0.0000000000e+00,0.0000000000e+00,0.0000000000e+00,0.0000000000e+00,0.0000000000e+00,0.0000000000e+00,0.0000000000e+00,0.0000000000e+00,0.0000000000e+00,0.0000000000e+00,0.0000000000e+00,0.0000000000e+00,0.0000000000e+00,0.0000000000e+00,0.0000000000e+00,0.0000000000e+00,0.0000000000e+00,0.0000000000e+00
3.3054513476e-01,9.5612412369e+00,9.5612412369e+00,9.5612412369e+00,9.5612412369e+00,9.5612412369e+00,9.5612412369e+00,9.5612412369e+00,9.5612412369e+00,9.5612412369e+00,9.5612412369e+00,9.5612412369e+00,9.5612412369e+00,9.5612412369e+00,9.5612412369e+00,9.5612412369e+00,9.5612412369e+00,9.5612412369e+00,9.5612412369e+00,9.5612412369e+00,9.5612412369e+00,9.5612412369e+00,9.5612412369e+00,9.5612412369e+00,9.5612412369e+00,9.5612412369e+00,9.5612412369e+00,9.5612412369e+00,9.5612412369e+00,9.5612412369e+00,9.5612412369e+00,9.5612412369e+00,9.5612412369e+00,9.5612412369e+00,9.5612412369e+00,9.5612412369e+00,9.5612412369e+00,9.5612412369e+00,9.5612412369e+00,9.5612412369e+00,9.5612412369e+00,9.5612412369e+00,9.5612412369e+00,9.5612412369e+00,9.5612412369e+00,9.5612412369e+00,9.5612412369e+00,9.5612412369e+00,9.5612412369e+00,9.5656876760e+00,9.5717855602e+00,9.5784937263e+00,9.5858737424e+00,9.5939934903e+00,9.6029278341e+00,9.6127593642e+00,9.6235792264e+00,9.6354880452e+00,9.6485969555e+00,9.6630287557e+00,9.6782072911e+00,9.6918391226e+00,9.7068473702e+00,9.7233734371e+00,9.7415737607e+00,9.7616215160e+00,9.7783503151e+00,9.7953847631e+00,9.8141457492e+00,9.8328866827e+00,9.8474457850e+00,9.8634761429e+00,9.8763424046e+00,9.8871021081e+00,9.8960913172e+00,9.9027061491e+00,9.9072609359e+00,9.9102625105e+00,9.9100063717e+00,9.9050144848e+00,9.8944945928e+00,9.8767800034e+00,9.8494772687e+00,9.8140824652e+00,9.7826549117e+00,9.7882035689e+00,9.8912184246e+00,1.0062537302e+01,1.0380991192e+01,1.0765656336e+01,1.1143838615e+01,1.1226277249e+01,1.0663142810e+01,9.8830554717e+00,8.9863526760e+00,7.9532688472e+00,6.9557000155e+00,5.8588914418e+00,4.4076549211e+00,2.7563569468e+00,1.3384871630e+00,8.9690371268e-01,4.7604951912e-01,9.7363861992e-02,4.2879302739e-02,1.4845531313e-02,1.9114562294e-03,6.3832953750e-04,9.5018832049e-05,1.4077394432e-05,2.0352409734e-05,1.2286943963e-04,0.0000000000e+00,0.0000000000e+00,0.0000000000e+00,0.0000000000e+00,0.0000000000e+00,0.0000000000e+00,0.0000000000e+00,0.0000000000e+00,0.0000000000e+00,0.0000000000e+00,0.0000000000e+00,0.0000000000e+00,0.0000000000e+00,0.0000000000e+00,0.0000000000e+00,0.0000000000e+00,0.0000000000e+00,0.0000000000e+00,0.0000000000e+00,0.0000000000e+00,0.0000000000e+00,0.0000000000e+00,0.0000000000e+00,0.0000000000e+00,0.0000000000e+00,0.0000000000e+00,0.0000000000e+00,0.0000000000e+00,0.0000000000e+00,0.0000000000e+00,0.0000000000e+00,0.0000000000e+00,0.0000000000e+00,0.0000000000e+00,0.0000000000e+00,0.0000000000e+00,0.0000000000e+00,0.0000000000e+00,0.0000000000e+00,0.0000000000e+00,0.0000000000e+00,0.0000000000e+00,0.0000000000e+00,0.0000000000e+00,0.0000000000e+00,0.0000000000e+00,0.0000000000e+00,0.0000000000e+00,0.0000000000e+00,0.0000000000e+00,0.0000000000e+00,0.0000000000e+00,0.0000000000e+00,0.0000000000e+00,0.0000000000e+00,0.0000000000e+00,0.0000000000e+00,0.0000000000e+00,0.0000000000e+00,0.0000000000e+00,0.0000000000e+00,0.0000000000e+00,0.0000000000e+00,0.0000000000e+00,0.0000000000e+00,0.0000000000e+00,0.0000000000e+00,0.0000000000e+00,0.0000000000e+00,0.0000000000e+00,0.0000000000e+00,0.0000000000e+00,0.0000000000e+00,0.0000000000e+00,0.0000000000e+00,0.0000000000e+00,0.0000000000e+00,0.0000000000e+00,0.0000000000e+00,0.0000000000e+00,0.0000000000e+00,0.0000000000e+00,0.0000000000e+00,0.0000000000e+00,0.0000000000e+00,0.0000000000e+00,0.0000000000e+00,0.0000000000e+00,0.0000000000e+00
3.4551072946e-01,9.5213323848e+00,9.5213323848e+00,9.5213323848e+00,9.5213323848e+00,9.5213323848e+00,9.5213323848e+00,9.5213323848e+00,9.5213323848e+00,9.5213323848e+00,9.5213323848e+00,9.5213323848e+00,9.5213323848e+00,9.5213323848e+00,9.5213323848e+00,9.5213323848e+00,9.5213323848e+00,9.5213323848e+00,9.5213323848e+00,9.5213323848e+00,9.5213323848e+00,9.5213323848e+00,9.5213323848e+00,9.5213323848e+00,9.5213323848e+00,9.5213323848e+00,9.5213323848e+00,9.5213323848e+00,9.5213323848e+00,9.5213323848e+00,9.5213323848e+00,9.5213323848e+00,9.5213323848e+00,9.5213323848e+00,9.5213323848e+00,9.5213323848e+00,9.5213323848e+00,9.5213323848e+00,9.5213323848e+00,9.5213323848e+00,9.5213323848e+00,9.5213323848e+00,9.5213323848e+00,9.5213323848e+00,9.5213323848e+00,9.5213323848e+00,9.5213323848e+00,9.5213323848e+00,9.5213323848e+00,9.5254828769e+00,9.5311747002e+00,9.5374359043e+00,9.5443238760e+00,9.5519018760e+00,9.5602396580e+00,9.5694141583e+00,9.5795102623e+00,9.5906216590e+00,9.6028517939e+00,9.6163149333e+00,9.6304867427e+00,9.6432740484e+00,9.6573513068e+00,9.6728507896e+00,9.6899187805e+00,9.7087171518e+00,9.7245275131e+00,9.7406684220e+00,9.7584437717e+00,9.7762625563e+00,9.7903273403e+00,9.8058127455e+00,9.8184861087e+00,9.8293234032e+00,9.8386326042e+00,9.8458690098e+00,9.8513163340e+00,9.8554532664e+00,9.8567163268e+00,9.8537574678e+00,9.8458651855e+00,9.8315256554e+00,9.8085694510e+00,9.7783933447e+00,9.7521049576e+00,9.7599571873e+00,9.8572746803e+00,1.0017470435e+01,1.0312369919e+01,1.0667915844e+01,1.1017730233e+01,1.1084242975e+01,1.0529083041e+01,9.7665299724e+00,8.8954134531e+00,7.8971749929e+00,6.9291893521e+00,5.8668847817e+00,4.4446653846e+00,2.8190436647e+00,1.4141262596e+00,9.5593494327e-01,5.1346119409e-01,1.1087507688e-01,5.0093873680e-02,1.7649855291e-02,2.4039253383e-03,8.1175431222e-04,1.1335982990e-04,1.7210142809e-05,2.0467729525e-05,1.1436559375e-04,0.0000000000e+00,0.0000000000e+00,0.0000000000e+00,0.0000000000e+00,0.0000000000e+00,0.0000000000e+00,0.0000000000e+00,0.0000000000e+00,0.0000000000e+00,0.0000000000e+00,0.0000000000e+00,0.0000000000e+00,0.0000000000e+00,0.0000000000e+00,0.0000000000e+00,0.0000000000e+00,0.0000000000e+00,0.0000000000e+00,0.0000000000e+00,0.0000000000e+00,0.0000000000e+00,0.0000000000e+00,0.0000000000e+00,0.0000000000e+00,0.0000000000e+00,0.0000000000e+00,0.0000000000e+00,0.0000000000e+00,0.0000000000e+00,0.0000000000e+00,0.0000000000e+00,0.0000000000e+00,0.0000000000e+00,0.0000000000e+00,0.0000000000e+00,0.0000000000e+00,0.0000000000e+00,0.0000000000e+00,0.0000000000e+00,0.0000000000e+00,0.0000000000e+00,0.0000000000e+00,0.0000000000e+00,0.0000000000e+00,0.0000000000e+00,0.0000000000e+00,0.0000000000e+00,0.0000000000e+00,0.0000000000e+00,0.0000000000e+00,0.0000000000e+00,0.0000000000e+00,0.0000000000e+00,0.0000000000e+00,0.0000000000e+00,0.0000000000e+00,0.0000000000e+00,0.0000000000e+00,0.0000000000e+00,0.0000000000e+00,0.0000000000e+00,0.0000000000e+00,0.0000000000e+00,0.0000000000e+00,0.0000000000e+00,0.0000000000e+00,0.0000000000e+00,0.0000000000e+00,0.0000000000e+00,0.0000000000e+00,0.0000000000e+00,0.0000000000e+00,0.0000000000e+00,0.0000000000e+00,0.0000000000e+00,0.0000000000e+00,0.0000000000e+00,0.0000000000e+00,0.0000000000e+00,0.0000000000e+00,0.0000000000e+00,0.0000000000e+00,0.0000000000e+00,0.0000000000e+00,0.0000000000e+00,0.0000000000e+00,0.0000000000e+00,0.0000000000e+00,0.0000000000e+00
3.6115389887e-01,9.4799767569e+00,9.4799767569e+00,9.4799767569e+00,9.4799767569e+00,9.4799767569e+00,9.4799767569e+00,9.4799767569e+00,9.4799767569e+00,9.4799767569e+00,9.4799767569e+00,9.4799767569e+00,9.4799767569e+00,9.4799767569e+00,9.4799767569e+00,9.4799767569e+00,9.4799767569e+00,9.4799767569e+00,9.4799767569e+00,9.4799767569e+00,9.4799767569e+00,9.4799767569e+00,9.4799767569e+00,9.4799767569e+00,9.4799767569e+00,9.4799767569e+00,9.4799767569e+00,9.4799767569e+00,9.4799767569e+00,9.4799767569e+00,9.4799767569e+00,9.4799767569e+00,9.4799767569e+00,9.4799767569e+00,9.4799767569e+00,9.4799767569e+00,9.4799767569e+00,9.4799767569e+00,9.4799767569e+00,9.4799767569e+00,9.4799767569e+00,9.4799767569e+00,9.4799767569e+00,9.4799767569e+00,9.4799767569e+00,9.4799767569e+00,9.4799767569e+00,9.4799767569e+00,9.4799767569e+00,9.4838459267e+00,9.4891517810e+00,9.4949881726e+00,9.5014085248e+00,9.5084717188e+00,9.5162426671e+00,9.5247929516e+00,9.5342015321e+00,9.5445555360e+00,9.5559511375e+00,9.5684945395e+00,9.5817085397e+00,9.5936828417e+00,9.6068640034e+00,9.6213755509e+00,9.6373540488e+00,9.6549505586e+00,9.6698561897e+00,9.6851087057e+00,9.7019042511e+00,9.7187934285e+00,9.7323112879e+00,9.7471937808e+00,9.7595756336e+00,9.7703571699e+00,9.7798197192e+00,9.7874716061e+00,9.7935672639e+00,9.7985581123e+00,9.8010081900e+00,9.7996864625e+00,9.7939532914e+00,9.7824322520e+00,9.7631555367e+00,9.7374218829e+00,9.7154426484e+00,9.7249164356e+00,9.8163857016e+00,9.9656113266e+00,1.0237967620e+01,1.0565732071e+01,1.0888331802e+01,1.0939815336e+01,1.0393549772e+01,9.6492212701e+00,8.8038551221e+00,7.8400207856e+00,6.9017791526e+00,5.8740374472e+00,4.4811414422e+00,2.8819276466e+00,1.4913238740e+00,1.0167961418e+00,5.5264788920e-01,1.2593829336e-01,5.8337964226e-02,2.0922196760e-02,3.0241465439e-03,1.0348916616e-03,1.3984731692e-04,2.1764050598e-05,2.0868532837e-05,1.0612528106e-04,0.0000000000e+00,0.0000000000e+00,0.0000000000e+00,0.0000000000e+00,0.0000000000e+00,0.0000000000e+00,0.0000000000e+00,0.0000000000e+00,0.0000000000e+00,0.0000000000e+00,0.0000000000e+00,0.0000000000e+00,0.0000000000e+00,0.0000000000e+00,0.0000000000e+00,0.0000000000e+00,0.0000000000e+00,0.0000000000e+00,0.0000000000e+00,0.0000000000e+00,0.0000000000e+00,0.0000000000e+00,0.0000000000e+00,0.0000000000e+00,0.0000000000e+00,0.0000000000e+00,0.0000000000e+00,0.0000000000e+00,0.0000000000e+00,0.0000000000e+00,0.0000000000e+00,0.0000000000e+00,0.0000000000e+00,0.0000000000e+00,0.0000000000e+00,0.0000000000e+00,0.0000000000e+00,0.0000000000e+00,0.0000000000e+00,0.0000000000e+00,0.0000000000e+00,0.0000000000e+00,0.0000000000e+00,0.0000000000e+00,0.0000000000e+00,0.0000000000e+00,0.0000000000e+00,0.0000000000e+00,0.0000000000e+00,0.0000000000e+00,0.0000000000e+00,0.0000000000e+00,0.0000000000e+00,0.0000000000e+00,0.0000000000e+00,0.0000000000e+00,0.0000000000e+00,0.0000000000e+00,0.0000000000e+00,0.0000000000e+00,0.0000000000e+00,0.0000000000e+00,0.0000000000e+00,0.0000000000e+00,0.0000000000e+00,0.0000000000e+00,0.0000000000e+00,0.0000000000e+00,0.0000000000e+00,0.0000000000e+00,0.0000000000e+00,0.0000000000e+00,0.0000000000e+00,0.0000000000e+00,0.0000000000e+00,0.0000000000e+00,0.0000000000e+00,0.0000000000e+00,0.0000000000e+00,0.0000000000e+00,0.0000000000e+00,0.0000000000e+00,0.0000000000e+00,0.0000000000e+00,0.0000000000e+00,0.0000000000e+00,0.0000000000e+00,0.0000000000e+00,0.0000000000e+00
3.7750532053e-01,9.4360897560e+00,9.4360897560e+00,9.4360897560e+00,9.4360897560e+00,9.4360897560e+00,9.4360897560e+00,9.4360897560e+00,9.4360897560e+00,9.4360897560e+00,9.4360897560e+00,9.4360897560e+00,9.4360897560e+00,9.4360897560e+00,9.4360897560e+00,9.4360897560e+00,9.4360897560e+00,9.4360897560e+00,9.4360897560e+00,9.4360897560e+00,9.4360897560e+00,9.4360897560e+00,9.4360897560e+00,9.4360897560e+00,9.4360897560e+00,9.4360897560e+00,9.4360897560e+00,9.4360897560e+00,9.4360897560e+00,9.4360897560e+00,9.4360897560e+00,9.4360897560e+00,9.4360897560e+00,9.4360897560e+00,9.4360897560e+00,9.4360897560e+00,9.4360897560e+00,9.4360897560e+00,9.4360897560e+00,9.4360897560e+00,9.4360897560e+00,9.4360897560e+00,9.4360897560e+00,9.4360897560e+00,9.4360897560e+00,9.4360897560e+00,9.4360897560e+00,9.4360897560e+00,9.4360897560e+00,9.4396915406e+00,9.4446305707e+00,9.4500632524e+00,9.4560392516e+00,9.4626132994e+00,9.4698457221e+00,9.4778030312e+00,9.4865585776e+00,9.4961932804e+00,9.5067964378e+00,9.5184666314e+00,9.5307695450e+00,9.5419619654e+00,9.5542814682e+00,9.5678432109e+00,9.5827744640e+00,9.5992159570e+00,9.6132333072e+00,9.6276065096e+00,9.6434324220e+00,9.6593906091e+00,9.6723197110e+00,9.6865532294e+00,9.6985613111e+00,9.7091740429e+00,9.7186475177e+00,9.7265375511e+00,9.7330707194e+00,9.7386720117e+00,9.7420209758e+00,9.7419920226e+00,9.7380093817e+00,9.7288201279e+00,9.7126378525e+00,9.6906650776e+00,9.6722710072e+00,9.6827890167e+00,9.7683392778e+00,9.9068252632e+00,1.0157687629e+01,1.0459044561e+01,1.0755655668e+01,1.0793078360e+01,1.0256622912e+01,9.5312023813e+00,8.7117700561e+00,7.7819396617e+00,6.8735801696e+00,5.8804104811e+00,4.5171179280e+00,2.9449749469e+00,1.5699274300e+00,1.0794235897e+00,5.9363462887e-01,1.4267661506e-01,6.7717541092e-02,2.4725408113e-02,3.8014980906e-03,1.3205041399e-03,1.7739651956e-04,2.8372791567e-05,2.1723317136e-05,9.8231508361e-05,0.0000000000e+00,0.0000000000e+00,0.0000000000e+00,0.0000000000e+00,0.0000000000e+00,0.0000000000e+00,0.0000000000e+00,0.0000000000e+00,0.0000000000e+00,0.0000000000e+00,0.0000000000e+00,0.0000000000e+00,0.0000000000e+00,0.0000000000e+00,0.0000000000e+00,0.0000000000e+00,0.0000000000e+00,0.0000000000e+00,0.0000000000e+00,0.0000000000e+00,0.0000000000e+00,0.0000000000e+00,0.0000000000e+00,0.0000000000e+00,0.0000000000e+00,0.0000000000e+00,0.0000000000e+00,0.0000000000e+00,0.0000000000e+00,0.0000000000e+00,0.0000000000e+00,0.0000000000e+00,0.0000000000e+00,0.0000000000e+00,0.0000000000e+00,0.0000000000e+00,0.0000000000e+00,0.0000000000e+00,0.0000000000e+00,0.0000000000e+00,0.0000000000e+00,0.0000000000e+00,0.0000000000e+00,0.0000000000e+00,0.0000000000e+00,0.0000000000e+00,0.0000000000e+00,0.0000000000e+00,0.0000000000e+00,0.0000000000e+00,0.0000000000e+00,0.0000000000e+00,0.0000000000e+00,0.0000000000e+00,0.0000000000e+00,0.0000000000e+00,0.0000000000e+00,0.0000000000e+00,0.0000000000e+00,0.0000000000e+00,0.0000000000e+00,0.0000000000e+00,0.0000000000e+00,0.0000000000e+00,0.0000000000e+00,0.0000000000e+00,0.0000000000e+00,0.0000000000e+00,0.0000000000e+00,0.0000000000e+00,0.0000000000e+00,0.0000000000e+00,0.0000000000e+00,0.0000000000e+00,0.0000000000e+00,0.0000000000e+00,0.0000000000e+00,0.0000000000e+00,0.0000000000e+00,0.0000000000e+00,0.0000000000e+00,0.0000000000e+00,0.0000000000e+00,0.0000000000e+00,0.0000000000e+00,0.0000000000e+00,0.0000000000e+00,0.0000000000e+00,0.0000000000e+00
3.9459706091e-01,9.3887368505e+00,9.3887368505e+00,9.3887368505e+00,9.3887368505e+00,9.3887368505e+00,9.3887368505e+00,9.3887368505e+00,9.3887368505e+00,9.3887368505e+00,9.3887368505e+00,9.3887368505e+00,9.3887368505e+00,9.3887368505e+00,9.3887368505e+00,9.3887368505e+00,9.3887368505e+00,9.3887368505e+00,9.3887368505e+00,9.3887368505e+00,9.3887368505e+00,9.3887368505e+00,9.3887368505e+00,9.3887368505e+00,9.3887368505e+00,9.3887368505e+00,9.3887368505e+00,9.3887368505e+00,9.3887368505e+00,9.3887368505e+00,9.3887368505e+00,9.3887368505e+00,9.3887368505e+00,9.3887368505e+00,9.3887368505e+00,9.3887368505e+00,9.3887368505e+00,9.3887368505e+00,9.3887368505e+00,9.3887368505e+00,9.3887368505e+00,9.3887368505e+00,9.3887368505e+00,9.3887368505e+00,9.3887368505e+00,9.3887368505e+00,9.3887368505e+00,9.3887368505e+00,9.3887368505e+00,9.3920846405e+00,9.3966752380e+00,9.4017244790e+00,9.4072784694e+00,9.4133880089e+00,9.4201090813e+00,9.4275033985e+00,9.4356390043e+00,9.4445909462e+00,9.4544420225e+00,9.4652836145e+00,9.4767204403e+00,9.4871620023e+00,9.4986541608e+00,9.5113040762e+00,9.5252301424e+00,9.5405632282e+00,9.5537115956e+00,9.5672185130e+00,9.5820893161e+00,9.5971210710e+00,9.6094297528e+00,9.6229794619e+00,9.6345467587e+00,9.6448964744e+00,9.6542608529e+00,9.6622382326e+00,9.6690288291e+00,9.6750320313e+00,9.6790322059e+00,9.6799988968e+00,9.6774130362e+00,9.6701327324e+00,9.6565347649e+00,9.6377278018e+00,9.6222915808e+00,9.6333714832e+00,9.7130032700e+00,9.8410470872e+00,1.0071492487e+01,1.0347839127e+01,1.0619742063e+01,1.0644124806e+01,1.0118376844e+01,9.4125262992e+00,8.6192160890e+00,7.7230178958e+00,6.8446485244e+00,5.8860084884e+00,4.5525797312e+00,3.0081182869e+00,1.6497689849e+00,1.1437442976e+00,6.3644363838e-01,1.6121496170e-01,7.8343377455e-02,2.9128406958e-02,4.7708138230e-03,1.6841470170e-03,2.2988123625e-04,3.7931878749e-05,2.3284138106e-05,9.0788845505e-05,0.0000000000e+00,0.0000000000e+00,0.0000000000e+00,0.0000000000e+00,0.0000000000e+00,0.0000000000e+00,0.0000000000e+00,0.0000000000e+00,0.0000000000e+00,0.0000000000e+00,0.0000000000e+00,0.0000000000e+00,0.0000000000e+00,0.0000000000e+00,0.0000000000e+00,0.0000000000e+00,0.0000000000e+00,0.0000000000e+00,0.0000000000e+00,0.0000000000e+00,0.0000000000e+00,0.0000000000e+00,0.0000000000e+00,0.0000000000e+00,0.0000000000e+00,0.0000000000e+00,0.0000000000e+00,0.0000000000e+00,0.0000000000e+00,0.0000000000e+00,0.0000000000e+00,0.0000000000e+00,0.0000000000e+00,0.0000000000e+00,0.0000000000e+00,0.0000000000e+00,0.0000000000e+00,0.0000000000e+00,0.0000000000e+00,0.0000000000e+00,0.0000000000e+00,0.0000000000e+00,0.0000000000e+00,0.0000000000e+00,0.0000000000e+00,0.0000000000e+00,0.0000000000e+00,0.0000000000e+00,0.0000000000e+00,0.0000000000e+00,0.0000000000e+00,0.0000000000e+00,0.0000000000e+00,0.0000000000e+00,0.0000000000e+00,0.0000000000e+00,0.0000000000e+00,0.0000000000e+00,0.0000000000e+00,0.0000000000e+00,0.0000000000e+00,0.0000000000e+00,0.0000000000e+00,0.0000000000e+00,0.0000000000e+00,0.0000000000e+00,0.0000000000e+00,0.0000000000e+00,0.0000000000e+00,0.0000000000e+00,0.0000000000e+00,0.0000000000e+00,0.0000000000e+00,0.0000000000e+00,0.0000000000e+00,0.0000000000e+00,0.0000000000e+00,0.0000000000e+00,0.0000000000e+00,0.0000000000e+00,0.0000000000e+00,0.0000000000e+00,0.0000000000e+00,0.0000000000e+00,0.0000000000e+00,0.0000000000e+00,0.0000000000e+00,0.0000000000e+00,0.0000000000e+00
4.1246263829e-01,9.3371292367e+00,9.3371292367e+00,9.3371292367e+00,9.3371292367e+00,9.3371292367e+00,9.3371292367e+00,9.3371292367e+00,9.3371292367e+00,9.3371292367e+00,9.3371292367e+00,9.3371292367e+00,9.3371292367e+00,9.3371292367e+00,9.3371292367e+00,9.3371292367e+00,9.3371292367e+00,9.3371292367e+00,9.3371292367e+00,9.3371292367e+00,9.3371292367e+00,9.3371292367e+00,9.3371292367e+00,9.3371292367e+00,9.3371292367e+00,9.3371292367e+00,9.3371292367e+00,9.3371292367e+00,9.3371292367e+00,9.3371292367e+00,9.3371292367e+00,9.3371292367e+00,9.3371292367e+00,9.3371292367e+00,9.3371292367e+00,9.3371292367e+00,9.3371292367e+00,9.3371292367e+00,9.3371292367e+00,9.3371292367e+00,9.3371292367e+00,9.3371292367e+00,9.3371292367e+00,9.3371292367e+00,9.3371292367e+00,9.3371292367e+00,9.3371292367e+00,9.3371292367e+00,9.3371292367e+00,9.3402359813e+00,9.3444959292e+00,9.3491813250e+00,9.3543349039e+00,9.3600037449e+00,9.3662397231e+00,9.3731000109e+00,9.3806476346e+00,9.3889520929e+00,9.3980900441e+00,9.4081460710e+00,9.4187604313e+00,9.4284822523e+00,9.4391814705e+00,9.4509576169e+00,9.4639206224e+00,9.4781919602e+00,9.4904934766e+00,9.5031509818e+00,9.5170854321e+00,9.5312009949e+00,9.5428670859e+00,9.5557086266e+00,9.5667822270e+00,9.5767920691e+00,9.5859479221e+00,9.5938861972e+00,9.6007823028e+00,9.6070108671e+00,9.6114515511e+00,9.6131598411e+00,9.6116669777e+00,9.6059309442e+00,9.5944753410e+00,9.5783178505e+00,9.5652999025e+00,9.5765450194e+00,9.6503214818e+00,9.7682773057e+00,9.9794003359e+00,1.0232144852e+01,1.0480657288e+01,1.0493055542e+01,9.9788809501e+00,9.2932278660e+00,8.5262194845e+00,7.6632980639e+00,6.8149896023e+00,5.8907833804e+00,4.5874642086e+00,3.0712574303e+00,1.7306648052e+00,1.2096747332e+00,6.8109287979e-01,1.8167858765e-01,9.0330350411e-02,3.4206403908e-02,5.9730623529e-03,2.1446453654e-03,3.0240456302e-04,5.1696058448e-05,2.5924055265e-05,8.3936945989e-05,0.0000000000e+00,0.0000000000e+00,0.0000000000e+00,0.0000000000e+00,0.0000000000e+00,0.0000000000e+00,0.0000000000e+00,0.0000000000e+00,0.0000000000e+00,0.0000000000e+00,0.0000000000e+00,0.0000000000e+00,0.0000000000e+00,0.0000000000e+00,0.0000000000e+00,0.0000000000e+00,0.0000000000e+00,0.0000000000e+00,0.0000000000e+00,0.0000000000e+00,0.0000000000e+00,0.0000000000e+00,0.0000000000e+00,0.0000000000e+00,0.0000000000e+00,0.0000000000e+00,0.0000000000e+00,0.0000000000e+00,0.0000000000e+00,0.0000000000e+00,0.0000000000e+00,0.0000000000e+00,0.0000000000e+00,0.0000000000e+00,0.0000000000e+00,0.0000000000e+00,0.0000000000e+00,0.0000000000e+00,0.0000000000e+00,0.0000000000e+00,0.0000000000e+00,0.0000000000e+00,0.0000000000e+00,0.0000000000e+00,0.0000000000e+00,0.0000000000e+00,0.0000000000e+00,0.0000000000e+00,0.0000000000e+00,0.0000000000e+00,0.0000000000e+00,0.0000000000e+00,0.0000000000e+00,0.0000000000e+00,0.0000000000e+00,0.0000000000e+00,0.0000000000e+00,0.0000000000e+00,0.0000000000e+00,0.0000000000e+00,0.0000000000e+00,0.0000000000e+00,0.0000000000e+00,0.0000000000e+00,0.0000000000e+00,0.0000000000e+00,0.0000000000e+00,0.0000000000e+00,0.0000000000e+00,0.0000000000e+00,0.0000000000e+00,0.0000000000e+00,0.0000000000e+00,0.0000000000e+00,0.0000000000e+00,0.0000000000e+00,0.0000000000e+00,0.0000000000e+00,0.0000000000e+00,0.0000000000e+00,0.0000000000e+00,0.0000000000e+00,0.0000000000e+00,0.0000000000e+00,0.0000000000e+00,0.0000000000e+00,0.0000000000e+00,0.0000000000e+00,0.0000000000e+00
4.3113708854e-01,9.2806184013e+00,9.2806184013e+00,9.2806184013e+00,9.2806184013e+00,9.2806184013e+00,9.2806184013e+00,9.2806184013e+00,9.2806184013e+00,9.2806184013e+00,9.2806184013e+00,9.2806184013e+00,9.2806184013e+00,9.2806184013e+00,9.2806184013e+00,9.2806184013e+00,9.2806184013e+00,9.2806184013e+00,9.2806184013e+00,9.2806184013e+00,9.2806184013e+00,9.2806184013e+00,9.2806184013e+00,9.2806184013e+00,9.2806184013e+00,9.2806184013e+00,9.2806184013e+00,9.2806184013e+00,9.2806184013e+00,9.2806184013e+00,9.2806184013e+00,9.2806184013e+00,9.2806184013e+00,9.2806184013e+00,9.2806184013e+00,9.2806184013e+00,9.2806184013e+00,9.2806184013e+00,9.2806184013e+00,9.2806184013e+00,9.2806184013e+00,9.2806184013e+00,9.2806184013e+00,9.2806184013e+00,9.2806184013e+00,9.2806184013e+00,9.2806184013e+00,9.2806184013e+00,9.2806184013e+00,9.2834966824e+00,9.2874432570e+00,9.2917838414e+00,9.2965579834e+00,9.3018092447e+00,9.3075856172e+00,9.3139399847e+00,9.3209306349e+00,9.3286218283e+00,9.3370844294e+00,9.3463966094e+00,9.3562309899e+00,9.3652643826e+00,9.3752052653e+00,9.3861459048e+00,9.3981881793e+00,9.4114446267e+00,9.4229241378e+00,9.4347527399e+00,9.4477735933e+00,9.4609885188e+00,9.4719985974e+00,9.4841172617e+00,9.4946571750e+00,9.5042661479e+00,9.5131328385e+00,9.5209277532e+00,9.5278030874e+00,9.5341095677e+00,9.5388136568e+00,9.5410485926e+00,9.5403902402e+00,9.5358864870e+00,9.5261930719e+00,9.5122400156e+00,9.5011799582e+00,9.5122702384e+00,9.5803086291e+00,9.6885773963e+00,9.8814806405e+00,1.0112030565e+01,1.0338491479e+01,1.0339978656e+01,9.8381999605e+00,9.1733255308e+00,8.4327779087e+00,7.6027827555e+00,6.7845623730e+00,5.8946387425e+00,4.6216643391e+00,3.1342602460e+00,1.8124151980e+00,1.2771195420e+00,7.2759439409e-01,2.0419133180e-01,1.0379654706e-01,4.0041053847e-02,7.4560329607e-03,2.7246202217e-03,4.0162927918e-04,7.1407791830e-05,3.0189769540e-05,7.7872073392e-05,0.0000000000e+00,0.0000000000e+00,0.0000000000e+00,0.0000000000e+00,0.0000000000e+00,0.0000000000e+00,0.0000000000e+00,0.0000000000e+00,0.0000000000e+00,0.0000000000e+00,0.0000000000e+00,0.0000000000e+00,0.0000000000e+00,0.0000000000e+00,0.0000000000e+00,0.0000000000e+00,0.0000000000e+00,0.0000000000e+00,0.0000000000e+00,0.0000000000e+00,0.0000000000e+00,0.0000000000e+00,0.0000000000e+00,0.0000000000e+00,0.0000000000e+00,0.0000000000e+00,0.0000000000e+00,0.0000000000e+00,0.0000000000e+00,0.0000000000e+00,0.0000000000e+00,0.0000000000e+00,0.0000000000e+00,0.0000000000e+00,0.0000000000e+00,0.0000000000e+00,0.0000000000e+00,0.0000000000e+00,0.0000000000e+00,0.0000000000e+00,0.0000000000e+00,0.0000000000e+00,0.0000000000e+00,0.0000000000e+00,0.0000000000e+00,0.0000000000e+00,0.0000000000e+00,0.0000000000e+00,0.0000000000e+00,0.0000000000e+00,0.0000000000e+00,0.0000000000e+00,0.0000000000e+00,0.0000000000e+00,0.0000000000e+00,0.0000000000e+00,0.0000000000e+00,0.0000000000e+00,0.0000000000e+00,0.0000000000e+00,0.0000000000e+00,0.0000000000e+00,0.0000000000e+00,0.0000000000e+00,0.0000000000e+00,0.0000000000e+00,0.0000000000e+00,0.0000000000e+00,0.0000000000e+00,0.0000000000e+00,0.0000000000e+00,0.0000000000e+00,0.0000000000e+00,0.0000000000e+00,0.0000000000e+00,0.0000000000e+00,0.0000000000e+00,0.0000000000e+00,0.0000000000e+00,0.0000000000e+00,0.0000000000e+00,0.0000000000e+00,0.0000000000e+00,0.0000000000e+00,0.0000000000e+00,0.0000000000e+00,0.0000000000e+00,0.0000000000e+00,0.0000000000e+00
4.5065703377e-01,9.2186894658e+00,9.2186894658e+00,9.2186894658e+00,9.2186894658e+00,9.2186894658e+00,9.2186894658e+00,9.2186894658e+00,9.2186894658e+00,9.2186894658e+00,9.2186894658e+00,9.2186894658e+00,9.2186894658e+00,9.2186894658e+00,9.2186894658e+00,9.2186894658e+00,9.2186894658e+00,9.2186894658e+00,9.2186894658e+00,9.2186894658e+00,9.2186894658e+00,9.2186894658e+00,9.2186894658e+00,9.2186894658e+00,9.2186894658e+00,9.2186894658e+00,9.2186894658e+00,9.2186894658e+00,9.2186894658e+00,9.2186894658e+00,9.2186894658e+00,9.2186894658e+00,9.2186894658e+00,9.2186894658e+00,9.2186894658e+00,9.2186894658e+00,9.2186894658e+00,9.2186894658e+00,9.2186894658e+00,9.2186894658e+00,9.2186894658e+00,9.2186894658e+00,9.2186894658e+00,9.2186894658e+00,9.2186894658e+00,9.2186894658e+00,9.2186894658e+00,9.2186894658e+00,9.2186894658e+00,9.2213515462e+00,9.2250015834e+00,9.2290159019e+00,9.2334310399e+00,9.2382872386e+00,9.2436288251e+00,9.2495046374e+00,9.2559684941e+00,9.2630797175e+00,9.2709037123e+00,9.2795126104e+00,9.2886085118e+00,9.2969850082e+00,9.3062023875e+00,9.3163460160e+00,9.3275101254e+00,9.3397987754e+00,9.3504836345e+00,9.3615071845e+00,9.3736408698e+00,9.3859755723e+00,9.3963241708e+00,9.4077140210e+00,9.4176919699e+00,9.4268534428e+00,9.4353673393e+00,9.4429347123e+00,9.4496861630e+00,9.4559494003e+00,9.4607701081e+00,9.4633519769e+00,9.4633104616e+00,9.4597744580e+00,9.4515186944e+00,9.4393892468e+00,9.4298977356e+00,9.4405810928e+00,9.5030445104e+00,9.6020644140e+00,9.7778493410e+00,9.9876008551e+00,1.0193356013e+01,1.0185008331e+01,9.6963941599e+00,9.0528230185e+00,8.3388634190e+00,7.5414385097e+00,6.7532840928e+00,5.8974347631e+00,4.6550325385e+00,3.1969644039e+00,1.8948046252e+00,1.3459703051e+00,7.7595248409e-01,2.2887360319e-01,1.1886216330e-01,4.6720505249e-02,9.2750065032e-03,3.4510603924e-03,5.3617544089e-04,9.9464582472e-05,3.6874672274e-05,7.2880201457e-05,0.0000000000e+00,0.0000000000e+00,0.0000000000e+00,0.0000000000e+00,0.0000000000e+00,0.0000000000e+00,0.0000000000e+00,0.0000000000e+00,0.0000000000e+00,0.0000000000e+00,0.0000000000e+00,0.0000000000e+00,0.0000000000e+00,0.0000000000e+00,0.0000000000e+00,0.0000000000e+00,0.0000000000e+00,0.0000000000e+00,0.0000000000e+00,0.0000000000e+00,0.0000000000e+00,0.0000000000e+00,0.0000000000e+00,0.0000000000e+00,0.0000000000e+00,0.0000000000e+00,0.0000000000e+00,0.0000000000e+00,0.0000000000e+00,0.0000000000e+00,0.0000000000e+00,0.0000000000e+00,0.0000000000e+00,0.0000000000e+00,0.0000000000e+00,0.0000000000e+00,0.0000000000e+00,0.0000000000e+00,0.0000000000e+00,0.0000000000e+00,0.0000000000e+00,0.0000000000e+00,0.0000000000e+00,0.0000000000e+00,0.0000000000e+00,0.0000000000e+00,0.0000000000e+00,0.0000000000e+00,0.0000000000e+00,0.0000000000e+00,0.0000000000e+00,0.0000000000e+00,0.0000000000e+00,0.0000000000e+00,0.0000000000e+00,0.0000000000e+00,0.0000000000e+00,0.0000000000e+00,0.0000000000e+00,0.0000000000e+00,0.0000000000e+00,0.0000000000e+00,0.0000000000e+00,0.0000000000e+00,0.0000000000e+00,0.0000000000e+00,0.0000000000e+00,0.0000000000e+00,0.0000000000e+00,0.0000000000e+00,0.0000000000e+00,0.0000000000e+00,0.0000000000e+00,0.0000000000e+00,0.0000000000e+00,0.0000000000e+00,0.0000000000e+00,0.0000000000e+00,0.0000000000e+00,0.0000000000e+00,0.0000000000e+00,0.0000000000e+00,0.0000000000e+00,0.0000000000e+00,0.0000000000e+00,0.0000000000e+00,0.0000000000e+00,0.0000000000e+00,0.0000000000e+00
4.7106075420e-01,9.1509533026e+00,9.1509533026e+00,9.1509533026e+00,9.1509533026e+00,9.1509533026e+00,9.1509533026e+00,9.1509533026e+00,9.1509533026e+00,9.1509533026e+00,9.1509533026e+00,9.1509533026e+00,9.1509533026e+00,9.1509533026e+00,9.1509533026e+00,9.1509533026e+00,9.1509533026e+00,9.1509533026e+00,9.1509533026e+00,9.1509533026e+00,9.1509533026e+00,9.1509533026e+00,9.1509533026e+00,9.1509533026e+00,9.1509533026e+00,9.1509533026e+00,9.1509533026e+00,9.1509533026e+00,9.1509533026e+00,9.1509533026e+00,9.1509533026e+00,9.1509533026e+00,9.1509533026e+00,9.1509533026e+00,9.1509533026e+00,9.1509533026e+00,9.1509533026e+00,9.1509533026e+00,9.1509533026e+00,9.1509533026e+00,9.1509533026e+00,9.1509533026e+00,9.1509533026e+00,9.1509533026e+00,9.1509533026e+00,9.1509533026e+00,9.1509533026e+00,9.1509533026e+00,9.1509533026e+00,9.1534111529e+00,9.1567810850e+00,9.1604872357e+00,9.1645633061e+00,9.1690464080e+00,9.1739774158e+00,9.1794013562e+00,9.1853678403e+00,9.1919315419e+00,9.1991527290e+00,9.2070978537e+00,9.2154958698e+00,9.2232471835e+00,9.2317760776e+00,9.2411613787e+00,9.2514900762e+00,9.2628582033e+00,9.2727779964e+00,9.2830233272e+00,9.2942995467e+00,9.3057787775e+00,9.3154675510e+00,9.3261304997e+00,9.3355287000e+00,9.3442089171e+00,9.3523216303e+00,9.3595952781e+00,9.3661404948e+00,9.3722628816e+00,9.3770805691e+00,9.3798611950e+00,9.3802553600e+00,9.3774650413e+00,9.3703721978e+00,9.3597430010e+00,9.3514939758e+00,9.3615780282e+00,9.4186675080e+00,9.5089050223e+00,9.6686635380e+00,9.8589917216e+00,1.0045380614e+01,1.0028263512e+01,9.5535194664e+00,8.9317109239e+00,8.2444254678e+00,7.4791999428e+00,6.7210353284e+00,5.8989936421e+00,4.6873850435e+00,3.2591796368e+00,1.9776021098e+00,1.4161043714e+00,8.2616177637e-01,2.5584011690e-01,1.3564818310e-01,5.4339319553e-02,1.1493384411e-02,4.3559334016e-03,7.1709187376e-04,1.3913401164e-04,4.7118774523e-05,6.9386585997e-05,0.0000000000e+00,0.0000000000e+00,0.0000000000e+00,0.0000000000e+00,0.0000000000e+00,0.0000000000e+00,0.0000000000e+00,0.0000000000e+00,0.0000000000e+00,0.0000000000e+00,0.0000000000e+00,0.0000000000e+00,0.0000000000e+00,0.0000000000e+00,0.0000000000e+00,0.0000000000e+00,0.0000000000e+00,0.0000000000e+00,0.0000000000e+00,0.0000000000e+00,0.0000000000e+00,0.0000000000e+00,0.0000000000e+00,0.0000000000e+00,0.0000000000e+00,0.0000000000e+00,0.0000000000e+00,0.0000000000e+00,0.0000000000e+00,0.0000000000e+00,0.0000000000e+00,0.0000000000e+00,0.0000000000e+00,0.0000000000e+00,0.0000000000e+00,0.0000000000e+00,0.0000000000e+00,0.0000000000e+00,0.0000000000e+00,0.0000000000e+00,0.0000000000e+00,0.0000000000e+00,0.0000000000e+00,0.0000000000e+00,0.0000000000e+00,0.0000000000e+00,0.0000000000e+00,0.0000000000e+00,0.0000000000e+00,0.0000000000e+00,0.0000000000e+00,0.0000000000e+00,0.0000000000e+00,0.0000000000e+00,0.0000000000e+00,0.0000000000e+00,0.0000000000e+00,0.0000000000e+00,0.0000000000e+00,0.0000000000e+00,0.0000000000e+00,0.0000000000e+00,0.0000000000e+00,0.0000000000e+00,0.0000000000e+00,0.0000000000e+00,0.0000000000e+00,0.0000000000e+00,0.0000000000e+00,0.0000000000e+00,0.0000000000e+00,0.0000000000e+00,0.0000000000e+00,0.0000000000e+00,0.0000000000e+00,0.0000000000e+00,0.0000000000e+00,0.0000000000e+00,0.0000000000e+00,0.0000000000e+00,0.0000000000e+00,0.0000000000e+00,0.0000000000e+00,0.0000000000e+00,0.0000000000e+00,0.0000000000e+00,0.0000000000e+00,0.0000000000e+00,0.0000000000e+00
4.9238826317e-01,9.0771375039e+00,9.0771375039e+00,9.0771375039e+00,9.0771375039e+00,9.0771375039e+00,9.0771375039e+00,9.0771375039e+00,9.0771375039e+00,9.0771375039e+00,9.0771375039e+00,9.0771375039e+00,9.0771375039e+00,9.0771375039e+00,9.0771375039e+00,9.0771375039e+00,9.0771375039e+00,9.0771375039e+00,9.0771375039e+00,9.0771375039e+00,9.0771375039e+00,9.0771375039e+00,9.0771375039e+00,9.0771375039e+00,9.0771375039e+00,9.0771375039e+00,9.0771375039e+00,9.0771375039e+00,9.0771375039e+00,9.0771375039e+00,9.0771375039e+00,9.0771375039e+00,9.0771375039e+00,9.0771375039e+00,9.0771375039e+00,9.0771375039e+00,9.0771375039e+00,9.0771375039e+00,9.0771375039e+00,9.0771375039e+00,9.0771375039e+00,9.0771375039e+00,9.0771375039e+00,9.0771375039e+00,9.0771375039e+00,9.0771375039e+00,9.0771375039e+00,9.0771375039e+00,9.0771375039e+00,9.0794028121e+00,9.0825086817e+00,9.0859243310e+00,9.0896807913e+00,9.0938122305e+00,9.0983562758e+00,9.1033543709e+00,9.1088521717e+00,9.1148999849e+00,9.1215532536e+00,9.1288730977e+00,9.1366129373e+00,9.1437708771e+00,9.1516463959e+00,9.1603121383e+00,9.1698482508e+00,9.1803431875e+00,9.1895294085e+00,9.1990259269e+00,9.2094772050e+00,9.2201294829e+00,9.2291663599e+00,9.2391112294e+00,9.2479211745e+00,9.2560977874e+00,9.2637744463e+00,9.2707041650e+00,9.2769792299e+00,9.2828840686e+00,9.2876031967e+00,9.2904623986e+00,9.2911435090e+00,9.2889145309e+00,9.2827541512e+00,9.2733529276e+00,9.2660762809e+00,9.2754205358e+00,9.3273675710e+00,9.4093090886e+00,9.5541158352e+00,9.7263659568e+00,9.8947102282e+00,9.8698663989e+00,9.4096274086e+00,8.8099682440e+00,8.1493939126e+00,7.4159740177e+00,6.6876652272e+00,5.8991053786e+00,4.7185067536e+00,3.3206904815e+00,2.0605619283e+00,1.4873837967e+00,8.7820520310e-01,2.8519740534e-01,1.5427483072e-01,6.2998230519e-02,1.4183243622e-02,5.4768253356e-03,9.5840665446e-04,1.9482628452e-04,6.2543454676e-05,6.8028392168e-05,0.0000000000e+00,0.0000000000e+00,0.0000000000e+00,0.0000000000e+00,0.0000000000e+00,0.0000000000e+00,0.0000000000e+00,0.0000000000e+00,0.0000000000e+00,0.0000000000e+00,0.0000000000e+00,0.0000000000e+00,0.0000000000e+00,0.0000000000e+00,0.0000000000e+00,0.0000000000e+00,0.0000000000e+00,0.0000000000e+00,0.0000000000e+00,0.0000000000e+00,0.0000000000e+00,0.0000000000e+00,0.0000000000e+00,0.0000000000e+00,0.0000000000e+00,0.0000000000e+00,0.0000000000e+00,0.0000000000e+00,0.0000000000e+00,0.0000000000e+00,0.0000000000e+00,0.0000000000e+00,0.0000000000e+00,0.0000000000e+00,0.0000000000e+00,0.0000000000e+00,0.0000000000e+00,0.0000000000e+00,0.0000000000e+00,0.0000000000e+00,0.0000000000e+00,0.0000000000e+00,0.0000000000e+00,0.0000000000e+00,0.0000000000e+00,0.0000000000e+00,0.0000000000e+00,0.0000000000e+00,0.0000000000e+00,0.0000000000e+00,0.0000000000e+00,0.0000000000e+00,0.0000000000e+00,0.0000000000e+00,0.0000000000e+00,0.0000000000e+00,0.0000000000e+00,0.0000000000e+00,0.0000000000e+00,0.0000000000e+00,0.0000000000e+00,0.0000000000e+00,0.0000000000e+00,0.0000000000e+00,0.0000000000e+00,0.0000000000e+00,0.0000000000e+00,0.0000000000e+00,0.0000000000e+00,0.0000000000e+00,0.0000000000e+00,0.0000000000e+00,0.0000000000e+00,0.0000000000e+00,0.0000000000e+00,0.0000000000e+00,0.0000000000e+00,0.0000000000e+00,0.0000000000e+00,0.0000000000e+00,0.0000000000e+00,0.0000000000e+00,0.0000000000e+00,0.0000000000e+00,0.0000000000e+00,0.0000000000e+00,0.0000000000e+00,0.0000000000e+00,0.0000000000e+00
5.1468138568e-01,8.9970763620e+00,8.9970763620e+00,8.9970763620e+00,8.9970763620e+00,8.9970763620e+00,8.9970763620e+00,8.9970763620e+00,8.9970763620e+00,8.9970763620e+00,8.9970763620e+00,8.9970763620e+00,8.9970763620e+00,8.9970763620e+00,8.9970763620e+00,8.9970763620e+00,8.9970763620e+00,8.9970763620e+00,8.9970763620e+00,8.9970763620e+00,8.9970763620e+00,8.9970763620e+00,8.9970763620e+00,8.9970763620e+00,8.9970763620e+00,8.9970763620e+00,8.9970763620e+00,8.9970763620e+00,8.9970763620e+00,8.9970763620e+00,8.9970763620e+00,8.9970763620e+00,8.9970763620e+00,8.9970763620e+00,8.9970763620e+00,8.9970763620e+00,8.9970763620e+00,8.9970763620e+00,8.9970763620e+00,8.9970763620e+00,8.9970763620e+00,8.9970763620e+00,8.9970763620e+00,8.9970763620e+00,8.9970763620e+00,8.9970763620e+00,8.9970763620e+00,8.9970763620e+00,8.9970763620e+00,8.9991605308e+00,9.0020179870e+00,9.0051603651e+00,9.0086161896e+00,9.0124168644e+00,9.0165969688e+00,9.0211945844e+00,9.0262516568e+00,9.0318143970e+00,9.0379337255e+00,9.0446657651e+00,9.0517862294e+00,9.0583825785e+00,9.0656397911e+00,9.0736246833e+00,9.0824109530e+00,9.0920799157e+00,9.1005656091e+00,9.1093448578e+00,9.1190060572e+00,9.1288630735e+00,9.1372614039e+00,9.1465029851e+00,9.1547242505e+00,9.1623848897e+00,9.1696024731e+00,9.1761520938e+00,9.1821092870e+00,9.1877382609e+00,9.1922844829e+00,9.1951267092e+00,9.1959745746e+00,9.1941558321e+00,9.1887365243e+00,9.1803360645e+00,9.1738107574e+00,9.1823192838e+00,9.2293788473e+00,9.3035229995e+00,9.4344284726e+00,9.5899083674e+00,9.7415017425e+00,9.7099408219e+00,9.2647650216e+00,8.6875638518e+00,8.0536820127e+00,7.3516443993e+00,6.6529969483e+00,5.8975338238e+00,4.7481564100e+00,3.3812594030e+00,2.1434245648e+00,1.5596544165e+00,9.3205194735e-01,3.1704114028e-01,1.7485979389e-01,7.2803712319e-02,1.7425780291e-02,6.8575949260e-03,1.2777591525e-03,2.7243471912e-04,8.5430734296e-05,6.9759040396e-05,0.0000000000e+00,0.0000000000e+00,0.0000000000e+00,0.0000000000e+00,0.0000000000e+00,0.0000000000e+00,0.0000000000e+00,0.0000000000e+00,0.0000000000e+00,0.0000000000e+00,0.0000000000e+00,0.0000000000e+00,0.0000000000e+00,0.0000000000e+00,0.0000000000e+00,0.0000000000e+00,0.0000000000e+00,0.0000000000e+00,0.0000000000e+00,0.0000000000e+00,0.0000000000e+00,0.0000000000e+00,0.0000000000e+00,0.0000000000e+00,0.0000000000e+00,0.0000000000e+00,0.0000000000e+00,0.0000000000e+00,0.0000000000e+00,0.0000000000e+00,0.0000000000e+00,0.0000000000e+00,0.0000000000e+00,0.0000000000e+00,0.0000000000e+00,0.0000000000e+00,0.0000000000e+00,0.0000000000e+00,0.0000000000e+00,0.0000000000e+00,0.0000000000e+00,0.0000000000e+00,0.0000000000e+00,0.0000000000e+00,0.0000000000e+00,0.0000000000e+00,0.0000000000e+00,0.0000000000e+00,0.0000000000e+00,0.0000000000e+00,0.0000000000e+00,0.0000000000e+00,0.0000000000e+00,0.0000000000e+00,0.0000000000e+00,0.0000000000e+00,0.0000000000e+00,0.0000000000e+00,0.0000000000e+00,0.0000000000e+00,0.0000000000e+00,0.0000000000e+00,0.0000000000e+00,0.0000000000e+00,0.0000000000e+00,0.0000000000e+00,0.0000000000e+00,0.0000000000e+00,0.0000000000e+00,0.0000000000e+00,0.0000000000e+00,0.0000000000e+00,0.0000000000e+00,0.0000000000e+00,0.0000000000e+00,0.0000000000e+00,0.0000000000e+00,0.0000000000e+00,0.0000000000e+00,0.0000000000e+00,0.0000000000e+00,0.0000000000e+00,0.0000000000e+00,0.0000000000e+00,0.0000000000e+00,0.0000000000e+00,0.0000000000e+00,0.0000000000e+00,0.0000000000e+00
5.3798384034e-01,8.9107000799e+00,8.9107000799e+00,8.9107000799e+00,8.9107000799e+00,8.9107000799e+00,8.9107000799e+00,8.9107000799e+00,8.9107000799e+00,8.9107000799e+00,8.9107000799e+00,8.9107000799e+00,8.9107000799e+00,8.9107000799e+00,8.9107000799e+00,8.9107000799e+00,8.9107000799e+00,8.9107000799e+00,8.9107000799e+00,8.9107000799e+00,8.9107000799e+00,8.9107000799e+00,8.9107000799e+00,8.9107000799e+00,8.9107000799e+00,8.9107000799e+00,8.9107000799e+00,8.9107000799e+00,8.9107000799e+00,8.9107000799e+00,8.9107000799e+00,8.9107000799e+00,8.9107000799e+00,8.9107000799e+00,8.9107000799e+00,8.9107000799e+00,8.9107000799e+00,8.9107000799e+00,8.9107000799e+00,8.9107000799e+00,8.9107000799e+00,8.9107000799e+00,8.9107000799e+00,8.9107000799e+00,8.9107000799e+00,8.9107000799e+00,8.9107000799e+00,8.9107000799e+00,8.9107000799e+00,8.9126142141e+00,8.9152384957e+00,8.9181243791e+00,8.9212980395e+00,8.9247882915e+00,8.9286268593e+00,8.9328486760e+00,8.9374922141e+00,8.9425998514e+00,8.9482182770e+00,8.9543989402e+00,8.9609378702e+00,8.9670042427e+00,8.9736780201e+00,8.9810205378e+00,8.9890994333e+00,8.9979893156e+00,9.0058087018e+00,9.0139039078e+00,9.0228117319e+00,9.0319077470e+00,9.0396854658e+00,9.0482435937e+00,9.0558826805e+00,9.0630235812e+00,9.0697693208e+00,9.0759148563e+00,9.0815205323e+00,9.0868313069e+00,9.0911487196e+00,9.0938998782e+00,9.0948192098e+00,9.0932886365e+00,9.0884531987e+00,9.0808657452e+00,9.0749133941e+00,9.0825280186e+00,9.1249721447e+00,9.1918228548e+00,9.3098473882e+00,9.4498209472e+00,9.5859206455e+00,9.5486105410e+00,9.1189746925e+00,8.5644579187e+00,7.9571893900e+00,7.2860758311e+00,6.6168331568e+00,5.8940228700e+00,4.7760719803e+00,3.4406301945e+00,2.2259178947e+00,1.6327450761e+00,9.8765539770e-01,3.5145331066e-01,1.9751622210e-01,8.3867324944e-02,2.1311600718e-02,8.5490222040e-03,1.6971126094e-03,3.7975473596e-04,1.1895867869e-04,7.5995389089e-05,0.0000000000e+00,0.0000000000e+00,0.0000000000e+00,0.0000000000e+00,0.0000000000e+00,0.0000000000e+00,0.0000000000e+00,0.0000000000e+00,0.0000000000e+00,0.0000000000e+00,0.0000000000e+00,0.0000000000e+00,0.0000000000e+00,0.0000000000e+00,0.0000000000e+00,0.0000000000e+00,0.0000000000e+00,0.0000000000e+00,0.0000000000e+00,0.0000000000e+00,0.0000000000e+00,0.0000000000e+00,0.0000000000e+00,0.0000000000e+00,0.0000000000e+00,0.0000000000e+00,0.0000000000e+00,0.0000000000e+00,0.0000000000e+00,0.0000000000e+00,0.0000000000e+00,0.0000000000e+00,0.0000000000e+00,0.0000000000e+00,0.0000000000e+00,0.0000000000e+00,0.0000000000e+00,0.0000000000e+00,0.0000000000e+00,0.0000000000e+00,0.0000000000e+00,0.0000000000e+00,0.0000000000e+00,0.0000000000e+00,0.0000000000e+00,0.0000000000e+00,0.0000000000e+00,0.0000000000e+00,0.0000000000e+00,0.0000000000e+00,0.0000000000e+00,0.0000000000e+00,0.0000000000e+00,0.0000000000e+00,0.0000000000e+00,0.0000000000e+00,0.0000000000e+00,0.0000000000e+00,0.0000000000e+00,0.0000000000e+00,0.0000000000e+00,0.0000000000e+00,0.0000000000e+00,0.0000000000e+00,0.0000000000e+00,0.0000000000e+00,0.0000000000e+00,0.0000000000e+00,0.0000000000e+00,0.0000000000e+00,0.0000000000e+00,0.0000000000e+00,0.0000000000e+00,0.0000000000e+00,0.0000000000e+00,0.0000000000e+00,0.0000000000e+00,0.0000000000e+00,0.0000000000e+00,0.0000000000e+00,0.0000000000e+00,0.0000000000e+00,0.0000000000e+00,0.0000000000e+00,0.0000000000e+00,0.0000000000e+00,0.0000000000e+00,0.0000000000e+00,0.0000000000e+00
5.6234132519e-01,8.8180234682e+00,8.8180234682e+00,8.8180234682e+00,8.8180234682e+00,8.8180234682e+00,8.8180234682e+00,8.8180234682e+00,8.8180234682e+00,8.8180234682e+00,8.8180234682e+00,8.8180234682e+00,8.8180234682e+00,8.8180234682e+00,8.8180234682e+00,8.8180234682e+00,8.8180234682e+00,8.8180234682e+00,8.8180234682e+00,8.8180234682e+00,8.8180234682e+00,8.8180234682e+00,8.8180234682e+00,8.8180234682e+00,8.8180234682e+00,8.8180234682e+00,8.8180234682e+00,8.8180234682e+00,8.8180234682e+00,8.8180234682e+00,8.8180234682e+00,8.8180234682e+00,8.8180234682e+00,8.8180234682e+00,8.8180234682e+00,8.8180234682e+00,8.8180234682e+00,8.8180234682e+00,8.8180234682e+00,8.8180234682e+00,8.8180234682e+00,8.8180234682e+00,8.8180234682e+00,8.8180234682e+00,8.8180234682e+00,8.8180234682e+00,8.8180234682e+00,8.8180234682e+00,8.8180234682e+00,8.8197783570e+00,8.8221842679e+00,8.8248299520e+00,8.8277393881e+00,8.8309389698e+00,8.8344577533e+00,8.8383277294e+00,8.8425841257e+00,8.8472657405e+00,8.8524153121e+00,8.8580799282e+00,8.8640741323e+00,8.8696418173e+00,8.8757666614e+00,8.8825048607e+00,8.8899183717e+00,8.8980755206e+00,8.9052636185e+00,8.9127092439e+00,8.9209017412e+00,8.9292729903e+00,8.9364518107e+00,8.9443504735e+00,8.9514197040e+00,8.9580444026e+00,8.9643142723e+00,8.9700421698e+00,8.9752747617e+00,8.9802387325e+00,8.9842873033e+00,8.9868918026e+00,8.9878088203e+00,8.9864694846e+00,8.9820903832e+00,8.9751624252e+00,8.9696413783e+00,8.9763354341e+00,9.0144474010e+00,9.0745077062e+00,9.1806363473e+00,9.3063181187e+00,9.4281377094e+00,9.3859975423e+00,8.9722939842e+00,8.4406032895e+00,7.8598049270e+00,7.2191184650e+00,6.5789614783e+00,5.8883026398e+00,4.8019761118e+00,3.4985315434e+00,2.3077585522e+00,1.7064670377e+00,1.0449511597e+00,3.8849931006e-01,2.2235051097e-01,9.6304806658e-02,2.5940814492e-02,1.0609426557e-02,2.2435414591e-03,5.2699131325e-04,1.6750621359e-04,8.8821591696e-05,0.0000000000e+00,0.0000000000e+00,0.0000000000e+00,0.0000000000e+00,0.0000000000e+00,0.0000000000e+00,0.0000000000e+00,0.0000000000e+00,0.0000000000e+00,0.0000000000e+00,0.0000000000e+00,0.0000000000e+00,0.0000000000e+00,0.0000000000e+00,0.0000000000e+00,0.0000000000e+00,0.0000000000e+00,0.0000000000e+00,0.0000000000e+00,0.0000000000e+00,0.0000000000e+00,0.0000000000e+00,0.0000000000e+00,0.0000000000e+00,0.0000000000e+00,0.0000000000e+00,0.0000000000e+00,0.0000000000e+00,0.0000000000e+00,0.0000000000e+00,0.0000000000e+00,0.0000000000e+00,0.0000000000e+00,0.0000000000e+00,0.0000000000e+00,0.0000000000e+00,0.0000000000e+00,0.0000000000e+00,0.0000000000e+00,0.0000000000e+00,0.0000000000e+00,0.0000000000e+00,0.0000000000e+00,0.0000000000e+00,0.0000000000e+00,0.0000000000e+00,0.0000000000e+00,0.0000000000e+00,0.0000000000e+00,0.0000000000e+00,0.0000000000e+00,0.0000000000e+00,0.0000000000e+00,0.0000000000e+00,0.0000000000e+00,0.0000000000e+00,0.0000000000e+00,0.0000000000e+00,0.0000000000e+00,0.0000000000e+00,0.0000000000e+00,0.0000000000e+00,0.0000000000e+00,0.0000000000e+00,0.0000000000e+00,0.0000000000e+00,0.0000000000e+00,0.0000000000e+00,0.0000000000e+00,0.0000000000e+00,0.0000000000e+00,0.0000000000e+00,0.0000000000e+00,0.0000000000e+00,0.0000000000e+00,0.0000000000e+00,0.0000000000e+00,0.0000000000e+00,0.0000000000e+00,0.0000000000e+00,0.0000000000e+00,0.0000000000e+00,0.0000000000e+00,0.0000000000e+00,0.0000000000e+00,0.0000000000e+00,0.0000000000e+00,0.0000000000e+00,0.0000000000e+00
5.8780160723e-01,8.7191344098e+00,8.7191344098e+00,8.7191344098e+00,8.7191344098e+00,8.7191344098e+00,8.7191344098e+00,8.7191344098e+00,8.7191344098e+00,8.7191344098e+00,8.7191344098e+00,8.7191344098e+00,8.7191344098e+00,8.7191344098e+00,8.7191344098e+00,8.7191344098e+00,8.7191344098e+00,8.7191344098e+00,8.7191344098e+00,8.7191344098e+00,8.7191344098e+00,8.7191344098e+00,8.7191344098e+00,8.7191344098e+00,8.7191344098e+00,8.7191344098e+00,8.7191344098e+00,8.7191344098e+00,8.7191344098e+00,8.7191344098e+00,8.7191344098e+00,8.7191344098e+00,8.7191344098e+00,8.7191344098e+00,8.7191344098e+00,8.7191344098e+00,8.7191344098e+00,8.7191344098e+00,8.7191344098e+00,8.7191344098e+00,8.7191344098e+00,8.7191344098e+00,8.7191344098e+00,8.7191344098e+00,8.7191344098e+00,8.7191344098e+00,8.7191344098e+00,8.7191344098e+00,8.7191344098e+00,8.7207405049e+00,8.7229423844e+00,8.7253636518e+00,8.7280262364e+00,8.7309542739e+00,8.7341743317e+00,8.7377156576e+00,8.7416104546e+00,8.7458941848e+00,8.7506059059e+00,8.7557886436e+00,8.7612738145e+00,8.7663736171e+00,8.7719834867e+00,8.7781548133e+00,8.7849442425e+00,8.7924142296e+00,8.7990064889e+00,8.8058377949e+00,8.8133538795e+00,8.8210380023e+00,8.8276426508e+00,8.8349091467e+00,8.8414256272e+00,8.8475437398e+00,8.8533410454e+00,8.8586465589e+00,8.8634947219e+00,8.8680949239e+00,8.8718481069e+00,8.8742661221e+00,8.8751254248e+00,8.8739019350e+00,8.8698771452e+00,8.8634846377e+00,8.8582845545e+00,8.8640571998e+00,8.8981263407e+00,8.9518929963e+00,9.0470712774e+00,9.1596221537e+00,9.2683257912e+00,9.2222203865e+00,8.8247554695e+00,8.3159468108e+00,7.7614095737e+00,7.1506120754e+00,6.5391598117e+00,5.8800955394e+00,4.8255815175e+00,3.5546806526e+00,2.3886534337e+00,1.7806135806e+00,1.1038551733e+00,4.2822499460e-01,2.4945989079e-01,1.1023488589e-01,3.1422882798e-02,1.3105223243e-02,2.9500815876e-03,7.2736331828e-04,2.3704195921e-04,1.1126618053e-04,0.0000000000e+00,0.0000000000e+00,0.0000000000e+00,0.0000000000e+00,0.0000000000e+00,0.0000000000e+00,0.0000000000e+00,0.0000000000e+00,0.0000000000e+00,0.0000000000e+00,0.0000000000e+00,0.0000000000e+00,0.0000000000e+00,0.0000000000e+00,0.0000000000e+00,0.0000000000e+00,0.0000000000e+00,0.0000000000e+00,0.0000000000e+00,0.0000000000e+00,0.0000000000e+00,0.0000000000e+00,0.0000000000e+00,0.0000000000e+00,0.0000000000e+00,0.0000000000e+00,0.0000000000e+00,0.0000000000e+00,0.0000000000e+00,0.0000000000e+00,0.0000000000e+00,0.0000000000e+00,0.0000000000e+00,0.0000000000e+00,0.0000000000e+00,0.0000000000e+00,0.0000000000e+00,0.0000000000e+00,0.0000000000e+00,0.0000000000e+00,0.0000000000e+00,0.0000000000e+00,0.0000000000e+00,0.0000000000e+00,0.0000000000e+00,0.0000000000e+00,0.0000000000e+00,0.0000000000e+00,0.0000000000e+00,0.0000000000e+00,0.0000000000e+00,0.0000000000e+00,0.0000000000e+00,0.0000000000e+00,0.0000000000e+00,0.0000000000e+00,0.0000000000e+00,0.0000000000e+00,0.0000000000e+00,0.0000000000e+00,0.0000000000e+00,0.0000000000e+00,0.0000000000e+00,0.0000000000e+00,0.0000000000e+00,0.0000000000e+00,0.0000000000e+00,0.0000000000e+00,0.0000000000e+00,0.0000000000e+00,0.0000000000e+00,0.0000000000e+00,0.0000000000e+00,0.0000000000e+00,0.0000000000e+00,0.0000000000e+00,0.0000000000e+00,0.0000000000e+00,0.0000000000e+00,0.0000000000e+00,0.0000000000e+00,0.0000000000e+00,0.0000000000e+00,0.0000000000e+00,0.0000000000e+00,0.0000000000e+00,0.0000000000e+00,0.0000000000e+00,0.0000000000e+00
6.1441461614e-01,8.6141823701e+00,8.6141823701e+00,8.6141823701e+00,8.6141823701e+00,8.6141823701e+00,8.6141823701e+00,8.6141823701e+00,8.6141823701e+00,8.6141823701e+00,8.6141823701e+00,8.6141823701e+00,8.6141823701e+00,8.6141823701e+00,8.6141823701e+00,8.6141823701e+00,8.6141823701e+00,8.6141823701e+00,8.6141823701e+00,8.6141823701e+00,8.6141823701e+00,8.6141823701e+00,8.6141823701e+00,8.6141823701e+00,8.6141823701e+00,8.6141823701e+00,8.6141823701e+00,8.6141823701e+00,8.6141823701e+00,8.6141823701e+00,8.6141823701e+00,8.6141823701e+00,8.6141823701e+00,8.6141823701e+00,8.6141823701e+00,8.6141823701e+00,8.6141823701e+00,8.6141823701e+00,8.6141823701e+00,8.6141823701e+00,8.6141823701e+00,8.6141823701e+00,8.6141823701e+00,8.6141823701e+00,8.6141823701e+00,8.6141823701e+00,8.6141823701e+00,8.6141823701e+00,8.6141823701e+00,8.6156497632e+00,8.6176614558e+00,8.6198735426e+00,8.6223060452e+00,8.6249809977e+00,8.6279226517e+00,8.6311577031e+00,8.6347155415e+00,8.6386285267e+00,8.6429322950e+00,8.6476660968e+00,8.6526767272e+00,8.6573388136e+00,8.6624669551e+00,8.6681080589e+00,8.6743138191e+00,8.6811412194e+00,8.6871731717e+00,8.6934258080e+00,8.7003048078e+00,8.7073403123e+00,8.7133978175e+00,8.7200619703e+00,8.7260466293e+00,8.7316727239e+00,8.7370068026e+00,8.7418924936e+00,8.7463534000e+00,8.7505825888e+00,8.7540251411e+00,8.7562301132e+00,8.7569918216e+00,8.7558270472e+00,8.7520762640e+00,8.7461202767e+00,8.7411572142e+00,8.7460283279e+00,8.7763454807e+00,8.8243043438e+00,8.9094349300e+00,9.0099588804e+00,9.1066568383e+00,9.0573926762e+00,8.6763866084e+00,8.1904306191e+00,7.6618790341e+00,7.0803900901e+00,6.4972013990e+00,5.8691220435e+00,4.8465961677e+00,3.6087868137e+00,2.4683012898e+00,1.8549598132e+00,1.1642619867e+00,4.7065377728e-01,2.7892984488e-01,1.2577778942e-01,3.7876174592e-02,1.6111381609e-02,3.8566245479e-03,9.9781037260e-04,3.3561243976e-04,1.4767146929e-04,0.0000000000e+00,0.0000000000e+00,0.0000000000e+00,0.0000000000e+00,0.0000000000e+00,0.0000000000e+00,0.0000000000e+00,0.0000000000e+00,0.0000000000e+00,0.0000000000e+00,0.0000000000e+00,0.0000000000e+00,0.0000000000e+00,0.0000000000e+00,0.0000000000e+00,0.0000000000e+00,0.0000000000e+00,0.0000000000e+00,0.0000000000e+00,0.0000000000e+00,0.0000000000e+00,0.0000000000e+00,0.0000000000e+00,0.0000000000e+00,0.0000000000e+00,0.0000000000e+00,0.0000000000e+00,0.0000000000e+00,0.0000000000e+00,0.0000000000e+00,0.0000000000e+00,0.0000000000e+00,0.0000000000e+00,0.0000000000e+00,0.0000000000e+00,0.0000000000e+00,0.0000000000e+00,0.0000000000e+00,0.0000000000e+00,0.0000000000e+00,0.0000000000e+00,0.0000000000e+00,0.0000000000e+00,0.0000000000e+00,0.0000000000e+00,0.0000000000e+00,0.0000000000e+00,0.0000000000e+00,0.0000000000e+00,0.0000000000e+00,0.0000000000e+00,0.0000000000e+00,0.0000000000e+00,0.0000000000e+00,0.0000000000e+00,0.0000000000e+00,0.0000000000e+00,0.0000000000e+00,0.0000000000e+00,0.0000000000e+00,0.0000000000e+00,0.0000000000e+00,0.0000000000e+00,0.0000000000e+00,0.0000000000e+00,0.0000000000e+00,0.0000000000e+00,0.0000000000e+00,0.0000000000e+00,0.0000000000e+00,0.0000000000e+00,0.0000000000e+00,0.0000000000e+00,0.0000000000e+00,0.0000000000e+00,0.0000000000e+00,0.0000000000e+00,0.0000000000e+00,0.0000000000e+00,0.0000000000e+00,0.0000000000e+00,0.0000000000e+00,0.0000000000e+00,0.0000000000e+00,0.0000000000e+00,0.0000000000e+00,0.0000000000e+00,0.0000000000e+00,0.0000000000e+00
6.4223254222e-01,8.5033672214e+00,8.5033672214e+00,8.5033672214e+00,8.5033672214e+00,8.5033672214e+00,8.5033672214e+00,8.5033672214e+00,8.5033672214e+00,8.5033672214e+00,8.5033672214e+00,8.5033672214e+00,8.5033672214e+00,8.5033672214e+00,8.5033672214e+00,8.5033672214e+00,8.5033672214e+00,8.5033672214e+00,8.5033672214e+00,8.5033672214e+00,8.5033672214e+00,8.5033672214e+00,8.5033672214e+00,8.5033672214e+00,8.5033672214e+00,8.5033672214e+00,8.5033672214e+00,8.5033672214e+00,8.5033672214e+00,8.5033672214e+00,8.5033672214e+00,8.5033672214e+00,8.5033672214e+00,8.5033672214e+00,8.5033672214e+00,8.5033672214e+00,8.5033672214e+00,8.5033672214e+00,8.5033672214e+00,8.5033672214e+00,8.5033672214e+00,8.5033672214e+00,8.5033672214e+00,8.5033672214e+00,8.5033672214e+00,8.5033672214e+00,8.5033672214e+00,8.5033672214e+00,8.5033672214e+00,8.5047056226e+00,8.5065404482e+00,8.5085580119e+00,8.5107765634e+00,8.5132161850e+00,8.5158989787e+00,8.5188492709e+00,8.5220938403e+00,8.5256621685e+00,8.5295867175e+00,8.5339032368e+00,8.5384725380e+00,8.5427262915e+00,8.5474050809e+00,8.5525516432e+00,8.5582130684e+00,8.5644412543e+00,8.5699481916e+00,8.5756578178e+00,8.5819390583e+00,8.5883648298e+00,8.5939038710e+00,8.5999973125e+00,8.6054740247e+00,8.6106265932e+00,8.6155116297e+00,8.6199860051e+00,8.6240637955e+00,8.6279227066e+00,8.6310487095e+00,8.6330250840e+00,8.6336622583e+00,8.6325143699e+00,8.6289755889e+00,8.6233783832e+00,8.6185903875e+00,8.6225960388e+00,8.6494496288e+00,8.6920718032e+00,8.7680119824e+00,8.8575537661e+00,8.9432991753e+00,8.8916216961e+00,8.5272096950e+00,8.0639933869e+00,7.5610863081e+00,7.0082833795e+00,6.4528595641e+00,5.8551060919e+00,4.8647281702e+00,3.6605548428e+00,2.5463943611e+00,1.9292627122e+00,1.2260432363e+00,5.1578382818e-01,3.1083139083e-01,1.4305342993e-01,4.5427185279e-02,1.9711742851e-02,5.0108285388e-03,1.3598037343e-03,4.7394491657e-04,2.0417656210e-04,0.0000000000e+00,0.0000000000e+00,0.0000000000e+00,0.0000000000e+00,0.0000000000e+00,0.0000000000e+00,0.0000000000e+00,0.0000000000e+00,0.0000000000e+00,0.0000000000e+00,0.0000000000e+00,0.0000000000e+00,0.0000000000e+00,0.0000000000e+00,0.0000000000e+00,0.0000000000e+00,0.0000000000e+00,0.0000000000e+00,0.0000000000e+00,0.0000000000e+00,0.0000000000e+00,0.0000000000e+00,0.0000000000e+00,0.0000000000e+00,0.0000000000e+00,0.0000000000e+00,0.0000000000e+00,0.0000000000e+00,0.0000000000e+00,0.0000000000e+00,0.0000000000e+00,0.0000000000e+00,0.0000000000e+00,0.0000000000e+00,0.0000000000e+00,0.0000000000e+00,0.0000000000e+00,0.0000000000e+00,0.0000000000e+00,0.0000000000e+00,0.0000000000e+00,0.0000000000e+00,0.0000000000e+00,0.0000000000e+00,0.0000000000e+00,0.0000000000e+00,0.0000000000e+00,0.0000000000e+00,0.0000000000e+00,0.0000000000e+00,0.0000000000e+00,0.0000000000e+00,0.0000000000e+00,0.0000000000e+00,0.0000000000e+00,0.0000000000e+00,0.0000000000e+00,0.0000000000e+00,0.0000000000e+00,0.0000000000e+00,0.0000000000e+00,0.0000000000e+00,0.0000000000e+00,0.0000000000e+00,0.0000000000e+00,0.0000000000e+00,0.0000000000e+00,0.0000000000e+00,0.0000000000e+00,0.0000000000e+00,0.0000000000e+00,0.0000000000e+00,0.0000000000e+00,0.0000000000e+00,0.0000000000e+00,0.0000000000e+00,0.0000000000e+00,0.0000000000e+00,0.0000000000e+00,0.0000000000e+00,0.0000000000e+00,0.0000000000e+00,0.0000000000e+00,0.0000000000e+00,0.0000000000e+00,0.0000000000e+00,0.0000000000e+00,0.0000000000e+00,0.0000000000e+00
6.7130993868e-01,8.3869286196e+00,8.3869286196e+00,8.3869286196e+00,8.3869286196e+00,8.3869286196e+00,8.3869286196e+00,8.3869286196e+00,8.3869286196e+00,8.3869286196e+00,8.3869286196e+00,8.3869286196e+00,8.3869286196e+00,8.3869286196e+00,8.3869286196e+00,8.3869286196e+00,8.3869286196e+00,8.3869286196e+00,8.3869286196e+00,8.3869286196e+00,8.3869286196e+00,8.3869286196e+00,8.3869286196e+00,8.3869286196e+00,8.3869286196e+00,8.3869286196e+00,8.3869286196e+00,8.3869286196e+00,8.3869286196e+00,8.3869286196e+00,8.3869286196e+00,8.3869286196e+00,8.3869286196e+00,8.3869286196e+00,8.3869286196e+00,8.3869286196e+00,8.3869286196e+00,8.3869286196e+00,8.3869286196e+00,8.3869286196e+00,8.3869286196e+00,8.3869286196e+00,8.3869286196e+00,8.3869286196e+00,8.3869286196e+00,8.3869286196e+00,8.3869286196e+00,8.3869286196e+00,8.3869286196e+00,8.3881473380e+00,8.3898180656e+00,8.3916551562e+00,8.3936752172e+00,8.3958965230e+00,8.3983391835e+00,8.4010253310e+00,8.4039793260e+00,8.4072279852e+00,8.4108008326e+00,8.4147303778e+00,8.4188902074e+00,8.4227640985e+00,8.4270248995e+00,8.4317114785e+00,8.4368666548e+00,8.4425376109e+00,8.4475542964e+00,8.4527562423e+00,8.4584786736e+00,8.4643335324e+00,8.4693838552e+00,8.4749393811e+00,8.4799341791e+00,8.4846347137e+00,8.4890886774e+00,8.4931649659e+00,8.4968693603e+00,8.5003651488e+00,8.5031762365e+00,8.5049174405e+00,8.5054137723e+00,8.5042535970e+00,8.5008800596e+00,8.4955815877e+00,8.4909247779e+00,8.4941132546e+00,8.5177859940e+00,8.5555247018e+00,8.6230846656e+00,8.7026284538e+00,8.7784151366e+00,8.7250072767e+00,8.3772419002e+00,7.9365715315e+00,7.4589040639e+00,6.9341237505e+00,6.4059120416e+00,5.8377799964e+00,4.8796902442e+00,3.7096883025e+00,2.6226200224e+00,2.0032614070e+00,1.2890463824e+00,5.6358545079e-01,3.4521826562e-01,1.6217926453e-01,5.4209376922e-02,2.3999150448e-02,6.4690100309e-03,1.8402569159e-03,6.6617868175e-04,2.8933647628e-04,0.0000000000e+00,0.0000000000e+00,0.0000000000e+00,0.0000000000e+00,0.0000000000e+00,0.0000000000e+00,0.0000000000e+00,0.0000000000e+00,0.0000000000e+00,0.0000000000e+00,0.0000000000e+00,0.0000000000e+00,0.0000000000e+00,0.0000000000e+00,0.0000000000e+00,0.0000000000e+00,0.0000000000e+00,0.0000000000e+00,0.0000000000e+00,0.0000000000e+00,0.0000000000e+00,0.0000000000e+00,0.0000000000e+00,0.0000000000e+00,0.0000000000e+00,0.0000000000e+00,0.0000000000e+00,0.0000000000e+00,0.0000000000e+00,0.0000000000e+00,0.0000000000e+00,0.0000000000e+00,0.0000000000e+00,0.0000000000e+00,0.0000000000e+00,0.0000000000e+00,0.0000000000e+00,0.0000000000e+00,0.0000000000e+00,0.0000000000e+00,0.0000000000e+00,0.0000000000e+00,0.0000000000e+00,0.0000000000e+00,0.0000000000e+00,0.0000000000e+00,0.0000000000e+00,0.0000000000e+00,0.0000000000e+00,0.0000000000e+00,0.0000000000e+00,0.0000000000e+00,0.0000000000e+00,0.0000000000e+00,0.0000000000e+00,0.0000000000e+00,0.0000000000e+00,0.0000000000e+00,0.0000000000e+00,0.0000000000e+00,0.0000000000e+00,0.0000000000e+00,0.0000000000e+00,0.0000000000e+00,0.0000000000e+00,0.0000000000e+00,0.0000000000e+00,0.0000000000e+00,0.0000000000e+00,0.0000000000e+00,0.0000000000e+00,0.0000000000e+00,0.0000000000e+00,0.0000000000e+00,0.0000000000e+00,0.0000000000e+00,0.0000000000e+00,0.0000000000e+00,0.0000000000e+00,0.0000000000e+00,0.0000000000e+00,0.0000000000e+00,0.0000000000e+00,0.0000000000e+00,0.0000000000e+00,0.0000000000e+00,0.0000000000e+00,0.0000000000e+00,0.0000000000e+00
7.0170382867e-01,8.2651361372e+00,8.2651361372e+00,8.2651361372e+00,8.2651361372e+00,8.2651361372e+00,8.2651361372e+00,8.2651361372e+00,8.2651361372e+00,8.2651361372e+00,8.2651361372e+00,8.2651361372e+00,8.2651361372e+00,8.2651361372e+00,8.2651361372e+00,8.2651361372e+00,8.2651361372e+00,8.2651361372e+00,8.2651361372e+00,8.2651361372e+00,8.2651361372e+00,8.2651361372e+00,8.2651361372e+00,8.2651361372e+00,8.2651361372e+00,8.2651361372e+00,8.2651361372e+00,8.2651361372e+00,8.2651361372e+00,8.2651361372e+00,8.2651361372e+00,8.2651361372e+00,8.2651361372e+00,8.2651361372e+00,8.2651361372e+00,8.2651361372e+00,8.2651361372e+00,8.2651361372e+00,8.2651361372e+00,8.2651361372e+00,8.2651361372e+00,8.2651361372e+00,8.2651361372e+00,8.2651361372e+00,8.2651361372e+00,8.2651361372e+00,8.2651361372e+00,8.2651361372e+00,8.2651361372e+00,8.2662440649e+00,8.2677628904e+00,8.2694329261e+00,8.2712692613e+00,8.2732884984e+00,8.2755089061e+00,8.2779505885e+00,8.2806356720e+00,8.2835885110e+00,8.2868359158e+00,8.2904074042e+00,8.2941882058e+00,8.2977096804e+00,8.3015827224e+00,8.3058426191e+00,8.3105282391e+00,8.3156824037e+00,8.3202428193e+00,8.3249717864e+00,8.3301736559e+00,8.3354959702e+00,8.3400878689e+00,8.3451388704e+00,8.3496792481e+00,8.3539514235e+00,8.3579951266e+00,8.3616901949e+00,8.3650352629e+00,8.3681801222e+00,8.3706839148e+00,8.3721905678e+00,8.3725383395e+00,8.3713470231e+00,8.3681045156e+00,8.3630593260e+00,8.3585044527e+00,8.3609328267e+00,8.3816989994e+00,8.4149871350e+00,8.4749289879e+00,8.5453978076e+00,8.6121590965e+00,8.5576409198e+00,8.2264954303e+00,7.8081003865e+00,7.3552068276e+00,6.8577471088e+00,6.3561448406e+00,5.8168887796e+00,4.8912037167e+00,3.7558924584e+00,2.6966624119e+00,2.0766777274e+00,1.3530937479e+00,6.1399870424e-01,3.8212406314e-01,1.8326782588e-01,6.4361606229e-02,2.9075343105e-02,8.2969707113e-03,2.4725243073e-03,9.3073545660e-04,4.1489921496e-04,0.0000000000e+00,0.0000000000e+00,0.0000000000e+00,0.0000000000e+00,0.0000000000e+00,0.0000000000e+00,0.0000000000e+00,0.0000000000e+00,0.0000000000e+00,0.0000000000e+00,0.0000000000e+00,0.0000000000e+00,0.0000000000e+00,0.0000000000e+00,0.0000000000e+00,0.0000000000e+00,0.0000000000e+00,0.0000000000e+00,0.0000000000e+00,0.0000000000e+00,0.0000000000e+00,0.0000000000e+00,0.0000000000e+00,0.0000000000e+00,0.0000000000e+00,0.0000000000e+00,0.0000000000e+00,0.0000000000e+00,0.0000000000e+00,0.0000000000e+00,0.0000000000e+00,0.0000000000e+00,0.0000000000e+00,0.0000000000e+00,0.0000000000e+00,0.0000000000e+00,0.0000000000e+00,0.0000000000e+00,0.0000000000e+00,0.0000000000e+00,0.0000000000e+00,0.0000000000e+00,0.0000000000e+00,0.0000000000e+00,0.0000000000e+00,0.0000000000e+00,0.0000000000e+00,0.0000000000e+00,0.0000000000e+00,0.0000000000e+00,0.0000000000e+00,0.0000000000e+00,0.0000000000e+00,0.0000000000e+00,0.0000000000e+00,0.0000000000e+00,0.0000000000e+00,0.0000000000e+00,0.0000000000e+00,0.0000000000e+00,0.0000000000e+00,0.0000000000e+00,0.0000000000e+00,0.0000000000e+00,0.0000000000e+00,0.0000000000e+00,0.0000000000e+00,0.0000000000e+00,0.0000000000e+00,0.0000000000e+00,0.0000000000e+00,0.0000000000e+00,0.0000000000e+00,0.0000000000e+00,0.0000000000e+00,0.0000000000e+00,0.0000000000e+00,0.0000000000e+00,0.0000000000e+00,0.0000000000e+00,0.0000000000e+00,0.0000000000e+00,0.0000000000e+00,0.0000000000e+00,0.0000000000e+00,0.0000000000e+00,0.0000000000e+00,0.0000000000e+00,0.0000000000e+00
7.3347381708e-01,8.1401083257e+00,8.1401083257e+00,8.1401083257e+00,8.1401083257e+00,8.1401083257e+00,8.1401083257e+00,8.1401083257e+00,8.1401083257e+00,8.1401083257e+00,8.1401083257e+00,8.1401083257e+00,8.1401083257e+00,8.1401083257e+00,8.1401083257e+00,8.1401083257e+00,8.1401083257e+00,8.1401083257e+00,8.1401083257e+00,8.1401083257e+00,8.1401083257e+00,8.1401083257e+00,8.1401083257e+00,8.1401083257e+00,8.1401083257e+00,8.1401083257e+00,8.1401083257e+00,8.1401083257e+00,8.1401083257e+00,8.1401083257e+00,8.1401083257e+00,8.1401083257e+00,8.1401083257e+00,8.1401083257e+00,8.1401083257e+00,8.1401083257e+00,8.1401083257e+00,8.1401083257e+00,8.1401083257e+00,8.1401083257e+00,8.1401083257e+00,8.1401083257e+00,8.1401083257e+00,8.1401083257e+00,8.1401083257e+00,8.1401083257e+00,8.1401083257e+00,8.1401083257e+00,8.1401083257e+00,8.1401083257e+00,8.1405509538e+00,8.1420295695e+00,8.1436553886e+00,8.1454430998e+00,8.1474088646e+00,8.1495704665e+00,8.1519474751e+00,8.1545614284e+00,8.1574360330e+00,8.1605973854e+00,8.1640742172e+00,8.1678981653e+00,8.1714006625e+00,8.1749654409e+00,8.1788861580e+00,8.1831985498e+00,8.1879419814e+00,8.1926678167e+00,8.1968006330e+00,8.2013464310e+00,8.2063467419e+00,8.2104322032e+00,8.2144921816e+00,8.2187701625e+00,8.2220382134e+00,8.2256305190e+00,8.2284646045e+00,8.2312930261e+00,8.2334352991e+00,8.2346884026e+00,8.2349531505e+00,8.2337638281e+00,8.2306533361e+00,8.2258210152e+00,8.2213721329e+00,8.2234203879e+00,8.2410501897e+00,8.2705975738e+00,8.3233572372e+00,8.3857562288e+00,8.4429052562e+00,8.3874751207e+00,8.0749028448e+00,7.6784625664e+00,7.2498502403e+00,6.7788890602e+00,6.3035522793e+00,5.7923444723e+00,4.8991623337e+00,3.7984904792e+00,2.7689810013e+00,2.1493803091e+00,1.4170045374e+00,6.6802280110e-01,4.2160413074e-01,2.0639104595e-01,7.6124638820e-02,3.5116910693e-02,1.0589927132e-02,3.3187457121e-03,1.2607071052e-03,4.0538421355e-04,1.4021459719e-04,0.0000000000e+00,0.0000000000e+00,0.0000000000e+00,0.0000000000e+00,0.0000000000e+00,0.0000000000e+00,0.0000000000e+00,0.0000000000e+00,0.0000000000e+00,0.0000000000e+00,0.0000000000e+00,0.0000000000e+00,0.0000000000e+00,0.0000000000e+00,0.0000000000e+00,0.0000000000e+00,0.0000000000e+00,0.0000000000e+00,0.0000000000e+00,0.0000000000e+00,0.0000000000e+00,0.0000000000e+00,0.0000000000e+00,0.0000000000e+00,0.0000000000e+00,0.0000000000e+00,0.0000000000e+00,0.0000000000e+00,0.0000000000e+00,0.0000000000e+00,0.0000000000e+00,0.0000000000e+00,0.0000000000e+00,0.0000000000e+00,0.0000000000e+00,0.0000000000e+00,0.0000000000e+00,0.0000000000e+00,0.0000000000e+00,0.0000000000e+00,0.0000000000e+00,0.0000000000e+00,0.0000000000e+00,0.0000000000e+00,0.0000000000e+00,0.0000000000e+00,0.0000000000e+00,0.0000000000e+00,0.0000000000e+00,0.0000000000e+00,0.0000000000e+00,0.0000000000e+00,0.0000000000e+00,0.0000000000e+00,0.0000000000e+00,0.0000000000e+00,0.0000000000e+00,0.0000000000e+00,0.0000000000e+00,0.0000000000e+00,0.0000000000e+00,0.0000000000e+00,0.0000000000e+00,0.0000000000e+00,0.0000000000e+00,0.0000000000e+00,0.0000000000e+00,0.0000000000e+00,0.0000000000e+00,0.0000000000e+00,0.0000000000e+00,0.0000000000e+00,0.0000000000e+00,0.0000000000e+00,0.0000000000e+00,0.0000000000e+00,0.0000000000e+00,0.0000000000e+00,0.0000000000e+00,0.0000000000e+00,0.0000000000e+00,0.0000000000e+00,0.0000000000e+00,0.0000000000e+00,0.0000000000e+00,0.0000000000e+00,0.0000000000e+00,0.0000000000e+00
7.6668220745e-01,8.0102526955e+00,8.0102526955e+00,8.0102526955e+00,8.0102526955e+00,8.0102526955e+00,8.0102526955e+00,8.0102526955e+00,8.0102526955e+00,8.0102526955e+00,8.0102526955e+00,8.0102526955e+00,8.0102526955e+00,8.0102526955e+00,8.0102526955e+00,8.0102526955e+00,8.0102526955e+00,8.0102526955e+00,8.0102526955e+00,8.0102526955e+00,8.0102526955e+00,8.0102526955e+00,8.0102526955e+00,8.0102526955e+00,8.0102526955e+00,8.0102526955e+00,8.0102526955e+00,8.0102526955e+00,8.0102526955e+00,8.0102526955e+00,8.0102526955e+00,8.0102526955e+00,8.0102526955e+00,8.0102526955e+00,8.0102526955e+00,8.0102526955e+00,8.0102526955e+00,8.0102526955e+00,8.0102526955e+00,8.0102526955e+00,8.0102526955e+00,8.0102526955e+00,8.0102526955e+00,8.0102526955e+00,8.0102526955e+00,8.0102526955e+00,8.0102526955e+00,8.0102526955e+00,8.0102526955e+00,8.0102526955e+00,8.0102526955e+00,8.0102526955e+00,8.0114659683e+00,8.0130365781e+00,8.0147635760e+00,8.0166625725e+00,8.0187507446e+00,8.0210469945e+00,8.0235721249e+00,8.0263490325e+00,8.0294029219e+00,8.0327615418e+00,8.0364554460e+00,8.0402341667e+00,8.0434668889e+00,8.0470222669e+00,8.0509326685e+00,8.0552337430e+00,8.0599647606e+00,8.0636766896e+00,8.0674847634e+00,8.0716732267e+00,8.0757406245e+00,8.0788822697e+00,8.0823374330e+00,8.0852990386e+00,8.0880718422e+00,8.0904566272e+00,8.0924515380e+00,8.0934214618e+00,8.0936413197e+00,8.0924891136e+00,8.0892358998e+00,8.0846428722e+00,8.0802232988e+00,8.0814192661e+00,8.0971416258e+00,8.1234191590e+00,8.1699899546e+00,8.2244706211e+00,8.2740755906e+00,8.2202471446e+00,7.9228334469e+00,7.5478752916e+00,7.1425109758e+00,6.6975609926e+00,6.2469605572e+00,5.7656829726e+00,4.9026363189e+00,3.8379546047e+00,2.8388571944e+00,2.2198840079e+00,1.4825173944e+00,7.2335877125e-01,4.6344877116e-01,2.3117803408e-01,8.9345568231e-02,4.2028454631e-02,1.3376817890e-02,4.3861001730e-03,1.7349300919e-03,5.9216043347e-04,1.9799392532e-04,6.6579426640e-05,3.1558096902e-05,0.0000000000e+00,0.0000000000e+00,0.0000000000e+00,0.0000000000e+00,0.0000000000e+00,0.0000000000e+00,0.0000000000e+00,0.0000000000e+00,0.0000000000e+00,0.0000000000e+00,0.0000000000e+00,0.0000000000e+00,0.0000000000e+00,0.0000000000e+00,0.0000000000e+00,0.0000000000e+00,0.0000000000e+00,0.0000000000e+00,0.0000000000e+00,0.0000000000e+00,0.0000000000e+00,0.0000000000e+00,0.0000000000e+00,0.0000000000e+00,0.0000000000e+00,0.0000000000e+00,0.0000000000e+00,0.0000000000e+00,0.0000000000e+00,0.0000000000e+00,0.0000000000e+00,0.0000000000e+00,0.0000000000e+00,0.0000000000e+00,0.0000000000e+00,0.0000000000e+00,0.0000000000e+00,0.0000000000e+00,0.0000000000e+00,0.0000000000e+00,0.0000000000e+00,0.0000000000e+00,0.0000000000e+00,0.0000000000e+00,0.0000000000e+00,0.0000000000e+00,0.0000000000e+00,0.0000000000e+00,0.0000000000e+00,0.0000000000e+00,0.0000000000e+00,0.0000000000e+00,0.0000000000e+00,0.0000000000e+00,0.0000000000e+00,0.0000000000e+00,0.0000000000e+00,0.0000000000e+00,0.0000000000e+00,0.0000000000e+00,0.0000000000e+00,0.0000000000e+00,0.0000000000e+00,0.0000000000e+00,0.0000000000e+00,0.0000000000e+00,0.0000000000e+00,0.0000000000e+00,0.0000000000e+00,0.0000000000e+00,0.0000000000e+00,0.0000000000e+00,0.0000000000e+00,0.0000000000e+00,0.0000000000e+00,0.0000000000e+00,0.0000000000e+00,0.0000000000e+00,0.0000000000e+00,0.0000000000e+00,0.0000000000e+00,0.0000000000e+00,0.0000000000e+00,0.0000000000e+00,0.0000000000e+00,0.0000000000e+00
8.0139412415e-01,7.8738586308e+00,7.8738586308e+00,7.8738586308e+00,7.8738586308e+00,7.8738586308e+00,7.8738586308e+00,7.8738586308e+00,7.8738586308e+00,7.8738586308e+00,7.8738586308e+00,7.8738586308e+00,7.8738586308e+00,7.8738586308e+00,7.8738586308e+00,7.8738586308e+00,7.8738586308e+00,7.8738586308e+00,7.8738586308e+00,7.8738586308e+00,7.8738586308e+00,7.8738586308e+00,7.8738586308e+00,7.8738586308e+00,7.8738586308e+00,7.8738586308e+00,7.8738586308e+00,7.8738586308e+00,7.8738586308e+00,7.8738586308e+00,7.8738586308e+00,7.8738586308e+00,7.8738586308e+00,7.8738586308e+00,7.8738586308e+00,7.8738586308e+00,7.8738586308e+00,7.8738586308e+00,7.8738586308e+00,7.8738586308e+00,7.8738586308e+00,7.8738586308e+00,7.8738586308e+00,7.8738586308e+00,7.8738586308e+00,7.8738586308e+00,7.8738586308e+00,7.8738586308e+00,7.8738586308e+00,7.8738586308e+00,7.8738586308e+00,7.8738586308e+00,7.8749561827e+00,7.8763769695e+00,7.8779392005e+00,7.8796569895e+00,7.8815458650e+00,7.8836229140e+00,7.8859069396e+00,7.8884186361e+00,7.8911807811e+00,7.8942184482e+00,7.8975592428e+00,7.9009761340e+00,7.9038975106e+00,7.9071103588e+00,7.9106438955e+00,7.9145302947e+00,7.9188049928e+00,7.9221544893e+00,7.9255895121e+00,7.9293675071e+00,7.9330326444e+00,7.9358536872e+00,7.9389561451e+00,7.9415996295e+00,7.9440628724e+00,7.9461592484e+00,7.9478861627e+00,7.9486574229e+00,7.9487253580e+00,7.9475157383e+00,7.9443589604e+00,7.9399353339e+00,7.9355933748e+00,7.9362135107e+00,7.9497826612e+00,7.9726927392e+00,8.0136641804e+00,8.0615071198e+00,8.1046339981e+00,8.0510856791e+00,7.7697338853e+00,7.4158196815e+00,7.0335381800e+00,6.6135955828e+00,6.1875700009e+00,5.7326754900e+00,4.9022619554e+00,3.8736687481e+00,2.9042976050e+00,2.2897179248e+00,1.5484003456e+00,7.8092763205e-01,5.0786617085e-01,2.5871439811e-01,1.0446547216e-01,5.0170167793e-02,1.6812606370e-02,5.7590026480e-03,2.3608015144e-03,8.4288314403e-04,2.9342400253e-04,1.0096338414e-04,4.2264754106e-05,0.0000000000e+00,0.0000000000e+00,0.0000000000e+00,0.0000000000e+00,0.0000000000e+00,0.0000000000e+00,0.0000000000e+00,0.0000000000e+00,0.0000000000e+00,0.0000000000e+00,0.0000000000e+00,0.0000000000e+00,0.0000000000e+00,0.0000000000e+00,0.0000000000e+00,0.0000000000e+00,0.0000000000e+00,0.0000000000e+00,0.0000000000e+00,0.0000000000e+00,0.0000000000e+00,0.0000000000e+00,0.0000000000e+00,0.0000000000e+00,0.0000000000e+00,0.0000000000e+00,0.0000000000e+00,0.0000000000e+00,0.0000000000e+00,0.0000000000e+00,0.0000000000e+00,0.0000000000e+00,0.0000000000e+00,0.0000000000e+00,0.0000000000e+00,0.0000000000e+00,0.0000000000e+00,0.0000000000e+00,0.0000000000e+00,0.0000000000e+00,0.0000000000e+00,0.0000000000e+00,0.0000000000e+00,0.0000000000e+00,0.0000000000e+00,0.0000000000e+00,0.0000000000e+00,0.0000000000e+00,0.0000000000e+00,0.0000000000e+00,0.0000000000e+00,0.0000000000e+00,0.0000000000e+00,0.0000000000e+00,0.0000000000e+00,0.0000000000e+00,0.0000000000e+00,0.0000000000e+00,0.0000000000e+00,0.0000000000e+00,0.0000000000e+00,0.0000000000e+00,0.0000000000e+00,0.0000000000e+00,0.0000000000e+00,0.0000000000e+00,0.0000000000e+00,0.0000000000e+00,0.0000000000e+00,0.0000000000e+00,0.0000000000e+00,0.0000000000e+00,0.0000000000e+00,0.0000000000e+00,0.0000000000e+00,0.0000000000e+00,0.0000000000e+00,0.0000000000e+00,0.0000000000e+00,0.0000000000e+00,0.0000000000e+00,0.0000000000e+00,0.0000000000e+00,0.0000000000e+00,0.0000000000e+00,0.0000000000e+00
8.3767764007e-01,7.7333515802e+00,7.7333515802e+00,7.7333515802e+00,7.7333515802e+00,7.7333515802e+00,7.7333515802e+00,7.7333515802e+00,7.7333515802e+00,7.7333515802e+00,7.7333515802e+00,7.7333515802e+00,7.7333515802e+00,7.7333515802e+00,7.7333515802e+00,7.7333515802e+00,7.7333515802e+00,7.7333515802e+00,7.7333515802e+00,7.7333515802e+00,7.7333515802e+00,7.7333515802e+00,7.7333515802e+00,7.7333515802e+00,7.7333515802e+00,7.7333515802e+00,7.7333515802e+00,7.7333515802e+00,7.7333515802e+00,7.7333515802e+00,7.7333515802e+00,7.7333515802e+00,7.7333515802e+00,7.7333515802e+00,7.7333515802e+00,7.7333515802e+00,7.7333515802e+00,7.7333515802e+00,7.7333515802e+00,7.7333515802e+00,7.7333515802e+00,7.7333515802e+00,7.7333515802e+00,7.7333515802e+00,7.7333515802e+00,7.7333515802e+00,7.7333515802e+00,7.7333515802e+00,7.7333515802e+00,7.7333515802e+00,7.7333515802e+00,7.7333515802e+00,7.7343428816e+00,7.7356261101e+00,7.7370370669e+00,7.7385884927e+00,7.7402944044e+00,7.7421702243e+00,7.7442329227e+00,7.7465011748e+00,7.7489955337e+00,7.7517386223e+00,7.7547553444e+00,7.7578400356e+00,7.7604750668e+00,7.7633729088e+00,7.7665598865e+00,7.7700649853e+00,7.7739201246e+00,7.7769354346e+00,7.7800262546e+00,7.7834255506e+00,7.7867191922e+00,7.7892430705e+00,7.7920186284e+00,7.7943670946e+00,7.7965431408e+00,7.7983721107e+00,7.7998507273e+00,7.8004382481e+00,7.8003659546e+00,7.7991039290e+00,7.7960371535e+00,7.7917726899e+00,7.7875103071e+00,7.7876222926e+00,7.7992606790e+00,7.8191485877e+00,7.8550890007e+00,7.8969759076e+00,7.9343128951e+00,7.8814315335e+00,7.6158463808e+00,7.2824520417e+00,6.9225847527e+00,6.5268301303e+00,6.1246249914e+00,5.6952496912e+00,4.8974503268e+00,3.9053205420e+00,2.9662819209e+00,2.3576950589e+00,1.6143534442e+00,8.4052310202e-01,5.5467796731e-01,2.8855465053e-01,1.2151939652e-01,5.9587610073e-02,2.0987160408e-02,7.5032932613e-03,3.1857417756e-03,1.1900494402e-03,4.3220351133e-04,1.5358025511e-04,6.0512098481e-05,0.0000000000e+00,0.0000000000e+00,0.0000000000e+00,0.0000000000e+00,0.0000000000e+00,0.0000000000e+00,0.0000000000e+00,0.0000000000e+00,0.0000000000e+00,0.0000000000e+00,0.0000000000e+00,0.0000000000e+00,0.0000000000e+00,0.0000000000e+00,0.0000000000e+00,0.0000000000e+00,0.0000000000e+00,0.0000000000e+00,0.0000000000e+00,0.0000000000e+00,0.0000000000e+00,0.0000000000e+00,0.0000000000e+00,0.0000000000e+00,0.0000000000e+00,0.0000000000e+00,0.0000000000e+00,0.0000000000e+00,0.0000000000e+00,0.0000000000e+00,0.0000000000e+00,0.0000000000e+00,0.0000000000e+00,0.0000000000e+00,0.0000000000e+00,0.0000000000e+00,0.0000000000e+00,0.0000000000e+00,0.0000000000e+00,0.0000000000e+00,0.0000000000e+00,0.0000000000e+00,0.0000000000e+00,0.0000000000e+00,0.0000000000e+00,0.0000000000e+00,0.0000000000e+00,0.0000000000e+00,0.0000000000e+00,0.0000000000e+00,0.0000000000e+00,0.0000000000e+00,0.0000000000e+00,0.0000000000e+00,0.0000000000e+00,0.0000000000e+00,0.0000000000e+00,0.0000000000e+00,0.0000000000e+00,0.0000000000e+00,0.0000000000e+00,0.0000000000e+00,0.0000000000e+00,0.0000000000e+00,0.0000000000e+00,0.0000000000e+00,0.0000000000e+00,0.0000000000e+00,0.0000000000e+00,0.0000000000e+00,0.0000000000e+00,0.0000000000e+00,0.0000000000e+00,0.0000000000e+00,0.0000000000e+00,0.0000000000e+00,0.0000000000e+00,0.0000000000e+00,0.0000000000e+00,0.0000000000e+00,0.0000000000e+00,0.0000000000e+00,0.0000000000e+00,0.0000000000e+00,0.0000000000e+00,0.0000000000e+00
8.7560391014e-01,7.5890288924e+00,7.5890288924e+00,7.5890288924e+00,7.5890288924e+00,7.5890288924e+00,7.5890288924e+00,7.5890288924e+00,7.5890288924e+00,7.5890288924e+00,7.5890288924e+00,7.5890288924e+00,7.5890288924e+00,7.5890288924e+00,7.5890288924e+00,7.5890288924e+00,7.5890288924e+00,7.5890288924e+00,7.5890288924e+00,7.5890288924e+00,7.5890288924e+00,7.5890288924e+00,7.5890288924e+00,7.5890288924e+00,7.5890288924e+00,7.5890288924e+00,7.5890288924e+00,7.5890288924e+00,7.5890288924e+00,7.5890288924e+00,7.5890288924e+00,7.5890288924e+00,7.5890288924e+00,7.5890288924e+00,7.5890288924e+00,7.5890288924e+00,7.5890288924e+00,7.5890288924e+00,7.5890288924e+00,7.5890288924e+00,7.5890288924e+00,7.5890288924e+00,7.5890288924e+00,7.5890288924e+00,7.5890288924e+00,7.5890288924e+00,7.5890288924e+00,7.5890288924e+00,7.5890288924e+00,7.5890288924e+00,7.5890288924e+00,7.5890288924e+00,7.5899228384e+00,7.5910800276e+00,7.5923523818e+00,7.5937513844e+00,7.5952896689e+00,7.5969811343e+00,7.5988410736e+00,7.6008863146e+00,7.6031353759e+00,7.6056086389e+00,7.6083285374e+00,7.6111088787e+00,7.6134812333e+00,7.6160901235e+00,7.6189592263e+00,7.6221146082e+00,7.6255849706e+00,7.6282931673e+00,7.6310675232e+00,7.6341186628e+00,7.6370705593e+00,7.6393204377e+00,7.6417945959e+00,7.6438711914e+00,7.6457826729e+00,7.6473657667e+00,7.6486165847e+00,7.6490366211e+00,7.6488375792e+00,7.6475306676e+00,7.6445511298e+00,7.6404398263e+00,7.6362624839e+00,7.6359322096e+00,7.6458474095e+00,7.6630332579e+00,7.6944662577e+00,7.7310240897e+00,7.7632035864e+00,7.7113223811e+00,7.4611561468e+00,7.1477094989e+00,6.8095516692e+00,6.4371469007e+00,6.0579843593e+00,5.6532488516e+00,4.8879993797e+00,3.9326508883e+00,3.0244955902e+00,2.4234638370e+00,1.6800679034e+00,9.0190902185e-01,6.0377483509e-01,3.2073880417e-01,1.4063416299e-01,7.0414505949e-02,2.6019470107e-02,9.6997932635e-03,4.2624013223e-03,1.6650261331e-03,6.3121389846e-04,2.3282597591e-04,9.0466505062e-05,0.0000000000e+00,0.0000000000e+00,0.0000000000e+00,0.0000000000e+00,0.0000000000e+00,0.0000000000e+00,0.0000000000e+00,0.0000000000e+00,0.0000000000e+00,0.0000000000e+00,0.0000000000e+00,0.0000000000e+00,0.0000000000e+00,0.0000000000e+00,0.0000000000e+00,0.0000000000e+00,0.0000000000e+00,0.0000000000e+00,0.0000000000e+00,0.0000000000e+00,0.0000000000e+00,0.0000000000e+00,0.0000000000e+00,0.0000000000e+00,0.0000000000e+00,0.0000000000e+00,0.0000000000e+00,0.0000000000e+00,0.0000000000e+00,0.0000000000e+00,0.0000000000e+00,0.0000000000e+00,0.0000000000e+00,0.0000000000e+00,0.0000000000e+00,0.0000000000e+00,0.0000000000e+00,0.0000000000e+00,0.0000000000e+00,0.0000000000e+00,0.0000000000e+00,0.0000000000e+00,0.0000000000e+00,0.0000000000e+00,0.0000000000e+00,0.0000000000e+00,0.0000000000e+00,0.0000000000e+00,0.0000000000e+00,0.0000000000e+00,0.0000000000e+00,0.0000000000e+00,0.0000000000e+00,0.0000000000e+00,0.0000000000e+00,0.0000000000e+00,0.0000000000e+00,0.0000000000e+00,0.0000000000e+00,0.0000000000e+00,0.0000000000e+00,0.0000000000e+00,0.0000000000e+00,0.0000000000e+00,0.0000000000e+00,0.0000000000e+00,0.0000000000e+00,0.0000000000e+00,0.0000000000e+00,0.0000000000e+00,0.0000000000e+00,0.0000000000e+00,0.0000000000e+00,0.0000000000e+00,0.0000000000e+00,0.0000000000e+00,0.0000000000e+00,0.0000000000e+00,0.0000000000e+00,0.0000000000e+00,0.0000000000e+00,0.0000000000e+00,0.0000000000e+00,0.0000000000e+00,0.0000000000e+00,0.0000000000e+00
9.1524731088e-01,7.4418548490e+00,7.4418548490e+00,7.4418548490e+00,7.4418548490e+00,7.4418548490e+00,7.4418548490e+00,7.4418548490e+00,7.4418548490e+00,7.4418548490e+00,7.4418548490e+00,7.4418548490e+00,7.4418548490e+00,7.4418548490e+00,7.4418548490e+00,7.4418548490e+00,7.4418548490e+00,7.4418548490e+00,7.4418548490e+00,7.4418548490e+00,7.4418548490e+00,7.4418548490e+00,7.4418548490e+00,7.4418548490e+00,7.4418548490e+00,7.4418548490e+00,7.4418548490e+00,7.4418548490e+00,7.4418548490e+00,7.4418548490e+00,7.4418548490e+00,7.4418548490e+00,7.4418548490e+00,7.4418548490e+00,7.4418548490e+00,7.4418548490e+00,7.4418548490e+00,7.4418548490e+00,7.4418548490e+00,7.4418548490e+00,7.4418548490e+00,7.4418548490e+00,7.4418548490e+00,7.4418548490e+00,7.4418548490e+00,7.4418548490e+00,7.4418548490e+00,7.4418548490e+00,7.4418548490e+00,7.4418548490e+00,7.4418548490e+00,7.4418548490e+00,7.4418548490e+00,7.4422337575e+00,7.4433340285e+00,7.4445437941e+00,7.4458739710e+00,7.4473365691e+00,7.4489448009e+00,7.4507132039e+00,7.4526577738e+00,7.4547961133e+00,7.4571475948e+00,7.4597335409e+00,7.4625774234e+00,7.4648939200e+00,7.4671850396e+00,7.4697045826e+00,7.4724754115e+00,7.4755226953e+00,7.4783463731e+00,7.4805295946e+00,7.4829304444e+00,7.4855706965e+00,7.4874237851e+00,7.4892240318e+00,7.4910413683e+00,7.4922043943e+00,7.4934210916e+00,7.4935365082e+00,7.4932429001e+00,7.4918238428e+00,7.4889343471e+00,7.4850738823e+00,7.4811222364e+00,7.4805857580e+00,7.4886956475e+00,7.5034786084e+00,7.5306423176e+00,7.5626197651e+00,7.5914965238e+00,7.5371509422e+00,7.3047996516e+00,7.0108538171e+00,6.6938963030e+00,6.3442705470e+00,5.9878390776e+00,5.6074058427e+00,4.8740076760e+00,3.9560252601e+00,3.0779229804e+00,2.4863777730e+00,1.7450700343e+00,9.6601965615e-01,6.5482455898e-01,3.5551610822e-01,1.6216670444e-01,8.2953825644e-02,3.2098869468e-02,1.2454092222e-02,5.6685934537e-03,2.3088759618e-03,9.2503779511e-04,3.5294694500e-04,1.0010974021e-04,1.6289458395e-05,0.0000000000e+00,0.0000000000e+00,0.0000000000e+00,0.0000000000e+00,0.0000000000e+00,0.0000000000e+00,0.0000000000e+00,0.0000000000e+00,0.0000000000e+00,0.0000000000e+00,0.0000000000e+00,0.0000000000e+00,0.0000000000e+00,0.0000000000e+00,0.0000000000e+00,0.0000000000e+00,0.0000000000e+00,0.0000000000e+00,0.0000000000e+00,0.0000000000e+00,0.0000000000e+00,0.0000000000e+00,0.0000000000e+00,0.0000000000e+00,0.0000000000e+00,0.0000000000e+00,0.0000000000e+00,0.0000000000e+00,0.0000000000e+00,0.0000000000e+00,0.0000000000e+00,0.0000000000e+00,0.0000000000e+00,0.0000000000e+00,0.0000000000e+00,0.0000000000e+00,0.0000000000e+00,0.0000000000e+00,0.0000000000e+00,0.0000000000e+00,0.0000000000e+00,0.0000000000e+00,0.0000000000e+00,0.0000000000e+00,0.0000000000e+00,0.0000000000e+00,0.0000000000e+00,0.0000000000e+00,0.0000000000e+00,0.0000000000e+00,0.0000000000e+00,0.0000000000e+00,0.0000000000e+00,0.0000000000e+00,0.0000000000e+00,0.0000000000e+00,0.0000000000e+00,0.0000000000e+00,0.0000000000e+00,0.0000000000e+00,0.0000000000e+00,0.0000000000e+00,0.0000000000e+00,0.0000000000e+00,0.0000000000e+00,0.0000000000e+00,0.0000000000e+00,0.0000000000e+00,0.0000000000e+00,0.0000000000e+00,0.0000000000e+00,0.0000000000e+00,0.0000000000e+00,0.0000000000e+00,0.0000000000e+00,0.0000000000e+00,0.0000000000e+00,0.0000000000e+00,0.0000000000e+00,0.0000000000e+00,0.0000000000e+00,0.0000000000e+00,0.0000000000e+00,0.0000000000e+00,0.0000000000e+00
9.5668558622e-01,7.2906708174e+00,7.2906708174e+00,7.2906708174e+00,7.2906708174e+00,7.2906708174e+00,7.2906708174e+00,7.2906708174e+00,7.2906708174e+00,7.2906708174e+00,7.2906708174e+00,7.2906708174e+00,7.2906708174e+00,7.2906708174e+00,7.2906708174e+00,7.2906708174e+00,7.2906708174e+00,7.2906708174e+00,7.2906708174e+00,7.2906708174e+00,7.2906708174e+00,7.2906708174e+00,7.2906708174e+00,7.2906708174e+00,7.2906708174e+00,7.2906708174e+00,7.2906708174e+00,7.2906708174e+00,7.2906708174e+00,7.2906708174e+00,7.2906708174e+00,7.2906708174e+00,7.2906708174e+00,7.2906708174e+00,7.2906708174e+00,7.2906708174e+00,7.2906708174e+00,7.2906708174e+00,7.2906708174e+00,7.2906708174e+00,7.2906708174e+00,7.2906708174e+00,7.2906708174e+00,7.2906708174e+00,7.2906708174e+00,7.2906708174e+00,7.2906708174e+00,7.2906708174e+00,7.2906708174e+00,7.2906708174e+00,7.2906708174e+00,7.2906708174e+00,7.2906708174e+00,7.2910114062e+00,7.2920003968e+00,7.2930877937e+00,7.2942834056e+00,7.2955980222e+00,7.2970435131e+00,7.2986329372e+00,7.3003806627e+00,7.3023024995e+00,7.3044158456e+00,7.3067398485e+00,7.3092955835e+00,7.3113734078e+00,7.3134267520e+00,7.3156847517e+00,7.3181678776e+00,7.3208986631e+00,7.3234247295e+00,7.3253689665e+00,7.3275069500e+00,7.3298580522e+00,7.3314885307e+00,7.3330655262e+00,7.3346506480e+00,7.3356268908e+00,7.3366432456e+00,7.3366379145e+00,7.3362457387e+00,7.3348074485e+00,7.3320057758e+00,7.3282852715e+00,7.3244222797e+00,7.3235476608e+00,7.3303311884e+00,7.3429811170e+00,7.3665829814e+00,7.3943177545e+00,7.4190503580e+00,7.3665051354e+00,7.1485452446e+00,6.8732708795e+00,6.5764909256e+00,6.2484728372e+00,5.9134254403e+00,5.5558197860e+00,4.8547165386e+00,3.9739201274e+00,3.1276941629e+00,2.5465836673e+00,1.8092441333e+00,1.0300843259e+00,7.0796328213e-01,3.9238972494e-01,1.8573053230e-01,9.7008244657e-02,3.9243747738e-02,1.5846740470e-02,7.4517044181e-03,3.1678250117e-03,1.3244802544e-03,5.2518544308e-04,1.5578076433e-04,2.6585346197e-05,0.0000000000e+00,0.0000000000e+00,0.0000000000e+00,0.0000000000e+00,0.0000000000e+00,0.0000000000e+00,0.0000000000e+00,0.0000000000e+00,0.0000000000e+00,0.0000000000e+00,0.0000000000e+00,0.0000000000e+00,0.0000000000e+00,0.0000000000e+00,0.0000000000e+00,0.0000000000e+00,0.0000000000e+00,0.0000000000e+00,0.0000000000e+00,0.0000000000e+00,0.0000000000e+00,0.0000000000e+00,0.0000000000e+00,0.0000000000e+00,0.0000000000e+00,0.0000000000e+00,0.0000000000e+00,0.0000000000e+00,0.0000000000e+00,0.0000000000e+00,0.0000000000e+00,0.0000000000e+00,0.0000000000e+00,0.0000000000e+00,0.0000000000e+00,0.0000000000e+00,0.0000000000e+00,0.0000000000e+00,0.0000000000e+00,0.0000000000e+00,0.0000000000e+00,0.0000000000e+00,0.0000000000e+00,0.0000000000e+00,0.0000000000e+00,0.0000000000e+00,0.0000000000e+00,0.0000000000e+00,0.0000000000e+00,0.0000000000e+00,0.0000000000e+00,0.0000000000e+00,0.0000000000e+00,0.0000000000e+00,0.0000000000e+00,0.0000000000e+00,0.0000000000e+00,0.0000000000e+00,0.0000000000e+00,0.0000000000e+00,0.0000000000e+00,0.0000000000e+00,0.0000000000e+00,0.0000000000e+00,0.0000000000e+00,0.0000000000e+00,0.0000000000e+00,0.0000000000e+00,0.0000000000e+00,0.0000000000e+00,0.0000000000e+00,0.0000000000e+00,0.0000000000e+00,0.0000000000e+00,0.0000000000e+00,0.0000000000e+00,0.0000000000e+00,0.0000000000e+00,0.0000000000e+00,0.0000000000e+00,0.0000000000e+00,0.0000000000e+00,0.0000000000e+00,0.0000000000e+00,0.0000000000e+00
1.0000000000e+00,7.1365024690e+00,7.1365024690e+00,7.1365024690e+00,7.1365024690e+00,7.1365024690e+00,7.1365024690e+00,7.1365024690e+00,7.1365024690e+00,7.1365024690e+00,7.1365024690e+00,7.1365024690e+00,7.1365024690e+00,7.1365024690e+00,7.1365024690e+00,7.1365024690e+00,7.1365024690e+00,7.1365024690e+00,7.1365024690e+00,7.1365024690e+00,7.1365024690e+00,7.1365024690e+00,7.1365024690e+00,7.1365024690e+00,7.1365024690e+00,7.1365024690e+00,7.1365024690e+00,7.1365024690e+00,7.1365024690e+00,7.1365024690e+00,7.1365024690e+00,7.1365024690e+00,7.1365024690e+00,7.1365024690e+00,7.1365024690e+00,7.1365024690e+00,7.1365024690e+00,7.1365024690e+00,7.1365024690e+00,7.1365024690e+00,7.1365024690e+00,7.1365024690e+00,7.1365024690e+00,7.1365024690e+00,7.1365024690e+00,7.1365024690e+00,7.1365024690e+00,7.1365024690e+00,7.1365024690e+00,7.1365024690e+00,7.1365024690e+00,7.1365024690e+00,7.1365024690e+00,7.1368081419e+00,7.1376957383e+00,7.1386716405e+00,7.1397446480e+00,7.1409244399e+00,7.1422216636e+00,7.1436480323e+00,7.1452164328e+00,7.1469410439e+00,7.1488374673e+00,7.1509228722e+00,7.1532161544e+00,7.1550765573e+00,7.1569132892e+00,7.1589330357e+00,7.1611540924e+00,7.1635965959e+00,7.1658516042e+00,7.1675782000e+00,7.1694768051e+00,7.1715646080e+00,7.1729929753e+00,7.1743674761e+00,7.1757422710e+00,7.1765509123e+00,7.1773876658e+00,7.1772773129e+00,7.1768013812e+00,7.1753536743e+00,7.1726425301e+00,7.1690630788e+00,7.1652991782e+00,7.1641435612e+00,7.1697608132e+00,7.1805249349e+00,7.2009629134e+00,7.2249333876e+00,7.2460062769e+00,7.1954377791e+00,6.9914109308e+00,6.7341308810e+00,6.4567524861e+00,6.1494779467e+00,5.8350024729e+00,5.4993267915e+00,4.8302973291e+00,3.9867894676e+00,3.1727808436e+00,2.6034832546e+00,1.8721186952e+00,1.0950076462e+00,7.6283879733e-01,4.3155803487e-01,2.1163656683e-01,1.1286290700e-01,4.7652693904e-02,2.0005263951e-02,9.7105499604e-03,4.3022765495e-03,1.8751533349e-03,7.7313113254e-04,2.3997968052e-04,4.3465985919e-05,0.0000000000e+00,0.0000000000e+00,0.0000000000e+00,0.0000000000e+00,0.0000000000e+00,0.0000000000e+00,0.0000000000e+00,0.0000000000e+00,0.0000000000e+00,0.0000000000e+00,0.0000000000e+00,0.0000000000e+00,0.0000000000e+00,0.0000000000e+00,0.0000000000e+00,0.0000000000e+00,0.0000000000e+00,0.0000000000e+00,0.0000000000e+00,0.0000000000e+00,0.0000000000e+00,0.0000000000e+00,0.0000000000e+00,0.0000000000e+00,0.0000000000e+00,0.0000000000e+00,0.0000000000e+00,0.0000000000e+00,0.0000000000e+00,0.0000000000e+00,0.0000000000e+00,0.0000000000e+00,0.0000000000e+00,0.0000000000e+00,0.0000000000e+00,0.0000000000e+00,0.0000000000e+00,0.0000000000e+00,0.0000000000e+00,0.0000000000e+00,0.0000000000e+00,0.0000000000e+00,0.0000000000e+00,0.0000000000e+00,0.0000000000e+00,0.0000000000e+00,0.0000000000e+00,0.0000000000e+00,0.0000000000e+00,0.0000000000e+00,0.0000000000e+00,0.0000000000e+00,0.0000000000e+00,0.0000000000e+00,0.0000000000e+00,0.0000000000e+00,0.0000000000e+00,0.0000000000e+00,0.0000000000e+00,0.0000000000e+00,0.0000000000e+00,0.0000000000e+00,0.0000000000e+00,0.0000000000e+00,0.0000000000e+00,0.0000000000e+00,0.0000000000e+00,0.0000000000e+00,0.0000000000e+00,0.0000000000e+00,0.0000000000e+00,0.0000000000e+00,0.0000000000e+00,0.0000000000e+00,0.0000000000e+00,0.0000000000e+00,0.0000000000e+00,0.0000000000e+00,0.0000000000e+00,0.0000000000e+00,0.0000000000e+00,0.0000000000e+00,0.0000000000e+00,0.0000000000e+00,0.0000000000e+00
1.0452754953e+00,6.9795853059e+00,6.9795853059e+00,6.9795853059e+00,6.9795853059e+00,6.9795853059e+00,6.9795853059e+00,6.9795853059e+00,6.9795853059e+00,6.9795853059e+00,6.9795853059e+00,6.9795853059e+00,6.9795853059e+00,6.9795853059e+00,6.9795853059e+00,6.9795853059e+00,6.9795853059e+00,6.9795853059e+00,6.9795853059e+00,6.9795853059e+00,6.9795853059e+00,6.9795853059e+00,6.9795853059e+00,6.9795853059e+00,6.9795853059e+00,6.9795853059e+00,6.9795853059e+00,6.9795853059e+00,6.9795853059e+00,6.9795853059e+00,6.9795853059e+00,6.9795853059e+00,6.9795853059e+00,6.9795853059e+00,6.9795853059e+00,6.9795853059e+00,6.9795853059e+00,6.9795853059e+00,6.9795853059e+00,6.9795853059e+00,6.9795853059e+00,6.9795853059e+00,6.9795853059e+00,6.9795853059e+00,6.9795853059e+00,6.9795853059e+00,6.9795853059e+00,6.9795853059e+00,6.9795853059e+00,6.9795853059e+00,6.9795853059e+00,6.9795853059e+00,6.9795853059e+00,6.9798592216e+00,6.9806545977e+00,6.9815290951e+00,6.9824905963e+00,6.9835477708e+00,6.9847101554e+00,6.9859882408e+00,6.9873935678e+00,6.9889388336e+00,6.9906380088e+00,6.9925064657e+00,6.9945611214e+00,6.9962238897e+00,6.9978637468e+00,6.9996669597e+00,7.0016498495e+00,7.0038303783e+00,7.0058391562e+00,7.0073682158e+00,7.0090495655e+00,7.0108984148e+00,7.0121441346e+00,7.0133358973e+00,7.0145212115e+00,7.0151805987e+00,7.0158575951e+00,7.0156574132e+00,7.0151121170e+00,7.0136647809e+00,7.0110474222e+00,7.0076107727e+00,7.0039561591e+00,7.0025721593e+00,7.0071692162e+00,7.0162726222e+00,7.0339083358e+00,7.0545486366e+00,7.0724009316e+00,7.0239465931e+00,6.8333662574e+00,6.5933808852e+00,6.3346139290e+00,6.0472178072e+00,5.7524980629e+00,5.4378571658e+00,4.8006219378e+00,3.9944205943e+00,3.2128907372e+00,2.6566998161e+00,1.9332992510e+00,1.1604105327e+00,8.1919127392e-01,4.7293709930e-01,2.3993092959e-01,1.3063285211e-01,5.7470393593e-02,2.5056677192e-02,1.2543988252e-02,5.7835770754e-03,2.6244606949e-03,1.1247519506e-03,3.6518512533e-04,7.0585989118e-05,0.0000000000e+00,0.0000000000e+00,0.0000000000e+00,0.0000000000e+00,0.0000000000e+00,0.0000000000e+00,0.0000000000e+00,0.0000000000e+00,0.0000000000e+00,0.0000000000e+00,0.0000000000e+00,0.0000000000e+00,0.0000000000e+00,0.0000000000e+00,0.0000000000e+00,0.0000000000e+00,0.0000000000e+00,0.0000000000e+00,0.0000000000e+00,0.0000000000e+00,0.0000000000e+00,0.0000000000e+00,0.0000000000e+00,0.0000000000e+00,0.0000000000e+00,0.0000000000e+00,0.0000000000e+00,0.0000000000e+00,0.0000000000e+00,0.0000000000e+00,0.0000000000e+00,0.0000000000e+00,0.0000000000e+00,0.0000000000e+00,0.0000000000e+00,0.0000000000e+00,0.0000000000e+00,0.0000000000e+00,0.0000000000e+00,0.0000000000e+00,0.0000000000e+00,0.0000000000e+00,0.0000000000e+00,0.0000000000e+00,0.0000000000e+00,0.0000000000e+00,0.0000000000e+00,0.0000000000e+00,0.0000000000e+00,0.0000000000e+00,0.0000000000e+00,0.0000000000e+00,0.0000000000e+00,0.0000000000e+00,0.0000000000e+00,0.0000000000e+00,0.0000000000e+00,0.0000000000e+00,0.0000000000e+00,0.0000000000e+00,0.0000000000e+00,0.0000000000e+00,0.0000000000e+00,0.0000000000e+00,0.0000000000e+00,0.0000000000e+00,0.0000000000e+00,0.0000000000e+00,0.0000000000e+00,0.0000000000e+00,0.0000000000e+00,0.0000000000e+00,0.0000000000e+00,0.0000000000e+00,0.0000000000e+00,0.0000000000e+00,0.0000000000e+00,0.0000000000e+00,0.0000000000e+00,0.0000000000e+00,0.0000000000e+00,0.0000000000e+00,0.0000000000e+00,0.0000000000e+00,0.0000000000e+00
1.0926008611e+00,6.8201358708e+00,6.8201358708e+00,6.8201358708e+00,6.8201358708e+00,6.8201358708e+00,6.8201358708e+00,6.8201358708e+00,6.8201358708e+00,6.8201358708e+00,6.8201358708e+00,6.8201358708e+00,6.8201358708e+00,6.8201358708e+00,6.8201358708e+00,6.8201358708e+00,6.8201358708e+00,6.8201358708e+00,6.8201358708e+00,6.8201358708e+00,6.8201358708e+00,6.8201358708e+00,6.8201358708e+00,6.8201358708e+00,6.8201358708e+00,6.8201358708e+00,6.8201358708e+00,6.8201358708e+00,6.8201358708e+00,6.8201358708e+00,6.8201358708e+00,6.8201358708e+00,6.8201358708e+00,6.8201358708e+00,6.8201358708e+00,6.8201358708e+00,6.8201358708e+00,6.8201358708e+00,6.8201358708e+00,6.8201358708e+00,6.8201358708e+00,6.8201358708e+00,6.8201358708e+00,6.8201358708e+00,6.8201358708e+00,6.8201358708e+00,6.8201358708e+00,6.8201358708e+00,6.8201358708e+00,6.8201358708e+00,6.8201358708e+00,6.8201358708e+00,6.8201358708e+00,6.8203809525e+00,6.8210925977e+00,6.8218750272e+00,6.8227352910e+00,6.8236811432e+00,6.8247211127e+00,6.8258645811e+00,6.8271218689e+00,6.8285043295e+00,6.8300244542e+00,6.8316959866e+00,6.8335340500e+00,6.8350175427e+00,6.8364788638e+00,6.8380857208e+00,6.8398526474e+00,6.8417956367e+00,6.8435812973e+00,6.8449316473e+00,6.8464164557e+00,6.8480491445e+00,6.8491305455e+00,6.8501582070e+00,6.8511737094e+00,6.8517011854e+00,6.8522371846e+00,6.8519615968e+00,6.8513606350e+00,6.8499230982e+00,6.8474029225e+00,6.8441110183e+00,6.8405752051e+00,6.8390107528e+00,6.8427202364e+00,6.8503670212e+00,6.8655280112e+00,6.8832308811e+00,6.8982592748e+00,6.8520212476e+00,6.6743782643e+00,6.4509712216e+00,6.2100164928e+00,5.9416364782e+00,5.6658562734e+00,5.3713609350e+00,4.7655801331e+00,3.9966140019e+00,3.2477405822e+00,2.7058569298e+00,1.9923757554e+00,1.2258818988e+00,8.7672143251e-01,5.1640354514e-01,2.7062789204e-01,1.5041826166e-01,6.8840816858e-02,3.1137225411e-02,1.6063251096e-02,7.6958864527e-03,3.6309371694e-03,1.6161577239e-03,5.4833959403e-04,1.1332546334e-04,0.0000000000e+00,0.0000000000e+00,0.0000000000e+00,0.0000000000e+00,0.0000000000e+00,0.0000000000e+00,0.0000000000e+00,0.0000000000e+00,0.0000000000e+00,0.0000000000e+00,0.0000000000e+00,0.0000000000e+00,0.0000000000e+00,0.0000000000e+00,0.0000000000e+00,0.0000000000e+00,0.0000000000e+00,0.0000000000e+00,0.0000000000e+00,0.0000000000e+00,0.0000000000e+00,0.0000000000e+00,0.0000000000e+00,0.0000000000e+00,0.0000000000e+00,0.0000000000e+00,0.0000000000e+00,0.0000000000e+00,0.0000000000e+00,0.0000000000e+00,0.0000000000e+00,0.0000000000e+00,0.0000000000e+00,0.0000000000e+00,0.0000000000e+00,0.0000000000e+00,0.0000000000e+00,0.0000000000e+00,0.0000000000e+00,0.0000000000e+00,0.0000000000e+00,0.0000000000e+00,0.0000000000e+00,0.0000000000e+00,0.0000000000e+00,0.0000000000e+00,0.0000000000e+00,0.0000000000e+00,0.0000000000e+00,0.0000000000e+00,0.0000000000e+00,0.0000000000e+00,0.0000000000e+00,0.0000000000e+00,0.0000000000e+00,0.0000000000e+00,0.0000000000e+00,0.0000000000e+00,0.0000000000e+00,0.0000000000e+00,0.0000000000e+00,0.0000000000e+00,0.0000000000e+00,0.0000000000e+00,0.0000000000e+00,0.0000000000e+00,0.0000000000e+00,0.0000000000e+00,0.0000000000e+00,0.0000000000e+00,0.0000000000e+00,0.0000000000e+00,0.0000000000e+00,0.0000000000e+00,0.0000000000e+00,0.0000000000e+00,0.0000000000e+00,0.0000000000e+00,0.0000000000e+00,0.0000000000e+00,0.0000000000e+00,0.0000000000e+00,0.0000000000e+00,0.0000000000e+00,0.0000000000e+00
1.1420689063e+00,6.6600460696e+00,6.6600460696e+00,6.6600460696e+00,6.6600460696e+00,6.6600460696e+00,6.6600460696e+00,6.6600460696e+00,6.6600460696e+00,6.6600460696e+00,6.6600460696e+00,6.6600460696e+00,6.6600460696e+00,6.6600460696e+00,6.6600460696e+00,6.6600460696e+00,6.6600460696e+00,6.6600460696e+00,6.6600460696e+00,6.6600460696e+00,6.6600460696e+00,6.6600460696e+00,6.6600460696e+00,6.6600460696e+00,6.6600460696e+00,6.6600460696e+00,6.6600460696e+00,6.6600460696e+00,6.6600460696e+00,6.6600460696e+00,6.6600460696e+00,6.6600460696e+00,6.6600460696e+00,6.6600460696e+00,6.6600460696e+00,6.6600460696e+00,6.6600460696e+00,6.6600460696e+00,6.6600460696e+00,6.6600460696e+00,6.6600460696e+00,6.6600460696e+00,6.6600460696e+00,6.6600460696e+00,6.6600460696e+00,6.6600460696e+00,6.6600460696e+00,6.6600460696e+00,6.6600460696e+00,6.6600460696e+00,6.6600460696e+00,6.6600460696e+00,6.6600460696e+00,6.6600460696e+00,6.6600460696e+00,6.6606410134e+00,6.6613706656e+00,6.6621728975e+00,6.6630549390e+00,6.6640247418e+00,6.6650910529e+00,6.6662634940e+00,6.6675526495e+00,6.6689701643e+00,6.6705288503e+00,6.6722428048e+00,6.6738965931e+00,6.6751301011e+00,6.6764864154e+00,6.6779777912e+00,6.6796177126e+00,6.6814210172e+00,6.6824852588e+00,6.6835478221e+00,6.6847161411e+00,6.6857403752e+00,6.6863527254e+00,6.6870259745e+00,6.6871651380e+00,6.6870398580e+00,6.6862776969e+00,6.6849560598e+00,6.6824815037e+00,6.6793886142e+00,6.6756864540e+00,6.6740879756e+00,6.6771645758e+00,6.6833456036e+00,6.6968779454e+00,6.7118719003e+00,6.7235202757e+00,6.6845935971e+00,6.5143022843e+00,6.3068358686e+00,6.0827295409e+00,5.8327291784e+00,5.5747404936e+00,5.2942583968e+00,4.7239887292e+00,3.9914762397e+00,3.2768608989e+00,2.7522916299e+00,2.0498025899e+00,1.2902631274e+00,9.3612897047e-01,5.6161329316e-01,3.0376187475e-01,1.7222655527e-01,8.1974218587e-02,3.8372097917e-02,2.0404567833e-02,1.0151810638e-02,4.9709541764e-03,2.2925953557e-03,8.2220744296e-04,1.7771929148e-04,2.0188570682e-05,1.0695078825e-06,0.0000000000e+00,0.0000000000e+00,0.0000000000e+00,0.0000000000e+00,0.0000000000e+00,0.0000000000e+00,0.0000000000e+00,0.0000000000e+00,0.0000000000e+00,0.0000000000e+00,0.0000000000e+00,0.0000000000e+00,0.0000000000e+00,0.0000000000e+00,0.0000000000e+00,0.0000000000e+00,0.0000000000e+00,0.0000000000e+00,0.0000000000e+00,0.0000000000e+00,0.0000000000e+00,0.0000000000e+00,0.0000000000e+00,0.0000000000e+00,0.0000000000e+00,0.0000000000e+00,0.0000000000e+00,0.0000000000e+00,0.0000000000e+00,0.0000000000e+00,0.0000000000e+00,0.0000000000e+00,0.0000000000e+00,0.0000000000e+00,0.0000000000e+00,0.0000000000e+00,0.0000000000e+00,0.0000000000e+00,0.0000000000e+00,0.0000000000e+00,0.0000000000e+00,0.0000000000e+00,0.0000000000e+00,0.0000000000e+00,0.0000000000e+00,0.0000000000e+00,0.0000000000e+00,0.0000000000e+00,0.0000000000e+00,0.0000000000e+00,0.0000000000e+00,0.0000000000e+00,0.0000000000e+00,0.0000000000e+00,0.0000000000e+00,0.0000000000e+00,0.0000000000e+00,0.0000000000e+00,0.0000000000e+00,0.0000000000e+00,0.0000000000e+00,0.0000000000e+00,0.0000000000e+00,0.0000000000e+00,0.0000000000e+00,0.0000000000e+00,0.0000000000e+00,0.0000000000e+00,0.0000000000e+00,0.0000000000e+00,0.0000000000e+00,0.0000000000e+00,0.0000000000e+00,0.0000000000e+00,0.0000000000e+00,0.0000000000e+00,0.0000000000e+00,0.0000000000e+00,0.0000000000e+00,0.0000000000e+00,0.0000000000e+00,0.0000000000e+00,0.0000000000e+00
1.1937766417e+00,6.4958991762e+00,6.4958991762e+00,6.4958991762e+00,6.4958991762e+00,6.4958991762e+00,6.4958991762e+00,6.4958991762e+00,6.4958991762e+00,6.4958991762e+00,6.4958991762e+00,6.4958991762e+00,6.4958991762e+00,6.4958991762e+00,6.4958991762e+00,6.4958991762e+00,6.4958991762e+00,6.4958991762e+00,6.4958991762e+00,6.4958991762e+00,6.4958991762e+00,6.4958991762e+00,6.4958991762e+00,6.4958991762e+00,6.4958991762e+00,6.4958991762e+00,6.4958991762e+00,6.4958991762e+00,6.4958991762e+00,6.4958991762e+00,6.4958991762e+00,6.4958991762e+00,6.4958991762e+00,6.4958991762e+00,6.4958991762e+00,6.4958991762e+00,6.4958991762e+00,6.4958991762e+00,6.4958991762e+00,6.4958991762e+00,6.4958991762e+00,6.4958991762e+00,6.4958991762e+00,6.4958991762e+00,6.4958991762e+00,6.4958991762e+00,6.4958991762e+00,6.4958991762e+00,6.4958991762e+00,6.4958991762e+00,6.4958991762e+00,6.4958991762e+00,6.4958991762e+00,6.4958991762e+00,6.4958991762e+00,6.4964295944e+00,6.4970801055e+00,6.4977953169e+00,6.4985816721e+00,6.4994462579e+00,6.5003968689e+00,6.5014420791e+00,6.5025913199e+00,6.5038549669e+00,6.5052444347e+00,6.5067722821e+00,6.5082445639e+00,6.5093371847e+00,6.5105385640e+00,6.5118595506e+00,6.5133120803e+00,6.5149092859e+00,6.5158375684e+00,6.5167612491e+00,6.5177768444e+00,6.5186566971e+00,6.5191567917e+00,6.5197066126e+00,6.5197621410e+00,6.5195690286e+00,6.5187857786e+00,6.5174824056e+00,6.5151155088e+00,6.5121663479e+00,6.5086320579e+00,6.5069209672e+00,6.5093223382e+00,6.5144183117e+00,6.5259789305e+00,6.5387202331e+00,6.5482976740e+00,6.5112900533e+00,6.3532757738e+00,6.1609239963e+00,5.9530369057e+00,5.7203412276e+00,5.4797037667e+00,5.2178613379e+00,4.6780026447e+00,3.9823463724e+00,3.3003701597e+00,2.7921667594e+00,2.1033683485e+00,1.3545540068e+00,9.9497972590e-01,6.0871316356e-01,3.3914956229e-01,1.9625487560e-01,9.6863264990e-02,4.6940284611e-02,2.5676445599e-02,1.3235302331e-02,6.7189421627e-03,3.2105321560e-03,1.2014726968e-03,2.7595429591e-04,3.4068302044e-05,1.5835768358e-06,0.0000000000e+00,0.0000000000e+00,0.0000000000e+00,0.0000000000e+00,0.0000000000e+00,0.0000000000e+00,0.0000000000e+00,0.0000000000e+00,0.0000000000e+00,0.0000000000e+00,0.0000000000e+00,0.0000000000e+00,0.0000000000e+00,0.0000000000e+00,0.0000000000e+00,0.0000000000e+00,0.0000000000e+00,0.0000000000e+00,0.0000000000e+00,0.0000000000e+00,0.0000000000e+00,0.0000000000e+00,0.0000000000e+00,0.0000000000e+00,0.0000000000e+00,0.0000000000e+00,0.0000000000e+00,0.0000000000e+00,0.0000000000e+00,0.0000000000e+00,0.0000000000e+00,0.0000000000e+00,0.0000000000e+00,0.0000000000e+00,0.0000000000e+00,0.0000000000e+00,0.0000000000e+00,0.0000000000e+00,0.0000000000e+00,0.0000000000e+00,0.0000000000e+00,0.0000000000e+00,0.0000000000e+00,0.0000000000e+00,0.0000000000e+00,0.0000000000e+00,0.0000000000e+00,0.0000000000e+00,0.0000000000e+00,0.0000000000e+00,0.0000000000e+00,0.0000000000e+00,0.0000000000e+00,0.0000000000e+00,0.0000000000e+00,0.0000000000e+00,0.0000000000e+00,0.0000000000e+00,0.0000000000e+00,0.0000000000e+00,0.0000000000e+00,0.0000000000e+00,0.0000000000e+00,0.0000000000e+00,0.0000000000e+00,0.0000000000e+00,0.0000000000e+00,0.0000000000e+00,0.0000000000e+00,0.0000000000e+00,0.0000000000e+00,0.0000000000e+00,0.0000000000e+00,0.0000000000e+00,0.0000000000e+00,0.0000000000e+00,0.0000000000e+00,0.0000000000e+00,0.0000000000e+00,0.0000000000e+00,0.0000000000e+00,0.0000000000e+00,0.0000000000e+00
1.2478254705e+00,6.3297719136e+00,6.3297719136e+00,6.3297719136e+00,6.3297719136e+00,6.3297719136e+00,6.3297719136e+00,6.3297719136e+00,6.3297719136e+00,6.3297719136e+00,6.3297719136e+00,6.3297719136e+00,6.3297719136e+00,6.3297719136e+00,6.3297719136e+00,6.3297719136e+00,6.3297719136e+00,6.3297719136e+00,6.3297719136e+00,6.3297719136e+00,6.3297719136e+00,6.3297719136e+00,6.3297719136e+00,6.3297719136e+00,6.3297719136e+00,6.3297719136e+00,6.3297719136e+00,6.3297719136e+00,6.3297719136e+00,6.3297719136e+00,6.3297719136e+00,6.3297719136e+00,6.3297719136e+00,6.3297719136e+00,6.3297719136e+00,6.3297719136e+00,6.3297719136e+00,6.3297719136e+00,6.3297719136e+00,6.3297719136e+00,6.3297719136e+00,6.3297719136e+00,6.3297719136e+00,6.3297719136e+00,6.3297719136e+00,6.3297719136e+00,6.3297719136e+00,6.3297719136e+00,6.3297719136e+00,6.3297719136e+00,6.3297719136e+00,6.3297719136e+00,6.3297719136e+00,6.3297719136e+00,6.3297719136e+00,6.3302440426e+00,6.3308230625e+00,6.3314596664e+00,6.3321595879e+00,6.3329291325e+00,6.3337752357e+00,6.3347055258e+00,6.3357283935e+00,6.3368530688e+00,6.3380897058e+00,6.3394494754e+00,6.3407579464e+00,6.3417237227e+00,6.3427856141e+00,6.3439532046e+00,6.3452370378e+00,6.3466487135e+00,6.3474554579e+00,6.3482551564e+00,6.3491344173e+00,6.3498860441e+00,6.3502879546e+00,6.3507298224e+00,6.3507148695e+00,6.3504665969e+00,6.3496721691e+00,6.3483948373e+00,6.3461375357e+00,6.3433331405e+00,6.3399691332e+00,6.3381810907e+00,6.3400050932e+00,6.3441622349e+00,6.3539958388e+00,6.3647688498e+00,6.3725569080e+00,6.3375115682e+00,6.1912023261e+00,6.0132291175e+00,5.8207601812e+00,5.6045347941e+00,5.3804501767e+00,5.1363945852e+00,4.6264163731e+00,3.9672550192e+00,3.3178378367e+00,2.8268793972e+00,2.1535337962e+00,1.4175151340e+00,1.0538772202e+00,6.5727068520e-01,3.7674689785e-01,2.2246034021e-01,1.1368725517e-01,5.6974318218e-02,3.2031992103e-02,1.7082887313e-02,8.9784414509e-03,4.4396471350e-03,1.7315081245e-03,4.2233895444e-04,5.6595002947e-05,2.5959340879e-06,0.0000000000e+00,0.0000000000e+00,0.0000000000e+00,0.0000000000e+00,0.0000000000e+00,0.0000000000e+00,0.0000000000e+00,0.0000000000e+00,0.0000000000e+00,0.0000000000e+00,0.0000000000e+00,0.0000000000e+00,0.0000000000e+00,0.0000000000e+00,0.0000000000e+00,0.0000000000e+00,0.0000000000e+00,0.0000000000e+00,0.0000000000e+00,0.0000000000e+00,0.0000000000e+00,0.0000000000e+00,0.0000000000e+00,0.0000000000e+00,0.0000000000e+00,0.0000000000e+00,0.0000000000e+00,0.0000000000e+00,0.0000000000e+00,0.0000000000e+00,0.0000000000e+00,0.0000000000e+00,0.0000000000e+00,0.0000000000e+00,0.0000000000e+00,0.0000000000e+00,0.0000000000e+00,0.0000000000e+00,0.0000000000e+00,0.0000000000e+00,0.0000000000e+00,0.0000000000e+00,0.0000000000e+00,0.0000000000e+00,0.0000000000e+00,0.0000000000e+00,0.0000000000e+00,0.0000000000e+00,0.0000000000e+00,0.0000000000e+00,0.0000000000e+00,0.0000000000e+00,0.0000000000e+00,0.0000000000e+00,0.0000000000e+00,0.0000000000e+00,0.0000000000e+00,0.0000000000e+00,0.0000000000e+00,0.0000000000e+00,0.0000000000e+00,0.0000000000e+00,0.0000000000e+00,0.0000000000e+00,0.0000000000e+00,0.0000000000e+00,0.0000000000e+00,0.0000000000e+00,0.0000000000e+00,0.0000000000e+00,0.0000000000e+00,0.0000000000e+00,0.0000000000e+00,0.0000000000e+00,0.0000000000e+00,0.0000000000e+00,0.0000000000e+00,0.0000000000e+00,0.0000000000e+00,0.0000000000e+00,0.0000000000e+00,0.0000000000e+00,0.0000000000e+00
1.3043213867e+00,6.1618132072e+00,6.1618132072e+00,6.1618132072e+00,6.1618132072e+00,6.1618132072e+00,6.1618132072e+00,6.1618132072e+00,6.1618132072e+00,6.1618132072e+00,6.1618132072e+00,6.1618132072e+00,6.1618132072e+00,6.1618132072e+00,6.1618132072e+00,6.1618132072e+00,6.1618132072e+00,6.1618132072e+00,6.1618132072e+00,6.1618132072e+00,6.1618132072e+00,6.1618132072e+00,6.1618132072e+00,6.1618132072e+00,6.1618132072e+00,6.1618132072e+00,6.1618132072e+00,6.1618132072e+00,6.1618132072e+00,6.1618132072e+00,6.1618132072e+00,6.1618132072e+00,6.1618132072e+00,6.1618132072e+00,6.1618132072e+00,6.1618132072e+00,6.1618132072e+00,6.1618132072e+00,6.1618132072e+00,6.1618132072e+00,6.1618132072e+00,6.1618132072e+00,6.1618132072e+00,6.1618132072e+00,6.1618132072e+00,6.1618132072e+00,6.1618132072e+00,6.1618132072e+00,6.1618132072e+00,6.1618132072e+00,6.1618132072e+00,6.1618132072e+00,6.1618132072e+00,6.1618132072e+00,6.1618132072e+00,6.1622327638e+00,6.1627473053e+00,6.1633130136e+00,6.1639349823e+00,6.1646188131e+00,6.1653706668e+00,6.1661973195e+00,6.1671062242e+00,6.1681055788e+00,6.1692044016e+00,6.1704126131e+00,6.1715734925e+00,6.1724253112e+00,6.1733618898e+00,6.1743916770e+00,6.1755239670e+00,6.1767689844e+00,6.1774674382e+00,6.1781568446e+00,6.1789148290e+00,6.1795530521e+00,6.1798696456e+00,6.1802177098e+00,6.1801442160e+00,6.1798522351e+00,6.1790554638e+00,6.1778109728e+00,6.1756645812e+00,6.1730053002e+00,6.1698129470e+00,6.1679791315e+00,6.1693129083e+00,6.1726616998e+00,6.1809872718e+00,6.1900461425e+00,6.1962954859e+00,6.1632326431e+00,6.0280532256e+00,5.8637249960e+00,5.6858806510e+00,5.4853054707e+00,5.2769871719e+00,5.0498804078e+00,4.5691920638e+00,3.9460676432e+00,3.3290370273e+00,2.8560885464e+00,2.1998628673e+00,1.4786397182e+00,1.1123769173e+00,7.0698573216e-01,4.1639954469e-01,2.5083320847e-01,1.3253909343e-01,6.8616250919e-02,3.9617637859e-02,2.1829980727e-02,1.1862396804e-02,6.0627174415e-03,2.4610753008e-03,6.3666496146e-04,9.2395813711e-05,4.4922732040e-06,0.0000000000e+00,0.0000000000e+00,0.0000000000e+00,0.0000000000e+00,0.0000000000e+00,0.0000000000e+00,0.0000000000e+00,0.0000000000e+00,0.0000000000e+00,0.0000000000e+00,0.0000000000e+00,0.0000000000e+00,0.0000000000e+00,0.0000000000e+00,0.0000000000e+00,0.0000000000e+00,0.0000000000e+00,0.0000000000e+00,0.0000000000e+00,0.0000000000e+00,0.0000000000e+00,0.0000000000e+00,0.0000000000e+00,0.0000000000e+00,0.0000000000e+00,0.0000000000e+00,0.0000000000e+00,0.0000000000e+00,0.0000000000e+00,0.0000000000e+00,0.0000000000e+00,0.0000000000e+00,0.0000000000e+00,0.0000000000e+00,0.0000000000e+00,0.0000000000e+00,0.0000000000e+00,0.0000000000e+00,0.0000000000e+00,0.0000000000e+00,0.0000000000e+00,0.0000000000e+00,0.0000000000e+00,0.0000000000e+00,0.0000000000e+00,0.0000000000e+00,0.0000000000e+00,0.0000000000e+00,0.0000000000e+00,0.0000000000e+00,0.0000000000e+00,0.0000000000e+00,0.0000000000e+00,0.0000000000e+00,0.0000000000e+00,0.0000000000e+00,0.0000000000e+00,0.0000000000e+00,0.0000000000e+00,0.0000000000e+00,0.0000000000e+00,0.0000000000e+00,0.0000000000e+00,0.0000000000e+00,0.0000000000e+00,0.0000000000e+00,0.0000000000e+00,0.0000000000e+00,0.0000000000e+00,0.0000000000e+00,0.0000000000e+00,0.0000000000e+00,0.0000000000e+00,0.0000000000e+00,0.0000000000e+00,0.0000000000e+00,0.0000000000e+00,0.0000000000e+00,0.0000000000e+00,0.0000000000e+00,0.0000000000e+00,0.0000000000e+00,0.0000000000e+00
1.3633751836e+00,5.9921636304e+00,5.9921636304e+00,5.9921636304e+00,5.9921636304e+00,5.9921636304e+00,5.9921636304e+00,5.9921636304e+00,5.9921636304e+00,5.9921636304e+00,5.9921636304e+00,5.9921636304e+00,5.9921636304e+00,5.9921636304e+00,5.9921636304e+00,5.9921636304e+00,5.9921636304e+00,5.9921636304e+00,5.9921636304e+00,5.9921636304e+00,5.9921636304e+00,5.9921636304e+00,5.9921636304e+00,5.9921636304e+00,5.9921636304e+00,5.9921636304e+00,5.9921636304e+00,5.9921636304e+00,5.9921636304e+00,5.9921636304e+00,5.9921636304e+00,5.9921636304e+00,5.9921636304e+00,5.9921636304e+00,5.9921636304e+00,5.9921636304e+00,5.9921636304e+00,5.9921636304e+00,5.9921636304e+00,5.9921636304e+00,5.9921636304e+00,5.9921636304e+00,5.9921636304e+00,5.9921636304e+00,5.9921636304e+00,5.9921636304e+00,5.9921636304e+00,5.9921636304e+00,5.9921636304e+00,5.9921636304e+00,5.9921636304e+00,5.9921636304e+00,5.9921636304e+00,5.9921636304e+00,5.9921636304e+00,5.9925358450e+00,5.9929923235e+00,5.9934941911e+00,5.9940459653e+00,5.9946526144e+00,5.9953196021e+00,5.9960529375e+00,5.9968592298e+00,5.9977457486e+00,5.9987204902e+00,5.9997922506e+00,6.0008203718e+00,6.0015700256e+00,6.0023942621e+00,6.0033005132e+00,6.0042969540e+00,6.0053925774e+00,6.0059948583e+00,6.0065864943e+00,6.0072369739e+00,6.0077753238e+00,6.0080182902e+00,6.0082854055e+00,6.0081641171e+00,6.0078386732e+00,6.0070473148e+00,6.0058414723e+00,6.0038066356e+00,6.0012920787e+00,5.9982716830e+00,5.9964190565e+00,5.9973398406e+00,5.9999962669e+00,6.0070092066e+00,6.0145804228e+00,6.0195134527e+00,5.9884332046e+00,5.8638088366e+00,5.7123981366e+00,5.5483954340e+00,5.3626665665e+00,5.1693417465e+00,4.9583620320e+00,4.5063139490e+00,3.9186722861e+00,3.3337632828e+00,2.8794734657e+00,2.2419254614e+00,1.5374093891e+00,1.1700062093e+00,7.5751392646e-01,4.5790391781e-01,2.8132382879e-01,1.5348463351e-01,8.1997746944e-02,4.8580781679e-02,2.7621059009e-02,1.5497250664e-02,8.1766594505e-03,3.4503079911e-03,9.4511465599e-04,1.4814093784e-04,7.9181820664e-06,0.0000000000e+00,0.0000000000e+00,0.0000000000e+00,0.0000000000e+00,0.0000000000e+00,0.0000000000e+00,0.0000000000e+00,0.0000000000e+00,0.0000000000e+00,0.0000000000e+00,0.0000000000e+00,0.0000000000e+00,0.0000000000e+00,0.0000000000e+00,0.0000000000e+00,0.0000000000e+00,0.0000000000e+00,0.0000000000e+00,0.0000000000e+00,0.0000000000e+00,0.0000000000e+00,0.0000000000e+00,0.0000000000e+00,0.0000000000e+00,0.0000000000e+00,0.0000000000e+00,0.0000000000e+00,0.0000000000e+00,0.0000000000e+00,0.0000000000e+00,0.0000000000e+00,0.0000000000e+00,0.0000000000e+00,0.0000000000e+00,0.0000000000e+00,0.0000000000e+00,0.0000000000e+00,0.0000000000e+00,0.0000000000e+00,0.0000000000e+00,0.0000000000e+00,0.0000000000e+00,0.0000000000e+00,0.0000000000e+00,0.0000000000e+00,0.0000000000e+00,0.0000000000e+00,0.0000000000e+00,0.0000000000e+00,0.0000000000e+00,0.0000000000e+00,0.0000000000e+00,0.0000000000e+00,0.0000000000e+00,0.0000000000e+00,0.0000000000e+00,0.0000000000e+00,0.0000000000e+00,0.0000000000e+00,0.0000000000e+00,0.0000000000e+00,0.0000000000e+00,0.0000000000e+00,0.0000000000e+00,0.0000000000e+00,0.0000000000e+00,0.0000000000e+00,0.0000000000e+00,0.0000000000e+00,0.0000000000e+00,0.0000000000e+00,0.0000000000e+00,0.0000000000e+00,0.0000000000e+00,0.0000000000e+00,0.0000000000e+00,0.0000000000e+00,0.0000000000e+00,0.0000000000e+00,0.0000000000e+00,0.0000000000e+00,0.0000000000e+00,0.0000000000e+00
1.4251026703e+00,5.8209608476e+00,5.8209608476e+00,5.8209608476e+00,5.8209608476e+00,5.8209608476e+00,5.8209608476e+00,5.8209608476e+00,5.8209608476e+00,5.8209608476e+00,5.8209608476e+00,5.8209608476e+00,5.8209608476e+00,5.8209608476e+00,5.8209608476e+00,5.8209608476e+00,5.8209608476e+00,5.8209608476e+00,5.8209608476e+00,5.8209608476e+00,5.8209608476e+00,5.8209608476e+00,5.8209608476e+00,5.8209608476e+00,5.8209608476e+00,5.8209608476e+00,5.8209608476e+00,5.8209608476e+00,5.8209608476e+00,5.8209608476e+00,5.8209608476e+00,5.8209608476e+00,5.8209608476e+00,5.8209608476e+00,5.8209608476e+00,5.8209608476e+00,5.8209608476e+00,5.8209608476e+00,5.8209608476e+00,5.8209608476e+00,5.8209608476e+00,5.8209608476e+00,5.8209608476e+00,5.8209608476e+00,5.8209608476e+00,5.8209608476e+00,5.8209608476e+00,5.8209608476e+00,5.8209608476e+00,5.8209608476e+00,5.8209608476e+00,5.8209608476e+00,5.8209608476e+00,5.8209608476e+00,5.8209608476e+00,5.8212904963e+00,5.8216947701e+00,5.8221392390e+00,5.8226279030e+00,5.8231651607e+00,5.8237558497e+00,5.8244052900e+00,5.8251193328e+00,5.8259044133e+00,5.8267676101e+00,5.8277167089e+00,5.8286256113e+00,5.8292838633e+00,5.8300075954e+00,5.8308033305e+00,5.8316782435e+00,5.8326402265e+00,5.8331573751e+00,5.8336626460e+00,5.8342181638e+00,5.8346689344e+00,5.8348488304e+00,5.8350466046e+00,5.8348871133e+00,5.8345372822e+00,5.8337580407e+00,5.8325956785e+00,5.8306723593e+00,5.8283013878e+00,5.8254522005e+00,5.8236038009e+00,5.8241797174e+00,5.8262464801e+00,5.8321206496e+00,5.8384054558e+00,5.8422188026e+00,5.8131038141e+00,5.6984633918e+00,5.5592521301e+00,5.4083214262e+00,5.2366526731e+00,5.0575636151e+00,4.8619064632e+00,4.4377916514e+00,3.8849837770e+00,3.3318394320e+00,2.8967394793e+00,2.2793039432e+00,1.5933009168e+00,1.2262699101e+00,8.0846900932e-01,5.0100636594e-01,3.1383853408e-01,1.7655666862e-01,9.7233945918e-02,5.9064811617e-02,3.4606226494e-02,2.0021245901e-02,1.0892460904e-02,4.7718144883e-03,1.3815949813e-03,2.3322376881e-04,1.3925764369e-05,0.0000000000e+00,0.0000000000e+00,0.0000000000e+00,0.0000000000e+00,0.0000000000e+00,0.0000000000e+00,0.0000000000e+00,0.0000000000e+00,0.0000000000e+00,0.0000000000e+00,0.0000000000e+00,0.0000000000e+00,0.0000000000e+00,0.0000000000e+00,0.0000000000e+00,0.0000000000e+00,0.0000000000e+00,0.0000000000e+00,0.0000000000e+00,0.0000000000e+00,0.0000000000e+00,0.0000000000e+00,0.0000000000e+00,0.0000000000e+00,0.0000000000e+00,0.0000000000e+00,0.0000000000e+00,0.0000000000e+00,0.0000000000e+00,0.0000000000e+00,0.0000000000e+00,0.0000000000e+00,0.0000000000e+00,0.0000000000e+00,0.0000000000e+00,0.0000000000e+00,0.0000000000e+00,0.0000000000e+00,0.0000000000e+00,0.0000000000e+00,0.0000000000e+00,0.0000000000e+00,0.0000000000e+00,0.0000000000e+00,0.0000000000e+00,0.0000000000e+00,0.0000000000e+00,0.0000000000e+00,0.0000000000e+00,0.0000000000e+00,0.0000000000e+00,0.0000000000e+00,0.0000000000e+00,0.0000000000e+00,0.0000000000e+00,0.0000000000e+00,0.0000000000e+00,0.0000000000e+00,0.0000000000e+00,0.0000000000e+00,0.0000000000e+00,0.0000000000e+00,0.0000000000e+00,0.0000000000e+00,0.0000000000e+00,0.0000000000e+00,0.0000000000e+00,0.0000000000e+00,0.0000000000e+00,0.0000000000e+00,0.0000000000e+00,0.0000000000e+00,0.0000000000e+00,0.0000000000e+00,0.0000000000e+00,0.0000000000e+00,0.0000000000e+00,0.0000000000e+00,0.0000000000e+00,0.0000000000e+00,0.0000000000e+00,0.0000000000e+00,0.0000000000e+00
1.4896248996e+00,5.6483460777e+00,5.6483460777e+00,5.6483460777e+00,5.6483460777e+00,5.6483460777e+00,5.6483460777e+00,5.6483460777e+00,5.6483460777e+00,5.6483460777e+00,5.6483460777e+00,5.6483460777e+00,5.6483460777e+00,5.6483460777e+00,5.6483460777e+00,5.6483460777e+00,5.6483460777e+00,5.6483460777e+00,5.6483460777e+00,5.6483460777e+00,5.6483460777e+00,5.6483460777e+00,5.6483460777e+00,5.6483460777e+00,5.6483460777e+00,5.6483460777e+00,5.6483460777e+00,5.6483460777e+00,5.6483460777e+00,5.6483460777e+00,5.6483460777e+00,5.6483460777e+00,5.6483460777e+00,5.6483460777e+00,5.6483460777e+00,5.6483460777e+00,5.6483460777e+00,5.6483460777e+00,5.6483460777e+00,5.6483460777e+00,5.6483460777e+00,5.6483460777e+00,5.6483460777e+00,5.6483460777e+00,5.6483460777e+00,5.6483460777e+00,5.6483460777e+00,5.6483460777e+00,5.6483460777e+00,5.6483460777e+00,5.6483460777e+00,5.6483460777e+00,5.6483460777e+00,5.6483460777e+00,5.6483460777e+00,5.6486375145e+00,5.6489949241e+00,5.6493878667e+00,5.6498198779e+00,5.6502948455e+00,5.6508170450e+00,5.6513911782e+00,5.6520224162e+00,5.6527164462e+00,5.6534795230e+00,5.6543185269e+00,5.6551205458e+00,5.6556971957e+00,5.6563312009e+00,5.6570282735e+00,5.6577946961e+00,5.6586373791e+00,5.6590794177e+00,5.6595086718e+00,5.6599806077e+00,5.6603549202e+00,5.6604812240e+00,5.6606200789e+00,5.6604308756e+00,5.6600646170e+00,5.6593031882e+00,5.6581881994e+00,5.6563756920e+00,5.6541464376e+00,5.6514667045e+00,5.6496419530e+00,5.6499328020e+00,5.6515004858e+00,5.6563901487e+00,5.6615668401e+00,5.6644337257e+00,5.6372517058e+00,5.5320306228e+00,5.4043128581e+00,5.2657001190e+00,5.1073241386e+00,4.9417293341e+00,4.7606082944e+00,4.3636644443e+00,3.8449488392e+00,3.3231212440e+00,2.9076245126e+00,2.3116005106e+00,1.6457939783e+00,1.2806570477e+00,8.5942671571e-01,5.4540376682e-01,3.4823645218e-01,2.0174923510e-01,1.1441691896e-01,7.1203286741e-02,4.2936700451e-02,2.5581633373e-02,1.4334260733e-02,6.5113644471e-03,1.9890797113e-03,3.6056876674e-04,2.4186534573e-05,0.0000000000e+00,0.0000000000e+00,0.0000000000e+00,0.0000000000e+00,0.0000000000e+00,0.0000000000e+00,0.0000000000e+00,0.0000000000e+00,0.0000000000e+00,0.0000000000e+00,0.0000000000e+00,0.0000000000e+00,0.0000000000e+00,0.0000000000e+00,0.0000000000e+00,0.0000000000e+00,0.0000000000e+00,0.0000000000e+00,0.0000000000e+00,0.0000000000e+00,0.0000000000e+00,0.0000000000e+00,0.0000000000e+00,0.0000000000e+00,0.0000000000e+00,0.0000000000e+00,0.0000000000e+00,0.0000000000e+00,0.0000000000e+00,0.0000000000e+00,0.0000000000e+00,0.0000000000e+00,0.0000000000e+00,0.0000000000e+00,0.0000000000e+00,0.0000000000e+00,0.0000000000e+00,0.0000000000e+00,0.0000000000e+00,0.0000000000e+00,0.0000000000e+00,0.0000000000e+00,0.0000000000e+00,0.0000000000e+00,0.0000000000e+00,0.0000000000e+00,0.0000000000e+00,0.0000000000e+00,0.0000000000e+00,0.0000000000e+00,0.0000000000e+00,0.0000000000e+00,0.0000000000e+00,0.0000000000e+00,0.0000000000e+00,0.0000000000e+00,0.0000000000e+00,0.0000000000e+00,0.0000000000e+00,0.0000000000e+00,0.0000000000e+00,0.0000000000e+00,0.0000000000e+00,0.0000000000e+00,0.0000000000e+00,0.0000000000e+00,0.0000000000e+00,0.0000000000e+00,0.0000000000e+00,0.0000000000e+00,0.0000000000e+00,0.0000000000e+00,0.0000000000e+00,0.0000000000e+00,0.0000000000e+00,0.0000000000e+00,0.0000000000e+00,0.0000000000e+00,0.0000000000e+00,0.0000000000e+00,0.0000000000e+00,0.0000000000e+00,0.0000000000e+00
1.5570684048e+00,5.4744713811e+00,5.4744713811e+00,5.4744713811e+00,5.4744713811e+00,5.4744713811e+00,5.4744713811e+00,5.4744713811e+00,5.4744713811e+00,5.4744713811e+00,5.4744713811e+00,5.4744713811e+00,5.4744713811e+00,5.4744713811e+00,5.4744713811e+00,5.4744713811e+00,5.4744713811e+00,5.4744713811e+00,5.4744713811e+00,5.4744713811e+00,5.4744713811e+00,5.4744713811e+00,5.4744713811e+00,5.4744713811e+00,5.4744713811e+00,5.4744713811e+00,5.4744713811e+00,5.4744713811e+00,5.4744713811e+00,5.4744713811e+00,5.4744713811e+00,5.4744713811e+00,5.4744713811e+00,5.4744713811e+00,5.4744713811e+00,5.4744713811e+00,5.4744713811e+00,5.4744713811e+00,5.4744713811e+00,5.4744713811e+00,5.4744713811e+00,5.4744713811e+00,5.4744713811e+00,5.4744713811e+00,5.4744713811e+00,5.4744713811e+00,5.4744713811e+00,5.4744713811e+00,5.4744713811e+00,5.4744713811e+00,5.4744713811e+00,5.4744713811e+00,5.4744713811e+00,5.4744713811e+00,5.4744713811e+00,5.4747285691e+00,5.4750439754e+00,5.4753907367e+00,5.4757719725e+00,5.4761911130e+00,5.4766519300e+00,5.4771585719e+00,5.4777156003e+00,5.4783280323e+00,5.4790013855e+00,5.4797417288e+00,5.4804480843e+00,5.4809520346e+00,5.4815061036e+00,5.4821152813e+00,5.4827850561e+00,5.4835214643e+00,5.4838974605e+00,5.4842600528e+00,5.4846586946e+00,5.4849665679e+00,5.4850477428e+00,5.4851369835e+00,5.4849255224e+00,5.4845497452e+00,5.4838108750e+00,5.4827462682e+00,5.4810432322e+00,5.4789531388e+00,5.4764401705e+00,5.4746551858e+00,5.4747131972e+00,5.4758613839e+00,5.4799030329e+00,5.4841291099e+00,5.4862015698e+00,5.4609075429e+00,5.3645501370e+00,5.2476344730e+00,5.1206032225e+00,4.9747723909e+00,4.8219473228e+00,4.6545944612e+00,4.2840064407e+00,3.7985520754e+00,3.3075039298e+00,2.9119063673e+00,2.3384454602e+00,1.6943800218e+00,1.3326490214e+00,9.0993029627e-01,5.9074575720e-01,3.8432753876e-01,2.2901256020e-01,1.3360899025e-01,8.5113437678e-02,5.2759243207e-02,3.2330686042e-02,1.8637389940e-02,8.7679620769e-03,2.8208396136e-03,5.4754791088e-04,4.1287680836e-05,0.0000000000e+00,0.0000000000e+00,0.0000000000e+00,0.0000000000e+00,0.0000000000e+00,0.0000000000e+00,0.0000000000e+00,0.0000000000e+00,0.0000000000e+00,0.0000000000e+00,0.0000000000e+00,0.0000000000e+00,0.0000000000e+00,0.0000000000e+00,0.0000000000e+00,0.0000000000e+00,0.0000000000e+00,0.0000000000e+00,0.0000000000e+00,0.0000000000e+00,0.0000000000e+00,0.0000000000e+00,0.0000000000e+00,0.0000000000e+00,0.0000000000e+00,0.0000000000e+00,0.0000000000e+00,0.0000000000e+00,0.0000000000e+00,0.0000000000e+00,0.0000000000e+00,0.0000000000e+00,0.0000000000e+00,0.0000000000e+00,0.0000000000e+00,0.0000000000e+00,0.0000000000e+00,0.0000000000e+00,0.0000000000e+00,0.0000000000e+00,0.0000000000e+00,0.0000000000e+00,0.0000000000e+00,0.0000000000e+00,0.0000000000e+00,0.0000000000e+00,0.0000000000e+00,0.0000000000e+00,0.0000000000e+00,0.0000000000e+00,0.0000000000e+00,0.0000000000e+00,0.0000000000e+00,0.0000000000e+00,0.0000000000e+00,0.0000000000e+00,0.0000000000e+00,0.0000000000e+00,0.0000000000e+00,0.0000000000e+00,0.0000000000e+00,0.0000000000e+00,0.0000000000e+00,0.0000000000e+00,0.0000000000e+00,0.0000000000e+00,0.0000000000e+00,0.0000000000e+00,0.0000000000e+00,0.0000000000e+00,0.0000000000e+00,0.0000000000e+00,0.0000000000e+00,0.0000000000e+00,0.0000000000e+00,0.0000000000e+00,0.0000000000e+00,0.0000000000e+00,0.0000000000e+00,0.0000000000e+00,0.0000000000e+00,0.0000000000e+00,0.0000000000e+00
1.6275654480e+00,5.2995075029e+00,5.2995075029e+00,5.2995075029e+00,5.2995075029e+00,5.2995075029e+00,5.2995075029e+00,5.2995075029e+00,5.2995075029e+00,5.2995075029e+00,5.2995075029e+00,5.2995075029e+00,5.2995075029e+00,5.2995075029e+00,5.2995075029e+00,5.2995075029e+00,5.2995075029e+00,5.2995075029e+00,5.2995075029e+00,5.2995075029e+00,5.2995075029e+00,5.2995075029e+00,5.2995075029e+00,5.2995075029e+00,5.2995075029e+00,5.2995075029e+00,5.2995075029e+00,5.2995075029e+00,5.2995075029e+00,5.2995075029e+00,5.2995075029e+00,5.2995075029e+00,5.2995075029e+00,5.2995075029e+00,5.2995075029e+00,5.2995075029e+00,5.2995075029e+00,5.2995075029e+00,5.2995075029e+00,5.2995075029e+00,5.2995075029e+00,5.2995075029e+00,5.2995075029e+00,5.2995075029e+00,5.2995075029e+00,5.2995075029e+00,5.2995075029e+00,5.2995075029e+00,5.2995075029e+00,5.2995075029e+00,5.2995075029e+00,5.2995075029e+00,5.2995075029e+00,5.2995075029e+00,5.2995075029e+00,5.2997340444e+00,5.3000118654e+00,5.3003173035e+00,5.3006531057e+00,5.3010222928e+00,5.3014281866e+00,5.3018744400e+00,5.3023650698e+00,5.3029044938e+00,5.3034975704e+00,5.3041496429e+00,5.3047705248e+00,5.3052098470e+00,5.3056928557e+00,5.3062238998e+00,5.3068077619e+00,5.3074497022e+00,5.3077678333e+00,5.3080721927e+00,5.3084068090e+00,5.3086572344e+00,5.3087007961e+00,5.3087486858e+00,5.3085214557e+00,5.3081420906e+00,5.3074296420e+00,5.3064176051e+00,5.3048221137e+00,5.3028679933e+00,5.3005182504e+00,5.2987861616e+00,5.2986567159e+00,5.2994550375e+00,5.3027691031e+00,5.3061832851e+00,5.3075942451e+00,5.2841326210e+00,5.1960942721e+00,5.0893058907e+00,4.9731388384e+00,4.8391258584e+00,4.6983635376e+00,4.5440297058e+00,4.1989324809e+00,3.7458226294e+00,3.2849293129e+00,2.9094106007e+00,2.3595062447e+00,1.7385721722e+00,1.3817291091e+00,9.5949776778e-01,6.3663878448e-01,4.2187214205e-01,2.5824902455e-01,1.5483627634e-01,1.0088924622e-01,6.4209681359e-02,4.0420522656e-02,2.3945253189e-02,1.1653121641e-02,3.9414208679e-03,8.1696961528e-04,6.9132534250e-05,0.0000000000e+00,0.0000000000e+00,0.0000000000e+00,0.0000000000e+00,0.0000000000e+00,0.0000000000e+00,0.0000000000e+00,0.0000000000e+00,0.0000000000e+00,0.0000000000e+00,0.0000000000e+00,0.0000000000e+00,0.0000000000e+00,0.0000000000e+00,0.0000000000e+00,0.0000000000e+00,0.0000000000e+00,0.0000000000e+00,0.0000000000e+00,0.0000000000e+00,0.0000000000e+00,0.0000000000e+00,0.0000000000e+00,0.0000000000e+00,0.0000000000e+00,0.0000000000e+00,0.0000000000e+00,0.0000000000e+00,0.0000000000e+00,0.0000000000e+00,0.0000000000e+00,0.0000000000e+00,0.0000000000e+00,0.0000000000e+00,0.0000000000e+00,0.0000000000e+00,0.0000000000e+00,0.0000000000e+00,0.0000000000e+00,0.0000000000e+00,0.0000000000e+00,0.0000000000e+00,0.0000000000e+00,0.0000000000e+00,0.0000000000e+00,0.0000000000e+00,0.0000000000e+00,0.0000000000e+00,0.0000000000e+00,0.0000000000e+00,0.0000000000e+00,0.0000000000e+00,0.0000000000e+00,0.0000000000e+00,0.0000000000e+00,0.0000000000e+00,0.0000000000e+00,0.0000000000e+00,0.0000000000e+00,0.0000000000e+00,0.0000000000e+00,0.0000000000e+00,0.0000000000e+00,0.0000000000e+00,0.0000000000e+00,0.0000000000e+00,0.0000000000e+00,0.0000000000e+00,0.0000000000e+00,0.0000000000e+00,0.0000000000e+00,0.0000000000e+00,0.0000000000e+00,0.0000000000e+00,0.0000000000e+00,0.0000000000e+00,0.0000000000e+00,0.0000000000e+00,0.0000000000e+00,0.0000000000e+00,0.0000000000e+00,0.0000000000e+00,0.0000000000e+00
1.7012542799e+00,5.1236518674e+00,5.1236518674e+00,5.1236518674e+00,5.1236518674e+00,5.1236518674e+00,5.1236518674e+00,5.1236518674e+00,5.1236518674e+00,5.1236518674e+00,5.1236518674e+00,5.1236518674e+00,5.1236518674e+00,5.1236518674e+00,5.1236518674e+00,5.1236518674e+00,5.1236518674e+00,5.1236518674e+00,5.1236518674e+00,5.1236518674e+00,5.1236518674e+00,5.1236518674e+00,5.1236518674e+00,5.1236518674e+00,5.1236518674e+00,5.1236518674e+00,5.1236518674e+00,5.1236518674e+00,5.1236518674e+00,5.1236518674e+00,5.1236518674e+00,5.1236518674e+00,5.1236518674e+00,5.1236518674e+00,5.1236518674e+00,5.1236518674e+00,5.1236518674e+00,5.1236518674e+00,5.1236518674e+00,5.1236518674e+00,5.1236518674e+00,5.1236518674e+00,5.1236518674e+00,5.1236518674e+00,5.1236518674e+00,5.1236518674e+00,5.1236518674e+00,5.1236518674e+00,5.1236518674e+00,5.1236518674e+00,5.1236518674e+00,5.1236518674e+00,5.1236518674e+00,5.1236518674e+00,5.1236518674e+00,5.1238510321e+00,5.1240952784e+00,5.1243638028e+00,5.1246590202e+00,5.1249835856e+00,5.1253404187e+00,5.1257327303e+00,5.1261640508e+00,5.1266382629e+00,5.1271596363e+00,5.1277328669e+00,5.1282775164e+00,5.1286595139e+00,5.1290794938e+00,5.1295412366e+00,5.1300488992e+00,5.1306070538e+00,5.1308746723e+00,5.1311283688e+00,5.1314072834e+00,5.1316082991e+00,5.1316208861e+00,5.1316347235e+00,5.1313973217e+00,5.1310193981e+00,5.1303364245e+00,5.1293783953e+00,5.1278879916e+00,5.1260660906e+00,5.1238752778e+00,5.1222065292e+00,5.1219288379e+00,5.1224379649e+00,5.1251304059e+00,5.1278545018e+00,5.1287197080e+00,5.1070261594e+00,5.0267750770e+00,4.9294574525e+00,4.8234578434e+00,4.7005561575e+00,4.5711674751e+00,4.4291224287e+00,4.1086044229e+00,3.6868412430e+00,3.2553934228e+00,2.9000187977e+00,2.3744971479e+00,1.7779160496e+00,1.4273932304e+00,1.0076309040e+00,6.8265211030e-01,4.6058237953e-01,2.8931051553e-01,1.7808284665e-01,1.1859444366e-01,7.7405746303e-02,4.9996833994e-02,3.0404991321e-02,1.5289173666e-02,5.4272009724e-03,1.1980792529e-03,1.1346209519e-04,0.0000000000e+00,0.0000000000e+00,0.0000000000e+00,0.0000000000e+00,0.0000000000e+00,0.0000000000e+00,0.0000000000e+00,0.0000000000e+00,0.0000000000e+00,0.0000000000e+00,0.0000000000e+00,0.0000000000e+00,0.0000000000e+00,0.0000000000e+00,0.0000000000e+00,0.0000000000e+00,0.0000000000e+00,0.0000000000e+00,0.0000000000e+00,0.0000000000e+00,0.0000000000e+00,0.0000000000e+00,0.0000000000e+00,0.0000000000e+00,0.0000000000e+00,0.0000000000e+00,0.0000000000e+00,0.0000000000e+00,0.0000000000e+00,0.0000000000e+00,0.0000000000e+00,0.0000000000e+00,0.0000000000e+00,0.0000000000e+00,0.0000000000e+00,0.0000000000e+00,0.0000000000e+00,0.0000000000e+00,0.0000000000e+00,0.0000000000e+00,0.0000000000e+00,0.0000000000e+00,0.0000000000e+00,0.0000000000e+00,0.0000000000e+00,0.0000000000e+00,0.0000000000e+00,0.0000000000e+00,0.0000000000e+00,0.0000000000e+00,0.0000000000e+00,0.0000000000e+00,0.0000000000e+00,0.0000000000e+00,0.0000000000e+00,0.0000000000e+00,0.0000000000e+00,0.0000000000e+00,0.0000000000e+00,0.0000000000e+00,0.0000000000e+00,0.0000000000e+00,0.0000000000e+00,0.0000000000e+00,0.0000000000e+00,0.0000000000e+00,0.0000000000e+00,0.0000000000e+00,0.0000000000e+00,0.0000000000e+00,0.0000000000e+00,0.0000000000e+00,0.0000000000e+00,0.0000000000e+00,0.0000000000e+00,0.0000000000e+00,0.0000000000e+00,0.0000000000e+00,0.0000000000e+00,0.0000000000e+00,0.0000000000e+00,0.0000000000e+00,0.0000000000e+00
1.7782794100e+00,4.9482264800e+00,4.9482264800e+00,4.9482264800e+00,4.9482264800e+00,4.9482264800e+00,4.9482264800e+00,4.9482264800e+00,4.9482264800e+00,4.9482264800e+00,4.9482264800e+00,4.9482264800e+00,4.9482264800e+00,4.9482264800e+00,4.9482264800e+00,4.9482264800e+00,4.9482264800e+00,4.9482264800e+00,4.9482264800e+00,4.9482264800e+00,4.9482264800e+00,4.9482264800e+00,4.9482264800e+00,4.9482264800e+00,4.9482264800e+00,4.9482264800e+00,4.9482264800e+00,4.9482264800e+00,4.9482264800e+00,4.9482264800e+00,4.9482264800e+00,4.9482264800e+00,4.9482264800e+00,4.9482264800e+00,4.9482264800e+00,4.9482264800e+00,4.9482264800e+00,4.9482264800e+00,4.9482264800e+00,4.9482264800e+00,4.9482264800e+00,4.9482264800e+00,4.9482264800e+00,4.9482264800e+00,4.9482264800e+00,4.9482264800e+00,4.9482264800e+00,4.9482264800e+00,4.9482264800e+00,4.9482264800e+00,4.9482264800e+00,4.9482264800e+00,4.9482264800e+00,4.9482264800e+00,4.9482264800e+00,4.9482264800e+00,4.9483115635e+00,4.9485301660e+00,4.9487704969e+00,4.9490347169e+00,4.9493252023e+00,4.9496445657e+00,4.9499956801e+00,4.9503817048e+00,4.9508061141e+00,4.9512727284e+00,4.9517857493e+00,4.9523497979e+00,4.9526934163e+00,4.9530063529e+00,4.9533504010e+00,4.9537286564e+00,4.9541445229e+00,4.9544447098e+00,4.9545509535e+00,4.9546677546e+00,4.9547961626e+00,4.9546513889e+00,4.9544480163e+00,4.9541264274e+00,4.9534043017e+00,4.9525576359e+00,4.9511240312e+00,4.9494544663e+00,4.9474245875e+00,4.9460033582e+00,4.9453157552e+00,4.9457214538e+00,4.9473936888e+00,4.9495728857e+00,4.9501258086e+00,4.9280882411e+00,4.8572232209e+00,4.7686560923e+00,4.6720118518e+00,4.5597214442e+00,4.4409860425e+00,4.3125526399e+00,4.0135835507e+00,3.6227513262e+00,3.2190581122e+00,2.8821520397e+00,2.3831558900e+00,1.8109173106e+00,1.4681425578e+00,1.0538510892e+00,7.2842190378e-01,5.0010382837e-01,3.2202711218e-01,2.0360059967e-01,1.3824965427e-01,9.2416899525e-02,6.1190276830e-02,3.8159448163e-02,1.9807231296e-02,7.3517335314e-03,1.7391725667e-03,1.5930153924e-04,1.1423896489e-06,0.0000000000e+00,0.0000000000e+00,0.0000000000e+00,0.0000000000e+00,0.0000000000e+00,0.0000000000e+00,0.0000000000e+00,0.0000000000e+00,0.0000000000e+00,0.0000000000e+00,0.0000000000e+00,0.0000000000e+00,0.0000000000e+00,0.0000000000e+00,0.0000000000e+00,0.0000000000e+00,0.0000000000e+00,0.0000000000e+00,0.0000000000e+00,0.0000000000e+00,0.0000000000e+00,0.0000000000e+00,0.0000000000e+00,0.0000000000e+00,0.0000000000e+00,0.0000000000e+00,0.0000000000e+00,0.0000000000e+00,0.0000000000e+00,0.0000000000e+00,0.0000000000e+00,0.0000000000e+00,0.0000000000e+00,0.0000000000e+00,0.0000000000e+00,0.0000000000e+00,0.0000000000e+00,0.0000000000e+00,0.0000000000e+00,0.0000000000e+00,0.0000000000e+00,0.0000000000e+00,0.0000000000e+00,0.0000000000e+00,0.0000000000e+00,0.0000000000e+00,0.0000000000e+00,0.0000000000e+00,0.0000000000e+00,0.0000000000e+00,0.0000000000e+00,0.0000000000e+00,0.0000000000e+00,0.0000000000e+00,0.0000000000e+00,0.0000000000e+00,0.0000000000e+00,0.0000000000e+00,0.0000000000e+00,0.0000000000e+00,0.0000000000e+00,0.0000000000e+00,0.0000000000e+00,0.0000000000e+00,0.0000000000e+00,0.0000000000e+00,0.0000000000e+00,0.0000000000e+00,0.0000000000e+00,0.0000000000e+00,0.0000000000e+00,0.0000000000e+00,0.0000000000e+00,0.0000000000e+00,0.0000000000e+00,0.0000000000e+00,0.0000000000e+00,0.0000000000e+00,0.0000000000e+00,0.0000000000e+00,0.0000000000e+00,0.0000000000e+00
1.8587918911e+00,4.7712193964e+00,4.7712193964e+00,4.7712193964e+00,4.7712193964e+00,4.7712193964e+00,4.7712193964e+00,4.7712193964e+00,4.7712193964e+00,4.7712193964e+00,4.7712193964e+00,4.7712193964e+00,4.7712193964e+00,4.7712193964e+00,4.7712193964e+00,4.7712193964e+00,4.7712193964e+00,4.7712193964e+00,4.7712193964e+00,4.7712193964e+00,4.7712193964e+00,4.7712193964e+00,4.7712193964e+00,4.7712193964e+00,4.7712193964e+00,4.7712193964e+00,4.7712193964e+00,4.7712193964e+00,4.7712193964e+00,4.7712193964e+00,4.7712193964e+00,4.7712193964e+00,4.7712193964e+00,4.7712193964e+00,4.7712193964e+00,4.7712193964e+00,4.7712193964e+00,4.7712193964e+00,4.7712193964e+00,4.7712193964e+00,4.7712193964e+00,4.7712193964e+00,4.7712193964e+00,4.7712193964e+00,4.7712193964e+00,4.7712193964e+00,4.7712193964e+00,4.7712193964e+00,4.7712193964e+00,4.7712193964e+00,4.7712193964e+00,4.7712193964e+00,4.7712193964e+00,4.7712193964e+00,4.7712193964e+00,4.7712193964e+00,4.7712938091e+00,4.7714849951e+00,4.7716951834e+00,4.7719262635e+00,4.7721803133e+00,4.7724596174e+00,4.7727666879e+00,4.7731042871e+00,4.7734754529e+00,4.7738835255e+00,4.7743321785e+00,4.7748254518e+00,4.7751220466e+00,4.7753905039e+00,4.7756856487e+00,4.7760101358e+00,4.7763668846e+00,4.7766190646e+00,4.7766967449e+00,4.7767821438e+00,4.7768760285e+00,4.7767223086e+00,4.7765135882e+00,4.7761957398e+00,4.7755138976e+00,4.7747166500e+00,4.7733862273e+00,4.7718371064e+00,4.7699542206e+00,4.7685890245e+00,4.7678502232e+00,4.7680490614e+00,4.7693307909e+00,4.7710138749e+00,4.7711950869e+00,4.7509787436e+00,4.6866750194e+00,4.6063332345e+00,4.5185357592e+00,4.4159968567e+00,4.3073163202e+00,4.1896229514e+00,3.9134399991e+00,3.5517013767e+00,3.1758511694e+00,2.8589600059e+00,2.3853917697e+00,1.8394649810e+00,1.5055854192e+00,1.0976244234e+00,7.7327584697e-01,5.4011035638e-01,3.5609272392e-01,2.3066439105e-01,1.5985279996e-01,1.0934726346e-01,7.4116120583e-02,4.7352962386e-02,2.5341893145e-02,9.8363378701e-03,2.4691143220e-03,2.4869645713e-04,2.1494222935e-06,0.0000000000e+00,0.0000000000e+00,0.0000000000e+00,0.0000000000e+00,0.0000000000e+00,0.0000000000e+00,0.0000000000e+00,0.0000000000e+00,0.0000000000e+00,0.0000000000e+00,0.0000000000e+00,0.0000000000e+00,0.0000000000e+00,0.0000000000e+00,0.0000000000e+00,0.0000000000e+00,0.0000000000e+00,0.0000000000e+00,0.0000000000e+00,0.0000000000e+00,0.0000000000e+00,0.0000000000e+00,0.0000000000e+00,0.0000000000e+00,0.0000000000e+00,0.0000000000e+00,0.0000000000e+00,0.0000000000e+00,0.0000000000e+00,0.0000000000e+00,0.0000000000e+00,0.0000000000e+00,0.0000000000e+00,0.0000000000e+00,0.0000000000e+00,0.0000000000e+00,0.0000000000e+00,0.0000000000e+00,0.0000000000e+00,0.0000000000e+00,0.0000000000e+00,0.0000000000e+00,0.0000000000e+00,0.0000000000e+00,0.0000000000e+00,0.0000000000e+00,0.0000000000e+00,0.0000000000e+00,0.0000000000e+00,0.0000000000e+00,0.0000000000e+00,0.0000000000e+00,0.0000000000e+00,0.0000000000e+00,0.0000000000e+00,0.0000000000e+00,0.0000000000e+00,0.0000000000e+00,0.0000000000e+00,0.0000000000e+00,0.0000000000e+00,0.0000000000e+00,0.0000000000e+00,0.0000000000e+00,0.0000000000e+00,0.0000000000e+00,0.0000000000e+00,0.0000000000e+00,0.0000000000e+00,0.0000000000e+00,0.0000000000e+00,0.0000000000e+00,0.0000000000e+00,0.0000000000e+00,0.0000000000e+00,0.0000000000e+00,0.0000000000e+00,0.0000000000e+00,0.0000000000e+00,0.0000000000e+00,0.0000000000e+00,0.0000000000e+00
1.9429496147e+00,4.5941607224e+00,4.5941607224e+00,4.5941607224e+00,4.5941607224e+00,4.5941607224e+00,4.5941607224e+00,4.5941607224e+00,4.5941607224e+00,4.5941607224e+00,4.5941607224e+00,4.5941607224e+00,4.5941607224e+00,4.5941607224e+00,4.5941607224e+00,4.5941607224e+00,4.5941607224e+00,4.5941607224e+00,4.5941607224e+00,4.5941607224e+00,4.5941607224e+00,4.5941607224e+00,4.5941607224e+00,4.5941607224e+00,4.5941607224e+00,4.5941607224e+00,4.5941607224e+00,4.5941607224e+00,4.5941607224e+00,4.5941607224e+00,4.5941607224e+00,4.5941607224e+00,4.5941607224e+00,4.5941607224e+00,4.5941607224e+00,4.5941607224e+00,4.5941607224e+00,4.5941607224e+00,4.5941607224e+00,4.5941607224e+00,4.5941607224e+00,4.5941607224e+00,4.5941607224e+00,4.5941607224e+00,4.5941607224e+00,4.5941607224e+00,4.5941607224e+00,4.5941607224e+00,4.5941607224e+00,4.5941607224e+00,4.5941607224e+00,4.5941607224e+00,4.5941607224e+00,4.5941607224e+00,4.5941607224e+00,4.5941607224e+00,4.5942256644e+00,4.5943925169e+00,4.5945759524e+00,4.5947776198e+00,4.5949993322e+00,4.5952430829e+00,4.5955110641e+00,4.5958056861e+00,4.5961295991e+00,4.5964857177e+00,4.5968772468e+00,4.5973077111e+00,4.5975629451e+00,4.5977924235e+00,4.5980447128e+00,4.5983220817e+00,4.5986270253e+00,4.5988375984e+00,4.5988914132e+00,4.5989505749e+00,4.5990156149e+00,4.5988566676e+00,4.5986462968e+00,4.5983354287e+00,4.5976943301e+00,4.5969465684e+00,4.5957152402e+00,4.5942818024e+00,4.5925401189e+00,4.5912373582e+00,4.5904678923e+00,4.5905005402e+00,4.5914565187e+00,4.5927249981e+00,4.5926098093e+00,4.5741173533e+00,4.5159060398e+00,4.4431950832e+00,4.3636149271e+00,4.2701843998e+00,4.1709234456e+00,4.0633012448e+00,3.8088722183e+00,3.4750231886e+00,3.1260708903e+00,2.8289371457e+00,2.3810825631e+00,1.8621122849e+00,1.5383038530e+00,1.1384841996e+00,8.1682471094e-01,5.8017528161e-01,3.9123813378e-01,2.5940624592e-01,1.8333367173e-01,1.2819474594e-01,8.8853843370e-02,5.8103563300e-02,3.2026490080e-02,1.2978693932e-02,3.4491719021e-03,3.8057033489e-04,3.9401966688e-06,0.0000000000e+00,0.0000000000e+00,0.0000000000e+00,0.0000000000e+00,0.0000000000e+00,0.0000000000e+00,0.0000000000e+00,0.0000000000e+00,0.0000000000e+00,0.0000000000e+00,0.0000000000e+00,0.0000000000e+00,0.0000000000e+00,0.0000000000e+00,0.0000000000e+00,0.0000000000e+00,0.0000000000e+00,0.0000000000e+00,0.0000000000e+00,0.0000000000e+00,0.0000000000e+00,0.0000000000e+00,0.0000000000e+00,0.0000000000e+00,0.0000000000e+00,0.0000000000e+00,0.0000000000e+00,0.0000000000e+00,0.0000000000e+00,0.0000000000e+00,0.0000000000e+00,0.0000000000e+00,0.0000000000e+00,0.0000000000e+00,0.0000000000e+00,0.0000000000e+00,0.0000000000e+00,0.0000000000e+00,0.0000000000e+00,0.0000000000e+00,0.0000000000e+00,0.0000000000e+00,0.0000000000e+00,0.0000000000e+00,0.0000000000e+00,0.0000000000e+00,0.0000000000e+00,0.0000000000e+00,0.0000000000e+00,0.0000000000e+00,0.0000000000e+00,0.0000000000e+00,0.0000000000e+00,0.0000000000e+00,0.0000000000e+00,0.0000000000e+00,0.0000000000e+00,0.0000000000e+00,0.0000000000e+00,0.0000000000e+00,0.0000000000e+00,0.0000000000e+00,0.0000000000e+00,0.0000000000e+00,0.0000000000e+00,0.0000000000e+00,0.0000000000e+00,0.0000000000e+00,0.0000000000e+00,0.0000000000e+00,0.0000000000e+00,0.0000000000e+00,0.0000000000e+00,0.0000000000e+00,0.0000000000e+00,0.0000000000e+00,0.0000000000e+00,0.0000000000e+00,0.0000000000e+00,0.0000000000e+00,0.0000000000e+00,0.0000000000e+00
2.0309176209e+00,4.4174207420e+00,4.4174207420e+00,4.4174207420e+00,4.4174207420e+00,4.4174207420e+00,4.4174207420e+00,4.4174207420e+00,4.4174207420e+00,4.4174207420e+00,4.4174207420e+00,4.4174207420e+00,4.4174207420e+00,4.4174207420e+00,4.4174207420e+00,4.4174207420e+00,4.4174207420e+00,4.4174207420e+00,4.4174207420e+00,4.4174207420e+00,4.4174207420e+00,4.4174207420e+00,4.4174207420e+00,4.4174207420e+00,4.4174207420e+00,4.4174207420e+00,4.4174207420e+00,4.4174207420e+00,4.4174207420e+00,4.4174207420e+00,4.4174207420e+00,4.4174207420e+00,4.4174207420e+00,4.4174207420e+00,4.4174207420e+00,4.4174207420e+00,4.4174207420e+00,4.4174207420e+00,4.4174207420e+00,4.4174207420e+00,4.4174207420e+00,4.4174207420e+00,4.4174207420e+00,4.4174207420e+00,4.4174207420e+00,4.4174207420e+00,4.4174207420e+00,4.4174207420e+00,4.4174207420e+00,4.4174207420e+00,4.4174207420e+00,4.4174207420e+00,4.4174207420e+00,4.4174207420e+00,4.4174207420e+00,4.4174207420e+00,4.4174772961e+00,4.4176225978e+00,4.4177823401e+00,4.4179579586e+00,4.4181510322e+00,4.4183632964e+00,4.4185966598e+00,4.4188532210e+00,4.4191352876e+00,4.4194453969e+00,4.4197863392e+00,4.4201611830e+00,4.4203801383e+00,4.4205755637e+00,4.4207904136e+00,4.4210266199e+00,4.4212863068e+00,4.4214609692e+00,4.4214950371e+00,4.4215324898e+00,4.4215736636e+00,4.4214126095e+00,4.4212036549e+00,4.4209023711e+00,4.4203019936e+00,4.4196032864e+00,4.4184667079e+00,4.4171438801e+00,4.4155372030e+00,4.4143014189e+00,4.4135182972e+00,4.4134195580e+00,4.4141058435e+00,4.4150303342e+00,4.4146830949e+00,4.3978151667e+00,4.3452442018e+00,4.2795923849e+00,4.2076241579e+00,4.1226804603e+00,4.0322226031e+00,3.9340222853e+00,3.7002862303e+00,3.3930676433e+00,3.0700010193e+00,2.7922665862e+00,2.3702272011e+00,1.8786505221e+00,1.5659679723e+00,1.1759866608e+00,8.5858770103e-01,6.1987398658e-01,4.2712623091e-01,2.8961143522e-01,2.0857929215e-01,1.4893381772e-01,1.0544910509e-01,7.0510081833e-02,3.9987901686e-02,1.6892577164e-02,4.7426383476e-03,5.7111780715e-04,7.0398882207e-06,0.0000000000e+00,0.0000000000e+00,0.0000000000e+00,0.0000000000e+00,0.0000000000e+00,0.0000000000e+00,0.0000000000e+00,0.0000000000e+00,0.0000000000e+00,0.0000000000e+00,0.0000000000e+00,0.0000000000e+00,0.0000000000e+00,0.0000000000e+00,0.0000000000e+00,0.0000000000e+00,0.0000000000e+00,0.0000000000e+00,0.0000000000e+00,0.0000000000e+00,0.0000000000e+00,0.0000000000e+00,0.0000000000e+00,0.0000000000e+00,0.0000000000e+00,0.0000000000e+00,0.0000000000e+00,0.0000000000e+00,0.0000000000e+00,0.0000000000e+00,0.0000000000e+00,0.0000000000e+00,0.0000000000e+00,0.0000000000e+00,0.0000000000e+00,0.0000000000e+00,0.0000000000e+00,0.0000000000e+00,0.0000000000e+00,0.0000000000e+00,0.0000000000e+00,0.0000000000e+00,0.0000000000e+00,0.0000000000e+00,0.0000000000e+00,0.0000000000e+00,0.0000000000e+00,0.0000000000e+00,0.0000000000e+00,0.0000000000e+00,0.0000000000e+00,0.0000000000e+00,0.0000000000e+00,0.0000000000e+00,0.0000000000e+00,0.0000000000e+00,0.0000000000e+00,0.0000000000e+00,0.0000000000e+00,0.0000000000e+00,0.0000000000e+00,0.0000000000e+00,0.0000000000e+00,0.0000000000e+00,0.0000000000e+00,0.0000000000e+00,0.0000000000e+00,0.0000000000e+00,0.0000000000e+00,0.0000000000e+00,0.0000000000e+00,0.0000000000e+00,0.0000000000e+00,0.0000000000e+00,0.0000000000e+00,0.0000000000e+00,0.0000000000e+00,0.0000000000e+00,0.0000000000e+00,0.0000000000e+00,0.0000000000e+00,0.0000000000e+00
2.1228684221e+00,4.2414199041e+00,4.2414199041e+00,4.2414199041e+00,4.2414199041e+00,4.2414199041e+00,4.2414199041e+00,4.2414199041e+00,4.2414199041e+00,4.2414199041e+00,4.2414199041e+00,4.2414199041e+00,4.2414199041e+00,4.2414199041e+00,4.2414199041e+00,4.2414199041e+00,4.2414199041e+00,4.2414199041e+00,4.2414199041e+00,4.2414199041e+00,4.2414199041e+00,4.2414199041e+00,4.2414199041e+00,4.2414199041e+00,4.2414199041e+00,4.2414199041e+00,4.2414199041e+00,4.2414199041e+00,4.2414199041e+00,4.2414199041e+00,4.2414199041e+00,4.2414199041e+00,4.2414199041e+00,4.2414199041e+00,4.2414199041e+00,4.2414199041e+00,4.2414199041e+00,4.2414199041e+00,4.2414199041e+00,4.2414199041e+00,4.2414199041e+00,4.2414199041e+00,4.2414199041e+00,4.2414199041e+00,4.2414199041e+00,4.2414199041e+00,4.2414199041e+00,4.2414199041e+00,4.2414199041e+00,4.2414199041e+00,4.2414199041e+00,4.2414199041e+00,4.2414199041e+00,4.2414199041e+00,4.2414199041e+00,4.2414199041e+00,4.2414690464e+00,4.2415953052e+00,4.2417341115e+00,4.2418867128e+00,4.2420544807e+00,4.2422389231e+00,4.2424416983e+00,4.2426646295e+00,4.2429097214e+00,4.2431791783e+00,4.2434754243e+00,4.2438011247e+00,4.2439883528e+00,4.2441541265e+00,4.2443363766e+00,4.2445367414e+00,4.2447570225e+00,4.2449008290e+00,4.2449187431e+00,4.2449384370e+00,4.2449600876e+00,4.2447995112e+00,4.2445944753e+00,4.2443048136e+00,4.2437447170e+00,4.2430942016e+00,4.2420478288e+00,4.2408302958e+00,4.2393521164e+00,4.2381862365e+00,4.2374033652e+00,4.2372028442e+00,4.2376677655e+00,4.2383092000e+00,4.2377845506e+00,4.2224408704e+00,4.1750758657e+00,4.1159351091e+00,4.0509980951e+00,3.9739415520e+00,3.8916894358e+00,3.8022815202e+00,3.5881548404e+00,3.3062612725e+00,3.0080074813e+00,2.7492195657e+00,2.3529147550e+00,1.8889585229e+00,1.5883217593e+00,1.2097352458e+00,8.9810345732e-01,6.5877194159e-01,4.6338726683e-01,3.2101831686e-01,2.3542625391e-01,1.7148995330e-01,1.2390505017e-01,8.4641012894e-02,4.9339657024e-02,2.1694303367e-02,6.4211774399e-03,8.4093005987e-04,1.2265138399e-05,0.0000000000e+00,0.0000000000e+00,0.0000000000e+00,0.0000000000e+00,0.0000000000e+00,0.0000000000e+00,0.0000000000e+00,0.0000000000e+00,0.0000000000e+00,0.0000000000e+00,0.0000000000e+00,0.0000000000e+00,0.0000000000e+00,0.0000000000e+00,0.0000000000e+00,0.0000000000e+00,0.0000000000e+00,0.0000000000e+00,0.0000000000e+00,0.0000000000e+00,0.0000000000e+00,0.0000000000e+00,0.0000000000e+00,0.0000000000e+00,0.0000000000e+00,0.0000000000e+00,0.0000000000e+00,0.0000000000e+00,0.0000000000e+00,0.0000000000e+00,0.0000000000e+00,0.0000000000e+00,0.0000000000e+00,0.0000000000e+00,0.0000000000e+00,0.0000000000e+00,0.0000000000e+00,0.0000000000e+00,0.0000000000e+00,0.0000000000e+00,0.0000000000e+00,0.0000000000e+00,0.0000000000e+00,0.0000000000e+00,0.0000000000e+00,0.0000000000e+00,0.0000000000e+00,0.0000000000e+00,0.0000000000e+00,0.0000000000e+00,0.0000000000e+00,0.0000000000e+00,0.0000000000e+00,0.0000000000e+00,0.0000000000e+00,0.0000000000e+00,0.0000000000e+00,0.0000000000e+00,0.0000000000e+00,0.0000000000e+00,0.0000000000e+00,0.0000000000e+00,0.0000000000e+00,0.0000000000e+00,0.0000000000e+00,0.0000000000e+00,0.0000000000e+00,0.0000000000e+00,0.0000000000e+00,0.0000000000e+00,0.0000000000e+00,0.0000000000e+00,0.0000000000e+00,0.0000000000e+00,0.0000000000e+00,0.0000000000e+00,0.0000000000e+00,0.0000000000e+00,0.0000000000e+00,0.0000000000e+00,0.0000000000e+00,0.0000000000e+00
2.2189823415e+00,4.0666260078e+00,4.0666260078e+00,4.0666260078e+00,4.0666260078e+00,4.0666260078e+00,4.0666260078e+00,4.0666260078e+00,4.0666260078e+00,4.0666260078e+00,4.0666260078e+00,4.0666260078e+00,4.0666260078e+00,4.0666260078e+00,4.0666260078e+00,4.0666260078e+00,4.0666260078e+00,4.0666260078e+00,4.0666260078e+00,4.0666260078e+00,4.0666260078e+00,4.0666260078e+00,4.0666260078e+00,4.0666260078e+00,4.0666260078e+00,4.0666260078e+00,4.0666260078e+00,4.0666260078e+00,4.0666260078e+00,4.0666260078e+00,4.0666260078e+00,4.0666260078e+00,4.0666260078e+00,4.0666260078e+00,4.0666260078e+00,4.0666260078e+00,4.0666260078e+00,4.0666260078e+00,4.0666260078e+00,4.0666260078e+00,4.0666260078e+00,4.0666260078e+00,4.0666260078e+00,4.0666260078e+00,4.0666260078e+00,4.0666260078e+00,4.0666260078e+00,4.0666260078e+00,4.0666260078e+00,4.0666260078e+00,4.0666260078e+00,4.0666260078e+00,4.0666260078e+00,4.0666260078e+00,4.0666260078e+00,4.0666260078e+00,4.0666686167e+00,4.0667780890e+00,4.0668984402e+00,4.0670307519e+00,4.0671762132e+00,4.0673361313e+00,4.0675119438e+00,4.0677052312e+00,4.0679177314e+00,4.0681513553e+00,4.0684082042e+00,4.0686905885e+00,4.0688501564e+00,4.0689902016e+00,4.0691441652e+00,4.0693134311e+00,4.0694995209e+00,4.0696169432e+00,4.0696218212e+00,4.0696271839e+00,4.0696330793e+00,4.0694750876e+00,4.0692759715e+00,4.0689994700e+00,4.0684788561e+00,4.0678753043e+00,4.0669144486e+00,4.0657967202e+00,4.0644403041e+00,4.0633458692e+00,4.0625744377e+00,4.0622971498e+00,4.0625821841e+00,4.0629929074e+00,4.0623369123e+00,4.0484172745e+00,4.0058422714e+00,3.9526888006e+00,3.8942275352e+00,3.8244807238e+00,3.7498565894e+00,3.6686317892e+00,3.4730149281e+00,3.2151044107e+00,2.9405375947e+00,2.7001557297e+00,2.3293277453e+00,1.8930095332e+00,1.6051927181e+00,1.2393933848e+00,9.3494406242e-01,6.9643752445e-01,4.9962907788e-01,3.5332428548e-01,2.6366269945e-01,1.9573803156e-01,1.4417773393e-01,1.0052798742e-01,6.0175177259e-02,2.7498111952e-02,8.5636545263e-03,1.2155127919e-03,2.0848455874e-05,0.0000000000e+00,0.0000000000e+00,0.0000000000e+00,0.0000000000e+00,0.0000000000e+00,0.0000000000e+00,0.0000000000e+00,0.0000000000e+00,0.0000000000e+00,0.0000000000e+00,0.0000000000e+00,0.0000000000e+00,0.0000000000e+00,0.0000000000e+00,0.0000000000e+00,0.0000000000e+00,0.0000000000e+00,0.0000000000e+00,0.0000000000e+00,0.0000000000e+00,0.0000000000e+00,0.0000000000e+00,0.0000000000e+00,0.0000000000e+00,0.0000000000e+00,0.0000000000e+00,0.0000000000e+00,0.0000000000e+00,0.0000000000e+00,0.0000000000e+00,0.0000000000e+00,0.0000000000e+00,0.0000000000e+00,0.0000000000e+00,0.0000000000e+00,0.0000000000e+00,0.0000000000e+00,0.0000000000e+00,0.0000000000e+00,0.0000000000e+00,0.0000000000e+00,0.0000000000e+00,0.0000000000e+00,0.0000000000e+00,0.0000000000e+00,0.0000000000e+00,0.0000000000e+00,0.0000000000e+00,0.0000000000e+00,0.0000000000e+00,0.0000000000e+00,0.0000000000e+00,0.0000000000e+00,0.0000000000e+00,0.0000000000e+00,0.0000000000e+00,0.0000000000e+00,0.0000000000e+00,0.0000000000e+00,0.0000000000e+00,0.0000000000e+00,0.0000000000e+00,0.0000000000e+00,0.0000000000e+00,0.0000000000e+00,0.0000000000e+00,0.0000000000e+00,0.0000000000e+00,0.0000000000e+00,0.0000000000e+00,0.0000000000e+00,0.0000000000e+00,0.0000000000e+00,0.0000000000e+00,0.0000000000e+00,0.0000000000e+00,0.0000000000e+00,0.0000000000e+00,0.0000000000e+00,0.0000000000e+00,0.0000000000e+00,0.0000000000e+00
2.3194478661e+00,3.8935480983e+00,3.8935480983e+00,3.8935480983e+00,3.8935480983e+00,3.8935480983e+00,3.8935480983e+00,3.8935480983e+00,3.8935480983e+00,3.8935480983e+00,3.8935480983e+00,3.8935480983e+00,3.8935480983e+00,3.8935480983e+00,3.8935480983e+00,3.8935480983e+00,3.8935480983e+00,3.8935480983e+00,3.8935480983e+00,3.8935480983e+00,3.8935480983e+00,3.8935480983e+00,3.8935480983e+00,3.8935480983e+00,3.8935480983e+00,3.8935480983e+00,3.8935480983e+00,3.8935480983e+00,3.8935480983e+00,3.8935480983e+00,3.8935480983e+00,3.8935480983e+00,3.8935480983e+00,3.8935480983e+00,3.8935480983e+00,3.8935480983e+00,3.8935480983e+00,3.8935480983e+00,3.8935480983e+00,3.8935480983e+00,3.8935480983e+00,3.8935480983e+00,3.8935480983e+00,3.8935480983e+00,3.8935480983e+00,3.8935480983e+00,3.8935480983e+00,3.8935480983e+00,3.8935480983e+00,3.8935480983e+00,3.8935480983e+00,3.8935480983e+00,3.8935480983e+00,3.8935480983e+00,3.8935480983e+00,3.8935480983e+00,3.8935849623e+00,3.8936796748e+00,3.8937837992e+00,3.8938982711e+00,3.8940241191e+00,3.8941624741e+00,3.8943145798e+00,3.8944818034e+00,3.8946656481e+00,3.8948677669e+00,3.8950899774e+00,3.8953342780e+00,3.8954698113e+00,3.8955876150e+00,3.8957171262e+00,3.8958595086e+00,3.8960160420e+00,3.8961110218e+00,3.8961055526e+00,3.8960995401e+00,3.8960929303e+00,3.8959392065e+00,3.8957475684e+00,3.8954853264e+00,3.8950030963e+00,3.8944449745e+00,3.8935648544e+00,3.8925413281e+00,3.8912997962e+00,3.8902771675e+00,3.8895259984e+00,3.8891929182e+00,3.8893334839e+00,3.8895582435e+00,3.8888094181e+00,3.8762145862e+00,3.8380327250e+00,3.7903676915e+00,3.7378525072e+00,3.6748607423e+00,3.6073070389e+00,3.5336768269e+00,3.3554614728e+00,3.1201659915e+00,2.8681159276e+00,2.6455200995e+00,2.2997422227e+00,1.8908751253e+00,1.6164989892e+00,1.2646956472e+00,9.6872842266e-01,7.3245542801e-01,5.3544890560e-01,3.8619406885e-01,2.9303288044e-01,2.2150327100e-01,1.6617371411e-01,1.1816062840e-01,7.2561297595e-02,3.4410892976e-02,1.1254263922e-02,1.7256394507e-03,3.4596101768e-05,0.0000000000e+00,0.0000000000e+00,0.0000000000e+00,0.0000000000e+00,0.0000000000e+00,0.0000000000e+00,0.0000000000e+00,0.0000000000e+00,0.0000000000e+00,0.0000000000e+00,0.0000000000e+00,0.0000000000e+00,0.0000000000e+00,0.0000000000e+00,0.0000000000e+00,0.0000000000e+00,0.0000000000e+00,0.0000000000e+00,0.0000000000e+00,0.0000000000e+00,0.0000000000e+00,0.0000000000e+00,0.0000000000e+00,0.0000000000e+00,0.0000000000e+00,0.0000000000e+00,0.0000000000e+00,0.0000000000e+00,0.0000000000e+00,0.0000000000e+00,0.0000000000e+00,0.0000000000e+00,0.0000000000e+00,0.0000000000e+00,0.0000000000e+00,0.0000000000e+00,0.0000000000e+00,0.0000000000e+00,0.0000000000e+00,0.0000000000e+00,0.0000000000e+00,0.0000000000e+00,0.0000000000e+00,0.0000000000e+00,0.0000000000e+00,0.0000000000e+00,0.0000000000e+00,0.0000000000e+00,0.0000000000e+00,0.0000000000e+00,0.0000000000e+00,0.0000000000e+00,0.0000000000e+00,0.0000000000e+00,0.0000000000e+00,0.0000000000e+00,0.0000000000e+00,0.0000000000e+00,0.0000000000e+00,0.0000000000e+00,0.0000000000e+00,0.0000000000e+00,0.0000000000e+00,0.0000000000e+00,0.0000000000e+00,0.0000000000e+00,0.0000000000e+00,0.0000000000e+00,0.0000000000e+00,0.0000000000e+00,0.0000000000e+00,0.0000000000e+00,0.0000000000e+00,0.0000000000e+00,0.0000000000e+00,0.0000000000e+00,0.0000000000e+00,0.0000000000e+00,0.0000000000e+00,0.0000000000e+00,0.0000000000e+00,0.0000000000e+00
2.4244620171e+00,3.7227271621e+00,3.7227271621e+00,3.7227271621e+00,3.7227271621e+00,3.7227271621e+00,3.7227271621e+00,3.7227271621e+00,3.7227271621e+00,3.7227271621e+00,3.7227271621e+00,3.7227271621e+00,3.7227271621e+00,3.7227271621e+00,3.7227271621e+00,3.7227271621e+00,3.7227271621e+00,3.7227271621e+00,3.7227271621e+00,3.7227271621e+00,3.7227271621e+00,3.7227271621e+00,3.7227271621e+00,3.7227271621e+00,3.7227271621e+00,3.7227271621e+00,3.7227271621e+00,3.7227271621e+00,3.7227271621e+00,3.7227271621e+00,3.7227271621e+00,3.7227271621e+00,3.7227271621e+00,3.7227271621e+00,3.7227271621e+00,3.7227271621e+00,3.7227271621e+00,3.7227271621e+00,3.7227271621e+00,3.7227271621e+00,3.7227271621e+00,3.7227271621e+00,3.7227271621e+00,3.7227271621e+00,3.7227271621e+00,3.7227271621e+00,3.7227271621e+00,3.7227271621e+00,3.7227271621e+00,3.7227271621e+00,3.7227271621e+00,3.7227271621e+00,3.7227271621e+00,3.7227271621e+00,3.7227271621e+00,3.7227271621e+00,3.7227589883e+00,3.7228407574e+00,3.7229306518e+00,3.7230294794e+00,3.7231381280e+00,3.7232575740e+00,3.7233888908e+00,3.7235332587e+00,3.7236919754e+00,3.7238664676e+00,3.7240583042e+00,3.7242692103e+00,3.7243839318e+00,3.7244825843e+00,3.7245910405e+00,3.7247102750e+00,3.7248413592e+00,3.7249173581e+00,3.7249038450e+00,3.7248889894e+00,3.7248726581e+00,3.7247245127e+00,3.7245415224e+00,3.7242942577e+00,3.7238490644e+00,3.7233345907e+00,3.7225303804e+00,3.7215954002e+00,3.7204618041e+00,3.7195103525e+00,3.7187862196e+00,3.7184147786e+00,3.7184409516e+00,3.7185177919e+00,3.7177080329e+00,3.7063405435e+00,3.6721746510e+00,3.6295246768e+00,3.5824522127e+00,3.5256841275e+00,3.4646642613e+00,3.3980616029e+00,3.2361383138e+00,3.0220749248e+00,2.7913366607e+00,2.5858365164e+00,2.2645242845e+00,1.8827256397e+00,1.6222533244e+00,1.2854565039e+00,9.9913422971e-01,7.6643990733e-01,5.7044620107e-01,4.1927000013e-01,3.2324417990e-01,2.4856482851e-01,1.8975015823e-01,1.3748329565e-01,8.6532581288e-02,4.2526565971e-02,1.4579963807e-02,2.4074643137e-03,5.6079658324e-05,0.0000000000e+00,0.0000000000e+00,0.0000000000e+00,0.0000000000e+00,0.0000000000e+00,0.0000000000e+00,0.0000000000e+00,0.0000000000e+00,0.0000000000e+00,0.0000000000e+00,0.0000000000e+00,0.0000000000e+00,0.0000000000e+00,0.0000000000e+00,0.0000000000e+00,0.0000000000e+00,0.0000000000e+00,0.0000000000e+00,0.0000000000e+00,0.0000000000e+00,0.0000000000e+00,0.0000000000e+00,0.0000000000e+00,0.0000000000e+00,0.0000000000e+00,0.0000000000e+00,0.0000000000e+00,0.0000000000e+00,0.0000000000e+00,0.0000000000e+00,0.0000000000e+00,0.0000000000e+00,0.0000000000e+00,0.0000000000e+00,0.0000000000e+00,0.0000000000e+00,0.0000000000e+00,0.0000000000e+00,0.0000000000e+00,0.0000000000e+00,0.0000000000e+00,0.0000000000e+00,0.0000000000e+00,0.0000000000e+00,0.0000000000e+00,0.0000000000e+00,0.0000000000e+00,0.0000000000e+00,0.0000000000e+00,0.0000000000e+00,0.0000000000e+00,0.0000000000e+00,0.0000000000e+00,0.0000000000e+00,0.0000000000e+00,0.0000000000e+00,0.0000000000e+00,0.0000000000e+00,0.0000000000e+00,0.0000000000e+00,0.0000000000e+00,0.0000000000e+00,0.0000000000e+00,0.0000000000e+00,0.0000000000e+00,0.0000000000e+00,0.0000000000e+00,0.0000000000e+00,0.0000000000e+00,0.0000000000e+00,0.0000000000e+00,0.0000000000e+00,0.0000000000e+00,0.0000000000e+00,0.0000000000e+00,0.0000000000e+00,0.0000000000e+00,0.0000000000e+00,0.0000000000e+00,0.0000000000e+00,0.0000000000e+00,0.0000000000e+00
2.5342307358e+00,3.5547240323e+00,3.5547240323e+00,3.5547240323e+00,3.5547240323e+00,3.5547240323e+00,3.5547240323e+00,3.5547240323e+00,3.5547240323e+00,3.5547240323e+00,3.5547240323e+00,3.5547240323e+00,3.5547240323e+00,3.5547240323e+00,3.5547240323e+00,3.5547240323e+00,3.5547240323e+00,3.5547240323e+00,3.5547240323e+00,3.5547240323e+00,3.5547240323e+00,3.5547240323e+00,3.5547240323e+00,3.5547240323e+00,3.5547240323e+00,3.5547240323e+00,3.5547240323e+00,3.5547240323e+00,3.5547240323e+00,3.5547240323e+00,3.5547240323e+00,3.5547240323e+00,3.5547240323e+00,3.5547240323e+00,3.5547240323e+00,3.5547240323e+00,3.5547240323e+00,3.5547240323e+00,3.5547240323e+00,3.5547240323e+00,3.5547240323e+00,3.5547240323e+00,3.5547240323e+00,3.5547240323e+00,3.5547240323e+00,3.5547240323e+00,3.5547240323e+00,3.5547240323e+00,3.5547240323e+00,3.5547240323e+00,3.5547240323e+00,3.5547240323e+00,3.5547240323e+00,3.5547240323e+00,3.5547240323e+00,3.5547240323e+00,3.5547514528e+00,3.5548219024e+00,3.5548993524e+00,3.5549844987e+00,3.5550781062e+00,3.5551810161e+00,3.5552941530e+00,3.5554185336e+00,3.5555552760e+00,3.5557056091e+00,3.5558708844e+00,3.5560525879e+00,3.5561493540e+00,3.5562315846e+00,3.5563219867e+00,3.5564213724e+00,3.5565306348e+00,3.5565906797e+00,3.5565710805e+00,3.5565495344e+00,3.5565258479e+00,3.5563842652e+00,3.5562107545e+00,3.5559788565e+00,3.5555691540e+00,3.5550963504e+00,3.5543632254e+00,3.5535111361e+00,3.5524785280e+00,3.5515968058e+00,3.5509047214e+00,3.5505092579e+00,3.5504464175e+00,3.5504074867e+00,3.5495629128e+00,3.5393277912e+00,3.5088208784e+00,3.4707385120e+00,3.4286321708e+00,3.3775803674e+00,3.3225795559e+00,3.2624597785e+00,3.1157258733e+00,2.9215082196e+00,2.7108525425e+00,2.5216975744e+00,2.2241228898e+00,1.8688268387e+00,1.6225634616e+00,1.3015760518e+00,1.0259077319e+00,7.9804706161e-01,6.0423567246e-01,4.5218370872e-01,3.5397627138e-01,2.7666198186e-01,2.1471763805e-01,1.5839411620e-01,1.0208693695e-01,5.1920510315e-02,1.8627307602e-02,3.3023319403e-03,8.8857610965e-05,0.0000000000e+00,0.0000000000e+00,0.0000000000e+00,0.0000000000e+00,0.0000000000e+00,0.0000000000e+00,0.0000000000e+00,0.0000000000e+00,0.0000000000e+00,0.0000000000e+00,0.0000000000e+00,0.0000000000e+00,0.0000000000e+00,0.0000000000e+00,0.0000000000e+00,0.0000000000e+00,0.0000000000e+00,0.0000000000e+00,0.0000000000e+00,0.0000000000e+00,0.0000000000e+00,0.0000000000e+00,0.0000000000e+00,0.0000000000e+00,0.0000000000e+00,0.0000000000e+00,0.0000000000e+00,0.0000000000e+00,0.0000000000e+00,0.0000000000e+00,0.0000000000e+00,0.0000000000e+00,0.0000000000e+00,0.0000000000e+00,0.0000000000e+00,0.0000000000e+00,0.0000000000e+00,0.0000000000e+00,0.0000000000e+00,0.0000000000e+00,0.0000000000e+00,0.0000000000e+00,0.0000000000e+00,0.0000000000e+00,0.0000000000e+00,0.0000000000e+00,0.0000000000e+00,0.0000000000e+00,0.0000000000e+00,0.0000000000e+00,0.0000000000e+00,0.0000000000e+00,0.0000000000e+00,0.0000000000e+00,0.0000000000e+00,0.0000000000e+00,0.0000000000e+00,0.0000000000e+00,0.0000000000e+00,0.0000000000e+00,0.0000000000e+00,0.0000000000e+00,0.0000000000e+00,0.0000000000e+00,0.0000000000e+00,0.0000000000e+00,0.0000000000e+00,0.0000000000e+00,0.0000000000e+00,0.0000000000e+00,0.0000000000e+00,0.0000000000e+00,0.0000000000e+00,0.0000000000e+00,0.0000000000e+00,0.0000000000e+00,0.0000000000e+00,0.0000000000e+00,0.0000000000e+00,0.0000000000e+00,0.0000000000e+00,0.0000000000e+00
2.6489692876e+00,3.3901051656e+00,3.3901051656e+00,3.3901051656e+00,3.3901051656e+00,3.3901051656e+00,3.3901051656e+00,3.3901051656e+00,3.3901051656e+00,3.3901051656e+00,3.3901051656e+00,3.3901051656e+00,3.3901051656e+00,3.3901051656e+00,3.3901051656e+00,3.3901051656e+00,3.3901051656e+00,3.3901051656e+00,3.3901051656e+00,3.3901051656e+00,3.3901051656e+00,3.3901051656e+00,3.3901051656e+00,3.3901051656e+00,3.3901051656e+00,3.3901051656e+00,3.3901051656e+00,3.3901051656e+00,3.3901051656e+00,3.3901051656e+00,3.3901051656e+00,3.3901051656e+00,3.3901051656e+00,3.3901051656e+00,3.3901051656e+00,3.3901051656e+00,3.3901051656e+00,3.3901051656e+00,3.3901051656e+00,3.3901051656e+00,3.3901051656e+00,3.3901051656e+00,3.3901051656e+00,3.3901051656e+00,3.3901051656e+00,3.3901051656e+00,3.3901051656e+00,3.3901051656e+00,3.3901051656e+00,3.3901051656e+00,3.3901051656e+00,3.3901051656e+00,3.3901051656e+00,3.3901051656e+00,3.3901051656e+00,3.3901051656e+00,3.3901287441e+00,3.3901893226e+00,3.3902559204e+00,3.3903291360e+00,3.3904096270e+00,3.3904981166e+00,3.3905953999e+00,3.3907023510e+00,3.3908199312e+00,3.3909491971e+00,3.3910913106e+00,3.3912475494e+00,3.3913288829e+00,3.3913970933e+00,3.3914720817e+00,3.3915545217e+00,3.3916451541e+00,3.3916918795e+00,3.3916678440e+00,3.3916414209e+00,3.3916123730e+00,3.3914780543e+00,3.3913145639e+00,3.3910981427e+00,3.3907222316e+00,3.3902889729e+00,3.3896221513e+00,3.3888473487e+00,3.3879088451e+00,3.3870947414e+00,3.3864382168e+00,3.3860303808e+00,3.3858997922e+00,3.3857720702e+00,3.3849137823e+00,3.3757191716e+00,3.3485348262e+00,3.3145988915e+00,3.2770092174e+00,3.2311909451e+00,3.1817171335e+00,3.1275588834e+00,2.9949264068e+00,2.8191763595e+00,2.6273608647e+00,2.4537513953e+00,2.1790591684e+00,1.8495327592e+00,1.6176287190e+00,1.3130422636e+00,1.0488706819e+00,8.2698538710e-01,6.3645978136e-01,4.8456852637e-01,3.8489188448e-01,3.0550257449e-01,2.4084553590e-01,1.8074649688e-01,1.1918295555e-01,6.2644474743e-02,2.3478828772e-02,4.4562355515e-03,1.3771840865e-04,0.0000000000e+00,0.0000000000e+00,0.0000000000e+00,0.0000000000e+00,0.0000000000e+00,0.0000000000e+00,0.0000000000e+00,0.0000000000e+00,0.0000000000e+00,0.0000000000e+00,0.0000000000e+00,0.0000000000e+00,0.0000000000e+00,0.0000000000e+00,0.0000000000e+00,0.0000000000e+00,0.0000000000e+00,0.0000000000e+00,0.0000000000e+00,0.0000000000e+00,0.0000000000e+00,0.0000000000e+00,0.0000000000e+00,0.0000000000e+00,0.0000000000e+00,0.0000000000e+00,0.0000000000e+00,0.0000000000e+00,0.0000000000e+00,0.0000000000e+00,0.0000000000e+00,0.0000000000e+00,0.0000000000e+00,0.0000000000e+00,0.0000000000e+00,0.0000000000e+00,0.0000000000e+00,0.0000000000e+00,0.0000000000e+00,0.0000000000e+00,0.0000000000e+00,0.0000000000e+00,0.0000000000e+00,0.0000000000e+00,0.0000000000e+00,0.0000000000e+00,0.0000000000e+00,0.0000000000e+00,0.0000000000e+00,0.0000000000e+00,0.0000000000e+00,0.0000000000e+00,0.0000000000e+00,0.0000000000e+00,0.0000000000e+00,0.0000000000e+00,0.0000000000e+00,0.0000000000e+00,0.0000000000e+00,0.0000000000e+00,0.0000000000e+00,0.0000000000e+00,0.0000000000e+00,0.0000000000e+00,0.0000000000e+00,0.0000000000e+00,0.0000000000e+00,0.0000000000e+00,0.0000000000e+00,0.0000000000e+00,0.0000000000e+00,0.0000000000e+00,0.0000000000e+00,0.0000000000e+00,0.0000000000e+00,0.0000000000e+00,0.0000000000e+00,0.0000000000e+00,0.0000000000e+00,0.0000000000e+00,0.0000000000e+00,0.0000000000e+00
2.7689026842e+00,3.2294271826e+00,3.2294271826e+00,3.2294271826e+00,3.2294271826e+00,3.2294271826e+00,3.2294271826e+00,3.2294271826e+00,3.2294271826e+00,3.2294271826e+00,3.2294271826e+00,3.2294271826e+00,3.2294271826e+00,3.2294271826e+00,3.2294271826e+00,3.2294271826e+00,3.2294271826e+00,3.2294271826e+00,3.2294271826e+00,3.2294271826e+00,3.2294271826e+00,3.2294271826e+00,3.2294271826e+00,3.2294271826e+00,3.2294271826e+00,3.2294271826e+00,3.2294271826e+00,3.2294271826e+00,3.2294271826e+00,3.2294271826e+00,3.2294271826e+00,3.2294271826e+00,3.2294271826e+00,3.2294271826e+00,3.2294271826e+00,3.2294271826e+00,3.2294271826e+00,3.2294271826e+00,3.2294271826e+00,3.2294271826e+00,3.2294271826e+00,3.2294271826e+00,3.2294271826e+00,3.2294271826e+00,3.2294271826e+00,3.2294271826e+00,3.2294271826e+00,3.2294271826e+00,3.2294271826e+00,3.2294271826e+00,3.2294271826e+00,3.2294271826e+00,3.2294271826e+00,3.2294271826e+00,3.2294271826e+00,3.2294271826e+00,3.2294474202e+00,3.2294994151e+00,3.2295565764e+00,3.2296194176e+00,3.2296885032e+00,3.2297644538e+00,3.2298479518e+00,3.2299397474e+00,3.2300406655e+00,3.2301516130e+00,3.2302735870e+00,3.2304076839e+00,3.2304758051e+00,3.2305321001e+00,3.2305939888e+00,3.2306620273e+00,3.2307368267e+00,3.2307725137e+00,3.2307454179e+00,3.2307156305e+00,3.2306828843e+00,3.2305562882e+00,3.2304031103e+00,3.2302020418e+00,3.2298581107e+00,3.2294621692e+00,3.2288569501e+00,3.2281539266e+00,3.2273027656e+00,3.2265536470e+00,3.2259349263e+00,3.2255240452e+00,3.2253433843e+00,3.2251493383e+00,3.2242941060e+00,3.2160518085e+00,3.1918744656e+00,3.1616902753e+00,3.1281952209e+00,3.0871530324e+00,3.0427378126e+00,2.9940440386e+00,2.8744475747e+00,2.7158066861e+00,2.5415871499e+00,2.3826858664e+00,2.1299126944e+00,1.8252750423e+00,1.6077328996e+00,1.3199295685e+00,1.0679240182e+00,8.5302394647e-01,6.6679991334e-01,5.1607182650e-01,4.1564849562e-01,3.3477319721e-01,2.6786975560e-01,2.0435310328e-01,1.3773925338e-01,7.4722388389e-02,2.9209199584e-02,5.9189051636e-03,2.0893131550e-04,0.0000000000e+00,0.0000000000e+00,0.0000000000e+00,0.0000000000e+00,0.0000000000e+00,0.0000000000e+00,0.0000000000e+00,0.0000000000e+00,0.0000000000e+00,0.0000000000e+00,0.0000000000e+00,0.0000000000e+00,0.0000000000e+00,0.0000000000e+00,0.0000000000e+00,0.0000000000e+00,0.0000000000e+00,0.0000000000e+00,0.0000000000e+00,0.0000000000e+00,0.0000000000e+00,0.0000000000e+00,0.0000000000e+00,0.0000000000e+00,0.0000000000e+00,0.0000000000e+00,0.0000000000e+00,0.0000000000e+00,0.0000000000e+00,0.0000000000e+00,0.0000000000e+00,0.0000000000e+00,0.0000000000e+00,0.0000000000e+00,0.0000000000e+00,0.0000000000e+00,0.0000000000e+00,0.0000000000e+00,0.0000000000e+00,0.0000000000e+00,0.0000000000e+00,0.0000000000e+00,0.0000000000e+00,0.0000000000e+00,0.0000000000e+00,0.0000000000e+00,0.0000000000e+00,0.0000000000e+00,0.0000000000e+00,0.0000000000e+00,0.0000000000e+00,0.0000000000e+00,0.0000000000e+00,0.0000000000e+00,0.0000000000e+00,0.0000000000e+00,0.0000000000e+00,0.0000000000e+00,0.0000000000e+00,0.0000000000e+00,0.0000000000e+00,0.0000000000e+00,0.0000000000e+00,0.0000000000e+00,0.0000000000e+00,0.0000000000e+00,0.0000000000e+00,0.0000000000e+00,0.0000000000e+00,0.0000000000e+00,0.0000000000e+00,0.0000000000e+00,0.0000000000e+00,0.0000000000e+00,0.0000000000e+00,0.0000000000e+00,0.0000000000e+00,0.0000000000e+00,0.0000000000e+00,0.0000000000e+00,0.0000000000e+00,0.0000000000e+00
2.8942661247e+00,3.0732211750e+00,3.0732211750e+00,3.0732211750e+00,3.0732211750e+00,3.0732211750e+00,3.0732211750e+00,3.0732211750e+00,3.0732211750e+00,3.0732211750e+00,3.0732211750e+00,3.0732211750e+00,3.0732211750e+00,3.0732211750e+00,3.0732211750e+00,3.0732211750e+00,3.0732211750e+00,3.0732211750e+00,3.0732211750e+00,3.0732211750e+00,3.0732211750e+00,3.0732211750e+00,3.0732211750e+00,3.0732211750e+00,3.0732211750e+00,3.0732211750e+00,3.0732211750e+00,3.0732211750e+00,3.0732211750e+00,3.0732211750e+00,3.0732211750e+00,3.0732211750e+00,3.0732211750e+00,3.0732211750e+00,3.0732211750e+00,3.0732211750e+00,3.0732211750e+00,3.0732211750e+00,3.0732211750e+00,3.0732211750e+00,3.0732211750e+00,3.0732211750e+00,3.0732211750e+00,3.0732211750e+00,3.0732211750e+00,3.0732211750e+00,3.0732211750e+00,3.0732211750e+00,3.0732211750e+00,3.0732211750e+00,3.0732211750e+00,3.0732211750e+00,3.0732211750e+00,3.0732211750e+00,3.0732211750e+00,3.0732211750e+00,3.0732385158e+00,3.0732830684e+00,3.0733320477e+00,3.0733858938e+00,3.0734450904e+00,3.0735101692e+00,3.0735817149e+00,3.0736603702e+00,3.0737468418e+00,3.0738419068e+00,3.0739464195e+00,3.0740613191e+00,3.0741181740e+00,3.0741643900e+00,3.0742151983e+00,3.0742710550e+00,3.0743324620e+00,3.0743590746e+00,3.0743300529e+00,3.0742981484e+00,3.0742630746e+00,3.0741444539e+00,3.0740016723e+00,3.0738156398e+00,3.0735018035e+00,3.0731408895e+00,3.0725926878e+00,3.0719560732e+00,3.0711856663e+00,3.0704985032e+00,3.0699187742e+00,3.0695121819e+00,3.0692960082e+00,3.0690541847e+00,3.0682150647e+00,3.0608409943e+00,3.0393760639e+00,3.0125754745e+00,2.9827805240e+00,2.9460828525e+00,2.9062823229e+00,2.8625812160e+00,2.7549853156e+00,2.6121257534e+00,2.4542674689e+00,2.3092112077e+00,2.0773054742e+00,1.7965493131e+00,1.5932339011e+00,1.3223938613e+00,1.0830480926e+00,8.7599768811e-01,6.9498555278e-01,5.4636651615e-01,4.4591017803e-01,3.6415042235e-01,2.9550221728e-01,2.2899206056e-01,1.5763592811e-01,8.8147431727e-02,3.5881423698e-02,7.7425382219e-03,3.1048653424e-04,0.0000000000e+00,0.0000000000e+00,0.0000000000e+00,0.0000000000e+00,0.0000000000e+00,0.0000000000e+00,0.0000000000e+00,0.0000000000e+00,0.0000000000e+00,0.0000000000e+00,0.0000000000e+00,0.0000000000e+00,0.0000000000e+00,0.0000000000e+00,0.0000000000e+00,0.0000000000e+00,0.0000000000e+00,0.0000000000e+00,0.0000000000e+00,0.0000000000e+00,0.0000000000e+00,0.0000000000e+00,0.0000000000e+00,0.0000000000e+00,0.0000000000e+00,0.0000000000e+00,0.0000000000e+00,0.0000000000e+00,0.0000000000e+00,0.0000000000e+00,0.0000000000e+00,0.0000000000e+00,0.0000000000e+00,0.0000000000e+00,0.0000000000e+00,0.0000000000e+00,0.0000000000e+00,0.0000000000e+00,0.0000000000e+00,0.0000000000e+00,0.0000000000e+00,0.0000000000e+00,0.0000000000e+00,0.0000000000e+00,0.0000000000e+00,0.0000000000e+00,0.0000000000e+00,0.0000000000e+00,0.0000000000e+00,0.0000000000e+00,0.0000000000e+00,0.0000000000e+00,0.0000000000e+00,0.0000000000e+00,0.0000000000e+00,0.0000000000e+00,0.0000000000e+00,0.0000000000e+00,0.0000000000e+00,0.0000000000e+00,0.0000000000e+00,0.0000000000e+00,0.0000000000e+00,0.0000000000e+00,0.0000000000e+00,0.0000000000e+00,0.0000000000e+00,0.0000000000e+00,0.0000000000e+00,0.0000000000e+00,0.0000000000e+00,0.0000000000e+00,0.0000000000e+00,0.0000000000e+00,0.0000000000e+00,0.0000000000e+00,0.0000000000e+00,0.0000000000e+00,0.0000000000e+00,0.0000000000e+00,0.0000000000e+00,0.0000000000e+00
3.0253054571e+00,2.9219778342e+00,2.9219778342e+00,2.9219778342e+00,2.9219778342e+00,2.9219778342e+00,2.9219778342e+00,2.9219778342e+00,2.9219778342e+00,2.9219778342e+00,2.9219778342e+00,2.9219778342e+00,2.9219778342e+00,2.9219778342e+00,2.9219778342e+00,2.9219778342e+00,2.9219778342e+00,2.9219778342e+00,2.9219778342e+00,2.9219778342e+00,2.9219778342e+00,2.9219778342e+00,2.9219778342e+00,2.9219778342e+00,2.9219778342e+00,2.9219778342e+00,2.9219778342e+00,2.9219778342e+00,2.9219778342e+00,2.9219778342e+00,2.9219778342e+00,2.9219778342e+00,2.9219778342e+00,2.9219778342e+00,2.9219778342e+00,2.9219778342e+00,2.9219778342e+00,2.9219778342e+00,2.9219778342e+00,2.9219778342e+00,2.9219778342e+00,2.9219778342e+00,2.9219778342e+00,2.9219778342e+00,2.9219778342e+00,2.9219778342e+00,2.9219778342e+00,2.9219778342e+00,2.9219778342e+00,2.9219778342e+00,2.9219778342e+00,2.9219778342e+00,2.9219778342e+00,2.9219778342e+00,2.9219778342e+00,2.9219778342e+00,2.9219926706e+00,2.9220307886e+00,2.9220726940e+00,2.9221187632e+00,2.9221694100e+00,2.9222250893e+00,2.9222863013e+00,2.9223535960e+00,2.9224275778e+00,2.9225089115e+00,2.9225983280e+00,2.9226966307e+00,2.9227439174e+00,2.9227816494e+00,2.9228231305e+00,2.9228687332e+00,2.9229188671e+00,2.9229380860e+00,2.9229080607e+00,2.9228750529e+00,2.9228387664e+00,2.9227282016e+00,2.9225957277e+00,2.9224242598e+00,2.9221385934e+00,2.9218103919e+00,2.9213147680e+00,2.9207393656e+00,2.9200433421e+00,2.9194148201e+00,2.9188744030e+00,2.9184777351e+00,2.9182379166e+00,2.9179634726e+00,2.9171503656e+00,2.9105649076e+00,2.8915387427e+00,2.8677800248e+00,2.8413181398e+00,2.8085597426e+00,2.7729552407e+00,2.7338010597e+00,2.6372070505e+00,2.5088416880e+00,2.3661304065e+00,2.2340418519e+00,2.0218845574e+00,1.7638993960e+00,1.5745506597e+00,1.3206642953e+00,1.0942995111e+00,8.9580966743e-01,7.2080095307e-01,5.7516097712e-01,4.7535884137e-01,3.9331232677e-01,3.2344147059e-01,2.5441494424e-01,1.7871805686e-01,1.0288063242e-01,4.3543341890e-02,9.9802234225e-03,4.5230264927e-04,0.0000000000e+00,0.0000000000e+00,0.0000000000e+00,0.0000000000e+00,0.0000000000e+00,0.0000000000e+00,0.0000000000e+00,0.0000000000e+00,0.0000000000e+00,0.0000000000e+00,0.0000000000e+00,0.0000000000e+00,0.0000000000e+00,0.0000000000e+00,0.0000000000e+00,0.0000000000e+00,0.0000000000e+00,0.0000000000e+00,0.0000000000e+00,0.0000000000e+00,0.0000000000e+00,0.0000000000e+00,0.0000000000e+00,0.0000000000e+00,0.0000000000e+00,0.0000000000e+00,0.0000000000e+00,0.0000000000e+00,0.0000000000e+00,0.0000000000e+00,0.0000000000e+00,0.0000000000e+00,0.0000000000e+00,0.0000000000e+00,0.0000000000e+00,0.0000000000e+00,0.0000000000e+00,0.0000000000e+00,0.0000000000e+00,0.0000000000e+00,0.0000000000e+00,0.0000000000e+00,0.0000000000e+00,0.0000000000e+00,0.0000000000e+00,0.0000000000e+00,0.0000000000e+00,0.0000000000e+00,0.0000000000e+00,0.0000000000e+00,0.0000000000e+00,0.0000000000e+00,0.0000000000e+00,0.0000000000e+00,0.0000000000e+00,0.0000000000e+00,0.0000000000e+00,0.0000000000e+00,0.0000000000e+00,0.0000000000e+00,0.0000000000e+00,0.0000000000e+00,0.0000000000e+00,0.0000000000e+00,0.0000000000e+00,0.0000000000e+00,0.0000000000e+00,0.0000000000e+00,0.0000000000e+00,0.0000000000e+00,0.0000000000e+00,0.0000000000e+00,0.0000000000e+00,0.0000000000e+00,0.0000000000e+00,0.0000000000e+00,0.0000000000e+00,0.0000000000e+00,0.0000000000e+00,0.0000000000e+00,0.0000000000e+00,0.0000000000e+00
3.1622776602e+00,2.7761343201e+00,2.7761343201e+00,2.7761343201e+00,2.7761343201e+00,2.7761343201e+00,2.7761343201e+00,2.7761343201e+00,2.7761343201e+00,2.7761343201e+00,2.7761343201e+00,2.7761343201e+00,2.7761343201e+00,2.7761343201e+00,2.7761343201e+00,2.7761343201e+00,2.7761343201e+00,2.7761343201e+00,2.7761343201e+00,2.7761343201e+00,2.7761343201e+00,2.7761343201e+00,2.7761343201e+00,2.7761343201e+00,2.7761343201e+00,2.7761343201e+00,2.7761343201e+00,2.7761343201e+00,2.7761343201e+00,2.7761343201e+00,2.7761343201e+00,2.7761343201e+00,2.7761343201e+00,2.7761343201e+00,2.7761343201e+00,2.7761343201e+00,2.7761343201e+00,2.7761343201e+00,2.7761343201e+00,2.7761343201e+00,2.7761343201e+00,2.7761343201e+00,2.7761343201e+00,2.7761343201e+00,2.7761343201e+00,2.7761343201e+00,2.7761343201e+00,2.7761343201e+00,2.7761343201e+00,2.7761343201e+00,2.7761343201e+00,2.7761343201e+00,2.7761343201e+00,2.7761343201e+00,2.7761343201e+00,2.7761343201e+00,2.7761469972e+00,2.7761795675e+00,2.7762153739e+00,2.7762547380e+00,2.7762980134e+00,2.7763455888e+00,2.7763978915e+00,2.7764553914e+00,2.7765186050e+00,2.7765881002e+00,2.7766645015e+00,2.7767484953e+00,2.7767876891e+00,2.7768183151e+00,2.7768519841e+00,2.7768889984e+00,2.7769296904e+00,2.7769429444e+00,2.7769126533e+00,2.7768793534e+00,2.7768427458e+00,2.7767401759e+00,2.7766177817e+00,2.7764602865e+00,2.7762008559e+00,2.7759030591e+00,2.7754557456e+00,2.7749365628e+00,2.7743088079e+00,2.7737354269e+00,2.7732339419e+00,2.7728513999e+00,2.7725974951e+00,2.7723026765e+00,2.7715228252e+00,2.7656511053e+00,2.7488107974e+00,2.7277783068e+00,2.7043096745e+00,2.6751118933e+00,2.6433105474e+00,2.6082842666e+00,2.5217362416e+00,2.4066276196e+00,2.2778797523e+00,2.1578787112e+00,1.9643043165e+00,1.7279003430e+00,1.5521482822e+00,1.3150324810e+00,1.1018049377e+00,9.1243019278e-01,7.4408902281e-01,6.0220690916e-01,5.0370416682e-01,4.2194953269e-01,3.5138366892e-01,2.8035596418e-01,2.0080096808e-01,1.1885110097e-01,5.2224705683e-02,1.2684135534e-02,6.4637768410e-04,0.0000000000e+00,0.0000000000e+00,0.0000000000e+00,0.0000000000e+00,0.0000000000e+00,0.0000000000e+00,0.0000000000e+00,0.0000000000e+00,0.0000000000e+00,0.0000000000e+00,0.0000000000e+00,0.0000000000e+00,0.0000000000e+00,0.0000000000e+00,0.0000000000e+00,0.0000000000e+00,0.0000000000e+00,0.0000000000e+00,0.0000000000e+00,0.0000000000e+00,0.0000000000e+00,0.0000000000e+00,0.0000000000e+00,0.0000000000e+00,0.0000000000e+00,0.0000000000e+00,0.0000000000e+00,0.0000000000e+00,0.0000000000e+00,0.0000000000e+00,0.0000000000e+00,0.0000000000e+00,0.0000000000e+00,0.0000000000e+00,0.0000000000e+00,0.0000000000e+00,0.0000000000e+00,0.0000000000e+00,0.0000000000e+00,0.0000000000e+00,0.0000000000e+00,0.0000000000e+00,0.0000000000e+00,0.0000000000e+00,0.0000000000e+00,0.0000000000e+00,0.0000000000e+00,0.0000000000e+00,0.0000000000e+00,0.0000000000e+00,0.0000000000e+00,0.0000000000e+00,0.0000000000e+00,0.0000000000e+00,0.0000000000e+00,0.0000000000e+00,0.0000000000e+00,0.0000000000e+00,0.0000000000e+00,0.0000000000e+00,0.0000000000e+00,0.0000000000e+00,0.0000000000e+00,0.0000000000e+00,0.0000000000e+00,0.0000000000e+00,0.0000000000e+00,0.0000000000e+00,0.0000000000e+00,0.0000000000e+00,0.0000000000e+00,0.0000000000e+00,0.0000000000e+00,0.0000000000e+00,0.0000000000e+00,0.0000000000e+00,0.0000000000e+00,0.0000000000e+00,0.0000000000e+00,0.0000000000e+00,0.0000000000e+00,0.0000000000e+00
3.3054513476e+00,2.6360636490e+00,2.6360636490e+00,2.6360636490e+00,2.6360636490e+00,2.6360636490e+00,2.6360636490e+00,2.6360636490e+00,2.6360636490e+00,2.6360636490e+00,2.6360636490e+00,2.6360636490e+00,2.6360636490e+00,2.6360636490e+00,2.6360636490e+00,2.6360636490e+00,2.6360636490e+00,2.6360636490e+00,2.6360636490e+00,2.6360636490e+00,2.6360636490e+00,2.6360636490e+00,2.6360636490e+00,2.6360636490e+00,2.6360636490e+00,2.6360636490e+00,2.6360636490e+00,2.6360636490e+00,2.6360636490e+00,2.6360636490e+00,2.6360636490e+00,2.6360636490e+00,2.6360636490e+00,2.6360636490e+00,2.6360636490e+00,2.6360636490e+00,2.6360636490e+00,2.6360636490e+00,2.6360636490e+00,2.6360636490e+00,2.6360636490e+00,2.6360636490e+00,2.6360636490e+00,2.6360636490e+00,2.6360636490e+00,2.6360636490e+00,2.6360636490e+00,2.6360636490e+00,2.6360636490e+00,2.6360636490e+00,2.6360636490e+00,2.6360636490e+00,2.6360636490e+00,2.6360636490e+00,2.6360636490e+00,2.6360636490e+00,2.6360744693e+00,2.6361022692e+00,2.6361328312e+00,2.6361664298e+00,2.6362033668e+00,2.6362439738e+00,2.6362886157e+00,2.6363376935e+00,2.6363916479e+00,2.6364509638e+00,2.6365161739e+00,2.6365878642e+00,2.6366202408e+00,2.6366449454e+00,2.6366721045e+00,2.6367019621e+00,2.6367347863e+00,2.6367432813e+00,2.6367133031e+00,2.6366803471e+00,2.6366441175e+00,2.6365493681e+00,2.6364367159e+00,2.6362925118e+00,2.6360574006e+00,2.6357877362e+00,2.6353846591e+00,2.6349169329e+00,2.6343516188e+00,2.6338297787e+00,2.6333662943e+00,2.6330008817e+00,2.6327404807e+00,2.6324350499e+00,2.6316934835e+00,2.6264655449e+00,2.6115785434e+00,2.5929821842e+00,2.5721937511e+00,2.5462045536e+00,2.5178396039e+00,2.4865493302e+00,2.4091391514e+00,2.3061070778e+00,2.1901788535e+00,2.0813927889e+00,1.9052093831e+00,1.6891412595e+00,1.5265222824e+00,1.3058398474e+00,1.1057523985e+00,9.2589313460e-01,7.6475236886e-01,6.2730472034e-01,5.3069168810e-01,4.4977508279e-01,3.7903316818e-01,3.0654168658e-01,2.2367689250e-01,1.3595789267e-01,6.1935038127e-02,1.5903608786e-02,9.0686127377e-04,0.0000000000e+00,0.0000000000e+00,0.0000000000e+00,0.0000000000e+00,0.0000000000e+00,0.0000000000e+00,0.0000000000e+00,0.0000000000e+00,0.0000000000e+00,0.0000000000e+00,0.0000000000e+00,0.0000000000e+00,0.0000000000e+00,0.0000000000e+00,0.0000000000e+00,0.0000000000e+00,0.0000000000e+00,0.0000000000e+00,0.0000000000e+00,0.0000000000e+00,0.0000000000e+00,0.0000000000e+00,0.0000000000e+00,0.0000000000e+00,0.0000000000e+00,0.0000000000e+00,0.0000000000e+00,0.0000000000e+00,0.0000000000e+00,0.0000000000e+00,0.0000000000e+00,0.0000000000e+00,0.0000000000e+00,0.0000000000e+00,0.0000000000e+00,0.0000000000e+00,0.0000000000e+00,0.0000000000e+00,0.0000000000e+00,0.0000000000e+00,0.0000000000e+00,0.0000000000e+00,0.0000000000e+00,0.0000000000e+00,0.0000000000e+00,0.0000000000e+00,0.0000000000e+00,0.0000000000e+00,0.0000000000e+00,0.0000000000e+00,0.0000000000e+00,0.0000000000e+00,0.0000000000e+00,0.0000000000e+00,0.0000000000e+00,0.0000000000e+00,0.0000000000e+00,0.0000000000e+00,0.0000000000e+00,0.0000000000e+00,0.0000000000e+00,0.0000000000e+00,0.0000000000e+00,0.0000000000e+00,0.0000000000e+00,0.0000000000e+00,0.0000000000e+00,0.0000000000e+00,0.0000000000e+00,0.0000000000e+00,0.0000000000e+00,0.0000000000e+00,0.0000000000e+00,0.0000000000e+00,0.0000000000e+00,0.0000000000e+00,0.0000000000e+00,0.0000000000e+00,0.0000000000e+00,0.0000000000e+00,0.0000000000e+00,0.0000000000e+00
3.4551072946e+00,2.5020671069e+00,2.5020671069e+00,2.5020671069e+00,2.5020671069e+00,2.5020671069e+00,2.5020671069e+00,2.5020671069e+00,2.5020671069e+00,2.5020671069e+00,2.5020671069e+00,2.5020671069e+00,2.5020671069e+00,2.5020671069e+00,2.5020671069e+00,2.5020671069e+00,2.5020671069e+00,2.5020671069e+00,2.5020671069e+00,2.5020671069e+00,2.5020671069e+00,2.5020671069e+00,2.5020671069e+00,2.5020671069e+00,2.5020671069e+00,2.5020671069e+00,2.5020671069e+00,2.5020671069e+00,2.5020671069e+00,2.5020671069e+00,2.5020671069e+00,2.5020671069e+00,2.5020671069e+00,2.5020671069e+00,2.5020671069e+00,2.5020671069e+00,2.5020671069e+00,2.5020671069e+00,2.5020671069e+00,2.5020671069e+00,2.5020671069e+00,2.5020671069e+00,2.5020671069e+00,2.5020671069e+00,2.5020671069e+00,2.5020671069e+00,2.5020671069e+00,2.5020671069e+00,2.5020671069e+00,2.5020671069e+00,2.5020671069e+00,2.5020671069e+00,2.5020671069e+00,2.5020671069e+00,2.5020671069e+00,2.5020671069e+00,2.5020763348e+00,2.5021000431e+00,2.5021261069e+00,2.5021547604e+00,2.5021862609e+00,2.5022208912e+00,2.5022589624e+00,2.5023008166e+00,2.5023468295e+00,2.5023974146e+00,2.5024530262e+00,2.5025141641e+00,2.5025408210e+00,2.5025606169e+00,2.5025823795e+00,2.5026063043e+00,2.5026326062e+00,2.5026373528e+00,2.5026081299e+00,2.5025760042e+00,2.5025406875e+00,2.5024534953e+00,2.5023501643e+00,2.5022185071e+00,2.5020058391e+00,2.5017620944e+00,2.5013993908e+00,2.5009786074e+00,2.5004702172e+00,2.4999962914e+00,2.4995694540e+00,2.4992231845e+00,2.4989622137e+00,2.4986538309e+00,2.4979537585e+00,2.4933046508e+00,2.4801582081e+00,2.4637326910e+00,2.4453374808e+00,2.4222312583e+00,2.3969621183e+00,2.3690432400e+00,2.2999144466e+00,2.2078420773e+00,2.1036374127e+00,2.0052109633e+00,1.8452191413e+00,1.6482088879e+00,1.4981828625e+00,1.2934640216e+00,1.1063807836e+00,9.3628984422e-01,7.8275166662e-01,6.5030633183e-01,5.5610865665e-01,4.7653260557e-01,4.0611208681e-01,3.3270062452e-01,2.4712249332e-01,1.5407333479e-01,7.2662429567e-02,1.9683207625e-02,1.2500290884e-03,0.0000000000e+00,0.0000000000e+00,0.0000000000e+00,0.0000000000e+00,0.0000000000e+00,0.0000000000e+00,0.0000000000e+00,0.0000000000e+00,0.0000000000e+00,0.0000000000e+00,0.0000000000e+00,0.0000000000e+00,0.0000000000e+00,0.0000000000e+00,0.0000000000e+00,0.0000000000e+00,0.0000000000e+00,0.0000000000e+00,0.0000000000e+00,0.0000000000e+00,0.0000000000e+00,0.0000000000e+00,0.0000000000e+00,0.0000000000e+00,0.0000000000e+00,0.0000000000e+00,0.0000000000e+00,0.0000000000e+00,0.0000000000e+00,0.0000000000e+00,0.0000000000e+00,0.0000000000e+00,0.0000000000e+00,0.0000000000e+00,0.0000000000e+00,0.0000000000e+00,0.0000000000e+00,0.0000000000e+00,0.0000000000e+00,0.0000000000e+00,0.0000000000e+00,0.0000000000e+00,0.0000000000e+00,0.0000000000e+00,0.0000000000e+00,0.0000000000e+00,0.0000000000e+00,0.0000000000e+00,0.0000000000e+00,0.0000000000e+00,0.0000000000e+00,0.0000000000e+00,0.0000000000e+00,0.0000000000e+00,0.0000000000e+00,0.0000000000e+00,0.0000000000e+00,0.0000000000e+00,0.0000000000e+00,0.0000000000e+00,0.0000000000e+00,0.0000000000e+00,0.0000000000e+00,0.0000000000e+00,0.0000000000e+00,0.0000000000e+00,0.0000000000e+00,0.0000000000e+00,0.0000000000e+00,0.0000000000e+00,0.0000000000e+00,0.0000000000e+00,0.0000000000e+00,0.0000000000e+00,0.0000000000e+00,0.0000000000e+00,0.0000000000e+00,0.0000000000e+00,0.0000000000e+00,0.0000000000e+00,0.0000000000e+00,0.0000000000e+00
3.6115389887e+00,2.3743699124e+00,2.3743699124e+00,2.3743699124e+00,2.3743699124e+00,2.3743699124e+00,2.3743699124e+00,2.3743699124e+00,2.3743699124e+00,2.3743699124e+00,2.3743699124e+00,2.3743699124e+00,2.3743699124e+00,2.3743699124e+00,2.3743699124e+00,2.3743699124e+00,2.3743699124e+00,2.3743699124e+00,2.3743699124e+00,2.3743699124e+00,2.3743699124e+00,2.3743699124e+00,2.3743699124e+00,2.3743699124e+00,2.3743699124e+00,2.3743699124e+00,2.3743699124e+00,2.3743699124e+00,2.3743699124e+00,2.3743699124e+00,2.3743699124e+00,2.3743699124e+00,2.3743699124e+00,2.3743699124e+00,2.3743699124e+00,2.3743699124e+00,2.3743699124e+00,2.3743699124e+00,2.3743699124e+00,2.3743699124e+00,2.3743699124e+00,2.3743699124e+00,2.3743699124e+00,2.3743699124e+00,2.3743699124e+00,2.3743699124e+00,2.3743699124e+00,2.3743699124e+00,2.3743699124e+00,2.3743699124e+00,2.3743699124e+00,2.3743699124e+00,2.3743699124e+00,2.3743699124e+00,2.3743699124e+00,2.3743699124e+00,2.3743777775e+00,2.3743979846e+00,2.3744201994e+00,2.3744446214e+00,2.3744714699e+00,2.3745009860e+00,2.3745334348e+00,2.3745691077e+00,2.3746083252e+00,2.3746514396e+00,2.3746988380e+00,2.3747509464e+00,2.3747728236e+00,2.3747885716e+00,2.3748058842e+00,2.3748249170e+00,2.3748458407e+00,2.3748476785e+00,2.3748195386e+00,2.3747886036e+00,2.3747545957e+00,2.3746746310e+00,2.3745801403e+00,2.3744602472e+00,2.3742682058e+00,2.3740482477e+00,2.3737222779e+00,2.3733441878e+00,2.3728875329e+00,2.3724579296e+00,2.3720660762e+00,2.3717401575e+00,2.3714831494e+00,2.3711777111e+00,2.3705208674e+00,2.3663906538e+00,2.3547911089e+00,2.3402950177e+00,2.3240312436e+00,2.3035083584e+00,2.2810204016e+00,2.2561354514e+00,2.1944860215e+00,2.1123243443e+00,2.0188012622e+00,1.9299045391e+00,1.7849144880e+00,1.6056727691e+00,1.4676400927e+00,1.2783050742e+00,1.1039683108e+00,9.4376126463e-01,7.9810171415e-01,6.7111547684e-01,5.7978753816e-01,5.0200241538e-01,4.3236830924e-01,3.5857209618e-01,2.7090674129e-01,1.7304754524e-01,8.4373337041e-02,2.4060915323e-02,1.6941468463e-03,0.0000000000e+00,0.0000000000e+00,0.0000000000e+00,0.0000000000e+00,0.0000000000e+00,0.0000000000e+00,0.0000000000e+00,0.0000000000e+00,0.0000000000e+00,0.0000000000e+00,0.0000000000e+00,0.0000000000e+00,0.0000000000e+00,0.0000000000e+00,0.0000000000e+00,0.0000000000e+00,0.0000000000e+00,0.0000000000e+00,0.0000000000e+00,0.0000000000e+00,0.0000000000e+00,0.0000000000e+00,0.0000000000e+00,0.0000000000e+00,0.0000000000e+00,0.0000000000e+00,0.0000000000e+00,0.0000000000e+00,0.0000000000e+00,0.0000000000e+00,0.0000000000e+00,0.0000000000e+00,0.0000000000e+00,0.0000000000e+00,0.0000000000e+00,0.0000000000e+00,0.0000000000e+00,0.0000000000e+00,0.0000000000e+00,0.0000000000e+00,0.0000000000e+00,0.0000000000e+00,0.0000000000e+00,0.0000000000e+00,0.0000000000e+00,0.0000000000e+00,0.0000000000e+00,0.0000000000e+00,0.0000000000e+00,0.0000000000e+00,0.0000000000e+00,0.0000000000e+00,0.0000000000e+00,0.0000000000e+00,0.0000000000e+00,0.0000000000e+00,0.0000000000e+00,0.0000000000e+00,0.0000000000e+00,0.0000000000e+00,0.0000000000e+00,0.0000000000e+00,0.0000000000e+00,0.0000000000e+00,0.0000000000e+00,0.0000000000e+00,0.0000000000e+00,0.0000000000e+00,0.0000000000e+00,0.0000000000e+00,0.0000000000e+00,0.0000000000e+00,0.0000000000e+00,0.0000000000e+00,0.0000000000e+00,0.0000000000e+00,0.0000000000e+00,0.0000000000e+00,0.0000000000e+00,0.0000000000e+00,0.0000000000e+00,0.0000000000e+00
3.7750532053e+00,2.2531201171e+00,2.2531201171e+00,2.2531201171e+00,2.2531201171e+00,2.2531201171e+00,2.2531201171e+00,2.2531201171e+00,2.2531201171e+00,2.2531201171e+00,2.2531201171e+00,2.2531201171e+00,2.2531201171e+00,2.2531201171e+00,2.2531201171e+00,2.2531201171e+00,2.2531201171e+00,2.2531201171e+00,2.2531201171e+00,2.2531201171e+00,2.2531201171e+00,2.2531201171e+00,2.2531201171e+00,2.2531201171e+00,2.2531201171e+00,2.2531201171e+00,2.2531201171e+00,2.2531201171e+00,2.2531201171e+00,2.2531201171e+00,2.2531201171e+00,2.2531201171e+00,2.2531201171e+00,2.2531201171e+00,2.2531201171e+00,2.2531201171e+00,2.2531201171e+00,2.2531201171e+00,2.2531201171e+00,2.2531201171e+00,2.2531201171e+00,2.2531201171e+00,2.2531201171e+00,2.2531201171e+00,2.2531201171e+00,2.2531201171e+00,2.2531201171e+00,2.2531201171e+00,2.2531201171e+00,2.2531201171e+00,2.2531201171e+00,2.2531201171e+00,2.2531201171e+00,2.2531201171e+00,2.2531201171e+00,2.2531201171e+00,2.2531268186e+00,2.2531440361e+00,2.2531629643e+00,2.2531837731e+00,2.2532066493e+00,2.2532317985e+00,2.2532594465e+00,2.2532898415e+00,2.2533232567e+00,2.2533599920e+00,2.2534003775e+00,2.2534447760e+00,2.2534626741e+00,2.2534751023e+00,2.2534887652e+00,2.2535037855e+00,2.2535202982e+00,2.2535199194e+00,2.2534930943e+00,2.2534636047e+00,2.2534311858e+00,2.2533580715e+00,2.2532719006e+00,2.2531629703e+00,2.2529898133e+00,2.2527916042e+00,2.2524989602e+00,2.2521595866e+00,2.2517498171e+00,2.2513610297e+00,2.2510022832e+00,2.2506972769e+00,2.2504476069e+00,2.2501495433e+00,2.2495364894e+00,2.2458701782e+00,2.2356420961e+00,2.2228567843e+00,2.2084867718e+00,2.1902728610e+00,2.1702769345e+00,2.1481151635e+00,2.0931991336e+00,2.0199698557e+00,1.9361453671e+00,1.8559808899e+00,1.7248273168e+00,1.5620725853e+00,1.4353906649e+00,1.2607723769e+00,1.0988206861e+00,9.4848886671e-01,8.1086564559e-01,6.8968574538e-01,6.0160718145e-01,5.2600538962e-01,4.5758159570e-01,3.8391387415e-01,2.9479862833e-01,1.9271380045e-01,9.7013379387e-02,2.9066554448e-02,2.2592196704e-03,0.0000000000e+00,0.0000000000e+00,0.0000000000e+00,0.0000000000e+00,0.0000000000e+00,0.0000000000e+00,0.0000000000e+00,0.0000000000e+00,0.0000000000e+00,0.0000000000e+00,0.0000000000e+00,0.0000000000e+00,0.0000000000e+00,0.0000000000e+00,0.0000000000e+00,0.0000000000e+00,0.0000000000e+00,0.0000000000e+00,0.0000000000e+00,0.0000000000e+00,0.0000000000e+00,0.0000000000e+00,0.0000000000e+00,0.0000000000e+00,0.0000000000e+00,0.0000000000e+00,0.0000000000e+00,0.0000000000e+00,0.0000000000e+00,0.0000000000e+00,0.0000000000e+00,0.0000000000e+00,0.0000000000e+00,0.0000000000e+00,0.0000000000e+00,0.0000000000e+00,0.0000000000e+00,0.0000000000e+00,0.0000000000e+00,0.0000000000e+00,0.0000000000e+00,0.0000000000e+00,0.0000000000e+00,0.0000000000e+00,0.0000000000e+00,0.0000000000e+00,0.0000000000e+00,0.0000000000e+00,0.0000000000e+00,0.0000000000e+00,0.0000000000e+00,0.0000000000e+00,0.0000000000e+00,0.0000000000e+00,0.0000000000e+00,0.0000000000e+00,0.0000000000e+00,0.0000000000e+00,0.0000000000e+00,0.0000000000e+00,0.0000000000e+00,0.0000000000e+00,0.0000000000e+00,0.0000000000e+00,0.0000000000e+00,0.0000000000e+00,0.0000000000e+00,0.0000000000e+00,0.0000000000e+00,0.0000000000e+00,0.0000000000e+00,0.0000000000e+00,0.0000000000e+00,0.0000000000e+00,0.0000000000e+00,0.0000000000e+00,0.0000000000e+00,0.0000000000e+00,0.0000000000e+00,0.0000000000e+00,0.0000000000e+00,0.0000000000e+00
3.9459706091e+00,2.1383904379e+00,2.1383904379e+00,2.1383904379e+00,2.1383904379e+00,2.1383904379e+00,2.1383904379e+00,2.1383904379e+00,2.1383904379e+00,2.1383904379e+00,2.1383904379e+00,2.1383904379e+00,2.1383904379e+00,2.1383904379e+00,2.1383904379e+00,2.1383904379e+00,2.1383904379e+00,2.1383904379e+00,2.1383904379e+00,2.1383904379e+00,2.1383904379e+00,2.1383904379e+00,2.1383904379e+00,2.1383904379e+00,2.1383904379e+00,2.1383904379e+00,2.1383904379e+00,2.1383904379e+00,2.1383904379e+00,2.1383904379e+00,2.1383904379e+00,2.1383904379e+00,2.1383904379e+00,2.1383904379e+00,2.1383904379e+00,2.1383904379e+00,2.1383904379e+00,2.1383904379e+00,2.1383904379e+00,2.1383904379e+00,2.1383904379e+00,2.1383904379e+00,2.1383904379e+00,2.1383904379e+00,2.1383904379e+00,2.1383904379e+00,2.1383904379e+00,2.1383904379e+00,2.1383904379e+00,2.1383904379e+00,2.1383904379e+00,2.1383904379e+00,2.1383904379e+00,2.1383904379e+00,2.1383904379e+00,2.1383904379e+00,2.1383961477e+00,2.1384108173e+00,2.1384269444e+00,2.1384446737e+00,2.1384641646e+00,2.1384855920e+00,2.1385091484e+00,2.1385350453e+00,2.1385635153e+00,2.1385948141e+00,2.1386292228e+00,2.1386670505e+00,2.1386816486e+00,2.1386913688e+00,2.1387020547e+00,2.1387138022e+00,2.1387267169e+00,2.1387246867e+00,2.1386993295e+00,2.1386714534e+00,2.1386408084e+00,2.1385741364e+00,2.1384957421e+00,2.1383969721e+00,2.1382410439e+00,2.1380626534e+00,2.1378001626e+00,2.1374958063e+00,2.1371284155e+00,2.1367770621e+00,2.1364494120e+00,2.1361653715e+00,2.1359254656e+00,2.1356380009e+00,2.1350683831e+00,2.1318157945e+00,2.1228009876e+00,2.1115293339e+00,2.0988382865e+00,2.0826833424e+00,2.0649150266e+00,2.0451917065e+00,1.9963197074e+00,1.9311166226e+00,1.8560700715e+00,1.7838782825e+00,1.6654329627e+00,1.5179080888e+00,1.4019067343e+00,1.2412727050e+00,1.0912596490e+00,9.5068506711e-01,8.2114786687e-01,7.0601677140e-01,6.2149187614e-01,5.4840465664e-01,4.8156764435e-01,4.0850829023e-01,3.1857426914e-01,2.1289436050e-01,1.1050903659e-01,3.4720526730e-02,2.9666312211e-03,0.0000000000e+00,0.0000000000e+00,0.0000000000e+00,0.0000000000e+00,0.0000000000e+00,0.0000000000e+00,0.0000000000e+00,0.0000000000e+00,0.0000000000e+00,0.0000000000e+00,0.0000000000e+00,0.0000000000e+00,0.0000000000e+00,0.0000000000e+00,0.0000000000e+00,0.0000000000e+00,0.0000000000e+00,0.0000000000e+00,0.0000000000e+00,0.0000000000e+00,0.0000000000e+00,0.0000000000e+00,0.0000000000e+00,0.0000000000e+00,0.0000000000e+00,0.0000000000e+00,0.0000000000e+00,0.0000000000e+00,0.0000000000e+00,0.0000000000e+00,0.0000000000e+00,0.0000000000e+00,0.0000000000e+00,0.0000000000e+00,0.0000000000e+00,0.0000000000e+00,0.0000000000e+00,0.0000000000e+00,0.0000000000e+00,0.0000000000e+00,0.0000000000e+00,0.0000000000e+00,0.0000000000e+00,0.0000000000e+00,0.0000000000e+00,0.0000000000e+00,0.0000000000e+00,0.0000000000e+00,0.0000000000e+00,0.0000000000e+00,0.0000000000e+00,0.0000000000e+00,0.0000000000e+00,0.0000000000e+00,0.0000000000e+00,0.0000000000e+00,0.0000000000e+00,0.0000000000e+00,0.0000000000e+00,0.0000000000e+00,0.0000000000e+00,0.0000000000e+00,0.0000000000e+00,0.0000000000e+00,0.0000000000e+00,0.0000000000e+00,0.0000000000e+00,0.0000000000e+00,0.0000000000e+00,0.0000000000e+00,0.0000000000e+00,0.0000000000e+00,0.0000000000e+00,0.0000000000e+00,0.0000000000e+00,0.0000000000e+00,0.0000000000e+00,0.0000000000e+00,0.0000000000e+00,0.0000000000e+00,0.0000000000e+00,0.0000000000e+00
4.1246263829e+00,2.0301826031e+00,2.0301826031e+00,2.0301826031e+00,2.0301826031e+00,2.0301826031e+00,2.0301826031e+00,2.0301826031e+00,2.0301826031e+00,2.0301826031e+00,2.0301826031e+00,2.0301826031e+00,2.0301826031e+00,2.0301826031e+00,2.0301826031e+00,2.0301826031e+00,2.0301826031e+00,2.0301826031e+00,2.0301826031e+00,2.0301826031e+00,2.0301826031e+00,2.0301826031e+00,2.0301826031e+00,2.0301826031e+00,2.0301826031e+00,2.0301826031e+00,2.0301826031e+00,2.0301826031e+00,2.0301826031e+00,2.0301826031e+00,2.0301826031e+00,2.0301826031e+00,2.0301826031e+00,2.0301826031e+00,2.0301826031e+00,2.0301826031e+00,2.0301826031e+00,2.0301826031e+00,2.0301826031e+00,2.0301826031e+00,2.0301826031e+00,2.0301826031e+00,2.0301826031e+00,2.0301826031e+00,2.0301826031e+00,2.0301826031e+00,2.0301826031e+00,2.0301826031e+00,2.0301826031e+00,2.0301826031e+00,2.0301826031e+00,2.0301826031e+00,2.0301826031e+00,2.0301826031e+00,2.0301826031e+00,2.0301826031e+00,2.0301874690e+00,2.0301999706e+00,2.0302137143e+00,2.0302288235e+00,2.0302454338e+00,2.0302636944e+00,2.0302837693e+00,2.0303058388e+00,2.0303301011e+00,2.0303567740e+00,2.0303860972e+00,2.0304183340e+00,2.0304302050e+00,2.0304377288e+00,2.0304460002e+00,2.0304550933e+00,2.0304650898e+00,2.0304618654e+00,2.0304380651e+00,2.0304119006e+00,2.0303831373e+00,2.0303224824e+00,2.0302513135e+00,2.0301619136e+00,2.0300216534e+00,2.0298612668e+00,2.0296259923e+00,2.0293532308e+00,2.0290240539e+00,2.0287069077e+00,2.0284082765e+00,2.0281448651e+00,2.0279163789e+00,2.0276417568e+00,2.0271145270e+00,2.0242301058e+00,2.0162865637e+00,2.0063516211e+00,1.9951462602e+00,1.9808235185e+00,1.9650421609e+00,1.9474976417e+00,1.9040364504e+00,1.8460254170e+00,1.7789003555e+00,1.7139637216e+00,1.6071455837e+00,1.4736317597e+00,1.3676271133e+00,1.2202000115e+00,1.0816124321e+00,9.5058369922e-01,8.2908626546e-01,7.2014902123e-01,6.3940863131e-01,5.6910528336e-01,5.0418013236e-01,4.3216663122e-01,3.4202305402e-01,2.3340637938e-01,1.2477011167e-01,4.1032939345e-02,3.8386865934e-03,0.0000000000e+00,0.0000000000e+00,0.0000000000e+00,0.0000000000e+00,0.0000000000e+00,0.0000000000e+00,0.0000000000e+00,0.0000000000e+00,0.0000000000e+00,0.0000000000e+00,0.0000000000e+00,0.0000000000e+00,0.0000000000e+00,0.0000000000e+00,0.0000000000e+00,0.0000000000e+00,0.0000000000e+00,0.0000000000e+00,0.0000000000e+00,0.0000000000e+00,0.0000000000e+00,0.0000000000e+00,0.0000000000e+00,0.0000000000e+00,0.0000000000e+00,0.0000000000e+00,0.0000000000e+00,0.0000000000e+00,0.0000000000e+00,0.0000000000e+00,0.0000000000e+00,0.0000000000e+00,0.0000000000e+00,0.0000000000e+00,0.0000000000e+00,0.0000000000e+00,0.0000000000e+00,0.0000000000e+00,0.0000000000e+00,0.0000000000e+00,0.0000000000e+00,0.0000000000e+00,0.0000000000e+00,0.0000000000e+00,0.0000000000e+00,0.0000000000e+00,0.0000000000e+00,0.0000000000e+00,0.0000000000e+00,0.0000000000e+00,0.0000000000e+00,0.0000000000e+00,0.0000000000e+00,0.0000000000e+00,0.0000000000e+00,0.0000000000e+00,0.0000000000e+00,0.0000000000e+00,0.0000000000e+00,0.0000000000e+00,0.0000000000e+00,0.0000000000e+00,0.0000000000e+00,0.0000000000e+00,0.0000000000e+00,0.0000000000e+00,0.0000000000e+00,0.0000000000e+00,0.0000000000e+00,0.0000000000e+00,0.0000000000e+00,0.0000000000e+00,0.0000000000e+00,0.0000000000e+00,0.0000000000e+00,0.0000000000e+00,0.0000000000e+00,0.0000000000e+00,0.0000000000e+00,0.0000000000e+00,0.0000000000e+00,0.0000000000e+00
4.3113708854e+00,1.9284336511e+00,1.9284336511e+00,1.9284336511e+00,1.9284336511e+00,1.9284336511e+00,1.9284336511e+00,1.9284336511e+00,1.9284336511e+00,1.9284336511e+00,1.9284336511e+00,1.9284336511e+00,1.9284336511e+00,1.9284336511e+00,1.9284336511e+00,1.9284336511e+00,1.9284336511e+00,1.9284336511e+00,1.9284336511e+00,1.9284336511e+00,1.9284336511e+00,1.9284336511e+00,1.9284336511e+00,1.9284336511e+00,1.9284336511e+00,1.9284336511e+00,1.9284336511e+00,1.9284336511e+00,1.9284336511e+00,1.9284336511e+00,1.9284336511e+00,1.9284336511e+00,1.9284336511e+00,1.9284336511e+00,1.9284336511e+00,1.9284336511e+00,1.9284336511e+00,1.9284336511e+00,1.9284336511e+00,1.9284336511e+00,1.9284336511e+00,1.9284336511e+00,1.9284336511e+00,1.9284336511e+00,1.9284336511e+00,1.9284336511e+00,1.9284336511e+00,1.9284336511e+00,1.9284336511e+00,1.9284336511e+00,1.9284336511e+00,1.9284336511e+00,1.9284336511e+00,1.9284336511e+00,1.9284336511e+00,1.9284336511e+00,1.9284378000e+00,1.9284484594e+00,1.9284601778e+00,1.9284730604e+00,1.9284872229e+00,1.9285027926e+00,1.9285199092e+00,1.9285387264e+00,1.9285594132e+00,1.9285821554e+00,1.9286071573e+00,1.9286346433e+00,1.9286442684e+00,1.9286500213e+00,1.9286563457e+00,1.9286632984e+00,1.9286709419e+00,1.9286668891e+00,1.9286446843e+00,1.9286202737e+00,1.9285934385e+00,1.9285383702e+00,1.9284738788e+00,1.9283930824e+00,1.9282670297e+00,1.9281229529e+00,1.9279121899e+00,1.9276678736e+00,1.9273730815e+00,1.9270870922e+00,1.9268153892e+00,1.9265719790e+00,1.9263559518e+00,1.9260956289e+00,1.9256092299e+00,1.9230518149e+00,1.9160525723e+00,1.9072961456e+00,1.8974032615e+00,1.8847079346e+00,1.8706954962e+00,1.8550940579e+00,1.8164652954e+00,1.7648830012e+00,1.7048877200e+00,1.6465334898e+00,1.5503162797e+00,1.4296441494e+00,1.3329509017e+00,1.1979271346e+00,1.0702025347e+00,9.4843102481e-01,8.3484421543e-01,7.3215767280e-01,6.5536308421e-01,5.8805226689e-01,5.2531090236e-01,4.5473180470e-01,3.6495262441e-01,2.5406755823e-01,1.3969276730e-01,4.8003150356e-02,4.8980807505e-03,0.0000000000e+00,0.0000000000e+00,0.0000000000e+00,0.0000000000e+00,0.0000000000e+00,0.0000000000e+00,0.0000000000e+00,0.0000000000e+00,0.0000000000e+00,0.0000000000e+00,0.0000000000e+00,0.0000000000e+00,0.0000000000e+00,0.0000000000e+00,0.0000000000e+00,0.0000000000e+00,0.0000000000e+00,0.0000000000e+00,0.0000000000e+00,0.0000000000e+00,0.0000000000e+00,0.0000000000e+00,0.0000000000e+00,0.0000000000e+00,0.0000000000e+00,0.0000000000e+00,0.0000000000e+00,0.0000000000e+00,0.0000000000e+00,0.0000000000e+00,0.0000000000e+00,0.0000000000e+00,0.0000000000e+00,0.0000000000e+00,0.0000000000e+00,0.0000000000e+00,0.0000000000e+00,0.0000000000e+00,0.0000000000e+00,0.0000000000e+00,0.0000000000e+00,0.0000000000e+00,0.0000000000e+00,0.0000000000e+00,0.0000000000e+00,0.0000000000e+00,0.0000000000e+00,0.0000000000e+00,0.0000000000e+00,0.0000000000e+00,0.0000000000e+00,0.0000000000e+00,0.0000000000e+00,0.0000000000e+00,0.0000000000e+00,0.0000000000e+00,0.0000000000e+00,0.0000000000e+00,0.0000000000e+00,0.0000000000e+00,0.0000000000e+00,0.0000000000e+00,0.0000000000e+00,0.0000000000e+00,0.0000000000e+00,0.0000000000e+00,0.0000000000e+00,0.0000000000e+00,0.0000000000e+00,0.0000000000e+00,0.0000000000e+00,0.0000000000e+00,0.0000000000e+00,0.0000000000e+00,0.0000000000e+00,0.0000000000e+00,0.0000000000e+00,0.0000000000e+00,0.0000000000e+00,0.0000000000e+00,0.0000000000e+00,0.0000000000e+00
4.5065703377e+00,1.8330235932e+00,1.8330235932e+00,1.8330235932e+00,1.8330235932e+00,1.8330235932e+00,1.8330235932e+00,1.8330235932e+00,1.8330235932e+00,1.8330235932e+00,1.8330235932e+00,1.8330235932e+00,1.8330235932e+00,1.8330235932e+00,1.8330235932e+00,1.8330235932e+00,1.8330235932e+00,1.8330235932e+00,1.8330235932e+00,1.8330235932e+00,1.8330235932e+00,1.8330235932e+00,1.8330235932e+00,1.8330235932e+00,1.8330235932e+00,1.8330235932e+00,1.8330235932e+00,1.8330235932e+00,1.8330235932e+00,1.8330235932e+00,1.8330235932e+00,1.8330235932e+00,1.8330235932e+00,1.8330235932e+00,1.8330235932e+00,1.8330235932e+00,1.8330235932e+00,1.8330235932e+00,1.8330235932e+00,1.8330235932e+00,1.8330235932e+00,1.8330235932e+00,1.8330235932e+00,1.8330235932e+00,1.8330235932e+00,1.8330235932e+00,1.8330235932e+00,1.8330235932e+00,1.8330235932e+00,1.8330235932e+00,1.8330235932e+00,1.8330235932e+00,1.8330235932e+00,1.8330235932e+00,1.8330235932e+00,1.8330235932e+00,1.8330271335e+00,1.8330362290e+00,1.8330462282e+00,1.8330572209e+00,1.8330693057e+00,1.8330825911e+00,1.8330971965e+00,1.8331132531e+00,1.8331309049e+00,1.8331503105e+00,1.8331716443e+00,1.8331950977e+00,1.8332028793e+00,1.8332072129e+00,1.8332119770e+00,1.8332172144e+00,1.8332229722e+00,1.8332183808e+00,1.8331977703e+00,1.8331751126e+00,1.8331502042e+00,1.8331002956e+00,1.8330419465e+00,1.8329690191e+00,1.8328558161e+00,1.8327264778e+00,1.8325377475e+00,1.8323189916e+00,1.8320550809e+00,1.8317973888e+00,1.8315505523e+00,1.8313263068e+00,1.8311232923e+00,1.8308781024e+00,1.8304306206e+00,1.8281631822e+00,1.8219951554e+00,1.8142763414e+00,1.8055412939e+00,1.7942891896e+00,1.7818489463e+00,1.7679774879e+00,1.7336556104e+00,1.6878073249e+00,1.6342142052e+00,1.5818159374e+00,1.4952336017e+00,1.3862916955e+00,1.2982334598e+00,1.1747995230e+00,1.0573420447e+00,9.4447764700e-01,8.3860281736e-01,7.4214604889e-01,6.6939447060e-01,6.0522720085e-01,5.4488856559e-01,4.7607938123e-01,3.8719256184e-01,2.7470126466e-01,1.5516293169e-01,5.5619737323e-02,6.1673205618e-03,0.0000000000e+00,0.0000000000e+00,0.0000000000e+00,0.0000000000e+00,0.0000000000e+00,0.0000000000e+00,0.0000000000e+00,0.0000000000e+00,0.0000000000e+00,0.0000000000e+00,0.0000000000e+00,0.0000000000e+00,0.0000000000e+00,0.0000000000e+00,0.0000000000e+00,0.0000000000e+00,0.0000000000e+00,0.0000000000e+00,0.0000000000e+00,0.0000000000e+00,0.0000000000e+00,0.0000000000e+00,0.0000000000e+00,0.0000000000e+00,0.0000000000e+00,0.0000000000e+00,0.0000000000e+00,0.0000000000e+00,0.0000000000e+00,0.0000000000e+00,0.0000000000e+00,0.0000000000e+00,0.0000000000e+00,0.0000000000e+00,0.0000000000e+00,0.0000000000e+00,0.0000000000e+00,0.0000000000e+00,0.0000000000e+00,0.0000000000e+00,0.0000000000e+00,0.0000000000e+00,0.0000000000e+00,0.0000000000e+00,0.0000000000e+00,0.0000000000e+00,0.0000000000e+00,0.0000000000e+00,0.0000000000e+00,0.0000000000e+00,0.0000000000e+00,0.0000000000e+00,0.0000000000e+00,0.0000000000e+00,0.0000000000e+00,0.0000000000e+00,0.0000000000e+00,0.0000000000e+00,0.0000000000e+00,0.0000000000e+00,0.0000000000e+00,0.0000000000e+00,0.0000000000e+00,0.0000000000e+00,0.0000000000e+00,0.0000000000e+00,0.0000000000e+00,0.0000000000e+00,0.0000000000e+00,0.0000000000e+00,0.0000000000e+00,0.0000000000e+00,0.0000000000e+00,0.0000000000e+00,0.0000000000e+00,0.0000000000e+00,0.0000000000e+00,0.0000000000e+00,0.0000000000e+00,0.0000000000e+00,0.0000000000e+00,0.0000000000e+00
4.7106075420e+00,1.7437838691e+00,1.7437838691e+00,1.7437838691e+00,1.7437838691e+00,1.7437838691e+00,1.7437838691e+00,1.7437838691e+00,1.7437838691e+00,1.7437838691e+00,1.7437838691e+00,1.7437838691e+00,1.7437838691e+00,1.7437838691e+00,1.7437838691e+00,1.7437838691e+00,1.7437838691e+00,1.7437838691e+00,1.7437838691e+00,1.7437838691e+00,1.7437838691e+00,1.7437838691e+00,1.7437838691e+00,1.7437838691e+00,1.7437838691e+00,1.7437838691e+00,1.7437838691e+00,1.7437838691e+00,1.7437838691e+00,1.7437838691e+00,1.7437838691e+00,1.7437838691e+00,1.7437838691e+00,1.7437838691e+00,1.7437838691e+00,1.7437838691e+00,1.7437838691e+00,1.7437838691e+00,1.7437838691e+00,1.7437838691e+00,1.7437838691e+00,1.7437838691e+00,1.7437838691e+00,1.7437838691e+00,1.7437838691e+00,1.7437838691e+00,1.7437838691e+00,1.7437838691e+00,1.7437838691e+00,1.7437838691e+00,1.7437838691e+00,1.7437838691e+00,1.7437838691e+00,1.7437838691e+00,1.7437838691e+00,1.7437838691e+00,1.7437868930e+00,1.7437946621e+00,1.7438032031e+00,1.7438125927e+00,1.7438229151e+00,1.7438342631e+00,1.7438467385e+00,1.7438604534e+00,1.7438755309e+00,1.7438921065e+00,1.7439103290e+00,1.7439303620e+00,1.7439366353e+00,1.7439398389e+00,1.7439433607e+00,1.7439472324e+00,1.7439514887e+00,1.7439465849e+00,1.7439275379e+00,1.7439065990e+00,1.7438835802e+00,1.7438384150e+00,1.7437856928e+00,1.7437199377e+00,1.7436183303e+00,1.7435022814e+00,1.7433333222e+00,1.7431374961e+00,1.7429012753e+00,1.7426692188e+00,1.7424452483e+00,1.7422391900e+00,1.7420493655e+00,1.7418196577e+00,1.7414089485e+00,1.7393983057e+00,1.7339611215e+00,1.7271548463e+00,1.7194400476e+00,1.7094661145e+00,1.6984212568e+00,1.6860878686e+00,1.6555976059e+00,1.6148541305e+00,1.5669980062e+00,1.5199760166e+00,1.4421260201e+00,1.3438666799e+00,1.2637845029e+00,1.1511309201e+00,1.0433256047e+00,9.3897155899e-01,8.4055371442e-01,7.5023901032e-01,6.8157007120e-01,6.2064400896e-01,5.6287585194e-01,4.9611721133e-01,4.0859678490e-01,2.9514091677e-01,1.7105986744e-01,6.3860865995e-02,7.6681323028e-03,0.0000000000e+00,0.0000000000e+00,0.0000000000e+00,0.0000000000e+00,0.0000000000e+00,0.0000000000e+00,0.0000000000e+00,0.0000000000e+00,0.0000000000e+00,0.0000000000e+00,0.0000000000e+00,0.0000000000e+00,0.0000000000e+00,0.0000000000e+00,0.0000000000e+00,0.0000000000e+00,0.0000000000e+00,0.0000000000e+00,0.0000000000e+00,0.0000000000e+00,0.0000000000e+00,0.0000000000e+00,0.0000000000e+00,0.0000000000e+00,0.0000000000e+00,0.0000000000e+00,0.0000000000e+00,0.0000000000e+00,0.0000000000e+00,0.0000000000e+00,0.0000000000e+00,0.0000000000e+00,0.0000000000e+00,0.0000000000e+00,0.0000000000e+00,0.0000000000e+00,0.0000000000e+00,0.0000000000e+00,0.0000000000e+00,0.0000000000e+00,0.0000000000e+00,0.0000000000e+00,0.0000000000e+00,0.0000000000e+00,0.0000000000e+00,0.0000000000e+00,0.0000000000e+00,0.0000000000e+00,0.0000000000e+00,0.0000000000e+00,0.0000000000e+00,0.0000000000e+00,0.0000000000e+00,0.0000000000e+00,0.0000000000e+00,0.0000000000e+00,0.0000000000e+00,0.0000000000e+00,0.0000000000e+00,0.0000000000e+00,0.0000000000e+00,0.0000000000e+00,0.0000000000e+00,0.0000000000e+00,0.0000000000e+00,0.0000000000e+00,0.0000000000e+00,0.0000000000e+00,0.0000000000e+00,0.0000000000e+00,0.0000000000e+00,0.0000000000e+00,0.0000000000e+00,0.0000000000e+00,0.0000000000e+00,0.0000000000e+00,0.0000000000e+00,0.0000000000e+00,0.0000000000e+00,0.0000000000e+00,0.0000000000e+00,0.0000000000e+00
4.9238826317e+00,1.6605760761e+00,1.6605760761e+00,1.6605760761e+00,1.6605760761e+00,1.6605760761e+00,1.6605760761e+00,1.6605760761e+00,1.6605760761e+00,1.6605760761e+00,1.6605760761e+00,1.6605760761e+00,1.6605760761e+00,1.6605760761e+00,1.6605760761e+00,1.6605760761e+00,1.6605760761e+00,1.6605760761e+00,1.6605760761e+00,1.6605760761e+00,1.6605760761e+00,1.6605760761e+00,1.6605760761e+00,1.6605760761e+00,1.6605760761e+00,1.6605760761e+00,1.6605760761e+00,1.6605760761e+00,1.6605760761e+00,1.6605760761e+00,1.6605760761e+00,1.6605760761e+00,1.6605760761e+00,1.6605760761e+00,1.6605760761e+00,1.6605760761e+00,1.6605760761e+00,1.6605760761e+00,1.6605760761e+00,1.6605760761e+00,1.6605760761e+00,1.6605760761e+00,1.6605760761e+00,1.6605760761e+00,1.6605760761e+00,1.6605760761e+00,1.6605760761e+00,1.6605760761e+00,1.6605760761e+00,1.6605760761e+00,1.6605760761e+00,1.6605760761e+00,1.6605760761e+00,1.6605760761e+00,1.6605760761e+00,1.6605760761e+00,1.6605760761e+00,1.6605760761e+00,1.6605819278e+00,1.6605887473e+00,1.6605962442e+00,1.6606044860e+00,1.6606135465e+00,1.6606235073e+00,1.6606344577e+00,1.6606464961e+00,1.6606597305e+00,1.6606742798e+00,1.6606902746e+00,1.6607008386e+00,1.6606982633e+00,1.6606954322e+00,1.6606923198e+00,1.6606888982e+00,1.6606851368e+00,1.6606596686e+00,1.6606304516e+00,1.6605983326e+00,1.6605515620e+00,1.6604818023e+00,1.6604051156e+00,1.6602873610e+00,1.6601457526e+00,1.6599673068e+00,1.6597567493e+00,1.6595522271e+00,1.6593452865e+00,1.6591458145e+00,1.6590019633e+00,1.6587817978e+00,1.6584204371e+00,1.6567218127e+00,1.6518234082e+00,1.6458205184e+00,1.6390999500e+00,1.6301673107e+00,1.6203534173e+00,1.6090026904e+00,1.5823585244e+00,1.5461522839e+00,1.5034687509e+00,1.4613649580e+00,1.3912474457e+00,1.3029664736e+00,1.2299534842e+00,1.1272328783e+00,1.0284863280e+00,9.3224859205e-01,8.4083143315e-01,7.5632511034e-01,6.9202417478e-01,6.3437176720e-01,5.7926207131e-01,5.1480831769e-01,4.2900472825e-01,3.1520216096e-01,1.8721645882e-01,7.2625874906e-02,9.4164756275e-03,2.5199008269e-05,6.3580501932e-09,0.0000000000e+00,0.0000000000e+00,0.0000000000e+00,0.0000000000e+00,0.0000000000e+00,0.0000000000e+00,0.0000000000e+00,0.0000000000e+00,0.0000000000e+00,0.0000000000e+00,0.0000000000e+00,0.0000000000e+00,0.0000000000e+00,0.0000000000e+00,0.0000000000e+00,0.0000000000e+00,0.0000000000e+00,0.0000000000e+00,0.0000000000e+00,0.0000000000e+00,0.0000000000e+00,0.0000000000e+00,0.0000000000e+00,0.0000000000e+00,0.0000000000e+00,0.0000000000e+00,0.0000000000e+00,0.0000000000e+00,0.0000000000e+00,0.0000000000e+00,0.0000000000e+00,0.0000000000e+00,0.0000000000e+00,0.0000000000e+00,0.0000000000e+00,0.0000000000e+00,0.0000000000e+00,0.0000000000e+00,0.0000000000e+00,0.0000000000e+00,0.0000000000e+00,0.0000000000e+00,0.0000000000e+00,0.0000000000e+00,0.0000000000e+00,0.0000000000e+00,0.0000000000e+00,0.0000000000e+00,0.0000000000e+00,0.0000000000e+00,0.0000000000e+00,0.0000000000e+00,0.0000000000e+00,0.0000000000e+00,0.0000000000e+00,0.0000000000e+00,0.0000000000e+00,0.0000000000e+00,0.0000000000e+00,0.0000000000e+00,0.0000000000e+00,0.0000000000e+00,0.0000000000e+00,0.0000000000e+00,0.0000000000e+00,0.0000000000e+00,0.0000000000e+00,0.0000000000e+00,0.0000000000e+00,0.0000000000e+00,0.0000000000e+00,0.0000000000e+00,0.0000000000e+00,0.0000000000e+00,0.0000000000e+00,0.0000000000e+00,0.0000000000e+00,0.0000000000e+00,0.0000000000e+00,0.0000000000e+00
5.1468138568e+00,1.5830300483e+00,1.5830300483e+00,1.5830300483e+00,1.5830300483e+00,1.5830300483e+00,1.5830300483e+00,1.5830300483e+00,1.5830300483e+00,1.5830300483e+00,1.5830300483e+00,1.5830300483e+00,1.5830300483e+00,1.5830300483e+00,1.5830300483e+00,1.5830300483e+00,1.5830300483e+00,1.5830300483e+00,1.5830300483e+00,1.5830300483e+00,1.5830300483e+00,1.5830300483e+00,1.5830300483e+00,1.5830300483e+00,1.5830300483e+00,1.5830300483e+00,1.5830300483e+00,1.5830300483e+00,1.5830300483e+00,1.5830300483e+00,1.5830300483e+00,1.5830300483e+00,1.5830300483e+00,1.5830300483e+00,1.5830300483e+00,1.5830300483e+00,1.5830300483e+00,1.5830300483e+00,1.5830300483e+00,1.5830300483e+00,1.5830300483e+00,1.5830300483e+00,1.5830300483e+00,1.5830300483e+00,1.5830300483e+00,1.5830300483e+00,1.5830300483e+00,1.5830300483e+00,1.5830300483e+00,1.5830300483e+00,1.5830300483e+00,1.5830300483e+00,1.5830300483e+00,1.5830300483e+00,1.5830300483e+00,1.5830300483e+00,1.5830300483e+00,1.5830300483e+00,1.5830350397e+00,1.5830408566e+00,1.5830472514e+00,1.5830542815e+00,1.5830620100e+00,1.5830705064e+00,1.5830798469e+00,1.5830901154e+00,1.5831014041e+00,1.5831138144e+00,1.5831274577e+00,1.5831363001e+00,1.5831335776e+00,1.5831305846e+00,1.5831272944e+00,1.5831236772e+00,1.5831197008e+00,1.5830965381e+00,1.5830700008e+00,1.5830408276e+00,1.5829986074e+00,1.5829359497e+00,1.5828670701e+00,1.5827615531e+00,1.5826347257e+00,1.5824749806e+00,1.5822865295e+00,1.5821023155e+00,1.5819150342e+00,1.5817330079e+00,1.5815976657e+00,1.5813934322e+00,1.5810624108e+00,1.5795542245e+00,1.5752319367e+00,1.5699328953e+00,1.5639929337e+00,1.5560687445e+00,1.5473510341e+00,1.5372553757e+00,1.5135806985e+00,1.4814021640e+00,1.4432958273e+00,1.4055408020e+00,1.3425634613e+00,1.2630425937e+00,1.1967942200e+00,1.1032962650e+00,1.0129563821e+00,9.2434424705e-01,8.3976538760e-01,7.6108349139e-01,7.0077701664e-01,6.4642113368e-01,5.9407630785e-01,5.3207696252e-01,4.4839787331e-01,3.3480208936e-01,2.0358624827e-01,8.1990236198e-02,1.1436972320e-02,3.8703778032e-05,1.2755750268e-08,0.0000000000e+00,0.0000000000e+00,0.0000000000e+00,0.0000000000e+00,0.0000000000e+00,0.0000000000e+00,0.0000000000e+00,0.0000000000e+00,0.0000000000e+00,0.0000000000e+00,0.0000000000e+00,0.0000000000e+00,0.0000000000e+00,0.0000000000e+00,0.0000000000e+00,0.0000000000e+00,0.0000000000e+00,0.0000000000e+00,0.0000000000e+00,0.0000000000e+00,0.0000000000e+00,0.0000000000e+00,0.0000000000e+00,0.0000000000e+00,0.0000000000e+00,0.0000000000e+00,0.0000000000e+00,0.0000000000e+00,0.0000000000e+00,0.0000000000e+00,0.0000000000e+00,0.0000000000e+00,0.0000000000e+00,0.0000000000e+00,0.0000000000e+00,0.0000000000e+00,0.0000000000e+00,0.0000000000e+00,0.0000000000e+00,0.0000000000e+00,0.0000000000e+00,0.0000000000e+00,0.0000000000e+00,0.0000000000e+00,0.0000000000e+00,0.0000000000e+00,0.0000000000e+00,0.0000000000e+00,0.0000000000e+00,0.0000000000e+00,0.0000000000e+00,0.0000000000e+00,0.0000000000e+00,0.0000000000e+00,0.0000000000e+00,0.0000000000e+00,0.0000000000e+00,0.0000000000e+00,0.0000000000e+00,0.0000000000e+00,0.0000000000e+00,0.0000000000e+00,0.0000000000e+00,0.0000000000e+00,0.0000000000e+00,0.0000000000e+00,0.0000000000e+00,0.0000000000e+00,0.0000000000e+00,0.0000000000e+00,0.0000000000e+00,0.0000000000e+00,0.0000000000e+00,0.0000000000e+00,0.0000000000e+00,0.0000000000e+00,0.0000000000e+00,0.0000000000e+00,0.0000000000e+00,0.0000000000e+00
5.3798384034e+00,1.5109451931e+00,1.5109451931e+00,1.5109451931e+00,1.5109451931e+00,1.5109451931e+00,1.5109451931e+00,1.5109451931e+00,1.5109451931e+00,1.5109451931e+00,1.5109451931e+00,1.5109451931e+00,1.5109451931e+00,1.5109451931e+00,1.5109451931e+00,1.5109451931e+00,1.5109451931e+00,1.5109451931e+00,1.5109451931e+00,1.5109451931e+00,1.5109451931e+00,1.5109451931e+00,1.5109451931e+00,1.5109451931e+00,1.5109451931e+00,1.5109451931e+00,1.5109451931e+00,1.5109451931e+00,1.5109451931e+00,1.5109451931e+00,1.5109451931e+00,1.5109451931e+00,1.5109451931e+00,1.5109451931e+00,1.5109451931e+00,1.5109451931e+00,1.5109451931e+00,1.5109451931e+00,1.5109451931e+00,1.5109451931e+00,1.5109451931e+00,1.5109451931e+00,1.5109451931e+00,1.5109451931e+00,1.5109451931e+00,1.5109451931e+00,1.5109451931e+00,1.5109451931e+00,1.5109451931e+00,1.5109451931e+00,1.5109451931e+00,1.5109451931e+00,1.5109451931e+00,1.5109451931e+00,1.5109451931e+00,1.5109451931e+00,1.5109451931e+00,1.5109451931e+00,1.5109494577e+00,1.5109544276e+00,1.5109598912e+00,1.5109658976e+00,1.5109725008e+00,1.5109797600e+00,1.5109877404e+00,1.5109965137e+00,1.5110061586e+00,1.5110167618e+00,1.5110284184e+00,1.5110358278e+00,1.5110330482e+00,1.5110299925e+00,1.5110266333e+00,1.5110229403e+00,1.5110188804e+00,1.5109978470e+00,1.5109737773e+00,1.5109473168e+00,1.5109092320e+00,1.5108529663e+00,1.5107911132e+00,1.5106965573e+00,1.5105829557e+00,1.5104399254e+00,1.5102712228e+00,1.5101053294e+00,1.5099359270e+00,1.5097700210e+00,1.5096432947e+00,1.5094543880e+00,1.5091516133e+00,1.5078117679e+00,1.5039950249e+00,1.4993138632e+00,1.4940601759e+00,1.4870270302e+00,1.4792795662e+00,1.4702965584e+00,1.4492539675e+00,1.4206472501e+00,1.3866244324e+00,1.3527733444e+00,1.2962254101e+00,1.2246264166e+00,1.1645665130e+00,1.0795529031e+00,9.9701463487e-01,9.1556682680e-01,8.3747220665e-01,7.6439020401e-01,7.0798944621e-01,6.5690007997e-01,6.0735531324e-01,5.4793513181e-01,4.6666863689e-01,3.5379621031e-01,2.2001173271e-01,9.1852840556e-02,1.3742681585e-02,5.8346553790e-05,2.4913918902e-08,0.0000000000e+00,0.0000000000e+00,0.0000000000e+00,0.0000000000e+00,0.0000000000e+00,0.0000000000e+00,0.0000000000e+00,0.0000000000e+00,0.0000000000e+00,0.0000000000e+00,0.0000000000e+00,0.0000000000e+00,0.0000000000e+00,0.0000000000e+00,0.0000000000e+00,0.0000000000e+00,0.0000000000e+00,0.0000000000e+00,0.0000000000e+00,0.0000000000e+00,0.0000000000e+00,0.0000000000e+00,0.0000000000e+00,0.0000000000e+00,0.0000000000e+00,0.0000000000e+00,0.0000000000e+00,0.0000000000e+00,0.0000000000e+00,0.0000000000e+00,0.0000000000e+00,0.0000000000e+00,0.0000000000e+00,0.0000000000e+00,0.0000000000e+00,0.0000000000e+00,0.0000000000e+00,0.0000000000e+00,0.0000000000e+00,0.0000000000e+00,0.0000000000e+00,0.0000000000e+00,0.0000000000e+00,0.0000000000e+00,0.0000000000e+00,0.0000000000e+00,0.0000000000e+00,0.0000000000e+00,0.0000000000e+00,0.0000000000e+00,0.0000000000e+00,0.0000000000e+00,0.0000000000e+00,0.0000000000e+00,0.0000000000e+00,0.0000000000e+00,0.0000000000e+00,0.0000000000e+00,0.0000000000e+00,0.0000000000e+00,0.0000000000e+00,0.0000000000e+00,0.0000000000e+00,0.0000000000e+00,0.0000000000e+00,0.0000000000e+00,0.0000000000e+00,0.0000000000e+00,0.0000000000e+00,0.0000000000e+00,0.0000000000e+00,0.0000000000e+00,0.0000000000e+00,0.0000000000e+00,0.0000000000e+00,0.0000000000e+00,0.0000000000e+00,0.0000000000e+00,0.0000000000e+00,0.0000000000e+00
5.6234132519e+00,1.4440436938e+00,1.4440436938e+00,1.4440436938e+00,1.4440436938e+00,1.4440436938e+00,1.4440436938e+00,1.4440436938e+00,1.4440436938e+00,1.4440436938e+00,1.4440436938e+00,1.4440436938e+00,1.4440436938e+00,1.4440436938e+00,1.4440436938e+00,1.4440436938e+00,1.4440436938e+00,1.4440436938e+00,1.4440436938e+00,1.4440436938e+00,1.4440436938e+00,1.4440436938e+00,1.4440436938e+00,1.4440436938e+00,1.4440436938e+00,1.4440436938e+00,1.4440436938e+00,1.4440436938e+00,1.4440436938e+00,1.4440436938e+00,1.4440436938e+00,1.4440436938e+00,1.4440436938e+00,1.4440436938e+00,1.4440436938e+00,1.4440436938e+00,1.4440436938e+00,1.4440436938e+00,1.4440436938e+00,1.4440436938e+00,1.4440436938e+00,1.4440436938e+00,1.4440436938e+00,1.4440436938e+00,1.4440436938e+00,1.4440436938e+00,1.4440436938e+00,1.4440436938e+00,1.4440436938e+00,1.4440436938e+00,1.4440436938e+00,1.4440436938e+00,1.4440436938e+00,1.4440436938e+00,1.4440436938e+00,1.4440436938e+00,1.4440436938e+00,1.4440436938e+00,1.4440473442e+00,1.4440515983e+00,1.4440562749e+00,1.4440614162e+00,1.4440670683e+00,1.4440732819e+00,1.4440801129e+00,1.4440876225e+00,1.4440958782e+00,1.4441049541e+00,1.4441149317e+00,1.4441211489e+00,1.4441183797e+00,1.4441153354e+00,1.4441119886e+00,1.4441083094e+00,1.4441042647e+00,1.4440851890e+00,1.4440633825e+00,1.4440394100e+00,1.4440050744e+00,1.4439545533e+00,1.4438990151e+00,1.4438142678e+00,1.4437124907e+00,1.4435843892e+00,1.4434333173e+00,1.4432839287e+00,1.4431307526e+00,1.4429796863e+00,1.4428615011e+00,1.4426871935e+00,1.4424105953e+00,1.4412195067e+00,1.4378463150e+00,1.4337074890e+00,1.4290570406e+00,1.4228108948e+00,1.4159218229e+00,1.4079247233e+00,1.3892134908e+00,1.3637718710e+00,1.3333885874e+00,1.3030377066e+00,1.2522702092e+00,1.1878225278e+00,1.1334101960e+00,1.0561794125e+00,9.8085646971e-01,9.0610984043e-01,8.3413223304e-01,7.6639956346e-01,7.1378679702e-01,6.6590308107e-01,6.1915864827e-01,5.6239698253e-01,4.8376982174e-01,3.7208338709e-01,2.3637710923e-01,1.0215809706e-01,1.6346357667e-02,8.6379575201e-05,4.7962204174e-08,0.0000000000e+00,0.0000000000e+00,0.0000000000e+00,0.0000000000e+00,0.0000000000e+00,0.0000000000e+00,0.0000000000e+00,0.0000000000e+00,0.0000000000e+00,0.0000000000e+00,0.0000000000e+00,0.0000000000e+00,0.0000000000e+00,0.0000000000e+00,0.0000000000e+00,0.0000000000e+00,0.0000000000e+00,0.0000000000e+00,0.0000000000e+00,0.0000000000e+00,0.0000000000e+00,0.0000000000e+00,0.0000000000e+00,0.0000000000e+00,0.0000000000e+00,0.0000000000e+00,0.0000000000e+00,0.0000000000e+00,0.0000000000e+00,0.0000000000e+00,0.0000000000e+00,0.0000000000e+00,0.0000000000e+00,0.0000000000e+00,0.0000000000e+00,0.0000000000e+00,0.0000000000e+00,0.0000000000e+00,0.0000000000e+00,0.0000000000e+00,0.0000000000e+00,0.0000000000e+00,0.0000000000e+00,0.0000000000e+00,0.0000000000e+00,0.0000000000e+00,0.0000000000e+00,0.0000000000e+00,0.0000000000e+00,0.0000000000e+00,0.0000000000e+00,0.0000000000e+00,0.0000000000e+00,0.0000000000e+00,0.0000000000e+00,0.0000000000e+00,0.0000000000e+00,0.0000000000e+00,0.0000000000e+00,0.0000000000e+00,0.0000000000e+00,0.0000000000e+00,0.0000000000e+00,0.0000000000e+00,0.0000000000e+00,0.0000000000e+00,0.0000000000e+00,0.0000000000e+00,0.0000000000e+00,0.0000000000e+00,0.0000000000e+00,0.0000000000e+00,0.0000000000e+00,0.0000000000e+00,0.0000000000e+00,0.0000000000e+00,0.0000000000e+00,0.0000000000e+00,0.0000000000e+00,0.0000000000e+00
5.8780160723e+00,1.3820386325e+00,1.3820386325e+00,1.3820386325e+00,1.3820386325e+00,1.3820386325e+00,1.3820386325e+00,1.3820386325e+00,1.3820386325e+00,1.3820386325e+00,1.3820386325e+00,1.3820386325e+00,1.3820386325e+00,1.3820386325e+00,1.3820386325e+00,1.3820386325e+00,1.3820386325e+00,1.3820386325e+00,1.3820386325e+00,1.3820386325e+00,1.3820386325e+00,1.3820386325e+00,1.3820386325e+00,1.3820386325e+00,1.3820386325e+00,1.3820386325e+00,1.3820386325e+00,1.3820386325e+00,1.3820386325e+00,1.3820386325e+00,1.3820386325e+00,1.3820386325e+00,1.3820386325e+00,1.3820386325e+00,1.3820386325e+00,1.3820386325e+00,1.3820386325e+00,1.3820386325e+00,1.3820386325e+00,1.3820386325e+00,1.3820386325e+00,1.3820386325e+00,1.3820386325e+00,1.3820386325e+00,1.3820386325e+00,1.3820386325e+00,1.3820386325e+00,1.3820386325e+00,1.3820386325e+00,1.3820386325e+00,1.3820386325e+00,1.3820386325e+00,1.3820386325e+00,1.3820386325e+00,1.3820386325e+00,1.3820386325e+00,1.3820386325e+00,1.3820386325e+00,1.3820417635e+00,1.3820454122e+00,1.3820494234e+00,1.3820538331e+00,1.3820586808e+00,1.3820640103e+00,1.3820698691e+00,1.3820763101e+00,1.3820833910e+00,1.3820911754e+00,1.3820997331e+00,1.3821049585e+00,1.3821022489e+00,1.3820992703e+00,1.3820959957e+00,1.3820923958e+00,1.3820884383e+00,1.3820711561e+00,1.3820514183e+00,1.3820297199e+00,1.3819987763e+00,1.3819534118e+00,1.3819035423e+00,1.3818275661e+00,1.3817363541e+00,1.3816215798e+00,1.3814862405e+00,1.3813517050e+00,1.3812132304e+00,1.3810757820e+00,1.3809659298e+00,1.3808054183e+00,1.3805529841e+00,1.3794933308e+00,1.3765093244e+00,1.3728465612e+00,1.3687263844e+00,1.3631752209e+00,1.3570454010e+00,1.3499216574e+00,1.3332744315e+00,1.3106360249e+00,1.2834941705e+00,1.2562783507e+00,1.2107011990e+00,1.1526997128e+00,1.1034303969e+00,1.0333210419e+00,9.6465098484e-01,8.9614771441e-01,8.2991439147e-01,7.6726254725e-01,7.1829742260e-01,6.7353322628e-01,6.2955941439e-01,5.7549494253e-01,4.9967548231e-01,3.8958120943e-01,2.5257423509e-01,1.1284544678e-01,1.9257511165e-02,1.2566284031e-04,9.1160357998e-08,0.0000000000e+00,0.0000000000e+00,0.0000000000e+00,0.0000000000e+00,0.0000000000e+00,0.0000000000e+00,0.0000000000e+00,0.0000000000e+00,0.0000000000e+00,0.0000000000e+00,0.0000000000e+00,0.0000000000e+00,0.0000000000e+00,0.0000000000e+00,0.0000000000e+00,0.0000000000e+00,0.0000000000e+00,0.0000000000e+00,0.0000000000e+00,0.0000000000e+00,0.0000000000e+00,0.0000000000e+00,0.0000000000e+00,0.0000000000e+00,0.0000000000e+00,0.0000000000e+00,0.0000000000e+00,0.0000000000e+00,0.0000000000e+00,0.0000000000e+00,0.0000000000e+00,0.0000000000e+00,0.0000000000e+00,0.0000000000e+00,0.0000000000e+00,0.0000000000e+00,0.0000000000e+00,0.0000000000e+00,0.0000000000e+00,0.0000000000e+00,0.0000000000e+00,0.0000000000e+00,0.0000000000e+00,0.0000000000e+00,0.0000000000e+00,0.0000000000e+00,0.0000000000e+00,0.0000000000e+00,0.0000000000e+00,0.0000000000e+00,0.0000000000e+00,0.0000000000e+00,0.0000000000e+00,0.0000000000e+00,0.0000000000e+00,0.0000000000e+00,0.0000000000e+00,0.0000000000e+00,0.0000000000e+00,0.0000000000e+00,0.0000000000e+00,0.0000000000e+00,0.0000000000e+00,0.0000000000e+00,0.0000000000e+00,0.0000000000e+00,0.0000000000e+00,0.0000000000e+00,0.0000000000e+00,0.0000000000e+00,0.0000000000e+00,0.0000000000e+00,0.0000000000e+00,0.0000000000e+00,0.0000000000e+00,0.0000000000e+00,0.0000000000e+00,0.0000000000e+00,0.0000000000e+00,0.0000000000e+00
6.1441461614e+00,1.3246396260e+00,1.3246396260e+00,1.3246396260e+00,1.3246396260e+00,1.3246396260e+00,1.3246396260e+00,1.3246396260e+00,1.3246396260e+00,1.3246396260e+00,1.3246396260e+00,1.3246396260e+00,1.3246396260e+00,1.3246396260e+00,1.3246396260e+00,1.3246396260e+00,1.3246396260e+00,1.3246396260e+00,1.3246396260e+00,1.3246396260e+00,1.3246396260e+00,1.3246396260e+00,1.3246396260e+00,1.3246396260e+00,1.3246396260e+00,1.3246396260e+00,1.3246396260e+00,1.3246396260e+00,1.3246396260e+00,1.3246396260e+00,1.3246396260e+00,1.3246396260e+00,1.3246396260e+00,1.3246396260e+00,1.3246396260e+00,1.3246396260e+00,1.3246396260e+00,1.3246396260e+00,1.3246396260e+00,1.3246396260e+00,1.3246396260e+00,1.3246396260e+00,1.3246396260e+00,1.3246396260e+00,1.3246396260e+00,1.3246396260e+00,1.3246396260e+00,1.3246396260e+00,1.3246396260e+00,1.3246396260e+00,1.3246396260e+00,1.3246396260e+00,1.3246396260e+00,1.3246396260e+00,1.3246396260e+00,1.3246396260e+00,1.3246396260e+00,1.3246396260e+00,1.3246423173e+00,1.3246454536e+00,1.3246489015e+00,1.3246526920e+00,1.3246568590e+00,1.3246614400e+00,1.3246664761e+00,1.3246720126e+00,1.3246780991e+00,1.3246847903e+00,1.3246921463e+00,1.3246965463e+00,1.3246939315e+00,1.3246910569e+00,1.3246878968e+00,1.3246844228e+00,1.3246806036e+00,1.3246649593e+00,1.3246471068e+00,1.3246274810e+00,1.3245996012e+00,1.3245588614e+00,1.3245140757e+00,1.3244459390e+00,1.3243641629e+00,1.3242612823e+00,1.3241399784e+00,1.3240187985e+00,1.3238936257e+00,1.3237686414e+00,1.3236668202e+00,1.3235192616e+00,1.3232890622e+00,1.3223455493e+00,1.3197031162e+00,1.3164583541e+00,1.3128044171e+00,1.3078669887e+00,1.3024087029e+00,1.2960585444e+00,1.2812381627e+00,1.2610817076e+00,1.2368252330e+00,1.2124152299e+00,1.1714938054e+00,1.1192958650e+00,1.0747015397e+00,1.0110942312e+00,9.4854211241e-01,8.8583544072e-01,8.2497453785e-01,7.6712406525e-01,7.2164934891e-01,6.7989848297e-01,6.3864040087e-01,5.8727618792e-01,5.1437857542e-01,4.0622550496e-01,2.6850423311e-01,1.2385080808e-01,2.2482190427e-02,1.7975544305e-04,1.7076738705e-07,0.0000000000e+00,0.0000000000e+00,0.0000000000e+00,0.0000000000e+00,0.0000000000e+00,0.0000000000e+00,0.0000000000e+00,0.0000000000e+00,0.0000000000e+00,0.0000000000e+00,0.0000000000e+00,0.0000000000e+00,0.0000000000e+00,0.0000000000e+00,0.0000000000e+00,0.0000000000e+00,0.0000000000e+00,0.0000000000e+00,0.0000000000e+00,0.0000000000e+00,0.0000000000e+00,0.0000000000e+00,0.0000000000e+00,0.0000000000e+00,0.0000000000e+00,0.0000000000e+00,0.0000000000e+00,0.0000000000e+00,0.0000000000e+00,0.0000000000e+00,0.0000000000e+00,0.0000000000e+00,0.0000000000e+00,0.0000000000e+00,0.0000000000e+00,0.0000000000e+00,0.0000000000e+00,0.0000000000e+00,0.0000000000e+00,0.0000000000e+00,0.0000000000e+00,0.0000000000e+00,0.0000000000e+00,0.0000000000e+00,0.0000000000e+00,0.0000000000e+00,0.0000000000e+00,0.0000000000e+00,0.0000000000e+00,0.0000000000e+00,0.0000000000e+00,0.0000000000e+00,0.0000000000e+00,0.0000000000e+00,0.0000000000e+00,0.0000000000e+00,0.0000000000e+00,0.0000000000e+00,0.0000000000e+00,0.0000000000e+00,0.0000000000e+00,0.0000000000e+00,0.0000000000e+00,0.0000000000e+00,0.0000000000e+00,0.0000000000e+00,0.0000000000e+00,0.0000000000e+00,0.0000000000e+00,0.0000000000e+00,0.0000000000e+00,0.0000000000e+00,0.0000000000e+00,0.0000000000e+00,0.0000000000e+00,0.0000000000e+00,0.0000000000e+00,0.0000000000e+00,0.0000000000e+00,0.0000000000e+00
6.4223254222e+00,1.2715575376e+00,1.2715575376e+00,1.2715575376e+00,1.2715575376e+00,1.2715575376e+00,1.2715575376e+00,1.2715575376e+00,1.2715575376e+00,1.2715575376e+00,1.2715575376e+00,1.2715575376e+00,1.2715575376e+00,1.2715575376e+00,1.2715575376e+00,1.2715575376e+00,1.2715575376e+00,1.2715575376e+00,1.2715575376e+00,1.2715575376e+00,1.2715575376e+00,1.2715575376e+00,1.2715575376e+00,1.2715575376e+00,1.2715575376e+00,1.2715575376e+00,1.2715575376e+00,1.2715575376e+00,1.2715575376e+00,1.2715575376e+00,1.2715575376e+00,1.2715575376e+00,1.2715575376e+00,1.2715575376e+00,1.2715575376e+00,1.2715575376e+00,1.2715575376e+00,1.2715575376e+00,1.2715575376e+00,1.2715575376e+00,1.2715575376e+00,1.2715575376e+00,1.2715575376e+00,1.2715575376e+00,1.2715575376e+00,1.2715575376e+00,1.2715575376e+00,1.2715575376e+00,1.2715575376e+00,1.2715575376e+00,1.2715575376e+00,1.2715575376e+00,1.2715575376e+00,1.2715575376e+00,1.2715575376e+00,1.2715575376e+00,1.2715575376e+00,1.2715575376e+00,1.2715598564e+00,1.2715625585e+00,1.2715655291e+00,1.2715687948e+00,1.2715723850e+00,1.2715763318e+00,1.2715806708e+00,1.2715854408e+00,1.2715906847e+00,1.2715964496e+00,1.2716027873e+00,1.2716065001e+00,1.2716040038e+00,1.2716012595e+00,1.2715982427e+00,1.2715949261e+00,1.2715912800e+00,1.2715771273e+00,1.2715609890e+00,1.2715432477e+00,1.2715181312e+00,1.2714815361e+00,1.2714413067e+00,1.2713801747e+00,1.2713068243e+00,1.2712145567e+00,1.2711057730e+00,1.2709965951e+00,1.2708834448e+00,1.2707698441e+00,1.2706756880e+00,1.2705402268e+00,1.2703304326e+00,1.2694895727e+00,1.2671470594e+00,1.2642694830e+00,1.2610256549e+00,1.2566303206e+00,1.2517660676e+00,1.2461011831e+00,1.2328976441e+00,1.2149384811e+00,1.1932496441e+00,1.1713493623e+00,1.1346008143e+00,1.0876227383e+00,1.0472713767e+00,9.8958946043e-01,9.3265022468e-01,8.7530885462e-01,8.1945451825e-01,7.6612094463e-01,7.2396758242e-01,6.8510852350e-01,6.4649065420e-01,5.9779929380e-01,5.2788843178e-01,4.2196936025e-01,2.8407861263e-01,1.3510798478e-01,2.6022868915e-02,2.5300102310e-04,3.1455366205e-07,0.0000000000e+00,0.0000000000e+00,0.0000000000e+00,0.0000000000e+00,0.0000000000e+00,0.0000000000e+00,0.0000000000e+00,0.0000000000e+00,0.0000000000e+00,0.0000000000e+00,0.0000000000e+00,0.0000000000e+00,0.0000000000e+00,0.0000000000e+00,0.0000000000e+00,0.0000000000e+00,0.0000000000e+00,0.0000000000e+00,0.0000000000e+00,0.0000000000e+00,0.0000000000e+00,0.0000000000e+00,0.0000000000e+00,0.0000000000e+00,0.0000000000e+00,0.0000000000e+00,0.0000000000e+00,0.0000000000e+00,0.0000000000e+00,0.0000000000e+00,0.0000000000e+00,0.0000000000e+00,0.0000000000e+00,0.0000000000e+00,0.0000000000e+00,0.0000000000e+00,0.0000000000e+00,0.0000000000e+00,0.0000000000e+00,0.0000000000e+00,0.0000000000e+00,0.0000000000e+00,0.0000000000e+00,0.0000000000e+00,0.0000000000e+00,0.0000000000e+00,0.0000000000e+00,0.0000000000e+00,0.0000000000e+00,0.0000000000e+00,0.0000000000e+00,0.0000000000e+00,0.0000000000e+00,0.0000000000e+00,0.0000000000e+00,0.0000000000e+00,0.0000000000e+00,0.0000000000e+00,0.0000000000e+00,0.0000000000e+00,0.0000000000e+00,0.0000000000e+00,0.0000000000e+00,0.0000000000e+00,0.0000000000e+00,0.0000000000e+00,0.0000000000e+00,0.0000000000e+00,0.0000000000e+00,0.0000000000e+00,0.0000000000e+00,0.0000000000e+00,0.0000000000e+00,0.0000000000e+00,0.0000000000e+00,0.0000000000e+00,0.0000000000e+00,0.0000000000e+00,0.0000000000e+00,0.0000000000e+00
6.7130993868e+00,1.2225082944e+00,1.2225082944e+00,1.2225082944e+00,1.2225082944e+00,1.2225082944e+00,1.2225082944e+00,1.2225082944e+00,1.2225082944e+00,1.2225082944e+00,1.2225082944e+00,1.2225082944e+00,1.2225082944e+00,1.2225082944e+00,1.2225082944e+00,1.2225082944e+00,1.2225082944e+00,1.2225082944e+00,1.2225082944e+00,1.2225082944e+00,1.2225082944e+00,1.2225082944e+00,1.2225082944e+00,1.2225082944e+00,1.2225082944e+00,1.2225082944e+00,1.2225082944e+00,1.2225082944e+00,1.2225082944e+00,1.2225082944e+00,1.2225082944e+00,1.2225082944e+00,1.2225082944e+00,1.2225082944e+00,1.2225082944e+00,1.2225082944e+00,1.2225082944e+00,1.2225082944e+00,1.2225082944e+00,1.2225082944e+00,1.2225082944e+00,1.2225082944e+00,1.2225082944e+00,1.2225082944e+00,1.2225082944e+00,1.2225082944e+00,1.2225082944e+00,1.2225082944e+00,1.2225082944e+00,1.2225082944e+00,1.2225082944e+00,1.2225082944e+00,1.2225082944e+00,1.2225082944e+00,1.2225082944e+00,1.2225082944e+00,1.2225082944e+00,1.2225082944e+00,1.2225102970e+00,1.2225126307e+00,1.2225151963e+00,1.2225180168e+00,1.2225211174e+00,1.2225245262e+00,1.2225282735e+00,1.2225323932e+00,1.2225369222e+00,1.2225419011e+00,1.2225473747e+00,1.2225505150e+00,1.2225481523e+00,1.2225455549e+00,1.2225426995e+00,1.2225395604e+00,1.2225361095e+00,1.2225233124e+00,1.2225087296e+00,1.2224926982e+00,1.2224700713e+00,1.2224371891e+00,1.2224010414e+00,1.2223461673e+00,1.2222803402e+00,1.2221975431e+00,1.2220999289e+00,1.2220015326e+00,1.2218992397e+00,1.2217960176e+00,1.2217091213e+00,1.2215849095e+00,1.2213938010e+00,1.2206437125e+00,1.2185647060e+00,1.2160098740e+00,1.2131269885e+00,1.2092106433e+00,1.2048720251e+00,1.1998143392e+00,1.1880419640e+00,1.1720282534e+00,1.1526240136e+00,1.1329677616e+00,1.0999571576e+00,1.0576704088e+00,1.0211648988e+00,9.6887421368e-01,9.1707405617e-01,8.6468538873e-01,8.1348181397e-01,7.6438054929e-01,7.2537203571e-01,6.8927211942e-01,6.5320251827e-01,6.0713115547e-01,5.4022818070e-01,4.3678177952e-01,2.9921993750e-01,1.4654999371e-01,2.9878434878e-02,3.5060205216e-04,5.6861523985e-07,0.0000000000e+00,0.0000000000e+00,0.0000000000e+00,0.0000000000e+00,0.0000000000e+00,0.0000000000e+00,0.0000000000e+00,0.0000000000e+00,0.0000000000e+00,0.0000000000e+00,0.0000000000e+00,0.0000000000e+00,0.0000000000e+00,0.0000000000e+00,0.0000000000e+00,0.0000000000e+00,0.0000000000e+00,0.0000000000e+00,0.0000000000e+00,0.0000000000e+00,0.0000000000e+00,0.0000000000e+00,0.0000000000e+00,0.0000000000e+00,0.0000000000e+00,0.0000000000e+00,0.0000000000e+00,0.0000000000e+00,0.0000000000e+00,0.0000000000e+00,0.0000000000e+00,0.0000000000e+00,0.0000000000e+00,0.0000000000e+00,0.0000000000e+00,0.0000000000e+00,0.0000000000e+00,0.0000000000e+00,0.0000000000e+00,0.0000000000e+00,0.0000000000e+00,0.0000000000e+00,0.0000000000e+00,0.0000000000e+00,0.0000000000e+00,0.0000000000e+00,0.0000000000e+00,0.0000000000e+00,0.0000000000e+00,0.0000000000e+00,0.0000000000e+00,0.0000000000e+00,0.0000000000e+00,0.0000000000e+00,0.0000000000e+00,0.0000000000e+00,0.0000000000e+00,0.0000000000e+00,0.0000000000e+00,0.0000000000e+00,0.0000000000e+00,0.0000000000e+00,0.0000000000e+00,0.0000000000e+00,0.0000000000e+00,0.0000000000e+00,0.0000000000e+00,0.0000000000e+00,0.0000000000e+00,0.0000000000e+00,0.0000000000e+00,0.0000000000e+00,0.0000000000e+00,0.0000000000e+00,0.0000000000e+00,0.0000000000e+00,0.0000000000e+00,0.0000000000e+00,0.0000000000e+00,0.0000000000e+00
7.0170382867e+00,1.1772158970e+00,1.1772158970e+00,1.1772158970e+00,1.1772158970e+00,1.1772158970e+00,1.1772158970e+00,1.1772158970e+00,1.1772158970e+00,1.1772158970e+00,1.1772158970e+00,1.1772158970e+00,1.1772158970e+00,1.1772158970e+00,1.1772158970e+00,1.1772158970e+00,1.1772158970e+00,1.1772158970e+00,1.1772158970e+00,1.1772158970e+00,1.1772158970e+00,1.1772158970e+00,1.1772158970e+00,1.1772158970e+00,1.1772158970e+00,1.1772158970e+00,1.1772158970e+00,1.1772158970e+00,1.1772158970e+00,1.1772158970e+00,1.1772158970e+00,1.1772158970e+00,1.1772158970e+00,1.1772158970e+00,1.1772158970e+00,1.1772158970e+00,1.1772158970e+00,1.1772158970e+00,1.1772158970e+00,1.1772158970e+00,1.1772158970e+00,1.1772158970e+00,1.1772158970e+00,1.1772158970e+00,1.1772158970e+00,1.1772158970e+00,1.1772158970e+00,1.1772158970e+00,1.1772158970e+00,1.1772158970e+00,1.1772158970e+00,1.1772158970e+00,1.1772158970e+00,1.1772158970e+00,1.1772158970e+00,1.1772158970e+00,1.1772158970e+00,1.1772158970e+00,1.1772176309e+00,1.1772196515e+00,1.1772218729e+00,1.1772243150e+00,1.1772269997e+00,1.1772299511e+00,1.1772331957e+00,1.1772367627e+00,1.1772406840e+00,1.1772449950e+00,1.1772497342e+00,1.1772523971e+00,1.1772501765e+00,1.1772477352e+00,1.1772450515e+00,1.1772421011e+00,1.1772388576e+00,1.1772272902e+00,1.1772141165e+00,1.1771996341e+00,1.1771792483e+00,1.1771496914e+00,1.1771171989e+00,1.1770679160e+00,1.1770088069e+00,1.1769344626e+00,1.1768468152e+00,1.1767581020e+00,1.1766656086e+00,1.1765718358e+00,1.1764917725e+00,1.1763779846e+00,1.1762039567e+00,1.1755341803e+00,1.1736868632e+00,1.1714159273e+00,1.1688509391e+00,1.1653580392e+00,1.1614847424e+00,1.1569652896e+00,1.1464600925e+00,1.1321693002e+00,1.1147979023e+00,1.0971477136e+00,1.0674841664e+00,1.0294113646e+00,9.9638802108e-01,9.4899593055e-01,9.0189280293e-01,8.5406516886e-01,8.0716965342e-01,7.6201994261e-01,7.2597601080e-01,6.9249507594e-01,6.5886915520e-01,6.1534423753e-01,5.5143222786e-01,4.5064609490e-01,3.1386208394e-01,1.5811027671e-01,3.4044274759e-02,4.7867772970e-04,1.0075320833e-06,0.0000000000e+00,0.0000000000e+00,0.0000000000e+00,0.0000000000e+00,0.0000000000e+00,0.0000000000e+00,0.0000000000e+00,0.0000000000e+00,0.0000000000e+00,0.0000000000e+00,0.0000000000e+00,0.0000000000e+00,0.0000000000e+00,0.0000000000e+00,0.0000000000e+00,0.0000000000e+00,0.0000000000e+00,0.0000000000e+00,0.0000000000e+00,0.0000000000e+00,0.0000000000e+00,0.0000000000e+00,0.0000000000e+00,0.0000000000e+00,0.0000000000e+00,0.0000000000e+00,0.0000000000e+00,0.0000000000e+00,0.0000000000e+00,0.0000000000e+00,0.0000000000e+00,0.0000000000e+00,0.0000000000e+00,0.0000000000e+00,0.0000000000e+00,0.0000000000e+00,0.0000000000e+00,0.0000000000e+00,0.0000000000e+00,0.0000000000e+00,0.0000000000e+00,0.0000000000e+00,0.0000000000e+00,0.0000000000e+00,0.0000000000e+00,0.0000000000e+00,0.0000000000e+00,0.0000000000e+00,0.0000000000e+00,0.0000000000e+00,0.0000000000e+00,0.0000000000e+00,0.0000000000e+00,0.0000000000e+00,0.0000000000e+00,0.0000000000e+00,0.0000000000e+00,0.0000000000e+00,0.0000000000e+00,0.0000000000e+00,0.0000000000e+00,0.0000000000e+00,0.0000000000e+00,0.0000000000e+00,0.0000000000e+00,0.0000000000e+00,0.0000000000e+00,0.0000000000e+00,0.0000000000e+00,0.0000000000e+00,0.0000000000e+00,0.0000000000e+00,0.0000000000e+00,0.0000000000e+00,0.0000000000e+00,0.0000000000e+00,0.0000000000e+00,0.0000000000e+00,0.0000000000e+00,0.0000000000e+00
7.3347381708e+00,1.1354146801e+00,1.1354146801e+00,1.1354146801e+00,1.1354146801e+00,1.1354146801e+00,1.1354146801e+00,1.1354146801e+00,1.1354146801e+00,1.1354146801e+00,1.1354146801e+00,1.1354146801e+00,1.1354146801e+00,1.1354146801e+00,1.1354146801e+00,1.1354146801e+00,1.1354146801e+00,1.1354146801e+00,1.1354146801e+00,1.1354146801e+00,1.1354146801e+00,1.1354146801e+00,1.1354146801e+00,1.1354146801e+00,1.1354146801e+00,1.1354146801e+00,1.1354146801e+00,1.1354146801e+00,1.1354146801e+00,1.1354146801e+00,1.1354146801e+00,1.1354146801e+00,1.1354146801e+00,1.1354146801e+00,1.1354146801e+00,1.1354146801e+00,1.1354146801e+00,1.1354146801e+00,1.1354146801e+00,1.1354146801e+00,1.1354146801e+00,1.1354146801e+00,1.1354146801e+00,1.1354146801e+00,1.1354146801e+00,1.1354146801e+00,1.1354146801e+00,1.1354146801e+00,1.1354146801e+00,1.1354146801e+00,1.1354146801e+00,1.1354146801e+00,1.1354146801e+00,1.1354146801e+00,1.1354146801e+00,1.1354146801e+00,1.1354146801e+00,1.1354146801e+00,1.1354161853e+00,1.1354179394e+00,1.1354198677e+00,1.1354219876e+00,1.1354243181e+00,1.1354268802e+00,1.1354296968e+00,1.1354327932e+00,1.1354361973e+00,1.1354399395e+00,1.1354440535e+00,1.1354463179e+00,1.1354442427e+00,1.1354419613e+00,1.1354394532e+00,1.1354366961e+00,1.1354336650e+00,1.1354232115e+00,1.1354113126e+00,1.1353982317e+00,1.1353798621e+00,1.1353532828e+00,1.1353240635e+00,1.1352797768e+00,1.1352266682e+00,1.1351598706e+00,1.1350811199e+00,1.1350011032e+00,1.1349174511e+00,1.1348322718e+00,1.1347586073e+00,1.1346544499e+00,1.1344960134e+00,1.1338973458e+00,1.1322539226e+00,1.1302329302e+00,1.1279481625e+00,1.1248298435e+00,1.1213687138e+00,1.1173266137e+00,1.1079438905e+00,1.0951795556e+00,1.0796173338e+00,1.0637603995e+00,1.0370932653e+00,1.0028041657e+00,9.7293096434e-01,9.2998484224e-01,8.8716828089e-01,8.4353233107e-01,8.0061747750e-01,7.5914549927e-01,7.2588517025e-01,6.9487866382e-01,6.6358253646e-01,6.2251418629e-01,5.6154386978e-01,4.6355823968e-01,3.2795015009e-01,1.6972377709e-01,3.8512439611e-02,6.4430053084e-04,1.7488015863e-06,0.0000000000e+00,0.0000000000e+00,0.0000000000e+00,0.0000000000e+00,0.0000000000e+00,0.0000000000e+00,0.0000000000e+00,0.0000000000e+00,0.0000000000e+00,0.0000000000e+00,0.0000000000e+00,0.0000000000e+00,0.0000000000e+00,0.0000000000e+00,0.0000000000e+00,0.0000000000e+00,0.0000000000e+00,0.0000000000e+00,0.0000000000e+00,0.0000000000e+00,0.0000000000e+00,0.0000000000e+00,0.0000000000e+00,0.0000000000e+00,0.0000000000e+00,0.0000000000e+00,0.0000000000e+00,0.0000000000e+00,0.0000000000e+00,0.0000000000e+00,0.0000000000e+00,0.0000000000e+00,0.0000000000e+00,0.0000000000e+00,0.0000000000e+00,0.0000000000e+00,0.0000000000e+00,0.0000000000e+00,0.0000000000e+00,0.0000000000e+00,0.0000000000e+00,0.0000000000e+00,0.0000000000e+00,0.0000000000e+00,0.0000000000e+00,0.0000000000e+00,0.0000000000e+00,0.0000000000e+00,0.0000000000e+00,0.0000000000e+00,0.0000000000e+00,0.0000000000e+00,0.0000000000e+00,0.0000000000e+00,0.0000000000e+00,0.0000000000e+00,0.0000000000e+00,0.0000000000e+00,0.0000000000e+00,0.0000000000e+00,0.0000000000e+00,0.0000000000e+00,0.0000000000e+00,0.0000000000e+00,0.0000000000e+00,0.0000000000e+00,0.0000000000e+00,0.0000000000e+00,0.0000000000e+00,0.0000000000e+00,0.0000000000e+00,0.0000000000e+00,0.0000000000e+00,0.0000000000e+00,0.0000000000e+00,0.0000000000e+00,0.0000000000e+00,0.0000000000e+00,0.0000000000e+00,0.0000000000e+00
7.6668220745e+00,1.0968509370e+00,1.0968509370e+00,1.0968509370e+00,1.0968509370e+00,1.0968509370e+00,1.0968509370e+00,1.0968509370e+00,1.0968509370e+00,1.0968509370e+00,1.0968509370e+00,1.0968509370e+00,1.0968509370e+00,1.0968509370e+00,1.0968509370e+00,1.0968509370e+00,1.0968509370e+00,1.0968509370e+00,1.0968509370e+00,1.0968509370e+00,1.0968509370e+00,1.0968509370e+00,1.0968509370e+00,1.0968509370e+00,1.0968509370e+00,1.0968509370e+00,1.0968509370e+00,1.0968509370e+00,1.0968509370e+00,1.0968509370e+00,1.0968509370e+00,1.0968509370e+00,1.0968509370e+00,1.0968509370e+00,1.0968509370e+00,1.0968509370e+00,1.0968509370e+00,1.0968509370e+00,1.0968509370e+00,1.0968509370e+00,1.0968509370e+00,1.0968509370e+00,1.0968509370e+00,1.0968509370e+00,1.0968509370e+00,1.0968509370e+00,1.0968509370e+00,1.0968509370e+00,1.0968509370e+00,1.0968509370e+00,1.0968509370e+00,1.0968509370e+00,1.0968509370e+00,1.0968509370e+00,1.0968509370e+00,1.0968509370e+00,1.0968509370e+00,1.0968509370e+00,1.0968522470e+00,1.0968537737e+00,1.0968554521e+00,1.0968572972e+00,1.0968593256e+00,1.0968615556e+00,1.0968640070e+00,1.0968667021e+00,1.0968696648e+00,1.0968729220e+00,1.0968765027e+00,1.0968784338e+00,1.0968765037e+00,1.0968743818e+00,1.0968720491e+00,1.0968694847e+00,1.0968666655e+00,1.0968572198e+00,1.0968464731e+00,1.0968346589e+00,1.0968181024e+00,1.0967941894e+00,1.0967679014e+00,1.0967280805e+00,1.0966803334e+00,1.0966202765e+00,1.0965494709e+00,1.0964772653e+00,1.0964015883e+00,1.0963242178e+00,1.0962565206e+00,1.0961612394e+00,1.0960170192e+00,1.0954813633e+00,1.0940175514e+00,1.0922168278e+00,1.0901793033e+00,1.0873925877e+00,1.0842967952e+00,1.0806783252e+00,1.0722904592e+00,1.0608792481e+00,1.0469276686e+00,1.0326739096e+00,1.0086891270e+00,9.7779666226e-01,9.5077129803e-01,9.1185662753e-01,8.7294705837e-01,8.3315646366e-01,7.9391166002e-01,7.5585287541e-01,7.2519691940e-01,6.9651848962e-01,6.6743186926e-01,6.2871780956e-01,5.7061309563e-01,4.7552496994e-01,3.4144007656e-01,1.8132786586e-01,4.3271880885e-02,8.5550729458e-04,2.9729745055e-06,0.0000000000e+00,0.0000000000e+00,0.0000000000e+00,0.0000000000e+00,0.0000000000e+00,0.0000000000e+00,0.0000000000e+00,0.0000000000e+00,0.0000000000e+00,0.0000000000e+00,0.0000000000e+00,0.0000000000e+00,0.0000000000e+00,0.0000000000e+00,0.0000000000e+00,0.0000000000e+00,0.0000000000e+00,0.0000000000e+00,0.0000000000e+00,0.0000000000e+00,0.0000000000e+00,0.0000000000e+00,0.0000000000e+00,0.0000000000e+00,0.0000000000e+00,0.0000000000e+00,0.0000000000e+00,0.0000000000e+00,0.0000000000e+00,0.0000000000e+00,0.0000000000e+00,0.0000000000e+00,0.0000000000e+00,0.0000000000e+00,0.0000000000e+00,0.0000000000e+00,0.0000000000e+00,0.0000000000e+00,0.0000000000e+00,0.0000000000e+00,0.0000000000e+00,0.0000000000e+00,0.0000000000e+00,0.0000000000e+00,0.0000000000e+00,0.0000000000e+00,0.0000000000e+00,0.0000000000e+00,0.0000000000e+00,0.0000000000e+00,0.0000000000e+00,0.0000000000e+00,0.0000000000e+00,0.0000000000e+00,0.0000000000e+00,0.0000000000e+00,0.0000000000e+00,0.0000000000e+00,0.0000000000e+00,0.0000000000e+00,0.0000000000e+00,0.0000000000e+00,0.0000000000e+00,0.0000000000e+00,0.0000000000e+00,0.0000000000e+00,0.0000000000e+00,0.0000000000e+00,0.0000000000e+00,0.0000000000e+00,0.0000000000e+00,0.0000000000e+00,0.0000000000e+00,0.0000000000e+00,0.0000000000e+00,0.0000000000e+00,0.0000000000e+00,0.0000000000e+00,0.0000000000e+00,0.0000000000e+00
8.0139412415e+00,1.0612839939e+00,1.0612839939e+00,1.0612839939e+00,1.0612839939e+00,1.0612839939e+00,1.0612839939e+00,1.0612839939e+00,1.0612839939e+00,1.0612839939e+00,1.0612839939e+00,1.0612839939e+00,1.0612839939e+00,1.0612839939e+00,1.0612839939e+00,1.0612839939e+00,1.0612839939e+00,1.0612839939e+00,1.0612839939e+00,1.0612839939e+00,1.0612839939e+00,1.0612839939e+00,1.0612839939e+00,1.0612839939e+00,1.0612839939e+00,1.0612839939e+00,1.0612839939e+00,1.0612839939e+00,1.0612839939e+00,1.0612839939e+00,1.0612839939e+00,1.0612839939e+00,1.0612839939e+00,1.0612839939e+00,1.0612839939e+00,1.0612839939e+00,1.0612839939e+00,1.0612839939e+00,1.0612839939e+00,1.0612839939e+00,1.0612839939e+00,1.0612839939e+00,1.0612839939e+00,1.0612839939e+00,1.0612839939e+00,1.0612839939e+00,1.0612839939e+00,1.0612839939e+00,1.0612839939e+00,1.0612839939e+00,1.0612839939e+00,1.0612839939e+00,1.0612839939e+00,1.0612839939e+00,1.0612839939e+00,1.0612839939e+00,1.0612839939e+00,1.0612839939e+00,1.0612851372e+00,1.0612864695e+00,1.0612879342e+00,1.0612895444e+00,1.0612913146e+00,1.0612932606e+00,1.0612954000e+00,1.0612977519e+00,1.0613003375e+00,1.0613031799e+00,1.0613063048e+00,1.0613079568e+00,1.0613061687e+00,1.0613042030e+00,1.0613020420e+00,1.0612996663e+00,1.0612970547e+00,1.0612885199e+00,1.0612788137e+00,1.0612681433e+00,1.0612532168e+00,1.0612316921e+00,1.0612080296e+00,1.0611722021e+00,1.0611292476e+00,1.0610752145e+00,1.0610115084e+00,1.0609463203e+00,1.0608778366e+00,1.0608075572e+00,1.0607454058e+00,1.0606582898e+00,1.0605270205e+00,1.0600472527e+00,1.0587418332e+00,1.0571354361e+00,1.0553162845e+00,1.0528233739e+00,1.0500516652e+00,1.0468094259e+00,1.0393039067e+00,1.0290929480e+00,1.0165758952e+00,1.0037556947e+00,9.8217231173e-01,9.5432877044e-01,9.2987662565e-01,8.9461484339e-01,8.5926249688e-01,8.2299409489e-01,7.8712639695e-01,7.5222725303e-01,7.2400012509e-01,6.9750374261e-01,6.7050241496e-01,6.3403141506e-01,5.7869461239e-01,4.8656210955e-01,3.5429804311e-01,1.9286311412e-01,4.8308741688e-02,1.1212817443e-03,4.9508775568e-06,0.0000000000e+00,0.0000000000e+00,0.0000000000e+00,0.0000000000e+00,0.0000000000e+00,0.0000000000e+00,0.0000000000e+00,0.0000000000e+00,0.0000000000e+00,0.0000000000e+00,0.0000000000e+00,0.0000000000e+00,0.0000000000e+00,0.0000000000e+00,0.0000000000e+00,0.0000000000e+00,0.0000000000e+00,0.0000000000e+00,0.0000000000e+00,0.0000000000e+00,0.0000000000e+00,0.0000000000e+00,0.0000000000e+00,0.0000000000e+00,0.0000000000e+00,0.0000000000e+00,0.0000000000e+00,0.0000000000e+00,0.0000000000e+00,0.0000000000e+00,0.0000000000e+00,0.0000000000e+00,0.0000000000e+00,0.0000000000e+00,0.0000000000e+00,0.0000000000e+00,0.0000000000e+00,0.0000000000e+00,0.0000000000e+00,0.0000000000e+00,0.0000000000e+00,0.0000000000e+00,0.0000000000e+00,0.0000000000e+00,0.0000000000e+00,0.0000000000e+00,0.0000000000e+00,0.0000000000e+00,0.0000000000e+00,0.0000000000e+00,0.0000000000e+00,0.0000000000e+00,0.0000000000e+00,0.0000000000e+00,0.0000000000e+00,0.0000000000e+00,0.0000000000e+00,0.0000000000e+00,0.0000000000e+00,0.0000000000e+00,0.0000000000e+00,0.0000000000e+00,0.0000000000e+00,0.0000000000e+00,0.0000000000e+00,0.0000000000e+00,0.0000000000e+00,0.0000000000e+00,0.0000000000e+00,0.0000000000e+00,0.0000000000e+00,0.0000000000e+00,0.0000000000e+00,0.0000000000e+00,0.0000000000e+00,0.0000000000e+00,0.0000000000e+00,0.0000000000e+00,0.0000000000e+00,0.0000000000e+00
8.3767764007e+00,1.0284868264e+00,1.0284868264e+00,1.0284868264e+00,1.0284868264e+00,1.0284868264e+00,1.0284868264e+00,1.0284868264e+00,1.0284868264e+00,1.0284868264e+00,1.0284868264e+00,1.0284868264e+00,1.0284868264e+00,1.0284868264e+00,1.0284868264e+00,1.0284868264e+00,1.0284868264e+00,1.0284868264e+00,1.0284868264e+00,1.0284868264e+00,1.0284868264e+00,1.0284868264e+00,1.0284868264e+00,1.0284868264e+00,1.0284868264e+00,1.0284868264e+00,1.0284868264e+00,1.0284868264e+00,1.0284868264e+00,1.0284868264e+00,1.0284868264e+00,1.0284868264e+00,1.0284868264e+00,1.0284868264e+00,1.0284868264e+00,1.0284868264e+00,1.0284868264e+00,1.0284868264e+00,1.0284868264e+00,1.0284868264e+00,1.0284868264e+00,1.0284868264e+00,1.0284868264e+00,1.0284868264e+00,1.0284868264e+00,1.0284868264e+00,1.0284868264e+00,1.0284868264e+00,1.0284868264e+00,1.0284868264e+00,1.0284868264e+00,1.0284868264e+00,1.0284868264e+00,1.0284868264e+00,1.0284868264e+00,1.0284868264e+00,1.0284868264e+00,1.0284868264e+00,1.0284878268e+00,1.0284889926e+00,1.0284902742e+00,1.0284916832e+00,1.0284932321e+00,1.0284949349e+00,1.0284968069e+00,1.0284988649e+00,1.0285011273e+00,1.0285036145e+00,1.0285063488e+00,1.0285077667e+00,1.0285061158e+00,1.0285043008e+00,1.0285023055e+00,1.0285001120e+00,1.0284977006e+00,1.0284899888e+00,1.0284812216e+00,1.0284715836e+00,1.0284581224e+00,1.0284387374e+00,1.0284174270e+00,1.0283851724e+00,1.0283465043e+00,1.0282978578e+00,1.0282404993e+00,1.0281816178e+00,1.0281196228e+00,1.0280557800e+00,1.0279987682e+00,1.0279191510e+00,1.0277996723e+00,1.0273695236e+00,1.0262039465e+00,1.0247691870e+00,1.0231431233e+00,1.0209107687e+00,1.0184267989e+00,1.0155189681e+00,1.0087966134e+00,9.9965110181e-01,9.8841240841e-01,9.7687451369e-01,9.5744143442e-01,9.3233482609e-01,9.1020691334e-01,8.7825310629e-01,8.4613665565e-01,8.1309016548e-01,7.8032469336e-01,7.4834378420e-01,7.2237509999e-01,6.9791675460e-01,6.7287464913e-01,6.3852948448e-01,5.8584611087e-01,4.9669287473e-01,3.6649970269e-01,2.0427391397e-01,5.3606689471e-02,1.4515066657e-03,8.0794412549e-06,0.0000000000e+00,0.0000000000e+00,0.0000000000e+00,0.0000000000e+00,0.0000000000e+00,0.0000000000e+00,0.0000000000e+00,0.0000000000e+00,0.0000000000e+00,0.0000000000e+00,0.0000000000e+00,0.0000000000e+00,0.0000000000e+00,0.0000000000e+00,0.0000000000e+00,0.0000000000e+00,0.0000000000e+00,0.0000000000e+00,0.0000000000e+00,0.0000000000e+00,0.0000000000e+00,0.0000000000e+00,0.0000000000e+00,0.0000000000e+00,0.0000000000e+00,0.0000000000e+00,0.0000000000e+00,0.0000000000e+00,0.0000000000e+00,0.0000000000e+00,0.0000000000e+00,0.0000000000e+00,0.0000000000e+00,0.0000000000e+00,0.0000000000e+00,0.0000000000e+00,0.0000000000e+00,0.0000000000e+00,0.0000000000e+00,0.0000000000e+00,0.0000000000e+00,0.0000000000e+00,0.0000000000e+00,0.0000000000e+00,0.0000000000e+00,0.0000000000e+00,0.0000000000e+00,0.0000000000e+00,0.0000000000e+00,0.0000000000e+00,0.0000000000e+00,0.0000000000e+00,0.0000000000e+00,0.0000000000e+00,0.0000000000e+00,0.0000000000e+00,0.0000000000e+00,0.0000000000e+00,0.0000000000e+00,0.0000000000e+00,0.0000000000e+00,0.0000000000e+00,0.0000000000e+00,0.0000000000e+00,0.0000000000e+00,0.0000000000e+00,0.0000000000e+00,0.0000000000e+00,0.0000000000e+00,0.0000000000e+00,0.0000000000e+00,0.0000000000e+00,0.0000000000e+00,0.0000000000e+00,0.0000000000e+00,0.0000000000e+00,0.0000000000e+00,0.0000000000e+00,0.0000000000e+00,0.0000000000e+00
8.7560391014e+00,9.9824630006e-01,9.9824630006e-01,9.9824630006e-01,9.9824630006e-01,9.9824630006e-01,9.9824630006e-01,9.9824630006e-01,9.9824630006e-01,9.9824630006e-01,9.9824630006e-01,9.9824630006e-01,9.9824630006e-01,9.9824630006e-01,9.9824630006e-01,9.9824630006e-01,9.9824630006e-01,9.9824630006e-01,9.9824630006e-01,9.9824630006e-01,9.9824630006e-01,9.9824630006e-01,9.9824630006e-01,9.9824630006e-01,9.9824630006e-01,9.9824630006e-01,9.9824630006e-01,9.9824630006e-01,9.9824630006e-01,9.9824630006e-01,9.9824630006e-01,9.9824630006e-01,9.9824630006e-01,9.9824630006e-01,9.9824630006e-01,9.9824630006e-01,9.9824630006e-01,9.9824630006e-01,9.9824630006e-01,9.9824630006e-01,9.9824630006e-01,9.9824630006e-01,9.9824630006e-01,9.9824630006e-01,9.9824630006e-01,9.9824630006e-01,9.9824630006e-01,9.9824630006e-01,9.9824630006e-01,9.9824630006e-01,9.9824630006e-01,9.9824630006e-01,9.9824630006e-01,9.9824630006e-01,9.9824630006e-01,9.9824630006e-01,9.9824630006e-01,9.9824630006e-01,9.9824717776e-01,9.9824820059e-01,9.9824932503e-01,9.9825056118e-01,9.9825192014e-01,9.9825341411e-01,9.9825505651e-01,9.9825686206e-01,9.9825884700e-01,9.9826102913e-01,9.9826342806e-01,9.9826464910e-01,9.9826312906e-01,9.9826145801e-01,9.9825962095e-01,9.9825760139e-01,9.9825538121e-01,9.9824841232e-01,9.9824049237e-01,9.9823178568e-01,9.9821964179e-01,9.9820217447e-01,9.9818297222e-01,9.9815391584e-01,9.9811908384e-01,9.9807525719e-01,9.9802357825e-01,9.9797036661e-01,9.9791422569e-01,9.9785622380e-01,9.9780396393e-01,9.9773122463e-01,9.9762247525e-01,9.9723642598e-01,9.9619446494e-01,9.9491148687e-01,9.9345635396e-01,9.9145529788e-01,9.8922703738e-01,9.8661670546e-01,9.8059007339e-01,9.7239112744e-01,9.6229234000e-01,9.5190193740e-01,9.3439490431e-01,9.1174554513e-01,8.9171647557e-01,8.6275701544e-01,8.3358203136e-01,8.0347944089e-01,7.7355939080e-01,7.4426817084e-01,7.2039378839e-01,6.9783281223e-01,6.7462371050e-01,6.4228365221e-01,5.9212677679e-01,5.0594631901e-01,3.7802930927e-01,2.1550895541e-01,5.9147276941e-02,1.8568854264e-03,1.2927614496e-05,0.0000000000e+00,0.0000000000e+00,0.0000000000e+00,0.0000000000e+00,0.0000000000e+00,0.0000000000e+00,0.0000000000e+00,0.0000000000e+00,0.0000000000e+00,0.0000000000e+00,0.0000000000e+00,0.0000000000e+00,0.0000000000e+00,0.0000000000e+00,0.0000000000e+00,0.0000000000e+00,0.0000000000e+00,0.0000000000e+00,0.0000000000e+00,0.0000000000e+00,0.0000000000e+00,0.0000000000e+00,0.0000000000e+00,0.0000000000e+00,0.0000000000e+00,0.0000000000e+00,0.0000000000e+00,0.0000000000e+00,0.0000000000e+00,0.0000000000e+00,0.0000000000e+00,0.0000000000e+00,0.0000000000e+00,0.0000000000e+00,0.0000000000e+00,0.0000000000e+00,0.0000000000e+00,0.0000000000e+00,0.0000000000e+00,0.0000000000e+00,0.0000000000e+00,0.0000000000e+00,0.0000000000e+00,0.0000000000e+00,0.0000000000e+00,0.0000000000e+00,0.0000000000e+00,0.0000000000e+00,0.0000000000e+00,0.0000000000e+00,0.0000000000e+00,0.0000000000e+00,0.0000000000e+00,0.0000000000e+00,0.0000000000e+00,0.0000000000e+00,0.0000000000e+00,0.0000000000e+00,0.0000000000e+00,0.0000000000e+00,0.0000000000e+00,0.0000000000e+00,0.0000000000e+00,0.0000000000e+00,0.0000000000e+00,0.0000000000e+00,0.0000000000e+00,0.0000000000e+00,0.0000000000e+00,0.0000000000e+00,0.0000000000e+00,0.0000000000e+00,0.0000000000e+00,0.0000000000e+00,0.0000000000e+00,0.0000000000e+00,0.0000000000e+00,0.0000000000e+00,0.0000000000e+00,0.0000000000e+00
9.1524731088e+00,9.7036311110e-01,9.7036311110e-01,9.7036311110e-01,9.7036311110e-01,9.7036311110e-01,9.7036311110e-01,9.7036311110e-01,9.7036311110e-01,9.7036311110e-01,9.7036311110e-01,9.7036311110e-01,9.7036311110e-01,9.7036311110e-01,9.7036311110e-01,9.7036311110e-01,9.7036311110e-01,9.7036311110e-01,9.7036311110e-01,9.7036311110e-01,9.7036311110e-01,9.7036311110e-01,9.7036311110e-01,9.7036311110e-01,9.7036311110e-01,9.7036311110e-01,9.7036311110e-01,9.7036311110e-01,9.7036311110e-01,9.7036311110e-01,9.7036311110e-01,9.7036311110e-01,9.7036311110e-01,9.7036311110e-01,9.7036311110e-01,9.7036311110e-01,9.7036311110e-01,9.7036311110e-01,9.7036311110e-01,9.7036311110e-01,9.7036311110e-01,9.7036311110e-01,9.7036311110e-01,9.7036311110e-01,9.7036311110e-01,9.7036311110e-01,9.7036311110e-01,9.7036311110e-01,9.7036311110e-01,9.7036311110e-01,9.7036311110e-01,9.7036311110e-01,9.7036311110e-01,9.7036311110e-01,9.7036311110e-01,9.7036311110e-01,9.7036311110e-01,9.7036311110e-01,9.7036388318e-01,9.7036478292e-01,9.7036577205e-01,9.7036685945e-01,9.7036805488e-01,9.7036936907e-01,9.7037081382e-01,9.7037240210e-01,9.7037414817e-01,9.7037606771e-01,9.7037817795e-01,9.7037923314e-01,9.7037783699e-01,9.7037630215e-01,9.7037461483e-01,9.7037275988e-01,9.7037072066e-01,9.7036442233e-01,9.7035726651e-01,9.7034939985e-01,9.7033844031e-01,9.7032269255e-01,9.7030538062e-01,9.7027918903e-01,9.7024779234e-01,9.7020828156e-01,9.7016168804e-01,9.7011357646e-01,9.7006271837e-01,9.7001001590e-01,9.6996214104e-01,9.6989570360e-01,9.6979671447e-01,9.6944990220e-01,9.6851735223e-01,9.6736876543e-01,9.6606513265e-01,9.6426961699e-01,9.6226882681e-01,9.5992340681e-01,9.5451538447e-01,9.4715814014e-01,9.3807650916e-01,9.2871346913e-01,9.1293228868e-01,8.9248962600e-01,8.7435563992e-01,8.4810582056e-01,8.2160311783e-01,7.9418783204e-01,7.6687419048e-01,7.4005732676e-01,7.1812009755e-01,6.9732016598e-01,6.7581908786e-01,6.4536195337e-01,5.9759604105e-01,5.1435592548e-01,3.8887878877e-01,2.2652157042e-01,6.4910319172e-02,2.3488340280e-03,2.0293693032e-05,0.0000000000e+00,0.0000000000e+00,0.0000000000e+00,0.0000000000e+00,0.0000000000e+00,0.0000000000e+00,0.0000000000e+00,0.0000000000e+00,0.0000000000e+00,0.0000000000e+00,0.0000000000e+00,0.0000000000e+00,0.0000000000e+00,0.0000000000e+00,0.0000000000e+00,0.0000000000e+00,0.0000000000e+00,0.0000000000e+00,0.0000000000e+00,0.0000000000e+00,0.0000000000e+00,0.0000000000e+00,0.0000000000e+00,0.0000000000e+00,0.0000000000e+00,0.0000000000e+00,0.0000000000e+00,0.0000000000e+00,0.0000000000e+00,0.0000000000e+00,0.0000000000e+00,0.0000000000e+00,0.0000000000e+00,0.0000000000e+00,0.0000000000e+00,0.0000000000e+00,0.0000000000e+00,0.0000000000e+00,0.0000000000e+00,0.0000000000e+00,0.0000000000e+00,0.0000000000e+00,0.0000000000e+00,0.0000000000e+00,0.0000000000e+00,0.0000000000e+00,0.0000000000e+00,0.0000000000e+00,0.0000000000e+00,0.0000000000e+00,0.0000000000e+00,0.0000000000e+00,0.0000000000e+00,0.0000000000e+00,0.0000000000e+00,0.0000000000e+00,0.0000000000e+00,0.0000000000e+00,0.0000000000e+00,0.0000000000e+00,0.0000000000e+00,0.0000000000e+00,0.0000000000e+00,0.0000000000e+00,0.0000000000e+00,0.0000000000e+00,0.0000000000e+00,0.0000000000e+00,0.0000000000e+00,0.0000000000e+00,0.0000000000e+00,0.0000000000e+00,0.0000000000e+00,0.0000000000e+00,0.0000000000e+00,0.0000000000e+00,0.0000000000e+00,0.0000000000e+00,0.0000000000e+00,0.0000000000e+00
9.5668558622e+00,9.4465149181e-01,9.4465149181e-01,9.4465149181e-01,9.4465149181e-01,9.4465149181e-01,9.4465149181e-01,9.4465149181e-01,9.4465149181e-01,9.4465149181e-01,9.4465149181e-01,9.4465149181e-01,9.4465149181e-01,9.4465149181e-01,9.4465149181e-01,9.4465149181e-01,9.4465149181e-01,9.4465149181e-01,9.4465149181e-01,9.4465149181e-01,9.4465149181e-01,9.4465149181e-01,9.4465149181e-01,9.4465149181e-01,9.4465149181e-01,9.4465149181e-01,9.4465149181e-01,9.4465149181e-01,9.4465149181e-01,9.4465149181e-01,9.4465149181e-01,9.4465149181e-01,9.4465149181e-01,9.4465149181e-01,9.4465149181e-01,9.4465149181e-01,9.4465149181e-01,9.4465149181e-01,9.4465149181e-01,9.4465149181e-01,9.4465149181e-01,9.4465149181e-01,9.4465149181e-01,9.4465149181e-01,9.4465149181e-01,9.4465149181e-01,9.4465149181e-01,9.4465149181e-01,9.4465149181e-01,9.4465149181e-01,9.4465149181e-01,9.4465149181e-01,9.4465149181e-01,9.4465149181e-01,9.4465149181e-01,9.4465149181e-01,9.4465149181e-01,9.4465149181e-01,9.4465217273e-01,9.4465296626e-01,9.4465383862e-01,9.4465479765e-01,9.4465585195e-01,9.4465701100e-01,9.4465828519e-01,9.4465968597e-01,9.4466122591e-01,9.4466291884e-01,9.4466477996e-01,9.4466569508e-01,9.4466441537e-01,9.4466300854e-01,9.4466146194e-01,9.4465976170e-01,9.4465789255e-01,9.4465219933e-01,9.4464573261e-01,9.4463862350e-01,9.4462872906e-01,9.4461452399e-01,9.4459890795e-01,9.4457528415e-01,9.4454696605e-01,9.4451132279e-01,9.4446928632e-01,9.4442576460e-01,9.4437967542e-01,9.4433178083e-01,9.4428794587e-01,9.4422727758e-01,9.4413716545e-01,9.4382530329e-01,9.4298971780e-01,9.4196027816e-01,9.4079109134e-01,9.3917842411e-01,9.3738019253e-01,9.3527089865e-01,9.3041345225e-01,9.2380537281e-01,9.1563205276e-01,9.0718933999e-01,8.9295534913e-01,8.7449503273e-01,8.5807211842e-01,8.3427384510e-01,8.1019778103e-01,7.8523360429e-01,7.6030463950e-01,7.3576007894e-01,7.1561032704e-01,6.9644018682e-01,6.7652449686e-01,6.4782830384e-01,6.0231255602e-01,5.2195836113e-01,3.9904679496e-01,2.3726995741e-01,7.0874276450e-02,2.9393463329e-03,3.1275089901e-05,0.0000000000e+00,0.0000000000e+00,0.0000000000e+00,0.0000000000e+00,0.0000000000e+00,0.0000000000e+00,0.0000000000e+00,0.0000000000e+00,0.0000000000e+00,0.0000000000e+00,0.0000000000e+00,0.0000000000e+00,0.0000000000e+00,0.0000000000e+00,0.0000000000e+00,0.0000000000e+00,0.0000000000e+00,0.0000000000e+00,0.0000000000e+00,0.0000000000e+00,0.0000000000e+00,0.0000000000e+00,0.0000000000e+00,0.0000000000e+00,0.0000000000e+00,0.0000000000e+00,0.0000000000e+00,0.0000000000e+00,0.0000000000e+00,0.0000000000e+00,0.0000000000e+00,0.0000000000e+00,0.0000000000e+00,0.0000000000e+00,0.0000000000e+00,0.0000000000e+00,0.0000000000e+00,0.0000000000e+00,0.0000000000e+00,0.0000000000e+00,0.0000000000e+00,0.0000000000e+00,0.0000000000e+00,0.0000000000e+00,0.0000000000e+00,0.0000000000e+00,0.0000000000e+00,0.0000000000e+00,0.0000000000e+00,0.0000000000e+00,0.0000000000e+00,0.0000000000e+00,0.0000000000e+00,0.0000000000e+00,0.0000000000e+00,0.0000000000e+00,0.0000000000e+00,0.0000000000e+00,0.0000000000e+00,0.0000000000e+00,0.0000000000e+00,0.0000000000e+00,0.0000000000e+00,0.0000000000e+00,0.0000000000e+00,0.0000000000e+00,0.0000000000e+00,0.0000000000e+00,0.0000000000e+00,0.0000000000e+00,0.0000000000e+00,0.0000000000e+00,0.0000000000e+00,0.0000000000e+00,0.0000000000e+00,0.0000000000e+00,0.0000000000e+00,0.0000000000e+00,0.0000000000e+00,0.0000000000e+00
1.0000000000e+01,9.2093873796e-01,9.2093873796e-01,9.2093873796e-01,9.2093873796e-01,9.2093873796e-01,9.2093873796e-01,9.2093873796e-01,9.2093873796e-01,9.2093873796e-01,9.2093873796e-01,9.2093873796e-01,9.2093873796e-01,9.2093873796e-01,9.2093873796e-01,9.2093873796e-01,9.2093873796e-01,9.2093873796e-01,9.2093873796e-01,9.2093873796e-01,9.2093873796e-01,9.2093873796e-01,9.2093873796e-01,9.2093873796e-01,9.2093873796e-01,9.2093873796e-01,9.2093873796e-01,9.2093873796e-01,9.2093873796e-01,9.2093873796e-01,9.2093873796e-01,9.2093873796e-01,9.2093873796e-01,9.2093873796e-01,9.2093873796e-01,9.2093873796e-01,9.2093873796e-01,9.2093873796e-01,9.2093873796e-01,9.2093873796e-01,9.2093873796e-01,9.2093873796e-01,9.2093873796e-01,9.2093873796e-01,9.2093873796e-01,9.2093873796e-01,9.2093873796e-01,9.2093873796e-01,9.2093873796e-01,9.2093873796e-01,9.2093873796e-01,9.2093873796e-01,9.2093873796e-01,9.2093873796e-01,9.2093873796e-01,9.2093873796e-01,9.2093873796e-01,9.2093873796e-01,9.2093934003e-01,9.2094004166e-01,9.2094081300e-01,9.2094166096e-01,9.2094259317e-01,9.2094361799e-01,9.2094474462e-01,9.2094598317e-01,9.2094734478e-01,9.2094884165e-01,9.2095048724e-01,9.2095128375e-01,9.2095011286e-01,9.2094882565e-01,9.2094741056e-01,9.2094585489e-01,9.2094414468e-01,9.2093899745e-01,9.2093315217e-01,9.2092672624e-01,9.2091778994e-01,9.2090496966e-01,9.2089087594e-01,9.2086955537e-01,9.2084399820e-01,9.2081182341e-01,9.2077387378e-01,9.2073448512e-01,9.2069270256e-01,9.2064917005e-01,9.2060905205e-01,9.2055366169e-01,9.2047162245e-01,9.2019092767e-01,9.1944138972e-01,9.1851772075e-01,9.1746799700e-01,9.1601817195e-01,9.1440050695e-01,9.1250189449e-01,9.0813496579e-01,9.0219434824e-01,8.9483279211e-01,8.8721503181e-01,8.7436879822e-01,8.5768999785e-01,8.4281211605e-01,8.2123168163e-01,7.9935845204e-01,7.7662846416e-01,7.5387905682e-01,7.3141787466e-01,7.1291365719e-01,6.9524762835e-01,6.7679790372e-01,6.4974217535e-01,6.0633337945e-01,5.2879239821e-01,4.0853778359e-01,2.4771730026e-01,7.7016633867e-02,3.6408364046e-03,4.7351123607e-05,0.0000000000e+00,0.0000000000e+00,0.0000000000e+00,0.0000000000e+00,0.0000000000e+00,0.0000000000e+00,0.0000000000e+00,0.0000000000e+00,0.0000000000e+00,0.0000000000e+00,0.0000000000e+00,0.0000000000e+00,0.0000000000e+00,0.0000000000e+00,0.0000000000e+00,0.0000000000e+00,0.0000000000e+00,0.0000000000e+00,0.0000000000e+00,0.0000000000e+00,0.0000000000e+00,0.0000000000e+00,0.0000000000e+00,0.0000000000e+00,0.0000000000e+00,0.0000000000e+00,0.0000000000e+00,0.0000000000e+00,0.0000000000e+00,0.0000000000e+00,0.0000000000e+00,0.0000000000e+00,0.0000000000e+00,0.0000000000e+00,0.0000000000e+00,0.0000000000e+00,0.0000000000e+00,0.0000000000e+00,0.0000000000e+00,0.0000000000e+00,0.0000000000e+00,0.0000000000e+00,0.0000000000e+00,0.0000000000e+00,0.0000000000e+00,0.0000000000e+00,0.0000000000e+00,0.0000000000e+00,0.0000000000e+00,0.0000000000e+00,0.0000000000e+00,0.0000000000e+00,0.0000000000e+00,0.0000000000e+00,0.0000000000e+00,0.0000000000e+00,0.0000000000e+00,0.0000000000e+00,0.0000000000e+00,0.0000000000e+00,0.0000000000e+00,0.0000000000e+00,0.0000000000e+00,0.0000000000e+00,0.0000000000e+00,0.0000000000e+00,0.0000000000e+00,0.0000000000e+00,0.0000000000e+00,0.0000000000e+00,0.0000000000e+00,0.0000000000e+00,0.0000000000e+00,0.0000000000e+00,0.0000000000e+00,0.0000000000e+00,0.0000000000e+00,0.0000000000e+00,0.0000000000e+00,0.0000000000e+00
1.0452754953e+01,8.9906460599e-01,8.9906460599e-01,8.9906460599e-01,8.9906460599e-01,8.9906460599e-01,8.9906460599e-01,8.9906460599e-01,8.9906460599e-01,8.9906460599e-01,8.9906460599e-01,8.9906460599e-01,8.9906460599e-01,8.9906460599e-01,8.9906460599e-01,8.9906460599e-01,8.9906460599e-01,8.9906460599e-01,8.9906460599e-01,8.9906460599e-01,8.9906460599e-01,8.9906460599e-01,8.9906460599e-01,8.9906460599e-01,8.9906460599e-01,8.9906460599e-01,8.9906460599e-01,8.9906460599e-01,8.9906460599e-01,8.9906460599e-01,8.9906460599e-01,8.9906460599e-01,8.9906460599e-01,8.9906460599e-01,8.9906460599e-01,8.9906460599e-01,8.9906460599e-01,8.9906460599e-01,8.9906460599e-01,8.9906460599e-01,8.9906460599e-01,8.9906460599e-01,8.9906460599e-01,8.9906460599e-01,8.9906460599e-01,8.9906460599e-01,8.9906460599e-01,8.9906460599e-01,8.9906460599e-01,8.9906460599e-01,8.9906460599e-01,8.9906460599e-01,8.9906460599e-01,8.9906460599e-01,8.9906460599e-01,8.9906460599e-01,8.9906460599e-01,8.9906460599e-01,8.9906513966e-01,8.9906576157e-01,8.9906644527e-01,8.9906719690e-01,8.9906802320e-01,8.9906893158e-01,8.9906993021e-01,8.9907102805e-01,8.9907223496e-01,8.9907356177e-01,8.9907502040e-01,8.9907571622e-01,8.9907464654e-01,8.9907347060e-01,8.9907217783e-01,8.9907075663e-01,8.9906919424e-01,8.9906453968e-01,8.9905925489e-01,8.9905344511e-01,8.9904537105e-01,8.9903379457e-01,8.9902106820e-01,8.9900181506e-01,8.9897873583e-01,8.9894967411e-01,8.9891539266e-01,8.9887972793e-01,8.9884183616e-01,8.9880226167e-01,8.9876555968e-01,8.9871499529e-01,8.9864029756e-01,8.9838742903e-01,8.9771435263e-01,8.9688470369e-01,8.9594126572e-01,8.9463662916e-01,8.9318010036e-01,8.9146966083e-01,8.8754019541e-01,8.8219485418e-01,8.7555938598e-01,8.6868157633e-01,8.5708082115e-01,8.4200378378e-01,8.2852120754e-01,8.0894717953e-01,7.8907314707e-01,7.6837852022e-01,7.4761938474e-01,7.2706546981e-01,7.1007266579e-01,6.9379095946e-01,6.7669165826e-01,6.5115843055e-01,6.0971334509e-01,5.3489799964e-01,4.1736113007e-01,2.5783179611e-01,8.3314270232e-02,4.4659629820e-03,7.0478799766e-05,0.0000000000e+00,0.0000000000e+00,0.0000000000e+00,0.0000000000e+00,0.0000000000e+00,0.0000000000e+00,0.0000000000e+00,0.0000000000e+00,0.0000000000e+00,0.0000000000e+00,0.0000000000e+00,0.0000000000e+00,0.0000000000e+00,0.0000000000e+00,0.0000000000e+00,0.0000000000e+00,0.0000000000e+00,0.0000000000e+00,0.0000000000e+00,0.0000000000e+00,0.0000000000e+00,0.0000000000e+00,0.0000000000e+00,0.0000000000e+00,0.0000000000e+00,0.0000000000e+00,0.0000000000e+00,0.0000000000e+00,0.0000000000e+00,0.0000000000e+00,0.0000000000e+00,0.0000000000e+00,0.0000000000e+00,0.0000000000e+00,0.0000000000e+00,0.0000000000e+00,0.0000000000e+00,0.0000000000e+00,0.0000000000e+00,0.0000000000e+00,0.0000000000e+00,0.0000000000e+00,0.0000000000e+00,0.0000000000e+00,0.0000000000e+00,0.0000000000e+00,0.0000000000e+00,0.0000000000e+00,0.0000000000e+00,0.0000000000e+00,0.0000000000e+00,0.0000000000e+00,0.0000000000e+00,0.0000000000e+00,0.0000000000e+00,0.0000000000e+00,0.0000000000e+00,0.0000000000e+00,0.0000000000e+00,0.0000000000e+00,0.0000000000e+00,0.0000000000e+00,0.0000000000e+00,0.0000000000e+00,0.0000000000e+00,0.0000000000e+00,0.0000000000e+00,0.0000000000e+00,0.0000000000e+00,0.0000000000e+00,0.0000000000e+00,0.0000000000e+00,0.0000000000e+00,0.0000000000e+00,0.0000000000e+00,0.0000000000e+00,0.0000000000e+00,0.0000000000e+00,0.0000000000e+00,0.0000000000e+00
1.0926008611e+01,8.7888062113e-01,8.7888062113e-01,8.7888062113e-01,8.7888062113e-01,8.7888062113e-01,8.7888062113e-01,8.7888062113e-01,8.7888062113e-01,8.7888062113e-01,8.7888062113e-01,8.7888062113e-01,8.7888062113e-01,8.7888062113e-01,8.7888062113e-01,8.7888062113e-01,8.7888062113e-01,8.7888062113e-01,8.7888062113e-01,8.7888062113e-01,8.7888062113e-01,8.7888062113e-01,8.7888062113e-01,8.7888062113e-01,8.7888062113e-01,8.7888062113e-01,8.7888062113e-01,8.7888062113e-01,8.7888062113e-01,8.7888062113e-01,8.7888062113e-01,8.7888062113e-01,8.7888062113e-01,8.7888062113e-01,8.7888062113e-01,8.7888062113e-01,8.7888062113e-01,8.7888062113e-01,8.7888062113e-01,8.7888062113e-01,8.7888062113e-01,8.7888062113e-01,8.7888062113e-01,8.7888062113e-01,8.7888062113e-01,8.7888062113e-01,8.7888062113e-01,8.7888062113e-01,8.7888062113e-01,8.7888062113e-01,8.7888062113e-01,8.7888062113e-01,8.7888062113e-01,8.7888062113e-01,8.7888062113e-01,8.7888062113e-01,8.7888062113e-01,8.7888062113e-01,8.7888109530e-01,8.7888164789e-01,8.7888225538e-01,8.7888292322e-01,8.7888365740e-01,8.7888446453e-01,8.7888535184e-01,8.7888632730e-01,8.7888739966e-01,8.7888857857e-01,8.7888987459e-01,8.7889048469e-01,8.7888950879e-01,8.7888843593e-01,8.7888725649e-01,8.7888595989e-01,8.7888453447e-01,8.7888032451e-01,8.7887554528e-01,8.7887029129e-01,8.7886299349e-01,8.7885253490e-01,8.7884103745e-01,8.7882364147e-01,8.7880278791e-01,8.7877652255e-01,8.7874553620e-01,8.7871322885e-01,8.7867885374e-01,8.7864287120e-01,8.7860930571e-01,8.7856315219e-01,8.7849513116e-01,8.7826713473e-01,8.7766209248e-01,8.7691612884e-01,8.7606737408e-01,8.7489233326e-01,8.7357975807e-01,8.7203756341e-01,8.6849865666e-01,8.6368476604e-01,8.5769931491e-01,8.5148567461e-01,8.4100340368e-01,8.2736723963e-01,8.1514501431e-01,7.9738624763e-01,7.7932632730e-01,7.6048512100e-01,7.4154195803e-01,7.2273158108e-01,7.0712384944e-01,6.9211273926e-01,6.7625270431e-01,6.5212728568e-01,6.1250459706e-01,5.4031555957e-01,4.2553030832e-01,2.6758660527e-01,8.9743810087e-02,5.4274419088e-03,1.0320084957e-04,0.0000000000e+00,0.0000000000e+00,0.0000000000e+00,0.0000000000e+00,0.0000000000e+00,0.0000000000e+00,0.0000000000e+00,0.0000000000e+00,0.0000000000e+00,0.0000000000e+00,0.0000000000e+00,0.0000000000e+00,0.0000000000e+00,0.0000000000e+00,0.0000000000e+00,0.0000000000e+00,0.0000000000e+00,0.0000000000e+00,0.0000000000e+00,0.0000000000e+00,0.0000000000e+00,0.0000000000e+00,0.0000000000e+00,0.0000000000e+00,0.0000000000e+00,0.0000000000e+00,0.0000000000e+00,0.0000000000e+00,0.0000000000e+00,0.0000000000e+00,0.0000000000e+00,0.0000000000e+00,0.0000000000e+00,0.0000000000e+00,0.0000000000e+00,0.0000000000e+00,0.0000000000e+00,0.0000000000e+00,0.0000000000e+00,0.0000000000e+00,0.0000000000e+00,0.0000000000e+00,0.0000000000e+00,0.0000000000e+00,0.0000000000e+00,0.0000000000e+00,0.0000000000e+00,0.0000000000e+00,0.0000000000e+00,0.0000000000e+00,0.0000000000e+00,0.0000000000e+00,0.0000000000e+00,0.0000000000e+00,0.0000000000e+00,0.0000000000e+00,0.0000000000e+00,0.0000000000e+00,0.0000000000e+00,0.0000000000e+00,0.0000000000e+00,0.0000000000e+00,0.0000000000e+00,0.0000000000e+00,0.0000000000e+00,0.0000000000e+00,0.0000000000e+00,0.0000000000e+00,0.0000000000e+00,0.0000000000e+00,0.0000000000e+00,0.0000000000e+00,0.0000000000e+00,0.0000000000e+00,0.0000000000e+00,0.0000000000e+00,0.0000000000e+00,0.0000000000e+00,0.0000000000e+00,0.0000000000e+00
1.1420689063e+01,8.6024932484e-01,8.6024932484e-01,8.6024932484e-01,8.6024932484e-01,8.6024932484e-01,8.6024932484e-01,8.6024932484e-01,8.6024932484e-01,8.6024932484e-01,8.6024932484e-01,8.6024932484e-01,8.6024932484e-01,8.6024932484e-01,8.6024932484e-01,8.6024932484e-01,8.6024932484e-01,8.6024932484e-01,8.6024932484e-01,8.6024932484e-01,8.6024932484e-01,8.6024932484e-01,8.6024932484e-01,8.6024932484e-01,8.6024932484e-01,8.6024932484e-01,8.6024932484e-01,8.6024932484e-01,8.6024932484e-01,8.6024932484e-01,8.6024932484e-01,8.6024932484e-01,8.6024932484e-01,8.6024932484e-01,8.6024932484e-01,8.6024932484e-01,8.6024932484e-01,8.6024932484e-01,8.6024932484e-01,8.6024932484e-01,8.6024932484e-01,8.6024932484e-01,8.6024932484e-01,8.6024932484e-01,8.6024932484e-01,8.6024932484e-01,8.6024932484e-01,8.6024932484e-01,8.6024932484e-01,8.6024932484e-01,8.6024932484e-01,8.6024932484e-01,8.6024932484e-01,8.6024932484e-01,8.6024932484e-01,8.6024932484e-01,8.6024932484e-01,8.6024932484e-01,8.6024974714e-01,8.6025023928e-01,8.6025078031e-01,8.6025137509e-01,8.6025202895e-01,8.6025274778e-01,8.6025353802e-01,8.6025440676e-01,8.6025536181e-01,8.6025641175e-01,8.6025756599e-01,8.6025810288e-01,8.6025721359e-01,8.6025623595e-01,8.6025516119e-01,8.6025397966e-01,8.6025268075e-01,8.6024887208e-01,8.6024454899e-01,8.6023979646e-01,8.6023319785e-01,8.6022374465e-01,8.6021335244e-01,8.6019762601e-01,8.6017877310e-01,8.6015502165e-01,8.6012699775e-01,8.6009771920e-01,8.6006652412e-01,8.6003380198e-01,8.6000311415e-01,8.5996099084e-01,8.5989904255e-01,8.5969330328e-01,8.5914887705e-01,8.5847749795e-01,8.5771319806e-01,8.5665396649e-01,8.5547013532e-01,8.5407852590e-01,8.5088867383e-01,8.4654975177e-01,8.4114673196e-01,8.3552967173e-01,8.2605250032e-01,8.1371318496e-01,8.0262970910e-01,7.8651349293e-01,7.7009961225e-01,7.5294557487e-01,7.3565818772e-01,7.1843949052e-01,7.0409813216e-01,6.9025001260e-01,6.7552284196e-01,6.5269437288e-01,6.1475626675e-01,5.4508528804e-01,4.3306214364e-01,2.7695973696e-01,9.6281954381e-02,6.5378528603e-03,1.4876434163e-04,0.0000000000e+00,0.0000000000e+00,0.0000000000e+00,0.0000000000e+00,0.0000000000e+00,0.0000000000e+00,0.0000000000e+00,0.0000000000e+00,0.0000000000e+00,0.0000000000e+00,0.0000000000e+00,0.0000000000e+00,0.0000000000e+00,0.0000000000e+00,0.0000000000e+00,0.0000000000e+00,0.0000000000e+00,0.0000000000e+00,0.0000000000e+00,0.0000000000e+00,0.0000000000e+00,0.0000000000e+00,0.0000000000e+00,0.0000000000e+00,0.0000000000e+00,0.0000000000e+00,0.0000000000e+00,0.0000000000e+00,0.0000000000e+00,0.0000000000e+00,0.0000000000e+00,0.0000000000e+00,0.0000000000e+00,0.0000000000e+00,0.0000000000e+00,0.0000000000e+00,0.0000000000e+00,0.0000000000e+00,0.0000000000e+00,0.0000000000e+00,0.0000000000e+00,0.0000000000e+00,0.0000000000e+00,0.0000000000e+00,0.0000000000e+00,0.0000000000e+00,0.0000000000e+00,0.0000000000e+00,0.0000000000e+00,0.0000000000e+00,0.0000000000e+00,0.0000000000e+00,0.0000000000e+00,0.0000000000e+00,0.0000000000e+00,0.0000000000e+00,0.0000000000e+00,0.0000000000e+00,0.0000000000e+00,0.0000000000e+00,0.0000000000e+00,0.0000000000e+00,0.0000000000e+00,0.0000000000e+00,0.0000000000e+00,0.0000000000e+00,0.0000000000e+00,0.0000000000e+00,0.0000000000e+00,0.0000000000e+00,0.0000000000e+00,0.0000000000e+00,0.0000000000e+00,0.0000000000e+00,0.0000000000e+00,0.0000000000e+00,0.0000000000e+00,0.0000000000e+00,0.0000000000e+00,0.0000000000e+00
1.1937766417e+01,8.4299433631e-01,8.4299433631e-01,8.4299433631e-01,8.4299433631e-01,8.4299433631e-01,8.4299433631e-01,8.4299433631e-01,8.4299433631e-01,8.4299433631e-01,8.4299433631e-01,8.4299433631e-01,8.4299433631e-01,8.4299433631e-01,8.4299433631e-01,8.4299433631e-01,8.4299433631e-01,8.4299433631e-01,8.4299433631e-01,8.4299433631e-01,8.4299433631e-01,8.4299433631e-01,8.4299433631e-01,8.4299433631e-01,8.4299433631e-01,8.4299433631e-01,8.4299433631e-01,8.4299433631e-01,8.4299433631e-01,8.4299433631e-01,8.4299433631e-01,8.4299433631e-01,8.4299433631e-01,8.4299433631e-01,8.4299433631e-01,8.4299433631e-01,8.4299433631e-01,8.4299433631e-01,8.4299433631e-01,8.4299433631e-01,8.4299433631e-01,8.4299433631e-01,8.4299433631e-01,8.4299433631e-01,8.4299433631e-01,8.4299433631e-01,8.4299433631e-01,8.4299433631e-01,8.4299433631e-01,8.4299433631e-01,8.4299433631e-01,8.4299433631e-01,8.4299433631e-01,8.4299433631e-01,8.4299433631e-01,8.4299433631e-01,8.4299433631e-01,8.4299433631e-01,8.4299433631e-01,8.4299448805e-01,8.4299483782e-01,8.4299522234e-01,8.4299564505e-01,8.4299610976e-01,8.4299662064e-01,8.4299718228e-01,8.4299779971e-01,8.4299847848e-01,8.4299922468e-01,8.4300004501e-01,8.4300094685e-01,8.4299982327e-01,8.4299824500e-01,8.4299650993e-01,8.4299460250e-01,8.4299250558e-01,8.4298893585e-01,8.4298353244e-01,8.4297759226e-01,8.4297106200e-01,8.4295916720e-01,8.4294566230e-01,8.4292931417e-01,8.4290701494e-01,8.4288250045e-01,8.4285554772e-01,8.4282686755e-01,8.4279693326e-01,8.4276847084e-01,8.4272977297e-01,8.4266668096e-01,8.4247610727e-01,8.4200404080e-01,8.4139936831e-01,8.4070607311e-01,8.3975700022e-01,8.3869009307e-01,8.3744879439e-01,8.3457011313e-01,8.3062293763e-01,8.2578571028e-01,8.2067489063e-01,8.1215612166e-01,8.0099593902e-01,7.9094472748e-01,7.7635032981e-01,7.6142527431e-01,7.4579469769e-01,7.3000578857e-01,7.1425176671e-01,7.0106098216e-01,6.8826856582e-01,6.7456349937e-01,6.5291166911e-01,6.1653678433e-01,5.4921170826e-01,4.3999006974e-01,2.8590840394e-01,1.0287387195e-01,7.8184234094e-03,1.9193142157e-04,2.1678153624e-06,0.0000000000e+00,0.0000000000e+00,0.0000000000e+00,0.0000000000e+00,0.0000000000e+00,0.0000000000e+00,0.0000000000e+00,0.0000000000e+00,0.0000000000e+00,0.0000000000e+00,0.0000000000e+00,0.0000000000e+00,0.0000000000e+00,0.0000000000e+00,0.0000000000e+00,0.0000000000e+00,0.0000000000e+00,0.0000000000e+00,0.0000000000e+00,0.0000000000e+00,0.0000000000e+00,0.0000000000e+00,0.0000000000e+00,0.0000000000e+00,0.0000000000e+00,0.0000000000e+00,0.0000000000e+00,0.0000000000e+00,0.0000000000e+00,0.0000000000e+00,0.0000000000e+00,0.0000000000e+00,0.0000000000e+00,0.0000000000e+00,0.0000000000e+00,0.0000000000e+00,0.0000000000e+00,0.0000000000e+00,0.0000000000e+00,0.0000000000e+00,0.0000000000e+00,0.0000000000e+00,0.0000000000e+00,0.0000000000e+00,0.0000000000e+00,0.0000000000e+00,0.0000000000e+00,0.0000000000e+00,0.0000000000e+00,0.0000000000e+00,0.0000000000e+00,0.0000000000e+00,0.0000000000e+00,0.0000000000e+00,0.0000000000e+00,0.0000000000e+00,0.0000000000e+00,0.0000000000e+00,0.0000000000e+00,0.0000000000e+00,0.0000000000e+00,0.0000000000e+00,0.0000000000e+00,0.0000000000e+00,0.0000000000e+00,0.0000000000e+00,0.0000000000e+00,0.0000000000e+00,0.0000000000e+00,0.0000000000e+00,0.0000000000e+00,0.0000000000e+00,0.0000000000e+00,0.0000000000e+00,0.0000000000e+00,0.0000000000e+00,0.0000000000e+00,0.0000000000e+00,0.0000000000e+00
1.2478254705e+01,8.2712130886e-01,8.2712130886e-01,8.2712130886e-01,8.2712130886e-01,8.2712130886e-01,8.2712130886e-01,8.2712130886e-01,8.2712130886e-01,8.2712130886e-01,8.2712130886e-01,8.2712130886e-01,8.2712130886e-01,8.2712130886e-01,8.2712130886e-01,8.2712130886e-01,8.2712130886e-01,8.2712130886e-01,8.2712130886e-01,8.2712130886e-01,8.2712130886e-01,8.2712130886e-01,8.2712130886e-01,8.2712130886e-01,8.2712130886e-01,8.2712130886e-01,8.2712130886e-01,8.2712130886e-01,8.2712130886e-01,8.2712130886e-01,8.2712130886e-01,8.2712130886e-01,8.2712130886e-01,8.2712130886e-01,8.2712130886e-01,8.2712130886e-01,8.2712130886e-01,8.2712130886e-01,8.2712130886e-01,8.2712130886e-01,8.2712130886e-01,8.2712130886e-01,8.2712130886e-01,8.2712130886e-01,8.2712130886e-01,8.2712130886e-01,8.2712130886e-01,8.2712130886e-01,8.2712130886e-01,8.2712130886e-01,8.2712130886e-01,8.2712130886e-01,8.2712130886e-01,8.2712130886e-01,8.2712130886e-01,8.2712130886e-01,8.2712130886e-01,8.2712130886e-01,8.2712130886e-01,8.2712144427e-01,8.2712175638e-01,8.2712209950e-01,8.2712247671e-01,8.2712289139e-01,8.2712334727e-01,8.2712384844e-01,8.2712439939e-01,8.2712500509e-01,8.2712567095e-01,8.2712640297e-01,8.2712720771e-01,8.2712618732e-01,8.2712475653e-01,8.2712318359e-01,8.2712145440e-01,8.2711955342e-01,8.2711632150e-01,8.2711143262e-01,8.2710605808e-01,8.2710014964e-01,8.2708938544e-01,8.2707716405e-01,8.2706236810e-01,8.2704218200e-01,8.2701998425e-01,8.2699554070e-01,8.2696950060e-01,8.2694226994e-01,8.2691626224e-01,8.2688094659e-01,8.2682355329e-01,8.2665133361e-01,8.2622572124e-01,8.2568050570e-01,8.2505506367e-01,8.2419814026e-01,8.2323437860e-01,8.2211253738e-01,8.1951362780e-01,8.1595001688e-01,8.1157757048e-01,8.0695186195e-01,7.9924093892e-01,7.8913181421e-01,7.8001049849e-01,7.6675811790e-01,7.5318801809e-01,7.3895353052e-01,7.2453646050e-01,7.1009949700e-01,6.9795943148e-01,6.8612958797e-01,6.7335507149e-01,6.5279101140e-01,6.1783650880e-01,5.5279495712e-01,4.4629952991e-01,2.9446465794e-01,1.0955955495e-01,9.2641744992e-03,2.6603572825e-04,3.6425393484e-06,0.0000000000e+00,0.0000000000e+00,0.0000000000e+00,0.0000000000e+00,0.0000000000e+00,0.0000000000e+00,0.0000000000e+00,0.0000000000e+00,0.0000000000e+00,0.0000000000e+00,0.0000000000e+00,0.0000000000e+00,0.0000000000e+00,0.0000000000e+00,0.0000000000e+00,0.0000000000e+00,0.0000000000e+00,0.0000000000e+00,0.0000000000e+00,0.0000000000e+00,0.0000000000e+00,0.0000000000e+00,0.0000000000e+00,0.0000000000e+00,0.0000000000e+00,0.0000000000e+00,0.0000000000e+00,0.0000000000e+00,0.0000000000e+00,0.0000000000e+00,0.0000000000e+00,0.0000000000e+00,0.0000000000e+00,0.0000000000e+00,0.0000000000e+00,0.0000000000e+00,0.0000000000e+00,0.0000000000e+00,0.0000000000e+00,0.0000000000e+00,0.0000000000e+00,0.0000000000e+00,0.0000000000e+00,0.0000000000e+00,0.0000000000e+00,0.0000000000e+00,0.0000000000e+00,0.0000000000e+00,0.0000000000e+00,0.0000000000e+00,0.0000000000e+00,0.0000000000e+00,0.0000000000e+00,0.0000000000e+00,0.0000000000e+00,0.0000000000e+00,0.0000000000e+00,0.0000000000e+00,0.0000000000e+00,0.0000000000e+00,0.0000000000e+00,0.0000000000e+00,0.0000000000e+00,0.0000000000e+00,0.0000000000e+00,0.0000000000e+00,0.0000000000e+00,0.0000000000e+00,0.0000000000e+00,0.0000000000e+00,0.0000000000e+00,0.0000000000e+00,0.0000000000e+00,0.0000000000e+00,0.0000000000e+00,0.0000000000e+00,0.0000000000e+00,0.0000000000e+00,0.0000000000e+00
1.3043213867e+01,8.1245142711e-01,8.1245142711e-01,8.1245142711e-01,8.1245142711e-01,8.1245142711e-01,8.1245142711e-01,8.1245142711e-01,8.1245142711e-01,8.1245142711e-01,8.1245142711e-01,8.1245142711e-01,8.1245142711e-01,8.1245142711e-01,8.1245142711e-01,8.1245142711e-01,8.1245142711e-01,8.1245142711e-01,8.1245142711e-01,8.1245142711e-01,8.1245142711e-01,8.1245142711e-01,8.1245142711e-01,8.1245142711e-01,8.1245142711e-01,8.1245142711e-01,8.1245142711e-01,8.1245142711e-01,8.1245142711e-01,8.1245142711e-01,8.1245142711e-01,8.1245142711e-01,8.1245142711e-01,8.1245142711e-01,8.1245142711e-01,8.1245142711e-01,8.1245142711e-01,8.1245142711e-01,8.1245142711e-01,8.1245142711e-01,8.1245142711e-01,8.1245142711e-01,8.1245142711e-01,8.1245142711e-01,8.1245142711e-01,8.1245142711e-01,8.1245142711e-01,8.1245142711e-01,8.1245142711e-01,8.1245142711e-01,8.1245142711e-01,8.1245142711e-01,8.1245142711e-01,8.1245142711e-01,8.1245142711e-01,8.1245142711e-01,8.1245142711e-01,8.1245142711e-01,8.1245142711e-01,8.1245154823e-01,8.1245182741e-01,8.1245213433e-01,8.1245247174e-01,8.1245284267e-01,8.1245325046e-01,8.1245369875e-01,8.1245419158e-01,8.1245473337e-01,8.1245532899e-01,8.1245598378e-01,8.1245670362e-01,8.1245577735e-01,8.1245448044e-01,8.1245305468e-01,8.1245148730e-01,8.1244976420e-01,8.1244683756e-01,8.1244241264e-01,8.1243754815e-01,8.1243220043e-01,8.1242245492e-01,8.1241138995e-01,8.1239799248e-01,8.1237971027e-01,8.1235960074e-01,8.1233742441e-01,8.1231377433e-01,8.1228899919e-01,8.1226523925e-01,8.1223301225e-01,8.1218079138e-01,8.1202504789e-01,8.1164098934e-01,8.1114896475e-01,8.1058427098e-01,8.0980996491e-01,8.0893874305e-01,8.0792415504e-01,8.0557607014e-01,8.0235635158e-01,7.9840143091e-01,7.9421242454e-01,7.8722892265e-01,7.7806737930e-01,7.6978699603e-01,7.5774966008e-01,7.4540889272e-01,7.3244385595e-01,7.1927452268e-01,7.0603422637e-01,6.9484734511e-01,6.8388936746e-01,6.7195303737e-01,6.5237882674e-01,6.1872272175e-01,5.5584315172e-01,4.5203411841e-01,3.0259932759e-01,1.1628697692e-01,1.0894093222e-02,3.6359367087e-04,5.9886802919e-06,0.0000000000e+00,0.0000000000e+00,0.0000000000e+00,0.0000000000e+00,0.0000000000e+00,0.0000000000e+00,0.0000000000e+00,0.0000000000e+00,0.0000000000e+00,0.0000000000e+00,0.0000000000e+00,0.0000000000e+00,0.0000000000e+00,0.0000000000e+00,0.0000000000e+00,0.0000000000e+00,0.0000000000e+00,0.0000000000e+00,0.0000000000e+00,0.0000000000e+00,0.0000000000e+00,0.0000000000e+00,0.0000000000e+00,0.0000000000e+00,0.0000000000e+00,0.0000000000e+00,0.0000000000e+00,0.0000000000e+00,0.0000000000e+00,0.0000000000e+00,0.0000000000e+00,0.0000000000e+00,0.0000000000e+00,0.0000000000e+00,0.0000000000e+00,0.0000000000e+00,0.0000000000e+00,0.0000000000e+00,0.0000000000e+00,0.0000000000e+00,0.0000000000e+00,0.0000000000e+00,0.0000000000e+00,0.0000000000e+00,0.0000000000e+00,0.0000000000e+00,0.0000000000e+00,0.0000000000e+00,0.0000000000e+00,0.0000000000e+00,0.0000000000e+00,0.0000000000e+00,0.0000000000e+00,0.0000000000e+00,0.0000000000e+00,0.0000000000e+00,0.0000000000e+00,0.0000000000e+00,0.0000000000e+00,0.0000000000e+00,0.0000000000e+00,0.0000000000e+00,0.0000000000e+00,0.0000000000e+00,0.0000000000e+00,0.0000000000e+00,0.0000000000e+00,0.0000000000e+00,0.0000000000e+00,0.0000000000e+00,0.0000000000e+00,0.0000000000e+00,0.0000000000e+00,0.0000000000e+00,0.0000000000e+00,0.0000000000e+00,0.0000000000e+00,0.0000000000e+00,0.0000000000e+00
1.3633751836e+01,7.9888529503e-01,7.9888529503e-01,7.9888529503e-01,7.9888529503e-01,7.9888529503e-01,7.9888529503e-01,7.9888529503e-01,7.9888529503e-01,7.9888529503e-01,7.9888529503e-01,7.9888529503e-01,7.9888529503e-01,7.9888529503e-01,7.9888529503e-01,7.9888529503e-01,7.9888529503e-01,7.9888529503e-01,7.9888529503e-01,7.9888529503e-01,7.9888529503e-01,7.9888529503e-01,7.9888529503e-01,7.9888529503e-01,7.9888529503e-01,7.9888529503e-01,7.9888529503e-01,7.9888529503e-01,7.9888529503e-01,7.9888529503e-01,7.9888529503e-01,7.9888529503e-01,7.9888529503e-01,7.9888529503e-01,7.9888529503e-01,7.9888529503e-01,7.9888529503e-01,7.9888529503e-01,7.9888529503e-01,7.9888529503e-01,7.9888529503e-01,7.9888529503e-01,7.9888529503e-01,7.9888529503e-01,7.9888529503e-01,7.9888529503e-01,7.9888529503e-01,7.9888529503e-01,7.9888529503e-01,7.9888529503e-01,7.9888529503e-01,7.9888529503e-01,7.9888529503e-01,7.9888529503e-01,7.9888529503e-01,7.9888529503e-01,7.9888529503e-01,7.9888529503e-01,7.9888529503e-01,7.9888540363e-01,7.9888565393e-01,7.9888592910e-01,7.9888623161e-01,7.9888656418e-01,7.9888692978e-01,7.9888733170e-01,7.9888777356e-01,7.9888825930e-01,7.9888879331e-01,7.9888938037e-01,7.9889002575e-01,7.9888918525e-01,7.9888800984e-01,7.9888671765e-01,7.9888529709e-01,7.9888373540e-01,7.9888108472e-01,7.9887707839e-01,7.9887267407e-01,7.9886783222e-01,7.9885900518e-01,7.9884898284e-01,7.9883684626e-01,7.9882028070e-01,7.9880205482e-01,7.9878192829e-01,7.9876044291e-01,7.9873789853e-01,7.9871619605e-01,7.9868678927e-01,7.9863926490e-01,7.9849832747e-01,7.9815148464e-01,7.9770710304e-01,7.9719686037e-01,7.9649670474e-01,7.9570859305e-01,7.9479039608e-01,7.9266741482e-01,7.8975633187e-01,7.8617681612e-01,7.8238122234e-01,7.7605317271e-01,7.6774642204e-01,7.6022678144e-01,7.4928981149e-01,7.3806445748e-01,7.2625340855e-01,7.1421812266e-01,7.0206339697e-01,6.9173864808e-01,6.8156724329e-01,6.7038168636e-01,6.5170403254e-01,6.1923087158e-01,5.5839118280e-01,4.5721750009e-01,3.1030730120e-01,1.2303569262e-01,1.2718356000e-02,4.9027734638e-04,9.6425751279e-06,0.0000000000e+00,0.0000000000e+00,0.0000000000e+00,0.0000000000e+00,0.0000000000e+00,0.0000000000e+00,0.0000000000e+00,0.0000000000e+00,0.0000000000e+00,0.0000000000e+00,0.0000000000e+00,0.0000000000e+00,0.0000000000e+00,0.0000000000e+00,0.0000000000e+00,0.0000000000e+00,0.0000000000e+00,0.0000000000e+00,0.0000000000e+00,0.0000000000e+00,0.0000000000e+00,0.0000000000e+00,0.0000000000e+00,0.0000000000e+00,0.0000000000e+00,0.0000000000e+00,0.0000000000e+00,0.0000000000e+00,0.0000000000e+00,0.0000000000e+00,0.0000000000e+00,0.0000000000e+00,0.0000000000e+00,0.0000000000e+00,0.0000000000e+00,0.0000000000e+00,0.0000000000e+00,0.0000000000e+00,0.0000000000e+00,0.0000000000e+00,0.0000000000e+00,0.0000000000e+00,0.0000000000e+00,0.0000000000e+00,0.0000000000e+00,0.0000000000e+00,0.0000000000e+00,0.0000000000e+00,0.0000000000e+00,0.0000000000e+00,0.0000000000e+00,0.0000000000e+00,0.0000000000e+00,0.0000000000e+00,0.0000000000e+00,0.0000000000e+00,0.0000000000e+00,0.0000000000e+00,0.0000000000e+00,0.0000000000e+00,0.0000000000e+00,0.0000000000e+00,0.0000000000e+00,0.0000000000e+00,0.0000000000e+00,0.0000000000e+00,0.0000000000e+00,0.0000000000e+00,0.0000000000e+00,0.0000000000e+00,0.0000000000e+00,0.0000000000e+00,0.0000000000e+00,0.0000000000e+00,0.0000000000e+00,0.0000000000e+00,0.0000000000e+00,0.0000000000e+00,0.0000000000e+00
1.4251026703e+01,7.8633107852e-01,7.8633107852e-01,7.8633107852e-01,7.8633107852e-01,7.8633107852e-01,7.8633107852e-01,7.8633107852e-01,7.8633107852e-01,7.8633107852e-01,7.8633107852e-01,7.8633107852e-01,7.8633107852e-01,7.8633107852e-01,7.8633107852e-01,7.8633107852e-01,7.8633107852e-01,7.8633107852e-01,7.8633107852e-01,7.8633107852e-01,7.8633107852e-01,7.8633107852e-01,7.8633107852e-01,7.8633107852e-01,7.8633107852e-01,7.8633107852e-01,7.8633107852e-01,7.8633107852e-01,7.8633107852e-01,7.8633107852e-01,7.8633107852e-01,7.8633107852e-01,7.8633107852e-01,7.8633107852e-01,7.8633107852e-01,7.8633107852e-01,7.8633107852e-01,7.8633107852e-01,7.8633107852e-01,7.8633107852e-01,7.8633107852e-01,7.8633107852e-01,7.8633107852e-01,7.8633107852e-01,7.8633107852e-01,7.8633107852e-01,7.8633107852e-01,7.8633107852e-01,7.8633107852e-01,7.8633107852e-01,7.8633107852e-01,7.8633107852e-01,7.8633107852e-01,7.8633107852e-01,7.8633107852e-01,7.8633107852e-01,7.8633107852e-01,7.8633107852e-01,7.8633107852e-01,7.8633117610e-01,7.8633140100e-01,7.8633164825e-01,7.8633192007e-01,7.8633221888e-01,7.8633254738e-01,7.8633290852e-01,7.8633330554e-01,7.8633374200e-01,7.8633422181e-01,7.8633474930e-01,7.8633532919e-01,7.8633456680e-01,7.8633350160e-01,7.8633233058e-01,7.8633104322e-01,7.8632962797e-01,7.8632722679e-01,7.8632359829e-01,7.8631960934e-01,7.8631522412e-01,7.8630722576e-01,7.8629814409e-01,7.8628714515e-01,7.8627212853e-01,7.8625560295e-01,7.8623733075e-01,7.8621780690e-01,7.8619728964e-01,7.8617746980e-01,7.8615063791e-01,7.8610737947e-01,7.8597976077e-01,7.8566628787e-01,7.8526463025e-01,7.8480324983e-01,7.8416971474e-01,7.8345631939e-01,7.8262483485e-01,7.8070407685e-01,7.7807026180e-01,7.7482857079e-01,7.7138764778e-01,7.6565060227e-01,7.5811538843e-01,7.5128418369e-01,7.4134398469e-01,7.3113073678e-01,7.2036841569e-01,7.0936307245e-01,6.9819149788e-01,6.8864398215e-01,6.7917904171e-01,6.6866174279e-01,6.5079200901e-01,6.1939311688e-01,5.6047215553e-01,4.6187396045e-01,3.1758699675e-01,1.2978647638e-01,1.4746107868e-02,6.5264035424e-04,1.5218539877e-05,0.0000000000e+00,0.0000000000e+00,0.0000000000e+00,0.0000000000e+00,0.0000000000e+00,0.0000000000e+00,0.0000000000e+00,0.0000000000e+00,0.0000000000e+00,0.0000000000e+00,0.0000000000e+00,0.0000000000e+00,0.0000000000e+00,0.0000000000e+00,0.0000000000e+00,0.0000000000e+00,0.0000000000e+00,0.0000000000e+00,0.0000000000e+00,0.0000000000e+00,0.0000000000e+00,0.0000000000e+00,0.0000000000e+00,0.0000000000e+00,0.0000000000e+00,0.0000000000e+00,0.0000000000e+00,0.0000000000e+00,0.0000000000e+00,0.0000000000e+00,0.0000000000e+00,0.0000000000e+00,0.0000000000e+00,0.0000000000e+00,0.0000000000e+00,0.0000000000e+00,0.0000000000e+00,0.0000000000e+00,0.0000000000e+00,0.0000000000e+00,0.0000000000e+00,0.0000000000e+00,0.0000000000e+00,0.0000000000e+00,0.0000000000e+00,0.0000000000e+00,0.0000000000e+00,0.0000000000e+00,0.0000000000e+00,0.0000000000e+00,0.0000000000e+00,0.0000000000e+00,0.0000000000e+00,0.0000000000e+00,0.0000000000e+00,0.0000000000e+00,0.0000000000e+00,0.0000000000e+00,0.0000000000e+00,0.0000000000e+00,0.0000000000e+00,0.0000000000e+00,0.0000000000e+00,0.0000000000e+00,0.0000000000e+00,0.0000000000e+00,0.0000000000e+00,0.0000000000e+00,0.0000000000e+00,0.0000000000e+00,0.0000000000e+00,0.0000000000e+00,0.0000000000e+00,0.0000000000e+00,0.0000000000e+00,0.0000000000e+00,0.0000000000e+00,0.0000000000e+00,0.0000000000e+00
1.4896248996e+01,7.7470386835e-01,7.7470386835e-01,7.7470386835e-01,7.7470386835e-01,7.7470386835e-01,7.7470386835e-01,7.7470386835e-01,7.7470386835e-01,7.7470386835e-01,7.7470386835e-01,7.7470386835e-01,7.7470386835e-01,7.7470386835e-01,7.7470386835e-01,7.7470386835e-01,7.7470386835e-01,7.7470386835e-01,7.7470386835e-01,7.7470386835e-01,7.7470386835e-01,7.7470386835e-01,7.7470386835e-01,7.7470386835e-01,7.7470386835e-01,7.7470386835e-01,7.7470386835e-01,7.7470386835e-01,7.7470386835e-01,7.7470386835e-01,7.7470386835e-01,7.7470386835e-01,7.7470386835e-01,7.7470386835e-01,7.7470386835e-01,7.7470386835e-01,7.7470386835e-01,7.7470386835e-01,7.7470386835e-01,7.7470386835e-01,7.7470386835e-01,7.7470386835e-01,7.7470386835e-01,7.7470386835e-01,7.7470386835e-01,7.7470386835e-01,7.7470386835e-01,7.7470386835e-01,7.7470386835e-01,7.7470386835e-01,7.7470386835e-01,7.7470386835e-01,7.7470386835e-01,7.7470386835e-01,7.7470386835e-01,7.7470386835e-01,7.7470386835e-01,7.7470386835e-01,7.7470386835e-01,7.7470395620e-01,7.7470415870e-01,7.7470438132e-01,7.7470462606e-01,7.7470489511e-01,7.7470519089e-01,7.7470551606e-01,7.7470587352e-01,7.7470626651e-01,7.7470669853e-01,7.7470717347e-01,7.7470769560e-01,7.7470700428e-01,7.7470603904e-01,7.7470497791e-01,7.7470381137e-01,7.7470252893e-01,7.7470035340e-01,7.7469706613e-01,7.7469345229e-01,7.7468947946e-01,7.7468222923e-01,7.7467399680e-01,7.7466402497e-01,7.7465040697e-01,7.7463541724e-01,7.7461882347e-01,7.7460107786e-01,7.7458240314e-01,7.7456430550e-01,7.7453982437e-01,7.7450044214e-01,7.7438481600e-01,7.7410129889e-01,7.7373799773e-01,7.7332051265e-01,7.7274689332e-01,7.7210073365e-01,7.7134732766e-01,7.6960841605e-01,7.6722392932e-01,7.6428650073e-01,7.6116554793e-01,7.5596174877e-01,7.4912331852e-01,7.4291532099e-01,7.3387828122e-01,7.2458343970e-01,7.1477388204e-01,7.0470317544e-01,6.9442040991e-01,6.8557105103e-01,6.7673741242e-01,6.6681066830e-01,6.4966486651e-01,6.1923845447e-01,5.6211730523e-01,4.6602807789e-01,3.2444003397e-01,1.3652144719e-01,1.6985327872e-02,8.5814457822e-04,2.3563786589e-05,0.0000000000e+00,0.0000000000e+00,0.0000000000e+00,0.0000000000e+00,0.0000000000e+00,0.0000000000e+00,0.0000000000e+00,0.0000000000e+00,0.0000000000e+00,0.0000000000e+00,0.0000000000e+00,0.0000000000e+00,0.0000000000e+00,0.0000000000e+00,0.0000000000e+00,0.0000000000e+00,0.0000000000e+00,0.0000000000e+00,0.0000000000e+00,0.0000000000e+00,0.0000000000e+00,0.0000000000e+00,0.0000000000e+00,0.0000000000e+00,0.0000000000e+00,0.0000000000e+00,0.0000000000e+00,0.0000000000e+00,0.0000000000e+00,0.0000000000e+00,0.0000000000e+00,0.0000000000e+00,0.0000000000e+00,0.0000000000e+00,0.0000000000e+00,0.0000000000e+00,0.0000000000e+00,0.0000000000e+00,0.0000000000e+00,0.0000000000e+00,0.0000000000e+00,0.0000000000e+00,0.0000000000e+00,0.0000000000e+00,0.0000000000e+00,0.0000000000e+00,0.0000000000e+00,0.0000000000e+00,0.0000000000e+00,0.0000000000e+00,0.0000000000e+00,0.0000000000e+00,0.0000000000e+00,0.0000000000e+00,0.0000000000e+00,0.0000000000e+00,0.0000000000e+00,0.0000000000e+00,0.0000000000e+00,0.0000000000e+00,0.0000000000e+00,0.0000000000e+00,0.0000000000e+00,0.0000000000e+00,0.0000000000e+00,0.0000000000e+00,0.0000000000e+00,0.0000000000e+00,0.0000000000e+00,0.0000000000e+00,0.0000000000e+00,0.0000000000e+00,0.0000000000e+00,0.0000000000e+00,0.0000000000e+00,0.0000000000e+00,0.0000000000e+00,0.0000000000e+00,0.0000000000e+00
1.5570684048e+01,7.6392508499e-01,7.6392508499e-01,7.6392508499e-01,7.6392508499e-01,7.6392508499e-01,7.6392508499e-01,7.6392508499e-01,7.6392508499e-01,7.6392508499e-01,7.6392508499e-01,7.6392508499e-01,7.6392508499e-01,7.6392508499e-01,7.6392508499e-01,7.6392508499e-01,7.6392508499e-01,7.6392508499e-01,7.6392508499e-01,7.6392508499e-01,7.6392508499e-01,7.6392508499e-01,7.6392508499e-01,7.6392508499e-01,7.6392508499e-01,7.6392508499e-01,7.6392508499e-01,7.6392508499e-01,7.6392508499e-01,7.6392508499e-01,7.6392508499e-01,7.6392508499e-01,7.6392508499e-01,7.6392508499e-01,7.6392508499e-01,7.6392508499e-01,7.6392508499e-01,7.6392508499e-01,7.6392508499e-01,7.6392508499e-01,7.6392508499e-01,7.6392508499e-01,7.6392508499e-01,7.6392508499e-01,7.6392508499e-01,7.6392508499e-01,7.6392508499e-01,7.6392508499e-01,7.6392508499e-01,7.6392508499e-01,7.6392508499e-01,7.6392508499e-01,7.6392508499e-01,7.6392508499e-01,7.6392508499e-01,7.6392508499e-01,7.6392508499e-01,7.6392508499e-01,7.6392508499e-01,7.6392516424e-01,7.6392534693e-01,7.6392554777e-01,7.6392576856e-01,7.6392601128e-01,7.6392627812e-01,7.6392657146e-01,7.6392689395e-01,7.6392724848e-01,7.6392763823e-01,7.6392806669e-01,7.6392853773e-01,7.6392791105e-01,7.6392703646e-01,7.6392607499e-01,7.6392501800e-01,7.6392385600e-01,7.6392188460e-01,7.6391890564e-01,7.6391563074e-01,7.6391203051e-01,7.6390545613e-01,7.6389799087e-01,7.6388894698e-01,7.6387659270e-01,7.6386299120e-01,7.6384791746e-01,7.6383178462e-01,7.6381478510e-01,7.6379826251e-01,7.6377592741e-01,7.6374006849e-01,7.6363525096e-01,7.6337865447e-01,7.6304982658e-01,7.6267181667e-01,7.6215213568e-01,7.6156653692e-01,7.6088349871e-01,7.5930826509e-01,7.5714819152e-01,7.5448502064e-01,7.5165293010e-01,7.4693057299e-01,7.4072175743e-01,7.3507809082e-01,7.2685958370e-01,7.1839813591e-01,7.0945383065e-01,7.0023051348e-01,6.9074971572e-01,6.8252493647e-01,6.7425214343e-01,6.6484295182e-01,6.4834171232e-01,6.1879287787e-01,5.6335595946e-01,4.6970445031e-01,3.3087089737e-01,1.4322415692e-01,1.9442715581e-02,1.1151662027e-03,3.5823919085e-05,0.0000000000e+00,0.0000000000e+00,0.0000000000e+00,0.0000000000e+00,0.0000000000e+00,0.0000000000e+00,0.0000000000e+00,0.0000000000e+00,0.0000000000e+00,0.0000000000e+00,0.0000000000e+00,0.0000000000e+00,0.0000000000e+00,0.0000000000e+00,0.0000000000e+00,0.0000000000e+00,0.0000000000e+00,0.0000000000e+00,0.0000000000e+00,0.0000000000e+00,0.0000000000e+00,0.0000000000e+00,0.0000000000e+00,0.0000000000e+00,0.0000000000e+00,0.0000000000e+00,0.0000000000e+00,0.0000000000e+00,0.0000000000e+00,0.0000000000e+00,0.0000000000e+00,0.0000000000e+00,0.0000000000e+00,0.0000000000e+00,0.0000000000e+00,0.0000000000e+00,0.0000000000e+00,0.0000000000e+00,0.0000000000e+00,0.0000000000e+00,0.0000000000e+00,0.0000000000e+00,0.0000000000e+00,0.0000000000e+00,0.0000000000e+00,0.0000000000e+00,0.0000000000e+00,0.0000000000e+00,0.0000000000e+00,0.0000000000e+00,0.0000000000e+00,0.0000000000e+00,0.0000000000e+00,0.0000000000e+00,0.0000000000e+00,0.0000000000e+00,0.0000000000e+00,0.0000000000e+00,0.0000000000e+00,0.0000000000e+00,0.0000000000e+00,0.0000000000e+00,0.0000000000e+00,0.0000000000e+00,0.0000000000e+00,0.0000000000e+00,0.0000000000e+00,0.0000000000e+00,0.0000000000e+00,0.0000000000e+00,0.0000000000e+00,0.0000000000e+00,0.0000000000e+00,0.0000000000e+00,0.0000000000e+00,0.0000000000e+00,0.0000000000e+00,0.0000000000e+00,0.0000000000e+00
1.6275654480e+01,7.5392192630e-01,7.5392192630e-01,7.5392192630e-01,7.5392192630e-01,7.5392192630e-01,7.5392192630e-01,7.5392192630e-01,7.5392192630e-01,7.5392192630e-01,7.5392192630e-01,7.5392192630e-01,7.5392192630e-01,7.5392192630e-01,7.5392192630e-01,7.5392192630e-01,7.5392192630e-01,7.5392192630e-01,7.5392192630e-01,7.5392192630e-01,7.5392192630e-01,7.5392192630e-01,7.5392192630e-01,7.5392192630e-01,7.5392192630e-01,7.5392192630e-01,7.5392192630e-01,7.5392192630e-01,7.5392192630e-01,7.5392192630e-01,7.5392192630e-01,7.5392192630e-01,7.5392192630e-01,7.5392192630e-01,7.5392192630e-01,7.5392192630e-01,7.5392192630e-01,7.5392192630e-01,7.5392192630e-01,7.5392192630e-01,7.5392192630e-01,7.5392192630e-01,7.5392192630e-01,7.5392192630e-01,7.5392192630e-01,7.5392192630e-01,7.5392192630e-01,7.5392192630e-01,7.5392192630e-01,7.5392192630e-01,7.5392192630e-01,7.5392192630e-01,7.5392192630e-01,7.5392192630e-01,7.5392192630e-01,7.5392192630e-01,7.5392192630e-01,7.5392192630e-01,7.5392192630e-01,7.5392199793e-01,7.5392216304e-01,7.5392234456e-01,7.5392254411e-01,7.5392276348e-01,7.5392300465e-01,7.5392326978e-01,7.5392356125e-01,7.5392388167e-01,7.5392423392e-01,7.5392462117e-01,7.5392504690e-01,7.5392447897e-01,7.5392368657e-01,7.5392281546e-01,7.5392185780e-01,7.5392080501e-01,7.5391901833e-01,7.5391631807e-01,7.5391334956e-01,7.5391008616e-01,7.5390412269e-01,7.5389735091e-01,7.5388914585e-01,7.5387793416e-01,7.5386558823e-01,7.5385189178e-01,7.5383722227e-01,7.5382174619e-01,7.5380666377e-01,7.5378628775e-01,7.5375363243e-01,7.5365856519e-01,7.5342618739e-01,7.5312837542e-01,7.5278590182e-01,7.5231482369e-01,7.5178382306e-01,7.5116425829e-01,7.4973648434e-01,7.4777857951e-01,7.4536281376e-01,7.4279167284e-01,7.3850425325e-01,7.3286465004e-01,7.2773213678e-01,7.2025561701e-01,7.1255039600e-01,7.0439150784e-01,6.9593569978e-01,6.8717697940e-01,6.7950838789e-01,6.7173045569e-01,6.6277038668e-01,6.4683891284e-01,6.1807955789e-01,5.6421553772e-01,4.7292746986e-01,3.3688659596e-01,1.4987964254e-01,2.2123599640e-02,1.4329787738e-03,5.3519187474e-05,0.0000000000e+00,0.0000000000e+00,0.0000000000e+00,0.0000000000e+00,0.0000000000e+00,0.0000000000e+00,0.0000000000e+00,0.0000000000e+00,0.0000000000e+00,0.0000000000e+00,0.0000000000e+00,0.0000000000e+00,0.0000000000e+00,0.0000000000e+00,0.0000000000e+00,0.0000000000e+00,0.0000000000e+00,0.0000000000e+00,0.0000000000e+00,0.0000000000e+00,0.0000000000e+00,0.0000000000e+00,0.0000000000e+00,0.0000000000e+00,0.0000000000e+00,0.0000000000e+00,0.0000000000e+00,0.0000000000e+00,0.0000000000e+00,0.0000000000e+00,0.0000000000e+00,0.0000000000e+00,0.0000000000e+00,0.0000000000e+00,0.0000000000e+00,0.0000000000e+00,0.0000000000e+00,0.0000000000e+00,0.0000000000e+00,0.0000000000e+00,0.0000000000e+00,0.0000000000e+00,0.0000000000e+00,0.0000000000e+00,0.0000000000e+00,0.0000000000e+00,0.0000000000e+00,0.0000000000e+00,0.0000000000e+00,0.0000000000e+00,0.0000000000e+00,0.0000000000e+00,0.0000000000e+00,0.0000000000e+00,0.0000000000e+00,0.0000000000e+00,0.0000000000e+00,0.0000000000e+00,0.0000000000e+00,0.0000000000e+00,0.0000000000e+00,0.0000000000e+00,0.0000000000e+00,0.0000000000e+00,0.0000000000e+00,0.0000000000e+00,0.0000000000e+00,0.0000000000e+00,0.0000000000e+00,0.0000000000e+00,0.0000000000e+00,0.0000000000e+00,0.0000000000e+00,0.0000000000e+00,0.0000000000e+00,0.0000000000e+00,0.0000000000e+00,0.0000000000e+00,0.0000000000e+00
1.7012542799e+01,7.4462685827e-01,7.4462685827e-01,7.4462685827e-01,7.4462685827e-01,7.4462685827e-01,7.4462685827e-01,7.4462685827e-01,7.4462685827e-01,7.4462685827e-01,7.4462685827e-01,7.4462685827e-01,7.4462685827e-01,7.4462685827e-01,7.4462685827e-01,7.4462685827e-01,7.4462685827e-01,7.4462685827e-01,7.4462685827e-01,7.4462685827e-01,7.4462685827e-01,7.4462685827e-01,7.4462685827e-01,7.4462685827e-01,7.4462685827e-01,7.4462685827e-01,7.4462685827e-01,7.4462685827e-01,7.4462685827e-01,7.4462685827e-01,7.4462685827e-01,7.4462685827e-01,7.4462685827e-01,7.4462685827e-01,7.4462685827e-01,7.4462685827e-01,7.4462685827e-01,7.4462685827e-01,7.4462685827e-01,7.4462685827e-01,7.4462685827e-01,7.4462685827e-01,7.4462685827e-01,7.4462685827e-01,7.4462685827e-01,7.4462685827e-01,7.4462685827e-01,7.4462685827e-01,7.4462685827e-01,7.4462685827e-01,7.4462685827e-01,7.4462685827e-01,7.4462685827e-01,7.4462685827e-01,7.4462685827e-01,7.4462685827e-01,7.4462685827e-01,7.4462685827e-01,7.4462685827e-01,7.4462692313e-01,7.4462707261e-01,7.4462723695e-01,7.4462741761e-01,7.4462761622e-01,7.4462783456e-01,7.4462807460e-01,7.4462833848e-01,7.4462862857e-01,7.4462894749e-01,7.4462929809e-01,7.4462968351e-01,7.4462916896e-01,7.4462845109e-01,7.4462766189e-01,7.4462679430e-01,7.4462584052e-01,7.4462422104e-01,7.4462177283e-01,7.4461908142e-01,7.4461612264e-01,7.4461071171e-01,7.4460456712e-01,7.4459712083e-01,7.4458694284e-01,7.4457573318e-01,7.4456328530e-01,7.4454994404e-01,7.4453585371e-01,7.4452208788e-01,7.4450350021e-01,7.4447375871e-01,7.4438749465e-01,7.4417692691e-01,7.4390704851e-01,7.4359659661e-01,7.4316935307e-01,7.4268761750e-01,7.4212535470e-01,7.4083054581e-01,7.3905492582e-01,7.3686250756e-01,7.3452724690e-01,7.3063298024e-01,7.2550822568e-01,7.2083879915e-01,7.1403498576e-01,7.0701590333e-01,6.9956955783e-01,6.9180810272e-01,6.8369799960e-01,6.7652208824e-01,6.6917727832e-01,6.6060233470e-01,6.4517034865e-01,6.1711903860e-01,5.6472158112e-01,4.7572113966e-01,3.4249632453e-01,1.5647444400e-01,2.5031868573e-02,1.8217119360e-03,7.8631186733e-05,0.0000000000e+00,0.0000000000e+00,0.0000000000e+00,0.0000000000e+00,0.0000000000e+00,0.0000000000e+00,0.0000000000e+00,0.0000000000e+00,0.0000000000e+00,0.0000000000e+00,0.0000000000e+00,0.0000000000e+00,0.0000000000e+00,0.0000000000e+00,0.0000000000e+00,0.0000000000e+00,0.0000000000e+00,0.0000000000e+00,0.0000000000e+00,0.0000000000e+00,0.0000000000e+00,0.0000000000e+00,0.0000000000e+00,0.0000000000e+00,0.0000000000e+00,0.0000000000e+00,0.0000000000e+00,0.0000000000e+00,0.0000000000e+00,0.0000000000e+00,0.0000000000e+00,0.0000000000e+00,0.0000000000e+00,0.0000000000e+00,0.0000000000e+00,0.0000000000e+00,0.0000000000e+00,0.0000000000e+00,0.0000000000e+00,0.0000000000e+00,0.0000000000e+00,0.0000000000e+00,0.0000000000e+00,0.0000000000e+00,0.0000000000e+00,0.0000000000e+00,0.0000000000e+00,0.0000000000e+00,0.0000000000e+00,0.0000000000e+00,0.0000000000e+00,0.0000000000e+00,0.0000000000e+00,0.0000000000e+00,0.0000000000e+00,0.0000000000e+00,0.0000000000e+00,0.0000000000e+00,0.0000000000e+00,0.0000000000e+00,0.0000000000e+00,0.0000000000e+00,0.0000000000e+00,0.0000000000e+00,0.0000000000e+00,0.0000000000e+00,0.0000000000e+00,0.0000000000e+00,0.0000000000e+00,0.0000000000e+00,0.0000000000e+00,0.0000000000e+00,0.0000000000e+00,0.0000000000e+00,0.0000000000e+00,0.0000000000e+00,0.0000000000e+00,0.0000000000e+00,0.0000000000e+00
1.7782794100e+01,7.3597714260e-01,7.3597714260e-01,7.3597714260e-01,7.3597714260e-01,7.3597714260e-01,7.3597714260e-01,7.3597714260e-01,7.3597714260e-01,7.3597714260e-01,7.3597714260e-01,7.3597714260e-01,7.3597714260e-01,7.3597714260e-01,7.3597714260e-01,7.3597714260e-01,7.3597714260e-01,7.3597714260e-01,7.3597714260e-01,7.3597714260e-01,7.3597714260e-01,7.3597714260e-01,7.3597714260e-01,7.3597714260e-01,7.3597714260e-01,7.3597714260e-01,7.3597714260e-01,7.3597714260e-01,7.3597714260e-01,7.3597714260e-01,7.3597714260e-01,7.3597714260e-01,7.3597714260e-01,7.3597714260e-01,7.3597714260e-01,7.3597714260e-01,7.3597714260e-01,7.3597714260e-01,7.3597714260e-01,7.3597714260e-01,7.3597714260e-01,7.3597714260e-01,7.3597714260e-01,7.3597714260e-01,7.3597714260e-01,7.3597714260e-01,7.3597714260e-01,7.3597714260e-01,7.3597714260e-01,7.3597714260e-01,7.3597714260e-01,7.3597714260e-01,7.3597714260e-01,7.3597714260e-01,7.3597714260e-01,7.3597714260e-01,7.3597714260e-01,7.3597714260e-01,7.3597714260e-01,7.3597720141e-01,7.3597733696e-01,7.3597748598e-01,7.3597764981e-01,7.3597782991e-01,7.3597802790e-01,7.3597824557e-01,7.3597848485e-01,7.3597874791e-01,7.3597903711e-01,7.3597935503e-01,7.3597970454e-01,7.3597923846e-01,7.3597858815e-01,7.3597787323e-01,7.3597708730e-01,7.3597622328e-01,7.3597475518e-01,7.3597253504e-01,7.3597009435e-01,7.3596741120e-01,7.3596250029e-01,7.3595692330e-01,7.3595016373e-01,7.3594092149e-01,7.3593074074e-01,7.3591942526e-01,7.3590729012e-01,7.3589446061e-01,7.3588189820e-01,7.3586494305e-01,7.3583785259e-01,7.3575954312e-01,7.3556863552e-01,7.3532393902e-01,7.3504236871e-01,7.3465469336e-01,7.3421744742e-01,7.3370695587e-01,7.3253214267e-01,7.3092101214e-01,7.2893036378e-01,7.2680844558e-01,7.2326975320e-01,7.1861087480e-01,7.1436105168e-01,7.0816719112e-01,7.0177054050e-01,6.9497017027e-01,6.8783604303e-01,6.8030703823e-01,6.7356489794e-01,6.6659550581e-01,6.5834597806e-01,6.4334766151e-01,6.1592944402e-01,5.6489780761e-01,4.7810892876e-01,3.4771113292e-01,1.6299659120e-01,2.8169923584e-02,2.2922853549e-03,1.1369906391e-04,0.0000000000e+00,0.0000000000e+00,0.0000000000e+00,0.0000000000e+00,0.0000000000e+00,0.0000000000e+00,0.0000000000e+00,0.0000000000e+00,0.0000000000e+00,0.0000000000e+00,0.0000000000e+00,0.0000000000e+00,0.0000000000e+00,0.0000000000e+00,0.0000000000e+00,0.0000000000e+00,0.0000000000e+00,0.0000000000e+00,0.0000000000e+00,0.0000000000e+00,0.0000000000e+00,0.0000000000e+00,0.0000000000e+00,0.0000000000e+00,0.0000000000e+00,0.0000000000e+00,0.0000000000e+00,0.0000000000e+00,0.0000000000e+00,0.0000000000e+00,0.0000000000e+00,0.0000000000e+00,0.0000000000e+00,0.0000000000e+00,0.0000000000e+00,0.0000000000e+00,0.0000000000e+00,0.0000000000e+00,0.0000000000e+00,0.0000000000e+00,0.0000000000e+00,0.0000000000e+00,0.0000000000e+00,0.0000000000e+00,0.0000000000e+00,0.0000000000e+00,0.0000000000e+00,0.0000000000e+00,0.0000000000e+00,0.0000000000e+00,0.0000000000e+00,0.0000000000e+00,0.0000000000e+00,0.0000000000e+00,0.0000000000e+00,0.0000000000e+00,0.0000000000e+00,0.0000000000e+00,0.0000000000e+00,0.0000000000e+00,0.0000000000e+00,0.0000000000e+00,0.0000000000e+00,0.0000000000e+00,0.0000000000e+00,0.0000000000e+00,0.0000000000e+00,0.0000000000e+00,0.0000000000e+00,0.0000000000e+00,0.0000000000e+00,0.0000000000e+00,0.0000000000e+00,0.0000000000e+00,0.0000000000e+00,0.0000000000e+00,0.0000000000e+00,0.0000000000e+00,0.0000000000e+00
1.8587918911e+01,7.2791441038e-01,7.2791441038e-01,7.2791441038e-01,7.2791441038e-01,7.2791441038e-01,7.2791441038e-01,7.2791441038e-01,7.2791441038e-01,7.2791441038e-01,7.2791441038e-01,7.2791441038e-01,7.2791441038e-01,7.2791441038e-01,7.2791441038e-01,7.2791441038e-01,7.2791441038e-01,7.2791441038e-01,7.2791441038e-01,7.2791441038e-01,7.2791441038e-01,7.2791441038e-01,7.2791441038e-01,7.2791441038e-01,7.2791441038e-01,7.2791441038e-01,7.2791441038e-01,7.2791441038e-01,7.2791441038e-01,7.2791441038e-01,7.2791441038e-01,7.2791441038e-01,7.2791441038e-01,7.2791441038e-01,7.2791441038e-01,7.2791441038e-01,7.2791441038e-01,7.2791441038e-01,7.2791441038e-01,7.2791441038e-01,7.2791441038e-01,7.2791441038e-01,7.2791441038e-01,7.2791441038e-01,7.2791441038e-01,7.2791441038e-01,7.2791441038e-01,7.2791441038e-01,7.2791441038e-01,7.2791441038e-01,7.2791441038e-01,7.2791441038e-01,7.2791441038e-01,7.2791441038e-01,7.2791441038e-01,7.2791441038e-01,7.2791441038e-01,7.2791441038e-01,7.2791441038e-01,7.2791446379e-01,7.2791458689e-01,7.2791472223e-01,7.2791487101e-01,7.2791503457e-01,7.2791521438e-01,7.2791541205e-01,7.2791562936e-01,7.2791586826e-01,7.2791613089e-01,7.2791641962e-01,7.2791673703e-01,7.2791631496e-01,7.2791572591e-01,7.2791507833e-01,7.2791436642e-01,7.2791358378e-01,7.2791225279e-01,7.2791023909e-01,7.2790802536e-01,7.2790559171e-01,7.2790113354e-01,7.2789607047e-01,7.2788993277e-01,7.2788153808e-01,7.2787228952e-01,7.2786200155e-01,7.2785096201e-01,7.2783927988e-01,7.2782781731e-01,7.2781235239e-01,7.2778767459e-01,7.2771655849e-01,7.2754338946e-01,7.2732141519e-01,7.2706591739e-01,7.2671398827e-01,7.2631695087e-01,7.2585326836e-01,7.2478683250e-01,7.2332424551e-01,7.2151599172e-01,7.1958713344e-01,7.1637018671e-01,7.1213302732e-01,7.0826343447e-01,7.0262263664e-01,6.9679045997e-01,6.9057520880e-01,6.8400697126e-01,6.7699703019e-01,6.7063408064e-01,6.6398623876e-01,6.5600655876e-01,6.4138049068e-01,6.1452668830e-01,5.6476618367e-01,4.8011365616e-01,3.5254360385e-01,1.6943556132e-01,3.1538652316e-02,2.8563183708e-03,1.6192383859e-04,0.0000000000e+00,0.0000000000e+00,0.0000000000e+00,0.0000000000e+00,0.0000000000e+00,0.0000000000e+00,0.0000000000e+00,0.0000000000e+00,0.0000000000e+00,0.0000000000e+00,0.0000000000e+00,0.0000000000e+00,0.0000000000e+00,0.0000000000e+00,0.0000000000e+00,0.0000000000e+00,0.0000000000e+00,0.0000000000e+00,0.0000000000e+00,0.0000000000e+00,0.0000000000e+00,0.0000000000e+00,0.0000000000e+00,0.0000000000e+00,0.0000000000e+00,0.0000000000e+00,0.0000000000e+00,0.0000000000e+00,0.0000000000e+00,0.0000000000e+00,0.0000000000e+00,0.0000000000e+00,0.0000000000e+00,0.0000000000e+00,0.0000000000e+00,0.0000000000e+00,0.0000000000e+00,0.0000000000e+00,0.0000000000e+00,0.0000000000e+00,0.0000000000e+00,0.0000000000e+00,0.0000000000e+00,0.0000000000e+00,0.0000000000e+00,0.0000000000e+00,0.0000000000e+00,0.0000000000e+00,0.0000000000e+00,0.0000000000e+00,0.0000000000e+00,0.0000000000e+00,0.0000000000e+00,0.0000000000e+00,0.0000000000e+00,0.0000000000e+00,0.0000000000e+00,0.0000000000e+00,0.0000000000e+00,0.0000000000e+00,0.0000000000e+00,0.0000000000e+00,0.0000000000e+00,0.0000000000e+00,0.0000000000e+00,0.0000000000e+00,0.0000000000e+00,0.0000000000e+00,0.0000000000e+00,0.0000000000e+00,0.0000000000e+00,0.0000000000e+00,0.0000000000e+00,0.0000000000e+00,0.0000000000e+00,0.0000000000e+00,0.0000000000e+00,0.0000000000e+00,0.0000000000e+00
1.9429496147e+01,7.2041562006e-01,7.2041562006e-01,7.2041562006e-01,7.2041562006e-01,7.2041562006e-01,7.2041562006e-01,7.2041562006e-01,7.2041562006e-01,7.2041562006e-01,7.2041562006e-01,7.2041562006e-01,7.2041562006e-01,7.2041562006e-01,7.2041562006e-01,7.2041562006e-01,7.2041562006e-01,7.2041562006e-01,7.2041562006e-01,7.2041562006e-01,7.2041562006e-01,7.2041562006e-01,7.2041562006e-01,7.2041562006e-01,7.2041562006e-01,7.2041562006e-01,7.2041562006e-01,7.2041562006e-01,7.2041562006e-01,7.2041562006e-01,7.2041562006e-01,7.2041562006e-01,7.2041562006e-01,7.2041562006e-01,7.2041562006e-01,7.2041562006e-01,7.2041562006e-01,7.2041562006e-01,7.2041562006e-01,7.2041562006e-01,7.2041562006e-01,7.2041562006e-01,7.2041562006e-01,7.2041562006e-01,7.2041562006e-01,7.2041562006e-01,7.2041562006e-01,7.2041562006e-01,7.2041562006e-01,7.2041562006e-01,7.2041562006e-01,7.2041562006e-01,7.2041562006e-01,7.2041562006e-01,7.2041562006e-01,7.2041562006e-01,7.2041562006e-01,7.2041562006e-01,7.2041562006e-01,7.2041562006e-01,7.2041562006e-01,7.2041568921e-01,7.2041576600e-01,7.2041585041e-01,7.2041594321e-01,7.2041604523e-01,7.2041615738e-01,7.2041628068e-01,7.2041641622e-01,7.2041656523e-01,7.2041672904e-01,7.2041690913e-01,7.2041673468e-01,7.2041593306e-01,7.2041505181e-01,7.2041408301e-01,7.2041301796e-01,7.2041184711e-01,7.2040925660e-01,7.2040640473e-01,7.2040326956e-01,7.2039877447e-01,7.2039245951e-01,7.2038551726e-01,7.2037693464e-01,7.2036723651e-01,7.2035728678e-01,7.2034671204e-01,7.2033622510e-01,7.2032234204e-01,7.2030027884e-01,7.2023958688e-01,7.2007619160e-01,7.1987617090e-01,7.1964897393e-01,7.1932578571e-01,7.1896392734e-01,7.1853399335e-01,7.1755044614e-01,7.1622217449e-01,7.1458049445e-01,7.1283961291e-01,7.0987262802e-01,7.0601316755e-01,7.0249567003e-01,6.9734303470e-01,6.9202593097e-01,6.8633840336e-01,6.8029209660e-01,6.7377574133e-01,6.6770915653e-01,6.6133079406e-01,6.5356356306e-01,6.3926272630e-01,6.1287768514e-01,5.6436215181e-01,4.8176358090e-01,3.5706758456e-01,1.7576036114e-01,3.5126124290e-02,3.5260404423e-03,2.2480453534e-04,1.6129433193e-05,2.9437594466e-06,0.0000000000e+00,0.0000000000e+00,0.0000000000e+00,0.0000000000e+00,0.0000000000e+00,0.0000000000e+00,0.0000000000e+00,0.0000000000e+00,0.0000000000e+00,0.0000000000e+00,0.0000000000e+00,0.0000000000e+00,0.0000000000e+00,0.0000000000e+00,0.0000000000e+00,0.0000000000e+00,0.0000000000e+00,0.0000000000e+00,0.0000000000e+00,0.0000000000e+00,0.0000000000e+00,0.0000000000e+00,0.0000000000e+00,0.0000000000e+00,0.0000000000e+00,0.0000000000e+00,0.0000000000e+00,0.0000000000e+00,0.0000000000e+00,0.0000000000e+00,0.0000000000e+00,0.0000000000e+00,0.0000000000e+00,0.0000000000e+00,0.0000000000e+00,0.0000000000e+00,0.0000000000e+00,0.0000000000e+00,0.0000000000e+00,0.0000000000e+00,0.0000000000e+00,0.0000000000e+00,0.0000000000e+00,0.0000000000e+00,0.0000000000e+00,0.0000000000e+00,0.0000000000e+00,0.0000000000e+00,0.0000000000e+00,0.0000000000e+00,0.0000000000e+00,0.0000000000e+00,0.0000000000e+00,0.0000000000e+00,0.0000000000e+00,0.0000000000e+00,0.0000000000e+00,0.0000000000e+00,0.0000000000e+00,0.0000000000e+00,0.0000000000e+00,0.0000000000e+00,0.0000000000e+00,0.0000000000e+00,0.0000000000e+00,0.0000000000e+00,0.0000000000e+00,0.0000000000e+00,0.0000000000e+00,0.0000000000e+00,0.0000000000e+00,0.0000000000e+00,0.0000000000e+00,0.0000000000e+00,0.0000000000e+00,0.0000000000e+00,0.0000000000e+00
2.0309176209e+01,7.1336262683e-01,7.1336262683e-01,7.1336262683e-01,7.1336262683e-01,7.1336262683e-01,7.1336262683e-01,7.1336262683e-01,7.1336262683e-01,7.1336262683e-01,7.1336262683e-01,7.1336262683e-01,7.1336262683e-01,7.1336262683e-01,7.1336262683e-01,7.1336262683e-01,7.1336262683e-01,7.1336262683e-01,7.1336262683e-01,7.1336262683e-01,7.1336262683e-01,7.1336262683e-01,7.1336262683e-01,7.1336262683e-01,7.1336262683e-01,7.1336262683e-01,7.1336262683e-01,7.1336262683e-01,7.1336262683e-01,7.1336262683e-01,7.1336262683e-01,7.1336262683e-01,7.1336262683e-01,7.1336262683e-01,7.1336262683e-01,7.1336262683e-01,7.1336262683e-01,7.1336262683e-01,7.1336262683e-01,7.1336262683e-01,7.1336262683e-01,7.1336262683e-01,7.1336262683e-01,7.1336262683e-01,7.1336262683e-01,7.1336262683e-01,7.1336262683e-01,7.1336262683e-01,7.1336262683e-01,7.1336262683e-01,7.1336262683e-01,7.1336262683e-01,7.1336262683e-01,7.1336262683e-01,7.1336262683e-01,7.1336262683e-01,7.1336262683e-01,7.1336262683e-01,7.1336262683e-01,7.1336262683e-01,7.1336262683e-01,7.1336268995e-01,7.1336276004e-01,7.1336283710e-01,7.1336292182e-01,7.1336301495e-01,7.1336311733e-01,7.1336322988e-01,7.1336335361e-01,7.1336348964e-01,7.1336363918e-01,7.1336380358e-01,7.1336364622e-01,7.1336291961e-01,7.1336212081e-01,7.1336124266e-01,7.1336027727e-01,7.1335921598e-01,7.1335686444e-01,7.1335427564e-01,7.1335142968e-01,7.1334734722e-01,7.1334160992e-01,7.1333530270e-01,7.1332750070e-01,7.1331868353e-01,7.1330962847e-01,7.1329999959e-01,7.1329043258e-01,7.1327777097e-01,7.1325767016e-01,7.1320250827e-01,7.1305417381e-01,7.1287256703e-01,7.1266623852e-01,7.1237261635e-01,7.1204377754e-01,7.1165299164e-01,7.1075944613e-01,7.0955260398e-01,7.0806011800e-01,7.0647626686e-01,7.0377655756e-01,7.0026300266e-01,6.9705659335e-01,6.9235939716e-01,6.8750554345e-01,6.8229646753e-01,6.7670621425e-01,6.7059602193e-01,6.6481414338e-01,6.5866142947e-01,6.5106455555e-01,6.3702596086e-01,6.1108746704e-01,5.6367110700e-01,4.8306595383e-01,3.6117583494e-01,1.8200688274e-01,3.8951596464e-02,4.3134186074e-03,3.1033414824e-04,2.5127416336e-05,5.0677161117e-06,0.0000000000e+00,0.0000000000e+00,0.0000000000e+00,0.0000000000e+00,0.0000000000e+00,0.0000000000e+00,0.0000000000e+00,0.0000000000e+00,0.0000000000e+00,0.0000000000e+00,0.0000000000e+00,0.0000000000e+00,0.0000000000e+00,0.0000000000e+00,0.0000000000e+00,0.0000000000e+00,0.0000000000e+00,0.0000000000e+00,0.0000000000e+00,0.0000000000e+00,0.0000000000e+00,0.0000000000e+00,0.0000000000e+00,0.0000000000e+00,0.0000000000e+00,0.0000000000e+00,0.0000000000e+00,0.0000000000e+00,0.0000000000e+00,0.0000000000e+00,0.0000000000e+00,0.0000000000e+00,0.0000000000e+00,0.0000000000e+00,0.0000000000e+00,0.0000000000e+00,0.0000000000e+00,0.0000000000e+00,0.0000000000e+00,0.0000000000e+00,0.0000000000e+00,0.0000000000e+00,0.0000000000e+00,0.0000000000e+00,0.0000000000e+00,0.0000000000e+00,0.0000000000e+00,0.0000000000e+00,0.0000000000e+00,0.0000000000e+00,0.0000000000e+00,0.0000000000e+00,0.0000000000e+00,0.0000000000e+00,0.0000000000e+00,0.0000000000e+00,0.0000000000e+00,0.0000000000e+00,0.0000000000e+00,0.0000000000e+00,0.0000000000e+00,0.0000000000e+00,0.0000000000e+00,0.0000000000e+00,0.0000000000e+00,0.0000000000e+00,0.0000000000e+00,0.0000000000e+00,0.0000000000e+00,0.0000000000e+00,0.0000000000e+00,0.0000000000e+00,0.0000000000e+00,0.0000000000e+00,0.0000000000e+00,0.0000000000e+00,0.0000000000e+00
2.1228684221e+01,7.0674351598e-01,7.0674351598e-01,7.0674351598e-01,7.0674351598e-01,7.0674351598e-01,7.0674351598e-01,7.0674351598e-01,7.0674351598e-01,7.0674351598e-01,7.0674351598e-01,7.0674351598e-01,7.0674351598e-01,7.0674351598e-01,7.0674351598e-01,7.0674351598e-01,7.0674351598e-01,7.0674351598e-01,7.0674351598e-01,7.0674351598e-01,7.0674351598e-01,7.0674351598e-01,7.0674351598e-01,7.0674351598e-01,7.0674351598e-01,7.0674351598e-01,7.0674351598e-01,7.0674351598e-01,7.0674351598e-01,7.0674351598e-01,7.0674351598e-01,7.0674351598e-01,7.0674351598e-01,7.0674351598e-01,7.0674351598e-01,7.0674351598e-01,7.0674351598e-01,7.0674351598e-01,7.0674351598e-01,7.0674351598e-01,7.0674351598e-01,7.0674351598e-01,7.0674351598e-01,7.0674351598e-01,7.0674351598e-01,7.0674351598e-01,7.0674351598e-01,7.0674351598e-01,7.0674351598e-01,7.0674351598e-01,7.0674351598e-01,7.0674351598e-01,7.0674351598e-01,7.0674351598e-01,7.0674351598e-01,7.0674351598e-01,7.0674351598e-01,7.0674351598e-01,7.0674351598e-01,7.0674351598e-01,7.0674351598e-01,7.0674357370e-01,7.0674363779e-01,7.0674370825e-01,7.0674378571e-01,7.0674387087e-01,7.0674396448e-01,7.0674406740e-01,7.0674418054e-01,7.0674430492e-01,7.0674444166e-01,7.0674459198e-01,7.0674445019e-01,7.0674379156e-01,7.0674306749e-01,7.0674227149e-01,7.0674139641e-01,7.0674043440e-01,7.0673829945e-01,7.0673594911e-01,7.0673336527e-01,7.0672965694e-01,7.0672444353e-01,7.0671871222e-01,7.0671161876e-01,7.0670360136e-01,7.0669536003e-01,7.0668659227e-01,7.0667786579e-01,7.0666631929e-01,7.0664800574e-01,7.0659785651e-01,7.0646314390e-01,7.0629819444e-01,7.0611074917e-01,7.0584389693e-01,7.0554496399e-01,7.0518964271e-01,7.0437756107e-01,7.0328060721e-01,7.0192321688e-01,7.0048160483e-01,6.9802393519e-01,6.9482359975e-01,6.9189883507e-01,6.8761424704e-01,6.8317972570e-01,6.7840228715e-01,6.7322049767e-01,6.6746849169e-01,6.6192798491e-01,6.5595766519e-01,6.4848722848e-01,6.3466240663e-01,6.0911944559e-01,5.6272757554e-01,4.8404824716e-01,3.6494460289e-01,1.8814604505e-01,4.3001225553e-02,5.2317633886e-03,4.2264108414e-04,3.8433194724e-05,8.5271736834e-06,0.0000000000e+00,0.0000000000e+00,0.0000000000e+00,0.0000000000e+00,0.0000000000e+00,0.0000000000e+00,0.0000000000e+00,0.0000000000e+00,0.0000000000e+00,0.0000000000e+00,0.0000000000e+00,0.0000000000e+00,0.0000000000e+00,0.0000000000e+00,0.0000000000e+00,0.0000000000e+00,0.0000000000e+00,0.0000000000e+00,0.0000000000e+00,0.0000000000e+00,0.0000000000e+00,0.0000000000e+00,0.0000000000e+00,0.0000000000e+00,0.0000000000e+00,0.0000000000e+00,0.0000000000e+00,0.0000000000e+00,0.0000000000e+00,0.0000000000e+00,0.0000000000e+00,0.0000000000e+00,0.0000000000e+00,0.0000000000e+00,0.0000000000e+00,0.0000000000e+00,0.0000000000e+00,0.0000000000e+00,0.0000000000e+00,0.0000000000e+00,0.0000000000e+00,0.0000000000e+00,0.0000000000e+00,0.0000000000e+00,0.0000000000e+00,0.0000000000e+00,0.0000000000e+00,0.0000000000e+00,0.0000000000e+00,0.0000000000e+00,0.0000000000e+00,0.0000000000e+00,0.0000000000e+00,0.0000000000e+00,0.0000000000e+00,0.0000000000e+00,0.0000000000e+00,0.0000000000e+00,0.0000000000e+00,0.0000000000e+00,0.0000000000e+00,0.0000000000e+00,0.0000000000e+00,0.0000000000e+00,0.0000000000e+00,0.0000000000e+00,0.0000000000e+00,0.0000000000e+00,0.0000000000e+00,0.0000000000e+00,0.0000000000e+00,0.0000000000e+00,0.0000000000e+00,0.0000000000e+00,0.0000000000e+00,0.0000000000e+00,0.0000000000e+00
2.2189823415e+01,7.0058784805e-01,7.0058784805e-01,7.0058784805e-01,7.0058784805e-01,7.0058784805e-01,7.0058784805e-01,7.0058784805e-01,7.0058784805e-01,7.0058784805e-01,7.0058784805e-01,7.0058784805e-01,7.0058784805e-01,7.0058784805e-01,7.0058784805e-01,7.0058784805e-01,7.0058784805e-01,7.0058784805e-01,7.0058784805e-01,7.0058784805e-01,7.0058784805e-01,7.0058784805e-01,7.0058784805e-01,7.0058784805e-01,7.0058784805e-01,7.0058784805e-01,7.0058784805e-01,7.0058784805e-01,7.0058784805e-01,7.0058784805e-01,7.0058784805e-01,7.0058784805e-01,7.0058784805e-01,7.0058784805e-01,7.0058784805e-01,7.0058784805e-01,7.0058784805e-01,7.0058784805e-01,7.0058784805e-01,7.0058784805e-01,7.0058784805e-01,7.0058784805e-01,7.0058784805e-01,7.0058784805e-01,7.0058784805e-01,7.0058784805e-01,7.0058784805e-01,7.0058784805e-01,7.0058784805e-01,7.0058784805e-01,7.0058784805e-01,7.0058784805e-01,7.0058784805e-01,7.0058784805e-01,7.0058784805e-01,7.0058784805e-01,7.0058784805e-01,7.0058784805e-01,7.0058784805e-01,7.0058784805e-01,7.0058784805e-01,7.0058784805e-01,7.0058784805e-01,7.0058784805e-01,7.0058784805e-01,7.0058784805e-01,7.0058784805e-01,7.0058784805e-01,7.0058761437e-01,7.0058720181e-01,7.0058674827e-01,7.0058624967e-01,7.0058570154e-01,7.0058509895e-01,7.0058443650e-01,7.0058370824e-01,7.0058290763e-01,7.0058202749e-01,7.0058105990e-01,7.0057996351e-01,7.0057601405e-01,7.0057167225e-01,7.0056689915e-01,7.0056165190e-01,7.0055588340e-01,7.0054936414e-01,7.0054208263e-01,7.0053407781e-01,7.0052503928e-01,7.0051159386e-01,7.0049681300e-01,7.0043656833e-01,7.0030483665e-01,7.0015620611e-01,6.9998320055e-01,6.9976259282e-01,6.9949172576e-01,6.9918407920e-01,6.9843888449e-01,6.9741470996e-01,6.9624281254e-01,6.9493234068e-01,6.9280999815e-01,6.8984972135e-01,6.8719005613e-01,6.8345894285e-01,6.7941520808e-01,6.7496162893e-01,6.7010485447e-01,6.6470244845e-01,6.5933845418e-01,6.5348238581e-01,6.4603161530e-01,6.3239864690e-01,6.0713415723e-01,5.6161396698e-01,4.8442166573e-01,3.6782942774e-01,1.9383399540e-01,4.7225457310e-02,6.3249014638e-03,5.7784602411e-04,5.9172191602e-05,1.0847089549e-05,4.1668861001e-06,2.7408477152e-06,2.2916047123e-06,2.0359852494e-06,1.7978605432e-06,1.5726506890e-06,1.3898864132e-06,0.0000000000e+00,0.0000000000e+00,0.0000000000e+00,0.0000000000e+00,0.0000000000e+00,0.0000000000e+00,0.0000000000e+00,0.0000000000e+00,0.0000000000e+00,0.0000000000e+00,0.0000000000e+00,0.0000000000e+00,0.0000000000e+00,0.0000000000e+00,0.0000000000e+00,0.0000000000e+00,0.0000000000e+00,0.0000000000e+00,0.0000000000e+00,0.0000000000e+00,0.0000000000e+00,0.0000000000e+00,0.0000000000e+00,0.0000000000e+00,0.0000000000e+00,0.0000000000e+00,0.0000000000e+00,0.0000000000e+00,0.0000000000e+00,0.0000000000e+00,0.0000000000e+00,0.0000000000e+00,0.0000000000e+00,0.0000000000e+00,0.0000000000e+00,0.0000000000e+00,0.0000000000e+00,0.0000000000e+00,0.0000000000e+00,0.0000000000e+00,0.0000000000e+00,0.0000000000e+00,0.0000000000e+00,0.0000000000e+00,0.0000000000e+00,0.0000000000e+00,0.0000000000e+00,0.0000000000e+00,0.0000000000e+00,0.0000000000e+00,0.0000000000e+00,0.0000000000e+00,0.0000000000e+00,0.0000000000e+00,0.0000000000e+00,0.0000000000e+00,0.0000000000e+00,0.0000000000e+00,0.0000000000e+00,0.0000000000e+00,0.0000000000e+00,0.0000000000e+00,0.0000000000e+00,0.0000000000e+00,0.0000000000e+00,0.0000000000e+00,0.0000000000e+00,0.0000000000e+00,0.0000000000e+00,0.0000000000e+00
2.3194478661e+01,6.9470601147e-01,6.9470601147e-01,6.9470601147e-01,6.9470601147e-01,6.9470601147e-01,6.9470601147e-01,6.9470601147e-01,6.9470601147e-01,6.9470601147e-01,6.9470601147e-01,6.9470601147e-01,6.9470601147e-01,6.9470601147e-01,6.9470601147e-01,6.9470601147e-01,6.9470601147e-01,6.9470601147e-01,6.9470601147e-01,6.9470601147e-01,6.9470601147e-01,6.9470601147e-01,6.9470601147e-01,6.9470601147e-01,6.9470601147e-01,6.9470601147e-01,6.9470601147e-01,6.9470601147e-01,6.9470601147e-01,6.9470601147e-01,6.9470601147e-01,6.9470601147e-01,6.9470601147e-01,6.9470601147e-01,6.9470601147e-01,6.9470601147e-01,6.9470601147e-01,6.9470601147e-01,6.9470601147e-01,6.9470601147e-01,6.9470601147e-01,6.9470601147e-01,6.9470601147e-01,6.9470601147e-01,6.9470601147e-01,6.9470601147e-01,6.9470601147e-01,6.9470601147e-01,6.9470601147e-01,6.9470601147e-01,6.9470601147e-01,6.9470601147e-01,6.9470601147e-01,6.9470601147e-01,6.9470601147e-01,6.9470601147e-01,6.9470601147e-01,6.9470601147e-01,6.9470601147e-01,6.9470601147e-01,6.9470601147e-01,6.9470601147e-01,6.9470601147e-01,6.9470601147e-01,6.9470601147e-01,6.9470601147e-01,6.9470601147e-01,6.9470601147e-01,6.9470579966e-01,6.9470542573e-01,6.9470501465e-01,6.9470456272e-01,6.9470406591e-01,6.9470351973e-01,6.9470291930e-01,6.9470225922e-01,6.9470153356e-01,6.9470073581e-01,6.9469985882e-01,6.9469886495e-01,6.9469527517e-01,6.9469132878e-01,6.9468699036e-01,6.9468222097e-01,6.9467697780e-01,6.9467104542e-01,6.9466441511e-01,6.9465712617e-01,6.9464889520e-01,6.9463664013e-01,6.9462316782e-01,6.9456839822e-01,6.9444869399e-01,6.9431361513e-01,6.9415634048e-01,6.9395573423e-01,6.9370937390e-01,6.9342945158e-01,6.9275175087e-01,6.9182012005e-01,6.9075341441e-01,6.8955947611e-01,6.8762524843e-01,6.8492564265e-01,6.8249532541e-01,6.7908607818e-01,6.7538366741e-01,6.7128443012e-01,6.6675602245e-01,6.6162293446e-01,6.5642550880e-01,6.5067517557e-01,6.4327783941e-01,6.2977238225e-01,6.0482213720e-01,5.6020447334e-01,4.8482881283e-01,3.7098067729e-01,1.9975425988e-01,5.1700495576e-02,7.5439786356e-03,7.6560463217e-04,8.7070703346e-05,1.7401012576e-05,7.1070814971e-06,4.8232356473e-06,4.0923898616e-06,3.6730624759e-06,3.2794014401e-06,2.9043348633e-06,2.5990934187e-06,0.0000000000e+00,0.0000000000e+00,0.0000000000e+00,0.0000000000e+00,0.0000000000e+00,0.0000000000e+00,0.0000000000e+00,0.0000000000e+00,0.0000000000e+00,0.0000000000e+00,0.0000000000e+00,0.0000000000e+00,0.0000000000e+00,0.0000000000e+00,0.0000000000e+00,0.0000000000e+00,0.0000000000e+00,0.0000000000e+00,0.0000000000e+00,0.0000000000e+00,0.0000000000e+00,0.0000000000e+00,0.0000000000e+00,0.0000000000e+00,0.0000000000e+00,0.0000000000e+00,0.0000000000e+00,0.0000000000e+00,0.0000000000e+00,0.0000000000e+00,0.0000000000e+00,0.0000000000e+00,0.0000000000e+00,0.0000000000e+00,0.0000000000e+00,0.0000000000e+00,0.0000000000e+00,0.0000000000e+00,0.0000000000e+00,0.0000000000e+00,0.0000000000e+00,0.0000000000e+00,0.0000000000e+00,0.0000000000e+00,0.0000000000e+00,0.0000000000e+00,0.0000000000e+00,0.0000000000e+00,0.0000000000e+00,0.0000000000e+00,0.0000000000e+00,0.0000000000e+00,0.0000000000e+00,0.0000000000e+00,0.0000000000e+00,0.0000000000e+00,0.0000000000e+00,0.0000000000e+00,0.0000000000e+00,0.0000000000e+00,0.0000000000e+00,0.0000000000e+00,0.0000000000e+00,0.0000000000e+00,0.0000000000e+00,0.0000000000e+00,0.0000000000e+00,0.0000000000e+00,0.0000000000e+00,0.0000000000e+00
2.4244620171e+01,6.8912389159e-01,6.8912389159e-01,6.8912389159e-01,6.8912389159e-01,6.8912389159e-01,6.8912389159e-01,6.8912389159e-01,6.8912389159e-01,6.8912389159e-01,6.8912389159e-01,6.8912389159e-01,6.8912389159e-01,6.8912389159e-01,6.8912389159e-01,6.8912389159e-01,6.8912389159e-01,6.8912389159e-01,6.8912389159e-01,6.8912389159e-01,6.8912389159e-01,6.8912389159e-01,6.8912389159e-01,6.8912389159e-01,6.8912389159e-01,6.8912389159e-01,6.8912389159e-01,6.8912389159e-01,6.8912389159e-01,6.8912389159e-01,6.8912389159e-01,6.8912389159e-01,6.8912389159e-01,6.8912389159e-01,6.8912389159e-01,6.8912389159e-01,6.8912389159e-01,6.8912389159e-01,6.8912389159e-01,6.8912389159e-01,6.8912389159e-01,6.8912389159e-01,6.8912389159e-01,6.8912389159e-01,6.8912389159e-01,6.8912389159e-01,6.8912389159e-01,6.8912389159e-01,6.8912389159e-01,6.8912389159e-01,6.8912389159e-01,6.8912389159e-01,6.8912389159e-01,6.8912389159e-01,6.8912389159e-01,6.8912389159e-01,6.8912389159e-01,6.8912389159e-01,6.8912389159e-01,6.8912389159e-01,6.8912389159e-01,6.8912389159e-01,6.8912389159e-01,6.8912389159e-01,6.8912389159e-01,6.8912389159e-01,6.8912389159e-01,6.8912389159e-01,6.8912369963e-01,6.8912336075e-01,6.8912298821e-01,6.8912257865e-01,6.8912212841e-01,6.8912163343e-01,6.8912108929e-01,6.8912049109e-01,6.8911983345e-01,6.8911911049e-01,6.8911831571e-01,6.8911741489e-01,6.8911415180e-01,6.8911056456e-01,6.8910662096e-01,6.8910228561e-01,6.8909751960e-01,6.8909212128e-01,6.8908608422e-01,6.8907944747e-01,6.8907195228e-01,6.8906078291e-01,6.8904850413e-01,6.8899870161e-01,6.8888989862e-01,6.8876710434e-01,6.8862409384e-01,6.8844162962e-01,6.8821750274e-01,6.8796273913e-01,6.8734623176e-01,6.8649848295e-01,6.8552711752e-01,6.8443874575e-01,6.8267485725e-01,6.8021120613e-01,6.7798804144e-01,6.7486963834e-01,6.7147503815e-01,6.6769339278e-01,6.6345598580e-01,6.5855555496e-01,6.5349116139e-01,6.4781293922e-01,6.4043558322e-01,6.2702189094e-01,6.0235052482e-01,5.5858112876e-01,4.8496716398e-01,3.7383721066e-01,2.0555095933e-01,5.6380121160e-02,8.9320593795e-03,1.0026735675e-03,1.2611861249e-04,2.7385401083e-05,1.1851948860e-05,8.2776175048e-06,7.1148261073e-06,6.4413652373e-06,5.8049366272e-06,5.1946828361e-06,4.6962153705e-06,0.0000000000e+00,0.0000000000e+00,0.0000000000e+00,0.0000000000e+00,0.0000000000e+00,0.0000000000e+00,0.0000000000e+00,0.0000000000e+00,0.0000000000e+00,0.0000000000e+00,0.0000000000e+00,0.0000000000e+00,0.0000000000e+00,0.0000000000e+00,0.0000000000e+00,0.0000000000e+00,0.0000000000e+00,0.0000000000e+00,0.0000000000e+00,0.0000000000e+00,0.0000000000e+00,0.0000000000e+00,0.0000000000e+00,0.0000000000e+00,0.0000000000e+00,0.0000000000e+00,0.0000000000e+00,0.0000000000e+00,0.0000000000e+00,0.0000000000e+00,0.0000000000e+00,0.0000000000e+00,0.0000000000e+00,0.0000000000e+00,0.0000000000e+00,0.0000000000e+00,0.0000000000e+00,0.0000000000e+00,0.0000000000e+00,0.0000000000e+00,0.0000000000e+00,0.0000000000e+00,0.0000000000e+00,0.0000000000e+00,0.0000000000e+00,0.0000000000e+00,0.0000000000e+00,0.0000000000e+00,0.0000000000e+00,0.0000000000e+00,0.0000000000e+00,0.0000000000e+00,0.0000000000e+00,0.0000000000e+00,0.0000000000e+00,0.0000000000e+00,0.0000000000e+00,0.0000000000e+00,0.0000000000e+00,0.0000000000e+00,0.0000000000e+00,0.0000000000e+00,0.0000000000e+00,0.0000000000e+00,0.0000000000e+00,0.0000000000e+00,0.0000000000e+00,0.0000000000e+00,0.0000000000e+00,0.0000000000e+00
2.5342307358e+01,6.8380085475e-01,6.8380085475e-01,6.8380085475e-01,6.8380085475e-01,6.8380085475e-01,6.8380085475e-01,6.8380085475e-01,6.8380085475e-01,6.8380085475e-01,6.8380085475e-01,6.8380085475e-01,6.8380085475e-01,6.8380085475e-01,6.8380085475e-01,6.8380085475e-01,6.8380085475e-01,6.8380085475e-01,6.8380085475e-01,6.8380085475e-01,6.8380085475e-01,6.8380085475e-01,6.8380085475e-01,6.8380085475e-01,6.8380085475e-01,6.8380085475e-01,6.8380085475e-01,6.8380085475e-01,6.8380085475e-01,6.8380085475e-01,6.8380085475e-01,6.8380085475e-01,6.8380085475e-01,6.8380085475e-01,6.8380085475e-01,6.8380085475e-01,6.8380085475e-01,6.8380085475e-01,6.8380085475e-01,6.8380085475e-01,6.8380085475e-01,6.8380085475e-01,6.8380085475e-01,6.8380085475e-01,6.8380085475e-01,6.8380085475e-01,6.8380085475e-01,6.8380085475e-01,6.8380085475e-01,6.8380085475e-01,6.8380085475e-01,6.8380085475e-01,6.8380085475e-01,6.8380085475e-01,6.8380085475e-01,6.8380085475e-01,6.8380085475e-01,6.8380085475e-01,6.8380085475e-01,6.8380085475e-01,6.8380085475e-01,6.8380085475e-01,6.8380085475e-01,6.8380085475e-01,6.8380085475e-01,6.8380085475e-01,6.8380085475e-01,6.8380085475e-01,6.8380068083e-01,6.8380037379e-01,6.8380003625e-01,6.8379966518e-01,6.8379925724e-01,6.8379880877e-01,6.8379831575e-01,6.8379777375e-01,6.8379717791e-01,6.8379652287e-01,6.8379580276e-01,6.8379498647e-01,6.8379202026e-01,6.8378875940e-01,6.8378517459e-01,6.8378123368e-01,6.8377690128e-01,6.8377198914e-01,6.8376649266e-01,6.8376045018e-01,6.8375362551e-01,6.8374344651e-01,6.8373225644e-01,6.8368696273e-01,6.8358804676e-01,6.8347639557e-01,6.8334632696e-01,6.8318032721e-01,6.8297638181e-01,6.8274445870e-01,6.8218345967e-01,6.8141177197e-01,6.8052683215e-01,6.7953407594e-01,6.7792439312e-01,6.7567423283e-01,6.7363794391e-01,6.7078202632e-01,6.6766450404e-01,6.6416666111e-01,6.6018588872e-01,6.5548457654e-01,6.5052266753e-01,6.4488595188e-01,6.3749853699e-01,6.2414491436e-01,5.9972202567e-01,5.5675331294e-01,4.8485079081e-01,3.7641241427e-01,2.1121937142e-01,6.1254824949e-02,1.0501183132e-02,1.2986157310e-03,1.7993543121e-04,4.2313911888e-05,1.9344012730e-05,1.3874236933e-05,1.2065630626e-05,1.1008047412e-05,1.0002782653e-05,9.0333696140e-06,8.2384444957e-06,0.0000000000e+00,0.0000000000e+00,0.0000000000e+00,0.0000000000e+00,0.0000000000e+00,0.0000000000e+00,0.0000000000e+00,0.0000000000e+00,0.0000000000e+00,0.0000000000e+00,0.0000000000e+00,0.0000000000e+00,0.0000000000e+00,0.0000000000e+00,0.0000000000e+00,0.0000000000e+00,0.0000000000e+00,0.0000000000e+00,0.0000000000e+00,0.0000000000e+00,0.0000000000e+00,0.0000000000e+00,0.0000000000e+00,0.0000000000e+00,0.0000000000e+00,0.0000000000e+00,0.0000000000e+00,0.0000000000e+00,0.0000000000e+00,0.0000000000e+00,0.0000000000e+00,0.0000000000e+00,0.0000000000e+00,0.0000000000e+00,0.0000000000e+00,0.0000000000e+00,0.0000000000e+00,0.0000000000e+00,0.0000000000e+00,0.0000000000e+00,0.0000000000e+00,0.0000000000e+00,0.0000000000e+00,0.0000000000e+00,0.0000000000e+00,0.0000000000e+00,0.0000000000e+00,0.0000000000e+00,0.0000000000e+00,0.0000000000e+00,0.0000000000e+00,0.0000000000e+00,0.0000000000e+00,0.0000000000e+00,0.0000000000e+00,0.0000000000e+00,0.0000000000e+00,0.0000000000e+00,0.0000000000e+00,0.0000000000e+00,0.0000000000e+00,0.0000000000e+00,0.0000000000e+00,0.0000000000e+00,0.0000000000e+00,0.0000000000e+00,0.0000000000e+00,0.0000000000e+00,0.0000000000e+00,0.0000000000e+00
2.6489692876e+01,6.7869670162e-01,6.7869670162e-01,6.7869670162e-01,6.7869670162e-01,6.7869670162e-01,6.7869670162e-01,6.7869670162e-01,6.7869670162e-01,6.7869670162e-01,6.7869670162e-01,6.7869670162e-01,6.7869670162e-01,6.7869670162e-01,6.7869670162e-01,6.7869670162e-01,6.7869670162e-01,6.7869670162e-01,6.7869670162e-01,6.7869670162e-01,6.7869670162e-01,6.7869670162e-01,6.7869670162e-01,6.7869670162e-01,6.7869670162e-01,6.7869670162e-01,6.7869670162e-01,6.7869670162e-01,6.7869670162e-01,6.7869670162e-01,6.7869670162e-01,6.7869670162e-01,6.7869670162e-01,6.7869670162e-01,6.7869670162e-01,6.7869670162e-01,6.7869670162e-01,6.7869670162e-01,6.7869670162e-01,6.7869670162e-01,6.7869670162e-01,6.7869670162e-01,6.7869670162e-01,6.7869670162e-01,6.7869670162e-01,6.7869670162e-01,6.7869670162e-01,6.7869670162e-01,6.7869670162e-01,6.7869670162e-01,6.7869670162e-01,6.7869670162e-01,6.7869670162e-01,6.7869670162e-01,6.7869670162e-01,6.7869670162e-01,6.7869670162e-01,6.7869670162e-01,6.7869670162e-01,6.7869670162e-01,6.7869670162e-01,6.7869670162e-01,6.7869670162e-01,6.7869670162e-01,6.7869670162e-01,6.7869670162e-01,6.7869670162e-01,6.7869670162e-01,6.7869654410e-01,6.7869626601e-01,6.7869596029e-01,6.7869562421e-01,6.7869525474e-01,6.7869484856e-01,6.7869440202e-01,6.7869391113e-01,6.7869337147e-01,6.7869277820e-01,6.7869212599e-01,6.7869138656e-01,6.7868869031e-01,6.7868572621e-01,6.7868246765e-01,6.7867888539e-01,6.7867494728e-01,6.7867047787e-01,6.7866547409e-01,6.7865997325e-01,6.7865375977e-01,6.7864448423e-01,6.7863428735e-01,6.7859308874e-01,6.7850314557e-01,6.7840160822e-01,6.7828328851e-01,6.7813223865e-01,6.7794662107e-01,6.7773544221e-01,6.7722481791e-01,6.7652212358e-01,6.7571553531e-01,6.7480935667e-01,6.7333922308e-01,6.7128212042e-01,6.6941416836e-01,6.6679479117e-01,6.6392614353e-01,6.6068103424e-01,6.5692531557e-01,6.5239251759e-01,6.4750542203e-01,6.4188258198e-01,6.3445843610e-01,6.2113720909e-01,5.9693722351e-01,5.5472816656e-01,4.8449171237e-01,3.7871837889e-01,2.1675469980e-01,6.6313647834e-02,1.2262649009e-02,1.6640342049e-03,2.5301749851e-04,6.4236799866e-05,3.0927986412e-05,2.2737786789e-05,1.9986993587e-05,1.8363398601e-05,1.6812029839e-05,1.5308297576e-05,1.4070479932e-05,0.0000000000e+00,0.0000000000e+00,0.0000000000e+00,0.0000000000e+00,0.0000000000e+00,0.0000000000e+00,0.0000000000e+00,0.0000000000e+00,0.0000000000e+00,0.0000000000e+00,0.0000000000e+00,0.0000000000e+00,0.0000000000e+00,0.0000000000e+00,0.0000000000e+00,0.0000000000e+00,0.0000000000e+00,0.0000000000e+00,0.0000000000e+00,0.0000000000e+00,0.0000000000e+00,0.0000000000e+00,0.0000000000e+00,0.0000000000e+00,0.0000000000e+00,0.0000000000e+00,0.0000000000e+00,0.0000000000e+00,0.0000000000e+00,0.0000000000e+00,0.0000000000e+00,0.0000000000e+00,0.0000000000e+00,0.0000000000e+00,0.0000000000e+00,0.0000000000e+00,0.0000000000e+00,0.0000000000e+00,0.0000000000e+00,0.0000000000e+00,0.0000000000e+00,0.0000000000e+00,0.0000000000e+00,0.0000000000e+00,0.0000000000e+00,0.0000000000e+00,0.0000000000e+00,0.0000000000e+00,0.0000000000e+00,0.0000000000e+00,0.0000000000e+00,0.0000000000e+00,0.0000000000e+00,0.0000000000e+00,0.0000000000e+00,0.0000000000e+00,0.0000000000e+00,0.0000000000e+00,0.0000000000e+00,0.0000000000e+00,0.0000000000e+00,0.0000000000e+00,0.0000000000e+00,0.0000000000e+00,0.0000000000e+00,0.0000000000e+00,0.0000000000e+00,0.0000000000e+00,0.0000000000e+00,0.0000000000e+00
2.7689026842e+01,6.7435462106e-01,6.7435462106e-01,6.7435462106e-01,6.7435462106e-01,6.7435462106e-01,6.7435462106e-01,6.7435462106e-01,6.7435462106e-01,6.7435462106e-01,6.7435462106e-01,6.7435462106e-01,6.7435462106e-01,6.7435462106e-01,6.7435462106e-01,6.7435462106e-01,6.7435462106e-01,6.7435462106e-01,6.7435462106e-01,6.7435462106e-01,6.7435462106e-01,6.7435462106e-01,6.7435462106e-01,6.7435462106e-01,6.7435462106e-01,6.7435462106e-01,6.7435462106e-01,6.7435462106e-01,6.7435462106e-01,6.7435462106e-01,6.7435462106e-01,6.7435462106e-01,6.7435462106e-01,6.7435462106e-01,6.7435462106e-01,6.7435462106e-01,6.7435462106e-01,6.7435462106e-01,6.7435462106e-01,6.7435462106e-01,6.7435462106e-01,6.7435462106e-01,6.7435462106e-01,6.7435462106e-01,6.7435462106e-01,6.7435462106e-01,6.7435462106e-01,6.7435462106e-01,6.7435462106e-01,6.7435462106e-01,6.7435462106e-01,6.7435462106e-01,6.7435462106e-01,6.7435462106e-01,6.7435462106e-01,6.7435462106e-01,6.7435462106e-01,6.7435462106e-01,6.7435462106e-01,6.7435462106e-01,6.7435462106e-01,6.7435462106e-01,6.7435462106e-01,6.7435462106e-01,6.7435462106e-01,6.7435462106e-01,6.7435462106e-01,6.7435462106e-01,6.7435462106e-01,6.7435462106e-01,6.7435462106e-01,6.7435462106e-01,6.7435448571e-01,6.7435371023e-01,6.7435285770e-01,6.7435192048e-01,6.7435089016e-01,6.7434975747e-01,6.7434851227e-01,6.7434714336e-01,6.7434563846e-01,6.7434398405e-01,6.7434216530e-01,6.7434016586e-01,6.7433701882e-01,6.7433285483e-01,6.7432827720e-01,6.7432324484e-01,6.7431771259e-01,6.7430628595e-01,6.7427016881e-01,6.7423046584e-01,6.7418682126e-01,6.7410339561e-01,6.7399076929e-01,6.7386697578e-01,6.7369498017e-01,6.7350542757e-01,6.7298271171e-01,6.7234693280e-01,6.7154569751e-01,6.7064711907e-01,6.6945261128e-01,6.6762800659e-01,6.6590841631e-01,6.6330981656e-01,6.6044386700e-01,6.5745648340e-01,6.5411509767e-01,6.4975469387e-01,6.4478575763e-01,6.3911314667e-01,6.3167951109e-01,6.1810294347e-01,5.9397569456e-01,5.5232516406e-01,4.8382671392e-01,3.8031844510e-01,2.2140322517e-01,7.1385356577e-02,1.4274006780e-02,2.1419902638e-03,3.5956863508e-04,9.7607686461e-05,4.7512279984e-05,3.3362280733e-05,2.7149471487e-05,2.2759075680e-05,1.8711736132e-05,1.4863783168e-05,1.1228399250e-05,7.9022467922e-06,5.0721578452e-06,2.8997582066e-06,1.4313685863e-06,7.9011070354e-07,0.0000000000e+00,0.0000000000e+00,0.0000000000e+00,0.0000000000e+00,0.0000000000e+00,0.0000000000e+00,0.0000000000e+00,0.0000000000e+00,0.0000000000e+00,0.0000000000e+00,0.0000000000e+00,0.0000000000e+00,0.0000000000e+00,0.0000000000e+00,0.0000000000e+00,0.0000000000e+00,0.0000000000e+00,0.0000000000e+00,0.0000000000e+00,0.0000000000e+00,0.0000000000e+00,0.0000000000e+00,0.0000000000e+00,0.0000000000e+00,0.0000000000e+00,0.0000000000e+00,0.0000000000e+00,0.0000000000e+00,0.0000000000e+00,0.0000000000e+00,0.0000000000e+00,0.0000000000e+00,0.0000000000e+00,0.0000000000e+00,0.0000000000e+00,0.0000000000e+00,0.0000000000e+00,0.0000000000e+00,0.0000000000e+00,0.0000000000e+00,0.0000000000e+00,0.0000000000e+00,0.0000000000e+00,0.0000000000e+00,0.0000000000e+00,0.0000000000e+00,0.0000000000e+00,0.0000000000e+00,0.0000000000e+00,0.0000000000e+00,0.0000000000e+00,0.0000000000e+00,0.0000000000e+00,0.0000000000e+00,0.0000000000e+00,0.0000000000e+00,0.0000000000e+00,0.0000000000e+00,0.0000000000e+00,0.0000000000e+00,0.0000000000e+00,0.0000000000e+00,0.0000000000e+00,0.0000000000e+00,0.0000000000e+00
2.8942661247e+01,6.6931745566e-01,6.6931745566e-01,6.6931745566e-01,6.6931745566e-01,6.6931745566e-01,6.6931745566e-01,6.6931745566e-01,6.6931745566e-01,6.6931745566e-01,6.6931745566e-01,6.6931745566e-01,6.6931745566e-01,6.6931745566e-01,6.6931745566e-01,6.6931745566e-01,6.6931745566e-01,6.6931745566e-01,6.6931745566e-01,6.6931745566e-01,6.6931745566e-01,6.6931745566e-01,6.6931745566e-01,6.6931745566e-01,6.6931745566e-01,6.6931745566e-01,6.6931745566e-01,6.6931745566e-01,6.6931745566e-01,6.6931745566e-01,6.6931745566e-01,6.6931745566e-01,6.6931745566e-01,6.6931745566e-01,6.6931745566e-01,6.6931745566e-01,6.6931745566e-01,6.6931745566e-01,6.6931745566e-01,6.6931745566e-01,6.6931745566e-01,6.6931745566e-01,6.6931745566e-01,6.6931745566e-01,6.6931745566e-01,6.6931745566e-01,6.6931745566e-01,6.6931745566e-01,6.6931745566e-01,6.6931745566e-01,6.6931745566e-01,6.6931745566e-01,6.6931745566e-01,6.6931745566e-01,6.6931745566e-01,6.6931745566e-01,6.6931745566e-01,6.6931745566e-01,6.6931745566e-01,6.6931745566e-01,6.6931745566e-01,6.6931745566e-01,6.6931745566e-01,6.6931745566e-01,6.6931745566e-01,6.6931745566e-01,6.6931745566e-01,6.6931745566e-01,6.6931745566e-01,6.6931745566e-01,6.6931745566e-01,6.6931745566e-01,6.6931745566e-01,6.6931745566e-01,6.6931672265e-01,6.6931560152e-01,6.6931436902e-01,6.6931301408e-01,6.6931152453e-01,6.6930988701e-01,6.6930808681e-01,6.6930610778e-01,6.6930393214e-01,6.6930154038e-01,6.6929891101e-01,6.6929595726e-01,6.6929217344e-01,6.6928801374e-01,6.6928344082e-01,6.6927841364e-01,6.6927288707e-01,6.6922000621e-01,6.6914247496e-01,6.6905725171e-01,6.6895783829e-01,6.6881793442e-01,6.6866416553e-01,6.6835762730e-01,6.6788276393e-01,6.6729764259e-01,6.6655189646e-01,6.6567872312e-01,6.6460921550e-01,6.6282778184e-01,6.6119850362e-01,6.5896386246e-01,6.5656384857e-01,6.5383500552e-01,6.5070306711e-01,6.4649283257e-01,6.4165615038e-01,6.3602237322e-01,6.2847357964e-01,6.1507660313e-01,5.9104054954e-01,5.4969862447e-01,4.8305835902e-01,3.8246036244e-01,2.2699685122e-01,7.6558614143e-02,1.6478824506e-02,2.7033234185e-03,4.9491263874e-04,1.4434869871e-04,7.3472642808e-05,5.2546418655e-05,4.3019666501e-05,3.6164822525e-05,2.9827911689e-05,2.3785617389e-05,1.8048866504e-05,1.2762691342e-05,8.2103646237e-06,4.6412400668e-06,2.1208731316e-06,6.8289578190e-07,1.8952986803e-07,0.0000000000e+00,0.0000000000e+00,0.0000000000e+00,0.0000000000e+00,0.0000000000e+00,0.0000000000e+00,0.0000000000e+00,0.0000000000e+00,0.0000000000e+00,0.0000000000e+00,0.0000000000e+00,0.0000000000e+00,0.0000000000e+00,0.0000000000e+00,0.0000000000e+00,0.0000000000e+00,0.0000000000e+00,0.0000000000e+00,0.0000000000e+00,0.0000000000e+00,0.0000000000e+00,0.0000000000e+00,0.0000000000e+00,0.0000000000e+00,0.0000000000e+00,0.0000000000e+00,0.0000000000e+00,0.0000000000e+00,0.0000000000e+00,0.0000000000e+00,0.0000000000e+00,0.0000000000e+00,0.0000000000e+00,0.0000000000e+00,0.0000000000e+00,0.0000000000e+00,0.0000000000e+00,0.0000000000e+00,0.0000000000e+00,0.0000000000e+00,0.0000000000e+00,0.0000000000e+00,0.0000000000e+00,0.0000000000e+00,0.0000000000e+00,0.0000000000e+00,0.0000000000e+00,0.0000000000e+00,0.0000000000e+00,0.0000000000e+00,0.0000000000e+00,0.0000000000e+00,0.0000000000e+00,0.0000000000e+00,0.0000000000e+00,0.0000000000e+00,0.0000000000e+00,0.0000000000e+00,0.0000000000e+00,0.0000000000e+00,0.0000000000e+00,0.0000000000e+00,0.0000000000e+00,0.0000000000e+00
3.0253054571e+01,6.6462669500e-01,6.6462669500e-01,6.6462669500e-01,6.6462669500e-01,6.6462669500e-01,6.6462669500e-01,6.6462669500e-01,6.6462669500e-01,6.6462669500e-01,6.6462669500e-01,6.6462669500e-01,6.6462669500e-01,6.6462669500e-01,6.6462669500e-01,6.6462669500e-01,6.6462669500e-01,6.6462669500e-01,6.6462669500e-01,6.6462669500e-01,6.6462669500e-01,6.6462669500e-01,6.6462669500e-01,6.6462669500e-01,6.6462669500e-01,6.6462669500e-01,6.6462669500e-01,6.6462669500e-01,6.6462669500e-01,6.6462669500e-01,6.6462669500e-01,6.6462669500e-01,6.6462669500e-01,6.6462669500e-01,6.6462669500e-01,6.6462669500e-01,6.6462669500e-01,6.6462669500e-01,6.6462669500e-01,6.6462669500e-01,6.6462669500e-01,6.6462669500e-01,6.6462669500e-01,6.6462669500e-01,6.6462669500e-01,6.6462669500e-01,6.6462669500e-01,6.6462669500e-01,6.6462669500e-01,6.6462669500e-01,6.6462669500e-01,6.6462669500e-01,6.6462669500e-01,6.6462669500e-01,6.6462669500e-01,6.6462669500e-01,6.6462669500e-01,6.6462669500e-01,6.6462669500e-01,6.6462669500e-01,6.6462669500e-01,6.6462669500e-01,6.6462669500e-01,6.6462669500e-01,6.6462669500e-01,6.6462669500e-01,6.6462669500e-01,6.6462669500e-01,6.6462669500e-01,6.6462669500e-01,6.6462669500e-01,6.6462669500e-01,6.6462669500e-01,6.6462669500e-01,6.6462602979e-01,6.6462501238e-01,6.6462389389e-01,6.6462266429e-01,6.6462131253e-01,6.6461982649e-01,6.6461819281e-01,6.6461639685e-01,6.6461442247e-01,6.6461225195e-01,6.6460986581e-01,6.6460718401e-01,6.6460373792e-01,6.6459994951e-01,6.6459578475e-01,6.6459120628e-01,6.6458617300e-01,6.6453806660e-01,6.6446753745e-01,6.6439001020e-01,6.6429955323e-01,6.6417215150e-01,6.6403212120e-01,6.6375295364e-01,6.6332046453e-01,6.6278698771e-01,6.6210623519e-01,6.6130701139e-01,6.6032645644e-01,6.5869134472e-01,6.5718754837e-01,6.5512519606e-01,6.5289623391e-01,6.5033224119e-01,6.4732371597e-01,6.4319807767e-01,6.3836868731e-01,6.3267738855e-01,6.2503450371e-01,6.1161813140e-01,5.8776570589e-01,5.4712479181e-01,4.8203346973e-01,3.8403029550e-01,2.3212898128e-01,8.2076941461e-02,1.8869708206e-02,3.3544978696e-03,6.6554131130e-04,2.0713714740e-04,1.0972638621e-04,7.9828810053e-05,6.5779200977e-05,5.5511221198e-05,4.5991686590e-05,3.6887001105e-05,2.8208766508e-05,2.0163891719e-05,1.3164800148e-05,7.5913811614e-06,3.5711810190e-06,1.2074615127e-06,3.5928404172e-07,0.0000000000e+00,0.0000000000e+00,0.0000000000e+00,0.0000000000e+00,0.0000000000e+00,0.0000000000e+00,0.0000000000e+00,0.0000000000e+00,0.0000000000e+00,0.0000000000e+00,0.0000000000e+00,0.0000000000e+00,0.0000000000e+00,0.0000000000e+00,0.0000000000e+00,0.0000000000e+00,0.0000000000e+00,0.0000000000e+00,0.0000000000e+00,0.0000000000e+00,0.0000000000e+00,0.0000000000e+00,0.0000000000e+00,0.0000000000e+00,0.0000000000e+00,0.0000000000e+00,0.0000000000e+00,0.0000000000e+00,0.0000000000e+00,0.0000000000e+00,0.0000000000e+00,0.0000000000e+00,0.0000000000e+00,0.0000000000e+00,0.0000000000e+00,0.0000000000e+00,0.0000000000e+00,0.0000000000e+00,0.0000000000e+00,0.0000000000e+00,0.0000000000e+00,0.0000000000e+00,0.0000000000e+00,0.0000000000e+00,0.0000000000e+00,0.0000000000e+00,0.0000000000e+00,0.0000000000e+00,0.0000000000e+00,0.0000000000e+00,0.0000000000e+00,0.0000000000e+00,0.0000000000e+00,0.0000000000e+00,0.0000000000e+00,0.0000000000e+00,0.0000000000e+00,0.0000000000e+00,0.0000000000e+00,0.0000000000e+00,0.0000000000e+00,0.0000000000e+00,0.0000000000e+00,0.0000000000e+00
3.1622776602e+01,6.5999096138e-01,6.5999096138e-01,6.5999096138e-01,6.5999096138e-01,6.5999096138e-01,6.5999096138e-01,6.5999096138e-01,6.5999096138e-01,6.5999096138e-01,6.5999096138e-01,6.5999096138e-01,6.5999096138e-01,6.5999096138e-01,6.5999096138e-01,6.5999096138e-01,6.5999096138e-01,6.5999096138e-01,6.5999096138e-01,6.5999096138e-01,6.5999096138e-01,6.5999096138e-01,6.5999096138e-01,6.5999096138e-01,6.5999096138e-01,6.5999096138e-01,6.5999096138e-01,6.5999096138e-01,6.5999096138e-01,6.5999096138e-01,6.5999096138e-01,6.5999096138e-01,6.5999096138e-01,6.5999096138e-01,6.5999096138e-01,6.5999096138e-01,6.5999096138e-01,6.5999096138e-01,6.5999096138e-01,6.5999096138e-01,6.5999096138e-01,6.5999096138e-01,6.5999096138e-01,6.5999096138e-01,6.5999096138e-01,6.5999096138e-01,6.5999096138e-01,6.5999096138e-01,6.5999096138e-01,6.5999096138e-01,6.5999096138e-01,6.5999096138e-01,6.5999096138e-01,6.5999096138e-01,6.5999096138e-01,6.5999096138e-01,6.5999096138e-01,6.5999096138e-01,6.5999096138e-01,6.5999096138e-01,6.5999096138e-01,6.5999096138e-01,6.5999096138e-01,6.5999096138e-01,6.5999096138e-01,6.5999096138e-01,6.5999096138e-01,6.5999096138e-01,6.5999096138e-01,6.5999096138e-01,6.5999096138e-01,6.5999096138e-01,6.5999096138e-01,6.5999096138e-01,6.5999035820e-01,6.5998943565e-01,6.5998842145e-01,6.5998730650e-01,6.5998608079e-01,6.5998473331e-01,6.5998325196e-01,6.5998162346e-01,6.5997983317e-01,6.5997786504e-01,6.5997570138e-01,6.5997326831e-01,6.5997013080e-01,6.5996668162e-01,6.5996288979e-01,6.5995872129e-01,6.5995413869e-01,6.5991037531e-01,6.5984621469e-01,6.5977568722e-01,6.5969337604e-01,6.5957734216e-01,6.5944980442e-01,6.5919551669e-01,6.5880154367e-01,6.5831495071e-01,6.5769311567e-01,6.5696070246e-01,6.5606035591e-01,6.5455706666e-01,6.5316537230e-01,6.5125691567e-01,6.4917944965e-01,6.4675907669e-01,6.4385398494e-01,6.3979348461e-01,6.3495464842e-01,6.2919066562e-01,6.2143996579e-01,6.0799168471e-01,5.8431514715e-01,5.4435785760e-01,4.8079033147e-01,3.8536070756e-01,2.3710245637e-01,8.7722969770e-02,2.1485494059e-02,4.1260989708e-03,8.8438283881e-04,2.9287870062e-04,1.6107151160e-04,1.1906099837e-04,9.8699787466e-05,8.3597591435e-05,6.9559172537e-05,5.6095244705e-05,4.3216084060e-05,3.1210549282e-05,2.0665803048e-05,1.2145482059e-05,5.8754648276e-06,2.0826860727e-06,6.6337763205e-07,0.0000000000e+00,0.0000000000e+00,0.0000000000e+00,0.0000000000e+00,0.0000000000e+00,0.0000000000e+00,0.0000000000e+00,0.0000000000e+00,0.0000000000e+00,0.0000000000e+00,0.0000000000e+00,0.0000000000e+00,0.0000000000e+00,0.0000000000e+00,0.0000000000e+00,0.0000000000e+00,0.0000000000e+00,0.0000000000e+00,0.0000000000e+00,0.0000000000e+00,0.0000000000e+00,0.0000000000e+00,0.0000000000e+00,0.0000000000e+00,0.0000000000e+00,0.0000000000e+00,0.0000000000e+00,0.0000000000e+00,0.0000000000e+00,0.0000000000e+00,0.0000000000e+00,0.0000000000e+00,0.0000000000e+00,0.0000000000e+00,0.0000000000e+00,0.0000000000e+00,0.0000000000e+00,0.0000000000e+00,0.0000000000e+00,0.0000000000e+00,0.0000000000e+00,0.0000000000e+00,0.0000000000e+00,0.0000000000e+00,0.0000000000e+00,0.0000000000e+00,0.0000000000e+00,0.0000000000e+00,0.0000000000e+00,0.0000000000e+00,0.0000000000e+00,0.0000000000e+00,0.0000000000e+00,0.0000000000e+00,0.0000000000e+00,0.0000000000e+00,0.0000000000e+00,0.0000000000e+00,0.0000000000e+00,0.0000000000e+00,0.0000000000e+00,0.0000000000e+00,0.0000000000e+00,0.0000000000e+00
3.3054513476e+01,6.5582523393e-01,6.5582523393e-01,6.5582523393e-01,6.5582523393e-01,6.5582523393e-01,6.5582523393e-01,6.5582523393e-01,6.5582523393e-01,6.5582523393e-01,6.5582523393e-01,6.5582523393e-01,6.5582523393e-01,6.5582523393e-01,6.5582523393e-01,6.5582523393e-01,6.5582523393e-01,6.5582523393e-01,6.5582523393e-01,6.5582523393e-01,6.5582523393e-01,6.5582523393e-01,6.5582523393e-01,6.5582523393e-01,6.5582523393e-01,6.5582523393e-01,6.5582523393e-01,6.5582523393e-01,6.5582523393e-01,6.5582523393e-01,6.5582523393e-01,6.5582523393e-01,6.5582523393e-01,6.5582523393e-01,6.5582523393e-01,6.5582523393e-01,6.5582523393e-01,6.5582523393e-01,6.5582523393e-01,6.5582523393e-01,6.5582523393e-01,6.5582523393e-01,6.5582523393e-01,6.5582523393e-01,6.5582523393e-01,6.5582523393e-01,6.5582523393e-01,6.5582523393e-01,6.5582523393e-01,6.5582523393e-01,6.5582523393e-01,6.5582523393e-01,6.5582523393e-01,6.5582523393e-01,6.5582523393e-01,6.5582523393e-01,6.5582523393e-01,6.5582523393e-01,6.5582523393e-01,6.5582523393e-01,6.5582523393e-01,6.5582523393e-01,6.5582523393e-01,6.5582523393e-01,6.5582523393e-01,6.5582523393e-01,6.5582523393e-01,6.5582523393e-01,6.5582523393e-01,6.5582523393e-01,6.5582523393e-01,6.5582523393e-01,6.5582523393e-01,6.5582523393e-01,6.5582523393e-01,6.5582498084e-01,6.5582383114e-01,6.5582256723e-01,6.5582117776e-01,6.5581965025e-01,6.5581797100e-01,6.5581612493e-01,6.5581409546e-01,6.5581186438e-01,6.5580941167e-01,6.5580671530e-01,6.5580375107e-01,6.5579943196e-01,6.5579404286e-01,6.5578811843e-01,6.5578160550e-01,6.5577444561e-01,6.5575300191e-01,6.5568460514e-01,6.5560942170e-01,6.5552677909e-01,6.5541490803e-01,6.5528197346e-01,6.5512564786e-01,6.5465979946e-01,6.5414805344e-01,6.5354973800e-01,6.5279252340e-01,6.5139973536e-01,6.4999203070e-01,6.4833766706e-01,6.4613367541e-01,6.4372591631e-01,6.4046983031e-01,6.3647240755e-01,6.3157450056e-01,6.2580565078e-01,6.1768419729e-01,6.0414299364e-01,5.8085134283e-01,5.4179411122e-01,4.7900498734e-01,3.8619044264e-01,2.4046874795e-01,9.3355401347e-02,2.4349302933e-02,5.0659306136e-03,1.1777246557e-03,4.1434656428e-04,2.3595558577e-04,1.7719772916e-04,1.4787313248e-04,1.2573680842e-04,1.0508461341e-04,8.5191345977e-05,6.6087681016e-05,4.8184547927e-05,3.2316743147e-05,1.9313489735e-05,9.5544889751e-06,3.4612941314e-06,9.5188364573e-07,2.0795000911e-07,6.6524521777e-08,0.0000000000e+00,0.0000000000e+00,0.0000000000e+00,0.0000000000e+00,0.0000000000e+00,0.0000000000e+00,0.0000000000e+00,0.0000000000e+00,0.0000000000e+00,0.0000000000e+00,0.0000000000e+00,0.0000000000e+00,0.0000000000e+00,0.0000000000e+00,0.0000000000e+00,0.0000000000e+00,0.0000000000e+00,0.0000000000e+00,0.0000000000e+00,0.0000000000e+00,0.0000000000e+00,0.0000000000e+00,0.0000000000e+00,0.0000000000e+00,0.0000000000e+00,0.0000000000e+00,0.0000000000e+00,0.0000000000e+00,0.0000000000e+00,0.0000000000e+00,0.0000000000e+00,0.0000000000e+00,0.0000000000e+00,0.0000000000e+00,0.0000000000e+00,0.0000000000e+00,0.0000000000e+00,0.0000000000e+00,0.0000000000e+00,0.0000000000e+00,0.0000000000e+00,0.0000000000e+00,0.0000000000e+00,0.0000000000e+00,0.0000000000e+00,0.0000000000e+00,0.0000000000e+00,0.0000000000e+00,0.0000000000e+00,0.0000000000e+00,0.0000000000e+00,0.0000000000e+00,0.0000000000e+00,0.0000000000e+00,0.0000000000e+00,0.0000000000e+00,0.0000000000e+00,0.0000000000e+00,0.0000000000e+00,0.0000000000e+00,0.0000000000e+00,0.0000000000e+00
3.4551072946e+01,6.5112969944e-01,6.5112969944e-01,6.5112969944e-01,6.5112969944e-01,6.5112969944e-01,6.5112969944e-01,6.5112969944e-01,6.5112969944e-01,6.5112969944e-01,6.5112969944e-01,6.5112969944e-01,6.5112969944e-01,6.5112969944e-01,6.5112969944e-01,6.5112969944e-01,6.5112969944e-01,6.5112969944e-01,6.5112969944e-01,6.5112969944e-01,6.5112969944e-01,6.5112969944e-01,6.5112969944e-01,6.5112969944e-01,6.5112969944e-01,6.5112969944e-01,6.5112969944e-01,6.5112969944e-01,6.5112969944e-01,6.5112969944e-01,6.5112969944e-01,6.5112969944e-01,6.5112969944e-01,6.5112969944e-01,6.5112969944e-01,6.5112969944e-01,6.5112969944e-01,6.5112969944e-01,6.5112969944e-01,6.5112969944e-01,6.5112969944e-01,6.5112969944e-01,6.5112969944e-01,6.5112969944e-01,6.5112969944e-01,6.5112969944e-01,6.5112969944e-01,6.5112969944e-01,6.5112969944e-01,6.5112969944e-01,6.5112969944e-01,6.5112969944e-01,6.5112969944e-01,6.5112969944e-01,6.5112969944e-01,6.5112969944e-01,6.5112969944e-01,6.5112969944e-01,6.5112969944e-01,6.5112969944e-01,6.5112969944e-01,6.5112969944e-01,6.5112969944e-01,6.5112969944e-01,6.5112969944e-01,6.5112969944e-01,6.5112969944e-01,6.5112969944e-01,6.5112969944e-01,6.5112969944e-01,6.5112969944e-01,6.5112969944e-01,6.5112969944e-01,6.5112969944e-01,6.5112969944e-01,6.5112947019e-01,6.5112842881e-01,6.5112728397e-01,6.5112602540e-01,6.5112464180e-01,6.5112312075e-01,6.5112144859e-01,6.5111961031e-01,6.5111758942e-01,6.5111536777e-01,6.5111292542e-01,6.5111024044e-01,6.5110631279e-01,6.5110140508e-01,6.5109600985e-01,6.5109007868e-01,6.5108355835e-01,6.5106403671e-01,6.5100177829e-01,6.5093334166e-01,6.5085811446e-01,6.5075612488e-01,6.5063487065e-01,6.5049224874e-01,6.5006643117e-01,6.4959863227e-01,6.4904736916e-01,6.4834897933e-01,6.4706307416e-01,6.4575462733e-01,6.4421117116e-01,6.4215025542e-01,6.3985993687e-01,6.3670755730e-01,6.3274103534e-01,6.2781171350e-01,6.2194888407e-01,6.1370525940e-01,6.0012195470e-01,5.7699888896e-01,5.3859238160e-01,4.7732212101e-01,3.8705091815e-01,2.4515189217e-01,9.9194551915e-02,2.7422510342e-02,6.1233485470e-03,1.5278622909e-03,5.6877985551e-04,3.3480913759e-04,2.5497229167e-04,2.1393829630e-04,1.8253214281e-04,1.5315390470e-04,1.2477857498e-04,9.7444144020e-05,7.1706023194e-05,4.8703166541e-05,2.9607479448e-05,1.5017291128e-05,5.6660289193e-06,1.6457540386e-06,3.8561945165e-07,1.3270450501e-07,0.0000000000e+00,0.0000000000e+00,0.0000000000e+00,0.0000000000e+00,0.0000000000e+00,0.0000000000e+00,0.0000000000e+00,0.0000000000e+00,0.0000000000e+00,0.0000000000e+00,0.0000000000e+00,0.0000000000e+00,0.0000000000e+00,0.0000000000e+00,0.0000000000e+00,0.0000000000e+00,0.0000000000e+00,0.0000000000e+00,0.0000000000e+00,0.0000000000e+00,0.0000000000e+00,0.0000000000e+00,0.0000000000e+00,0.0000000000e+00,0.0000000000e+00,0.0000000000e+00,0.0000000000e+00,0.0000000000e+00,0.0000000000e+00,0.0000000000e+00,0.0000000000e+00,0.0000000000e+00,0.0000000000e+00,0.0000000000e+00,0.0000000000e+00,0.0000000000e+00,0.0000000000e+00,0.0000000000e+00,0.0000000000e+00,0.0000000000e+00,0.0000000000e+00,0.0000000000e+00,0.0000000000e+00,0.0000000000e+00,0.0000000000e+00,0.0000000000e+00,0.0000000000e+00,0.0000000000e+00,0.0000000000e+00,0.0000000000e+00,0.0000000000e+00,0.0000000000e+00,0.0000000000e+00,0.0000000000e+00,0.0000000000e+00,0.0000000000e+00,0.0000000000e+00,0.0000000000e+00,0.0000000000e+00,0.0000000000e+00,0.0000000000e+00,0.0000000000e+00
3.6115389887e+01,6.4633738337e-01,6.4633738337e-01,6.4633738337e-01,6.4633738337e-01,6.4633738337e-01,6.4633738337e-01,6.4633738337e-01,6.4633738337e-01,6.4633738337e-01,6.4633738337e-01,6.4633738337e-01,6.4633738337e-01,6.4633738337e-01,6.4633738337e-01,6.4633738337e-01,6.4633738337e-01,6.4633738337e-01,6.4633738337e-01,6.4633738337e-01,6.4633738337e-01,6.4633738337e-01,6.4633738337e-01,6.4633738337e-01,6.4633738337e-01,6.4633738337e-01,6.4633738337e-01,6.4633738337e-01,6.4633738337e-01,6.4633738337e-01,6.4633738337e-01,6.4633738337e-01,6.4633738337e-01,6.4633738337e-01,6.4633738337e-01,6.4633738337e-01,6.4633738337e-01,6.4633738337e-01,6.4633738337e-01,6.4633738337e-01,6.4633738337e-01,6.4633738337e-01,6.4633738337e-01,6.4633738337e-01,6.4633738337e-01,6.4633738337e-01,6.4633738337e-01,6.4633738337e-01,6.4633738337e-01,6.4633738337e-01,6.4633738337e-01,6.4633738337e-01,6.4633738337e-01,6.4633738337e-01,6.4633738337e-01,6.4633738337e-01,6.4633738337e-01,6.4633738337e-01,6.4633738337e-01,6.4633738337e-01,6.4633738337e-01,6.4633738337e-01,6.4633738337e-01,6.4633738337e-01,6.4633738337e-01,6.4633738337e-01,6.4633738337e-01,6.4633738337e-01,6.4633738337e-01,6.4633738337e-01,6.4633738337e-01,6.4633738337e-01,6.4633738337e-01,6.4633738337e-01,6.4633738337e-01,6.4633717604e-01,6.4633623421e-01,6.4633519882e-01,6.4633406056e-01,6.4633280923e-01,6.4633143359e-01,6.4632992128e-01,6.4632825874e-01,6.4632643104e-01,6.4632442177e-01,6.4632221290e-01,6.4631978459e-01,6.4631621406e-01,6.4631174425e-01,6.4630683042e-01,6.4630142846e-01,6.4629548990e-01,6.4627771650e-01,6.4622104107e-01,6.4615874093e-01,6.4609025850e-01,6.4599724604e-01,6.4588659921e-01,6.4575641998e-01,6.4536688126e-01,6.4493891485e-01,6.4442989392e-01,6.4378427698e-01,6.4259428071e-01,6.4137404822e-01,6.3992853587e-01,6.3799366742e-01,6.3580410411e-01,6.3273796414e-01,6.2878978937e-01,6.2381958810e-01,6.1785615905e-01,6.0948709572e-01,5.9586129254e-01,5.7291212534e-01,5.3515698813e-01,4.7539541441e-01,3.8765552578e-01,2.4963522039e-01,1.0509800525e-01,3.0725379719e-02,7.3434795737e-03,1.9611096684e-03,7.7051273161e-04,4.6786915626e-04,3.6097584385e-04,3.0444123105e-04,2.6059755672e-04,2.1948052852e-04,1.7966498793e-04,1.4119927816e-04,1.0482152098e-04,7.2056135796e-05,4.4523829159e-05,2.3129910951e-05,9.0731799358e-06,2.7770490796e-06,6.9611104517e-07,2.5645190887e-07,0.0000000000e+00,0.0000000000e+00,0.0000000000e+00,0.0000000000e+00,0.0000000000e+00,0.0000000000e+00,0.0000000000e+00,0.0000000000e+00,0.0000000000e+00,0.0000000000e+00,0.0000000000e+00,0.0000000000e+00,0.0000000000e+00,0.0000000000e+00,0.0000000000e+00,0.0000000000e+00,0.0000000000e+00,0.0000000000e+00,0.0000000000e+00,0.0000000000e+00,0.0000000000e+00,0.0000000000e+00,0.0000000000e+00,0.0000000000e+00,0.0000000000e+00,0.0000000000e+00,0.0000000000e+00,0.0000000000e+00,0.0000000000e+00,0.0000000000e+00,0.0000000000e+00,0.0000000000e+00,0.0000000000e+00,0.0000000000e+00,0.0000000000e+00,0.0000000000e+00,0.0000000000e+00,0.0000000000e+00,0.0000000000e+00,0.0000000000e+00,0.0000000000e+00,0.0000000000e+00,0.0000000000e+00,0.0000000000e+00,0.0000000000e+00,0.0000000000e+00,0.0000000000e+00,0.0000000000e+00,0.0000000000e+00,0.0000000000e+00,0.0000000000e+00,0.0000000000e+00,0.0000000000e+00,0.0000000000e+00,0.0000000000e+00,0.0000000000e+00,0.0000000000e+00,0.0000000000e+00,0.0000000000e+00,0.0000000000e+00,0.0000000000e+00,0.0000000000e+00
3.7750532053e+01,6.4138845635e-01,6.4138845635e-01,6.4138845635e-01,6.4138845635e-01,6.4138845635e-01,6.4138845635e-01,6.4138845635e-01,6.4138845635e-01,6.4138845635e-01,6.4138845635e-01,6.4138845635e-01,6.4138845635e-01,6.4138845635e-01,6.4138845635e-01,6.4138845635e-01,6.4138845635e-01,6.4138845635e-01,6.4138845635e-01,6.4138845635e-01,6.4138845635e-01,6.4138845635e-01,6.4138845635e-01,6.4138845635e-01,6.4138845635e-01,6.4138845635e-01,6.4138845635e-01,6.4138845635e-01,6.4138845635e-01,6.4138845635e-01,6.4138845635e-01,6.4138845635e-01,6.4138845635e-01,6.4138845635e-01,6.4138845635e-01,6.4138845635e-01,6.4138845635e-01,6.4138845635e-01,6.4138845635e-01,6.4138845635e-01,6.4138845635e-01,6.4138845635e-01,6.4138845635e-01,6.4138845635e-01,6.4138845635e-01,6.4138845635e-01,6.4138845635e-01,6.4138845635e-01,6.4138845635e-01,6.4138845635e-01,6.4138845635e-01,6.4138845635e-01,6.4138845635e-01,6.4138845635e-01,6.4138845635e-01,6.4138845635e-01,6.4138845635e-01,6.4138845635e-01,6.4138845635e-01,6.4138845635e-01,6.4138845635e-01,6.4138845635e-01,6.4138845635e-01,6.4138845635e-01,6.4138845635e-01,6.4138845635e-01,6.4138845635e-01,6.4138845635e-01,6.4138845635e-01,6.4138845635e-01,6.4138845635e-01,6.4138845635e-01,6.4138845635e-01,6.4138845635e-01,6.4138845635e-01,6.4138826922e-01,6.4138741913e-01,6.4138648459e-01,6.4138545722e-01,6.4138432778e-01,6.4138308613e-01,6.4138172114e-01,6.4138022055e-01,6.4137857088e-01,6.4137675733e-01,6.4137476362e-01,6.4137257186e-01,6.4136932695e-01,6.4136525474e-01,6.4136077802e-01,6.4135585658e-01,6.4135044627e-01,6.4133426198e-01,6.4128266350e-01,6.4122594375e-01,6.4116359495e-01,6.4107873422e-01,6.4097771502e-01,6.4085882741e-01,6.4050215736e-01,6.4011028287e-01,6.3963912694e-01,6.3904077993e-01,6.3793673987e-01,6.3679471121e-01,6.3543539315e-01,6.3361115055e-01,6.3150738511e-01,6.2851214032e-01,6.2457196622e-01,6.1955398029e-01,6.1348623821e-01,6.0499184725e-01,5.9132709396e-01,5.6856137299e-01,5.3146365203e-01,4.7320609373e-01,3.8798949875e-01,2.5389877168e-01,1.1103923785e-01,3.4253954004e-02,8.7396703588e-03,2.4913324042e-03,1.0304708241e-03,6.4420667897e-04,5.0310518839e-04,4.2637503664e-04,3.6611640658e-04,3.0946621846e-04,2.5447415354e-04,2.0120477556e-04,1.5062356178e-04,1.0473376959e-04,6.5731334567e-05,3.4939559462e-05,1.4225976633e-05,4.5782566567e-06,1.2248239606e-06,4.8144721431e-07,0.0000000000e+00,0.0000000000e+00,0.0000000000e+00,0.0000000000e+00,0.0000000000e+00,0.0000000000e+00,0.0000000000e+00,0.0000000000e+00,0.0000000000e+00,0.0000000000e+00,0.0000000000e+00,0.0000000000e+00,0.0000000000e+00,0.0000000000e+00,0.0000000000e+00,0.0000000000e+00,0.0000000000e+00,0.0000000000e+00,0.0000000000e+00,0.0000000000e+00,0.0000000000e+00,0.0000000000e+00,0.0000000000e+00,0.0000000000e+00,0.0000000000e+00,0.0000000000e+00,0.0000000000e+00,0.0000000000e+00,0.0000000000e+00,0.0000000000e+00,0.0000000000e+00,0.0000000000e+00,0.0000000000e+00,0.0000000000e+00,0.0000000000e+00,0.0000000000e+00,0.0000000000e+00,0.0000000000e+00,0.0000000000e+00,0.0000000000e+00,0.0000000000e+00,0.0000000000e+00,0.0000000000e+00,0.0000000000e+00,0.0000000000e+00,0.0000000000e+00,0.0000000000e+00,0.0000000000e+00,0.0000000000e+00,0.0000000000e+00,0.0000000000e+00,0.0000000000e+00,0.0000000000e+00,0.0000000000e+00,0.0000000000e+00,0.0000000000e+00,0.0000000000e+00,0.0000000000e+00,0.0000000000e+00,0.0000000000e+00,0.0000000000e+00,0.0000000000e+00
3.9459706091e+01,6.3653089179e-01,6.3653089179e-01,6.3653089179e-01,6.3653089179e-01,6.3653089179e-01,6.3653089179e-01,6.3653089179e-01,6.3653089179e-01,6.3653089179e-01,6.3653089179e-01,6.3653089179e-01,6.3653089179e-01,6.3653089179e-01,6.3653089179e-01,6.3653089179e-01,6.3653089179e-01,6.3653089179e-01,6.3653089179e-01,6.3653089179e-01,6.3653089179e-01,6.3653089179e-01,6.3653089179e-01,6.3653089179e-01,6.3653089179e-01,6.3653089179e-01,6.3653089179e-01,6.3653089179e-01,6.3653089179e-01,6.3653089179e-01,6.3653089179e-01,6.3653089179e-01,6.3653089179e-01,6.3653089179e-01,6.3653089179e-01,6.3653089179e-01,6.3653089179e-01,6.3653089179e-01,6.3653089179e-01,6.3653089179e-01,6.3653089179e-01,6.3653089179e-01,6.3653089179e-01,6.3653089179e-01,6.3653089179e-01,6.3653089179e-01,6.3653089179e-01,6.3653089179e-01,6.3653089179e-01,6.3653089179e-01,6.3653089179e-01,6.3653089179e-01,6.3653089179e-01,6.3653089179e-01,6.3653089179e-01,6.3653089179e-01,6.3653089179e-01,6.3653089179e-01,6.3653089179e-01,6.3653089179e-01,6.3653089179e-01,6.3653089179e-01,6.3653089179e-01,6.3653089179e-01,6.3653089179e-01,6.3653089179e-01,6.3653089179e-01,6.3653089179e-01,6.3653089179e-01,6.3653089179e-01,6.3653089179e-01,6.3653089179e-01,6.3653089179e-01,6.3653089179e-01,6.3653089179e-01,6.3653089179e-01,6.3653089179e-01,6.3653015138e-01,6.3652908941e-01,6.3652792193e-01,6.3652663848e-01,6.3652522753e-01,6.3652367641e-01,6.3652197119e-01,6.3652009658e-01,6.3651803574e-01,6.3651577017e-01,6.3651327954e-01,6.3650823678e-01,6.3648987918e-01,6.3646969844e-01,6.3644751359e-01,6.3642312566e-01,6.3639631599e-01,6.3633813729e-01,6.3626496196e-01,6.3618452672e-01,6.3606115727e-01,6.3579009153e-01,6.3549222997e-01,6.3513080256e-01,6.3470555169e-01,6.3403486121e-01,6.3302811011e-01,6.3191834630e-01,6.3066143773e-01,6.2908982824e-01,6.2702679053e-01,6.2433195103e-01,6.2038584375e-01,6.1523300797e-01,6.0908305460e-01,6.0041955606e-01,5.8670673508e-01,5.6384542695e-01,5.2764756454e-01,4.7127731423e-01,3.8730003834e-01,2.5728992284e-01,1.1683955735e-01,3.7996681895e-02,1.0336457247e-02,3.1499512272e-03,1.3712479933e-03,8.8097573540e-04,6.9568158055e-04,5.9243037793e-04,5.1039420170e-04,4.3303310649e-04,3.5776442545e-04,2.8457761606e-04,2.1478393301e-04,1.5099132588e-04,9.6174529307e-05,5.2248416651e-05,2.2032805464e-05,7.4015874474e-06,1.9950282343e-06,4.0016212192e-07,5.7890096004e-08,0.0000000000e+00,0.0000000000e+00,0.0000000000e+00,0.0000000000e+00,0.0000000000e+00,0.0000000000e+00,0.0000000000e+00,0.0000000000e+00,0.0000000000e+00,0.0000000000e+00,0.0000000000e+00,0.0000000000e+00,0.0000000000e+00,0.0000000000e+00,0.0000000000e+00,0.0000000000e+00,0.0000000000e+00,0.0000000000e+00,0.0000000000e+00,0.0000000000e+00,0.0000000000e+00,0.0000000000e+00,0.0000000000e+00,0.0000000000e+00,0.0000000000e+00,0.0000000000e+00,0.0000000000e+00,0.0000000000e+00,0.0000000000e+00,0.0000000000e+00,0.0000000000e+00,0.0000000000e+00,0.0000000000e+00,0.0000000000e+00,0.0000000000e+00,0.0000000000e+00,0.0000000000e+00,0.0000000000e+00,0.0000000000e+00,0.0000000000e+00,0.0000000000e+00,0.0000000000e+00,0.0000000000e+00,0.0000000000e+00,0.0000000000e+00,0.0000000000e+00,0.0000000000e+00,0.0000000000e+00,0.0000000000e+00,0.0000000000e+00,0.0000000000e+00,0.0000000000e+00,0.0000000000e+00,0.0000000000e+00,0.0000000000e+00,0.0000000000e+00,0.0000000000e+00,0.0000000000e+00,0.0000000000e+00,0.0000000000e+00,0.0000000000e+00
4.1246263829e+01,6.3103629787e-01,6.3103629787e-01,6.3103629787e-01,6.3103629787e-01,6.3103629787e-01,6.3103629787e-01,6.3103629787e-01,6.3103629787e-01,6.3103629787e-01,6.3103629787e-01,6.3103629787e-01,6.3103629787e-01,6.3103629787e-01,6.3103629787e-01,6.3103629787e-01,6.3103629787e-01,6.3103629787e-01,6.3103629787e-01,6.3103629787e-01,6.3103629787e-01,6.3103629787e-01,6.3103629787e-01,6.3103629787e-01,6.3103629787e-01,6.3103629787e-01,6.3103629787e-01,6.3103629787e-01,6.3103629787e-01,6.3103629787e-01,6.3103629787e-01,6.3103629787e-01,6.3103629787e-01,6.3103629787e-01,6.3103629787e-01,6.3103629787e-01,6.3103629787e-01,6.3103629787e-01,6.3103629787e-01,6.3103629787e-01,6.3103629787e-01,6.3103629787e-01,6.3103629787e-01,6.3103629787e-01,6.3103629787e-01,6.3103629787e-01,6.3103629787e-01,6.3103629787e-01,6.3103629787e-01,6.3103629787e-01,6.3103629787e-01,6.3103629787e-01,6.3103629787e-01,6.3103629787e-01,6.3103629787e-01,6.3103629787e-01,6.3103629787e-01,6.3103629787e-01,6.3103629787e-01,6.3103629787e-01,6.3103629787e-01,6.3103629787e-01,6.3103629787e-01,6.3103629787e-01,6.3103629787e-01,6.3103629787e-01,6.3103629787e-01,6.3103629787e-01,6.3103629787e-01,6.3103629787e-01,6.3103629787e-01,6.3103629787e-01,6.3103629787e-01,6.3103629787e-01,6.3103629787e-01,6.3103629787e-01,6.3103629787e-01,6.3103563106e-01,6.3103467464e-01,6.3103362321e-01,6.3103246733e-01,6.3103119662e-01,6.3102979967e-01,6.3102826395e-01,6.3102657566e-01,6.3102471966e-01,6.3102267927e-01,6.3102043619e-01,6.3101587032e-01,6.3099917531e-01,6.3098082222e-01,6.3096064647e-01,6.3093846709e-01,6.3091408519e-01,6.3086104912e-01,6.3079432106e-01,6.3072097202e-01,6.3060836066e-01,6.3036062345e-01,6.3008838702e-01,6.2975505299e-01,6.2936060853e-01,6.2873664445e-01,6.2779826778e-01,6.2675253122e-01,6.2556020248e-01,6.2405863185e-01,6.2205393167e-01,6.1938106050e-01,6.1543502985e-01,6.1023998643e-01,6.0398488136e-01,5.9521151463e-01,5.8147592256e-01,5.5884160282e-01,5.2332557121e-01,4.6845528930e-01,3.8706722046e-01,2.6108102150e-01,1.2277380739e-01,4.1946647219e-02,1.2118097240e-02,3.9201217916e-03,1.7874443474e-03,1.1780080229e-03,9.4018763823e-04,8.0418730849e-04,6.9489910607e-04,5.9158882270e-04,4.9083949567e-04,3.9261881620e-04,2.9860523665e-04,2.1211977972e-04,1.3704909534e-04,7.6039438214e-05,3.3172170221e-05,1.1656270895e-05,3.3168483156e-06,7.1136647523e-07,1.1368422756e-07,0.0000000000e+00,0.0000000000e+00,0.0000000000e+00,0.0000000000e+00,0.0000000000e+00,0.0000000000e+00,0.0000000000e+00,0.0000000000e+00,0.0000000000e+00,0.0000000000e+00,0.0000000000e+00,0.0000000000e+00,0.0000000000e+00,0.0000000000e+00,0.0000000000e+00,0.0000000000e+00,0.0000000000e+00,0.0000000000e+00,0.0000000000e+00,0.0000000000e+00,0.0000000000e+00,0.0000000000e+00,0.0000000000e+00,0.0000000000e+00,0.0000000000e+00,0.0000000000e+00,0.0000000000e+00,0.0000000000e+00,0.0000000000e+00,0.0000000000e+00,0.0000000000e+00,0.0000000000e+00,0.0000000000e+00,0.0000000000e+00,0.0000000000e+00,0.0000000000e+00,0.0000000000e+00,0.0000000000e+00,0.0000000000e+00,0.0000000000e+00,0.0000000000e+00,0.0000000000e+00,0.0000000000e+00,0.0000000000e+00,0.0000000000e+00,0.0000000000e+00,0.0000000000e+00,0.0000000000e+00,0.0000000000e+00,0.0000000000e+00,0.0000000000e+00,0.0000000000e+00,0.0000000000e+00,0.0000000000e+00,0.0000000000e+00,0.0000000000e+00,0.0000000000e+00,0.0000000000e+00,0.0000000000e+00,0.0000000000e+00,0.0000000000e+00
4.3113708854e+01,6.2517305927e-01,6.2517305927e-01,6.2517305927e-01,6.2517305927e-01,6.2517305927e-01,6.2517305927e-01,6.2517305927e-01,6.2517305927e-01,6.2517305927e-01,6.2517305927e-01,6.2517305927e-01,6.2517305927e-01,6.2517305927e-01,6.2517305927e-01,6.2517305927e-01,6.2517305927e-01,6.2517305927e-01,6.2517305927e-01,6.2517305927e-01,6.2517305927e-01,6.2517305927e-01,6.2517305927e-01,6.2517305927e-01,6.2517305927e-01,6.2517305927e-01,6.2517305927e-01,6.2517305927e-01,6.2517305927e-01,6.2517305927e-01,6.2517305927e-01,6.2517305927e-01,6.2517305927e-01,6.2517305927e-01,6.2517305927e-01,6.2517305927e-01,6.2517305927e-01,6.2517305927e-01,6.2517305927e-01,6.2517305927e-01,6.2517305927e-01,6.2517305927e-01,6.2517305927e-01,6.2517305927e-01,6.2517305927e-01,6.2517305927e-01,6.2517305927e-01,6.2517305927e-01,6.2517305927e-01,6.2517305927e-01,6.2517305927e-01,6.2517305927e-01,6.2517305927e-01,6.2517305927e-01,6.2517305927e-01,6.2517305927e-01,6.2517305927e-01,6.2517305927e-01,6.2517305927e-01,6.2517305927e-01,6.2517305927e-01,6.2517305927e-01,6.2517305927e-01,6.2517305927e-01,6.2517305927e-01,6.2517305927e-01,6.2517305927e-01,6.2517305927e-01,6.2517305927e-01,6.2517305927e-01,6.2517305927e-01,6.2517305927e-01,6.2517305927e-01,6.2517305927e-01,6.2517305927e-01,6.2517305927e-01,6.2517305927e-01,6.2517246037e-01,6.2517160136e-01,6.2517065702e-01,6.2516961887e-01,6.2516847758e-01,6.2516722291e-01,6.2516584360e-01,6.2516432727e-01,6.2516266030e-01,6.2516082773e-01,6.2515881310e-01,6.2515468367e-01,6.2513949861e-01,6.2512280540e-01,6.2510445432e-01,6.2508428077e-01,6.2506210382e-01,6.2501373319e-01,6.2495285335e-01,6.2488593223e-01,6.2478308302e-01,6.2455652457e-01,6.2430755341e-01,6.2399952508e-01,6.2363266513e-01,6.2305051997e-01,6.2217332240e-01,6.2118408492e-01,6.2004811513e-01,6.1860677762e-01,6.1665044230e-01,6.1399259500e-01,6.1004229296e-01,6.0480486227e-01,5.9845003146e-01,5.8957687430e-01,5.7583435883e-01,5.5344892045e-01,5.1863585910e-01,4.6527720004e-01,3.8648223362e-01,2.6456394797e-01,1.2864601927e-01,4.6088297534e-02,1.4106982552e-02,4.8326525891e-03,2.3027645703e-03,1.5542697206e-03,1.2529011904e-03,1.0761882496e-03,9.3264009172e-04,7.9661708806e-04,6.6366311132e-04,5.3371652113e-04,4.0890114164e-04,2.9338330338e-04,1.9215679304e-04,1.0879213541e-04,4.9026589875e-05,1.7983375945e-05,5.3893101044e-06,1.2324415313e-06,2.1632230719e-07,0.0000000000e+00,0.0000000000e+00,0.0000000000e+00,0.0000000000e+00,0.0000000000e+00,0.0000000000e+00,0.0000000000e+00,0.0000000000e+00,0.0000000000e+00,0.0000000000e+00,0.0000000000e+00,0.0000000000e+00,0.0000000000e+00,0.0000000000e+00,0.0000000000e+00,0.0000000000e+00,0.0000000000e+00,0.0000000000e+00,0.0000000000e+00,0.0000000000e+00,0.0000000000e+00,0.0000000000e+00,0.0000000000e+00,0.0000000000e+00,0.0000000000e+00,0.0000000000e+00,0.0000000000e+00,0.0000000000e+00,0.0000000000e+00,0.0000000000e+00,0.0000000000e+00,0.0000000000e+00,0.0000000000e+00,0.0000000000e+00,0.0000000000e+00,0.0000000000e+00,0.0000000000e+00,0.0000000000e+00,0.0000000000e+00,0.0000000000e+00,0.0000000000e+00,0.0000000000e+00,0.0000000000e+00,0.0000000000e+00,0.0000000000e+00,0.0000000000e+00,0.0000000000e+00,0.0000000000e+00,0.0000000000e+00,0.0000000000e+00,0.0000000000e+00,0.0000000000e+00,0.0000000000e+00,0.0000000000e+00,0.0000000000e+00,0.0000000000e+00,0.0000000000e+00,0.0000000000e+00,0.0000000000e+00,0.0000000000e+00,0.0000000000e+00
4.5065703377e+01,6.1885941933e-01,6.1885941933e-01,6.1885941933e-01,6.1885941933e-01,6.1885941933e-01,6.1885941933e-01,6.1885941933e-01,6.1885941933e-01,6.1885941933e-01,6.1885941933e-01,6.1885941933e-01,6.1885941933e-01,6.1885941933e-01,6.1885941933e-01,6.1885941933e-01,6.1885941933e-01,6.1885941933e-01,6.1885941933e-01,6.1885941933e-01,6.1885941933e-01,6.1885941933e-01,6.1885941933e-01,6.1885941933e-01,6.1885941933e-01,6.1885941933e-01,6.1885941933e-01,6.1885941933e-01,6.1885941933e-01,6.1885941933e-01,6.1885941933e-01,6.1885941933e-01,6.1885941933e-01,6.1885941933e-01,6.1885941933e-01,6.1885941933e-01,6.1885941933e-01,6.1885941933e-01,6.1885941933e-01,6.1885941933e-01,6.1885941933e-01,6.1885941933e-01,6.1885941933e-01,6.1885941933e-01,6.1885941933e-01,6.1885941933e-01,6.1885941933e-01,6.1885941933e-01,6.1885941933e-01,6.1885941933e-01,6.1885941933e-01,6.1885941933e-01,6.1885941933e-01,6.1885941933e-01,6.1885941933e-01,6.1885941933e-01,6.1885941933e-01,6.1885941933e-01,6.1885941933e-01,6.1885941933e-01,6.1885941933e-01,6.1885941933e-01,6.1885941933e-01,6.1885941933e-01,6.1885941933e-01,6.1885941933e-01,6.1885941933e-01,6.1885941933e-01,6.1885941933e-01,6.1885941933e-01,6.1885941933e-01,6.1885941933e-01,6.1885941933e-01,6.1885941933e-01,6.1885941933e-01,6.1885941933e-01,6.1885941933e-01,6.1885888312e-01,6.1885811403e-01,6.1885726854e-01,6.1885633905e-01,6.1885531722e-01,6.1885419388e-01,6.1885295894e-01,6.1885160132e-01,6.1885010884e-01,6.1884846808e-01,6.1884666433e-01,6.1884293406e-01,6.1882911818e-01,6.1881393011e-01,6.1879723361e-01,6.1877887891e-01,6.1875870139e-01,6.1871455734e-01,6.1865897501e-01,6.1859787661e-01,6.1850387749e-01,6.1829653928e-01,6.1806868319e-01,6.1778343457e-01,6.1744125032e-01,6.1689651858e-01,6.1607406380e-01,6.1513466125e-01,6.1404782361e-01,6.1265817058e-01,6.1074182855e-01,6.0809384627e-01,6.0413714110e-01,5.9885979181e-01,5.9241363050e-01,5.8345423271e-01,5.6972453505e-01,5.4761404114e-01,5.1353004761e-01,4.6170006037e-01,3.8550716392e-01,2.6770049716e-01,1.3441471352e-01,5.0401410662e-02,1.6308859805e-02,5.9026137067e-03,2.9327839801e-03,2.0242018402e-03,1.6470107143e-03,1.4204248289e-03,1.2344546662e-03,1.0578103569e-03,8.8476077450e-04,7.1520665753e-04,5.5180694995e-04,3.9971511901e-04,2.6524679213e-04,1.5311526885e-04,7.1177332806e-05,2.7201861713e-05,8.5656783386e-06,2.0831640888e-06,3.9987702060e-07,0.0000000000e+00,0.0000000000e+00,0.0000000000e+00,0.0000000000e+00,0.0000000000e+00,0.0000000000e+00,0.0000000000e+00,0.0000000000e+00,0.0000000000e+00,0.0000000000e+00,0.0000000000e+00,0.0000000000e+00,0.0000000000e+00,0.0000000000e+00,0.0000000000e+00,0.0000000000e+00,0.0000000000e+00,0.0000000000e+00,0.0000000000e+00,0.0000000000e+00,0.0000000000e+00,0.0000000000e+00,0.0000000000e+00,0.0000000000e+00,0.0000000000e+00,0.0000000000e+00,0.0000000000e+00,0.0000000000e+00,0.0000000000e+00,0.0000000000e+00,0.0000000000e+00,0.0000000000e+00,0.0000000000e+00,0.0000000000e+00,0.0000000000e+00,0.0000000000e+00,0.0000000000e+00,0.0000000000e+00,0.0000000000e+00,0.0000000000e+00,0.0000000000e+00,0.0000000000e+00,0.0000000000e+00,0.0000000000e+00,0.0000000000e+00,0.0000000000e+00,0.0000000000e+00,0.0000000000e+00,0.0000000000e+00,0.0000000000e+00,0.0000000000e+00,0.0000000000e+00,0.0000000000e+00,0.0000000000e+00,0.0000000000e+00,0.0000000000e+00,0.0000000000e+00,0.0000000000e+00,0.0000000000e+00,0.0000000000e+00,0.0000000000e+00
4.7106075420e+01,6.1200985049e-01,6.1200985049e-01,6.1200985049e-01,6.1200985049e-01,6.1200985049e-01,6.1200985049e-01,6.1200985049e-01,6.1200985049e-01,6.1200985049e-01,6.1200985049e-01,6.1200985049e-01,6.1200985049e-01,6.1200985049e-01,6.1200985049e-01,6.1200985049e-01,6.1200985049e-01,6.1200985049e-01,6.1200985049e-01,6.1200985049e-01,6.1200985049e-01,6.1200985049e-01,6.1200985049e-01,6.1200985049e-01,6.1200985049e-01,6.1200985049e-01,6.1200985049e-01,6.1200985049e-01,6.1200985049e-01,6.1200985049e-01,6.1200985049e-01,6.1200985049e-01,6.1200985049e-01,6.1200985049e-01,6.1200985049e-01,6.1200985049e-01,6.1200985049e-01,6.1200985049e-01,6.1200985049e-01,6.1200985049e-01,6.1200985049e-01,6.1200985049e-01,6.1200985049e-01,6.1200985049e-01,6.1200985049e-01,6.1200985049e-01,6.1200985049e-01,6.1200985049e-01,6.1200985049e-01,6.1200985049e-01,6.1200985049e-01,6.1200985049e-01,6.1200985049e-01,6.1200985049e-01,6.1200985049e-01,6.1200985049e-01,6.1200985049e-01,6.1200985049e-01,6.1200985049e-01,6.1200985049e-01,6.1200985049e-01,6.1200985049e-01,6.1200985049e-01,6.1200985049e-01,6.1200985049e-01,6.1200985049e-01,6.1200985049e-01,6.1200985049e-01,6.1200985049e-01,6.1200985049e-01,6.1200985049e-01,6.1200985049e-01,6.1200985049e-01,6.1200985049e-01,6.1200985049e-01,6.1200985049e-01,6.1200985049e-01,6.1200937207e-01,6.1200868587e-01,6.1200793150e-01,6.1200710219e-01,6.1200619050e-01,6.1200518823e-01,6.1200408640e-01,6.1200287510e-01,6.1200154347e-01,6.1200007956e-01,6.1199847021e-01,6.1199510440e-01,6.1198252728e-01,6.1196870098e-01,6.1195350147e-01,6.1193679239e-01,6.1191842387e-01,6.1187810162e-01,6.1182730914e-01,6.1177147552e-01,6.1168548968e-01,6.1149558585e-01,6.1128688400e-01,6.1102213045e-01,6.1070200537e-01,6.1019075147e-01,6.0941731511e-01,6.0852190724e-01,6.0747793232e-01,6.0613263852e-01,6.0424948750e-01,6.0160798287e-01,5.9764493721e-01,5.9233275568e-01,5.8580660583e-01,5.7677794556e-01,5.6308461350e-01,5.4127914984e-01,5.0795502393e-01,4.5767588418e-01,3.8409896088e-01,2.7044789195e-01,1.4003419897e-01,5.4860695780e-02,1.8726025571e-02,7.1440951664e-03,3.6934015401e-03,2.6029970845e-03,2.1365756655e-03,1.8497799112e-03,1.6120623834e-03,1.3857224666e-03,1.1634873520e-03,9.4521123585e-04,7.3419049092e-04,5.3671514233e-04,3.6065415014e-04,2.1210484701e-04,1.0157347336e-04,4.0369847825e-05,1.3328340317e-05,3.4387518404e-06,7.1928739712e-07,0.0000000000e+00,0.0000000000e+00,0.0000000000e+00,0.0000000000e+00,0.0000000000e+00,0.0000000000e+00,0.0000000000e+00,0.0000000000e+00,0.0000000000e+00,0.0000000000e+00,0.0000000000e+00,0.0000000000e+00,0.0000000000e+00,0.0000000000e+00,0.0000000000e+00,0.0000000000e+00,0.0000000000e+00,0.0000000000e+00,0.0000000000e+00,0.0000000000e+00,0.0000000000e+00,0.0000000000e+00,0.0000000000e+00,0.0000000000e+00,0.0000000000e+00,0.0000000000e+00,0.0000000000e+00,0.0000000000e+00,0.0000000000e+00,0.0000000000e+00,0.0000000000e+00,0.0000000000e+00,0.0000000000e+00,0.0000000000e+00,0.0000000000e+00,0.0000000000e+00,0.0000000000e+00,0.0000000000e+00,0.0000000000e+00,0.0000000000e+00,0.0000000000e+00,0.0000000000e+00,0.0000000000e+00,0.0000000000e+00,0.0000000000e+00,0.0000000000e+00,0.0000000000e+00,0.0000000000e+00,0.0000000000e+00,0.0000000000e+00,0.0000000000e+00,0.0000000000e+00,0.0000000000e+00,0.0000000000e+00,0.0000000000e+00,0.0000000000e+00,0.0000000000e+00,0.0000000000e+00,0.0000000000e+00,0.0000000000e+00,0.0000000000e+00
4.9238826317e+01,6.0463905586e-01,6.0463905586e-01,6.0463905586e-01,6.0463905586e-01,6.0463905586e-01,6.0463905586e-01,6.0463905586e-01,6.0463905586e-01,6.0463905586e-01,6.0463905586e-01,6.0463905586e-01,6.0463905586e-01,6.0463905586e-01,6.0463905586e-01,6.0463905586e-01,6.0463905586e-01,6.0463905586e-01,6.0463905586e-01,6.0463905586e-01,6.0463905586e-01,6.0463905586e-01,6.0463905586e-01,6.0463905586e-01,6.0463905586e-01,6.0463905586e-01,6.0463905586e-01,6.0463905586e-01,6.0463905586e-01,6.0463905586e-01,6.0463905586e-01,6.0463905586e-01,6.0463905586e-01,6.0463905586e-01,6.0463905586e-01,6.0463905586e-01,6.0463905586e-01,6.0463905586e-01,6.0463905586e-01,6.0463905586e-01,6.0463905586e-01,6.0463905586e-01,6.0463905586e-01,6.0463905586e-01,6.0463905586e-01,6.0463905586e-01,6.0463905586e-01,6.0463905586e-01,6.0463905586e-01,6.0463905586e-01,6.0463905586e-01,6.0463905586e-01,6.0463905586e-01,6.0463905586e-01,6.0463905586e-01,6.0463905586e-01,6.0463905586e-01,6.0463905586e-01,6.0463905586e-01,6.0463905586e-01,6.0463905586e-01,6.0463905586e-01,6.0463905586e-01,6.0463905586e-01,6.0463905586e-01,6.0463905586e-01,6.0463905586e-01,6.0463905586e-01,6.0463905586e-01,6.0463905586e-01,6.0463905586e-01,6.0463905586e-01,6.0463905586e-01,6.0463905586e-01,6.0463905586e-01,6.0463905586e-01,6.0463905586e-01,6.0463905586e-01,6.0463888318e-01,6.0463823287e-01,6.0463751796e-01,6.0463673202e-01,6.0463586800e-01,6.0463491815e-01,6.0463387394e-01,6.0463272599e-01,6.0463146401e-01,6.0463007665e-01,6.0462855147e-01,6.0462687477e-01,6.0461197441e-01,6.0458924375e-01,6.0456425590e-01,6.0453678681e-01,6.0450659023e-01,6.0446856009e-01,6.0441432807e-01,6.0435471396e-01,6.0428918426e-01,6.0409067867e-01,6.0382531358e-01,6.0351204654e-01,6.0291992212e-01,6.0226964329e-01,6.0146887574e-01,6.0052631126e-01,5.9924207579e-01,5.9732989747e-01,5.9459183570e-01,5.9067293489e-01,5.8539921646e-01,5.7851859323e-01,5.6940340337e-01,5.5567076500e-01,5.3464811537e-01,5.0131846773e-01,4.5243204540e-01,3.8213299930e-01,2.7273604295e-01,1.4503781599e-01,5.9455517151e-02,2.1462499397e-02,8.6376649488e-03,4.6277407355e-03,3.3346704304e-03,2.7601529206e-03,2.3980466459e-03,2.0954472581e-03,1.8066978728e-03,1.5225788072e-03,1.2429182715e-03,9.7178077828e-04,7.1682266650e-04,4.8755151636e-04,2.9194138134e-04,1.4384017873e-04,5.9341562149e-05,2.0483571292e-05,5.5415388936e-06,1.0525445586e-06,1.4499975081e-07,0.0000000000e+00,0.0000000000e+00,0.0000000000e+00,0.0000000000e+00,0.0000000000e+00,0.0000000000e+00,0.0000000000e+00,0.0000000000e+00,0.0000000000e+00,0.0000000000e+00,0.0000000000e+00,0.0000000000e+00,0.0000000000e+00,0.0000000000e+00,0.0000000000e+00,0.0000000000e+00,0.0000000000e+00,0.0000000000e+00,0.0000000000e+00,0.0000000000e+00,0.0000000000e+00,0.0000000000e+00,0.0000000000e+00,0.0000000000e+00,0.0000000000e+00,0.0000000000e+00,0.0000000000e+00,0.0000000000e+00,0.0000000000e+00,0.0000000000e+00,0.0000000000e+00,0.0000000000e+00,0.0000000000e+00,0.0000000000e+00,0.0000000000e+00,0.0000000000e+00,0.0000000000e+00,0.0000000000e+00,0.0000000000e+00,0.0000000000e+00,0.0000000000e+00,0.0000000000e+00,0.0000000000e+00,0.0000000000e+00,0.0000000000e+00,0.0000000000e+00,0.0000000000e+00,0.0000000000e+00,0.0000000000e+00,0.0000000000e+00,0.0000000000e+00,0.0000000000e+00,0.0000000000e+00,0.0000000000e+00,0.0000000000e+00,0.0000000000e+00,0.0000000000e+00,0.0000000000e+00,0.0000000000e+00,0.0000000000e+00
5.1468138568e+01,5.9643629612e-01,5.9643629612e-01,5.9643629612e-01,5.9643629612e-01,5.9643629612e-01,5.9643629612e-01,5.9643629612e-01,5.9643629612e-01,5.9643629612e-01,5.9643629612e-01,5.9643629612e-01,5.9643629612e-01,5.9643629612e-01,5.9643629612e-01,5.9643629612e-01,5.9643629612e-01,5.9643629612e-01,5.9643629612e-01,5.9643629612e-01,5.9643629612e-01,5.9643629612e-01,5.9643629612e-01,5.9643629612e-01,5.9643629612e-01,5.9643629612e-01,5.9643629612e-01,5.9643629612e-01,5.9643629612e-01,5.9643629612e-01,5.9643629612e-01,5.9643629612e-01,5.9643629612e-01,5.9643629612e-01,5.9643629612e-01,5.9643629612e-01,5.9643629612e-01,5.9643629612e-01,5.9643629612e-01,5.9643629612e-01,5.9643629612e-01,5.9643629612e-01,5.9643629612e-01,5.9643629612e-01,5.9643629612e-01,5.9643629612e-01,5.9643629612e-01,5.9643629612e-01,5.9643629612e-01,5.9643629612e-01,5.9643629612e-01,5.9643629612e-01,5.9643629612e-01,5.9643629612e-01,5.9643629612e-01,5.9643629612e-01,5.9643629612e-01,5.9643629612e-01,5.9643629612e-01,5.9643629612e-01,5.9643629612e-01,5.9643629612e-01,5.9643629612e-01,5.9643629612e-01,5.9643629612e-01,5.9643629612e-01,5.9643629612e-01,5.9643629612e-01,5.9643629612e-01,5.9643629612e-01,5.9643629612e-01,5.9643629612e-01,5.9643629612e-01,5.9643629612e-01,5.9643629612e-01,5.9643629612e-01,5.9643629612e-01,5.9643629612e-01,5.9643614127e-01,5.9643555808e-01,5.9643491696e-01,5.9643421215e-01,5.9643343732e-01,5.9643258552e-01,5.9643164909e-01,5.9643061963e-01,5.9642948791e-01,5.9642824376e-01,5.9642687601e-01,5.9642537238e-01,5.9641179943e-01,5.9639108102e-01,5.9636830517e-01,5.9634326764e-01,5.9631574397e-01,5.9628093490e-01,5.9623097050e-01,5.9617604720e-01,5.9611567336e-01,5.9593146068e-01,5.9568501776e-01,5.9539335338e-01,5.9483429830e-01,5.9422030944e-01,5.9344479745e-01,5.9252917052e-01,5.9127356625e-01,5.8938758133e-01,5.8666771467e-01,5.8274849915e-01,5.7744875688e-01,5.7053635063e-01,5.6139918959e-01,5.4776687548e-01,5.2710337088e-01,4.9465003434e-01,4.4738634984e-01,3.7970536925e-01,2.7455353608e-01,1.5020106548e-01,6.4103909779e-02,2.4302326996e-02,1.0261273875e-02,5.6972532260e-03,4.1803335194e-03,3.4869617276e-03,3.0404338918e-03,2.6638776697e-03,2.3036807436e-03,1.9484661813e-03,1.5980221253e-03,1.2572686000e-03,9.3529544555e-04,6.4358098689e-04,3.9206412428e-04,1.9849992941e-04,8.4869538735e-05,3.0582798956e-05,8.7208939812e-06,1.7732427855e-06,2.6714691053e-07,0.0000000000e+00,0.0000000000e+00,0.0000000000e+00,0.0000000000e+00,0.0000000000e+00,0.0000000000e+00,0.0000000000e+00,0.0000000000e+00,0.0000000000e+00,0.0000000000e+00,0.0000000000e+00,0.0000000000e+00,0.0000000000e+00,0.0000000000e+00,0.0000000000e+00,0.0000000000e+00,0.0000000000e+00,0.0000000000e+00,0.0000000000e+00,0.0000000000e+00,0.0000000000e+00,0.0000000000e+00,0.0000000000e+00,0.0000000000e+00,0.0000000000e+00,0.0000000000e+00,0.0000000000e+00,0.0000000000e+00,0.0000000000e+00,0.0000000000e+00,0.0000000000e+00,0.0000000000e+00,0.0000000000e+00,0.0000000000e+00,0.0000000000e+00,0.0000000000e+00,0.0000000000e+00,0.0000000000e+00,0.0000000000e+00,0.0000000000e+00,0.0000000000e+00,0.0000000000e+00,0.0000000000e+00,0.0000000000e+00,0.0000000000e+00,0.0000000000e+00,0.0000000000e+00,0.0000000000e+00,0.0000000000e+00,0.0000000000e+00,0.0000000000e+00,0.0000000000e+00,0.0000000000e+00,0.0000000000e+00,0.0000000000e+00,0.0000000000e+00,0.0000000000e+00,0.0000000000e+00,0.0000000000e+00,0.0000000000e+00
5.3798384034e+01,5.8743844719e-01,5.8743844719e-01,5.8743844719e-01,5.8743844719e-01,5.8743844719e-01,5.8743844719e-01,5.8743844719e-01,5.8743844719e-01,5.8743844719e-01,5.8743844719e-01,5.8743844719e-01,5.8743844719e-01,5.8743844719e-01,5.8743844719e-01,5.8743844719e-01,5.8743844719e-01,5.8743844719e-01,5.8743844719e-01,5.8743844719e-01,5.8743844719e-01,5.8743844719e-01,5.8743844719e-01,5.8743844719e-01,5.8743844719e-01,5.8743844719e-01,5.8743844719e-01,5.8743844719e-01,5.8743844719e-01,5.8743844719e-01,5.8743844719e-01,5.8743844719e-01,5.8743844719e-01,5.8743844719e-01,5.8743844719e-01,5.8743844719e-01,5.8743844719e-01,5.8743844719e-01,5.8743844719e-01,5.8743844719e-01,5.8743844719e-01,5.8743844719e-01,5.8743844719e-01,5.8743844719e-01,5.8743844719e-01,5.8743844719e-01,5.8743844719e-01,5.8743844719e-01,5.8743844719e-01,5.8743844719e-01,5.8743844719e-01,5.8743844719e-01,5.8743844719e-01,5.8743844719e-01,5.8743844719e-01,5.8743844719e-01,5.8743844719e-01,5.8743844719e-01,5.8743844719e-01,5.8743844719e-01,5.8743844719e-01,5.8743844719e-01,5.8743844719e-01,5.8743844719e-01,5.8743844719e-01,5.8743844719e-01,5.8743844719e-01,5.8743844719e-01,5.8743844719e-01,5.8743844719e-01,5.8743844719e-01,5.8743844719e-01,5.8743844719e-01,5.8743844719e-01,5.8743844719e-01,5.8743844719e-01,5.8743844719e-01,5.8743844719e-01,5.8743830812e-01,5.8743778434e-01,5.8743720853e-01,5.8743657551e-01,5.8743587961e-01,5.8743511457e-01,5.8743427354e-01,5.8743334895e-01,5.8743233251e-01,5.8743121509e-01,5.8742998666e-01,5.8742863620e-01,5.8741625485e-01,5.8739734402e-01,5.8737655518e-01,5.8735370192e-01,5.8732857931e-01,5.8729665515e-01,5.8725049282e-01,5.8719974867e-01,5.8714396838e-01,5.8697262708e-01,5.8674324547e-01,5.8647106253e-01,5.8594185485e-01,5.8536062391e-01,5.8460757244e-01,5.8371583512e-01,5.8248541732e-01,5.8062331477e-01,5.7792220849e-01,5.7400899475e-01,5.6869669752e-01,5.6177141796e-01,5.5263864299e-01,5.3914041216e-01,5.1887619027e-01,4.8734053685e-01,4.4173315348e-01,3.7669710088e-01,2.7583352238e-01,1.5505713968e-01,6.8790272702e-02,2.7336441640e-02,1.2084761096e-02,6.9401076270e-03,5.1792637432e-03,4.3517761748e-03,3.8077331168e-03,3.3449326421e-03,2.9011500435e-03,2.4625170237e-03,2.0287851180e-03,1.6058552992e-03,1.2043907961e-03,8.3806596459e-04,5.1906712610e-04,2.6973529152e-04,1.1932877002e-04,4.4803464019e-05,1.3435357183e-05,2.9161983349e-06,4.7871348846e-07,0.0000000000e+00,0.0000000000e+00,0.0000000000e+00,0.0000000000e+00,0.0000000000e+00,0.0000000000e+00,0.0000000000e+00,0.0000000000e+00,0.0000000000e+00,0.0000000000e+00,0.0000000000e+00,0.0000000000e+00,0.0000000000e+00,0.0000000000e+00,0.0000000000e+00,0.0000000000e+00,0.0000000000e+00,0.0000000000e+00,0.0000000000e+00,0.0000000000e+00,0.0000000000e+00,0.0000000000e+00,0.0000000000e+00,0.0000000000e+00,0.0000000000e+00,0.0000000000e+00,0.0000000000e+00,0.0000000000e+00,0.0000000000e+00,0.0000000000e+00,0.0000000000e+00,0.0000000000e+00,0.0000000000e+00,0.0000000000e+00,0.0000000000e+00,0.0000000000e+00,0.0000000000e+00,0.0000000000e+00,0.0000000000e+00,0.0000000000e+00,0.0000000000e+00,0.0000000000e+00,0.0000000000e+00,0.0000000000e+00,0.0000000000e+00,0.0000000000e+00,0.0000000000e+00,0.0000000000e+00,0.0000000000e+00,0.0000000000e+00,0.0000000000e+00,0.0000000000e+00,0.0000000000e+00,0.0000000000e+00,0.0000000000e+00,0.0000000000e+00,0.0000000000e+00,0.0000000000e+00,0.0000000000e+00,0.0000000000e+00
5.6234132519e+01,5.7756983521e-01,5.7756983521e-01,5.7756983521e-01,5.7756983521e-01,5.7756983521e-01,5.7756983521e-01,5.7756983521e-01,5.7756983521e-01,5.7756983521e-01,5.7756983521e-01,5.7756983521e-01,5.7756983521e-01,5.7756983521e-01,5.7756983521e-01,5.7756983521e-01,5.7756983521e-01,5.7756983521e-01,5.7756983521e-01,5.7756983521e-01,5.7756983521e-01,5.7756983521e-01,5.7756983521e-01,5.7756983521e-01,5.7756983521e-01,5.7756983521e-01,5.7756983521e-01,5.7756983521e-01,5.7756983521e-01,5.7756983521e-01,5.7756983521e-01,5.7756983521e-01,5.7756983521e-01,5.7756983521e-01,5.7756983521e-01,5.7756983521e-01,5.7756983521e-01,5.7756983521e-01,5.7756983521e-01,5.7756983521e-01,5.7756983521e-01,5.7756983521e-01,5.7756983521e-01,5.7756983521e-01,5.7756983521e-01,5.7756983521e-01,5.7756983521e-01,5.7756983521e-01,5.7756983521e-01,5.7756983521e-01,5.7756983521e-01,5.7756983521e-01,5.7756983521e-01,5.7756983521e-01,5.7756983521e-01,5.7756983521e-01,5.7756983521e-01,5.7756983521e-01,5.7756983521e-01,5.7756983521e-01,5.7756983521e-01,5.7756983521e-01,5.7756983521e-01,5.7756983521e-01,5.7756983521e-01,5.7756983521e-01,5.7756983521e-01,5.7756983521e-01,5.7756983521e-01,5.7756983521e-01,5.7756983521e-01,5.7756983521e-01,5.7756983521e-01,5.7756983521e-01,5.7756983521e-01,5.7756983521e-01,5.7756983521e-01,5.7756983521e-01,5.7756970978e-01,5.7756923738e-01,5.7756871806e-01,5.7756814714e-01,5.7756751950e-01,5.7756682952e-01,5.7756607098e-01,5.7756523709e-01,5.7756432036e-01,5.7756331256e-01,5.7756220464e-01,5.7756098665e-01,5.7754966900e-01,5.7753237399e-01,5.7751336141e-01,5.7749246073e-01,5.7746948454e-01,5.7744013127e-01,5.7739733827e-01,5.7735029765e-01,5.7729858819e-01,5.7713883555e-01,5.7692484227e-01,5.7667024249e-01,5.7616809796e-01,5.7561657228e-01,5.7488381551e-01,5.7401366571e-01,5.7280602348e-01,5.7096685144e-01,5.6828668120e-01,5.6438758120e-01,5.5907821321e-01,5.5216138429e-01,5.4306194185e-01,5.2973414872e-01,5.0991170137e-01,4.7933741953e-01,4.3542199773e-01,3.7305915080e-01,2.7652472848e-01,1.5954779824e-01,7.3468237066e-02,3.0547100031e-02,1.4110347844e-02,8.3663049377e-03,6.3433713790e-03,5.3666420373e-03,4.7115817951e-03,4.1496799790e-03,3.6095311241e-03,3.0744294378e-03,2.5440968757e-03,2.0255474608e-03,1.5311462444e-03,1.0769764428e-03,6.7774974558e-04,3.6108509019e-04,1.6503177508e-04,6.4442978113e-05,2.0277262076e-05,4.6855845295e-06,8.3535676787e-07,0.0000000000e+00,0.0000000000e+00,0.0000000000e+00,0.0000000000e+00,0.0000000000e+00,0.0000000000e+00,0.0000000000e+00,0.0000000000e+00,0.0000000000e+00,0.0000000000e+00,0.0000000000e+00,0.0000000000e+00,0.0000000000e+00,0.0000000000e+00,0.0000000000e+00,0.0000000000e+00,0.0000000000e+00,0.0000000000e+00,0.0000000000e+00,0.0000000000e+00,0.0000000000e+00,0.0000000000e+00,0.0000000000e+00,0.0000000000e+00,0.0000000000e+00,0.0000000000e+00,0.0000000000e+00,0.0000000000e+00,0.0000000000e+00,0.0000000000e+00,0.0000000000e+00,0.0000000000e+00,0.0000000000e+00,0.0000000000e+00,0.0000000000e+00,0.0000000000e+00,0.0000000000e+00,0.0000000000e+00,0.0000000000e+00,0.0000000000e+00,0.0000000000e+00,0.0000000000e+00,0.0000000000e+00,0.0000000000e+00,0.0000000000e+00,0.0000000000e+00,0.0000000000e+00,0.0000000000e+00,0.0000000000e+00,0.0000000000e+00,0.0000000000e+00,0.0000000000e+00,0.0000000000e+00,0.0000000000e+00,0.0000000000e+00,0.0000000000e+00,0.0000000000e+00,0.0000000000e+00,0.0000000000e+00,0.0000000000e+00
5.8780160723e+01,5.6674305863e-01,5.6674305863e-01,5.6674305863e-01,5.6674305863e-01,5.6674305863e-01,5.6674305863e-01,5.6674305863e-01,5.6674305863e-01,5.6674305863e-01,5.6674305863e-01,5.6674305863e-01,5.6674305863e-01,5.6674305863e-01,5.6674305863e-01,5.6674305863e-01,5.6674305863e-01,5.6674305863e-01,5.6674305863e-01,5.6674305863e-01,5.6674305863e-01,5.6674305863e-01,5.6674305863e-01,5.6674305863e-01,5.6674305863e-01,5.6674305863e-01,5.6674305863e-01,5.6674305863e-01,5.6674305863e-01,5.6674305863e-01,5.6674305863e-01,5.6674305863e-01,5.6674305863e-01,5.6674305863e-01,5.6674305863e-01,5.6674305863e-01,5.6674305863e-01,5.6674305863e-01,5.6674305863e-01,5.6674305863e-01,5.6674305863e-01,5.6674305863e-01,5.6674305863e-01,5.6674305863e-01,5.6674305863e-01,5.6674305863e-01,5.6674305863e-01,5.6674305863e-01,5.6674305863e-01,5.6674305863e-01,5.6674305863e-01,5.6674305863e-01,5.6674305863e-01,5.6674305863e-01,5.6674305863e-01,5.6674305863e-01,5.6674305863e-01,5.6674305863e-01,5.6674305863e-01,5.6674305863e-01,5.6674305863e-01,5.6674305863e-01,5.6674305863e-01,5.6674305863e-01,5.6674305863e-01,5.6674305863e-01,5.6674305863e-01,5.6674305863e-01,5.6674305863e-01,5.6674305863e-01,5.6674305863e-01,5.6674305863e-01,5.6674305863e-01,5.6674305863e-01,5.6674305863e-01,5.6674305863e-01,5.6674305863e-01,5.6674305863e-01,5.6674305863e-01,5.6674305863e-01,5.6674262894e-01,5.6674204857e-01,5.6674141055e-01,5.6674070915e-01,5.6673993807e-01,5.6673909039e-01,5.6673815849e-01,5.6673713401e-01,5.6673600777e-01,5.6673476963e-01,5.6673340850e-01,5.6672829020e-01,5.6670815457e-01,5.6668601940e-01,5.6666168619e-01,5.6663493680e-01,5.6660553143e-01,5.6650689687e-01,5.6638262296e-01,5.6624603447e-01,5.6606345994e-01,5.6576684251e-01,5.6544093689e-01,5.6492726957e-01,5.6425820171e-01,5.6333587949e-01,5.6211897318e-01,5.6023529705e-01,5.5766451086e-01,5.5374520143e-01,5.4835420980e-01,5.4159706357e-01,5.3267015714e-01,5.1960688509e-01,5.0029592160e-01,4.7053266401e-01,4.2854483888e-01,3.6785855964e-01,2.7625121718e-01,1.6373995045e-01,7.8060802850e-02,3.3916534356e-02,1.6378990922e-02,1.0033071221e-02,7.7130275517e-03,6.5681230911e-03,5.7860816725e-03,5.1089009515e-03,4.4563684275e-03,3.8086397437e-03,3.1653916408e-03,2.5344149390e-03,1.9302269440e-03,1.3719187616e-03,8.7662545140e-04,4.7835722170e-04,2.2558349330e-04,9.1454267180e-05,3.0128386391e-05,7.3815074239e-06,1.3724901119e-06,2.1595467531e-07,2.9858700369e-08,0.0000000000e+00,0.0000000000e+00,0.0000000000e+00,0.0000000000e+00,0.0000000000e+00,0.0000000000e+00,0.0000000000e+00,0.0000000000e+00,0.0000000000e+00,0.0000000000e+00,0.0000000000e+00,0.0000000000e+00,0.0000000000e+00,0.0000000000e+00,0.0000000000e+00,0.0000000000e+00,0.0000000000e+00,0.0000000000e+00,0.0000000000e+00,0.0000000000e+00,0.0000000000e+00,0.0000000000e+00,0.0000000000e+00,0.0000000000e+00,0.0000000000e+00,0.0000000000e+00,0.0000000000e+00,0.0000000000e+00,0.0000000000e+00,0.0000000000e+00,0.0000000000e+00,0.0000000000e+00,0.0000000000e+00,0.0000000000e+00,0.0000000000e+00,0.0000000000e+00,0.0000000000e+00,0.0000000000e+00,0.0000000000e+00,0.0000000000e+00,0.0000000000e+00,0.0000000000e+00,0.0000000000e+00,0.0000000000e+00,0.0000000000e+00,0.0000000000e+00,0.0000000000e+00,0.0000000000e+00,0.0000000000e+00,0.0000000000e+00,0.0000000000e+00,0.0000000000e+00,0.0000000000e+00,0.0000000000e+00,0.0000000000e+00,0.0000000000e+00,0.0000000000e+00,0.0000000000e+00
6.1441461614e+01,5.5492572352e-01,5.5492572352e-01,5.5492572352e-01,5.5492572352e-01,5.5492572352e-01,5.5492572352e-01,5.5492572352e-01,5.5492572352e-01,5.5492572352e-01,5.5492572352e-01,5.5492572352e-01,5.5492572352e-01,5.5492572352e-01,5.5492572352e-01,5.5492572352e-01,5.5492572352e-01,5.5492572352e-01,5.5492572352e-01,5.5492572352e-01,5.5492572352e-01,5.5492572352e-01,5.5492572352e-01,5.5492572352e-01,5.5492572352e-01,5.5492572352e-01,5.5492572352e-01,5.5492572352e-01,5.5492572352e-01,5.5492572352e-01,5.5492572352e-01,5.5492572352e-01,5.5492572352e-01,5.5492572352e-01,5.5492572352e-01,5.5492572352e-01,5.5492572352e-01,5.5492572352e-01,5.5492572352e-01,5.5492572352e-01,5.5492572352e-01,5.5492572352e-01,5.5492572352e-01,5.5492572352e-01,5.5492572352e-01,5.5492572352e-01,5.5492572352e-01,5.5492572352e-01,5.5492572352e-01,5.5492572352e-01,5.5492572352e-01,5.5492572352e-01,5.5492572352e-01,5.5492572352e-01,5.5492572352e-01,5.5492572352e-01,5.5492572352e-01,5.5492572352e-01,5.5492572352e-01,5.5492572352e-01,5.5492572352e-01,5.5492572352e-01,5.5492572352e-01,5.5492572352e-01,5.5492572352e-01,5.5492572352e-01,5.5492572352e-01,5.5492572352e-01,5.5492572352e-01,5.5492572352e-01,5.5492572352e-01,5.5492572352e-01,5.5492572352e-01,5.5492572352e-01,5.5492572352e-01,5.5492572352e-01,5.5492572352e-01,5.5492572352e-01,5.5492572352e-01,5.5492572352e-01,5.5492531533e-01,5.5492476401e-01,5.5492415792e-01,5.5492349161e-01,5.5492275911e-01,5.5492195385e-01,5.5492106858e-01,5.5492009537e-01,5.5491902548e-01,5.5491784931e-01,5.5491655628e-01,5.5491179232e-01,5.5489316566e-01,5.5487268925e-01,5.5485017947e-01,5.5482543451e-01,5.5479823253e-01,5.5470722273e-01,5.5459257267e-01,5.5446656001e-01,5.5429576843e-01,5.5401257336e-01,5.5370141114e-01,5.5320442125e-01,5.5255398964e-01,5.5165502745e-01,5.5046691580e-01,5.4861067745e-01,5.4606969116e-01,5.4218820145e-01,5.3683940242e-01,5.3012924625e-01,5.2129151518e-01,5.0847700669e-01,4.8969735106e-01,4.6099854219e-01,4.2076391769e-01,3.6288765351e-01,2.7565451639e-01,1.6733307532e-01,8.2568392996e-02,3.7399661659e-02,1.8794277449e-02,1.1842967330e-02,9.2323004240e-03,7.9103469012e-03,6.9906373078e-03,6.1881601111e-03,5.4129343556e-03,4.6416120254e-03,3.8738493233e-03,3.1187275082e-03,2.3927260532e-03,1.7177769897e-03,1.1139647232e-03,6.2193496029e-04,3.0215026016e-04,1.2696305437e-04,4.3706121401e-05,1.1337317550e-05,2.2635319273e-06,3.8567175388e-07,6.1515269175e-08,0.0000000000e+00,0.0000000000e+00,0.0000000000e+00,0.0000000000e+00,0.0000000000e+00,0.0000000000e+00,0.0000000000e+00,0.0000000000e+00,0.0000000000e+00,0.0000000000e+00,0.0000000000e+00,0.0000000000e+00,0.0000000000e+00,0.0000000000e+00,0.0000000000e+00,0.0000000000e+00,0.0000000000e+00,0.0000000000e+00,0.0000000000e+00,0.0000000000e+00,0.0000000000e+00,0.0000000000e+00,0.0000000000e+00,0.0000000000e+00,0.0000000000e+00,0.0000000000e+00,0.0000000000e+00,0.0000000000e+00,0.0000000000e+00,0.0000000000e+00,0.0000000000e+00,0.0000000000e+00,0.0000000000e+00,0.0000000000e+00,0.0000000000e+00,0.0000000000e+00,0.0000000000e+00,0.0000000000e+00,0.0000000000e+00,0.0000000000e+00,0.0000000000e+00,0.0000000000e+00,0.0000000000e+00,0.0000000000e+00,0.0000000000e+00,0.0000000000e+00,0.0000000000e+00,0.0000000000e+00,0.0000000000e+00,0.0000000000e+00,0.0000000000e+00,0.0000000000e+00,0.0000000000e+00,0.0000000000e+00,0.0000000000e+00,0.0000000000e+00,0.0000000000e+00,0.0000000000e+00
6.4223254222e+01,5.4209925291e-01,5.4209925291e-01,5.4209925291e-01,5.4209925291e-01,5.4209925291e-01,5.4209925291e-01,5.4209925291e-01,5.4209925291e-01,5.4209925291e-01,5.4209925291e-01,5.4209925291e-01,5.4209925291e-01,5.4209925291e-01,5.4209925291e-01,5.4209925291e-01,5.4209925291e-01,5.4209925291e-01,5.4209925291e-01,5.4209925291e-01,5.4209925291e-01,5.4209925291e-01,5.4209925291e-01,5.4209925291e-01,5.4209925291e-01,5.4209925291e-01,5.4209925291e-01,5.4209925291e-01,5.4209925291e-01,5.4209925291e-01,5.4209925291e-01,5.4209925291e-01,5.4209925291e-01,5.4209925291e-01,5.4209925291e-01,5.4209925291e-01,5.4209925291e-01,5.4209925291e-01,5.4209925291e-01,5.4209925291e-01,5.4209925291e-01,5.4209925291e-01,5.4209925291e-01,5.4209925291e-01,5.4209925291e-01,5.4209925291e-01,5.4209925291e-01,5.4209925291e-01,5.4209925291e-01,5.4209925291e-01,5.4209925291e-01,5.4209925291e-01,5.4209925291e-01,5.4209925291e-01,5.4209925291e-01,5.4209925291e-01,5.4209925291e-01,5.4209925291e-01,5.4209925291e-01,5.4209925291e-01,5.4209925291e-01,5.4209925291e-01,5.4209925291e-01,5.4209925291e-01,5.4209925291e-01,5.4209925291e-01,5.4209925291e-01,5.4209925291e-01,5.4209925291e-01,5.4209925291e-01,5.4209925291e-01,5.4209925291e-01,5.4209925291e-01,5.4209925291e-01,5.4209925291e-01,5.4209925291e-01,5.4209925291e-01,5.4209925291e-01,5.4209925291e-01,5.4209925291e-01,5.4209885693e-01,5.4209832210e-01,5.4209773414e-01,5.4209708777e-01,5.4209637719e-01,5.4209559602e-01,5.4209473724e-01,5.4209379315e-01,5.4209275527e-01,5.4209161428e-01,5.4209035995e-01,5.4208588672e-01,5.4206857392e-01,5.4204954181e-01,5.4202861973e-01,5.4200562006e-01,5.4198033661e-01,5.4189617332e-01,5.4179018076e-01,5.4167368227e-01,5.4151354987e-01,5.4124266892e-01,5.4094503357e-01,5.4046376881e-01,5.3983118811e-01,5.3895487335e-01,5.3779494006e-01,5.3596856496e-01,5.3346284177e-01,5.2963115918e-01,5.2434432250e-01,5.1770781901e-01,5.0899339183e-01,4.9646735087e-01,4.7826313889e-01,4.5067206049e-01,4.1222392780e-01,3.5717498537e-01,2.7433580467e-01,1.7038925831e-01,8.6907287060e-02,4.0970512337e-02,2.1385597012e-02,1.3840474297e-02,1.0931393138e-02,9.4208637872e-03,8.3512992238e-03,7.4112251636e-03,6.5007552156e-03,5.5927176240e-03,4.6867561472e-03,3.7933603839e-03,2.9310459873e-03,2.1247255475e-03,1.3976272113e-03,7.9759215534e-04,3.9866395373e-04,1.7335076725e-04,6.2237220661e-05,1.7051673598e-05,3.6442987265e-06,6.7005707099e-07,1.2011931419e-07,0.0000000000e+00,0.0000000000e+00,0.0000000000e+00,0.0000000000e+00,0.0000000000e+00,0.0000000000e+00,0.0000000000e+00,0.0000000000e+00,0.0000000000e+00,0.0000000000e+00,0.0000000000e+00,0.0000000000e+00,0.0000000000e+00,0.0000000000e+00,0.0000000000e+00,0.0000000000e+00,0.0000000000e+00,0.0000000000e+00,0.0000000000e+00,0.0000000000e+00,0.0000000000e+00,0.0000000000e+00,0.0000000000e+00,0.0000000000e+00,0.0000000000e+00,0.0000000000e+00,0.0000000000e+00,0.0000000000e+00,0.0000000000e+00,0.0000000000e+00,0.0000000000e+00,0.0000000000e+00,0.0000000000e+00,0.0000000000e+00,0.0000000000e+00,0.0000000000e+00,0.0000000000e+00,0.0000000000e+00,0.0000000000e+00,0.0000000000e+00,0.0000000000e+00,0.0000000000e+00,0.0000000000e+00,0.0000000000e+00,0.0000000000e+00,0.0000000000e+00,0.0000000000e+00,0.0000000000e+00,0.0000000000e+00,0.0000000000e+00,0.0000000000e+00,0.0000000000e+00,0.0000000000e+00,0.0000000000e+00,0.0000000000e+00,0.0000000000e+00,0.0000000000e+00,0.0000000000e+00
6.7130993868e+01,5.2825822261e-01,5.2825822261e-01,5.2825822261e-01,5.2825822261e-01,5.2825822261e-01,5.2825822261e-01,5.2825822261e-01,5.2825822261e-01,5.2825822261e-01,5.2825822261e-01,5.2825822261e-01,5.2825822261e-01,5.2825822261e-01,5.2825822261e-01,5.2825822261e-01,5.2825822261e-01,5.2825822261e-01,5.2825822261e-01,5.2825822261e-01,5.2825822261e-01,5.2825822261e-01,5.2825822261e-01,5.2825822261e-01,5.2825822261e-01,5.2825822261e-01,5.2825822261e-01,5.2825822261e-01,5.2825822261e-01,5.2825822261e-01,5.2825822261e-01,5.2825822261e-01,5.2825822261e-01,5.2825822261e-01,5.2825822261e-01,5.2825822261e-01,5.2825822261e-01,5.2825822261e-01,5.2825822261e-01,5.2825822261e-01,5.2825822261e-01,5.2825822261e-01,5.2825822261e-01,5.2825822261e-01,5.2825822261e-01,5.2825822261e-01,5.2825822261e-01,5.2825822261e-01,5.2825822261e-01,5.2825822261e-01,5.2825822261e-01,5.2825822261e-01,5.2825822261e-01,5.2825822261e-01,5.2825822261e-01,5.2825822261e-01,5.2825822261e-01,5.2825822261e-01,5.2825822261e-01,5.2825822261e-01,5.2825822261e-01,5.2825822261e-01,5.2825822261e-01,5.2825822261e-01,5.2825822261e-01,5.2825822261e-01,5.2825822261e-01,5.2825822261e-01,5.2825822261e-01,5.2825822261e-01,5.2825822261e-01,5.2825822261e-01,5.2825822261e-01,5.2825822261e-01,5.2825822261e-01,5.2825822261e-01,5.2825822261e-01,5.2825822261e-01,5.2825822261e-01,5.2825822261e-01,5.2825782907e-01,5.2825729755e-01,5.2825671322e-01,5.2825607084e-01,5.2825536465e-01,5.2825458830e-01,5.2825373482e-01,5.2825279656e-01,5.2825176508e-01,5.2825063114e-01,5.2824938455e-01,5.2824513960e-01,5.2822895811e-01,5.2821116965e-01,5.2819161467e-01,5.2817011783e-01,5.2814648639e-01,5.2806845623e-01,5.2797023681e-01,5.2786228084e-01,5.2771180394e-01,5.2745232346e-01,5.2716721204e-01,5.2670103451e-01,5.2608591815e-01,5.2523208676e-01,5.2410043758e-01,5.2230719293e-01,5.1984308464e-01,5.1607396998e-01,5.1086948794e-01,5.0433382363e-01,4.9577707940e-01,4.8357887695e-01,4.6599282487e-01,4.3954990475e-01,4.0291729401e-01,3.5070659676e-01,2.7226899163e-01,1.7286087522e-01,9.1021176237e-02,4.4588806704e-02,2.4132317698e-02,1.6016248183e-02,1.2805699162e-02,1.1097347975e-02,9.8671450969e-03,8.7782702639e-03,7.7209691541e-03,6.6639545710e-03,5.6068635334e-03,4.5617008047e-03,3.5490624526e-03,2.5969381968e-03,1.7318492583e-03,1.0092896249e-03,5.1837270054e-04,2.3289724432e-04,8.7046953812e-05,2.5131320373e-05,5.7326144893e-06,1.1337912773e-06,2.2522534773e-07,0.0000000000e+00,0.0000000000e+00,0.0000000000e+00,0.0000000000e+00,0.0000000000e+00,0.0000000000e+00,0.0000000000e+00,0.0000000000e+00,0.0000000000e+00,0.0000000000e+00,0.0000000000e+00,0.0000000000e+00,0.0000000000e+00,0.0000000000e+00,0.0000000000e+00,0.0000000000e+00,0.0000000000e+00,0.0000000000e+00,0.0000000000e+00,0.0000000000e+00,0.0000000000e+00,0.0000000000e+00,0.0000000000e+00,0.0000000000e+00,0.0000000000e+00,0.0000000000e+00,0.0000000000e+00,0.0000000000e+00,0.0000000000e+00,0.0000000000e+00,0.0000000000e+00,0.0000000000e+00,0.0000000000e+00,0.0000000000e+00,0.0000000000e+00,0.0000000000e+00,0.0000000000e+00,0.0000000000e+00,0.0000000000e+00,0.0000000000e+00,0.0000000000e+00,0.0000000000e+00,0.0000000000e+00,0.0000000000e+00,0.0000000000e+00,0.0000000000e+00,0.0000000000e+00,0.0000000000e+00,0.0000000000e+00,0.0000000000e+00,0.0000000000e+00,0.0000000000e+00,0.0000000000e+00,0.0000000000e+00,0.0000000000e+00,0.0000000000e+00,0.0000000000e+00,0.0000000000e+00
7.0170382867e+01,5.1342340542e-01,5.1342340542e-01,5.1342340542e-01,5.1342340542e-01,5.1342340542e-01,5.1342340542e-01,5.1342340542e-01,5.1342340542e-01,5.1342340542e-01,5.1342340542e-01,5.1342340542e-01,5.1342340542e-01,5.1342340542e-01,5.1342340542e-01,5.1342340542e-01,5.1342340542e-01,5.1342340542e-01,5.1342340542e-01,5.1342340542e-01,5.1342340542e-01,5.1342340542e-01,5.1342340542e-01,5.1342340542e-01,5.1342340542e-01,5.1342340542e-01,5.1342340542e-01,5.1342340542e-01,5.1342340542e-01,5.1342340542e-01,5.1342340542e-01,5.1342340542e-01,5.1342340542e-01,5.1342340542e-01,5.1342340542e-01,5.1342340542e-01,5.1342340542e-01,5.1342340542e-01,5.1342340542e-01,5.1342340542e-01,5.1342340542e-01,5.1342340542e-01,5.1342340542e-01,5.1342340542e-01,5.1342340542e-01,5.1342340542e-01,5.1342340542e-01,5.1342340542e-01,5.1342340542e-01,5.1342340542e-01,5.1342340542e-01,5.1342340542e-01,5.1342340542e-01,5.1342340542e-01,5.1342340542e-01,5.1342340542e-01,5.1342340542e-01,5.1342340542e-01,5.1342340542e-01,5.1342340542e-01,5.1342340542e-01,5.1342340542e-01,5.1342340542e-01,5.1342340542e-01,5.1342340542e-01,5.1342340542e-01,5.1342340542e-01,5.1342340542e-01,5.1342340542e-01,5.1342340542e-01,5.1342340542e-01,5.1342340542e-01,5.1342340542e-01,5.1342340542e-01,5.1342340542e-01,5.1342340542e-01,5.1342340542e-01,5.1342340542e-01,5.1342340542e-01,5.1342340542e-01,5.1342300417e-01,5.1342246222e-01,5.1342186644e-01,5.1342121148e-01,5.1342049144e-01,5.1341969988e-01,5.1341882967e-01,5.1341787302e-01,5.1341682134e-01,5.1341566517e-01,5.1341439415e-01,5.1341031642e-01,5.1339509619e-01,5.1337836443e-01,5.1335997108e-01,5.1333975119e-01,5.1331752347e-01,5.1324497393e-01,5.1315371987e-01,5.1305341886e-01,5.1291170366e-01,5.1266288261e-01,5.1238948165e-01,5.1193802256e-01,5.1134032032e-01,5.1050926680e-01,5.0940660751e-01,5.0765040813e-01,5.0523489521e-01,5.0154150917e-01,4.9643989003e-01,4.9003214609e-01,4.8166694000e-01,4.6983465093e-01,4.5290687957e-01,4.2764818798e-01,3.9285406846e-01,3.4348393398e-01,2.6944054478e-01,1.7470858458e-01,9.4855387696e-02,4.8210342456e-02,2.7007806365e-02,1.8354870289e-02,1.4844961322e-02,1.2932321076e-02,1.1532596213e-02,1.0285299555e-02,9.0710289666e-03,7.8541292723e-03,6.6342315432e-03,5.4249457150e-03,4.2489587450e-03,3.1373841754e-03,2.1201319278e-03,1.2606764836e-03,6.6452022988e-04,3.0803766422e-04,1.1964654758e-04,3.6320106269e-05,8.8176733617e-06,1.8703998569e-06,4.0810928164e-07,0.0000000000e+00,0.0000000000e+00,0.0000000000e+00,0.0000000000e+00,0.0000000000e+00,0.0000000000e+00,0.0000000000e+00,0.0000000000e+00,0.0000000000e+00,0.0000000000e+00,0.0000000000e+00,0.0000000000e+00,0.0000000000e+00,0.0000000000e+00,0.0000000000e+00,0.0000000000e+00,0.0000000000e+00,0.0000000000e+00,0.0000000000e+00,0.0000000000e+00,0.0000000000e+00,0.0000000000e+00,0.0000000000e+00,0.0000000000e+00,0.0000000000e+00,0.0000000000e+00,0.0000000000e+00,0.0000000000e+00,0.0000000000e+00,0.0000000000e+00,0.0000000000e+00,0.0000000000e+00,0.0000000000e+00,0.0000000000e+00,0.0000000000e+00,0.0000000000e+00,0.0000000000e+00,0.0000000000e+00,0.0000000000e+00,0.0000000000e+00,0.0000000000e+00,0.0000000000e+00,0.0000000000e+00,0.0000000000e+00,0.0000000000e+00,0.0000000000e+00,0.0000000000e+00,0.0000000000e+00,0.0000000000e+00,0.0000000000e+00,0.0000000000e+00,0.0000000000e+00,0.0000000000e+00,0.0000000000e+00,0.0000000000e+00,0.0000000000e+00,0.0000000000e+00,0.0000000000e+00
7.3347381708e+01,4.9803108653e-01,4.9803108653e-01,4.9803108653e-01,4.9803108653e-01,4.9803108653e-01,4.9803108653e-01,4.9803108653e-01,4.9803108653e-01,4.9803108653e-01,4.9803108653e-01,4.9803108653e-01,4.9803108653e-01,4.9803108653e-01,4.9803108653e-01,4.9803108653e-01,4.9803108653e-01,4.9803108653e-01,4.9803108653e-01,4.9803108653e-01,4.9803108653e-01,4.9803108653e-01,4.9803108653e-01,4.9803108653e-01,4.9803108653e-01,4.9803108653e-01,4.9803108653e-01,4.9803108653e-01,4.9803108653e-01,4.9803108653e-01,4.9803108653e-01,4.9803108653e-01,4.9803108653e-01,4.9803108653e-01,4.9803108653e-01,4.9803108653e-01,4.9803108653e-01,4.9803108653e-01,4.9803108653e-01,4.9803108653e-01,4.9803108653e-01,4.9803108653e-01,4.9803108653e-01,4.9803108653e-01,4.9803108653e-01,4.9803108653e-01,4.9803108653e-01,4.9803108653e-01,4.9803108653e-01,4.9803108653e-01,4.9803108653e-01,4.9803108653e-01,4.9803108653e-01,4.9803108653e-01,4.9803108653e-01,4.9803108653e-01,4.9803108653e-01,4.9803108653e-01,4.9803108653e-01,4.9803108653e-01,4.9803108653e-01,4.9803108653e-01,4.9803108653e-01,4.9803108653e-01,4.9803108653e-01,4.9803108653e-01,4.9803108653e-01,4.9803108653e-01,4.9803108653e-01,4.9803108653e-01,4.9803108653e-01,4.9803108653e-01,4.9803108653e-01,4.9803108653e-01,4.9803108653e-01,4.9803108653e-01,4.9803108653e-01,4.9803108653e-01,4.9803108653e-01,4.9803108653e-01,4.9803108653e-01,4.9803084526e-01,4.9803006874e-01,4.9802921508e-01,4.9802827661e-01,4.9802724491e-01,4.9802611072e-01,4.9802486385e-01,4.9802349312e-01,4.9802198622e-01,4.9802032962e-01,4.9801850845e-01,4.9801650636e-01,4.9800110840e-01,4.9797911305e-01,4.9795493369e-01,4.9792835357e-01,4.9789913448e-01,4.9783581434e-01,4.9770231096e-01,4.9755558595e-01,4.9739433441e-01,4.9700249298e-01,4.9651092625e-01,4.9593015574e-01,4.9501239207e-01,4.9399584081e-01,4.9217720348e-01,4.8982618150e-01,4.8613300022e-01,4.8113519701e-01,4.7483396569e-01,4.6666484522e-01,4.5520492445e-01,4.3854461927e-01,4.1470896627e-01,3.8162525215e-01,3.3592082253e-01,2.6496859434e-01,1.7518736311e-01,9.8317446853e-02,5.1921141403e-02,3.0080138551e-02,2.0865968722e-02,1.7082503776e-02,1.4955480850e-02,1.3374031038e-02,1.1957539136e-02,1.0574136340e-02,9.1845364565e-03,7.7878004184e-03,6.3995743118e-03,5.0451340750e-03,3.7578736028e-03,2.5720587478e-03,1.5591619784e-03,8.4254122052e-04,4.0243333341e-04,1.6220888833e-04,5.1677632740e-05,1.3311815093e-05,2.9885309056e-06,5.6685316942e-07,9.2065379524e-08,0.0000000000e+00,0.0000000000e+00,0.0000000000e+00,0.0000000000e+00,0.0000000000e+00,0.0000000000e+00,0.0000000000e+00,0.0000000000e+00,0.0000000000e+00,0.0000000000e+00,0.0000000000e+00,0.0000000000e+00,0.0000000000e+00,0.0000000000e+00,0.0000000000e+00,0.0000000000e+00,0.0000000000e+00,0.0000000000e+00,0.0000000000e+00,0.0000000000e+00,0.0000000000e+00,0.0000000000e+00,0.0000000000e+00,0.0000000000e+00,0.0000000000e+00,0.0000000000e+00,0.0000000000e+00,0.0000000000e+00,0.0000000000e+00,0.0000000000e+00,0.0000000000e+00,0.0000000000e+00,0.0000000000e+00,0.0000000000e+00,0.0000000000e+00,0.0000000000e+00,0.0000000000e+00,0.0000000000e+00,0.0000000000e+00,0.0000000000e+00,0.0000000000e+00,0.0000000000e+00,0.0000000000e+00,0.0000000000e+00,0.0000000000e+00,0.0000000000e+00,0.0000000000e+00,0.0000000000e+00,0.0000000000e+00,0.0000000000e+00,0.0000000000e+00,0.0000000000e+00,0.0000000000e+00,0.0000000000e+00,0.0000000000e+00,0.0000000000e+00,0.0000000000e+00
7.6668220745e+01,4.8133613368e-01,4.8133613368e-01,4.8133613368e-01,4.8133613368e-01,4.8133613368e-01,4.8133613368e-01,4.8133613368e-01,4.8133613368e-01,4.8133613368e-01,4.8133613368e-01,4.8133613368e-01,4.8133613368e-01,4.8133613368e-01,4.8133613368e-01,4.8133613368e-01,4.8133613368e-01,4.8133613368e-01,4.8133613368e-01,4.8133613368e-01,4.8133613368e-01,4.8133613368e-01,4.8133613368e-01,4.8133613368e-01,4.8133613368e-01,4.8133613368e-01,4.8133613368e-01,4.8133613368e-01,4.8133613368e-01,4.8133613368e-01,4.8133613368e-01,4.8133613368e-01,4.8133613368e-01,4.8133613368e-01,4.8133613368e-01,4.8133613368e-01,4.8133613368e-01,4.8133613368e-01,4.8133613368e-01,4.8133613368e-01,4.8133613368e-01,4.8133613368e-01,4.8133613368e-01,4.8133613368e-01,4.8133613368e-01,4.8133613368e-01,4.8133613368e-01,4.8133613368e-01,4.8133613368e-01,4.8133613368e-01,4.8133613368e-01,4.8133613368e-01,4.8133613368e-01,4.8133613368e-01,4.8133613368e-01,4.8133613368e-01,4.8133613368e-01,4.8133613368e-01,4.8133613368e-01,4.8133613368e-01,4.8133613368e-01,4.8133613368e-01,4.8133613368e-01,4.8133613368e-01,4.8133613368e-01,4.8133613368e-01,4.8133613368e-01,4.8133613368e-01,4.8133613368e-01,4.8133613368e-01,4.8133613368e-01,4.8133613368e-01,4.8133613368e-01,4.8133613368e-01,4.8133613368e-01,4.8133613368e-01,4.8133613368e-01,4.8133613368e-01,4.8133613368e-01,4.8133613368e-01,4.8133613368e-01,4.8133587284e-01,4.8133503333e-01,4.8133411041e-01,4.8133309581e-01,4.8133198042e-01,4.8133075422e-01,4.8132940620e-01,4.8132792428e-01,4.8132629513e-01,4.8132450414e-01,4.8132253524e-01,4.8132037074e-01,4.8130559206e-01,4.8128458388e-01,4.8126148969e-01,4.8123610247e-01,4.8120819471e-01,4.8114812076e-01,4.8102188138e-01,4.8088313893e-01,4.8073065924e-01,4.8035640927e-01,4.7988642691e-01,4.7932995980e-01,4.7844301432e-01,4.7746042052e-01,4.7568960099e-01,4.7340258105e-01,4.6981566500e-01,4.6496322128e-01,4.5884888346e-01,4.5094187545e-01,4.3992008989e-01,4.2402012013e-01,4.0141157495e-01,3.7019732113e-01,3.2723193412e-01,2.6069477104e-01,1.7574466615e-01,1.0144018973e-01,5.5400908179e-02,3.3108535973e-02,2.3455880467e-02,1.9395654223e-02,1.7061647006e-02,1.5300541399e-02,1.3713252246e-02,1.2158995919e-02,1.0593899045e-02,9.0169392017e-03,7.4454919701e-03,5.9068519273e-03,4.4373593408e-03,3.0747638770e-03,1.8986411315e-03,1.0506224867e-03,5.1636773182e-04,2.1560344776e-04,7.1924331730e-05,1.9611239552e-05,4.6857548161e-06,9.5283071709e-07,1.6682288278e-07,0.0000000000e+00,0.0000000000e+00,0.0000000000e+00,0.0000000000e+00,0.0000000000e+00,0.0000000000e+00,0.0000000000e+00,0.0000000000e+00,0.0000000000e+00,0.0000000000e+00,0.0000000000e+00,0.0000000000e+00,0.0000000000e+00,0.0000000000e+00,0.0000000000e+00,0.0000000000e+00,0.0000000000e+00,0.0000000000e+00,0.0000000000e+00,0.0000000000e+00,0.0000000000e+00,0.0000000000e+00,0.0000000000e+00,0.0000000000e+00,0.0000000000e+00,0.0000000000e+00,0.0000000000e+00,0.0000000000e+00,0.0000000000e+00,0.0000000000e+00,0.0000000000e+00,0.0000000000e+00,0.0000000000e+00,0.0000000000e+00,0.0000000000e+00,0.0000000000e+00,0.0000000000e+00,0.0000000000e+00,0.0000000000e+00,0.0000000000e+00,0.0000000000e+00,0.0000000000e+00,0.0000000000e+00,0.0000000000e+00,0.0000000000e+00,0.0000000000e+00,0.0000000000e+00,0.0000000000e+00,0.0000000000e+00,0.0000000000e+00,0.0000000000e+00,0.0000000000e+00,0.0000000000e+00,0.0000000000e+00,0.0000000000e+00,0.0000000000e+00,0.0000000000e+00
8.0139412415e+01,4.6388154903e-01,4.6388154903e-01,4.6388154903e-01,4.6388154903e-01,4.6388154903e-01,4.6388154903e-01,4.6388154903e-01,4.6388154903e-01,4.6388154903e-01,4.6388154903e-01,4.6388154903e-01,4.6388154903e-01,4.6388154903e-01,4.6388154903e-01,4.6388154903e-01,4.6388154903e-01,4.6388154903e-01,4.6388154903e-01,4.6388154903e-01,4.6388154903e-01,4.6388154903e-01,4.6388154903e-01,4.6388154903e-01,4.6388154903e-01,4.6388154903e-01,4.6388154903e-01,4.6388154903e-01,4.6388154903e-01,4.6388154903e-01,4.6388154903e-01,4.6388154903e-01,4.6388154903e-01,4.6388154903e-01,4.6388154903e-01,4.6388154903e-01,4.6388154903e-01,4.6388154903e-01,4.6388154903e-01,4.6388154903e-01,4.6388154903e-01,4.6388154903e-01,4.6388154903e-01,4.6388154903e-01,4.6388154903e-01,4.6388154903e-01,4.6388154903e-01,4.6388154903e-01,4.6388154903e-01,4.6388154903e-01,4.6388154903e-01,4.6388154903e-01,4.6388154903e-01,4.6388154903e-01,4.6388154903e-01,4.6388154903e-01,4.6388154903e-01,4.6388154903e-01,4.6388154903e-01,4.6388154903e-01,4.6388154903e-01,4.6388154903e-01,4.6388154903e-01,4.6388154903e-01,4.6388154903e-01,4.6388154903e-01,4.6388154903e-01,4.6388154903e-01,4.6388154903e-01,4.6388154903e-01,4.6388154903e-01,4.6388154903e-01,4.6388154903e-01,4.6388154903e-01,4.6388154903e-01,4.6388154903e-01,4.6388154903e-01,4.6388154903e-01,4.6388154903e-01,4.6388154903e-01,4.6388154903e-01,4.6388126402e-01,4.6388034669e-01,4.6387933823e-01,4.6387822958e-01,4.6387701081e-01,4.6387567095e-01,4.6387419800e-01,4.6387257871e-01,4.6387079857e-01,4.6386884158e-01,4.6386669019e-01,4.6386432507e-01,4.6385003407e-01,4.6382983399e-01,4.6380762814e-01,4.6378321746e-01,4.6375638319e-01,4.6369919098e-01,4.6357960420e-01,4.6344817262e-01,4.6330372692e-01,4.6294649561e-01,4.6249753741e-01,4.6196494553e-01,4.6110961953e-01,4.6016192007e-01,4.5844409042e-01,4.5622812958e-01,4.5275954337e-01,4.4806974448e-01,4.4216429755e-01,4.3454585152e-01,4.2399022506e-01,4.0887460802e-01,3.8750767063e-01,3.5815804785e-01,3.1790102798e-01,2.5571011744e-01,1.7563216270e-01,1.0415073785e-01,5.8742366341e-02,3.6156604728e-02,2.6128306545e-02,2.1809146719e-02,1.9272049192e-02,1.7330534830e-02,1.5570100299e-02,1.3841792594e-02,1.2097074735e-02,1.0334817030e-02,8.5741224751e-03,6.8441861788e-03,5.1841714686e-03,3.6352128696e-03,2.2848146440e-03,1.2933266050e-03,6.5326379661e-04,2.8213082533e-04,9.8361688032e-05,2.8318473970e-05,7.1815868770e-06,1.5610641416e-06,2.9468243809e-07,0.0000000000e+00,0.0000000000e+00,0.0000000000e+00,0.0000000000e+00,0.0000000000e+00,0.0000000000e+00,0.0000000000e+00,0.0000000000e+00,0.0000000000e+00,0.0000000000e+00,0.0000000000e+00,0.0000000000e+00,0.0000000000e+00,0.0000000000e+00,0.0000000000e+00,0.0000000000e+00,0.0000000000e+00,0.0000000000e+00,0.0000000000e+00,0.0000000000e+00,0.0000000000e+00,0.0000000000e+00,0.0000000000e+00,0.0000000000e+00,0.0000000000e+00,0.0000000000e+00,0.0000000000e+00,0.0000000000e+00,0.0000000000e+00,0.0000000000e+00,0.0000000000e+00,0.0000000000e+00,0.0000000000e+00,0.0000000000e+00,0.0000000000e+00,0.0000000000e+00,0.0000000000e+00,0.0000000000e+00,0.0000000000e+00,0.0000000000e+00,0.0000000000e+00,0.0000000000e+00,0.0000000000e+00,0.0000000000e+00,0.0000000000e+00,0.0000000000e+00,0.0000000000e+00,0.0000000000e+00,0.0000000000e+00,0.0000000000e+00,0.0000000000e+00,0.0000000000e+00,0.0000000000e+00,0.0000000000e+00,0.0000000000e+00,0.0000000000e+00,0.0000000000e+00
8.3767764007e+01,4.4579253987e-01,4.4579253987e-01,4.4579253987e-01,4.4579253987e-01,4.4579253987e-01,4.4579253987e-01,4.4579253987e-01,4.4579253987e-01,4.4579253987e-01,4.4579253987e-01,4.4579253987e-01,4.4579253987e-01,4.4579253987e-01,4.4579253987e-01,4.4579253987e-01,4.4579253987e-01,4.4579253987e-01,4.4579253987e-01,4.4579253987e-01,4.4579253987e-01,4.4579253987e-01,4.4579253987e-01,4.4579253987e-01,4.4579253987e-01,4.4579253987e-01,4.4579253987e-01,4.4579253987e-01,4.4579253987e-01,4.4579253987e-01,4.4579253987e-01,4.4579253987e-01,4.4579253987e-01,4.4579253987e-01,4.4579253987e-01,4.4579253987e-01,4.4579253987e-01,4.4579253987e-01,4.4579253987e-01,4.4579253987e-01,4.4579253987e-01,4.4579253987e-01,4.4579253987e-01,4.4579253987e-01,4.4579253987e-01,4.4579253987e-01,4.4579253987e-01,4.4579253987e-01,4.4579253987e-01,4.4579253987e-01,4.4579253987e-01,4.4579253987e-01,4.4579253987e-01,4.4579253987e-01,4.4579253987e-01,4.4579253987e-01,4.4579253987e-01,4.4579253987e-01,4.4579253987e-01,4.4579253987e-01,4.4579253987e-01,4.4579253987e-01,4.4579253987e-01,4.4579253987e-01,4.4579253987e-01,4.4579253987e-01,4.4579253987e-01,4.4579253987e-01,4.4579253987e-01,4.4579253987e-01,4.4579253987e-01,4.4579253987e-01,4.4579253987e-01,4.4579253987e-01,4.4579253987e-01,4.4579253987e-01,4.4579253987e-01,4.4579253987e-01,4.4579253987e-01,4.4579253987e-01,4.4579253987e-01,4.4579222636e-01,4.4579121733e-01,4.4579010805e-01,4.4578888857e-01,4.4578754795e-01,4.4578607415e-01,4.4578445394e-01,4.4578267278e-01,4.4578071468e-01,4.4577856205e-01,4.4577619559e-01,4.4577359404e-01,4.4575967370e-01,4.4574012326e-01,4.4571863157e-01,4.4569500598e-01,4.4566903474e-01,4.4561440323e-01,4.4550093252e-01,4.4537622236e-01,4.4523916311e-01,4.4489848216e-01,4.4447010403e-01,4.4396108089e-01,4.4313827136e-01,4.4222650244e-01,4.4056657777e-01,4.3842824320e-01,4.3508886797e-01,4.3057710844e-01,4.2489999148e-01,4.1759312046e-01,4.0752689938e-01,3.9321299841e-01,3.7309326514e-01,3.4559217300e-01,3.0799842736e-01,2.5006259373e-01,1.7486000946e-01,1.0642041705e-01,6.1901455986e-02,3.9182968891e-02,2.8848245350e-02,2.4292644151e-02,2.1559976443e-02,1.9440438922e-02,1.7507444910e-02,1.5604760056e-02,1.3679175135e-02,1.1729418483e-02,9.7762792890e-03,7.8506918441e-03,5.9944621859e-03,4.2519412415e-03,2.7182104193e-03,1.5724073931e-03,8.1526386075e-04,3.6366889807e-04,1.3226235455e-04,4.0110792062e-05,1.0768671045e-05,2.4953148121e-06,5.0740556354e-07,0.0000000000e+00,0.0000000000e+00,0.0000000000e+00,0.0000000000e+00,0.0000000000e+00,0.0000000000e+00,0.0000000000e+00,0.0000000000e+00,0.0000000000e+00,0.0000000000e+00,0.0000000000e+00,0.0000000000e+00,0.0000000000e+00,0.0000000000e+00,0.0000000000e+00,0.0000000000e+00,0.0000000000e+00,0.0000000000e+00,0.0000000000e+00,0.0000000000e+00,0.0000000000e+00,0.0000000000e+00,0.0000000000e+00,0.0000000000e+00,0.0000000000e+00,0.0000000000e+00,0.0000000000e+00,0.0000000000e+00,0.0000000000e+00,0.0000000000e+00,0.0000000000e+00,0.0000000000e+00,0.0000000000e+00,0.0000000000e+00,0.0000000000e+00,0.0000000000e+00,0.0000000000e+00,0.0000000000e+00,0.0000000000e+00,0.0000000000e+00,0.0000000000e+00,0.0000000000e+00,0.0000000000e+00,0.0000000000e+00,0.0000000000e+00,0.0000000000e+00,0.0000000000e+00,0.0000000000e+00,0.0000000000e+00,0.0000000000e+00,0.0000000000e+00,0.0000000000e+00,0.0000000000e+00,0.0000000000e+00,0.0000000000e+00,0.0000000000e+00,0.0000000000e+00
8.7560391014e+01,4.2721263081e-01,4.2721263081e-01,4.2721263081e-01,4.2721263081e-01,4.2721263081e-01,4.2721263081e-01,4.2721263081e-01,4.2721263081e-01,4.2721263081e-01,4.2721263081e-01,4.2721263081e-01,4.2721263081e-01,4.2721263081e-01,4.2721263081e-01,4.2721263081e-01,4.2721263081e-01,4.2721263081e-01,4.2721263081e-01,4.2721263081e-01,4.2721263081e-01,4.2721263081e-01,4.2721263081e-01,4.2721263081e-01,4.2721263081e-01,4.2721263081e-01,4.2721263081e-01,4.2721263081e-01,4.2721263081e-01,4.2721263081e-01,4.2721263081e-01,4.2721263081e-01,4.2721263081e-01,4.2721263081e-01,4.2721263081e-01,4.2721263081e-01,4.2721263081e-01,4.2721263081e-01,4.2721263081e-01,4.2721263081e-01,4.2721263081e-01,4.2721263081e-01,4.2721263081e-01,4.2721263081e-01,4.2721263081e-01,4.2721263081e-01,4.2721263081e-01,4.2721263081e-01,4.2721263081e-01,4.2721263081e-01,4.2721263081e-01,4.2721263081e-01,4.2721263081e-01,4.2721263081e-01,4.2721263081e-01,4.2721263081e-01,4.2721263081e-01,4.2721263081e-01,4.2721263081e-01,4.2721263081e-01,4.2721263081e-01,4.2721263081e-01,4.2721263081e-01,4.2721263081e-01,4.2721263081e-01,4.2721263081e-01,4.2721263081e-01,4.2721263081e-01,4.2721263081e-01,4.2721263081e-01,4.2721263081e-01,4.2721263081e-01,4.2721263081e-01,4.2721263081e-01,4.2721263081e-01,4.2721263081e-01,4.2721263081e-01,4.2721263081e-01,4.2721263081e-01,4.2721263081e-01,4.2721263081e-01,4.2721228490e-01,4.2721117158e-01,4.2720994766e-01,4.2720860215e-01,4.2720712298e-01,4.2720549687e-01,4.2720370921e-01,4.2720174397e-01,4.2719958350e-01,4.2719720841e-01,4.2719459738e-01,4.2719172698e-01,4.2717807522e-01,4.2715903671e-01,4.2713810780e-01,4.2711510087e-01,4.2708980975e-01,4.2703745871e-01,4.2692963403e-01,4.2681112888e-01,4.2668088876e-01,4.2635636016e-01,4.2594818987e-01,4.2546249640e-01,4.2467309663e-01,4.2379828397e-01,4.2220073395e-01,4.2014587954e-01,4.1694511512e-01,4.1262452719e-01,4.0719218085e-01,4.0021595483e-01,3.9065706879e-01,3.7715508746e-01,3.5827880309e-01,3.3259853635e-01,2.9760835900e-01,2.4381422601e-01,1.7345200408e-01,1.0823059945e-01,6.4838411488e-02,4.2146165507e-02,3.1578549594e-02,2.6813021820e-02,2.3895768938e-02,2.1603740217e-02,1.9501774858e-02,1.7427359931e-02,1.5322675002e-02,1.3186260598e-02,1.1040509776e-02,8.9178934325e-03,6.8626254900e-03,4.9220378596e-03,3.1982681098e-03,1.8889211780e-03,1.0041757523e-03,4.6203428126e-04,1.7498179869e-04,5.5771188406e-05,1.5811961258e-05,3.8955517789e-06,8.5199385961e-07,0.0000000000e+00,0.0000000000e+00,0.0000000000e+00,0.0000000000e+00,0.0000000000e+00,0.0000000000e+00,0.0000000000e+00,0.0000000000e+00,0.0000000000e+00,0.0000000000e+00,0.0000000000e+00,0.0000000000e+00,0.0000000000e+00,0.0000000000e+00,0.0000000000e+00,0.0000000000e+00,0.0000000000e+00,0.0000000000e+00,0.0000000000e+00,0.0000000000e+00,0.0000000000e+00,0.0000000000e+00,0.0000000000e+00,0.0000000000e+00,0.0000000000e+00,0.0000000000e+00,0.0000000000e+00,0.0000000000e+00,0.0000000000e+00,0.0000000000e+00,0.0000000000e+00,0.0000000000e+00,0.0000000000e+00,0.0000000000e+00,0.0000000000e+00,0.0000000000e+00,0.0000000000e+00,0.0000000000e+00,0.0000000000e+00,0.0000000000e+00,0.0000000000e+00,0.0000000000e+00,0.0000000000e+00,0.0000000000e+00,0.0000000000e+00,0.0000000000e+00,0.0000000000e+00,0.0000000000e+00,0.0000000000e+00,0.0000000000e+00,0.0000000000e+00,0.0000000000e+00,0.0000000000e+00,0.0000000000e+00,0.0000000000e+00,0.0000000000e+00,0.0000000000e+00
9.1524731088e+01,4.0784398881e-01,4.0784398881e-01,4.0784398881e-01,4.0784398881e-01,4.0784398881e-01,4.0784398881e-01,4.0784398881e-01,4.0784398881e-01,4.0784398881e-01,4.0784398881e-01,4.0784398881e-01,4.0784398881e-01,4.0784398881e-01,4.0784398881e-01,4.0784398881e-01,4.0784398881e-01,4.0784398881e-01,4.0784398881e-01,4.0784398881e-01,4.0784398881e-01,4.0784398881e-01,4.0784398881e-01,4.0784398881e-01,4.0784398881e-01,4.0784398881e-01,4.0784398881e-01,4.0784398881e-01,4.0784398881e-01,4.0784398881e-01,4.0784398881e-01,4.0784398881e-01,4.0784398881e-01,4.0784398881e-01,4.0784398881e-01,4.0784398881e-01,4.0784398881e-01,4.0784398881e-01,4.0784398881e-01,4.0784398881e-01,4.0784398881e-01,4.0784398881e-01,4.0784398881e-01,4.0784398881e-01,4.0784398881e-01,4.0784398881e-01,4.0784398881e-01,4.0784398881e-01,4.0784398881e-01,4.0784398881e-01,4.0784398881e-01,4.0784398881e-01,4.0784398881e-01,4.0784398881e-01,4.0784398881e-01,4.0784398881e-01,4.0784398881e-01,4.0784398881e-01,4.0784398881e-01,4.0784398881e-01,4.0784398881e-01,4.0784398881e-01,4.0784398881e-01,4.0784398881e-01,4.0784398881e-01,4.0784398881e-01,4.0784398881e-01,4.0784398881e-01,4.0784398881e-01,4.0784398881e-01,4.0784398881e-01,4.0784398881e-01,4.0784398881e-01,4.0784398881e-01,4.0784398881e-01,4.0784398881e-01,4.0784398881e-01,4.0784398881e-01,4.0784398881e-01,4.0784398881e-01,4.0784398881e-01,4.0784398881e-01,4.0784398881e-01,4.0784245160e-01,4.0784048933e-01,4.0783833213e-01,4.0783596064e-01,4.0783335357e-01,4.0783048752e-01,4.0782733676e-01,4.0782387301e-01,4.0782006519e-01,4.0781587913e-01,4.0781127725e-01,4.0780168831e-01,4.0777736050e-01,4.0775061751e-01,4.0772121976e-01,4.0768890392e-01,4.0765338061e-01,4.0750359049e-01,4.0732055955e-01,4.0711944021e-01,4.0680608243e-01,4.0624701687e-01,4.0563329733e-01,4.0460538618e-01,4.0328521034e-01,4.0115549030e-01,3.9821749283e-01,3.9404850342e-01,3.8891786140e-01,3.8246820149e-01,3.7318466278e-01,3.6043378115e-01,3.4286246838e-01,3.1913516918e-01,2.8661867903e-01,2.3617157074e-01,1.7154239919e-01,1.0946964971e-01,6.7575126301e-02,4.5045206884e-02,3.4441908489e-02,2.9408101445e-02,2.6315457282e-02,2.3851470393e-02,2.1581364540e-02,1.9336311302e-02,1.7050818616e-02,1.4726048304e-02,1.2384242947e-02,1.0060229162e-02,7.8008398654e-03,5.6550571181e-03,3.7326978315e-03,2.2486379100e-03,1.2244437233e-03,5.8034205876e-04,2.2848977754e-04,7.6405999808e-05,2.2827527135e-05,5.9445641228e-06,1.3112216906e-06,2.3872202535e-07,4.6317397274e-08,0.0000000000e+00,0.0000000000e+00,0.0000000000e+00,0.0000000000e+00,0.0000000000e+00,0.0000000000e+00,0.0000000000e+00,0.0000000000e+00,0.0000000000e+00,0.0000000000e+00,0.0000000000e+00,0.0000000000e+00,0.0000000000e+00,0.0000000000e+00,0.0000000000e+00,0.0000000000e+00,0.0000000000e+00,0.0000000000e+00,0.0000000000e+00,0.0000000000e+00,0.0000000000e+00,0.0000000000e+00,0.0000000000e+00,0.0000000000e+00,0.0000000000e+00,0.0000000000e+00,0.0000000000e+00,0.0000000000e+00,0.0000000000e+00,0.0000000000e+00,0.0000000000e+00,0.0000000000e+00,0.0000000000e+00,0.0000000000e+00,0.0000000000e+00,0.0000000000e+00,0.0000000000e+00,0.0000000000e+00,0.0000000000e+00,0.0000000000e+00,0.0000000000e+00,0.0000000000e+00,0.0000000000e+00,0.0000000000e+00,0.0000000000e+00,0.0000000000e+00,0.0000000000e+00,0.0000000000e+00,0.0000000000e+00,0.0000000000e+00,0.0000000000e+00,0.0000000000e+00,0.0000000000e+00,0.0000000000e+00,0.0000000000e+00
9.5668558622e+01,3.8877893101e-01,3.8877893101e-01,3.8877893101e-01,3.8877893101e-01,3.8877893101e-01,3.8877893101e-01,3.8877893101e-01,3.8877893101e-01,3.8877893101e-01,3.8877893101e-01,3.8877893101e-01,3.8877893101e-01,3.8877893101e-01,3.8877893101e-01,3.8877893101e-01,3.8877893101e-01,3.8877893101e-01,3.8877893101e-01,3.8877893101e-01,3.8877893101e-01,3.8877893101e-01,3.8877893101e-01,3.8877893101e-01,3.8877893101e-01,3.8877893101e-01,3.8877893101e-01,3.8877893101e-01,3.8877893101e-01,3.8877893101e-01,3.8877893101e-01,3.8877893101e-01,3.8877893101e-01,3.8877893101e-01,3.8877893101e-01,3.8877893101e-01,3.8877893101e-01,3.8877893101e-01,3.8877893101e-01,3.8877893101e-01,3.8877893101e-01,3.8877893101e-01,3.8877893101e-01,3.8877893101e-01,3.8877893101e-01,3.8877893101e-01,3.8877893101e-01,3.8877893101e-01,3.8877893101e-01,3.8877893101e-01,3.8877893101e-01,3.8877893101e-01,3.8877893101e-01,3.8877893101e-01,3.8877893101e-01,3.8877893101e-01,3.8877893101e-01,3.8877893101e-01,3.8877893101e-01,3.8877893101e-01,3.8877893101e-01,3.8877893101e-01,3.8877893101e-01,3.8877893101e-01,3.8877893101e-01,3.8877893101e-01,3.8877893101e-01,3.8877893101e-01,3.8877893101e-01,3.8877893101e-01,3.8877893101e-01,3.8877893101e-01,3.8877893101e-01,3.8877893101e-01,3.8877893101e-01,3.8877893101e-01,3.8877893101e-01,3.8877893101e-01,3.8877893101e-01,3.8877893101e-01,3.8877893101e-01,3.8877893101e-01,3.8877893101e-01,3.8877727376e-01,3.8877515828e-01,3.8877283264e-01,3.8877027598e-01,3.8876746534e-01,3.8876437550e-01,3.8876097874e-01,3.8875724455e-01,3.8875313943e-01,3.8874862653e-01,3.8874366536e-01,3.8873386419e-01,3.8870985922e-01,3.8868347118e-01,3.8865446369e-01,3.8862257693e-01,3.8858752539e-01,3.8844373149e-01,3.8826820166e-01,3.8807532529e-01,3.8777531847e-01,3.8724090596e-01,3.8665425192e-01,3.8567217607e-01,3.8441105416e-01,3.8238385221e-01,3.7959163512e-01,3.7563562519e-01,3.7077095079e-01,3.6466215184e-01,3.5592600724e-01,3.4399167274e-01,3.2762441838e-01,3.0561705543e-01,2.7554971103e-01,2.2902145629e-01,1.6897200493e-01,1.1035262300e-01,6.9965633118e-02,4.7757953833e-02,3.7075558262e-02,3.1894714578e-02,2.8649080984e-02,2.6032956859e-02,2.3610058838e-02,2.1207677592e-02,1.8755842109e-02,1.6255591660e-02,1.3730382566e-02,1.1216118344e-02,8.7614530464e-03,6.4176305846e-03,4.3000737959e-03,2.6401892636e-03,1.4709795157e-03,7.1731000676e-04,2.9312332989e-04,1.0258302847e-04,3.2215343876e-05,8.8683185289e-06,2.0824109589e-06,4.0741359658e-07,8.4235986092e-08,0.0000000000e+00,0.0000000000e+00,0.0000000000e+00,0.0000000000e+00,0.0000000000e+00,0.0000000000e+00,0.0000000000e+00,0.0000000000e+00,0.0000000000e+00,0.0000000000e+00,0.0000000000e+00,0.0000000000e+00,0.0000000000e+00,0.0000000000e+00,0.0000000000e+00,0.0000000000e+00,0.0000000000e+00,0.0000000000e+00,0.0000000000e+00,0.0000000000e+00,0.0000000000e+00,0.0000000000e+00,0.0000000000e+00,0.0000000000e+00,0.0000000000e+00,0.0000000000e+00,0.0000000000e+00,0.0000000000e+00,0.0000000000e+00,0.0000000000e+00,0.0000000000e+00,0.0000000000e+00,0.0000000000e+00,0.0000000000e+00,0.0000000000e+00,0.0000000000e+00,0.0000000000e+00,0.0000000000e+00,0.0000000000e+00,0.0000000000e+00,0.0000000000e+00,0.0000000000e+00,0.0000000000e+00,0.0000000000e+00,0.0000000000e+00,0.0000000000e+00,0.0000000000e+00,0.0000000000e+00,0.0000000000e+00,0.0000000000e+00,0.0000000000e+00,0.0000000000e+00,0.0000000000e+00,0.0000000000e+00,0.0000000000e+00
1.0000000000e+02,3.6970542831e-01,3.6970542831e-01,3.6970542831e-01,3.6970542831e-01,3.6970542831e-01,3.6970542831e-01,3.6970542831e-01,3.6970542831e-01,3.6970542831e-01,3.6970542831e-01,3.6970542831e-01,3.6970542831e-01,3.6970542831e-01,3.6970542831e-01,3.6970542831e-01,3.6970542831e-01,3.6970542831e-01,3.6970542831e-01,3.6970542831e-01,3.6970542831e-01,3.6970542831e-01,3.6970542831e-01,3.6970542831e-01,3.6970542831e-01,3.6970542831e-01,3.6970542831e-01,3.6970542831e-01,3.6970542831e-01,3.6970542831e-01,3.6970542831e-01,3.6970542831e-01,3.6970542831e-01,3.6970542831e-01,3.6970542831e-01,3.6970542831e-01,3.6970542831e-01,3.6970542831e-01,3.6970542831e-01,3.6970542831e-01,3.6970542831e-01,3.6970542831e-01,3.6970542831e-01,3.6970542831e-01,3.6970542831e-01,3.6970542831e-01,3.6970542831e-01,3.6970542831e-01,3.6970542831e-01,3.6970542831e-01,3.6970542831e-01,3.6970542831e-01,3.6970542831e-01,3.6970542831e-01,3.6970542831e-01,3.6970542831e-01,3.6970542831e-01,3.6970542831e-01,3.6970542831e-01,3.6970542831e-01,3.6970542831e-01,3.6970542831e-01,3.6970542831e-01,3.6970542831e-01,3.6970542831e-01,3.6970542831e-01,3.6970542831e-01,3.6970542831e-01,3.6970542831e-01,3.6970542831e-01,3.6970542831e-01,3.6970542831e-01,3.6970542831e-01,3.6970542831e-01,3.6970542831e-01,3.6970542831e-01,3.6970542831e-01,3.6970542831e-01,3.6970542831e-01,3.6970542831e-01,3.6970542831e-01,3.6970542831e-01,3.6970542831e-01,3.6970364506e-01,3.6970136874e-01,3.6969886629e-01,3.6969611525e-01,3.6969309094e-01,3.6968976620e-01,3.6968611120e-01,3.6968209313e-01,3.6967767594e-01,3.6967281998e-01,3.6966748167e-01,3.6965743670e-01,3.6963368354e-01,3.6960757237e-01,3.6957886931e-01,3.6954731731e-01,3.6951263388e-01,3.6937474554e-01,3.6920662110e-01,3.6902188259e-01,3.6873526386e-01,3.6822589981e-01,3.6766674473e-01,3.6673181603e-01,3.6553163783e-01,3.6360978703e-01,3.6096711197e-01,3.5722918017e-01,3.5263635368e-01,3.4687495705e-01,3.3868576882e-01,3.2755589241e-01,3.1236161151e-01,2.9201440859e-01,2.6429665073e-01,2.2151151482e-01,1.6590610735e-01,1.1078260378e-01,7.2053073413e-02,5.0298430005e-02,3.9609357809e-02,3.4315523763e-02,3.0935945099e-02,2.8181416786e-02,2.5617463211e-02,2.3068659458e-02,2.0460829084e-02,1.7794800716e-02,1.5095057833e-02,1.2398281264e-02,9.7545854918e-03,7.2170922757e-03,4.9059052498e-03,3.0675428187e-03,1.7470048836e-03,8.7546760535e-04,3.7074448825e-04,1.3552028730e-04,4.4638276819e-05,1.2958350600e-05,3.2305422242e-06,6.7748590085e-07,1.5085262664e-07,0.0000000000e+00,0.0000000000e+00,0.0000000000e+00,0.0000000000e+00,0.0000000000e+00,0.0000000000e+00,0.0000000000e+00,0.0000000000e+00,0.0000000000e+00,0.0000000000e+00,0.0000000000e+00,0.0000000000e+00,0.0000000000e+00,0.0000000000e+00,0.0000000000e+00,0.0000000000e+00,0.0000000000e+00,0.0000000000e+00,0.0000000000e+00,0.0000000000e+00,0.0000000000e+00,0.0000000000e+00,0.0000000000e+00,0.0000000000e+00,0.0000000000e+00,0.0000000000e+00,0.0000000000e+00,0.0000000000e+00,0.0000000000e+00,0.0000000000e+00,0.0000000000e+00,0.0000000000e+00,0.0000000000e+00,0.0000000000e+00,0.0000000000e+00,0.0000000000e+00,0.0000000000e+00,0.0000000000e+00,0.0000000000e+00,0.0000000000e+00,0.0000000000e+00,0.0000000000e+00,0.0000000000e+00,0.0000000000e+00,0.0000000000e+00,0.0000000000e+00,0.0000000000e+00,0.0000000000e+00,0.0000000000e+00,0.0000000000e+00,0.0000000000e+00,0.0000000000e+00,0.0000000000e+00,0.0000000000e+00,0.0000000000e+00
1.0452754953e+02,3.5077948717e-01,3.5077948717e-01,3.5077948717e-01,3.5077948717e-01,3.5077948717e-01,3.5077948717e-01,3.5077948717e-01,3.5077948717e-01,3.5077948717e-01,3.5077948717e-01,3.5077948717e-01,3.5077948717e-01,3.5077948717e-01,3.5077948717e-01,3.5077948717e-01,3.5077948717e-01,3.5077948717e-01,3.5077948717e-01,3.5077948717e-01,3.5077948717e-01,3.5077948717e-01,3.5077948717e-01,3.5077948717e-01,3.5077948717e-01,3.5077948717e-01,3.5077948717e-01,3.5077948717e-01,3.5077948717e-01,3.5077948717e-01,3.5077948717e-01,3.5077948717e-01,3.5077948717e-01,3.5077948717e-01,3.5077948717e-01,3.5077948717e-01,3.5077948717e-01,3.5077948717e-01,3.5077948717e-01,3.5077948717e-01,3.5077948717e-01,3.5077948717e-01,3.5077948717e-01,3.5077948717e-01,3.5077948717e-01,3.5077948717e-01,3.5077948717e-01,3.5077948717e-01,3.5077948717e-01,3.5077948717e-01,3.5077948717e-01,3.5077948717e-01,3.5077948717e-01,3.5077948717e-01,3.5077948717e-01,3.5077948717e-01,3.5077948717e-01,3.5077948717e-01,3.5077948717e-01,3.5077948717e-01,3.5077948717e-01,3.5077948717e-01,3.5077948717e-01,3.5077948717e-01,3.5077948717e-01,3.5077948717e-01,3.5077948717e-01,3.5077948717e-01,3.5077948717e-01,3.5077948717e-01,3.5077948717e-01,3.5077948717e-01,3.5077948717e-01,3.5077948717e-01,3.5077948717e-01,3.5077948717e-01,3.5077948717e-01,3.5077948717e-01,3.5077948717e-01,3.5077948717e-01,3.5077948717e-01,3.5077948717e-01,3.5077948717e-01,3.5077757427e-01,3.5077513244e-01,3.5077244805e-01,3.5076949700e-01,3.5076625281e-01,3.5076268635e-01,3.5075876563e-01,3.5075445545e-01,3.5074971714e-01,3.5074450817e-01,3.5073878180e-01,3.5072847177e-01,3.5070491892e-01,3.5067902803e-01,3.5065056720e-01,3.5061928160e-01,3.5058489114e-01,3.5045281900e-01,3.5029200066e-01,3.5011529093e-01,3.4984204182e-01,3.4935794142e-01,3.4882652090e-01,3.4793957425e-01,3.4680156536e-01,3.4498665001e-01,3.4249545230e-01,3.3897796118e-01,3.3465946708e-01,3.2924775021e-01,3.2159972080e-01,3.1125578811e-01,2.9719584284e-01,2.7844056643e-01,2.5296303472e-01,2.1373187732e-01,1.6240725362e-01,1.1078016305e-01,7.3825313931e-02,5.2639484311e-02,4.2012389219e-02,3.6639992247e-02,3.3147107400e-02,3.0269841793e-02,2.7578618132e-02,2.4896443214e-02,2.2145266081e-02,1.9325609646e-02,1.6462770568e-02,1.3593889987e-02,1.0770157033e-02,8.0461547284e-03,5.5456642424e-03,3.5286184715e-03,2.0522998667e-03,1.0557166484e-03,4.6262849438e-04,1.7629674391e-04,6.0780468077e-05,1.8563603948e-05,4.9008838757e-06,1.0989462698e-06,2.6455096785e-07,0.0000000000e+00,0.0000000000e+00,0.0000000000e+00,0.0000000000e+00,0.0000000000e+00,0.0000000000e+00,0.0000000000e+00,0.0000000000e+00,0.0000000000e+00,0.0000000000e+00,0.0000000000e+00,0.0000000000e+00,0.0000000000e+00,0.0000000000e+00,0.0000000000e+00,0.0000000000e+00,0.0000000000e+00,0.0000000000e+00,0.0000000000e+00,0.0000000000e+00,0.0000000000e+00,0.0000000000e+00,0.0000000000e+00,0.0000000000e+00,0.0000000000e+00,0.0000000000e+00,0.0000000000e+00,0.0000000000e+00,0.0000000000e+00,0.0000000000e+00,0.0000000000e+00,0.0000000000e+00,0.0000000000e+00,0.0000000000e+00,0.0000000000e+00,0.0000000000e+00,0.0000000000e+00,0.0000000000e+00,0.0000000000e+00,0.0000000000e+00,0.0000000000e+00,0.0000000000e+00,0.0000000000e+00,0.0000000000e+00,0.0000000000e+00,0.0000000000e+00,0.0000000000e+00,0.0000000000e+00,0.0000000000e+00,0.0000000000e+00,0.0000000000e+00,0.0000000000e+00,0.0000000000e+00,0.0000000000e+00,0.0000000000e+00
1.0926008611e+02,3.3231609665e-01,3.3231609665e-01,3.3231609665e-01,3.3231609665e-01,3.3231609665e-01,3.3231609665e-01,3.3231609665e-01,3.3231609665e-01,3.3231609665e-01,3.3231609665e-01,3.3231609665e-01,3.3231609665e-01,3.3231609665e-01,3.3231609665e-01,3.3231609665e-01,3.3231609665e-01,3.3231609665e-01,3.3231609665e-01,3.3231609665e-01,3.3231609665e-01,3.3231609665e-01,3.3231609665e-01,3.3231609665e-01,3.3231609665e-01,3.3231609665e-01,3.3231609665e-01,3.3231609665e-01,3.3231609665e-01,3.3231609665e-01,3.3231609665e-01,3.3231609665e-01,3.3231609665e-01,3.3231609665e-01,3.3231609665e-01,3.3231609665e-01,3.3231609665e-01,3.3231609665e-01,3.3231609665e-01,3.3231609665e-01,3.3231609665e-01,3.3231609665e-01,3.3231609665e-01,3.3231609665e-01,3.3231609665e-01,3.3231609665e-01,3.3231609665e-01,3.3231609665e-01,3.3231609665e-01,3.3231609665e-01,3.3231609665e-01,3.3231609665e-01,3.3231609665e-01,3.3231609665e-01,3.3231609665e-01,3.3231609665e-01,3.3231609665e-01,3.3231609665e-01,3.3231609665e-01,3.3231609665e-01,3.3231609665e-01,3.3231609665e-01,3.3231609665e-01,3.3231609665e-01,3.3231609665e-01,3.3231609665e-01,3.3231609665e-01,3.3231609665e-01,3.3231609665e-01,3.3231609665e-01,3.3231609665e-01,3.3231609665e-01,3.3231609665e-01,3.3231609665e-01,3.3231609665e-01,3.3231609665e-01,3.3231609665e-01,3.3231609665e-01,3.3231609665e-01,3.3231609665e-01,3.3231609665e-01,3.3231609665e-01,3.3231609665e-01,3.3231609665e-01,3.3231463470e-01,3.3231052437e-01,3.3230600576e-01,3.3230103831e-01,3.3229557746e-01,3.3228957419e-01,3.3228297466e-01,3.3227571965e-01,3.3226774407e-01,3.3225897637e-01,3.3224933792e-01,3.3223874224e-01,3.3220157330e-01,3.3215320088e-01,3.3210003102e-01,3.3204158879e-01,3.3197735248e-01,3.3183439206e-01,3.3155739012e-01,3.3125313615e-01,3.3091897815e-01,3.3028703264e-01,3.2953890447e-01,3.2855244197e-01,3.2669014561e-01,3.2458276149e-01,3.2116107019e-01,3.1712532176e-01,3.1198311339e-01,3.0476762772e-01,2.9518105078e-01,2.8226188412e-01,2.6480310396e-01,2.4072515375e-01,2.0536531474e-01,1.5798806431e-01,1.1031793335e-01,7.5222953746e-02,5.4871529286e-02,4.4301802222e-02,3.8890717171e-02,3.5298037044e-02,3.2310305674e-02,2.9503824209e-02,2.6699404796e-02,2.3815687306e-02,2.0853529593e-02,1.7839067872e-02,1.4805900326e-02,1.1810625134e-02,8.9061404862e-03,6.2203020633e-03,4.0249886839e-03,2.3887081160e-03,1.2599457449e-03,5.7054616890e-04,2.2626753963e-04,8.1495903613e-05,2.6141727928e-05,7.2893508960e-06,1.7183392012e-06,3.3645871375e-07,5.5210108534e-08,0.0000000000e+00,0.0000000000e+00,0.0000000000e+00,0.0000000000e+00,0.0000000000e+00,0.0000000000e+00,0.0000000000e+00,0.0000000000e+00,0.0000000000e+00,0.0000000000e+00,0.0000000000e+00,0.0000000000e+00,0.0000000000e+00,0.0000000000e+00,0.0000000000e+00,0.0000000000e+00,0.0000000000e+00,0.0000000000e+00,0.0000000000e+00,0.0000000000e+00,0.0000000000e+00,0.0000000000e+00,0.0000000000e+00,0.0000000000e+00,0.0000000000e+00,0.0000000000e+00,0.0000000000e+00,0.0000000000e+00,0.0000000000e+00,0.0000000000e+00,0.0000000000e+00,0.0000000000e+00,0.0000000000e+00,0.0000000000e+00,0.0000000000e+00,0.0000000000e+00,0.0000000000e+00,0.0000000000e+00,0.0000000000e+00,0.0000000000e+00,0.0000000000e+00,0.0000000000e+00,0.0000000000e+00,0.0000000000e+00,0.0000000000e+00,0.0000000000e+00,0.0000000000e+00,0.0000000000e+00,0.0000000000e+00,0.0000000000e+00,0.0000000000e+00,0.0000000000e+00,0.0000000000e+00,0.0000000000e+00
1.1420689063e+02,3.1406750537e-01,3.1406750537e-01,3.1406750537e-01,3.1406750537e-01,3.1406750537e-01,3.1406750537e-01,3.1406750537e-01,3.1406750537e-01,3.1406750537e-01,3.1406750537e-01,3.1406750537e-01,3.1406750537e-01,3.1406750537e-01,3.1406750537e-01,3.1406750537e-01,3.1406750537e-01,3.1406750537e-01,3.1406750537e-01,3.1406750537e-01,3.1406750537e-01,3.1406750537e-01,3.1406750537e-01,3.1406750537e-01,3.1406750537e-01,3.1406750537e-01,3.1406750537e-01,3.1406750537e-01,3.1406750537e-01,3.1406750537e-01,3.1406750537e-01,3.1406750537e-01,3.1406750537e-01,3.1406750537e-01,3.1406750537e-01,3.1406750537e-01,3.1406750537e-01,3.1406750537e-01,3.1406750537e-01,3.1406750537e-01,3.1406750537e-01,3.1406750537e-01,3.1406750537e-01,3.1406750537e-01,3.1406750537e-01,3.1406750537e-01,3.1406750537e-01,3.1406750537e-01,3.1406750537e-01,3.1406750537e-01,3.1406750537e-01,3.1406750537e-01,3.1406750537e-01,3.1406750537e-01,3.1406750537e-01,3.1406750537e-01,3.1406750537e-01,3.1406750537e-01,3.1406750537e-01,3.1406750537e-01,3.1406750537e-01,3.1406750537e-01,3.1406750537e-01,3.1406750537e-01,3.1406750537e-01,3.1406750537e-01,3.1406750537e-01,3.1406750537e-01,3.1406750537e-01,3.1406750537e-01,3.1406750537e-01,3.1406750537e-01,3.1406750537e-01,3.1406750537e-01,3.1406750537e-01,3.1406750537e-01,3.1406750537e-01,3.1406750537e-01,3.1406750537e-01,3.1406750537e-01,3.1406750537e-01,3.1406750537e-01,3.1406750537e-01,3.1406750537e-01,3.1406600961e-01,3.1406180424e-01,3.1405718114e-01,3.1405209884e-01,3.1404651173e-01,3.1404036968e-01,3.1403361759e-01,3.1402619488e-01,3.1401803496e-01,3.1400906463e-01,3.1399920344e-01,3.1398836294e-01,3.1395248950e-01,3.1390600200e-01,3.1385490412e-01,3.1379873951e-01,3.1373700680e-01,3.1360137837e-01,3.1334002332e-01,3.1305295521e-01,3.1273767171e-01,3.1214063212e-01,3.1143373229e-01,3.1050392475e-01,3.0875753091e-01,3.0678205696e-01,3.0358699096e-01,2.9982118075e-01,2.9502908838e-01,2.8834017777e-01,2.7948739769e-01,2.6760370285e-01,2.5160380733e-01,2.2960694881e-01,1.9734970063e-01,1.5387349934e-01,1.0954435875e-01,7.6361348489e-02,5.6750005927e-02,4.6365285613e-02,4.0942592429e-02,3.7281032724e-02,3.4205977139e-02,3.1304416297e-02,2.8397715312e-02,2.5401427285e-02,2.2315919611e-02,1.9167668350e-02,1.5989975131e-02,1.2839836094e-02,9.7706352189e-03,6.9118139335e-03,4.5446984270e-03,2.7497585125e-03,1.4857510671e-03,6.9428648926e-04,2.8603111640e-04,1.0741345277e-04,3.6096039950e-05,1.0606132201e-05,2.6536367653e-06,5.5619097669e-07,9.9612939046e-08,0.0000000000e+00,0.0000000000e+00,0.0000000000e+00,0.0000000000e+00,0.0000000000e+00,0.0000000000e+00,0.0000000000e+00,0.0000000000e+00,0.0000000000e+00,0.0000000000e+00,0.0000000000e+00,0.0000000000e+00,0.0000000000e+00,0.0000000000e+00,0.0000000000e+00,0.0000000000e+00,0.0000000000e+00,0.0000000000e+00,0.0000000000e+00,0.0000000000e+00,0.0000000000e+00,0.0000000000e+00,0.0000000000e+00,0.0000000000e+00,0.0000000000e+00,0.0000000000e+00,0.0000000000e+00,0.0000000000e+00,0.0000000000e+00,0.0000000000e+00,0.0000000000e+00,0.0000000000e+00,0.0000000000e+00,0.0000000000e+00,0.0000000000e+00,0.0000000000e+00,0.0000000000e+00,0.0000000000e+00,0.0000000000e+00,0.0000000000e+00,0.0000000000e+00,0.0000000000e+00,0.0000000000e+00,0.0000000000e+00,0.0000000000e+00,0.0000000000e+00,0.0000000000e+00,0.0000000000e+00,0.0000000000e+00,0.0000000000e+00,0.0000000000e+00,0.0000000000e+00,0.0000000000e+00,0.0000000000e+00
1.1937766417e+02,2.9635821007e-01,2.9635821007e-01,2.9635821007e-01,2.9635821007e-01,2.9635821007e-01,2.9635821007e-01,2.9635821007e-01,2.9635821007e-01,2.9635821007e-01,2.9635821007e-01,2.9635821007e-01,2.9635821007e-01,2.9635821007e-01,2.9635821007e-01,2.9635821007e-01,2.9635821007e-01,2.9635821007e-01,2.9635821007e-01,2.9635821007e-01,2.9635821007e-01,2.9635821007e-01,2.9635821007e-01,2.9635821007e-01,2.9635821007e-01,2.9635821007e-01,2.9635821007e-01,2.9635821007e-01,2.9635821007e-01,2.9635821007e-01,2.9635821007e-01,2.9635821007e-01,2.9635821007e-01,2.9635821007e-01,2.9635821007e-01,2.9635821007e-01,2.9635821007e-01,2.9635821007e-01,2.9635821007e-01,2.9635821007e-01,2.9635821007e-01,2.9635821007e-01,2.9635821007e-01,2.9635821007e-01,2.9635821007e-01,2.9635821007e-01,2.9635821007e-01,2.9635821007e-01,2.9635821007e-01,2.9635821007e-01,2.9635821007e-01,2.9635821007e-01,2.9635821007e-01,2.9635821007e-01,2.9635821007e-01,2.9635821007e-01,2.9635821007e-01,2.9635821007e-01,2.9635821007e-01,2.9635821007e-01,2.9635821007e-01,2.9635821007e-01,2.9635821007e-01,2.9635821007e-01,2.9635821007e-01,2.9635821007e-01,2.9635821007e-01,2.9635821007e-01,2.9635821007e-01,2.9635821007e-01,2.9635821007e-01,2.9635821007e-01,2.9635821007e-01,2.9635821007e-01,2.9635821007e-01,2.9635821007e-01,2.9635821007e-01,2.9635821007e-01,2.9635821007e-01,2.9635821007e-01,2.9635821007e-01,2.9635821007e-01,2.9635821007e-01,2.9635821007e-01,2.9635667864e-01,2.9635237298e-01,2.9634763965e-01,2.9634243616e-01,2.9633671584e-01,2.9633042736e-01,2.9632351431e-01,2.9631591465e-01,2.9630756024e-01,2.9629837612e-01,2.9628827994e-01,2.9627718114e-01,2.9624248980e-01,2.9619773352e-01,2.9614853873e-01,2.9609446608e-01,2.9603503297e-01,2.9590641686e-01,2.9566019927e-01,2.9538975754e-01,2.9509273413e-01,2.9453027047e-01,2.9386430647e-01,2.9299059552e-01,2.9135837954e-01,2.8951275314e-01,2.8653939797e-01,2.8303726678e-01,2.7858629504e-01,2.7240436616e-01,2.6425234404e-01,2.5334984034e-01,2.3872277763e-01,2.1867346087e-01,1.8931349507e-01,1.4952153285e-01,1.0843587280e-01,7.7190063380e-02,5.8382986948e-02,4.8233664995e-02,4.2829970265e-02,3.9121407333e-02,3.5977523058e-02,3.2998090437e-02,3.0005986284e-02,2.6914104071e-02,2.3722222172e-02,2.0456905664e-02,1.7150865371e-02,1.3861067629e-02,1.0640951077e-02,7.6204795850e-03,5.0882633040e-03,3.1362280673e-03,1.7342163102e-03,8.3519767118e-04,3.5685339035e-04,1.3947013883e-04,4.9001163228e-05,1.5137613362e-05,4.0093638935e-06,8.9692485405e-07,1.7440882325e-07,0.0000000000e+00,0.0000000000e+00,0.0000000000e+00,0.0000000000e+00,0.0000000000e+00,0.0000000000e+00,0.0000000000e+00,0.0000000000e+00,0.0000000000e+00,0.0000000000e+00,0.0000000000e+00,0.0000000000e+00,0.0000000000e+00,0.0000000000e+00,0.0000000000e+00,0.0000000000e+00,0.0000000000e+00,0.0000000000e+00,0.0000000000e+00,0.0000000000e+00,0.0000000000e+00,0.0000000000e+00,0.0000000000e+00,0.0000000000e+00,0.0000000000e+00,0.0000000000e+00,0.0000000000e+00,0.0000000000e+00,0.0000000000e+00,0.0000000000e+00,0.0000000000e+00,0.0000000000e+00,0.0000000000e+00,0.0000000000e+00,0.0000000000e+00,0.0000000000e+00,0.0000000000e+00,0.0000000000e+00,0.0000000000e+00,0.0000000000e+00,0.0000000000e+00,0.0000000000e+00,0.0000000000e+00,0.0000000000e+00,0.0000000000e+00,0.0000000000e+00,0.0000000000e+00,0.0000000000e+00,0.0000000000e+00,0.0000000000e+00,0.0000000000e+00,0.0000000000e+00,0.0000000000e+00,0.0000000000e+00
1.2478254705e+02,2.7927976969e-01,2.7927976969e-01,2.7927976969e-01,2.7927976969e-01,2.7927976969e-01,2.7927976969e-01,2.7927976969e-01,2.7927976969e-01,2.7927976969e-01,2.7927976969e-01,2.7927976969e-01,2.7927976969e-01,2.7927976969e-01,2.7927976969e-01,2.7927976969e-01,2.7927976969e-01,2.7927976969e-01,2.7927976969e-01,2.7927976969e-01,2.7927976969e-01,2.7927976969e-01,2.7927976969e-01,2.7927976969e-01,2.7927976969e-01,2.7927976969e-01,2.7927976969e-01,2.7927976969e-01,2.7927976969e-01,2.7927976969e-01,2.7927976969e-01,2.7927976969e-01,2.7927976969e-01,2.7927976969e-01,2.7927976969e-01,2.7927976969e-01,2.7927976969e-01,2.7927976969e-01,2.7927976969e-01,2.7927976969e-01,2.7927976969e-01,2.7927976969e-01,2.7927976969e-01,2.7927976969e-01,2.7927976969e-01,2.7927976969e-01,2.7927976969e-01,2.7927976969e-01,2.7927976969e-01,2.7927976969e-01,2.7927976969e-01,2.7927976969e-01,2.7927976969e-01,2.7927976969e-01,2.7927976969e-01,2.7927976969e-01,2.7927976969e-01,2.7927976969e-01,2.7927976969e-01,2.7927976969e-01,2.7927976969e-01,2.7927976969e-01,2.7927976969e-01,2.7927976969e-01,2.7927976969e-01,2.7927976969e-01,2.7927976969e-01,2.7927976969e-01,2.7927976969e-01,2.7927976969e-01,2.7927976969e-01,2.7927976969e-01,2.7927976969e-01,2.7927976969e-01,2.7927976969e-01,2.7927976969e-01,2.7927976969e-01,2.7927976969e-01,2.7927976969e-01,2.7927976969e-01,2.7927976969e-01,2.7927976969e-01,2.7927976969e-01,2.7927976969e-01,2.7927820195e-01,2.7927379417e-01,2.7926894859e-01,2.7926362172e-01,2.7925776576e-01,2.7925132818e-01,2.7924425123e-01,2.7923647143e-01,2.7922791899e-01,2.7921851721e-01,2.7920818177e-01,2.7919681999e-01,2.7916321624e-01,2.7912006101e-01,2.7907262621e-01,2.7902048829e-01,2.7896318195e-01,2.7884126296e-01,2.7860962900e-01,2.7835520532e-01,2.7807577395e-01,2.7754727247e-01,2.7692159431e-01,2.7610292778e-01,2.7458214532e-01,2.7286315561e-01,2.7010476552e-01,2.6685793762e-01,2.6273648034e-01,2.5703909701e-01,2.4955189021e-01,2.3957364916e-01,2.2623148949e-01,2.0799560010e-01,1.8132785135e-01,1.4499497818e-01,1.0703174090e-01,7.7722259022e-02,5.9766892368e-02,4.9895887050e-02,4.4539368208e-02,4.0805036303e-02,3.7610801238e-02,3.4570928331e-02,3.1510667658e-02,2.8340694816e-02,2.5060108750e-02,2.1695315119e-02,1.8278155480e-02,1.4865153924e-02,1.1509381901e-02,8.3402984482e-03,5.6516023945e-03,3.5459511241e-03,2.0048114176e-03,9.9384044337e-04,4.3970159045e-04,1.7854351496e-04,6.5456696865e-05,2.1213549334e-05,5.9331514982e-06,1.4127796536e-06,2.9708584157e-07,0.0000000000e+00,0.0000000000e+00,0.0000000000e+00,0.0000000000e+00,0.0000000000e+00,0.0000000000e+00,0.0000000000e+00,0.0000000000e+00,0.0000000000e+00,0.0000000000e+00,0.0000000000e+00,0.0000000000e+00,0.0000000000e+00,0.0000000000e+00,0.0000000000e+00,0.0000000000e+00,0.0000000000e+00,0.0000000000e+00,0.0000000000e+00,0.0000000000e+00,0.0000000000e+00,0.0000000000e+00,0.0000000000e+00,0.0000000000e+00,0.0000000000e+00,0.0000000000e+00,0.0000000000e+00,0.0000000000e+00,0.0000000000e+00,0.0000000000e+00,0.0000000000e+00,0.0000000000e+00,0.0000000000e+00,0.0000000000e+00,0.0000000000e+00,0.0000000000e+00,0.0000000000e+00,0.0000000000e+00,0.0000000000e+00,0.0000000000e+00,0.0000000000e+00,0.0000000000e+00,0.0000000000e+00,0.0000000000e+00,0.0000000000e+00,0.0000000000e+00,0.0000000000e+00,0.0000000000e+00,0.0000000000e+00,0.0000000000e+00,0.0000000000e+00,0.0000000000e+00,0.0000000000e+00,0.0000000000e+00
1.3043213867e+02,2.6290375853e-01,2.6290375853e-01,2.6290375853e-01,2.6290375853e-01,2.6290375853e-01,2.6290375853e-01,2.6290375853e-01,2.6290375853e-01,2.6290375853e-01,2.6290375853e-01,2.6290375853e-01,2.6290375853e-01,2.6290375853e-01,2.6290375853e-01,2.6290375853e-01,2.6290375853e-01,2.6290375853e-01,2.6290375853e-01,2.6290375853e-01,2.6290375853e-01,2.6290375853e-01,2.6290375853e-01,2.6290375853e-01,2.6290375853e-01,2.6290375853e-01,2.6290375853e-01,2.6290375853e-01,2.6290375853e-01,2.6290375853e-01,2.6290375853e-01,2.6290375853e-01,2.6290375853e-01,2.6290375853e-01,2.6290375853e-01,2.6290375853e-01,2.6290375853e-01,2.6290375853e-01,2.6290375853e-01,2.6290375853e-01,2.6290375853e-01,2.6290375853e-01,2.6290375853e-01,2.6290375853e-01,2.6290375853e-01,2.6290375853e-01,2.6290375853e-01,2.6290375853e-01,2.6290375853e-01,2.6290375853e-01,2.6290375853e-01,2.6290375853e-01,2.6290375853e-01,2.6290375853e-01,2.6290375853e-01,2.6290375853e-01,2.6290375853e-01,2.6290375853e-01,2.6290375853e-01,2.6290375853e-01,2.6290375853e-01,2.6290375853e-01,2.6290375853e-01,2.6290375853e-01,2.6290375853e-01,2.6290375853e-01,2.6290375853e-01,2.6290375853e-01,2.6290375853e-01,2.6290375853e-01,2.6290375853e-01,2.6290375853e-01,2.6290375853e-01,2.6290375853e-01,2.6290375853e-01,2.6290375853e-01,2.6290375853e-01,2.6290375853e-01,2.6290375853e-01,2.6290375853e-01,2.6290375853e-01,2.6290375853e-01,2.6290375853e-01,2.6290375853e-01,2.6290215483e-01,2.6289764599e-01,2.6289268930e-01,2.6288724029e-01,2.6288125008e-01,2.6287466493e-01,2.6286742577e-01,2.6285946766e-01,2.6285071923e-01,2.6284110201e-01,2.6283052978e-01,2.6281890774e-01,2.6278631302e-01,2.6274464848e-01,2.6269885239e-01,2.6264851588e-01,2.6259318980e-01,2.6247765612e-01,2.6226001319e-01,2.6202095669e-01,2.6175840250e-01,2.6126300000e-01,2.6067664331e-01,2.5991154227e-01,2.5849859524e-01,2.5690207306e-01,2.5435041475e-01,2.5134880577e-01,2.4754317293e-01,2.4230577559e-01,2.3544546102e-01,2.2633308865e-01,2.1418752294e-01,1.9763232237e-01,1.7345479978e-01,1.4035207263e-01,1.0537186096e-01,7.7975068851e-02,6.0903146397e-02,5.1345831131e-02,4.6061885647e-02,4.2321977668e-02,3.9095449126e-02,3.6012390682e-02,3.2901182925e-02,2.9670730647e-02,2.6319374207e-02,2.2873120414e-02,1.9362685184e-02,1.5843762693e-02,1.2368652774e-02,9.0653395315e-03,6.2304386843e-03,3.9764306234e-03,2.2966715740e-03,1.1705392986e-03,5.3544340381e-04,2.2551518982e-04,8.6112882839e-05,2.9216763812e-05,8.6085058470e-06,2.1762169846e-06,4.9326651949e-07,0.0000000000e+00,0.0000000000e+00,0.0000000000e+00,0.0000000000e+00,0.0000000000e+00,0.0000000000e+00,0.0000000000e+00,0.0000000000e+00,0.0000000000e+00,0.0000000000e+00,0.0000000000e+00,0.0000000000e+00,0.0000000000e+00,0.0000000000e+00,0.0000000000e+00,0.0000000000e+00,0.0000000000e+00,0.0000000000e+00,0.0000000000e+00,0.0000000000e+00,0.0000000000e+00,0.0000000000e+00,0.0000000000e+00,0.0000000000e+00,0.0000000000e+00,0.0000000000e+00,0.0000000000e+00,0.0000000000e+00,0.0000000000e+00,0.0000000000e+00,0.0000000000e+00,0.0000000000e+00,0.0000000000e+00,0.0000000000e+00,0.0000000000e+00,0.0000000000e+00,0.0000000000e+00,0.0000000000e+00,0.0000000000e+00,0.0000000000e+00,0.0000000000e+00,0.0000000000e+00,0.0000000000e+00,0.0000000000e+00,0.0000000000e+00,0.0000000000e+00,0.0000000000e+00,0.0000000000e+00,0.0000000000e+00,0.0000000000e+00,0.0000000000e+00,0.0000000000e+00,0.0000000000e+00,0.0000000000e+00
1.3633751836e+02,2.4695491309e-01,2.4695491309e-01,2.4695491309e-01,2.4695491309e-01,2.4695491309e-01,2.4695491309e-01,2.4695491309e-01,2.4695491309e-01,2.4695491309e-01,2.4695491309e-01,2.4695491309e-01,2.4695491309e-01,2.4695491309e-01,2.4695491309e-01,2.4695491309e-01,2.4695491309e-01,2.4695491309e-01,2.4695491309e-01,2.4695491309e-01,2.4695491309e-01,2.4695491309e-01,2.4695491309e-01,2.4695491309e-01,2.4695491309e-01,2.4695491309e-01,2.4695491309e-01,2.4695491309e-01,2.4695491309e-01,2.4695491309e-01,2.4695491309e-01,2.4695491309e-01,2.4695491309e-01,2.4695491309e-01,2.4695491309e-01,2.4695491309e-01,2.4695491309e-01,2.4695491309e-01,2.4695491309e-01,2.4695491309e-01,2.4695491309e-01,2.4695491309e-01,2.4695491309e-01,2.4695491309e-01,2.4695491309e-01,2.4695491309e-01,2.4695491309e-01,2.4695491309e-01,2.4695491309e-01,2.4695491309e-01,2.4695491309e-01,2.4695491309e-01,2.4695491309e-01,2.4695491309e-01,2.4695491309e-01,2.4695491309e-01,2.4695491309e-01,2.4695491309e-01,2.4695491309e-01,2.4695491309e-01,2.4695491309e-01,2.4695491309e-01,2.4695491309e-01,2.4695491309e-01,2.4695491309e-01,2.4695491309e-01,2.4695491309e-01,2.4695491309e-01,2.4695491309e-01,2.4695491309e-01,2.4695491309e-01,2.4695491309e-01,2.4695491309e-01,2.4695491309e-01,2.4695491309e-01,2.4695491309e-01,2.4695491309e-01,2.4695491309e-01,2.4695491309e-01,2.4695491309e-01,2.4695491309e-01,2.4695491309e-01,2.4695491309e-01,2.4695491309e-01,2.4695491309e-01,2.4695491309e-01,2.4694945574e-01,2.4694285035e-01,2.4693558895e-01,2.4692760642e-01,2.4691883115e-01,2.4690918446e-01,2.4689857986e-01,2.4688692226e-01,2.4687410717e-01,2.4686001973e-01,2.4684453369e-01,2.4681466329e-01,2.4675114451e-01,2.4668133430e-01,2.4660461157e-01,2.4652029432e-01,2.4642763382e-01,2.4614410032e-01,2.4581437004e-01,2.4545239228e-01,2.4488972824e-01,2.4396452497e-01,2.4295144018e-01,2.4120286183e-01,2.3901840856e-01,2.3617756342e-01,2.3275780761e-01,2.2787025634e-01,2.2169932844e-01,2.1364564718e-01,2.0248170202e-01,1.8776657357e-01,1.6582074020e-01,1.3568357490e-01,1.0342460558e-01,7.8168831902e-02,6.1658893823e-02,5.2659872390e-02,4.7429179413e-02,4.3694840241e-02,4.0452587121e-02,3.7338044765e-02,3.4189848229e-02,3.0915053434e-02,2.7507884408e-02,2.3996743858e-02,2.0411604075e-02,1.6799995672e-02,1.3221230376e-02,9.7967615739e-03,6.8242095769e-03,4.4272696063e-03,2.6100670029e-03,1.3662564371e-03,6.4523325591e-04,2.8146968199e-04,1.1176480687e-04,3.9619914666e-05,1.2276747428e-05,3.2751725974e-06,7.3957121484e-07,1.3749300290e-07,2.0598970195e-08,0.0000000000e+00,0.0000000000e+00,0.0000000000e+00,0.0000000000e+00,0.0000000000e+00,0.0000000000e+00,0.0000000000e+00,0.0000000000e+00,0.0000000000e+00,0.0000000000e+00,0.0000000000e+00,0.0000000000e+00,0.0000000000e+00,0.0000000000e+00,0.0000000000e+00,0.0000000000e+00,0.0000000000e+00,0.0000000000e+00,0.0000000000e+00,0.0000000000e+00,0.0000000000e+00,0.0000000000e+00,0.0000000000e+00,0.0000000000e+00,0.0000000000e+00,0.0000000000e+00,0.0000000000e+00,0.0000000000e+00,0.0000000000e+00,0.0000000000e+00,0.0000000000e+00,0.0000000000e+00,0.0000000000e+00,0.0000000000e+00,0.0000000000e+00,0.0000000000e+00,0.0000000000e+00,0.0000000000e+00,0.0000000000e+00,0.0000000000e+00,0.0000000000e+00,0.0000000000e+00,0.0000000000e+00,0.0000000000e+00,0.0000000000e+00,0.0000000000e+00,0.0000000000e+00,0.0000000000e+00,0.0000000000e+00,0.0000000000e+00,0.0000000000e+00,0.0000000000e+00
1.4251026703e+02,2.3217191356e-01,2.3217191356e-01,2.3217191356e-01,2.3217191356e-01,2.3217191356e-01,2.3217191356e-01,2.3217191356e-01,2.3217191356e-01,2.3217191356e-01,2.3217191356e-01,2.3217191356e-01,2.3217191356e-01,2.3217191356e-01,2.3217191356e-01,2.3217191356e-01,2.3217191356e-01,2.3217191356e-01,2.3217191356e-01,2.3217191356e-01,2.3217191356e-01,2.3217191356e-01,2.3217191356e-01,2.3217191356e-01,2.3217191356e-01,2.3217191356e-01,2.3217191356e-01,2.3217191356e-01,2.3217191356e-01,2.3217191356e-01,2.3217191356e-01,2.3217191356e-01,2.3217191356e-01,2.3217191356e-01,2.3217191356e-01,2.3217191356e-01,2.3217191356e-01,2.3217191356e-01,2.3217191356e-01,2.3217191356e-01,2.3217191356e-01,2.3217191356e-01,2.3217191356e-01,2.3217191356e-01,2.3217191356e-01,2.3217191356e-01,2.3217191356e-01,2.3217191356e-01,2.3217191356e-01,2.3217191356e-01,2.3217191356e-01,2.3217191356e-01,2.3217191356e-01,2.3217191356e-01,2.3217191356e-01,2.3217191356e-01,2.3217191356e-01,2.3217191356e-01,2.3217191356e-01,2.3217191356e-01,2.3217191356e-01,2.3217191356e-01,2.3217191356e-01,2.3217191356e-01,2.3217191356e-01,2.3217191356e-01,2.3217191356e-01,2.3217191356e-01,2.3217191356e-01,2.3217191356e-01,2.3217191356e-01,2.3217191356e-01,2.3217191356e-01,2.3217191356e-01,2.3217191356e-01,2.3217191356e-01,2.3217191356e-01,2.3217191356e-01,2.3217191356e-01,2.3217191356e-01,2.3217191356e-01,2.3217191356e-01,2.3217191356e-01,2.3217191356e-01,2.3217191356e-01,2.3217191356e-01,2.3216640784e-01,2.3215974392e-01,2.3215241819e-01,2.3214436495e-01,2.3213551198e-01,2.3212577990e-01,2.3211508145e-01,2.3210332074e-01,2.3209039233e-01,2.3207618039e-01,2.3206055755e-01,2.3203137825e-01,2.3197062908e-01,2.3190386312e-01,2.3183048645e-01,2.3174984694e-01,2.3166122864e-01,2.3139557970e-01,2.3108684719e-01,2.3074791887e-01,2.3022382028e-01,2.2936561219e-01,2.2842583635e-01,2.2681320644e-01,2.2480089081e-01,2.2218811546e-01,2.1904487720e-01,2.1457316478e-01,2.0894003159e-01,2.0160561472e-01,1.9147960369e-01,1.7815710702e-01,1.5831844958e-01,1.3096021116e-01,1.0137640227e-01,7.7908811509e-02,6.2325899663e-02,5.3675464594e-02,4.8561361537e-02,4.4858153268e-02,4.1617716122e-02,3.8493099210e-02,3.5327339245e-02,3.2026647282e-02,2.8584363229e-02,2.5028066843e-02,2.1386171141e-02,1.7704641706e-02,1.4041299625e-02,1.0514408778e-02,7.4203071388e-03,4.8903953751e-03,2.9404406461e-03,1.5789477626e-03,7.6879379535e-04,3.4679125965e-04,1.4293342141e-04,5.2839978105e-05,1.7172842422e-05,4.8362055061e-06,1.1610739054e-06,2.3220360653e-07,4.2071662904e-08,0.0000000000e+00,0.0000000000e+00,0.0000000000e+00,0.0000000000e+00,0.0000000000e+00,0.0000000000e+00,0.0000000000e+00,0.0000000000e+00,0.0000000000e+00,0.0000000000e+00,0.0000000000e+00,0.0000000000e+00,0.0000000000e+00,0.0000000000e+00,0.0000000000e+00,0.0000000000e+00,0.0000000000e+00,0.0000000000e+00,0.0000000000e+00,0.0000000000e+00,0.0000000000e+00,0.0000000000e+00,0.0000000000e+00,0.0000000000e+00,0.0000000000e+00,0.0000000000e+00,0.0000000000e+00,0.0000000000e+00,0.0000000000e+00,0.0000000000e+00,0.0000000000e+00,0.0000000000e+00,0.0000000000e+00,0.0000000000e+00,0.0000000000e+00,0.0000000000e+00,0.0000000000e+00,0.0000000000e+00,0.0000000000e+00,0.0000000000e+00,0.0000000000e+00,0.0000000000e+00,0.0000000000e+00,0.0000000000e+00,0.0000000000e+00,0.0000000000e+00,0.0000000000e+00,0.0000000000e+00,0.0000000000e+00,0.0000000000e+00,0.0000000000e+00,0.0000000000e+00
1.4896248996e+02,2.1818897629e-01,2.1818897629e-01,2.1818897629e-01,2.1818897629e-01,2.1818897629e-01,2.1818897629e-01,2.1818897629e-01,2.1818897629e-01,2.1818897629e-01,2.1818897629e-01,2.1818897629e-01,2.1818897629e-01,2.1818897629e-01,2.1818897629e-01,2.1818897629e-01,2.1818897629e-01,2.1818897629e-01,2.1818897629e-01,2.1818897629e-01,2.1818897629e-01,2.1818897629e-01,2.1818897629e-01,2.1818897629e-01,2.1818897629e-01,2.1818897629e-01,2.1818897629e-01,2.1818897629e-01,2.1818897629e-01,2.1818897629e-01,2.1818897629e-01,2.1818897629e-01,2.1818897629e-01,2.1818897629e-01,2.1818897629e-01,2.1818897629e-01,2.1818897629e-01,2.1818897629e-01,2.1818897629e-01,2.1818897629e-01,2.1818897629e-01,2.1818897629e-01,2.1818897629e-01,2.1818897629e-01,2.1818897629e-01,2.1818897629e-01,2.1818897629e-01,2.1818897629e-01,2.1818897629e-01,2.1818897629e-01,2.1818897629e-01,2.1818897629e-01,2.1818897629e-01,2.1818897629e-01,2.1818897629e-01,2.1818897629e-01,2.1818897629e-01,2.1818897629e-01,2.1818897629e-01,2.1818897629e-01,2.1818897629e-01,2.1818897629e-01,2.1818897629e-01,2.1818897629e-01,2.1818897629e-01,2.1818897629e-01,2.1818897629e-01,2.1818897629e-01,2.1818897629e-01,2.1818897629e-01,2.1818897629e-01,2.1818897629e-01,2.1818897629e-01,2.1818897629e-01,2.1818897629e-01,2.1818897629e-01,2.1818897629e-01,2.1818897629e-01,2.1818897629e-01,2.1818897629e-01,2.1818897629e-01,2.1818897629e-01,2.1818897629e-01,2.1818897629e-01,2.1818897629e-01,2.1818897629e-01,2.1818342645e-01,2.1817670913e-01,2.1816932472e-01,2.1816120699e-01,2.1815228315e-01,2.1814247319e-01,2.1813168916e-01,2.1811983441e-01,2.1810680269e-01,2.1809247722e-01,2.1807672967e-01,2.1804821347e-01,2.1799010450e-01,2.1792624055e-01,2.1785605360e-01,2.1777891999e-01,2.1769415504e-01,2.1744559647e-01,2.1715693010e-01,2.1684002828e-01,2.1635267344e-01,2.1555816171e-01,2.1468808543e-01,2.1320386315e-01,2.1135393581e-01,2.0895583705e-01,2.0607263406e-01,2.0198884900e-01,1.9685539377e-01,1.9018656599e-01,1.8101475605e-01,1.6896872186e-01,1.5105738221e-01,1.2625935111e-01,9.9184295400e-02,7.7435267647e-02,6.2772987304e-02,5.4485766271e-02,4.9504488768e-02,4.5847874171e-02,4.2624211146e-02,3.9504369540e-02,3.6336190788e-02,3.3025458819e-02,2.9564612931e-02,2.5980221189e-02,2.2298966553e-02,1.8564989536e-02,1.4834275769e-02,1.1221208683e-02,8.0190121272e-03,5.3655501866e-03,3.2877874424e-03,1.8091837580e-03,9.0700773599e-04,4.2246261651e-04,1.8044690043e-04,6.9440442732e-05,2.3621101161e-05,7.0056624473e-06,1.7834674106e-06,3.8258757537e-07,8.0750678989e-08,0.0000000000e+00,0.0000000000e+00,0.0000000000e+00,0.0000000000e+00,0.0000000000e+00,0.0000000000e+00,0.0000000000e+00,0.0000000000e+00,0.0000000000e+00,0.0000000000e+00,0.0000000000e+00,0.0000000000e+00,0.0000000000e+00,0.0000000000e+00,0.0000000000e+00,0.0000000000e+00,0.0000000000e+00,0.0000000000e+00,0.0000000000e+00,0.0000000000e+00,0.0000000000e+00,0.0000000000e+00,0.0000000000e+00,0.0000000000e+00,0.0000000000e+00,0.0000000000e+00,0.0000000000e+00,0.0000000000e+00,0.0000000000e+00,0.0000000000e+00,0.0000000000e+00,0.0000000000e+00,0.0000000000e+00,0.0000000000e+00,0.0000000000e+00,0.0000000000e+00,0.0000000000e+00,0.0000000000e+00,0.0000000000e+00,0.0000000000e+00,0.0000000000e+00,0.0000000000e+00,0.0000000000e+00,0.0000000000e+00,0.0000000000e+00,0.0000000000e+00,0.0000000000e+00,0.0000000000e+00,0.0000000000e+00,0.0000000000e+00,0.0000000000e+00,0.0000000000e+00
1.5570684048e+02,2.0500992083e-01,2.0500992083e-01,2.0500992083e-01,2.0500992083e-01,2.0500992083e-01,2.0500992083e-01,2.0500992083e-01,2.0500992083e-01,2.0500992083e-01,2.0500992083e-01,2.0500992083e-01,2.0500992083e-01,2.0500992083e-01,2.0500992083e-01,2.0500992083e-01,2.0500992083e-01,2.0500992083e-01,2.0500992083e-01,2.0500992083e-01,2.0500992083e-01,2.0500992083e-01,2.0500992083e-01,2.0500992083e-01,2.0500992083e-01,2.0500992083e-01,2.0500992083e-01,2.0500992083e-01,2.0500992083e-01,2.0500992083e-01,2.0500992083e-01,2.0500992083e-01,2.0500992083e-01,2.0500992083e-01,2.0500992083e-01,2.0500992083e-01,2.0500992083e-01,2.0500992083e-01,2.0500992083e-01,2.0500992083e-01,2.0500992083e-01,2.0500992083e-01,2.0500992083e-01,2.0500992083e-01,2.0500992083e-01,2.0500992083e-01,2.0500992083e-01,2.0500992083e-01,2.0500992083e-01,2.0500992083e-01,2.0500992083e-01,2.0500992083e-01,2.0500992083e-01,2.0500992083e-01,2.0500992083e-01,2.0500992083e-01,2.0500992083e-01,2.0500992083e-01,2.0500992083e-01,2.0500992083e-01,2.0500992083e-01,2.0500992083e-01,2.0500992083e-01,2.0500992083e-01,2.0500992083e-01,2.0500992083e-01,2.0500992083e-01,2.0500992083e-01,2.0500992083e-01,2.0500992083e-01,2.0500992083e-01,2.0500992083e-01,2.0500992083e-01,2.0500992083e-01,2.0500992083e-01,2.0500992083e-01,2.0500992083e-01,2.0500992083e-01,2.0500992083e-01,2.0500992083e-01,2.0500992083e-01,2.0500992083e-01,2.0500992083e-01,2.0500992083e-01,2.0500992083e-01,2.0500992083e-01,2.0500433225e-01,2.0499756806e-01,2.0499013214e-01,2.0498195781e-01,2.0497297177e-01,2.0496309346e-01,2.0495223434e-01,2.0494029708e-01,2.0492717471e-01,2.0491274967e-01,2.0489689274e-01,2.0486901536e-01,2.0481342167e-01,2.0475232241e-01,2.0468517427e-01,2.0461138068e-01,2.0453028674e-01,2.0429797825e-01,2.0402839045e-01,2.0373243086e-01,2.0327989582e-01,2.0254560477e-01,2.0174142575e-01,2.0037783189e-01,1.9868027273e-01,1.9648318664e-01,1.9384325986e-01,1.9011973879e-01,1.8544861962e-01,1.7939335187e-01,1.7109579259e-01,1.6021602499e-01,1.4406208081e-01,1.2161425492e-01,9.6880214736e-02,7.6771182495e-02,6.3013762889e-02,5.5098848154e-02,5.0263683467e-02,4.6667339640e-02,4.3474060893e-02,4.0372672880e-02,3.7216133046e-02,3.3910194649e-02,3.0446395331e-02,2.6850130144e-02,2.3146215245e-02,1.9376744759e-02,1.5595566300e-02,1.1912589901e-02,8.6162627787e-03,5.8496352235e-03,3.6502440117e-03,2.0563261558e-03,1.0601331111e-03,5.0916678794e-04,2.2503551787e-04,8.9990453662e-05,3.1976376927e-05,9.9651409301e-06,2.6832710200e-06,6.1570784978e-07,1.4747904750e-07,0.0000000000e+00,0.0000000000e+00,0.0000000000e+00,0.0000000000e+00,0.0000000000e+00,0.0000000000e+00,0.0000000000e+00,0.0000000000e+00,0.0000000000e+00,0.0000000000e+00,0.0000000000e+00,0.0000000000e+00,0.0000000000e+00,0.0000000000e+00,0.0000000000e+00,0.0000000000e+00,0.0000000000e+00,0.0000000000e+00,0.0000000000e+00,0.0000000000e+00,0.0000000000e+00,0.0000000000e+00,0.0000000000e+00,0.0000000000e+00,0.0000000000e+00,0.0000000000e+00,0.0000000000e+00,0.0000000000e+00,0.0000000000e+00,0.0000000000e+00,0.0000000000e+00,0.0000000000e+00,0.0000000000e+00,0.0000000000e+00,0.0000000000e+00,0.0000000000e+00,0.0000000000e+00,0.0000000000e+00,0.0000000000e+00,0.0000000000e+00,0.0000000000e+00,0.0000000000e+00,0.0000000000e+00,0.0000000000e+00,0.0000000000e+00,0.0000000000e+00,0.0000000000e+00,0.0000000000e+00,0.0000000000e+00,0.0000000000e+00,0.0000000000e+00,0.0000000000e+00
1.6275654480e+02,1.9262668740e-01,1.9262668740e-01,1.9262668740e-01,1.9262668740e-01,1.9262668740e-01,1.9262668740e-01,1.9262668740e-01,1.9262668740e-01,1.9262668740e-01,1.9262668740e-01,1.9262668740e-01,1.9262668740e-01,1.9262668740e-01,1.9262668740e-01,1.9262668740e-01,1.9262668740e-01,1.9262668740e-01,1.9262668740e-01,1.9262668740e-01,1.9262668740e-01,1.9262668740e-01,1.9262668740e-01,1.9262668740e-01,1.9262668740e-01,1.9262668740e-01,1.9262668740e-01,1.9262668740e-01,1.9262668740e-01,1.9262668740e-01,1.9262668740e-01,1.9262668740e-01,1.9262668740e-01,1.9262668740e-01,1.9262668740e-01,1.9262668740e-01,1.9262668740e-01,1.9262668740e-01,1.9262668740e-01,1.9262668740e-01,1.9262668740e-01,1.9262668740e-01,1.9262668740e-01,1.9262668740e-01,1.9262668740e-01,1.9262668740e-01,1.9262668740e-01,1.9262668740e-01,1.9262668740e-01,1.9262668740e-01,1.9262668740e-01,1.9262668740e-01,1.9262668740e-01,1.9262668740e-01,1.9262668740e-01,1.9262668740e-01,1.9262668740e-01,1.9262668740e-01,1.9262668740e-01,1.9262668740e-01,1.9262668740e-01,1.9262668740e-01,1.9262668740e-01,1.9262668740e-01,1.9262668740e-01,1.9262668740e-01,1.9262668740e-01,1.9262668740e-01,1.9262668740e-01,1.9262668740e-01,1.9262668740e-01,1.9262668740e-01,1.9262668740e-01,1.9262668740e-01,1.9262668740e-01,1.9262668740e-01,1.9262668740e-01,1.9262668740e-01,1.9262668740e-01,1.9262668740e-01,1.9262668740e-01,1.9262668740e-01,1.9262668740e-01,1.9262668740e-01,1.9262668740e-01,1.9262668740e-01,1.9262106621e-01,1.9261426258e-01,1.9260678332e-01,1.9259856135e-01,1.9258952299e-01,1.9257958719e-01,1.9256866491e-01,1.9255665826e-01,1.9254345968e-01,1.9252895092e-01,1.9251300204e-01,1.9248574198e-01,1.9243254273e-01,1.9237407534e-01,1.9230982000e-01,1.9223920596e-01,1.9216160666e-01,1.9194467973e-01,1.9169314848e-01,1.9141700913e-01,1.9099731115e-01,1.9031966852e-01,1.8957747929e-01,1.8832665673e-01,1.8677137689e-01,1.8476162825e-01,1.8234825018e-01,1.7895795640e-01,1.7471303225e-01,1.6922142482e-01,1.6172244559e-01,1.5190525214e-01,1.3734939901e-01,1.1705208800e-01,9.4492877394e-02,7.5939111049e-02,6.3063145711e-02,5.5524753436e-02,5.0846215265e-02,4.7322023504e-02,4.4171318078e-02,4.1100791806e-02,3.7968745735e-02,3.4681273986e-02,3.1229026217e-02,2.7636091655e-02,2.3925317034e-02,2.0136568644e-02,1.6321297866e-02,1.2584448236e-02,9.2082131441e-03,6.3395484676e-03,4.0257902212e-03,2.3195180334e-03,1.2282427994e-03,6.0748578589e-04,2.7740933390e-04,1.1508790763e-04,4.2636533379e-05,1.3931652212e-05,3.9582711838e-06,9.6896768403e-07,2.5859641236e-07,0.0000000000e+00,0.0000000000e+00,0.0000000000e+00,0.0000000000e+00,0.0000000000e+00,0.0000000000e+00,0.0000000000e+00,0.0000000000e+00,0.0000000000e+00,0.0000000000e+00,0.0000000000e+00,0.0000000000e+00,0.0000000000e+00,0.0000000000e+00,0.0000000000e+00,0.0000000000e+00,0.0000000000e+00,0.0000000000e+00,0.0000000000e+00,0.0000000000e+00,0.0000000000e+00,0.0000000000e+00,0.0000000000e+00,0.0000000000e+00,0.0000000000e+00,0.0000000000e+00,0.0000000000e+00,0.0000000000e+00,0.0000000000e+00,0.0000000000e+00,0.0000000000e+00,0.0000000000e+00,0.0000000000e+00,0.0000000000e+00,0.0000000000e+00,0.0000000000e+00,0.0000000000e+00,0.0000000000e+00,0.0000000000e+00,0.0000000000e+00,0.0000000000e+00,0.0000000000e+00,0.0000000000e+00,0.0000000000e+00,0.0000000000e+00,0.0000000000e+00,0.0000000000e+00,0.0000000000e+00,0.0000000000e+00,0.0000000000e+00,0.0000000000e+00,0.0000000000e+00
1.7012542799e+02,1.8095533590e-01,1.8095533590e-01,1.8095533590e-01,1.8095533590e-01,1.8095533590e-01,1.8095533590e-01,1.8095533590e-01,1.8095533590e-01,1.8095533590e-01,1.8095533590e-01,1.8095533590e-01,1.8095533590e-01,1.8095533590e-01,1.8095533590e-01,1.8095533590e-01,1.8095533590e-01,1.8095533590e-01,1.8095533590e-01,1.8095533590e-01,1.8095533590e-01,1.8095533590e-01,1.8095533590e-01,1.8095533590e-01,1.8095533590e-01,1.8095533590e-01,1.8095533590e-01,1.8095533590e-01,1.8095533590e-01,1.8095533590e-01,1.8095533590e-01,1.8095533590e-01,1.8095533590e-01,1.8095533590e-01,1.8095533590e-01,1.8095533590e-01,1.8095533590e-01,1.8095533590e-01,1.8095533590e-01,1.8095533590e-01,1.8095533590e-01,1.8095533590e-01,1.8095533590e-01,1.8095533590e-01,1.8095533590e-01,1.8095533590e-01,1.8095533590e-01,1.8095533590e-01,1.8095533590e-01,1.8095533590e-01,1.8095533590e-01,1.8095533590e-01,1.8095533590e-01,1.8095533590e-01,1.8095533590e-01,1.8095533590e-01,1.8095533590e-01,1.8095533590e-01,1.8095533590e-01,1.8095533590e-01,1.8095533590e-01,1.8095533590e-01,1.8095533590e-01,1.8095533590e-01,1.8095533590e-01,1.8095533590e-01,1.8095533590e-01,1.8095533590e-01,1.8095533590e-01,1.8095533590e-01,1.8095533590e-01,1.8095533590e-01,1.8095533590e-01,1.8095533590e-01,1.8095533590e-01,1.8095533590e-01,1.8095533590e-01,1.8095533590e-01,1.8095533590e-01,1.8095533590e-01,1.8095533590e-01,1.8095533590e-01,1.8095533590e-01,1.8095533590e-01,1.8095533590e-01,1.8095533590e-01,1.8095533590e-01,1.8095191936e-01,1.8094338762e-01,1.8093400876e-01,1.8092369871e-01,1.8091236508e-01,1.8089990633e-01,1.8088621085e-01,1.8087115599e-01,1.8085460694e-01,1.8083641557e-01,1.8081641909e-01,1.8079443859e-01,1.8072359061e-01,1.8063567859e-01,1.8053908226e-01,1.8043294915e-01,1.8031634421e-01,1.8010568811e-01,1.7976268046e-01,1.7938635039e-01,1.7897354275e-01,1.7802414073e-01,1.7691819562e-01,1.7558215095e-01,1.7368024736e-01,1.7151736443e-01,1.6838383123e-01,1.6452916887e-01,1.5948518929e-01,1.5259653930e-01,1.4357672283e-01,1.3071761196e-01,1.1248738150e-01,9.2084668579e-02,7.4969367356e-02,6.3028923232e-02,5.5780331212e-02,5.1290013761e-02,4.7845203714e-02,4.4744705452e-02,4.1717823761e-02,3.8618089202e-02,3.5358973346e-02,3.1931023443e-02,2.8352117427e-02,2.4644023691e-02,2.0852588000e-02,1.7016474168e-02,1.3238342572e-02,9.7958214343e-03,6.8356659862e-03,4.4143583753e-03,2.5988286611e-03,1.4119021174e-03,7.1823181238e-04,3.3839111721e-04,1.4542656295e-04,5.6093264133e-05,1.9183212769e-05,5.7386478426e-06,1.4691116335e-06,3.1886636394e-07,5.7736200110e-08,0.0000000000e+00,0.0000000000e+00,0.0000000000e+00,0.0000000000e+00,0.0000000000e+00,0.0000000000e+00,0.0000000000e+00,0.0000000000e+00,0.0000000000e+00,0.0000000000e+00,0.0000000000e+00,0.0000000000e+00,0.0000000000e+00,0.0000000000e+00,0.0000000000e+00,0.0000000000e+00,0.0000000000e+00,0.0000000000e+00,0.0000000000e+00,0.0000000000e+00,0.0000000000e+00,0.0000000000e+00,0.0000000000e+00,0.0000000000e+00,0.0000000000e+00,0.0000000000e+00,0.0000000000e+00,0.0000000000e+00,0.0000000000e+00,0.0000000000e+00,0.0000000000e+00,0.0000000000e+00,0.0000000000e+00,0.0000000000e+00,0.0000000000e+00,0.0000000000e+00,0.0000000000e+00,0.0000000000e+00,0.0000000000e+00,0.0000000000e+00,0.0000000000e+00,0.0000000000e+00,0.0000000000e+00,0.0000000000e+00,0.0000000000e+00,0.0000000000e+00,0.0000000000e+00,0.0000000000e+00,0.0000000000e+00,0.0000000000e+00,0.0000000000e+00
1.7782794100e+02,1.7010997116e-01,1.7010997116e-01,1.7010997116e-01,1.7010997116e-01,1.7010997116e-01,1.7010997116e-01,1.7010997116e-01,1.7010997116e-01,1.7010997116e-01,1.7010997116e-01,1.7010997116e-01,1.7010997116e-01,1.7010997116e-01,1.7010997116e-01,1.7010997116e-01,1.7010997116e-01,1.7010997116e-01,1.7010997116e-01,1.7010997116e-01,1.7010997116e-01,1.7010997116e-01,1.7010997116e-01,1.7010997116e-01,1.7010997116e-01,1.7010997116e-01,1.7010997116e-01,1.7010997116e-01,1.7010997116e-01,1.7010997116e-01,1.7010997116e-01,1.7010997116e-01,1.7010997116e-01,1.7010997116e-01,1.7010997116e-01,1.7010997116e-01,1.7010997116e-01,1.7010997116e-01,1.7010997116e-01,1.7010997116e-01,1.7010997116e-01,1.7010997116e-01,1.7010997116e-01,1.7010997116e-01,1.7010997116e-01,1.7010997116e-01,1.7010997116e-01,1.7010997116e-01,1.7010997116e-01,1.7010997116e-01,1.7010997116e-01,1.7010997116e-01,1.7010997116e-01,1.7010997116e-01,1.7010997116e-01,1.7010997116e-01,1.7010997116e-01,1.7010997116e-01,1.7010997116e-01,1.7010997116e-01,1.7010997116e-01,1.7010997116e-01,1.7010997116e-01,1.7010997116e-01,1.7010997116e-01,1.7010997116e-01,1.7010997116e-01,1.7010997116e-01,1.7010997116e-01,1.7010997116e-01,1.7010997116e-01,1.7010997116e-01,1.7010997116e-01,1.7010997116e-01,1.7010997116e-01,1.7010997116e-01,1.7010997116e-01,1.7010997116e-01,1.7010997116e-01,1.7010997116e-01,1.7010997116e-01,1.7010997116e-01,1.7010997116e-01,1.7010997116e-01,1.7010997116e-01,1.7010997116e-01,1.7010997116e-01,1.7010656316e-01,1.7009805273e-01,1.7008869732e-01,1.7007841310e-01,1.7006710790e-01,1.7005468044e-01,1.7004101943e-01,1.7002600252e-01,1.7000949529e-01,1.6999134999e-01,1.6997140427e-01,1.6994947974e-01,1.6988228722e-01,1.6979916662e-01,1.6970783531e-01,1.6960748735e-01,1.6949723876e-01,1.6930063093e-01,1.6898260352e-01,1.6863367091e-01,1.6825090486e-01,1.6738141393e-01,1.6636911452e-01,1.6514737912e-01,1.6341215575e-01,1.6143973543e-01,1.5859336650e-01,1.5509775561e-01,1.5053292116e-01,1.4431962613e-01,1.3619587267e-01,1.2462317227e-01,1.0816812219e-01,8.9603265186e-02,7.3863367615e-02,6.2733242045e-02,5.5864574388e-02,5.1543164825e-02,4.8189320958e-02,4.5151836943e-02,4.2176831859e-02,3.9123761155e-02,3.5906948201e-02,3.2516107510e-02,2.8967733026e-02,2.5281497435e-02,2.1500604634e-02,1.7661170495e-02,1.3860068221e-02,1.0366241035e-02,7.3278990264e-03,4.8094508118e-03,2.8906969302e-03,1.6094080393e-03,8.4101682387e-04,4.0827287659e-04,1.8146529426e-04,7.2723043439e-05,2.5972918072e-05,8.1598368305e-06,2.2089347893e-06,5.1113210852e-07,1.0191229777e-07,0.0000000000e+00,0.0000000000e+00,0.0000000000e+00,0.0000000000e+00,0.0000000000e+00,0.0000000000e+00,0.0000000000e+00,0.0000000000e+00,0.0000000000e+00,0.0000000000e+00,0.0000000000e+00,0.0000000000e+00,0.0000000000e+00,0.0000000000e+00,0.0000000000e+00,0.0000000000e+00,0.0000000000e+00,0.0000000000e+00,0.0000000000e+00,0.0000000000e+00,0.0000000000e+00,0.0000000000e+00,0.0000000000e+00,0.0000000000e+00,0.0000000000e+00,0.0000000000e+00,0.0000000000e+00,0.0000000000e+00,0.0000000000e+00,0.0000000000e+00,0.0000000000e+00,0.0000000000e+00,0.0000000000e+00,0.0000000000e+00,0.0000000000e+00,0.0000000000e+00,0.0000000000e+00,0.0000000000e+00,0.0000000000e+00,0.0000000000e+00,0.0000000000e+00,0.0000000000e+00,0.0000000000e+00,0.0000000000e+00,0.0000000000e+00,0.0000000000e+00,0.0000000000e+00,0.0000000000e+00,0.0000000000e+00,0.0000000000e+00,0.0000000000e+00
1.8587918911e+02,1.5998597460e-01,1.5998597460e-01,1.5998597460e-01,1.5998597460e-01,1.5998597460e-01,1.5998597460e-01,1.5998597460e-01,1.5998597460e-01,1.5998597460e-01,1.5998597460e-01,1.5998597460e-01,1.5998597460e-01,1.5998597460e-01,1.5998597460e-01,1.5998597460e-01,1.5998597460e-01,1.5998597460e-01,1.5998597460e-01,1.5998597460e-01,1.5998597460e-01,1.5998597460e-01,1.5998597460e-01,1.5998597460e-01,1.5998597460e-01,1.5998597460e-01,1.5998597460e-01,1.5998597460e-01,1.5998597460e-01,1.5998597460e-01,1.5998597460e-01,1.5998597460e-01,1.5998597460e-01,1.5998597460e-01,1.5998597460e-01,1.5998597460e-01,1.5998597460e-01,1.5998597460e-01,1.5998597460e-01,1.5998597460e-01,1.5998597460e-01,1.5998597460e-01,1.5998597460e-01,1.5998597460e-01,1.5998597460e-01,1.5998597460e-01,1.5998597460e-01,1.5998597460e-01,1.5998597460e-01,1.5998597460e-01,1.5998597460e-01,1.5998597460e-01,1.5998597460e-01,1.5998597460e-01,1.5998597460e-01,1.5998597460e-01,1.5998597460e-01,1.5998597460e-01,1.5998597460e-01,1.5998597460e-01,1.5998597460e-01,1.5998597460e-01,1.5998597460e-01,1.5998597460e-01,1.5998597460e-01,1.5998597460e-01,1.5998597460e-01,1.5998597460e-01,1.5998597460e-01,1.5998597460e-01,1.5998597460e-01,1.5998597460e-01,1.5998597460e-01,1.5998597460e-01,1.5998597460e-01,1.5998597460e-01,1.5998597460e-01,1.5998597460e-01,1.5998597460e-01,1.5998597460e-01,1.5998597460e-01,1.5998597460e-01,1.5998597460e-01,1.5998597460e-01,1.5998597460e-01,1.5998597460e-01,1.5998597460e-01,1.5998257858e-01,1.5997409808e-01,1.5996477560e-01,1.5995452761e-01,1.5994326228e-01,1.5993087872e-01,1.5991726601e-01,1.5990230227e-01,1.5988585358e-01,1.5986777274e-01,1.5984789801e-01,1.5982605167e-01,1.5976230587e-01,1.5968369706e-01,1.5959732347e-01,1.5950242299e-01,1.5939815969e-01,1.5921470011e-01,1.5891999896e-01,1.5859665005e-01,1.5824193708e-01,1.5744632030e-01,1.5652056121e-01,1.5540437835e-01,1.5382279252e-01,1.5202578684e-01,1.4944244314e-01,1.4627485674e-01,1.4214648202e-01,1.3654531307e-01,1.2923205776e-01,1.1882198778e-01,1.0397918450e-01,8.7104650363e-02,7.2650768784e-02,6.2294349631e-02,5.5798825717e-02,5.1649905719e-02,4.8393854968e-02,4.5427270445e-02,4.2512548893e-02,3.9515115071e-02,3.6350409043e-02,3.3007360609e-02,2.9501042393e-02,2.5849022930e-02,2.2091779219e-02,1.8262788772e-02,1.4452924075e-02,1.0921518769e-02,7.8171129308e-03,5.2110245328e-03,3.1949230977e-03,1.8209739276e-03,9.7638561124e-04,4.8775534872e-04,2.2389097993e-04,9.3070345937e-05,3.4648343672e-05,1.1407315754e-05,3.2574431178e-06,8.0137650886e-07,1.7444760422e-07,0.0000000000e+00,0.0000000000e+00,0.0000000000e+00,0.0000000000e+00,0.0000000000e+00,0.0000000000e+00,0.0000000000e+00,0.0000000000e+00,0.0000000000e+00,0.0000000000e+00,0.0000000000e+00,0.0000000000e+00,0.0000000000e+00,0.0000000000e+00,0.0000000000e+00,0.0000000000e+00,0.0000000000e+00,0.0000000000e+00,0.0000000000e+00,0.0000000000e+00,0.0000000000e+00,0.0000000000e+00,0.0000000000e+00,0.0000000000e+00,0.0000000000e+00,0.0000000000e+00,0.0000000000e+00,0.0000000000e+00,0.0000000000e+00,0.0000000000e+00,0.0000000000e+00,0.0000000000e+00,0.0000000000e+00,0.0000000000e+00,0.0000000000e+00,0.0000000000e+00,0.0000000000e+00,0.0000000000e+00,0.0000000000e+00,0.0000000000e+00,0.0000000000e+00,0.0000000000e+00,0.0000000000e+00,0.0000000000e+00,0.0000000000e+00,0.0000000000e+00,0.0000000000e+00,0.0000000000e+00,0.0000000000e+00,0.0000000000e+00,0.0000000000e+00
1.9429496147e+02,1.5054835401e-01,1.5054835401e-01,1.5054835401e-01,1.5054835401e-01,1.5054835401e-01,1.5054835401e-01,1.5054835401e-01,1.5054835401e-01,1.5054835401e-01,1.5054835401e-01,1.5054835401e-01,1.5054835401e-01,1.5054835401e-01,1.5054835401e-01,1.5054835401e-01,1.5054835401e-01,1.5054835401e-01,1.5054835401e-01,1.5054835401e-01,1.5054835401e-01,1.5054835401e-01,1.5054835401e-01,1.5054835401e-01,1.5054835401e-01,1.5054835401e-01,1.5054835401e-01,1.5054835401e-01,1.5054835401e-01,1.5054835401e-01,1.5054835401e-01,1.5054835401e-01,1.5054835401e-01,1.5054835401e-01,1.5054835401e-01,1.5054835401e-01,1.5054835401e-01,1.5054835401e-01,1.5054835401e-01,1.5054835401e-01,1.5054835401e-01,1.5054835401e-01,1.5054835401e-01,1.5054835401e-01,1.5054835401e-01,1.5054835401e-01,1.5054835401e-01,1.5054835401e-01,1.5054835401e-01,1.5054835401e-01,1.5054835401e-01,1.5054835401e-01,1.5054835401e-01,1.5054835401e-01,1.5054835401e-01,1.5054835401e-01,1.5054835401e-01,1.5054835401e-01,1.5054835401e-01,1.5054835401e-01,1.5054835401e-01,1.5054835401e-01,1.5054835401e-01,1.5054835401e-01,1.5054835401e-01,1.5054835401e-01,1.5054835401e-01,1.5054835401e-01,1.5054835401e-01,1.5054835401e-01,1.5054835401e-01,1.5054835401e-01,1.5054835401e-01,1.5054835401e-01,1.5054835401e-01,1.5054835401e-01,1.5054835401e-01,1.5054835401e-01,1.5054835401e-01,1.5054835401e-01,1.5054835401e-01,1.5054835401e-01,1.5054835401e-01,1.5054835401e-01,1.5054835401e-01,1.5054835401e-01,1.5054835401e-01,1.5054497323e-01,1.5053653083e-01,1.5052725026e-01,1.5051704838e-01,1.5050583378e-01,1.5049350603e-01,1.5047995473e-01,1.5046505859e-01,1.5044868429e-01,1.5043068534e-01,1.5041090076e-01,1.5038915368e-01,1.5032865224e-01,1.5025428425e-01,1.5017257061e-01,1.5008279038e-01,1.4998415283e-01,1.4981296634e-01,1.4953998128e-01,1.4924045040e-01,1.4891185482e-01,1.4818432918e-01,1.4733830796e-01,1.4631930549e-01,1.4487892192e-01,1.4324301563e-01,1.4089999687e-01,1.3803141623e-01,1.3429980879e-01,1.2925250292e-01,1.2267119261e-01,1.1331025922e-01,9.9928972674e-02,8.4604877452e-02,7.1348898510e-02,6.1727488029e-02,5.5595956685e-02,5.1621332365e-02,4.8468454568e-02,4.5579352915e-02,4.2732077885e-02,3.9798015692e-02,3.6693960316e-02,3.3408113323e-02,2.9954110116e-02,2.6347433208e-02,2.2625785827e-02,1.8819954487e-02,1.5014682997e-02,1.1458953872e-02,8.3005936991e-03,5.6167922515e-03,3.5099703324e-03,2.0459220832e-03,1.1243669484e-03,5.7728628477e-04,2.7328650887e-04,1.1765376233e-04,4.5574314389e-05,1.5691705162e-05,4.7156546908e-06,1.2302530477e-06,2.9049708066e-07,0.0000000000e+00,0.0000000000e+00,0.0000000000e+00,0.0000000000e+00,0.0000000000e+00,0.0000000000e+00,0.0000000000e+00,0.0000000000e+00,0.0000000000e+00,0.0000000000e+00,0.0000000000e+00,0.0000000000e+00,0.0000000000e+00,0.0000000000e+00,0.0000000000e+00,0.0000000000e+00,0.0000000000e+00,0.0000000000e+00,0.0000000000e+00,0.0000000000e+00,0.0000000000e+00,0.0000000000e+00,0.0000000000e+00,0.0000000000e+00,0.0000000000e+00,0.0000000000e+00,0.0000000000e+00,0.0000000000e+00,0.0000000000e+00,0.0000000000e+00,0.0000000000e+00,0.0000000000e+00,0.0000000000e+00,0.0000000000e+00,0.0000000000e+00,0.0000000000e+00,0.0000000000e+00,0.0000000000e+00,0.0000000000e+00,0.0000000000e+00,0.0000000000e+00,0.0000000000e+00,0.0000000000e+00,0.0000000000e+00,0.0000000000e+00,0.0000000000e+00,0.0000000000e+00,0.0000000000e+00,0.0000000000e+00,0.0000000000e+00,0.0000000000e+00
2.0309176209e+02,1.4175960544e-01,1.4175960544e-01,1.4175960544e-01,1.4175960544e-01,1.4175960544e-01,1.4175960544e-01,1.4175960544e-01,1.4175960544e-01,1.4175960544e-01,1.4175960544e-01,1.4175960544e-01,1.4175960544e-01,1.4175960544e-01,1.4175960544e-01,1.4175960544e-01,1.4175960544e-01,1.4175960544e-01,1.4175960544e-01,1.4175960544e-01,1.4175960544e-01,1.4175960544e-01,1.4175960544e-01,1.4175960544e-01,1.4175960544e-01,1.4175960544e-01,1.4175960544e-01,1.4175960544e-01,1.4175960544e-01,1.4175960544e-01,1.4175960544e-01,1.4175960544e-01,1.4175960544e-01,1.4175960544e-01,1.4175960544e-01,1.4175960544e-01,1.4175960544e-01,1.4175960544e-01,1.4175960544e-01,1.4175960544e-01,1.4175960544e-01,1.4175960544e-01,1.4175960544e-01,1.4175960544e-01,1.4175960544e-01,1.4175960544e-01,1.4175960544e-01,1.4175960544e-01,1.4175960544e-01,1.4175960544e-01,1.4175960544e-01,1.4175960544e-01,1.4175960544e-01,1.4175960544e-01,1.4175960544e-01,1.4175960544e-01,1.4175960544e-01,1.4175960544e-01,1.4175960544e-01,1.4175960544e-01,1.4175960544e-01,1.4175960544e-01,1.4175960544e-01,1.4175960544e-01,1.4175960544e-01,1.4175960544e-01,1.4175960544e-01,1.4175960544e-01,1.4175960544e-01,1.4175960544e-01,1.4175960544e-01,1.4175960544e-01,1.4175960544e-01,1.4175960544e-01,1.4175960544e-01,1.4175960544e-01,1.4175960544e-01,1.4175960544e-01,1.4175960544e-01,1.4175960544e-01,1.4175960544e-01,1.4175960544e-01,1.4175960544e-01,1.4175960544e-01,1.4175960544e-01,1.4175960544e-01,1.4175960544e-01,1.4175624297e-01,1.4174784631e-01,1.4173861605e-01,1.4172846950e-01,1.4171731577e-01,1.4170505499e-01,1.4169157738e-01,1.4167676231e-01,1.4166047722e-01,1.4164257645e-01,1.4162289993e-01,1.4160127179e-01,1.4154381983e-01,1.4147343181e-01,1.4139609146e-01,1.4131111649e-01,1.4121775860e-01,1.4105800175e-01,1.4080518040e-01,1.4052776532e-01,1.4022342101e-01,1.3955849312e-01,1.3878575147e-01,1.3785599049e-01,1.3654504778e-01,1.3505672709e-01,1.3293282152e-01,1.3033626170e-01,1.2696470176e-01,1.2241780407e-01,1.1649661166e-01,1.0808116246e-01,9.6022619629e-02,8.2117306662e-02,6.9973465895e-02,6.1047225525e-02,5.5268689412e-02,5.1468636313e-02,4.8422995585e-02,4.5616746426e-02,4.2842906596e-02,3.9978771889e-02,3.6942699850e-02,3.3722226657e-02,3.0329553411e-02,2.6778117890e-02,2.3102837310e-02,1.9331789570e-02,1.5543540015e-02,1.1976151938e-02,8.7757868583e-03,6.0244738760e-03,3.8341863138e-03,2.2834020006e-03,1.2848292495e-03,6.7720786219e-04,3.3019358616e-04,1.4699963289e-04,5.9146511093e-05,2.1255738765e-05,6.7075122270e-06,1.8512096276e-06,4.7172235894e-07,0.0000000000e+00,0.0000000000e+00,0.0000000000e+00,0.0000000000e+00,0.0000000000e+00,0.0000000000e+00,0.0000000000e+00,0.0000000000e+00,0.0000000000e+00,0.0000000000e+00,0.0000000000e+00,0.0000000000e+00,0.0000000000e+00,0.0000000000e+00,0.0000000000e+00,0.0000000000e+00,0.0000000000e+00,0.0000000000e+00,0.0000000000e+00,0.0000000000e+00,0.0000000000e+00,0.0000000000e+00,0.0000000000e+00,0.0000000000e+00,0.0000000000e+00,0.0000000000e+00,0.0000000000e+00,0.0000000000e+00,0.0000000000e+00,0.0000000000e+00,0.0000000000e+00,0.0000000000e+00,0.0000000000e+00,0.0000000000e+00,0.0000000000e+00,0.0000000000e+00,0.0000000000e+00,0.0000000000e+00,0.0000000000e+00,0.0000000000e+00,0.0000000000e+00,0.0000000000e+00,0.0000000000e+00,0.0000000000e+00,0.0000000000e+00,0.0000000000e+00,0.0000000000e+00,0.0000000000e+00,0.0000000000e+00,0.0000000000e+00,0.0000000000e+00
2.1228684221e+02,1.3358090258e-01,1.3358090258e-01,1.3358090258e-01,1.3358090258e-01,1.3358090258e-01,1.3358090258e-01,1.3358090258e-01,1.3358090258e-01,1.3358090258e-01,1.3358090258e-01,1.3358090258e-01,1.3358090258e-01,1.3358090258e-01,1.3358090258e-01,1.3358090258e-01,1.3358090258e-01,1.3358090258e-01,1.3358090258e-01,1.3358090258e-01,1.3358090258e-01,1.3358090258e-01,1.3358090258e-01,1.3358090258e-01,1.3358090258e-01,1.3358090258e-01,1.3358090258e-01,1.3358090258e-01,1.3358090258e-01,1.3358090258e-01,1.3358090258e-01,1.3358090258e-01,1.3358090258e-01,1.3358090258e-01,1.3358090258e-01,1.3358090258e-01,1.3358090258e-01,1.3358090258e-01,1.3358090258e-01,1.3358090258e-01,1.3358090258e-01,1.3358090258e-01,1.3358090258e-01,1.3358090258e-01,1.3358090258e-01,1.3358090258e-01,1.3358090258e-01,1.3358090258e-01,1.3358090258e-01,1.3358090258e-01,1.3358090258e-01,1.3358090258e-01,1.3358090258e-01,1.3358090258e-01,1.3358090258e-01,1.3358090258e-01,1.3358090258e-01,1.3358090258e-01,1.3358090258e-01,1.3358090258e-01,1.3358090258e-01,1.3358090258e-01,1.3358090258e-01,1.3358090258e-01,1.3358090258e-01,1.3358090258e-01,1.3358090258e-01,1.3358090258e-01,1.3358090258e-01,1.3358090258e-01,1.3358090258e-01,1.3358090258e-01,1.3358090258e-01,1.3358090258e-01,1.3358090258e-01,1.3358090258e-01,1.3358090258e-01,1.3358090258e-01,1.3358090258e-01,1.3358090258e-01,1.3358090258e-01,1.3358090258e-01,1.3358090258e-01,1.3358090258e-01,1.3358090258e-01,1.3358090258e-01,1.3358090258e-01,1.3357756125e-01,1.3356921739e-01,1.3356004521e-01,1.3354996254e-01,1.3353887909e-01,1.3352669561e-01,1.3351330303e-01,1.3349858152e-01,1.3348239937e-01,1.3346461187e-01,1.3344505999e-01,1.3342356903e-01,1.3336897992e-01,1.3330232226e-01,1.3322908091e-01,1.3314860981e-01,1.3306020037e-01,1.3291106656e-01,1.3267692465e-01,1.3241999779e-01,1.3213812055e-01,1.3153060959e-01,1.3082505959e-01,1.2997706501e-01,1.2878451542e-01,1.2743110710e-01,1.2550660278e-01,1.2315709469e-01,1.2011176383e-01,1.1601641470e-01,1.1068989085e-01,1.0312558353e-01,9.2262548281e-02,7.9652884540e-02,6.8538574772e-02,6.0267306619e-02,5.4829384089e-02,5.1202878250e-02,4.8267358029e-02,4.5548215134e-02,4.2852706934e-02,4.0063950477e-02,3.7102049488e-02,3.3953941944e-02,3.0630413607e-02,2.7142918299e-02,2.3523605663e-02,1.9797859015e-02,1.6038085479e-02,1.2471022510e-02,9.2403136505e-03,6.4318221991e-03,4.1658273416e-03,2.5324028677e-03,1.4574783869e-03,7.8774411314e-04,3.9509725969e-04,1.8163011464e-04,7.5785796916e-05,2.8373826099e-05,9.3820613659e-06,2.7330417253e-06,7.4838277359e-07,0.0000000000e+00,0.0000000000e+00,0.0000000000e+00,0.0000000000e+00,0.0000000000e+00,0.0000000000e+00,0.0000000000e+00,0.0000000000e+00,0.0000000000e+00,0.0000000000e+00,0.0000000000e+00,0.0000000000e+00,0.0000000000e+00,0.0000000000e+00,0.0000000000e+00,0.0000000000e+00,0.0000000000e+00,0.0000000000e+00,0.0000000000e+00,0.0000000000e+00,0.0000000000e+00,0.0000000000e+00,0.0000000000e+00,0.0000000000e+00,0.0000000000e+00,0.0000000000e+00,0.0000000000e+00,0.0000000000e+00,0.0000000000e+00,0.0000000000e+00,0.0000000000e+00,0.0000000000e+00,0.0000000000e+00,0.0000000000e+00,0.0000000000e+00,0.0000000000e+00,0.0000000000e+00,0.0000000000e+00,0.0000000000e+00,0.0000000000e+00,0.0000000000e+00,0.0000000000e+00,0.0000000000e+00,0.0000000000e+00,0.0000000000e+00,0.0000000000e+00,0.0000000000e+00,0.0000000000e+00,0.0000000000e+00,0.0000000000e+00,0.0000000000e+00
2.2189823415e+02,1.2597306070e-01,1.2597306070e-01,1.2597306070e-01,1.2597306070e-01,1.2597306070e-01,1.2597306070e-01,1.2597306070e-01,1.2597306070e-01,1.2597306070e-01,1.2597306070e-01,1.2597306070e-01,1.2597306070e-01,1.2597306070e-01,1.2597306070e-01,1.2597306070e-01,1.2597306070e-01,1.2597306070e-01,1.2597306070e-01,1.2597306070e-01,1.2597306070e-01,1.2597306070e-01,1.2597306070e-01,1.2597306070e-01,1.2597306070e-01,1.2597306070e-01,1.2597306070e-01,1.2597306070e-01,1.2597306070e-01,1.2597306070e-01,1.2597306070e-01,1.2597306070e-01,1.2597306070e-01,1.2597306070e-01,1.2597306070e-01,1.2597306070e-01,1.2597306070e-01,1.2597306070e-01,1.2597306070e-01,1.2597306070e-01,1.2597306070e-01,1.2597306070e-01,1.2597306070e-01,1.2597306070e-01,1.2597306070e-01,1.2597306070e-01,1.2597306070e-01,1.2597306070e-01,1.2597306070e-01,1.2597306070e-01,1.2597306070e-01,1.2597306070e-01,1.2597306070e-01,1.2597306070e-01,1.2597306070e-01,1.2597306070e-01,1.2597306070e-01,1.2597306070e-01,1.2597306070e-01,1.2597306070e-01,1.2597306070e-01,1.2597306070e-01,1.2597306070e-01,1.2597306070e-01,1.2597306070e-01,1.2597306070e-01,1.2597306070e-01,1.2597306070e-01,1.2597306070e-01,1.2597306070e-01,1.2597306070e-01,1.2597306070e-01,1.2597306070e-01,1.2597306070e-01,1.2597306070e-01,1.2597306070e-01,1.2597306070e-01,1.2597306070e-01,1.2597306070e-01,1.2597306070e-01,1.2597306070e-01,1.2597306070e-01,1.2597306070e-01,1.2597306070e-01,1.2597306070e-01,1.2597306070e-01,1.2597306070e-01,1.2596974312e-01,1.2596145859e-01,1.2595235167e-01,1.2594234077e-01,1.2593133626e-01,1.2591923961e-01,1.2590594255e-01,1.2589132612e-01,1.2587525956e-01,1.2585759924e-01,1.2583818731e-01,1.2581685034e-01,1.2576494641e-01,1.2570178156e-01,1.2563237819e-01,1.2555612414e-01,1.2547234801e-01,1.2533307106e-01,1.2511619955e-01,1.2487821588e-01,1.2461711197e-01,1.2406216218e-01,1.2341810037e-01,1.2264487643e-01,1.2156040394e-01,1.2033009062e-01,1.1858675654e-01,1.1646129586e-01,1.1371116811e-01,1.1002285277e-01,1.0523153768e-01,9.8432754764e-02,8.8648984221e-02,7.7220430850e-02,6.7056781439e-02,5.9400559714e-02,5.4289883932e-02,5.0834815023e-02,4.8011251837e-02,4.5382455721e-02,4.2769172707e-02,4.0060223124e-02,3.7177613395e-02,3.4107752921e-02,3.0860044314e-02,2.7444034002e-02,2.3889148913e-02,2.0218119643e-02,1.6497276756e-02,1.2941773099e-02,9.6919834270e-03,6.8366463504e-03,4.5030828293e-03,2.7917688184e-03,1.6418590575e-03,9.0899095323e-04,4.6841116386e-04,2.2205028765e-04,9.5930889324e-05,3.7350284830e-05,1.2915048373e-05,3.9624959778e-06,1.1617508165e-06,0.0000000000e+00,0.0000000000e+00,0.0000000000e+00,0.0000000000e+00,0.0000000000e+00,0.0000000000e+00,0.0000000000e+00,0.0000000000e+00,0.0000000000e+00,0.0000000000e+00,0.0000000000e+00,0.0000000000e+00,0.0000000000e+00,0.0000000000e+00,0.0000000000e+00,0.0000000000e+00,0.0000000000e+00,0.0000000000e+00,0.0000000000e+00,0.0000000000e+00,0.0000000000e+00,0.0000000000e+00,0.0000000000e+00,0.0000000000e+00,0.0000000000e+00,0.0000000000e+00,0.0000000000e+00,0.0000000000e+00,0.0000000000e+00,0.0000000000e+00,0.0000000000e+00,0.0000000000e+00,0.0000000000e+00,0.0000000000e+00,0.0000000000e+00,0.0000000000e+00,0.0000000000e+00,0.0000000000e+00,0.0000000000e+00,0.0000000000e+00,0.0000000000e+00,0.0000000000e+00,0.0000000000e+00,0.0000000000e+00,0.0000000000e+00,0.0000000000e+00,0.0000000000e+00,0.0000000000e+00,0.0000000000e+00,0.0000000000e+00,0.0000000000e+00
2.3194478661e+02,1.1889730000e-01,1.1889730000e-01,1.1889730000e-01,1.1889730000e-01,1.1889730000e-01,1.1889730000e-01,1.1889730000e-01,1.1889730000e-01,1.1889730000e-01,1.1889730000e-01,1.1889730000e-01,1.1889730000e-01,1.1889730000e-01,1.1889730000e-01,1.1889730000e-01,1.1889730000e-01,1.1889730000e-01,1.1889730000e-01,1.1889730000e-01,1.1889730000e-01,1.1889730000e-01,1.1889730000e-01,1.1889730000e-01,1.1889730000e-01,1.1889730000e-01,1.1889730000e-01,1.1889730000e-01,1.1889730000e-01,1.1889730000e-01,1.1889730000e-01,1.1889730000e-01,1.1889730000e-01,1.1889730000e-01,1.1889730000e-01,1.1889730000e-01,1.1889730000e-01,1.1889730000e-01,1.1889730000e-01,1.1889730000e-01,1.1889730000e-01,1.1889730000e-01,1.1889730000e-01,1.1889730000e-01,1.1889730000e-01,1.1889730000e-01,1.1889730000e-01,1.1889730000e-01,1.1889730000e-01,1.1889730000e-01,1.1889730000e-01,1.1889730000e-01,1.1889730000e-01,1.1889730000e-01,1.1889730000e-01,1.1889730000e-01,1.1889730000e-01,1.1889730000e-01,1.1889730000e-01,1.1889730000e-01,1.1889730000e-01,1.1889730000e-01,1.1889730000e-01,1.1889730000e-01,1.1889730000e-01,1.1889730000e-01,1.1889730000e-01,1.1889730000e-01,1.1889730000e-01,1.1889730000e-01,1.1889730000e-01,1.1889730000e-01,1.1889730000e-01,1.1889730000e-01,1.1889730000e-01,1.1889730000e-01,1.1889730000e-01,1.1889730000e-01,1.1889730000e-01,1.1889730000e-01,1.1889730000e-01,1.1889730000e-01,1.1889730000e-01,1.1889730000e-01,1.1889730000e-01,1.1889730000e-01,1.1889730000e-01,1.1889400858e-01,1.1888578941e-01,1.1887675436e-01,1.1886682251e-01,1.1885590493e-01,1.1884390390e-01,1.1883071203e-01,1.1881621129e-01,1.1880027201e-01,1.1878275171e-01,1.1876349383e-01,1.1874232638e-01,1.1869293931e-01,1.1863304237e-01,1.1856722984e-01,1.1849492127e-01,1.1841548006e-01,1.1828533649e-01,1.1808440602e-01,1.1786390789e-01,1.1762197941e-01,1.1711506406e-01,1.1652717553e-01,1.1582220938e-01,1.1483623039e-01,1.1371804683e-01,1.1213909110e-01,1.1021656269e-01,1.0773326892e-01,1.0441154418e-01,1.0010155750e-01,9.3990793440e-02,8.5180412603e-02,7.4826919672e-02,6.5539182990e-02,5.8458851312e-02,5.3661409122e-02,5.0374773379e-02,4.7664085676e-02,4.5127966812e-02,4.2599892097e-02,3.9974243582e-02,3.7175062024e-02,3.4188298622e-02,3.1022015524e-02,2.7683940486e-02,2.4200844640e-02,2.0592871437e-02,1.6920409125e-02,1.3386900260e-02,1.0128802606e-02,7.2368329210e-03,4.8440997498e-03,3.0602165113e-03,1.8373596186e-03,1.0409091574e-03,5.5046406275e-04,2.6873482129e-04,1.2002963453e-04,4.8516212588e-05,1.7509798399e-05,5.6468399036e-06,1.7669221960e-06,0.0000000000e+00,0.0000000000e+00,0.0000000000e+00,0.0000000000e+00,0.0000000000e+00,0.0000000000e+00,0.0000000000e+00,0.0000000000e+00,0.0000000000e+00,0.0000000000e+00,0.0000000000e+00,0.0000000000e+00,0.0000000000e+00,0.0000000000e+00,0.0000000000e+00,0.0000000000e+00,0.0000000000e+00,0.0000000000e+00,0.0000000000e+00,0.0000000000e+00,0.0000000000e+00,0.0000000000e+00,0.0000000000e+00,0.0000000000e+00,0.0000000000e+00,0.0000000000e+00,0.0000000000e+00,0.0000000000e+00,0.0000000000e+00,0.0000000000e+00,0.0000000000e+00,0.0000000000e+00,0.0000000000e+00,0.0000000000e+00,0.0000000000e+00,0.0000000000e+00,0.0000000000e+00,0.0000000000e+00,0.0000000000e+00,0.0000000000e+00,0.0000000000e+00,0.0000000000e+00,0.0000000000e+00,0.0000000000e+00,0.0000000000e+00,0.0000000000e+00,0.0000000000e+00,0.0000000000e+00,0.0000000000e+00,0.0000000000e+00,0.0000000000e+00
2.4244620171e+02,1.1236818211e-01,1.1236818211e-01,1.1236818211e-01,1.1236818211e-01,1.1236818211e-01,1.1236818211e-01,1.1236818211e-01,1.1236818211e-01,1.1236818211e-01,1.1236818211e-01,1.1236818211e-01,1.1236818211e-01,1.1236818211e-01,1.1236818211e-01,1.1236818211e-01,1.1236818211e-01,1.1236818211e-01,1.1236818211e-01,1.1236818211e-01,1.1236818211e-01,1.1236818211e-01,1.1236818211e-01,1.1236818211e-01,1.1236818211e-01,1.1236818211e-01,1.1236818211e-01,1.1236818211e-01,1.1236818211e-01,1.1236818211e-01,1.1236818211e-01,1.1236818211e-01,1.1236818211e-01,1.1236818211e-01,1.1236818211e-01,1.1236818211e-01,1.1236818211e-01,1.1236818211e-01,1.1236818211e-01,1.1236818211e-01,1.1236818211e-01,1.1236818211e-01,1.1236818211e-01,1.1236818211e-01,1.1236818211e-01,1.1236818211e-01,1.1236818211e-01,1.1236818211e-01,1.1236818211e-01,1.1236818211e-01,1.1236818211e-01,1.1236818211e-01,1.1236818211e-01,1.1236818211e-01,1.1236818211e-01,1.1236818211e-01,1.1236818211e-01,1.1236818211e-01,1.1236818211e-01,1.1236818211e-01,1.1236818211e-01,1.1236818211e-01,1.1236818211e-01,1.1236818211e-01,1.1236818211e-01,1.1236818211e-01,1.1236818211e-01,1.1236818211e-01,1.1236818211e-01,1.1236818211e-01,1.1236818211e-01,1.1236818211e-01,1.1236818211e-01,1.1236818211e-01,1.1236818211e-01,1.1236818211e-01,1.1236818211e-01,1.1236818211e-01,1.1236818211e-01,1.1236818211e-01,1.1236818211e-01,1.1236818211e-01,1.1236818211e-01,1.1236818211e-01,1.1236818211e-01,1.1236818211e-01,1.1236818211e-01,1.1236818211e-01,1.1236818211e-01,1.1235882294e-01,1.1234805102e-01,1.1233621015e-01,1.1232319439e-01,1.1230888732e-01,1.1229316101e-01,1.1227587490e-01,1.1225687457e-01,1.1223599036e-01,1.1221303588e-01,1.1218780640e-01,1.1214314327e-01,1.1206165702e-01,1.1197214382e-01,1.1187382040e-01,1.1176582865e-01,1.1164722871e-01,1.1136747442e-01,1.1105431913e-01,1.1071106936e-01,1.1020898177e-01,1.0946926776e-01,1.0866179461e-01,1.0752548282e-01,1.0620406269e-01,1.0438860722e-01,1.0220462586e-01,9.9162854287e-02,9.5253385420e-02,9.0016201463e-02,8.1801159553e-02,7.2387709211e-02,6.3889375370e-02,5.7395048586e-02,5.2946389688e-02,4.9847402729e-02,4.7232475882e-02,4.4797143674e-02,4.2352596048e-02,3.9811054296e-02,3.7099582183e-02,3.4200230383e-02,3.1118691764e-02,2.7865176586e-02,2.4459874933e-02,2.0920759838e-02,1.7306936538e-02,1.3804473135e-02,1.0549152516e-02,7.6306994838e-03,5.1874579386e-03,3.3367469288e-03,2.0434775864e-03,1.1834355043e-03,6.4148681961e-04,3.2202660533e-04,1.4844049373e-04,6.2263116613e-05,2.3417685113e-05,7.8485479825e-06,2.3061650253e-06,5.8842538956e-07,1.4595518711e-07,0.0000000000e+00,0.0000000000e+00,0.0000000000e+00,0.0000000000e+00,0.0000000000e+00,0.0000000000e+00,0.0000000000e+00,0.0000000000e+00,0.0000000000e+00,0.0000000000e+00,0.0000000000e+00,0.0000000000e+00,0.0000000000e+00,0.0000000000e+00,0.0000000000e+00,0.0000000000e+00,0.0000000000e+00,0.0000000000e+00,0.0000000000e+00,0.0000000000e+00,0.0000000000e+00,0.0000000000e+00,0.0000000000e+00,0.0000000000e+00,0.0000000000e+00,0.0000000000e+00,0.0000000000e+00,0.0000000000e+00,0.0000000000e+00,0.0000000000e+00,0.0000000000e+00,0.0000000000e+00,0.0000000000e+00,0.0000000000e+00,0.0000000000e+00,0.0000000000e+00,0.0000000000e+00,0.0000000000e+00,0.0000000000e+00,0.0000000000e+00,0.0000000000e+00,0.0000000000e+00,0.0000000000e+00,0.0000000000e+00,0.0000000000e+00,0.0000000000e+00,0.0000000000e+00,0.0000000000e+00,0.0000000000e+00
2.5342307358e+02,1.0623898573e-01,1.0623898573e-01,1.0623898573e-01,1.0623898573e-01,1.0623898573e-01,1.0623898573e-01,1.0623898573e-01,1.0623898573e-01,1.0623898573e-01,1.0623898573e-01,1.0623898573e-01,1.0623898573e-01,1.0623898573e-01,1.0623898573e-01,1.0623898573e-01,1.0623898573e-01,1.0623898573e-01,1.0623898573e-01,1.0623898573e-01,1.0623898573e-01,1.0623898573e-01,1.0623898573e-01,1.0623898573e-01,1.0623898573e-01,1.0623898573e-01,1.0623898573e-01,1.0623898573e-01,1.0623898573e-01,1.0623898573e-01,1.0623898573e-01,1.0623898573e-01,1.0623898573e-01,1.0623898573e-01,1.0623898573e-01,1.0623898573e-01,1.0623898573e-01,1.0623898573e-01,1.0623898573e-01,1.0623898573e-01,1.0623898573e-01,1.0623898573e-01,1.0623898573e-01,1.0623898573e-01,1.0623898573e-01,1.0623898573e-01,1.0623898573e-01,1.0623898573e-01,1.0623898573e-01,1.0623898573e-01,1.0623898573e-01,1.0623898573e-01,1.0623898573e-01,1.0623898573e-01,1.0623898573e-01,1.0623898573e-01,1.0623898573e-01,1.0623898573e-01,1.0623898573e-01,1.0623898573e-01,1.0623898573e-01,1.0623898573e-01,1.0623898573e-01,1.0623898573e-01,1.0623898573e-01,1.0623898573e-01,1.0623898573e-01,1.0623898573e-01,1.0623898573e-01,1.0623898573e-01,1.0623898573e-01,1.0623898573e-01,1.0623898573e-01,1.0623898573e-01,1.0623898573e-01,1.0623898573e-01,1.0623898573e-01,1.0623898573e-01,1.0623898573e-01,1.0623898573e-01,1.0623898573e-01,1.0623898573e-01,1.0623898573e-01,1.0623898573e-01,1.0623898573e-01,1.0623898573e-01,1.0623898573e-01,1.0623898573e-01,1.0623898573e-01,1.0622975607e-01,1.0621913324e-01,1.0620745632e-01,1.0619462082e-01,1.0618051197e-01,1.0616500364e-01,1.0614795724e-01,1.0612922052e-01,1.0610862621e-01,1.0608599056e-01,1.0606111174e-01,1.0601832814e-01,1.0594176629e-01,1.0585766217e-01,1.0576527974e-01,1.0566381259e-01,1.0555237748e-01,1.0529507982e-01,1.0500715257e-01,1.0469152956e-01,1.0423259086e-01,1.0355947257e-01,1.0282449816e-01,1.0179354366e-01,1.0059503679e-01,9.8954045198e-02,9.6981269336e-02,9.4241677471e-02,9.0724048778e-02,8.6013376457e-02,7.8618669383e-02,7.0096705568e-02,6.2338984365e-02,5.6340841614e-02,5.2170903028e-02,4.9230740531e-02,4.6729482048e-02,4.4388654455e-02,4.2033105710e-02,3.9579497359e-02,3.6957110685e-02,3.4147803570e-02,3.1156075075e-02,2.7990356881e-02,2.4668523075e-02,2.1206133458e-02,1.7656610901e-02,1.4194627264e-02,1.0951021198e-02,8.0157924972e-03,5.5305813925e-03,3.6192405615e-03,2.2588751641e-03,1.3360378851e-03,7.4157749184e-04,3.8241450293e-04,1.8172537809e-04,7.8897429025e-05,3.0863962868e-05,1.0811596101e-05,3.3406733400e-06,9.0885386557e-07,2.6682366828e-07,0.0000000000e+00,0.0000000000e+00,0.0000000000e+00,0.0000000000e+00,0.0000000000e+00,0.0000000000e+00,0.0000000000e+00,0.0000000000e+00,0.0000000000e+00,0.0000000000e+00,0.0000000000e+00,0.0000000000e+00,0.0000000000e+00,0.0000000000e+00,0.0000000000e+00,0.0000000000e+00,0.0000000000e+00,0.0000000000e+00,0.0000000000e+00,0.0000000000e+00,0.0000000000e+00,0.0000000000e+00,0.0000000000e+00,0.0000000000e+00,0.0000000000e+00,0.0000000000e+00,0.0000000000e+00,0.0000000000e+00,0.0000000000e+00,0.0000000000e+00,0.0000000000e+00,0.0000000000e+00,0.0000000000e+00,0.0000000000e+00,0.0000000000e+00,0.0000000000e+00,0.0000000000e+00,0.0000000000e+00,0.0000000000e+00,0.0000000000e+00,0.0000000000e+00,0.0000000000e+00,0.0000000000e+00,0.0000000000e+00,0.0000000000e+00,0.0000000000e+00,0.0000000000e+00,0.0000000000e+00,0.0000000000e+00
2.6489692876e+02,1.0049729434e-01,1.0049729434e-01,1.0049729434e-01,1.0049729434e-01,1.0049729434e-01,1.0049729434e-01,1.0049729434e-01,1.0049729434e-01,1.0049729434e-01,1.0049729434e-01,1.0049729434e-01,1.0049729434e-01,1.0049729434e-01,1.0049729434e-01,1.0049729434e-01,1.0049729434e-01,1.0049729434e-01,1.0049729434e-01,1.0049729434e-01,1.0049729434e-01,1.0049729434e-01,1.0049729434e-01,1.0049729434e-01,1.0049729434e-01,1.0049729434e-01,1.0049729434e-01,1.0049729434e-01,1.0049729434e-01,1.0049729434e-01,1.0049729434e-01,1.0049729434e-01,1.0049729434e-01,1.0049729434e-01,1.0049729434e-01,1.0049729434e-01,1.0049729434e-01,1.0049729434e-01,1.0049729434e-01,1.0049729434e-01,1.0049729434e-01,1.0049729434e-01,1.0049729434e-01,1.0049729434e-01,1.0049729434e-01,1.0049729434e-01,1.0049729434e-01,1.0049729434e-01,1.0049729434e-01,1.0049729434e-01,1.0049729434e-01,1.0049729434e-01,1.0049729434e-01,1.0049729434e-01,1.0049729434e-01,1.0049729434e-01,1.0049729434e-01,1.0049729434e-01,1.0049729434e-01,1.0049729434e-01,1.0049729434e-01,1.0049729434e-01,1.0049729434e-01,1.0049729434e-01,1.0049729434e-01,1.0049729434e-01,1.0049729434e-01,1.0049729434e-01,1.0049729434e-01,1.0049729434e-01,1.0049729434e-01,1.0049729434e-01,1.0049729434e-01,1.0049729434e-01,1.0049729434e-01,1.0049729434e-01,1.0049729434e-01,1.0049729434e-01,1.0049729434e-01,1.0049729434e-01,1.0049729434e-01,1.0049729434e-01,1.0049729434e-01,1.0049729434e-01,1.0049729434e-01,1.0049729434e-01,1.0049729434e-01,1.0049729434e-01,1.0049729434e-01,1.0049729434e-01,1.0049169907e-01,1.0047912639e-01,1.0046530650e-01,1.0045011585e-01,1.0043341873e-01,1.0041506604e-01,1.0039489396e-01,1.0037272255e-01,1.0034835417e-01,1.0032157174e-01,1.0029213684e-01,1.0025978769e-01,1.0016809791e-01,1.0005924714e-01,9.9939719048e-02,9.9808481162e-02,9.9664404269e-02,9.9401289315e-02,9.8996405168e-02,9.8553200504e-02,9.8068254887e-02,9.7285383518e-02,9.6412967520e-02,9.5334338072e-02,9.3819304293e-02,9.2072366574e-02,8.9604565353e-02,8.6396625109e-02,8.2134391436e-02,7.5360864498e-02,6.7950472674e-02,6.0926007134e-02,5.5346259720e-02,5.1373985301e-02,4.8553204764e-02,4.6161263132e-02,4.3910143275e-02,4.1647519411e-02,3.9285945242e-02,3.6753467412e-02,3.4035003205e-02,3.1139644231e-02,2.8062541504e-02,2.4828553493e-02,2.1448690435e-02,1.7968858658e-02,1.4556144587e-02,1.1332070553e-02,8.3905850940e-03,5.8718120237e-03,3.9066034971e-03,2.4829212776e-03,1.4984755925e-03,8.5084305038e-04,4.5019531273e-04,2.2025616689e-04,9.8818490742e-05,4.0126333668e-05,1.4677505896e-05,4.7539942342e-06,1.3420626776e-06,3.2241828134e-07,5.1695185800e-08,0.0000000000e+00,0.0000000000e+00,0.0000000000e+00,0.0000000000e+00,0.0000000000e+00,0.0000000000e+00,0.0000000000e+00,0.0000000000e+00,0.0000000000e+00,0.0000000000e+00,0.0000000000e+00,0.0000000000e+00,0.0000000000e+00,0.0000000000e+00,0.0000000000e+00,0.0000000000e+00,0.0000000000e+00,0.0000000000e+00,0.0000000000e+00,0.0000000000e+00,0.0000000000e+00,0.0000000000e+00,0.0000000000e+00,0.0000000000e+00,0.0000000000e+00,0.0000000000e+00,0.0000000000e+00,0.0000000000e+00,0.0000000000e+00,0.0000000000e+00,0.0000000000e+00,0.0000000000e+00,0.0000000000e+00,0.0000000000e+00,0.0000000000e+00,0.0000000000e+00,0.0000000000e+00,0.0000000000e+00,0.0000000000e+00,0.0000000000e+00,0.0000000000e+00,0.0000000000e+00,0.0000000000e+00,0.0000000000e+00,0.0000000000e+00,0.0000000000e+00,0.0000000000e+00,0.0000000000e+00
2.7689026842e+02,9.5184040503e-02,9.5184040503e-02,9.5184040503e-02,9.5184040503e-02,9.5184040503e-02,9.5184040503e-02,9.5184040503e-02,9.5184040503e-02,9.5184040503e-02,9.5184040503e-02,9.5184040503e-02,9.5184040503e-02,9.5184040503e-02,9.5184040503e-02,9.5184040503e-02,9.5184040503e-02,9.5184040503e-02,9.5184040503e-02,9.5184040503e-02,9.5184040503e-02,9.5184040503e-02,9.5184040503e-02,9.5184040503e-02,9.5184040503e-02,9.5184040503e-02,9.5184040503e-02,9.5184040503e-02,9.5184040503e-02,9.5184040503e-02,9.5184040503e-02,9.5184040503e-02,9.5184040503e-02,9.5184040503e-02,9.5184040503e-02,9.5184040503e-02,9.5184040503e-02,9.5184040503e-02,9.5184040503e-02,9.5184040503e-02,9.5184040503e-02,9.5184040503e-02,9.5184040503e-02,9.5184040503e-02,9.5184040503e-02,9.5184040503e-02,9.5184040503e-02,9.5184040503e-02,9.5184040503e-02,9.5184040503e-02,9.5184040503e-02,9.5184040503e-02,9.5184040503e-02,9.5184040503e-02,9.5184040503e-02,9.5184040503e-02,9.5184040503e-02,9.5184040503e-02,9.5184040503e-02,9.5184040503e-02,9.5184040503e-02,9.5184040503e-02,9.5184040503e-02,9.5184040503e-02,9.5184040503e-02,9.5184040503e-02,9.5184040503e-02,9.5184040503e-02,9.5184040503e-02,9.5184040503e-02,9.5184040503e-02,9.5184040503e-02,9.5184040503e-02,9.5184040503e-02,9.5184040503e-02,9.5184040503e-02,9.5184040503e-02,9.5184040503e-02,9.5184040503e-02,9.5184040503e-02,9.5184040503e-02,9.5184040503e-02,9.5184040503e-02,9.5184040503e-02,9.5184040503e-02,9.5184040503e-02,9.5184040503e-02,9.5184040503e-02,9.5184040503e-02,9.5184040503e-02,9.5178551977e-02,9.5166219194e-02,9.5152663051e-02,9.5137762397e-02,9.5121384125e-02,9.5103382002e-02,9.5083595385e-02,9.5061847810e-02,9.5037945455e-02,9.5011675449e-02,9.4982804020e-02,9.4951074473e-02,9.4865251450e-02,9.4763595528e-02,9.4651966266e-02,9.4529398894e-02,9.4394838171e-02,9.4152920100e-02,9.3783166671e-02,9.3378355385e-02,9.2935344068e-02,9.2224085293e-02,9.1431401196e-02,9.0453122333e-02,8.9083353484e-02,8.7504470139e-02,8.5280899365e-02,8.2394008320e-02,7.8559568670e-02,7.2461483500e-02,6.5753528441e-02,5.9344728590e-02,5.4197367802e-02,5.0483907572e-02,4.7815481933e-02,4.5534535482e-02,4.3378114179e-02,4.1205368910e-02,3.8933426926e-02,3.6492838954e-02,3.3868306563e-02,3.1067606528e-02,2.8084815166e-02,2.4942313635e-02,2.1649027527e-02,1.8245766014e-02,1.4888574281e-02,1.1693535811e-02,8.7534737010e-03,6.2097096983e-03,4.1970592276e-03,2.7142391662e-03,1.6700075953e-03,9.6905078611e-04,5.2551494188e-04,2.6436778161e-04,1.2240454378e-04,5.1517621304e-05,1.9623511536e-05,6.6555340023e-06,1.9789865030e-06,5.0602990166e-07,9.8775713167e-08,0.0000000000e+00,0.0000000000e+00,0.0000000000e+00,0.0000000000e+00,0.0000000000e+00,0.0000000000e+00,0.0000000000e+00,0.0000000000e+00,0.0000000000e+00,0.0000000000e+00,0.0000000000e+00,0.0000000000e+00,0.0000000000e+00,0.0000000000e+00,0.0000000000e+00,0.0000000000e+00,0.0000000000e+00,0.0000000000e+00,0.0000000000e+00,0.0000000000e+00,0.0000000000e+00,0.0000000000e+00,0.0000000000e+00,0.0000000000e+00,0.0000000000e+00,0.0000000000e+00,0.0000000000e+00,0.0000000000e+00,0.0000000000e+00,0.0000000000e+00,0.0000000000e+00,0.0000000000e+00,0.0000000000e+00,0.0000000000e+00,0.0000000000e+00,0.0000000000e+00,0.0000000000e+00,0.0000000000e+00,0.0000000000e+00,0.0000000000e+00,0.0000000000e+00,0.0000000000e+00,0.0000000000e+00,0.0000000000e+00,0.0000000000e+00,0.0000000000e+00,0.0000000000e+00,0.0000000000e+00
2.8942661247e+02,9.0230708903e-02,9.0230708903e-02,9.0230708903e-02,9.0230708903e-02,9.0230708903e-02,9.0230708903e-02,9.0230708903e-02,9.0230708903e-02,9.0230708903e-02,9.0230708903e-02,9.0230708903e-02,9.0230708903e-02,9.0230708903e-02,9.0230708903e-02,9.0230708903e-02,9.0230708903e-02,9.0230708903e-02,9.0230708903e-02,9.0230708903e-02,9.0230708903e-02,9.0230708903e-02,9.0230708903e-02,9.0230708903e-02,9.0230708903e-02,9.0230708903e-02,9.0230708903e-02,9.0230708903e-02,9.0230708903e-02,9.0230708903e-02,9.0230708903e-02,9.0230708903e-02,9.0230708903e-02,9.0230708903e-02,9.0230708903e-02,9.0230708903e-02,9.0230708903e-02,9.0230708903e-02,9.0230708903e-02,9.0230708903e-02,9.0230708903e-02,9.0230708903e-02,9.0230708903e-02,9.0230708903e-02,9.0230708903e-02,9.0230708903e-02,9.0230708903e-02,9.0230708903e-02,9.0230708903e-02,9.0230708903e-02,9.0230708903e-02,9.0230708903e-02,9.0230708903e-02,9.0230708903e-02,9.0230708903e-02,9.0230708903e-02,9.0230708903e-02,9.0230708903e-02,9.0230708903e-02,9.0230708903e-02,9.0230708903e-02,9.0230708903e-02,9.0230708903e-02,9.0230708903e-02,9.0230708903e-02,9.0230708903e-02,9.0230708903e-02,9.0230708903e-02,9.0230708903e-02,9.0230708903e-02,9.0230708903e-02,9.0230708903e-02,9.0230708903e-02,9.0230708903e-02,9.0230708903e-02,9.0230708903e-02,9.0230708903e-02,9.0230708903e-02,9.0230708903e-02,9.0230708903e-02,9.0230708903e-02,9.0230708903e-02,9.0230708903e-02,9.0230708903e-02,9.0230708903e-02,9.0230708903e-02,9.0230708903e-02,9.0230708903e-02,9.0230708903e-02,9.0230708903e-02,9.0225326951e-02,9.0213233682e-02,9.0199940873e-02,9.0185329746e-02,9.0169269804e-02,9.0151617682e-02,9.0132215891e-02,9.0110891442e-02,9.0087454331e-02,9.0061695887e-02,9.0033386961e-02,9.0002275944e-02,8.9921863296e-02,8.9826835098e-02,8.9722482174e-02,8.9607902163e-02,8.9482108009e-02,8.9259501604e-02,8.8921640591e-02,8.8551690223e-02,8.8146762876e-02,8.7500352049e-02,8.6779890489e-02,8.5892352904e-02,8.4653568610e-02,8.3226170941e-02,8.1222029322e-02,7.8623236996e-02,7.5172791664e-02,6.9682167838e-02,6.3610649033e-02,5.7765391768e-02,5.3019277025e-02,4.9550400251e-02,4.7028860247e-02,4.4856775733e-02,4.2794239846e-02,4.0711097801e-02,3.8528875745e-02,3.6180659896e-02,3.3650993429e-02,3.0946405506e-02,2.8059998499e-02,2.5011799961e-02,2.1808779079e-02,1.8486931087e-02,1.5191586545e-02,1.2033218463e-02,9.1029755523e-03,6.5424212823e-03,4.4891354179e-03,2.9517632470e-03,1.8500142215e-03,1.0960392749e-03,6.0854307819e-04,3.1440552678e-04,1.5002723242e-04,6.5347299360e-05,2.5875662137e-05,9.1712615785e-06,2.8656935158e-06,7.7777348841e-07,1.7719475939e-07,0.0000000000e+00,0.0000000000e+00,0.0000000000e+00,0.0000000000e+00,0.0000000000e+00,0.0000000000e+00,0.0000000000e+00,0.0000000000e+00,0.0000000000e+00,0.0000000000e+00,0.0000000000e+00,0.0000000000e+00,0.0000000000e+00,0.0000000000e+00,0.0000000000e+00,0.0000000000e+00,0.0000000000e+00,0.0000000000e+00,0.0000000000e+00,0.0000000000e+00,0.0000000000e+00,0.0000000000e+00,0.0000000000e+00,0.0000000000e+00,0.0000000000e+00,0.0000000000e+00,0.0000000000e+00,0.0000000000e+00,0.0000000000e+00,0.0000000000e+00,0.0000000000e+00,0.0000000000e+00,0.0000000000e+00,0.0000000000e+00,0.0000000000e+00,0.0000000000e+00,0.0000000000e+00,0.0000000000e+00,0.0000000000e+00,0.0000000000e+00,0.0000000000e+00,0.0000000000e+00,0.0000000000e+00,0.0000000000e+00,0.0000000000e+00,0.0000000000e+00,0.0000000000e+00,0.0000000000e+00
3.0253054571e+02,8.5608559394e-02,8.5608559394e-02,8.5608559394e-02,8.5608559394e-02,8.5608559394e-02,8.5608559394e-02,8.5608559394e-02,8.5608559394e-02,8.5608559394e-02,8.5608559394e-02,8.5608559394e-02,8.5608559394e-02,8.5608559394e-02,8.5608559394e-02,8.5608559394e-02,8.5608559394e-02,8.5608559394e-02,8.5608559394e-02,8.5608559394e-02,8.5608559394e-02,8.5608559394e-02,8.5608559394e-02,8.5608559394e-02,8.5608559394e-02,8.5608559394e-02,8.5608559394e-02,8.5608559394e-02,8.5608559394e-02,8.5608559394e-02,8.5608559394e-02,8.5608559394e-02,8.5608559394e-02,8.5608559394e-02,8.5608559394e-02,8.5608559394e-02,8.5608559394e-02,8.5608559394e-02,8.5608559394e-02,8.5608559394e-02,8.5608559394e-02,8.5608559394e-02,8.5608559394e-02,8.5608559394e-02,8.5608559394e-02,8.5608559394e-02,8.5608559394e-02,8.5608559394e-02,8.5608559394e-02,8.5608559394e-02,8.5608559394e-02,8.5608559394e-02,8.5608559394e-02,8.5608559394e-02,8.5608559394e-02,8.5608559394e-02,8.5608559394e-02,8.5608559394e-02,8.5608559394e-02,8.5608559394e-02,8.5608559394e-02,8.5608559394e-02,8.5608559394e-02,8.5608559394e-02,8.5608559394e-02,8.5608559394e-02,8.5608559394e-02,8.5608559394e-02,8.5608559394e-02,8.5608559394e-02,8.5608559394e-02,8.5608559394e-02,8.5608559394e-02,8.5608559394e-02,8.5608559394e-02,8.5608559394e-02,8.5608559394e-02,8.5608559394e-02,8.5608559394e-02,8.5608559394e-02,8.5608559394e-02,8.5608559394e-02,8.5608559394e-02,8.5608559394e-02,8.5608559394e-02,8.5608559394e-02,8.5608559394e-02,8.5608559394e-02,8.5608559394e-02,8.5608559394e-02,8.5603283948e-02,8.5591430035e-02,8.5578400386e-02,8.5564078591e-02,8.5548336758e-02,8.5531034390e-02,8.5512017152e-02,8.5491115518e-02,8.5468143302e-02,8.5442896026e-02,8.5415149157e-02,8.5384656165e-02,8.5309234564e-02,8.5220312934e-02,8.5122664309e-02,8.5015443861e-02,8.4897727405e-02,8.4692711922e-02,8.4383792791e-02,8.4045484099e-02,8.3675130963e-02,8.3087414278e-02,8.2432341042e-02,8.1626821950e-02,8.0506109506e-02,7.9215225845e-02,7.7408208499e-02,7.5067937225e-02,7.1962149919e-02,6.7017745589e-02,6.1522567945e-02,5.6192683228e-02,5.1818474094e-02,4.8580368124e-02,4.6200102998e-02,4.4134414982e-02,4.2164555105e-02,4.0170317871e-02,3.8077451864e-02,3.5821594444e-02,3.3387183881e-02,3.0779569723e-02,2.7990977186e-02,2.5039206265e-02,2.1929399454e-02,1.8693029494e-02,1.5465086707e-02,1.2350332922e-02,9.4377726331e-03,6.8683435562e-03,4.7812650783e-03,3.1942359597e-03,2.0376895208e-03,1.2314687785e-03,6.9931732736e-04,3.7063767093e-04,1.8203586547e-04,8.1935465701e-05,3.3670106176e-05,1.2446322984e-05,4.0771909280e-06,1.1707143681e-06,3.0022307247e-07,0.0000000000e+00,0.0000000000e+00,0.0000000000e+00,0.0000000000e+00,0.0000000000e+00,0.0000000000e+00,0.0000000000e+00,0.0000000000e+00,0.0000000000e+00,0.0000000000e+00,0.0000000000e+00,0.0000000000e+00,0.0000000000e+00,0.0000000000e+00,0.0000000000e+00,0.0000000000e+00,0.0000000000e+00,0.0000000000e+00,0.0000000000e+00,0.0000000000e+00,0.0000000000e+00,0.0000000000e+00,0.0000000000e+00,0.0000000000e+00,0.0000000000e+00,0.0000000000e+00,0.0000000000e+00,0.0000000000e+00,0.0000000000e+00,0.0000000000e+00,0.0000000000e+00,0.0000000000e+00,0.0000000000e+00,0.0000000000e+00,0.0000000000e+00,0.0000000000e+00,0.0000000000e+00,0.0000000000e+00,0.0000000000e+00,0.0000000000e+00,0.0000000000e+00,0.0000000000e+00,0.0000000000e+00,0.0000000000e+00,0.0000000000e+00,0.0000000000e+00,0.0000000000e+00,0.0000000000e+00
3.1622776602e+02,8.1212654296e-02,8.1212654296e-02,8.1212654296e-02,8.1212654296e-02,8.1212654296e-02,8.1212654296e-02,8.1212654296e-02,8.1212654296e-02,8.1212654296e-02,8.1212654296e-02,8.1212654296e-02,8.1212654296e-02,8.1212654296e-02,8.1212654296e-02,8.1212654296e-02,8.1212654296e-02,8.1212654296e-02,8.1212654296e-02,8.1212654296e-02,8.1212654296e-02,8.1212654296e-02,8.1212654296e-02,8.1212654296e-02,8.1212654296e-02,8.1212654296e-02,8.1212654296e-02,8.1212654296e-02,8.1212654296e-02,8.1212654296e-02,8.1212654296e-02,8.1212654296e-02,8.1212654296e-02,8.1212654296e-02,8.1212654296e-02,8.1212654296e-02,8.1212654296e-02,8.1212654296e-02,8.1212654296e-02,8.1212654296e-02,8.1212654296e-02,8.1212654296e-02,8.1212654296e-02,8.1212654296e-02,8.1212654296e-02,8.1212654296e-02,8.1212654296e-02,8.1212654296e-02,8.1212654296e-02,8.1212654296e-02,8.1212654296e-02,8.1212654296e-02,8.1212654296e-02,8.1212654296e-02,8.1212654296e-02,8.1212654296e-02,8.1212654296e-02,8.1212654296e-02,8.1212654296e-02,8.1212654296e-02,8.1212654296e-02,8.1212654296e-02,8.1212654296e-02,8.1212654296e-02,8.1212654296e-02,8.1212654296e-02,8.1212654296e-02,8.1212654296e-02,8.1212654296e-02,8.1212654296e-02,8.1212654296e-02,8.1212654296e-02,8.1212654296e-02,8.1212654296e-02,8.1212654296e-02,8.1212654296e-02,8.1212654296e-02,8.1212654296e-02,8.1212654296e-02,8.1212654296e-02,8.1212654296e-02,8.1212654296e-02,8.1212654296e-02,8.1212654296e-02,8.1212654296e-02,8.1212654296e-02,8.1212654296e-02,8.1212654296e-02,8.1212654296e-02,8.1212654296e-02,8.1212654296e-02,8.1212630085e-02,8.1198305446e-02,8.1182560638e-02,8.1165255179e-02,8.1146234761e-02,8.1125329898e-02,8.1102354448e-02,8.1077104004e-02,8.1049354118e-02,8.1018858372e-02,8.0985346256e-02,8.0948520864e-02,8.0882683578e-02,8.0770942751e-02,8.0648279125e-02,8.0513644395e-02,8.0365893684e-02,8.0201950640e-02,7.9819010418e-02,7.9400136460e-02,7.8942185476e-02,7.8326995667e-02,7.7514573420e-02,7.6631161374e-02,7.5309877202e-02,7.3792878682e-02,7.1572614161e-02,6.8936147241e-02,6.4362723844e-02,5.9465765167e-02,5.4515398885e-02,5.0571057922e-02,4.7605267686e-02,4.5348948245e-02,4.3384686634e-02,4.1508899989e-02,3.9602587740e-02,3.7595047734e-02,3.5429491852e-02,3.3088218340e-02,3.0574852414e-02,2.7888019691e-02,2.5032130909e-02,2.2017975014e-02,1.8869045622e-02,1.5714065649e-02,1.2646246303e-02,9.7579304281e-03,7.1872242553e-03,5.0728363430e-03,3.4409546753e-03,2.2326662649e-03,1.3752130934e-03,7.9797819596e-04,4.3337775633e-04,2.1881498930e-04,1.0162937812e-04,4.3264221685e-05,1.6640861729e-05,5.7090955970e-06,1.7192304045e-06,4.4717631781e-07,9.0994984363e-08,0.0000000000e+00,0.0000000000e+00,0.0000000000e+00,0.0000000000e+00,0.0000000000e+00,0.0000000000e+00,0.0000000000e+00,0.0000000000e+00,0.0000000000e+00,0.0000000000e+00,0.0000000000e+00,0.0000000000e+00,0.0000000000e+00,0.0000000000e+00,0.0000000000e+00,0.0000000000e+00,0.0000000000e+00,0.0000000000e+00,0.0000000000e+00,0.0000000000e+00,0.0000000000e+00,0.0000000000e+00,0.0000000000e+00,0.0000000000e+00,0.0000000000e+00,0.0000000000e+00,0.0000000000e+00,0.0000000000e+00,0.0000000000e+00,0.0000000000e+00,0.0000000000e+00,0.0000000000e+00,0.0000000000e+00,0.0000000000e+00,0.0000000000e+00,0.0000000000e+00,0.0000000000e+00,0.0000000000e+00,0.0000000000e+00,0.0000000000e+00,0.0000000000e+00,0.0000000000e+00,0.0000000000e+00,0.0000000000e+00,0.0000000000e+00,0.0000000000e+00,0.0000000000e+00
3.3054513476e+02,7.7180247343e-02,7.7180247343e-02,7.7180247343e-02,7.7180247343e-02,7.7180247343e-02,7.7180247343e-02,7.7180247343e-02,7.7180247343e-02,7.7180247343e-02,7.7180247343e-02,7.7180247343e-02,7.7180247343e-02,7.7180247343e-02,7.7180247343e-02,7.7180247343e-02,7.7180247343e-02,7.7180247343e-02,7.7180247343e-02,7.7180247343e-02,7.7180247343e-02,7.7180247343e-02,7.7180247343e-02,7.7180247343e-02,7.7180247343e-02,7.7180247343e-02,7.7180247343e-02,7.7180247343e-02,7.7180247343e-02,7.7180247343e-02,7.7180247343e-02,7.7180247343e-02,7.7180247343e-02,7.7180247343e-02,7.7180247343e-02,7.7180247343e-02,7.7180247343e-02,7.7180247343e-02,7.7180247343e-02,7.7180247343e-02,7.7180247343e-02,7.7180247343e-02,7.7180247343e-02,7.7180247343e-02,7.7180247343e-02,7.7180247343e-02,7.7180247343e-02,7.7180247343e-02,7.7180247343e-02,7.7180247343e-02,7.7180247343e-02,7.7180247343e-02,7.7180247343e-02,7.7180247343e-02,7.7180247343e-02,7.7180247343e-02,7.7180247343e-02,7.7180247343e-02,7.7180247343e-02,7.7180247343e-02,7.7180247343e-02,7.7180247343e-02,7.7180247343e-02,7.7180247343e-02,7.7180247343e-02,7.7180247343e-02,7.7180247343e-02,7.7180247343e-02,7.7180247343e-02,7.7180247343e-02,7.7180247343e-02,7.7180247343e-02,7.7180247343e-02,7.7180247343e-02,7.7180247343e-02,7.7180247343e-02,7.7180247343e-02,7.7180247343e-02,7.7180247343e-02,7.7180247343e-02,7.7180247343e-02,7.7180247343e-02,7.7180247343e-02,7.7180247343e-02,7.7180247343e-02,7.7180247343e-02,7.7180247343e-02,7.7180247343e-02,7.7180247343e-02,7.7180247343e-02,7.7180247343e-02,7.7180223804e-02,7.7166297028e-02,7.7150989591e-02,7.7134164936e-02,7.7115673065e-02,7.7095349228e-02,7.7073012495e-02,7.7048464179e-02,7.7021486126e-02,7.6991838830e-02,7.6959259382e-02,7.6923459228e-02,7.6861185651e-02,7.6757144338e-02,7.6642929515e-02,7.6517564092e-02,7.6379980820e-02,7.6227379482e-02,7.5878151226e-02,7.5496074771e-02,7.5078260537e-02,7.4519003917e-02,7.3782326218e-02,7.2980864090e-02,7.1787565154e-02,7.0417297527e-02,6.8417968375e-02,6.6042262718e-02,6.1923002392e-02,5.7490228553e-02,5.2980324713e-02,4.9345636876e-02,4.6578970685e-02,4.4452564374e-02,4.2589140517e-02,4.0802442366e-02,3.8982624831e-02,3.7062840539e-02,3.4988498775e-02,3.2742039698e-02,3.0326067785e-02,2.7738172159e-02,2.4981318494e-02,2.2064374158e-02,1.9007079398e-02,1.5928503134e-02,1.2916305663e-02,1.0059798393e-02,7.4950207411e-03,5.3603813541e-03,3.6893271768e-03,2.4329128237e-03,1.5261103317e-03,9.0399753970e-04,5.0255249301e-04,2.6052959020e-04,1.2469184156e-04,5.4907481948e-05,2.1938173526e-05,7.8571297203e-06,2.4866258299e-06,6.8483980306e-07,1.5386587800e-07,0.0000000000e+00,0.0000000000e+00,0.0000000000e+00,0.0000000000e+00,0.0000000000e+00,0.0000000000e+00,0.0000000000e+00,0.0000000000e+00,0.0000000000e+00,0.0000000000e+00,0.0000000000e+00,0.0000000000e+00,0.0000000000e+00,0.0000000000e+00,0.0000000000e+00,0.0000000000e+00,0.0000000000e+00,0.0000000000e+00,0.0000000000e+00,0.0000000000e+00,0.0000000000e+00,0.0000000000e+00,0.0000000000e+00,0.0000000000e+00,0.0000000000e+00,0.0000000000e+00,0.0000000000e+00,0.0000000000e+00,0.0000000000e+00,0.0000000000e+00,0.0000000000e+00,0.0000000000e+00,0.0000000000e+00,0.0000000000e+00,0.0000000000e+00,0.0000000000e+00,0.0000000000e+00,0.0000000000e+00,0.0000000000e+00,0.0000000000e+00,0.0000000000e+00,0.0000000000e+00,0.0000000000e+00,0.0000000000e+00,0.0000000000e+00,0.0000000000e+00,0.0000000000e+00
3.4551072946e+02,7.3404850086e-02,7.3404850086e-02,7.3404850086e-02,7.3404850086e-02,7.3404850086e-02,7.3404850086e-02,7.3404850086e-02,7.3404850086e-02,7.3404850086e-02,7.3404850086e-02,7.3404850086e-02,7.3404850086e-02,7.3404850086e-02,7.3404850086e-02,7.3404850086e-02,7.3404850086e-02,7.3404850086e-02,7.3404850086e-02,7.3404850086e-02,7.3404850086e-02,7.3404850086e-02,7.3404850086e-02,7.3404850086e-02,7.3404850086e-02,7.3404850086e-02,7.3404850086e-02,7.3404850086e-02,7.3404850086e-02,7.3404850086e-02,7.3404850086e-02,7.3404850086e-02,7.3404850086e-02,7.3404850086e-02,7.3404850086e-02,7.3404850086e-02,7.3404850086e-02,7.3404850086e-02,7.3404850086e-02,7.3404850086e-02,7.3404850086e-02,7.3404850086e-02,7.3404850086e-02,7.3404850086e-02,7.3404850086e-02,7.3404850086e-02,7.3404850086e-02,7.3404850086e-02,7.3404850086e-02,7.3404850086e-02,7.3404850086e-02,7.3404850086e-02,7.3404850086e-02,7.3404850086e-02,7.3404850086e-02,7.3404850086e-02,7.3404850086e-02,7.3404850086e-02,7.3404850086e-02,7.3404850086e-02,7.3404850086e-02,7.3404850086e-02,7.3404850086e-02,7.3404850086e-02,7.3404850086e-02,7.3404850086e-02,7.3404850086e-02,7.3404850086e-02,7.3404850086e-02,7.3404850086e-02,7.3404850086e-02,7.3404850086e-02,7.3404850086e-02,7.3404850086e-02,7.3404850086e-02,7.3404850086e-02,7.3404850086e-02,7.3404850086e-02,7.3404850086e-02,7.3404850086e-02,7.3404850086e-02,7.3404850086e-02,7.3404850086e-02,7.3404850086e-02,7.3404850086e-02,7.3404850086e-02,7.3404850086e-02,7.3404850086e-02,7.3404850086e-02,7.3404850086e-02,7.3404850086e-02,7.3404827201e-02,7.3391286882e-02,7.3376404277e-02,7.3360046639e-02,7.3342068153e-02,7.3322308674e-02,7.3300592326e-02,7.3276725982e-02,7.3250497596e-02,7.3221674376e-02,7.3190000792e-02,7.3155196396e-02,7.3096229627e-02,7.2999257083e-02,7.2892799218e-02,7.2775944407e-02,7.2647696778e-02,7.2505505803e-02,7.2186789740e-02,7.1838027177e-02,7.1456560796e-02,7.0947823871e-02,7.0279451474e-02,6.9551942981e-02,6.8473665203e-02,6.7235349242e-02,6.5434119560e-02,6.3292582052e-02,5.9581532949e-02,5.5568810829e-02,5.1460836123e-02,4.8112592771e-02,4.5533296258e-02,4.3531201887e-02,4.1765490076e-02,4.0065823197e-02,3.8330850110e-02,3.6497420537e-02,3.4513128944e-02,3.2360595009e-02,3.0041469729e-02,2.7552398047e-02,2.4895007365e-02,2.2076377011e-02,1.9112776102e-02,1.6114075731e-02,1.3162449362e-02,1.0343911320e-02,7.7918402226e-03,5.6434955487e-03,3.9386882660e-03,2.6379348491e-03,1.6838265413e-03,1.0173077495e-03,5.7831879001e-04,3.0747809091e-04,1.5145062860e-04,6.8882620917e-05,2.8541876485e-05,1.0651293757e-05,3.5341399397e-06,1.0274642465e-06,2.5175087554e-07,2.3102124640e-08,0.0000000000e+00,0.0000000000e+00,0.0000000000e+00,0.0000000000e+00,0.0000000000e+00,0.0000000000e+00,0.0000000000e+00,0.0000000000e+00,0.0000000000e+00,0.0000000000e+00,0.0000000000e+00,0.0000000000e+00,0.0000000000e+00,0.0000000000e+00,0.0000000000e+00,0.0000000000e+00,0.0000000000e+00,0.0000000000e+00,0.0000000000e+00,0.0000000000e+00,0.0000000000e+00,0.0000000000e+00,0.0000000000e+00,0.0000000000e+00,0.0000000000e+00,0.0000000000e+00,0.0000000000e+00,0.0000000000e+00,0.0000000000e+00,0.0000000000e+00,0.0000000000e+00,0.0000000000e+00,0.0000000000e+00,0.0000000000e+00,0.0000000000e+00,0.0000000000e+00,0.0000000000e+00,0.0000000000e+00,0.0000000000e+00,0.0000000000e+00,0.0000000000e+00,0.0000000000e+00,0.0000000000e+00,0.0000000000e+00,0.0000000000e+00,0.0000000000e+00
3.6115389887e+02,6.9666357112e-02,6.9666357112e-02,6.9666357112e-02,6.9666357112e-02,6.9666357112e-02,6.9666357112e-02,6.9666357112e-02,6.9666357112e-02,6.9666357112e-02,6.9666357112e-02,6.9666357112e-02,6.9666357112e-02,6.9666357112e-02,6.9666357112e-02,6.9666357112e-02,6.9666357112e-02,6.9666357112e-02,6.9666357112e-02,6.9666357112e-02,6.9666357112e-02,6.9666357112e-02,6.9666357112e-02,6.9666357112e-02,6.9666357112e-02,6.9666357112e-02,6.9666357112e-02,6.9666357112e-02,6.9666357112e-02,6.9666357112e-02,6.9666357112e-02,6.9666357112e-02,6.9666357112e-02,6.9666357112e-02,6.9666357112e-02,6.9666357112e-02,6.9666357112e-02,6.9666357112e-02,6.9666357112e-02,6.9666357112e-02,6.9666357112e-02,6.9666357112e-02,6.9666357112e-02,6.9666357112e-02,6.9666357112e-02,6.9666357112e-02,6.9666357112e-02,6.9666357112e-02,6.9666357112e-02,6.9666357112e-02,6.9666357112e-02,6.9666357112e-02,6.9666357112e-02,6.9666357112e-02,6.9666357112e-02,6.9666357112e-02,6.9666357112e-02,6.9666357112e-02,6.9666357112e-02,6.9666357112e-02,6.9666357112e-02,6.9666357112e-02,6.9666357112e-02,6.9666357112e-02,6.9666357112e-02,6.9666357112e-02,6.9666357112e-02,6.9666357112e-02,6.9666357112e-02,6.9666357112e-02,6.9666357112e-02,6.9666357112e-02,6.9666357112e-02,6.9666357112e-02,6.9666357112e-02,6.9666357112e-02,6.9666357112e-02,6.9666357112e-02,6.9666357112e-02,6.9666357112e-02,6.9666357112e-02,6.9666357112e-02,6.9666357112e-02,6.9666357112e-02,6.9666357112e-02,6.9666357112e-02,6.9666357112e-02,6.9666357112e-02,6.9666357112e-02,6.9666357112e-02,6.9666357112e-02,6.9666357112e-02,6.9666357112e-02,6.9657566670e-02,6.9639606457e-02,6.9619867325e-02,6.9598173658e-02,6.9574332629e-02,6.9548132528e-02,6.9519340956e-02,6.9487702829e-02,6.9452938218e-02,6.9414739976e-02,6.9372771160e-02,6.9326662219e-02,6.9203747229e-02,6.9062923811e-02,6.8908440903e-02,6.8739009566e-02,6.8553226713e-02,6.8258062234e-02,6.7851723067e-02,6.7407806788e-02,6.6923140203e-02,6.6096975723e-02,6.5194632041e-02,6.4056927739e-02,6.2493185513e-02,6.0500207125e-02,5.7181819990e-02,5.3636037665e-02,4.9860832020e-02,4.6901041867e-02,4.4507880207e-02,4.2606738375e-02,4.0943064683e-02,3.9324276670e-02,3.7671039585e-02,3.5921606959e-02,3.4022504462e-02,3.1966451502e-02,2.9739143902e-02,2.7345206256e-02,2.4786567043e-02,2.2068717802e-02,1.9195510710e-02,1.6276775934e-02,1.3390606766e-02,1.0614507530e-02,8.0799551167e-03,5.9233010933e-03,4.1896617366e-03,2.8480280114e-03,1.8485873483e-03,1.1382416366e-03,6.6112085130e-04,3.6012231241e-04,1.8233264601e-04,8.5542704826e-05,3.6710898870e-05,1.4260302867e-05,4.9633309483e-06,1.5364597323e-06,4.2268051087e-07,1.0496848335e-07,3.6822826241e-08,0.0000000000e+00,0.0000000000e+00,0.0000000000e+00,0.0000000000e+00,0.0000000000e+00,0.0000000000e+00,0.0000000000e+00,0.0000000000e+00,0.0000000000e+00,0.0000000000e+00,0.0000000000e+00,0.0000000000e+00,0.0000000000e+00,0.0000000000e+00,0.0000000000e+00,0.0000000000e+00,0.0000000000e+00,0.0000000000e+00,0.0000000000e+00,0.0000000000e+00,0.0000000000e+00,0.0000000000e+00,0.0000000000e+00,0.0000000000e+00,0.0000000000e+00,0.0000000000e+00,0.0000000000e+00,0.0000000000e+00,0.0000000000e+00,0.0000000000e+00,0.0000000000e+00,0.0000000000e+00,0.0000000000e+00,0.0000000000e+00,0.0000000000e+00,0.0000000000e+00,0.0000000000e+00,0.0000000000e+00,0.0000000000e+00,0.0000000000e+00,0.0000000000e+00,0.0000000000e+00,0.0000000000e+00,0.0000000000e+00,0.0000000000e+00
3.7750532053e+02,6.6363692128e-02,6.6363692128e-02,6.6363692128e-02,6.6363692128e-02,6.6363692128e-02,6.6363692128e-02,6.6363692128e-02,6.6363692128e-02,6.6363692128e-02,6.6363692128e-02,6.6363692128e-02,6.6363692128e-02,6.6363692128e-02,6.6363692128e-02,6.6363692128e-02,6.6363692128e-02,6.6363692128e-02,6.6363692128e-02,6.6363692128e-02,6.6363692128e-02,6.6363692128e-02,6.6363692128e-02,6.6363692128e-02,6.6363692128e-02,6.6363692128e-02,6.6363692128e-02,6.6363692128e-02,6.6363692128e-02,6.6363692128e-02,6.6363692128e-02,6.6363692128e-02,6.6363692128e-02,6.6363692128e-02,6.6363692128e-02,6.6363692128e-02,6.6363692128e-02,6.6363692128e-02,6.6363692128e-02,6.6363692128e-02,6.6363692128e-02,6.6363692128e-02,6.6363692128e-02,6.6363692128e-02,6.6363692128e-02,6.6363692128e-02,6.6363692128e-02,6.6363692128e-02,6.6363692128e-02,6.6363692128e-02,6.6363692128e-02,6.6363692128e-02,6.6363692128e-02,6.6363692128e-02,6.6363692128e-02,6.6363692128e-02,6.6363692128e-02,6.6363692128e-02,6.6363692128e-02,6.6363692128e-02,6.6363692128e-02,6.6363692128e-02,6.6363692128e-02,6.6363692128e-02,6.6363692128e-02,6.6363692128e-02,6.6363692128e-02,6.6363692128e-02,6.6363692128e-02,6.6363692128e-02,6.6363692128e-02,6.6363692128e-02,6.6363692128e-02,6.6363692128e-02,6.6363692128e-02,6.6363692128e-02,6.6363692128e-02,6.6363692128e-02,6.6363692128e-02,6.6363692128e-02,6.6363692128e-02,6.6363692128e-02,6.6363692128e-02,6.6363692128e-02,6.6363692128e-02,6.6363692128e-02,6.6363692128e-02,6.6363692128e-02,6.6363692128e-02,6.6363692128e-02,6.6363692128e-02,6.6363692128e-02,6.6363692128e-02,6.6355210019e-02,6.6337879822e-02,6.6318833174e-02,6.6297900641e-02,6.6274896183e-02,6.6249615552e-02,6.6221834535e-02,6.6191307048e-02,6.6157763038e-02,6.6120906203e-02,6.6080411508e-02,6.6035922472e-02,6.5922025154e-02,6.5791685874e-02,6.5648695355e-02,6.5491857990e-02,6.5319871908e-02,6.5049427690e-02,6.4678822021e-02,6.4273834468e-02,6.3831538928e-02,6.3083360910e-02,6.2265727972e-02,6.1236660077e-02,5.9825421702e-02,5.8027228648e-02,5.5035913174e-02,5.1824328668e-02,4.8386702236e-02,4.5658045114e-02,4.3432083811e-02,4.1646745937e-02,4.0073733655e-02,3.8537848610e-02,3.6965678041e-02,3.5299222452e-02,3.3487283126e-02,3.1522377395e-02,2.9390096481e-02,2.7093869803e-02,2.4634405455e-02,2.2015661944e-02,1.9238985528e-02,1.6405520664e-02,1.3588095280e-02,1.0860714406e-02,8.3512267753e-03,6.1933775155e-03,4.4369676512e-03,3.0592798385e-03,2.0176797871e-03,1.2650280081e-03,7.4994731841e-04,4.1806439938e-04,2.1730564376e-04,1.0500848943e-04,4.6586295400e-05,1.8783969996e-05,6.8168662110e-06,2.2102798441e-06,6.3820294095e-07,1.6609144759e-07,5.5474500984e-08,0.0000000000e+00,0.0000000000e+00,0.0000000000e+00,0.0000000000e+00,0.0000000000e+00,0.0000000000e+00,0.0000000000e+00,0.0000000000e+00,0.0000000000e+00,0.0000000000e+00,0.0000000000e+00,0.0000000000e+00,0.0000000000e+00,0.0000000000e+00,0.0000000000e+00,0.0000000000e+00,0.0000000000e+00,0.0000000000e+00,0.0000000000e+00,0.0000000000e+00,0.0000000000e+00,0.0000000000e+00,0.0000000000e+00,0.0000000000e+00,0.0000000000e+00,0.0000000000e+00,0.0000000000e+00,0.0000000000e+00,0.0000000000e+00,0.0000000000e+00,0.0000000000e+00,0.0000000000e+00,0.0000000000e+00,0.0000000000e+00,0.0000000000e+00,0.0000000000e+00,0.0000000000e+00,0.0000000000e+00,0.0000000000e+00,0.0000000000e+00,0.0000000000e+00,0.0000000000e+00,0.0000000000e+00,0.0000000000e+00,0.0000000000e+00
3.9459706091e+02,6.3258627518e-02,6.3258627518e-02,6.3258627518e-02,6.3258627518e-02,6.3258627518e-02,6.3258627518e-02,6.3258627518e-02,6.3258627518e-02,6.3258627518e-02,6.3258627518e-02,6.3258627518e-02,6.3258627518e-02,6.3258627518e-02,6.3258627518e-02,6.3258627518e-02,6.3258627518e-02,6.3258627518e-02,6.3258627518e-02,6.3258627518e-02,6.3258627518e-02,6.3258627518e-02,6.3258627518e-02,6.3258627518e-02,6.3258627518e-02,6.3258627518e-02,6.3258627518e-02,6.3258627518e-02,6.3258627518e-02,6.3258627518e-02,6.3258627518e-02,6.3258627518e-02,6.3258627518e-02,6.3258627518e-02,6.3258627518e-02,6.3258627518e-02,6.3258627518e-02,6.3258627518e-02,6.3258627518e-02,6.3258627518e-02,6.3258627518e-02,6.3258627518e-02,6.3258627518e-02,6.3258627518e-02,6.3258627518e-02,6.3258627518e-02,6.3258627518e-02,6.3258627518e-02,6.3258627518e-02,6.3258627518e-02,6.3258627518e-02,6.3258627518e-02,6.3258627518e-02,6.3258627518e-02,6.3258627518e-02,6.3258627518e-02,6.3258627518e-02,6.3258627518e-02,6.3258627518e-02,6.3258627518e-02,6.3258627518e-02,6.3258627518e-02,6.3258627518e-02,6.3258627518e-02,6.3258627518e-02,6.3258627518e-02,6.3258627518e-02,6.3258627518e-02,6.3258627518e-02,6.3258627518e-02,6.3258627518e-02,6.3258627518e-02,6.3258627518e-02,6.3258627518e-02,6.3258627518e-02,6.3258627518e-02,6.3258627518e-02,6.3258627518e-02,6.3258627518e-02,6.3258627518e-02,6.3258627518e-02,6.3258627518e-02,6.3258627518e-02,6.3258627518e-02,6.3258627518e-02,6.3258627518e-02,6.3258627518e-02,6.3258627518e-02,6.3258627518e-02,6.3258627518e-02,6.3258627518e-02,6.3258627518e-02,6.3258627518e-02,6.3250440811e-02,6.3233714204e-02,6.3215330992e-02,6.3195127661e-02,6.3172924674e-02,6.3148524926e-02,6.3121712053e-02,6.3092248583e-02,6.3059873926e-02,6.3024302168e-02,6.2985219677e-02,6.2942282490e-02,6.2836626438e-02,6.2715862860e-02,6.2583369793e-02,6.2438037133e-02,6.2278655778e-02,6.2030633770e-02,6.1692357065e-02,6.1322602526e-02,6.0918671410e-02,6.0240686797e-02,5.9499367289e-02,5.8568022627e-02,5.7293747677e-02,5.5670603025e-02,5.2973436686e-02,5.0064286348e-02,4.6934349524e-02,4.4419513363e-02,4.2350152265e-02,4.0674920773e-02,3.9189177417e-02,3.7733597041e-02,3.6240265903e-02,3.4654738516e-02,3.2928053945e-02,3.1052571256e-02,2.9013814300e-02,2.6814112773e-02,2.4453051542e-02,2.1933173788e-02,1.9253559459e-02,1.6507146594e-02,1.3761645428e-02,1.1087460570e-02,8.6084560223e-03,6.4552090718e-03,4.6814104121e-03,3.2720102154e-03,2.1912347314e-03,1.3978278786e-03,8.4505945146e-04,4.8162663928e-04,2.5671877972e-04,1.2761048759e-04,5.8440490586e-05,2.4419464370e-05,9.2237449807e-06,3.1266118933e-06,9.4659530065e-07,2.5843985266e-07,8.4852790890e-08,0.0000000000e+00,0.0000000000e+00,0.0000000000e+00,0.0000000000e+00,0.0000000000e+00,0.0000000000e+00,0.0000000000e+00,0.0000000000e+00,0.0000000000e+00,0.0000000000e+00,0.0000000000e+00,0.0000000000e+00,0.0000000000e+00,0.0000000000e+00,0.0000000000e+00,0.0000000000e+00,0.0000000000e+00,0.0000000000e+00,0.0000000000e+00,0.0000000000e+00,0.0000000000e+00,0.0000000000e+00,0.0000000000e+00,0.0000000000e+00,0.0000000000e+00,0.0000000000e+00,0.0000000000e+00,0.0000000000e+00,0.0000000000e+00,0.0000000000e+00,0.0000000000e+00,0.0000000000e+00,0.0000000000e+00,0.0000000000e+00,0.0000000000e+00,0.0000000000e+00,0.0000000000e+00,0.0000000000e+00,0.0000000000e+00,0.0000000000e+00,0.0000000000e+00,0.0000000000e+00,0.0000000000e+00,0.0000000000e+00,0.0000000000e+00
4.1246263829e+02,6.0335574164e-02,6.0335574164e-02,6.0335574164e-02,6.0335574164e-02,6.0335574164e-02,6.0335574164e-02,6.0335574164e-02,6.0335574164e-02,6.0335574164e-02,6.0335574164e-02,6.0335574164e-02,6.0335574164e-02,6.0335574164e-02,6.0335574164e-02,6.0335574164e-02,6.0335574164e-02,6.0335574164e-02,6.0335574164e-02,6.0335574164e-02,6.0335574164e-02,6.0335574164e-02,6.0335574164e-02,6.0335574164e-02,6.0335574164e-02,6.0335574164e-02,6.0335574164e-02,6.0335574164e-02,6.0335574164e-02,6.0335574164e-02,6.0335574164e-02,6.0335574164e-02,6.0335574164e-02,6.0335574164e-02,6.0335574164e-02,6.0335574164e-02,6.0335574164e-02,6.0335574164e-02,6.0335574164e-02,6.0335574164e-02,6.0335574164e-02,6.0335574164e-02,6.0335574164e-02,6.0335574164e-02,6.0335574164e-02,6.0335574164e-02,6.0335574164e-02,6.0335574164e-02,6.0335574164e-02,6.0335574164e-02,6.0335574164e-02,6.0335574164e-02,6.0335574164e-02,6.0335574164e-02,6.0335574164e-02,6.0335574164e-02,6.0335574164e-02,6.0335574164e-02,6.0335574164e-02,6.0335574164e-02,6.0335574164e-02,6.0335574164e-02,6.0335574164e-02,6.0335574164e-02,6.0335574164e-02,6.0335574164e-02,6.0335574164e-02,6.0335574164e-02,6.0335574164e-02,6.0335574164e-02,6.0335574164e-02,6.0335574164e-02,6.0335574164e-02,6.0335574164e-02,6.0335574164e-02,6.0335574164e-02,6.0335574164e-02,6.0335574164e-02,6.0335574164e-02,6.0335574164e-02,6.0335574164e-02,6.0335574164e-02,6.0335574164e-02,6.0335574164e-02,6.0335574164e-02,6.0335574164e-02,6.0335574164e-02,6.0335574164e-02,6.0335574164e-02,6.0335574164e-02,6.0335574164e-02,6.0335574164e-02,6.0335574164e-02,6.0327671059e-02,6.0311523930e-02,6.0293777648e-02,6.0274274380e-02,6.0252840835e-02,6.0229286762e-02,6.0203403328e-02,6.0174961331e-02,6.0143709261e-02,6.0109371173e-02,6.0071644379e-02,6.0030196929e-02,5.9932077280e-02,5.9820064637e-02,5.9697165628e-02,5.9562348525e-02,5.9414489285e-02,5.9186811796e-02,5.8877789841e-02,5.8539929517e-02,5.8170741160e-02,5.7555951428e-02,5.6883394744e-02,5.6039979572e-02,5.4888747629e-02,5.3422952612e-02,5.0990363958e-02,4.8354886664e-02,4.5505311420e-02,4.3188196657e-02,4.1265397969e-02,3.9694721696e-02,3.8292821837e-02,3.6914857034e-02,3.5498017974e-02,3.3991227820e-02,3.2347721243e-02,3.0559739930e-02,2.8612776721e-02,2.6508152722e-02,2.4244422646e-02,2.1822826685e-02,1.9240404631e-02,1.6582360248e-02,1.3911452128e-02,1.1294423399e-02,8.8508647657e-03,6.7077124306e-03,4.9218006322e-03,3.4851114440e-03,2.3683708011e-03,1.5360670829e-03,9.4619875719e-04,5.5081085473e-04,3.0074317929e-04,1.5359053880e-04,7.2507856285e-05,3.1349359942e-05,1.2303471030e-05,4.3522127053e-06,1.3797887837e-06,3.9525982135e-07,1.3058464908e-07,0.0000000000e+00,0.0000000000e+00,0.0000000000e+00,0.0000000000e+00,0.0000000000e+00,0.0000000000e+00,0.0000000000e+00,0.0000000000e+00,0.0000000000e+00,0.0000000000e+00,0.0000000000e+00,0.0000000000e+00,0.0000000000e+00,0.0000000000e+00,0.0000000000e+00,0.0000000000e+00,0.0000000000e+00,0.0000000000e+00,0.0000000000e+00,0.0000000000e+00,0.0000000000e+00,0.0000000000e+00,0.0000000000e+00,0.0000000000e+00,0.0000000000e+00,0.0000000000e+00,0.0000000000e+00,0.0000000000e+00,0.0000000000e+00,0.0000000000e+00,0.0000000000e+00,0.0000000000e+00,0.0000000000e+00,0.0000000000e+00,0.0000000000e+00,0.0000000000e+00,0.0000000000e+00,0.0000000000e+00,0.0000000000e+00,0.0000000000e+00,0.0000000000e+00,0.0000000000e+00,0.0000000000e+00,0.0000000000e+00,0.0000000000e+00
4.3113708854e+02,5.7580315549e-02,5.7580315549e-02,5.7580315549e-02,5.7580315549e-02,5.7580315549e-02,5.7580315549e-02,5.7580315549e-02,5.7580315549e-02,5.7580315549e-02,5.7580315549e-02,5.7580315549e-02,5.7580315549e-02,5.7580315549e-02,5.7580315549e-02,5.7580315549e-02,5.7580315549e-02,5.7580315549e-02,5.7580315549e-02,5.7580315549e-02,5.7580315549e-02,5.7580315549e-02,5.7580315549e-02,5.7580315549e-02,5.7580315549e-02,5.7580315549e-02,5.7580315549e-02,5.7580315549e-02,5.7580315549e-02,5.7580315549e-02,5.7580315549e-02,5.7580315549e-02,5.7580315549e-02,5.7580315549e-02,5.7580315549e-02,5.7580315549e-02,5.7580315549e-02,5.7580315549e-02,5.7580315549e-02,5.7580315549e-02,5.7580315549e-02,5.7580315549e-02,5.7580315549e-02,5.7580315549e-02,5.7580315549e-02,5.7580315549e-02,5.7580315549e-02,5.7580315549e-02,5.7580315549e-02,5.7580315549e-02,5.7580315549e-02,5.7580315549e-02,5.7580315549e-02,5.7580315549e-02,5.7580315549e-02,5.7580315549e-02,5.7580315549e-02,5.7580315549e-02,5.7580315549e-02,5.7580315549e-02,5.7580315549e-02,5.7580315549e-02,5.7580315549e-02,5.7580315549e-02,5.7580315549e-02,5.7580315549e-02,5.7580315549e-02,5.7580315549e-02,5.7580315549e-02,5.7580315549e-02,5.7580315549e-02,5.7580315549e-02,5.7580315549e-02,5.7580315549e-02,5.7580315549e-02,5.7580315549e-02,5.7580315549e-02,5.7580315549e-02,5.7580315549e-02,5.7580315549e-02,5.7580315549e-02,5.7580315549e-02,5.7580315549e-02,5.7580315549e-02,5.7580315549e-02,5.7580315549e-02,5.7580315549e-02,5.7580315549e-02,5.7580315549e-02,5.7580315549e-02,5.7580315549e-02,5.7580315549e-02,5.7580315549e-02,5.7572685283e-02,5.7557095639e-02,5.7539962107e-02,5.7521132325e-02,5.7500439003e-02,5.7477698487e-02,5.7452709184e-02,5.7425249849e-02,5.7395077702e-02,5.7361926387e-02,5.7325503739e-02,5.7285489359e-02,5.7194266719e-02,5.7090256813e-02,5.6976132263e-02,5.6850933216e-02,5.6713613673e-02,5.6504403475e-02,5.6221862045e-02,5.5912881487e-02,5.5575164301e-02,5.5017285864e-02,5.4406704550e-02,5.3642430686e-02,5.2601772196e-02,5.1277455732e-02,4.9082885344e-02,4.6695049096e-02,4.4100870431e-02,4.1966519185e-02,4.0180791949e-02,3.8709278378e-02,3.7387785908e-02,3.6084681383e-02,3.4741892290e-02,3.3311532738e-02,3.1748987223e-02,3.0046418196e-02,2.8189323162e-02,2.6178101635e-02,2.4010367401e-02,2.1686164703e-02,1.9200705780e-02,1.6631921596e-02,1.4037798917e-02,1.1481392843e-02,9.0777937905e-03,6.9499058781e-03,5.1570133130e-03,3.6974937610e-03,2.5481803283e-03,1.6791133098e-03,1.0530351784e-03,6.2555242662e-04,3.4950230435e-04,1.8316666422e-04,8.9019638374e-05,3.9765697266e-05,1.6189072154e-05,5.9656517722e-06,1.9776054045e-06,5.9415975193e-07,2.0072320430e-07,0.0000000000e+00,0.0000000000e+00,0.0000000000e+00,0.0000000000e+00,0.0000000000e+00,0.0000000000e+00,0.0000000000e+00,0.0000000000e+00,0.0000000000e+00,0.0000000000e+00,0.0000000000e+00,0.0000000000e+00,0.0000000000e+00,0.0000000000e+00,0.0000000000e+00,0.0000000000e+00,0.0000000000e+00,0.0000000000e+00,0.0000000000e+00,0.0000000000e+00,0.0000000000e+00,0.0000000000e+00,0.0000000000e+00,0.0000000000e+00,0.0000000000e+00,0.0000000000e+00,0.0000000000e+00,0.0000000000e+00,0.0000000000e+00,0.0000000000e+00,0.0000000000e+00,0.0000000000e+00,0.0000000000e+00,0.0000000000e+00,0.0000000000e+00,0.0000000000e+00,0.0000000000e+00,0.0000000000e+00,0.0000000000e+00,0.0000000000e+00,0.0000000000e+00,0.0000000000e+00,0.0000000000e+00,0.0000000000e+00,0.0000000000e+00
4.5065703377e+02,5.4979899474e-02,5.4979899474e-02,5.4979899474e-02,5.4979899474e-02,5.4979899474e-02,5.4979899474e-02,5.4979899474e-02,5.4979899474e-02,5.4979899474e-02,5.4979899474e-02,5.4979899474e-02,5.4979899474e-02,5.4979899474e-02,5.4979899474e-02,5.4979899474e-02,5.4979899474e-02,5.4979899474e-02,5.4979899474e-02,5.4979899474e-02,5.4979899474e-02,5.4979899474e-02,5.4979899474e-02,5.4979899474e-02,5.4979899474e-02,5.4979899474e-02,5.4979899474e-02,5.4979899474e-02,5.4979899474e-02,5.4979899474e-02,5.4979899474e-02,5.4979899474e-02,5.4979899474e-02,5.4979899474e-02,5.4979899474e-02,5.4979899474e-02,5.4979899474e-02,5.4979899474e-02,5.4979899474e-02,5.4979899474e-02,5.4979899474e-02,5.4979899474e-02,5.4979899474e-02,5.4979899474e-02,5.4979899474e-02,5.4979899474e-02,5.4979899474e-02,5.4979899474e-02,5.4979899474e-02,5.4979899474e-02,5.4979899474e-02,5.4979899474e-02,5.4979899474e-02,5.4979899474e-02,5.4979899474e-02,5.4979899474e-02,5.4979899474e-02,5.4979899474e-02,5.4979899474e-02,5.4979899474e-02,5.4979899474e-02,5.4979899474e-02,5.4979899474e-02,5.4979899474e-02,5.4979899474e-02,5.4979899474e-02,5.4979899474e-02,5.4979899474e-02,5.4979899474e-02,5.4979899474e-02,5.4979899474e-02,5.4979899474e-02,5.4979899474e-02,5.4979899474e-02,5.4979899474e-02,5.4979899474e-02,5.4979899474e-02,5.4979899474e-02,5.4979899474e-02,5.4979899474e-02,5.4979899474e-02,5.4979899474e-02,5.4979899474e-02,5.4979899474e-02,5.4979899474e-02,5.4979899474e-02,5.4979899474e-02,5.4979899474e-02,5.4979899474e-02,5.4979899474e-02,5.4979899474e-02,5.4979899474e-02,5.4979899474e-02,5.4972532226e-02,5.4957479996e-02,5.4940937154e-02,5.4922756603e-02,5.4902776843e-02,5.4880820574e-02,5.4856693185e-02,5.4830181092e-02,5.4801049933e-02,5.4769042590e-02,5.4733877040e-02,5.4695244011e-02,5.4610338754e-02,5.4513653302e-02,5.4407560122e-02,5.4291165331e-02,5.4163494581e-02,5.3971056488e-02,5.3712493360e-02,5.3429672392e-02,5.3120472631e-02,5.2613864687e-02,5.2059158548e-02,5.1366140553e-02,5.0424884842e-02,4.9227814109e-02,4.7247408245e-02,4.5083658544e-02,4.2722086179e-02,4.0756612095e-02,3.9098994017e-02,3.7721418406e-02,3.6476905825e-02,3.5245861827e-02,3.3974608555e-02,3.2618280957e-02,3.1134364572e-02,2.9514978193e-02,2.7745659080e-02,2.5825968249e-02,2.3752664176e-02,2.1524697161e-02,1.9135651130e-02,1.6656632496e-02,1.4141045892e-02,1.1648261324e-02,9.2886971758e-03,7.1809101153e-03,5.3859950547e-03,3.9080970386e-03,2.7297423635e-03,1.8262869418e-03,1.1651731665e-03,7.0572078530e-04,4.0306803501e-04,2.1652717575e-04,1.0819855715e-04,4.9866596189e-05,2.1025953646e-05,8.0577035232e-06,2.7887500530e-06,8.7807195932e-07,3.0651862516e-07,0.0000000000e+00,0.0000000000e+00,0.0000000000e+00,0.0000000000e+00,0.0000000000e+00,0.0000000000e+00,0.0000000000e+00,0.0000000000e+00,0.0000000000e+00,0.0000000000e+00,0.0000000000e+00,0.0000000000e+00,0.0000000000e+00,0.0000000000e+00,0.0000000000e+00,0.0000000000e+00,0.0000000000e+00,0.0000000000e+00,0.0000000000e+00,0.0000000000e+00,0.0000000000e+00,0.0000000000e+00,0.0000000000e+00,0.0000000000e+00,0.0000000000e+00,0.0000000000e+00,0.0000000000e+00,0.0000000000e+00,0.0000000000e+00,0.0000000000e+00,0.0000000000e+00,0.0000000000e+00,0.0000000000e+00,0.0000000000e+00,0.0000000000e+00,0.0000000000e+00,0.0000000000e+00,0.0000000000e+00,0.0000000000e+00,0.0000000000e+00,0.0000000000e+00,0.0000000000e+00,0.0000000000e+00,0.0000000000e+00,0.0000000000e+00
4.7106075420e+02,5.2588879526e-02,5.2588879526e-02,5.2588879526e-02,5.2588879526e-02,5.2588879526e-02,5.2588879526e-02,5.2588879526e-02,5.2588879526e-02,5.2588879526e-02,5.2588879526e-02,5.2588879526e-02,5.2588879526e-02,5.2588879526e-02,5.2588879526e-02,5.2588879526e-02,5.2588879526e-02,5.2588879526e-02,5.2588879526e-02,5.2588879526e-02,5.2588879526e-02,5.2588879526e-02,5.2588879526e-02,5.2588879526e-02,5.2588879526e-02,5.2588879526e-02,5.2588879526e-02,5.2588879526e-02,5.2588879526e-02,5.2588879526e-02,5.2588879526e-02,5.2588879526e-02,5.2588879526e-02,5.2588879526e-02,5.2588879526e-02,5.2588879526e-02,5.2588879526e-02,5.2588879526e-02,5.2588879526e-02,5.2588879526e-02,5.2588879526e-02,5.2588879526e-02,5.2588879526e-02,5.2588879526e-02,5.2588879526e-02,5.2588879526e-02,5.2588879526e-02,5.2588879526e-02,5.2588879526e-02,5.2588879526e-02,5.2588879526e-02,5.2588879526e-02,5.2588879526e-02,5.2588879526e-02,5.2588879526e-02,5.2588879526e-02,5.2588879526e-02,5.2588879526e-02,5.2588879526e-02,5.2588879526e-02,5.2588879526e-02,5.2588879526e-02,5.2588879526e-02,5.2588879526e-02,5.2588879526e-02,5.2588879526e-02,5.2588879526e-02,5.2588879526e-02,5.2588879526e-02,5.2588879526e-02,5.2588879526e-02,5.2588879526e-02,5.2588879526e-02,5.2588879526e-02,5.2588879526e-02,5.2588879526e-02,5.2588879526e-02,5.2588879526e-02,5.2588879526e-02,5.2588879526e-02,5.2588879526e-02,5.2588879526e-02,5.2588879526e-02,5.2588879526e-02,5.2588879526e-02,5.2588879526e-02,5.2588879526e-02,5.2588879526e-02,5.2588879526e-02,5.2588879526e-02,5.2588879526e-02,5.2588879526e-02,5.2588879526e-02,5.2588879526e-02,5.2588021427e-02,5.2570179377e-02,5.2550571788e-02,5.2529024716e-02,5.2505347238e-02,5.2479329829e-02,5.2450742589e-02,5.2419333310e-02,5.2384825371e-02,5.2346915443e-02,5.2305270999e-02,5.2259527605e-02,5.2180670651e-02,5.2057735080e-02,5.1922920630e-02,5.1775115843e-02,5.1613112815e-02,5.1429073681e-02,5.1117088524e-02,5.0776292637e-02,5.0404261562e-02,4.9886394925e-02,4.9209931394e-02,4.8476844707e-02,4.7100557255e-02,4.5530688253e-02,4.3560340442e-02,4.1382471358e-02,3.9611767149e-02,3.8036434938e-02,3.6730129700e-02,3.5558788871e-02,3.4397987234e-02,3.3192328519e-02,3.1909286913e-02,3.0501980643e-02,2.8961058893e-02,2.7280266530e-02,2.5451741290e-02,2.3468896862e-02,2.1333251809e-02,1.9045445967e-02,1.6654526888e-02,1.4221952545e-02,1.1794165697e-02,9.4822793101e-03,7.3990720428e-03,5.6070567476e-03,4.1154190928e-03,2.9117635455e-03,1.9765663121e-03,1.2819064709e-03,7.9101178600e-04,4.6142860693e-04,2.5380863247e-04,1.3023512770e-04,6.1830056654e-05,2.6941080637e-05,1.0691895926e-05,3.8250724689e-06,1.2316922990e-06,3.5248057206e-07,8.2512034454e-08,0.0000000000e+00,0.0000000000e+00,0.0000000000e+00,0.0000000000e+00,0.0000000000e+00,0.0000000000e+00,0.0000000000e+00,0.0000000000e+00,0.0000000000e+00,0.0000000000e+00,0.0000000000e+00,0.0000000000e+00,0.0000000000e+00,0.0000000000e+00,0.0000000000e+00,0.0000000000e+00,0.0000000000e+00,0.0000000000e+00,0.0000000000e+00,0.0000000000e+00,0.0000000000e+00,0.0000000000e+00,0.0000000000e+00,0.0000000000e+00,0.0000000000e+00,0.0000000000e+00,0.0000000000e+00,0.0000000000e+00,0.0000000000e+00,0.0000000000e+00,0.0000000000e+00,0.0000000000e+00,0.0000000000e+00,0.0000000000e+00,0.0000000000e+00,0.0000000000e+00,0.0000000000e+00,0.0000000000e+00,0.0000000000e+00,0.0000000000e+00,0.0000000000e+00,0.0000000000e+00,0.0000000000e+00,0.0000000000e+00
4.9238826317e+02,5.0255878432e-02,5.0255878432e-02,5.0255878432e-02,5.0255878432e-02,5.0255878432e-02,5.0255878432e-02,5.0255878432e-02,5.0255878432e-02,5.0255878432e-02,5.0255878432e-02,5.0255878432e-02,5.0255878432e-02,5.0255878432e-02,5.0255878432e-02,5.0255878432e-02,5.0255878432e-02,5.0255878432e-02,5.0255878432e-02,5.0255878432e-02,5.0255878432e-02,5.0255878432e-02,5.0255878432e-02,5.0255878432e-02,5.0255878432e-02,5.0255878432e-02,5.0255878432e-02,5.0255878432e-02,5.0255878432e-02,5.0255878432e-02,5.0255878432e-02,5.0255878432e-02,5.0255878432e-02,5.0255878432e-02,5.0255878432e-02,5.0255878432e-02,5.0255878432e-02,5.0255878432e-02,5.0255878432e-02,5.0255878432e-02,5.0255878432e-02,5.0255878432e-02,5.0255878432e-02,5.0255878432e-02,5.0255878432e-02,5.0255878432e-02,5.0255878432e-02,5.0255878432e-02,5.0255878432e-02,5.0255878432e-02,5.0255878432e-02,5.0255878432e-02,5.0255878432e-02,5.0255878432e-02,5.0255878432e-02,5.0255878432e-02,5.0255878432e-02,5.0255878432e-02,5.0255878432e-02,5.0255878432e-02,5.0255878432e-02,5.0255878432e-02,5.0255878432e-02,5.0255878432e-02,5.0255878432e-02,5.0255878432e-02,5.0255878432e-02,5.0255878432e-02,5.0255878432e-02,5.0255878432e-02,5.0255878432e-02,5.0255878432e-02,5.0255878432e-02,5.0255878432e-02,5.0255878432e-02,5.0255878432e-02,5.0255878432e-02,5.0255878432e-02,5.0255878432e-02,5.0255878432e-02,5.0255878432e-02,5.0255878432e-02,5.0255878432e-02,5.0255878432e-02,5.0255878432e-02,5.0255878432e-02,5.0255878432e-02,5.0255878432e-02,5.0255878432e-02,5.0255878432e-02,5.0255878432e-02,5.0255878432e-02,5.0255878432e-02,5.0255878432e-02,5.0255055653e-02,5.0237947991e-02,5.0219147483e-02,5.0198487351e-02,5.0175784540e-02,5.0150838160e-02,5.0123427785e-02,5.0093311605e-02,5.0060224405e-02,5.0023875365e-02,4.9983945673e-02,4.9940085933e-02,4.9866294632e-02,4.9752724003e-02,4.9628169121e-02,4.9491600091e-02,4.9341897203e-02,4.9172011264e-02,4.8887214883e-02,4.8576028389e-02,4.8236212271e-02,4.7765393449e-02,4.7151912674e-02,4.6486573939e-02,4.5244641275e-02,4.3826238223e-02,4.2039259885e-02,4.0057728274e-02,3.8426492990e-02,3.6966310239e-02,3.5745318856e-02,3.4644159014e-02,3.3549554149e-02,3.2410500759e-02,3.1196363548e-02,2.9862749098e-02,2.8400349249e-02,2.6802599397e-02,2.5061287283e-02,2.3169279283e-02,2.1127000631e-02,1.8933380787e-02,1.6632274234e-02,1.4280390195e-02,1.1920956110e-02,9.6599791202e-03,7.6054963286e-03,5.8207281728e-03,4.3194321111e-03,3.0940425697e-03,2.1297856842e-03,1.4032164289e-03,8.8142269446e-04,5.2465645756e-04,2.9518924303e-04,1.5536637328e-04,7.5898382160e-05,3.4149097695e-05,1.4048100137e-05,5.2319702583e-06,1.7638339885e-06,5.3482134729e-07,1.3986562237e-07,1.1725969794e-08,0.0000000000e+00,0.0000000000e+00,0.0000000000e+00,0.0000000000e+00,0.0000000000e+00,0.0000000000e+00,0.0000000000e+00,0.0000000000e+00,0.0000000000e+00,0.0000000000e+00,0.0000000000e+00,0.0000000000e+00,0.0000000000e+00,0.0000000000e+00,0.0000000000e+00,0.0000000000e+00,0.0000000000e+00,0.0000000000e+00,0.0000000000e+00,0.0000000000e+00,0.0000000000e+00,0.0000000000e+00,0.0000000000e+00,0.0000000000e+00,0.0000000000e+00,0.0000000000e+00,0.0000000000e+00,0.0000000000e+00,0.0000000000e+00,0.0000000000e+00,0.0000000000e+00,0.0000000000e+00,0.0000000000e+00,0.0000000000e+00,0.0000000000e+00,0.0000000000e+00,0.0000000000e+00,0.0000000000e+00,0.0000000000e+00,0.0000000000e+00,0.0000000000e+00,0.0000000000e+00,0.0000000000e+00
5.1468138568e+02,4.8046222789e-02,4.8046222789e-02,4.8046222789e-02,4.8046222789e-02,4.8046222789e-02,4.8046222789e-02,4.8046222789e-02,4.8046222789e-02,4.8046222789e-02,4.8046222789e-02,4.8046222789e-02,4.8046222789e-02,4.8046222789e-02,4.8046222789e-02,4.8046222789e-02,4.8046222789e-02,4.8046222789e-02,4.8046222789e-02,4.8046222789e-02,4.8046222789e-02,4.8046222789e-02,4.8046222789e-02,4.8046222789e-02,4.8046222789e-02,4.8046222789e-02,4.8046222789e-02,4.8046222789e-02,4.8046222789e-02,4.8046222789e-02,4.8046222789e-02,4.8046222789e-02,4.8046222789e-02,4.8046222789e-02,4.8046222789e-02,4.8046222789e-02,4.8046222789e-02,4.8046222789e-02,4.8046222789e-02,4.8046222789e-02,4.8046222789e-02,4.8046222789e-02,4.8046222789e-02,4.8046222789e-02,4.8046222789e-02,4.8046222789e-02,4.8046222789e-02,4.8046222789e-02,4.8046222789e-02,4.8046222789e-02,4.8046222789e-02,4.8046222789e-02,4.8046222789e-02,4.8046222789e-02,4.8046222789e-02,4.8046222789e-02,4.8046222789e-02,4.8046222789e-02,4.8046222789e-02,4.8046222789e-02,4.8046222789e-02,4.8046222789e-02,4.8046222789e-02,4.8046222789e-02,4.8046222789e-02,4.8046222789e-02,4.8046222789e-02,4.8046222789e-02,4.8046222789e-02,4.8046222789e-02,4.8046222789e-02,4.8046222789e-02,4.8046222789e-02,4.8046222789e-02,4.8046222789e-02,4.8046222789e-02,4.8046222789e-02,4.8046222789e-02,4.8046222789e-02,4.8046222789e-02,4.8046222789e-02,4.8046222789e-02,4.8046222789e-02,4.8046222789e-02,4.8046222789e-02,4.8046222789e-02,4.8046222789e-02,4.8046222789e-02,4.8046222789e-02,4.8046222789e-02,4.8046222789e-02,4.8046222789e-02,4.8046222789e-02,4.8046222789e-02,4.8045433676e-02,4.8029026014e-02,4.8010994793e-02,4.7991180067e-02,4.7969406277e-02,4.7945480763e-02,4.7919192132e-02,4.7890308480e-02,4.7858575464e-02,4.7823714184e-02,4.7785418902e-02,4.7743354548e-02,4.7674225189e-02,4.7569187480e-02,4.7453981798e-02,4.7327652912e-02,4.7189161888e-02,4.7032167058e-02,4.6771948898e-02,4.6487540355e-02,4.6176872420e-02,4.5748479686e-02,4.5191720417e-02,4.4587465475e-02,4.3466244524e-02,4.2184266147e-02,4.0563333943e-02,3.8760484460e-02,3.7258161606e-02,3.5905332043e-02,3.4764890065e-02,3.3730614078e-02,3.2699409610e-02,3.1624332981e-02,3.0476551850e-02,2.9214079721e-02,2.7827681295e-02,2.6310531612e-02,2.4654128716e-02,2.2850860213e-02,2.0900155402e-02,1.8799414534e-02,1.6587669948e-02,1.4317101753e-02,1.2027780370e-02,9.8205719086e-03,7.7986409834e-03,6.0254350526e-03,4.5187151910e-03,3.2753154105e-03,2.2848973028e-03,1.5283185628e-03,9.7652110981e-04,5.9260875142e-04,3.4071316875e-04,1.8373749857e-04,9.2243859952e-05,4.2796864256e-05,1.8221242616e-05,7.0527232584e-06,2.4845509570e-06,7.9565451467e-07,2.2916398519e-07,5.6566320307e-08,0.0000000000e+00,0.0000000000e+00,0.0000000000e+00,0.0000000000e+00,0.0000000000e+00,0.0000000000e+00,0.0000000000e+00,0.0000000000e+00,0.0000000000e+00,0.0000000000e+00,0.0000000000e+00,0.0000000000e+00,0.0000000000e+00,0.0000000000e+00,0.0000000000e+00,0.0000000000e+00,0.0000000000e+00,0.0000000000e+00,0.0000000000e+00,0.0000000000e+00,0.0000000000e+00,0.0000000000e+00,0.0000000000e+00,0.0000000000e+00,0.0000000000e+00,0.0000000000e+00,0.0000000000e+00,0.0000000000e+00,0.0000000000e+00,0.0000000000e+00,0.0000000000e+00,0.0000000000e+00,0.0000000000e+00,0.0000000000e+00,0.0000000000e+00,0.0000000000e+00,0.0000000000e+00,0.0000000000e+00,0.0000000000e+00,0.0000000000e+00,0.0000000000e+00,0.0000000000e+00,0.0000000000e+00
5.3798384034e+02,4.5950869490e-02,4.5950869490e-02,4.5950869490e-02,4.5950869490e-02,4.5950869490e-02,4.5950869490e-02,4.5950869490e-02,4.5950869490e-02,4.5950869490e-02,4.5950869490e-02,4.5950869490e-02,4.5950869490e-02,4.5950869490e-02,4.5950869490e-02,4.5950869490e-02,4.5950869490e-02,4.5950869490e-02,4.5950869490e-02,4.5950869490e-02,4.5950869490e-02,4.5950869490e-02,4.5950869490e-02,4.5950869490e-02,4.5950869490e-02,4.5950869490e-02,4.5950869490e-02,4.5950869490e-02,4.5950869490e-02,4.5950869490e-02,4.5950869490e-02,4.5950869490e-02,4.5950869490e-02,4.5950869490e-02,4.5950869490e-02,4.5950869490e-02,4.5950869490e-02,4.5950869490e-02,4.5950869490e-02,4.5950869490e-02,4.5950869490e-02,4.5950869490e-02,4.5950869490e-02,4.5950869490e-02,4.5950869490e-02,4.5950869490e-02,4.5950869490e-02,4.5950869490e-02,4.5950869490e-02,4.5950869490e-02,4.5950869490e-02,4.5950869490e-02,4.5950869490e-02,4.5950869490e-02,4.5950869490e-02,4.5950869490e-02,4.5950869490e-02,4.5950869490e-02,4.5950869490e-02,4.5950869490e-02,4.5950869490e-02,4.5950869490e-02,4.5950869490e-02,4.5950869490e-02,4.5950869490e-02,4.5950869490e-02,4.5950869490e-02,4.5950869490e-02,4.5950869490e-02,4.5950869490e-02,4.5950869490e-02,4.5950869490e-02,4.5950869490e-02,4.5950869490e-02,4.5950869490e-02,4.5950869490e-02,4.5950869490e-02,4.5950869490e-02,4.5950869490e-02,4.5950869490e-02,4.5950869490e-02,4.5950869490e-02,4.5950869490e-02,4.5950869490e-02,4.5950869490e-02,4.5950869490e-02,4.5950869490e-02,4.5950869490e-02,4.5950869490e-02,4.5950869490e-02,4.5950869490e-02,4.5950869490e-02,4.5950869490e-02,4.5950869490e-02,4.5950112557e-02,4.5934374019e-02,4.5917078151e-02,4.5898071535e-02,4.5877185779e-02,4.5854236088e-02,4.5829019700e-02,4.5801314185e-02,4.5770875583e-02,4.5737436391e-02,4.5700703363e-02,4.5660355123e-02,4.5595524543e-02,4.5498271037e-02,4.5391595208e-02,4.5274610232e-02,4.5146351232e-02,4.5001111391e-02,4.4763127982e-02,4.4502954088e-02,4.4218677799e-02,4.3828567772e-02,4.3322919619e-02,4.2773766856e-02,4.1761045764e-02,4.0601973885e-02,3.9131421205e-02,3.7491166842e-02,3.6107962553e-02,3.4855160852e-02,3.3790692986e-02,3.2820068652e-02,3.1849489563e-02,3.0835763202e-02,2.9751775568e-02,2.8557864140e-02,2.7244894614e-02,2.5805829186e-02,2.4231933565e-02,2.2515182445e-02,2.0654102147e-02,1.8644733203e-02,1.6521639755e-02,1.4332693150e-02,1.2114879288e-02,9.9639223869e-03,7.9780326975e-03,6.2204545608e-03,4.7124122000e-03,3.4547151148e-03,2.4411345052e-03,1.6566286135e-03,1.0759444887e-03,6.6513895007e-04,3.9040736369e-04,2.1548539124e-04,1.1104635163e-04,5.3054842676e-05,2.3343352199e-05,9.3740279494e-06,3.4430531592e-06,1.1593863746e-06,3.6124743582e-07,1.2566605401e-07,0.0000000000e+00,0.0000000000e+00,0.0000000000e+00,0.0000000000e+00,0.0000000000e+00,0.0000000000e+00,0.0000000000e+00,0.0000000000e+00,0.0000000000e+00,0.0000000000e+00,0.0000000000e+00,0.0000000000e+00,0.0000000000e+00,0.0000000000e+00,0.0000000000e+00,0.0000000000e+00,0.0000000000e+00,0.0000000000e+00,0.0000000000e+00,0.0000000000e+00,0.0000000000e+00,0.0000000000e+00,0.0000000000e+00,0.0000000000e+00,0.0000000000e+00,0.0000000000e+00,0.0000000000e+00,0.0000000000e+00,0.0000000000e+00,0.0000000000e+00,0.0000000000e+00,0.0000000000e+00,0.0000000000e+00,0.0000000000e+00,0.0000000000e+00,0.0000000000e+00,0.0000000000e+00,0.0000000000e+00,0.0000000000e+00,0.0000000000e+00,0.0000000000e+00,0.0000000000e+00,0.0000000000e+00
5.6234132519e+02,4.3964106366e-02,4.3964106366e-02,4.3964106366e-02,4.3964106366e-02,4.3964106366e-02,4.3964106366e-02,4.3964106366e-02,4.3964106366e-02,4.3964106366e-02,4.3964106366e-02,4.3964106366e-02,4.3964106366e-02,4.3964106366e-02,4.3964106366e-02,4.3964106366e-02,4.3964106366e-02,4.3964106366e-02,4.3964106366e-02,4.3964106366e-02,4.3964106366e-02,4.3964106366e-02,4.3964106366e-02,4.3964106366e-02,4.3964106366e-02,4.3964106366e-02,4.3964106366e-02,4.3964106366e-02,4.3964106366e-02,4.3964106366e-02,4.3964106366e-02,4.3964106366e-02,4.3964106366e-02,4.3964106366e-02,4.3964106366e-02,4.3964106366e-02,4.3964106366e-02,4.3964106366e-02,4.3964106366e-02,4.3964106366e-02,4.3964106366e-02,4.3964106366e-02,4.3964106366e-02,4.3964106366e-02,4.3964106366e-02,4.3964106366e-02,4.3964106366e-02,4.3964106366e-02,4.3964106366e-02,4.3964106366e-02,4.3964106366e-02,4.3964106366e-02,4.3964106366e-02,4.3964106366e-02,4.3964106366e-02,4.3964106366e-02,4.3964106366e-02,4.3964106366e-02,4.3964106366e-02,4.3964106366e-02,4.3964106366e-02,4.3964106366e-02,4.3964106366e-02,4.3964106366e-02,4.3964106366e-02,4.3964106366e-02,4.3964106366e-02,4.3964106366e-02,4.3964106366e-02,4.3964106366e-02,4.3964106366e-02,4.3964106366e-02,4.3964106366e-02,4.3964106366e-02,4.3964106366e-02,4.3964106366e-02,4.3964106366e-02,4.3964106366e-02,4.3964106366e-02,4.3964106366e-02,4.3964106366e-02,4.3964106366e-02,4.3964106366e-02,4.3964106366e-02,4.3964106366e-02,4.3964106366e-02,4.3964106366e-02,4.3964106366e-02,4.3964106366e-02,4.3964106366e-02,4.3964106366e-02,4.3964106366e-02,4.3964106366e-02,4.3964106366e-02,4.3964106366e-02,4.3964106366e-02,4.3953393717e-02,4.3933320555e-02,4.3911263797e-02,4.3887028581e-02,4.3860401145e-02,4.3831147040e-02,4.3799009192e-02,4.3763705791e-02,4.3724927998e-02,4.3682337462e-02,4.3635563627e-02,4.3584200822e-02,4.3471105073e-02,4.3345643252e-02,4.3208135187e-02,4.3057469670e-02,4.2892442419e-02,4.2647799294e-02,4.2332767885e-02,4.1989124263e-02,4.1606503428e-02,4.0920464064e-02,4.0179316185e-02,3.9164353864e-02,3.7716931321e-02,3.6267600338e-02,3.4971343416e-02,3.3814833716e-02,3.2811473354e-02,3.1915564777e-02,3.1001059555e-02,3.0047397718e-02,2.9020948760e-02,2.7894036725e-02,2.6652871357e-02,2.5292072603e-02,2.3793028698e-02,2.2166054917e-02,2.0390573140e-02,1.8468487003e-02,1.6435835687e-02,1.4326398775e-02,1.2181383989e-02,1.0089472883e-02,8.1432184133e-03,6.4053093752e-03,4.8996649934e-03,3.6314530975e-03,2.5977394469e-03,1.7875438186e-03,1.1792682555e-03,7.4203895298e-04,4.4428413281e-04,2.5073042201e-04,1.3247616882e-04,6.5092178321e-05,2.9547101047e-05,1.2280682621e-05,4.6799355794e-06,1.6362540353e-06,5.1968470242e-07,1.4082292994e-07,1.0354103725e-08,0.0000000000e+00,0.0000000000e+00,0.0000000000e+00,0.0000000000e+00,0.0000000000e+00,0.0000000000e+00,0.0000000000e+00,0.0000000000e+00,0.0000000000e+00,0.0000000000e+00,0.0000000000e+00,0.0000000000e+00,0.0000000000e+00,0.0000000000e+00,0.0000000000e+00,0.0000000000e+00,0.0000000000e+00,0.0000000000e+00,0.0000000000e+00,0.0000000000e+00,0.0000000000e+00,0.0000000000e+00,0.0000000000e+00,0.0000000000e+00,0.0000000000e+00,0.0000000000e+00,0.0000000000e+00,0.0000000000e+00,0.0000000000e+00,0.0000000000e+00,0.0000000000e+00,0.0000000000e+00,0.0000000000e+00,0.0000000000e+00,0.0000000000e+00,0.0000000000e+00,0.0000000000e+00,0.0000000000e+00,0.0000000000e+00,0.0000000000e+00,0.0000000000e+00,0.0000000000e+00
5.8780160723e+02,4.2072340270e-02,4.2072340270e-02,4.2072340270e-02,4.2072340270e-02,4.2072340270e-02,4.2072340270e-02,4.2072340270e-02,4.2072340270e-02,4.2072340270e-02,4.2072340270e-02,4.2072340270e-02,4.2072340270e-02,4.2072340270e-02,4.2072340270e-02,4.2072340270e-02,4.2072340270e-02,4.2072340270e-02,4.2072340270e-02,4.2072340270e-02,4.2072340270e-02,4.2072340270e-02,4.2072340270e-02,4.2072340270e-02,4.2072340270e-02,4.2072340270e-02,4.2072340270e-02,4.2072340270e-02,4.2072340270e-02,4.2072340270e-02,4.2072340270e-02,4.2072340270e-02,4.2072340270e-02,4.2072340270e-02,4.2072340270e-02,4.2072340270e-02,4.2072340270e-02,4.2072340270e-02,4.2072340270e-02,4.2072340270e-02,4.2072340270e-02,4.2072340270e-02,4.2072340270e-02,4.2072340270e-02,4.2072340270e-02,4.2072340270e-02,4.2072340270e-02,4.2072340270e-02,4.2072340270e-02,4.2072340270e-02,4.2072340270e-02,4.2072340270e-02,4.2072340270e-02,4.2072340270e-02,4.2072340270e-02,4.2072340270e-02,4.2072340270e-02,4.2072340270e-02,4.2072340270e-02,4.2072340270e-02,4.2072340270e-02,4.2072340270e-02,4.2072340270e-02,4.2072340270e-02,4.2072340270e-02,4.2072340270e-02,4.2072340270e-02,4.2072340270e-02,4.2072340270e-02,4.2072340270e-02,4.2072340270e-02,4.2072340270e-02,4.2072340270e-02,4.2072340270e-02,4.2072340270e-02,4.2072340270e-02,4.2072340270e-02,4.2072340270e-02,4.2072340270e-02,4.2072340270e-02,4.2072340270e-02,4.2072340270e-02,4.2072340270e-02,4.2072340270e-02,4.2072340270e-02,4.2072340270e-02,4.2072340270e-02,4.2072340270e-02,4.2072340270e-02,4.2072340270e-02,4.2072340270e-02,4.2072340270e-02,4.2072340270e-02,4.2072340270e-02,4.2072340270e-02,4.2072340270e-02,4.2062123873e-02,4.2042980557e-02,4.2021945495e-02,4.1998832842e-02,4.1973438725e-02,4.1945539540e-02,4.1914890099e-02,4.1881221623e-02,4.1844239549e-02,4.1803621161e-02,4.1759013024e-02,4.1710028205e-02,4.1605588286e-02,4.1489761782e-02,4.1362800516e-02,4.1223674521e-02,4.1071266950e-02,4.0847248708e-02,4.0559770130e-02,4.0246066084e-02,3.9896805806e-02,3.9275696040e-02,3.8604034164e-02,3.7684392423e-02,3.6372225129e-02,3.5052420082e-02,3.3860443692e-02,3.2790617387e-02,3.1855521592e-02,3.1015810710e-02,3.0156712967e-02,2.9259107252e-02,2.8291595046e-02,2.7228001112e-02,2.6054975430e-02,2.4766929193e-02,2.3345660688e-02,2.1800156971e-02,2.0110126012e-02,1.8276008469e-02,1.6329775487e-02,1.4301806027e-02,1.2230071382e-02,1.0198272449e-02,8.2940276835e-03,6.5790954604e-03,5.0798487791e-03,3.8046190788e-03,2.7539177400e-03,1.9203982375e-03,1.2860664222e-03,8.2309057829e-04,5.0226328747e-04,2.8956083858e-04,1.5669247344e-04,7.9082029473e-05,3.6988397600e-05,1.5894605112e-05,6.2852274512e-06,2.2905040180e-06,7.6526726973e-07,2.2574020331e-07,3.9282564986e-08,0.0000000000e+00,0.0000000000e+00,0.0000000000e+00,0.0000000000e+00,0.0000000000e+00,0.0000000000e+00,0.0000000000e+00,0.0000000000e+00,0.0000000000e+00,0.0000000000e+00,0.0000000000e+00,0.0000000000e+00,0.0000000000e+00,0.0000000000e+00,0.0000000000e+00,0.0000000000e+00,0.0000000000e+00,0.0000000000e+00,0.0000000000e+00,0.0000000000e+00,0.0000000000e+00,0.0000000000e+00,0.0000000000e+00,0.0000000000e+00,0.0000000000e+00,0.0000000000e+00,0.0000000000e+00,0.0000000000e+00,0.0000000000e+00,0.0000000000e+00,0.0000000000e+00,0.0000000000e+00,0.0000000000e+00,0.0000000000e+00,0.0000000000e+00,0.0000000000e+00,0.0000000000e+00,0.0000000000e+00,0.0000000000e+00,0.0000000000e+00,0.0000000000e+00,0.0000000000e+00
6.1441461614e+02,4.0272631912e-02,4.0272631912e-02,4.0272631912e-02,4.0272631912e-02,4.0272631912e-02,4.0272631912e-02,4.0272631912e-02,4.0272631912e-02,4.0272631912e-02,4.0272631912e-02,4.0272631912e-02,4.0272631912e-02,4.0272631912e-02,4.0272631912e-02,4.0272631912e-02,4.0272631912e-02,4.0272631912e-02,4.0272631912e-02,4.0272631912e-02,4.0272631912e-02,4.0272631912e-02,4.0272631912e-02,4.0272631912e-02,4.0272631912e-02,4.0272631912e-02,4.0272631912e-02,4.0272631912e-02,4.0272631912e-02,4.0272631912e-02,4.0272631912e-02,4.0272631912e-02,4.0272631912e-02,4.0272631912e-02,4.0272631912e-02,4.0272631912e-02,4.0272631912e-02,4.0272631912e-02,4.0272631912e-02,4.0272631912e-02,4.0272631912e-02,4.0272631912e-02,4.0272631912e-02,4.0272631912e-02,4.0272631912e-02,4.0272631912e-02,4.0272631912e-02,4.0272631912e-02,4.0272631912e-02,4.0272631912e-02,4.0272631912e-02,4.0272631912e-02,4.0272631912e-02,4.0272631912e-02,4.0272631912e-02,4.0272631912e-02,4.0272631912e-02,4.0272631912e-02,4.0272631912e-02,4.0272631912e-02,4.0272631912e-02,4.0272631912e-02,4.0272631912e-02,4.0272631912e-02,4.0272631912e-02,4.0272631912e-02,4.0272631912e-02,4.0272631912e-02,4.0272631912e-02,4.0272631912e-02,4.0272631912e-02,4.0272631912e-02,4.0272631912e-02,4.0272631912e-02,4.0272631912e-02,4.0272631912e-02,4.0272631912e-02,4.0272631912e-02,4.0272631912e-02,4.0272631912e-02,4.0272631912e-02,4.0272631912e-02,4.0272631912e-02,4.0272631912e-02,4.0272631912e-02,4.0272631912e-02,4.0272631912e-02,4.0272631912e-02,4.0272631912e-02,4.0272631912e-02,4.0272631912e-02,4.0272631912e-02,4.0272631912e-02,4.0272631912e-02,4.0272631912e-02,4.0272631912e-02,4.0262886340e-02,4.0244625226e-02,4.0224559514e-02,4.0202511911e-02,4.0178287927e-02,4.0151674246e-02,4.0122436964e-02,4.0090319661e-02,4.0055041321e-02,4.0016294066e-02,3.9973740703e-02,3.9927012080e-02,3.9830462848e-02,3.9723418711e-02,3.9606072181e-02,3.9477467804e-02,3.9336569011e-02,3.9131238256e-02,3.8868672409e-02,3.8582054441e-02,3.8262982303e-02,3.7700300883e-02,3.7091263517e-02,3.6257679974e-02,3.5067959089e-02,3.3866119266e-02,3.2770321831e-02,3.1781097737e-02,3.0910185363e-02,3.0123766110e-02,2.9317392336e-02,2.8473285520e-02,2.7562153197e-02,2.6559269592e-02,2.5451734470e-02,2.4233794999e-02,2.2887685057e-02,2.1421167521e-02,1.9814272761e-02,1.8066137108e-02,1.6204975922e-02,1.4257968327e-02,1.2259962944e-02,1.0289757433e-02,8.4300629079e-03,6.7414114239e-03,5.2521804221e-03,3.9734778622e-03,2.9089303268e-03,2.0545706544e-03,1.3958651488e-03,9.0801121289e-04,5.6425591283e-04,3.3200942276e-04,1.8381630208e-04,9.5179613582e-05,4.5810596495e-05,2.0323679275e-05,8.3261233914e-06,3.1569600671e-06,1.1063047013e-06,3.5145134750e-07,8.8230714790e-08,0.0000000000e+00,0.0000000000e+00,0.0000000000e+00,0.0000000000e+00,0.0000000000e+00,0.0000000000e+00,0.0000000000e+00,0.0000000000e+00,0.0000000000e+00,0.0000000000e+00,0.0000000000e+00,0.0000000000e+00,0.0000000000e+00,0.0000000000e+00,0.0000000000e+00,0.0000000000e+00,0.0000000000e+00,0.0000000000e+00,0.0000000000e+00,0.0000000000e+00,0.0000000000e+00,0.0000000000e+00,0.0000000000e+00,0.0000000000e+00,0.0000000000e+00,0.0000000000e+00,0.0000000000e+00,0.0000000000e+00,0.0000000000e+00,0.0000000000e+00,0.0000000000e+00,0.0000000000e+00,0.0000000000e+00,0.0000000000e+00,0.0000000000e+00,0.0000000000e+00,0.0000000000e+00,0.0000000000e+00,0.0000000000e+00,0.0000000000e+00,0.0000000000e+00,0.0000000000e+00
6.4223254222e+02,3.4210294656e-02,3.4210294656e-02,3.4210294656e-02,3.4210294656e-02,3.4210294656e-02,3.4210294656e-02,3.4210294656e-02,3.4210294656e-02,3.4210294656e-02,3.4210294656e-02,3.4210294656e-02,3.4210294656e-02,3.4210294656e-02,3.4210294656e-02,3.4210294656e-02,3.4210294656e-02,3.4210294656e-02,3.4210294656e-02,3.4210294656e-02,3.4210294656e-02,3.4210294656e-02,3.4210294656e-02,3.4210294656e-02,3.4210294656e-02,3.4210294656e-02,3.4210294656e-02,3.4210294656e-02,3.4210294656e-02,3.4210294656e-02,3.4210294656e-02,3.4210294656e-02,3.4210294656e-02,3.4210294656e-02,3.4210294656e-02,3.4210294656e-02,3.4210294656e-02,3.4210294656e-02,3.4210294656e-02,3.4210294656e-02,3.4210294656e-02,3.4210294656e-02,3.4210294656e-02,3.4210294656e-02,3.4210294656e-02,3.4210294656e-02,3.4210294656e-02,3.4210294656e-02,3.4210294656e-02,3.4210294656e-02,3.4210294656e-02,3.4210294656e-02,3.4210294656e-02,3.4210294656e-02,3.4210294656e-02,3.4210294656e-02,3.4210294656e-02,3.4210294656e-02,3.4210294656e-02,3.4210294656e-02,3.4210294656e-02,3.4210294656e-02,3.4210294656e-02,3.4210294656e-02,3.4210294656e-02,3.4210294656e-02,3.4210294656e-02,3.4210294656e-02,3.4210294656e-02,3.4210294656e-02,3.4210294656e-02,3.4210294656e-02,3.4210294656e-02,3.4210294656e-02,3.4210294656e-02,3.4210294656e-02,3.4210294656e-02,3.4210294656e-02,3.4210294656e-02,3.4210294656e-02,3.4210294656e-02,3.4210294656e-02,3.4210294656e-02,3.4210294656e-02,3.4210294656e-02,3.4210294656e-02,3.4210294656e-02,3.4210294656e-02,3.4210294656e-02,3.4210294656e-02,3.4210294656e-02,3.4210294656e-02,3.4210294656e-02,3.4210294656e-02,3.4210294656e-02,3.4210294656e-02,3.4207528518e-02,3.4202344169e-02,3.4196645686e-02,3.4190382180e-02,3.4183497748e-02,3.4175930980e-02,3.4167614422e-02,3.4158473988e-02,3.4148428317e-02,3.4137388064e-02,3.4125255132e-02,3.4111921827e-02,3.4059081240e-02,3.4000094891e-02,3.3935366403e-02,3.3864349634e-02,3.3786449167e-02,3.3659055817e-02,3.3488193119e-02,3.3301356721e-02,3.3091988998e-02,3.2689688328e-02,3.2253062428e-02,3.1639874075e-02,3.0742891507e-02,2.9835526871e-02,2.9013610027e-02,2.8276611155e-02,2.7635275611e-02,2.7061285278e-02,2.6470537931e-02,2.5847388056e-02,2.5166181507e-02,2.4404403157e-02,2.3548993850e-02,2.2592492848e-02,2.1515570529e-02,2.0321963548e-02,1.8988694257e-02,1.7509437058e-02,1.5903624025e-02,1.4189911650e-02,1.2394437917e-02,1.0586901135e-02,8.8439005308e-03,7.2255860438e-03,5.7642800803e-03,4.4769687080e-03,3.3747822670e-03,2.4625583688e-03,1.7349708146e-03,1.1753302323e-03,7.6410187895e-04,4.7279728699e-04,2.7685643636e-04,1.5262449716e-04,7.8780845937e-05,3.7784600014e-05,1.6879717549e-05,7.0456767260e-06,2.7500494986e-06,9.9251231969e-07,3.1608477917e-07,0.0000000000e+00,0.0000000000e+00,0.0000000000e+00,0.0000000000e+00,0.0000000000e+00,0.0000000000e+00,0.0000000000e+00,0.0000000000e+00,0.0000000000e+00,0.0000000000e+00,0.0000000000e+00,0.0000000000e+00,0.0000000000e+00,0.0000000000e+00,0.0000000000e+00,0.0000000000e+00,0.0000000000e+00,0.0000000000e+00,0.0000000000e+00,0.0000000000e+00,0.0000000000e+00,0.0000000000e+00,0.0000000000e+00,0.0000000000e+00,0.0000000000e+00,0.0000000000e+00,0.0000000000e+00,0.0000000000e+00,0.0000000000e+00,0.0000000000e+00,0.0000000000e+00,0.0000000000e+00,0.0000000000e+00,0.0000000000e+00,0.0000000000e+00,0.0000000000e+00,0.0000000000e+00,0.0000000000e+00,0.0000000000e+00,0.0000000000e+00,0.0000000000e+00,0.0000000000e+00
6.7130993868e+02,3.2531572979e-02,3.2531572979e-02,3.2531572979e-02,3.2531572979e-02,3.2531572979e-02,3.2531572979e-02,3.2531572979e-02,3.2531572979e-02,3.2531572979e-02,3.2531572979e-02,3.2531572979e-02,3.2531572979e-02,3.2531572979e-02,3.2531572979e-02,3.2531572979e-02,3.2531572979e-02,3.2531572979e-02,3.2531572979e-02,3.2531572979e-02,3.2531572979e-02,3.2531572979e-02,3.2531572979e-02,3.2531572979e-02,3.2531572979e-02,3.2531572979e-02,3.2531572979e-02,3.2531572979e-02,3.2531572979e-02,3.2531572979e-02,3.2531572979e-02,3.2531572979e-02,3.2531572979e-02,3.2531572979e-02,3.2531572979e-02,3.2531572979e-02,3.2531572979e-02,3.2531572979e-02,3.2531572979e-02,3.2531572979e-02,3.2531572979e-02,3.2531572979e-02,3.2531572979e-02,3.2531572979e-02,3.2531572979e-02,3.2531572979e-02,3.2531572979e-02,3.2531572979e-02,3.2531572979e-02,3.2531572979e-02,3.2531572979e-02,3.2531572979e-02,3.2531572979e-02,3.2531572979e-02,3.2531572979e-02,3.2531572979e-02,3.2531572979e-02,3.2531572979e-02,3.2531572979e-02,3.2531572979e-02,3.2531572979e-02,3.2531572979e-02,3.2531572979e-02,3.2531572979e-02,3.2531572979e-02,3.2531572979e-02,3.2531572979e-02,3.2531572979e-02,3.2531572979e-02,3.2531572979e-02,3.2531572979e-02,3.2531572979e-02,3.2531572979e-02,3.2531572979e-02,3.2531572979e-02,3.2531572979e-02,3.2531572979e-02,3.2531572979e-02,3.2531572979e-02,3.2531572979e-02,3.2531572979e-02,3.2531572979e-02,3.2531572979e-02,3.2531572979e-02,3.2531572979e-02,3.2531572979e-02,3.2531572979e-02,3.2531572979e-02,3.2531572979e-02,3.2531572979e-02,3.2531572979e-02,3.2531572979e-02,3.2531572979e-02,3.2531572979e-02,3.2531572979e-02,3.2531572979e-02,3.2531572979e-02,3.2530961317e-02,3.2524473430e-02,3.2517342495e-02,3.2509504938e-02,3.2500890938e-02,3.2491423810e-02,3.2481019350e-02,3.2469585101e-02,3.2457019557e-02,3.2443211296e-02,3.2428038028e-02,3.2411365556e-02,3.2370409814e-02,3.2301777753e-02,3.2226495324e-02,3.2143936387e-02,3.2053419650e-02,3.1944097834e-02,3.1736239616e-02,3.1509292066e-02,3.1261670662e-02,3.0794201958e-02,3.0125628080e-02,2.9407372536e-02,2.8653757954e-02,2.7849361209e-02,2.7225946697e-02,2.6626137276e-02,2.6104437720e-02,2.5558490311e-02,2.4985510986e-02,2.4362568459e-02,2.3657734541e-02,2.2863646290e-02,2.1969509889e-02,2.0965998560e-02,1.9848198770e-02,1.8598418546e-02,1.7210250757e-02,1.5690123858e-02,1.4063702591e-02,1.2353148837e-02,1.0617227766e-02,8.9333429688e-03,7.3560403355e-03,5.9195412431e-03,4.6423365723e-03,3.5376077287e-03,2.6130250823e-03,1.8663159719e-03,1.2839254450e-03,8.4915977777e-04,5.3567070871e-04,3.2051000792e-04,1.8095827950e-04,9.5951835666e-05,4.7420411497e-05,2.1898845657e-05,9.4809043826e-06,3.8546813470e-06,1.4653143776e-06,4.9815895869e-07,1.1620018634e-07,0.0000000000e+00,0.0000000000e+00,0.0000000000e+00,0.0000000000e+00,0.0000000000e+00,0.0000000000e+00,0.0000000000e+00,0.0000000000e+00,0.0000000000e+00,0.0000000000e+00,0.0000000000e+00,0.0000000000e+00,0.0000000000e+00,0.0000000000e+00,0.0000000000e+00,0.0000000000e+00,0.0000000000e+00,0.0000000000e+00,0.0000000000e+00,0.0000000000e+00,0.0000000000e+00,0.0000000000e+00,0.0000000000e+00,0.0000000000e+00,0.0000000000e+00,0.0000000000e+00,0.0000000000e+00,0.0000000000e+00,0.0000000000e+00,0.0000000000e+00,0.0000000000e+00,0.0000000000e+00,0.0000000000e+00,0.0000000000e+00,0.0000000000e+00,0.0000000000e+00,0.0000000000e+00,0.0000000000e+00,0.0000000000e+00,0.0000000000e+00,0.0000000000e+00
7.0170382867e+02,3.0933721148e-02,3.0933721148e-02,3.0933721148e-02,3.0933721148e-02,3.0933721148e-02,3.0933721148e-02,3.0933721148e-02,3.0933721148e-02,3.0933721148e-02,3.0933721148e-02,3.0933721148e-02,3.0933721148e-02,3.0933721148e-02,3.0933721148e-02,3.0933721148e-02,3.0933721148e-02,3.0933721148e-02,3.0933721148e-02,3.0933721148e-02,3.0933721148e-02,3.0933721148e-02,3.0933721148e-02,3.0933721148e-02,3.0933721148e-02,3.0933721148e-02,3.0933721148e-02,3.0933721148e-02,3.0933721148e-02,3.0933721148e-02,3.0933721148e-02,3.0933721148e-02,3.0933721148e-02,3.0933721148e-02,3.0933721148e-02,3.0933721148e-02,3.0933721148e-02,3.0933721148e-02,3.0933721148e-02,3.0933721148e-02,3.0933721148e-02,3.0933721148e-02,3.0933721148e-02,3.0933721148e-02,3.0933721148e-02,3.0933721148e-02,3.0933721148e-02,3.0933721148e-02,3.0933721148e-02,3.0933721148e-02,3.0933721148e-02,3.0933721148e-02,3.0933721148e-02,3.0933721148e-02,3.0933721148e-02,3.0933721148e-02,3.0933721148e-02,3.0933721148e-02,3.0933721148e-02,3.0933721148e-02,3.0933721148e-02,3.0933721148e-02,3.0933721148e-02,3.0933721148e-02,3.0933721148e-02,3.0933721148e-02,3.0933721148e-02,3.0933721148e-02,3.0933721148e-02,3.0933721148e-02,3.0933721148e-02,3.0933721148e-02,3.0933721148e-02,3.0933721148e-02,3.0933721148e-02,3.0933721148e-02,3.0933721148e-02,3.0933721148e-02,3.0933721148e-02,3.0933721148e-02,3.0933721148e-02,3.0933721148e-02,3.0933721148e-02,3.0933721148e-02,3.0933721148e-02,3.0933721148e-02,3.0933721148e-02,3.0933721148e-02,3.0933721148e-02,3.0933721148e-02,3.0933721148e-02,3.0933721148e-02,3.0933721148e-02,3.0933721148e-02,3.0933721148e-02,3.0933721148e-02,3.0933721148e-02,3.0933176773e-02,3.0927402553e-02,3.0921055936e-02,3.0914080314e-02,3.0906413514e-02,3.0897987246e-02,3.0888726520e-02,3.0878548986e-02,3.0867364232e-02,3.0855073001e-02,3.0841566340e-02,3.0826724679e-02,3.0790272465e-02,3.0729184451e-02,3.0662167477e-02,3.0588661327e-02,3.0508056014e-02,3.0410721795e-02,3.0225885674e-02,3.0023983076e-02,2.9803578356e-02,2.9387989259e-02,2.8793253470e-02,2.8153312966e-02,2.7476833371e-02,2.6753083394e-02,2.6187630765e-02,2.5641427038e-02,2.5163663602e-02,2.4662617152e-02,2.4135474397e-02,2.3561069147e-02,2.2909679009e-02,2.2174154539e-02,2.1343913117e-02,2.0409709904e-02,1.9366262263e-02,1.8196175279e-02,1.6892293294e-02,1.5458736827e-02,1.3918034120e-02,1.2289563725e-02,1.0627442055e-02,9.0036311753e-03,7.4702932090e-03,6.0619904227e-03,4.7985421521e-03,3.6949811619e-03,2.7613566418e-03,1.9982738163e-03,1.3951124379e-03,9.3798028581e-04,6.0269820111e-04,3.6814648508e-04,2.1271438340e-04,1.1571780834e-04,5.8844666873e-05,2.8045184025e-05,1.2569402598e-05,5.3087876591e-06,2.1093857918e-06,7.6537809646e-07,2.1802377120e-07,0.0000000000e+00,0.0000000000e+00,0.0000000000e+00,0.0000000000e+00,0.0000000000e+00,0.0000000000e+00,0.0000000000e+00,0.0000000000e+00,0.0000000000e+00,0.0000000000e+00,0.0000000000e+00,0.0000000000e+00,0.0000000000e+00,0.0000000000e+00,0.0000000000e+00,0.0000000000e+00,0.0000000000e+00,0.0000000000e+00,0.0000000000e+00,0.0000000000e+00,0.0000000000e+00,0.0000000000e+00,0.0000000000e+00,0.0000000000e+00,0.0000000000e+00,0.0000000000e+00,0.0000000000e+00,0.0000000000e+00,0.0000000000e+00,0.0000000000e+00,0.0000000000e+00,0.0000000000e+00,0.0000000000e+00,0.0000000000e+00,0.0000000000e+00,0.0000000000e+00,0.0000000000e+00,0.0000000000e+00,0.0000000000e+00,0.0000000000e+00,0.0000000000e+00
7.3347381708e+02,2.9413664988e-02,2.9413664988e-02,2.9413664988e-02,2.9413664988e-02,2.9413664988e-02,2.9413664988e-02,2.9413664988e-02,2.9413664988e-02,2.9413664988e-02,2.9413664988e-02,2.9413664988e-02,2.9413664988e-02,2.9413664988e-02,2.9413664988e-02,2.9413664988e-02,2.9413664988e-02,2.9413664988e-02,2.9413664988e-02,2.9413664988e-02,2.9413664988e-02,2.9413664988e-02,2.9413664988e-02,2.9413664988e-02,2.9413664988e-02,2.9413664988e-02,2.9413664988e-02,2.9413664988e-02,2.9413664988e-02,2.9413664988e-02,2.9413664988e-02,2.9413664988e-02,2.9413664988e-02,2.9413664988e-02,2.9413664988e-02,2.9413664988e-02,2.9413664988e-02,2.9413664988e-02,2.9413664988e-02,2.9413664988e-02,2.9413664988e-02,2.9413664988e-02,2.9413664988e-02,2.9413664988e-02,2.9413664988e-02,2.9413664988e-02,2.9413664988e-02,2.9413664988e-02,2.9413664988e-02,2.9413664988e-02,2.9413664988e-02,2.9413664988e-02,2.9413664988e-02,2.9413664988e-02,2.9413664988e-02,2.9413664988e-02,2.9413664988e-02,2.9413664988e-02,2.9413664988e-02,2.9413664988e-02,2.9413664988e-02,2.9413664988e-02,2.9413664988e-02,2.9413664988e-02,2.9413664988e-02,2.9413664988e-02,2.9413664988e-02,2.9413664988e-02,2.9413664988e-02,2.9413664988e-02,2.9413664988e-02,2.9413664988e-02,2.9413664988e-02,2.9413664988e-02,2.9413664988e-02,2.9413664988e-02,2.9413664988e-02,2.9413664988e-02,2.9413664988e-02,2.9413664988e-02,2.9413664988e-02,2.9413664988e-02,2.9413664988e-02,2.9413664988e-02,2.9413664988e-02,2.9413664988e-02,2.9413664988e-02,2.9413664988e-02,2.9413664988e-02,2.9413664988e-02,2.9413664988e-02,2.9413664988e-02,2.9413664988e-02,2.9413664988e-02,2.9413664988e-02,2.9413664988e-02,2.9413664988e-02,2.9413181391e-02,2.9408051812e-02,2.9402413666e-02,2.9396216644e-02,2.9389405484e-02,2.9381919489e-02,2.9373691995e-02,2.9364649797e-02,2.9354712510e-02,2.9343791882e-02,2.9331791028e-02,2.9318603609e-02,2.9286191314e-02,2.9231858007e-02,2.9172243253e-02,2.9106846338e-02,2.9035121707e-02,2.8948523819e-02,2.8784255011e-02,2.8604742315e-02,2.8408687491e-02,2.8039466334e-02,2.7510805564e-02,2.6941119587e-02,2.6334567645e-02,2.5684192049e-02,2.5172081940e-02,2.4675511879e-02,2.4238735547e-02,2.3779687605e-02,2.3295545309e-02,2.2766795269e-02,2.2165816550e-02,2.1485692760e-02,2.0716086632e-02,1.9847880576e-02,1.8875499157e-02,1.7781896958e-02,1.6559307178e-02,1.5209803882e-02,1.3753013079e-02,1.2205700051e-02,1.0617500499e-02,9.0550944726e-03,7.5681185084e-03,6.1911358723e-03,4.9449600505e-03,3.8461438737e-03,2.9068017202e-03,2.1301541285e-03,1.5083443567e-03,1.0301919666e-03,6.7372013977e-04,4.1974688234e-04,2.4794254434e-04,1.3821751137e-04,7.2225756914e-05,3.5474255521e-05,1.6433063322e-05,7.1977247917e-06,2.9825636820e-06,1.1477879491e-06,3.7784450172e-07,4.5443031225e-08,0.0000000000e+00,0.0000000000e+00,0.0000000000e+00,0.0000000000e+00,0.0000000000e+00,0.0000000000e+00,0.0000000000e+00,0.0000000000e+00,0.0000000000e+00,0.0000000000e+00,0.0000000000e+00,0.0000000000e+00,0.0000000000e+00,0.0000000000e+00,0.0000000000e+00,0.0000000000e+00,0.0000000000e+00,0.0000000000e+00,0.0000000000e+00,0.0000000000e+00,0.0000000000e+00,0.0000000000e+00,0.0000000000e+00,0.0000000000e+00,0.0000000000e+00,0.0000000000e+00,0.0000000000e+00,0.0000000000e+00,0.0000000000e+00,0.0000000000e+00,0.0000000000e+00,0.0000000000e+00,0.0000000000e+00,0.0000000000e+00,0.0000000000e+00,0.0000000000e+00,0.0000000000e+00,0.0000000000e+00,0.0000000000e+00,0.0000000000e+00
7.6668220745e+02,2.7966871436e-02,2.7966871436e-02,2.7966871436e-02,2.7966871436e-02,2.7966871436e-02,2.7966871436e-02,2.7966871436e-02,2.7966871436e-02,2.7966871436e-02,2.7966871436e-02,2.7966871436e-02,2.7966871436e-02,2.7966871436e-02,2.7966871436e-02,2.7966871436e-02,2.7966871436e-02,2.7966871436e-02,2.7966871436e-02,2.7966871436e-02,2.7966871436e-02,2.7966871436e-02,2.7966871436e-02,2.7966871436e-02,2.7966871436e-02,2.7966871436e-02,2.7966871436e-02,2.7966871436e-02,2.7966871436e-02,2.7966871436e-02,2.7966871436e-02,2.7966871436e-02,2.7966871436e-02,2.7966871436e-02,2.7966871436e-02,2.7966871436e-02,2.7966871436e-02,2.7966871436e-02,2.7966871436e-02,2.7966871436e-02,2.7966871436e-02,2.7966871436e-02,2.7966871436e-02,2.7966871436e-02,2.7966871436e-02,2.7966871436e-02,2.7966871436e-02,2.7966871436e-02,2.7966871436e-02,2.7966871436e-02,2.7966871436e-02,2.7966871436e-02,2.7966871436e-02,2.7966871436e-02,2.7966871436e-02,2.7966871436e-02,2.7966871436e-02,2.7966871436e-02,2.7966871436e-02,2.7966871436e-02,2.7966871436e-02,2.7966871436e-02,2.7966871436e-02,2.7966871436e-02,2.7966871436e-02,2.7966871436e-02,2.7966871436e-02,2.7966871436e-02,2.7966871436e-02,2.7966871436e-02,2.7966871436e-02,2.7966871436e-02,2.7966871436e-02,2.7966871436e-02,2.7966871436e-02,2.7966871436e-02,2.7966871436e-02,2.7966871436e-02,2.7966871436e-02,2.7966871436e-02,2.7966871436e-02,2.7966871436e-02,2.7966871436e-02,2.7966871436e-02,2.7966871436e-02,2.7966871436e-02,2.7966871436e-02,2.7966871436e-02,2.7966871436e-02,2.7966871436e-02,2.7966871436e-02,2.7966871436e-02,2.7966871436e-02,2.7966871436e-02,2.7966871436e-02,2.7966871436e-02,2.7966871436e-02,2.7966442692e-02,2.7961894928e-02,2.7956896218e-02,2.7951401942e-02,2.7945363080e-02,2.7938725792e-02,2.7931430939e-02,2.7923413574e-02,2.7914602378e-02,2.7904919038e-02,2.7894277581e-02,2.7882583627e-02,2.7853793721e-02,2.7805506103e-02,2.7752517930e-02,2.7694382148e-02,2.7630611369e-02,2.7553625399e-02,2.7407725813e-02,2.7248223123e-02,2.7073945533e-02,2.6746151985e-02,2.6276593478e-02,2.5769893732e-02,2.5226681068e-02,2.4642994583e-02,2.4179904788e-02,2.3729211864e-02,2.3330595531e-02,2.2910751143e-02,2.2466864543e-02,2.1980968443e-02,2.1427439723e-02,2.0799611486e-02,2.0087422259e-02,1.9281922459e-02,1.8377314918e-02,1.7356951714e-02,1.6212582054e-02,1.4944479558e-02,1.3569596177e-02,1.2102256777e-02,1.0587798083e-02,9.0877967008e-03,7.6492576607e-03,6.3064409853e-03,5.0808451559e-03,3.9902291010e-03,3.0484666739e-03,2.2611268900e-03,1.6229297201e-03,1.1252910715e-03,7.4843892046e-04,4.7520366884e-04,2.8667990593e-04,1.6357567143e-04,8.7724333434e-05,4.4341593954e-05,2.1198954418e-05,9.6133153241e-06,4.1455221220e-06,1.6832216023e-06,6.1940407410e-07,1.9998143301e-07,0.0000000000e+00,0.0000000000e+00,0.0000000000e+00,0.0000000000e+00,0.0000000000e+00,0.0000000000e+00,0.0000000000e+00,0.0000000000e+00,0.0000000000e+00,0.0000000000e+00,0.0000000000e+00,0.0000000000e+00,0.0000000000e+00,0.0000000000e+00,0.0000000000e+00,0.0000000000e+00,0.0000000000e+00,0.0000000000e+00,0.0000000000e+00,0.0000000000e+00,0.0000000000e+00,0.0000000000e+00,0.0000000000e+00,0.0000000000e+00,0.0000000000e+00,0.0000000000e+00,0.0000000000e+00,0.0000000000e+00,0.0000000000e+00,0.0000000000e+00,0.0000000000e+00,0.0000000000e+00,0.0000000000e+00,0.0000000000e+00,0.0000000000e+00,0.0000000000e+00,0.0000000000e+00,0.0000000000e+00,0.0000000000e+00,0.0000000000e+00
8.0139412415e+02,2.6535645216e-02,2.6535645216e-02,2.6535645216e-02,2.6535645216e-02,2.6535645216e-02,2.6535645216e-02,2.6535645216e-02,2.6535645216e-02,2.6535645216e-02,2.6535645216e-02,2.6535645216e-02,2.6535645216e-02,2.6535645216e-02,2.6535645216e-02,2.6535645216e-02,2.6535645216e-02,2.6535645216e-02,2.6535645216e-02,2.6535645216e-02,2.6535645216e-02,2.6535645216e-02,2.6535645216e-02,2.6535645216e-02,2.6535645216e-02,2.6535645216e-02,2.6535645216e-02,2.6535645216e-02,2.6535645216e-02,2.6535645216e-02,2.6535645216e-02,2.6535645216e-02,2.6535645216e-02,2.6535645216e-02,2.6535645216e-02,2.6535645216e-02,2.6535645216e-02,2.6535645216e-02,2.6535645216e-02,2.6535645216e-02,2.6535645216e-02,2.6535645216e-02,2.6535645216e-02,2.6535645216e-02,2.6535645216e-02,2.6535645216e-02,2.6535645216e-02,2.6535645216e-02,2.6535645216e-02,2.6535645216e-02,2.6535645216e-02,2.6535645216e-02,2.6535645216e-02,2.6535645216e-02,2.6535645216e-02,2.6535645216e-02,2.6535645216e-02,2.6535645216e-02,2.6535645216e-02,2.6535645216e-02,2.6535645216e-02,2.6535645216e-02,2.6535645216e-02,2.6535645216e-02,2.6535645216e-02,2.6535645216e-02,2.6535645216e-02,2.6535645216e-02,2.6535645216e-02,2.6535645216e-02,2.6535645216e-02,2.6535645216e-02,2.6535645216e-02,2.6535645216e-02,2.6535645216e-02,2.6535645216e-02,2.6535645216e-02,2.6535645216e-02,2.6535645216e-02,2.6535645216e-02,2.6535645216e-02,2.6535645216e-02,2.6535645216e-02,2.6535645216e-02,2.6535645216e-02,2.6535645216e-02,2.6535645216e-02,2.6535645216e-02,2.6535645216e-02,2.6535645216e-02,2.6535645216e-02,2.6535645216e-02,2.6535645216e-02,2.6535645216e-02,2.6535645216e-02,2.6535645216e-02,2.6535645216e-02,2.6535645216e-02,2.6535645216e-02,2.6532056463e-02,2.6525842644e-02,2.6519013191e-02,2.6511507294e-02,2.6503258171e-02,2.6494192499e-02,2.6484229774e-02,2.6473281621e-02,2.6461251043e-02,2.6448031592e-02,2.6433506472e-02,2.6416588874e-02,2.6358153023e-02,2.6294060998e-02,2.6223781555e-02,2.6146736922e-02,2.6062299444e-02,2.5902449542e-02,2.5686978453e-02,2.5452169105e-02,2.5180460782e-02,2.4691462835e-02,2.4164836334e-02,2.3670998521e-02,2.3239999564e-02,2.2814451296e-02,2.2446958694e-02,2.2061839458e-02,2.1656074484e-02,2.1204691775e-02,2.0693877518e-02,2.0114961583e-02,1.9458052436e-02,1.8714352071e-02,1.7874621593e-02,1.6926346378e-02,1.5851089126e-02,1.4665544870e-02,1.3370536812e-02,1.1979927018e-02,1.0540542644e-02,9.1024499482e-03,7.7140384622e-03,6.4078862272e-03,5.2058341288e-03,4.1267287062e-03,3.1856747493e-03,2.3905411498e-03,1.7382380938e-03,1.2227300631e-03,8.2646725734e-04,5.3430698561e-04,3.2892698206e-04,1.9192484735e-04,1.0548504298e-04,5.4795009225e-05,2.6989100393e-05,1.2639822193e-05,5.6440080305e-06,2.3820154369e-06,9.2045585396e-07,2.9762075088e-07,2.0060047191e-08,0.0000000000e+00,0.0000000000e+00,0.0000000000e+00,0.0000000000e+00,0.0000000000e+00,0.0000000000e+00,0.0000000000e+00,0.0000000000e+00,0.0000000000e+00,0.0000000000e+00,0.0000000000e+00,0.0000000000e+00,0.0000000000e+00,0.0000000000e+00,0.0000000000e+00,0.0000000000e+00,0.0000000000e+00,0.0000000000e+00,0.0000000000e+00,0.0000000000e+00,0.0000000000e+00,0.0000000000e+00,0.0000000000e+00,0.0000000000e+00,0.0000000000e+00,0.0000000000e+00,0.0000000000e+00,0.0000000000e+00,0.0000000000e+00,0.0000000000e+00,0.0000000000e+00,0.0000000000e+00,0.0000000000e+00,0.0000000000e+00,0.0000000000e+00,0.0000000000e+00,0.0000000000e+00,0.0000000000e+00,0.0000000000e+00
8.3767764007e+02,2.5231692692e-02,2.5231692692e-02,2.5231692692e-02,2.5231692692e-02,2.5231692692e-02,2.5231692692e-02,2.5231692692e-02,2.5231692692e-02,2.5231692692e-02,2.5231692692e-02,2.5231692692e-02,2.5231692692e-02,2.5231692692e-02,2.5231692692e-02,2.5231692692e-02,2.5231692692e-02,2.5231692692e-02,2.5231692692e-02,2.5231692692e-02,2.5231692692e-02,2.5231692692e-02,2.5231692692e-02,2.5231692692e-02,2.5231692692e-02,2.5231692692e-02,2.5231692692e-02,2.5231692692e-02,2.5231692692e-02,2.5231692692e-02,2.5231692692e-02,2.5231692692e-02,2.5231692692e-02,2.5231692692e-02,2.5231692692e-02,2.5231692692e-02,2.5231692692e-02,2.5231692692e-02,2.5231692692e-02,2.5231692692e-02,2.5231692692e-02,2.5231692692e-02,2.5231692692e-02,2.5231692692e-02,2.5231692692e-02,2.5231692692e-02,2.5231692692e-02,2.5231692692e-02,2.5231692692e-02,2.5231692692e-02,2.5231692692e-02,2.5231692692e-02,2.5231692692e-02,2.5231692692e-02,2.5231692692e-02,2.5231692692e-02,2.5231692692e-02,2.5231692692e-02,2.5231692692e-02,2.5231692692e-02,2.5231692692e-02,2.5231692692e-02,2.5231692692e-02,2.5231692692e-02,2.5231692692e-02,2.5231692692e-02,2.5231692692e-02,2.5231692692e-02,2.5231692692e-02,2.5231692692e-02,2.5231692692e-02,2.5231692692e-02,2.5231692692e-02,2.5231692692e-02,2.5231692692e-02,2.5231692692e-02,2.5231692692e-02,2.5231692692e-02,2.5231692692e-02,2.5231692692e-02,2.5231692692e-02,2.5231692692e-02,2.5231692692e-02,2.5231692692e-02,2.5231692692e-02,2.5231692692e-02,2.5231692692e-02,2.5231692692e-02,2.5231692692e-02,2.5231692692e-02,2.5231692692e-02,2.5231692692e-02,2.5231692692e-02,2.5231692692e-02,2.5231692692e-02,2.5231692692e-02,2.5231692692e-02,2.5231692692e-02,2.5231692692e-02,2.5228518892e-02,2.5223023482e-02,2.5216983510e-02,2.5210345164e-02,2.5203049347e-02,2.5195031160e-02,2.5186219348e-02,2.5176535680e-02,2.5165894281e-02,2.5154200899e-02,2.5141352104e-02,2.5126383049e-02,2.5074544343e-02,2.5017679110e-02,2.4955313387e-02,2.4886931311e-02,2.4811972004e-02,2.4670271987e-02,2.4479258847e-02,2.4270975642e-02,2.4029745869e-02,2.3594587280e-02,2.3125285809e-02,2.2683108320e-02,2.2294369613e-02,2.1909547604e-02,2.1575411364e-02,2.1224381624e-02,2.0853670656e-02,2.0440153690e-02,1.9971220732e-02,1.9438579676e-02,1.8832725613e-02,1.8145063611e-02,1.7366492119e-02,1.6484733796e-02,1.5481688564e-02,1.4371636848e-02,1.3153950058e-02,1.1840287359e-02,1.0473319598e-02,9.0986492250e-03,7.7618147585e-03,6.4945922073e-03,5.3189709714e-03,4.2544387548e-03,3.3172908774e-03,2.5172154666e-03,1.8533000904e-03,1.3218116914e-03,9.0733629095e-04,5.9680587904e-04,3.7456553031e-04,2.2330735921e-04,1.2568420798e-04,6.7006784097e-05,3.3954730450e-05,1.6398834971e-05,7.5715129746e-06,3.3178652610e-06,1.3460591854e-06,4.8040868176e-07,9.9891768123e-08,0.0000000000e+00,0.0000000000e+00,0.0000000000e+00,0.0000000000e+00,0.0000000000e+00,0.0000000000e+00,0.0000000000e+00,0.0000000000e+00,0.0000000000e+00,0.0000000000e+00,0.0000000000e+00,0.0000000000e+00,0.0000000000e+00,0.0000000000e+00,0.0000000000e+00,0.0000000000e+00,0.0000000000e+00,0.0000000000e+00,0.0000000000e+00,0.0000000000e+00,0.0000000000e+00,0.0000000000e+00,0.0000000000e+00,0.0000000000e+00,0.0000000000e+00,0.0000000000e+00,0.0000000000e+00,0.0000000000e+00,0.0000000000e+00,0.0000000000e+00,0.0000000000e+00,0.0000000000e+00,0.0000000000e+00,0.0000000000e+00,0.0000000000e+00,0.0000000000e+00,0.0000000000e+00,0.0000000000e+00,0.0000000000e+00
8.7560391014e+02,2.4071947277e-02,2.4071947277e-02,2.4071947277e-02,2.4071947277e-02,2.4071947277e-02,2.4071947277e-02,2.4071947277e-02,2.4071947277e-02,2.4071947277e-02,2.4071947277e-02,2.4071947277e-02,2.4071947277e-02,2.4071947277e-02,2.4071947277e-02,2.4071947277e-02,2.4071947277e-02,2.4071947277e-02,2.4071947277e-02,2.4071947277e-02,2.4071947277e-02,2.4071947277e-02,2.4071947277e-02,2.4071947277e-02,2.4071947277e-02,2.4071947277e-02,2.4071947277e-02,2.4071947277e-02,2.4071947277e-02,2.4071947277e-02,2.4071947277e-02,2.4071947277e-02,2.4071947277e-02,2.4071947277e-02,2.4071947277e-02,2.4071947277e-02,2.4071947277e-02,2.4071947277e-02,2.4071947277e-02,2.4071947277e-02,2.4071947277e-02,2.4071947277e-02,2.4071947277e-02,2.4071947277e-02,2.4071947277e-02,2.4071947277e-02,2.4071947277e-02,2.4071947277e-02,2.4071947277e-02,2.4071947277e-02,2.4071947277e-02,2.4071947277e-02,2.4071947277e-02,2.4071947277e-02,2.4071947277e-02,2.4071947277e-02,2.4071947277e-02,2.4071947277e-02,2.4071947277e-02,2.4071947277e-02,2.4071947277e-02,2.4071947277e-02,2.4071947277e-02,2.4071947277e-02,2.4071947277e-02,2.4071947277e-02,2.4071947277e-02,2.4071947277e-02,2.4071947277e-02,2.4071947277e-02,2.4071947277e-02,2.4071947277e-02,2.4071947277e-02,2.4071947277e-02,2.4071947277e-02,2.4071947277e-02,2.4071947277e-02,2.4071947277e-02,2.4071947277e-02,2.4071947277e-02,2.4071947277e-02,2.4071947277e-02,2.4071947277e-02,2.4071947277e-02,2.4071947277e-02,2.4071947277e-02,2.4071947277e-02,2.4071947277e-02,2.4071947277e-02,2.4071947277e-02,2.4071947277e-02,2.4071947277e-02,2.4071947277e-02,2.4071947277e-02,2.4071947277e-02,2.4071947277e-02,2.4071947277e-02,2.4071947277e-02,2.4071947277e-02,2.4071947277e-02,2.4070918817e-02,2.4063586313e-02,2.4055527937e-02,2.4046672113e-02,2.4036940267e-02,2.4026246151e-02,2.4014495116e-02,2.4001583303e-02,2.3987396773e-02,2.3971810553e-02,2.3954687601e-02,2.3935877678e-02,2.3891270233e-02,2.3821761361e-02,2.3745580446e-02,2.3662112415e-02,2.3570690754e-02,2.3443007307e-02,2.3148055819e-02,2.2828082782e-02,2.2481423456e-02,2.2119104267e-02,2.1736138388e-02,2.1322773635e-02,2.1027751370e-02,2.0716359490e-02,2.0401257436e-02,2.0063909964e-02,1.9684374657e-02,1.9255047960e-02,1.8768079044e-02,1.8213685561e-02,1.7579556527e-02,1.6856278914e-02,1.6034173781e-02,1.5101102069e-02,1.4064138454e-02,1.2919103010e-02,1.1683636432e-02,1.0386760974e-02,9.0762445718e-03,7.7922536585e-03,6.5659143368e-03,5.4194408783e-03,4.3725201477e-03,3.4424136968e-03,2.6403493097e-03,1.9673999996e-03,1.4219775799e-03,9.9067909209e-04,6.6251572030e-04,4.2359668684e-04,2.5779724144e-04,1.4841426922e-04,8.1037966074e-05,4.2177848865e-05,2.0980125462e-05,1.0004358231e-05,4.5482208959e-06,1.9376863245e-06,7.6159142213e-07,2.5315200245e-07,2.5204035125e-08,0.0000000000e+00,0.0000000000e+00,0.0000000000e+00,0.0000000000e+00,0.0000000000e+00,0.0000000000e+00,0.0000000000e+00,0.0000000000e+00,0.0000000000e+00,0.0000000000e+00,0.0000000000e+00,0.0000000000e+00,0.0000000000e+00,0.0000000000e+00,0.0000000000e+00,0.0000000000e+00,0.0000000000e+00,0.0000000000e+00,0.0000000000e+00,0.0000000000e+00,0.0000000000e+00,0.0000000000e+00,0.0000000000e+00,0.0000000000e+00,0.0000000000e+00,0.0000000000e+00,0.0000000000e+00,0.0000000000e+00,0.0000000000e+00,0.0000000000e+00,0.0000000000e+00,0.0000000000e+00,0.0000000000e+00,0.0000000000e+00,0.0000000000e+00,0.0000000000e+00,0.0000000000e+00,0.0000000000e+00
9.1524731088e+02,2.2877998263e-02,2.2877998263e-02,2.2877998263e-02,2.2877998263e-02,2.2877998263e-02,2.2877998263e-02,2.2877998263e-02,2.2877998263e-02,2.2877998263e-02,2.2877998263e-02,2.2877998263e-02,2.2877998263e-02,2.2877998263e-02,2.2877998263e-02,2.2877998263e-02,2.2877998263e-02,2.2877998263e-02,2.2877998263e-02,2.2877998263e-02,2.2877998263e-02,2.2877998263e-02,2.2877998263e-02,2.2877998263e-02,2.2877998263e-02,2.2877998263e-02,2.2877998263e-02,2.2877998263e-02,2.2877998263e-02,2.2877998263e-02,2.2877998263e-02,2.2877998263e-02,2.2877998263e-02,2.2877998263e-02,2.2877998263e-02,2.2877998263e-02,2.2877998263e-02,2.2877998263e-02,2.2877998263e-02,2.2877998263e-02,2.2877998263e-02,2.2877998263e-02,2.2877998263e-02,2.2877998263e-02,2.2877998263e-02,2.2877998263e-02,2.2877998263e-02,2.2877998263e-02,2.2877998263e-02,2.2877998263e-02,2.2877998263e-02,2.2877998263e-02,2.2877998263e-02,2.2877998263e-02,2.2877998263e-02,2.2877998263e-02,2.2877998263e-02,2.2877998263e-02,2.2877998263e-02,2.2877998263e-02,2.2877998263e-02,2.2877998263e-02,2.2877998263e-02,2.2877998263e-02,2.2877998263e-02,2.2877998263e-02,2.2877998263e-02,2.2877998263e-02,2.2877998263e-02,2.2877998263e-02,2.2877998263e-02,2.2877998263e-02,2.2877998263e-02,2.2877998263e-02,2.2877998263e-02,2.2877998263e-02,2.2877998263e-02,2.2877998263e-02,2.2877998263e-02,2.2877998263e-02,2.2877998263e-02,2.2877998263e-02,2.2877998263e-02,2.2877998263e-02,2.2877998263e-02,2.2877998263e-02,2.2877998263e-02,2.2877998263e-02,2.2877998263e-02,2.2877998263e-02,2.2877998263e-02,2.2877998263e-02,2.2877998263e-02,2.2877998263e-02,2.2877998263e-02,2.2877998263e-02,2.2877998263e-02,2.2877998263e-02,2.2877998263e-02,2.2877998263e-02,2.2877090349e-02,2.2870617213e-02,2.2863503115e-02,2.2855684818e-02,2.2847092895e-02,2.2837651132e-02,2.2827275876e-02,2.2815875326e-02,2.2803348756e-02,2.2789585665e-02,2.2774464861e-02,2.2757853453e-02,2.2718374100e-02,2.2656813236e-02,2.2589329067e-02,2.2515372589e-02,2.2434348258e-02,2.2321267749e-02,2.2060403435e-02,2.1777140131e-02,2.1469931311e-02,2.1147029326e-02,2.0804318732e-02,2.0433967045e-02,2.0167291597e-02,1.9885416120e-02,1.9599024879e-02,1.9291896800e-02,1.8945320930e-02,1.8552505140e-02,1.8105979895e-02,1.7596402305e-02,1.7012025308e-02,1.6343648370e-02,1.5581754577e-02,1.4714333036e-02,1.3746844671e-02,1.2674123715e-02,1.1511518824e-02,1.0284842047e-02,9.0375405461e-03,7.8069964078e-03,6.6231818681e-03,5.5080026855e-03,4.4812957598e-03,3.5609954522e-03,2.7596409708e-03,2.0800646991e-03,1.5226403941e-03,1.0759400457e-03,7.3099714977e-04,4.7569410352e-04,2.9523769080e-04,1.7372487875e-04,9.7175075688e-05,5.1903330615e-05,2.6545142548e-05,1.3041964592e-05,6.1239137833e-06,2.7053489828e-06,1.1125952542e-06,4.0289710866e-07,8.3510602352e-08,0.0000000000e+00,0.0000000000e+00,0.0000000000e+00,0.0000000000e+00,0.0000000000e+00,0.0000000000e+00,0.0000000000e+00,0.0000000000e+00,0.0000000000e+00,0.0000000000e+00,0.0000000000e+00,0.0000000000e+00,0.0000000000e+00,0.0000000000e+00,0.0000000000e+00,0.0000000000e+00,0.0000000000e+00,0.0000000000e+00,0.0000000000e+00,0.0000000000e+00,0.0000000000e+00,0.0000000000e+00,0.0000000000e+00,0.0000000000e+00,0.0000000000e+00,0.0000000000e+00,0.0000000000e+00,0.0000000000e+00,0.0000000000e+00,0.0000000000e+00,0.0000000000e+00,0.0000000000e+00,0.0000000000e+00,0.0000000000e+00,0.0000000000e+00,0.0000000000e+00,0.0000000000e+00,0.0000000000e+00
9.5668558622e+02,2.1740518844e-02,2.1740518844e-02,2.1740518844e-02,2.1740518844e-02,2.1740518844e-02,2.1740518844e-02,2.1740518844e-02,2.1740518844e-02,2.1740518844e-02,2.1740518844e-02,2.1740518844e-02,2.1740518844e-02,2.1740518844e-02,2.1740518844e-02,2.1740518844e-02,2.1740518844e-02,2.1740518844e-02,2.1740518844e-02,2.1740518844e-02,2.1740518844e-02,2.1740518844e-02,2.1740518844e-02,2.1740518844e-02,2.1740518844e-02,2.1740518844e-02,2.1740518844e-02,2.1740518844e-02,2.1740518844e-02,2.1740518844e-02,2.1740518844e-02,2.1740518844e-02,2.1740518844e-02,2.1740518844e-02,2.1740518844e-02,2.1740518844e-02,2.1740518844e-02,2.1740518844e-02,2.1740518844e-02,2.1740518844e-02,2.1740518844e-02,2.1740518844e-02,2.1740518844e-02,2.1740518844e-02,2.1740518844e-02,2.1740518844e-02,2.1740518844e-02,2.1740518844e-02,2.1740518844e-02,2.1740518844e-02,2.1740518844e-02,2.1740518844e-02,2.1740518844e-02,2.1740518844e-02,2.1740518844e-02,2.1740518844e-02,2.1740518844e-02,2.1740518844e-02,2.1740518844e-02,2.1740518844e-02,2.1740518844e-02,2.1740518844e-02,2.1740518844e-02,2.1740518844e-02,2.1740518844e-02,2.1740518844e-02,2.1740518844e-02,2.1740518844e-02,2.1740518844e-02,2.1740518844e-02,2.1740518844e-02,2.1740518844e-02,2.1740518844e-02,2.1740518844e-02,2.1740518844e-02,2.1740518844e-02,2.1740518844e-02,2.1740518844e-02,2.1740518844e-02,2.1740518844e-02,2.1740518844e-02,2.1740518844e-02,2.1740518844e-02,2.1740518844e-02,2.1740518844e-02,2.1740518844e-02,2.1740518844e-02,2.1740518844e-02,2.1740518844e-02,2.1740518844e-02,2.1740518844e-02,2.1740518844e-02,2.1740518844e-02,2.1740518844e-02,2.1740518844e-02,2.1740518844e-02,2.1740518844e-02,2.1740518844e-02,2.1740518844e-02,2.1740518844e-02,2.1739718822e-02,2.1734014859e-02,2.1727745960e-02,2.1720856362e-02,2.1713284835e-02,2.1704964158e-02,2.1695820541e-02,2.1685772993e-02,2.1674732637e-02,2.1662601960e-02,2.1649273991e-02,2.1634631413e-02,2.1599727520e-02,2.1545252831e-02,2.1485524860e-02,2.1420054247e-02,2.1348309627e-02,2.1248252090e-02,2.1017743877e-02,2.0767220323e-02,2.0495252936e-02,2.0207861401e-02,1.9901652381e-02,1.9570374546e-02,1.9329737883e-02,1.9075031681e-02,1.8815177010e-02,1.8536037388e-02,1.8220082125e-02,1.7861267108e-02,1.7452505433e-02,1.6984898706e-02,1.6447267680e-02,1.5830658798e-02,1.5125759945e-02,1.4320758243e-02,1.3419695469e-02,1.2416575037e-02,1.1324640519e-02,1.0166700226e-02,8.9821190065e-03,7.8055255809e-03,6.6655988293e-03,5.5837558168e-03,4.5797734727e-03,3.6720244888e-03,2.8741182487e-03,2.1904348597e-03,1.6231254582e-03,1.1626334977e-03,8.0195221760e-04,5.3074941152e-04,3.3564556589e-04,2.0167075000e-04,1.1543320777e-04,6.3194234537e-05,3.3186394961e-05,1.6775546727e-05,8.1230181664e-06,3.7139105259e-06,1.5925155058e-06,6.1844620949e-07,1.7530092916e-07,0.0000000000e+00,0.0000000000e+00,0.0000000000e+00,0.0000000000e+00,0.0000000000e+00,0.0000000000e+00,0.0000000000e+00,0.0000000000e+00,0.0000000000e+00,0.0000000000e+00,0.0000000000e+00,0.0000000000e+00,0.0000000000e+00,0.0000000000e+00,0.0000000000e+00,0.0000000000e+00,0.0000000000e+00,0.0000000000e+00,0.0000000000e+00,0.0000000000e+00,0.0000000000e+00,0.0000000000e+00,0.0000000000e+00,0.0000000000e+00,0.0000000000e+00,0.0000000000e+00,0.0000000000e+00,0.0000000000e+00,0.0000000000e+00,0.0000000000e+00,0.0000000000e+00,0.0000000000e+00,0.0000000000e+00,0.0000000000e+00,0.0000000000e+00,0.0000000000e+00,0.0000000000e+00,0.0000000000e+00
1.0000000000e+03,2.0615170583e-02,2.0615170583e-02,2.0615170583e-02,2.0615170583e-02,2.0615170583e-02,2.0615170583e-02,2.0615170583e-02,2.0615170583e-02,2.0615170583e-02,2.0615170583e-02,2.0615170583e-02,2.0615170583e-02,2.0615170583e-02,2.0615170583e-02,2.0615170583e-02,2.0615170583e-02,2.0615170583e-02,2.0615170583e-02,2.0615170583e-02,2.0615170583e-02,2.0615170583e-02,2.0615170583e-02,2.0615170583e-02,2.0615170583e-02,2.0615170583e-02,2.0615170583e-02,2.0615170583e-02,2.0615170583e-02,2.0615170583e-02,2.0615170583e-02,2.0615170583e-02,2.0615170583e-02,2.0615170583e-02,2.0615170583e-02,2.0615170583e-02,2.0615170583e-02,2.0615170583e-02,2.0615170583e-02,2.0615170583e-02,2.0615170583e-02,2.0615170583e-02,2.0615170583e-02,2.0615170583e-02,2.0615170583e-02,2.0615170583e-02,2.0615170583e-02,2.0615170583e-02,2.0615170583e-02,2.0615170583e-02,2.0615170583e-02,2.0615170583e-02,2.0615170583e-02,2.0615170583e-02,2.0615170583e-02,2.0615170583e-02,2.0615170583e-02,2.0615170583e-02,2.0615170583e-02,2.0615170583e-02,2.0615170583e-02,2.0615170583e-02,2.0615170583e-02,2.0615170583e-02,2.0615170583e-02,2.0615170583e-02,2.0615170583e-02,2.0615170583e-02,2.0615170583e-02,2.0615170583e-02,2.0615170583e-02,2.0615170583e-02,2.0615170583e-02,2.0615170583e-02,2.0615170583e-02,2.0615170583e-02,2.0615170583e-02,2.0615170583e-02,2.0615170583e-02,2.0615170583e-02,2.0615170583e-02,2.0615170583e-02,2.0615170583e-02,2.0615170583e-02,2.0615170583e-02,2.0615170583e-02,2.0615170583e-02,2.0615170583e-02,2.0615170583e-02,2.0615170583e-02,2.0615170583e-02,2.0615170583e-02,2.0615170583e-02,2.0615170583e-02,2.0615170583e-02,2.0615170583e-02,2.0615170583e-02,2.0615170583e-02,2.0615170583e-02,2.0615170583e-02,2.0615170583e-02,2.0615170583e-02,2.0610059098e-02,2.0601833074e-02,2.0592793622e-02,2.0582860719e-02,2.0571946557e-02,2.0559954802e-02,2.0546779790e-02,2.0532305643e-02,2.0516405324e-02,2.0498939592e-02,2.0479755877e-02,2.0455677008e-02,2.0389454538e-02,2.0316900541e-02,2.0237436533e-02,2.0150436753e-02,2.0055225478e-02,1.9851271554e-02,1.9580956742e-02,1.9288033056e-02,1.8986173452e-02,1.8766625818e-02,1.8528195630e-02,1.8289855332e-02,1.8054648675e-02,1.7796609113e-02,1.7511660307e-02,1.7183584527e-02,1.6812771733e-02,1.6379236429e-02,1.5882785714e-02,1.5315427169e-02,1.4665025342e-02,1.3921700281e-02,1.3084175963e-02,1.2149168012e-02,1.1122506702e-02,1.0033481415e-02,8.9117593957e-03,7.7889449918e-03,6.6941032339e-03,5.6467922176e-03,4.6679185049e-03,3.7751082480e-03,2.9831747655e-03,2.2978640068e-03,1.7228897649e-03,1.2502815898e-03,8.7506595153e-04,5.8860718224e-04,3.7902180805e-04,2.3235415913e-04,1.3595949475e-04,7.6146474075e-05,4.0938642662e-05,2.1262982239e-05,1.0606404497e-05,5.0164672946e-06,2.2460373859e-06,9.4168860635e-07,3.4961301955e-07,8.0663339851e-08,0.0000000000e+00,0.0000000000e+00,0.0000000000e+00,0.0000000000e+00,0.0000000000e+00,0.0000000000e+00,0.0000000000e+00,0.0000000000e+00,0.0000000000e+00,0.0000000000e+00,0.0000000000e+00,0.0000000000e+00,0.0000000000e+00,0.0000000000e+00,0.0000000000e+00,0.0000000000e+00,0.0000000000e+00,0.0000000000e+00,0.0000000000e+00,0.0000000000e+00,0.0000000000e+00,0.0000000000e+00,0.0000000000e+00,0.0000000000e+00,0.0000000000e+00,0.0000000000e+00,0.0000000000e+00,0.0000000000e+00,0.0000000000e+00,0.0000000000e+00,0.0000000000e+00,0.0000000000e+00,0.0000000000e+00,0.0000000000e+00,0.0000000000e+00,0.0000000000e+00,0.0000000000e+00
1.0452754953e+03,1.9587200898e-02,1.9587200898e-02,1.9587200898e-02,1.9587200898e-02,1.9587200898e-02,1.9587200898e-02,1.9587200898e-02,1.9587200898e-02,1.9587200898e-02,1.9587200898e-02,1.9587200898e-02,1.9587200898e-02,1.9587200898e-02,1.9587200898e-02,1.9587200898e-02,1.9587200898e-02,1.9587200898e-02,1.9587200898e-02,1.9587200898e-02,1.9587200898e-02,1.9587200898e-02,1.9587200898e-02,1.9587200898e-02,1.9587200898e-02,1.9587200898e-02,1.9587200898e-02,1.9587200898e-02,1.9587200898e-02,1.9587200898e-02,1.9587200898e-02,1.9587200898e-02,1.9587200898e-02,1.9587200898e-02,1.9587200898e-02,1.9587200898e-02,1.9587200898e-02,1.9587200898e-02,1.9587200898e-02,1.9587200898e-02,1.9587200898e-02,1.9587200898e-02,1.9587200898e-02,1.9587200898e-02,1.9587200898e-02,1.9587200898e-02,1.9587200898e-02,1.9587200898e-02,1.9587200898e-02,1.9587200898e-02,1.9587200898e-02,1.9587200898e-02,1.9587200898e-02,1.9587200898e-02,1.9587200898e-02,1.9587200898e-02,1.9587200898e-02,1.9587200898e-02,1.9587200898e-02,1.9587200898e-02,1.9587200898e-02,1.9587200898e-02,1.9587200898e-02,1.9587200898e-02,1.9587200898e-02,1.9587200898e-02,1.9587200898e-02,1.9587200898e-02,1.9587200898e-02,1.9587200898e-02,1.9587200898e-02,1.9587200898e-02,1.9587200898e-02,1.9587200898e-02,1.9587200898e-02,1.9587200898e-02,1.9587200898e-02,1.9587200898e-02,1.9587200898e-02,1.9587200898e-02,1.9587200898e-02,1.9587200898e-02,1.9587200898e-02,1.9587200898e-02,1.9587200898e-02,1.9587200898e-02,1.9587200898e-02,1.9587200898e-02,1.9587200898e-02,1.9587200898e-02,1.9587200898e-02,1.9587200898e-02,1.9587200898e-02,1.9587200898e-02,1.9587200898e-02,1.9587200898e-02,1.9587200898e-02,1.9587200898e-02,1.9587200898e-02,1.9587200898e-02,1.9587200898e-02,1.9587200898e-02,1.9582701615e-02,1.9575460649e-02,1.9567503416e-02,1.9558759401e-02,1.9549151219e-02,1.9538593955e-02,1.9526994455e-02,1.9514250546e-02,1.9500250187e-02,1.9484870547e-02,1.9467977010e-02,1.9446760902e-02,1.9388284886e-02,1.9324202438e-02,1.9253998088e-02,1.9177113545e-02,1.9092945114e-02,1.8912646539e-02,1.8673502554e-02,1.8414088701e-02,1.8146222519e-02,1.7949403889e-02,1.7735494758e-02,1.7520917077e-02,1.7308276419e-02,1.7074533187e-02,1.6815678118e-02,1.6516986189e-02,1.6178718988e-02,1.5782149498e-02,1.5326891606e-02,1.4805241046e-02,1.4205566061e-02,1.3518129509e-02,1.2740893665e-02,1.1869799373e-02,1.0909225230e-02,9.8853646210e-03,8.8246573819e-03,7.7560059645e-03,6.7069551986e-03,5.6963027883e-03,4.7445277853e-03,3.8692822784e-03,3.0859924632e-03,2.4015373045e-03,1.8210369912e-03,1.3381516745e-03,9.4969151828e-04,6.4875906509e-04,4.2497985835e-04,2.6553976720e-04,1.5867529973e-04,9.0932866441e-05,5.0111330657e-05,2.6706122409e-05,1.3694151090e-05,6.6745669025e-06,3.0892634143e-06,1.3467678290e-06,5.3137221128e-07,1.5590478865e-07,0.0000000000e+00,0.0000000000e+00,0.0000000000e+00,0.0000000000e+00,0.0000000000e+00,0.0000000000e+00,0.0000000000e+00,0.0000000000e+00,0.0000000000e+00,0.0000000000e+00,0.0000000000e+00,0.0000000000e+00,0.0000000000e+00,0.0000000000e+00,0.0000000000e+00,0.0000000000e+00,0.0000000000e+00,0.0000000000e+00,0.0000000000e+00,0.0000000000e+00,0.0000000000e+00,0.0000000000e+00,0.0000000000e+00,0.0000000000e+00,0.0000000000e+00,0.0000000000e+00,0.0000000000e+00,0.0000000000e+00,0.0000000000e+00,0.0000000000e+00,0.0000000000e+00,0.0000000000e+00,0.0000000000e+00,0.0000000000e+00,0.0000000000e+00,0.0000000000e+00,0.0000000000e+00
1.0926008611e+03,1.8607014456e-02,1.8607014456e-02,1.8607014456e-02,1.8607014456e-02,1.8607014456e-02,1.8607014456e-02,1.8607014456e-02,1.8607014456e-02,1.8607014456e-02,1.8607014456e-02,1.8607014456e-02,1.8607014456e-02,1.8607014456e-02,1.8607014456e-02,1.8607014456e-02,1.8607014456e-02,1.8607014456e-02,1.8607014456e-02,1.8607014456e-02,1.8607014456e-02,1.8607014456e-02,1.8607014456e-02,1.8607014456e-02,1.8607014456e-02,1.8607014456e-02,1.8607014456e-02,1.8607014456e-02,1.8607014456e-02,1.8607014456e-02,1.8607014456e-02,1.8607014456e-02,1.8607014456e-02,1.8607014456e-02,1.8607014456e-02,1.8607014456e-02,1.8607014456e-02,1.8607014456e-02,1.8607014456e-02,1.8607014456e-02,1.8607014456e-02,1.8607014456e-02,1.8607014456e-02,1.8607014456e-02,1.8607014456e-02,1.8607014456e-02,1.8607014456e-02,1.8607014456e-02,1.8607014456e-02,1.8607014456e-02,1.8607014456e-02,1.8607014456e-02,1.8607014456e-02,1.8607014456e-02,1.8607014456e-02,1.8607014456e-02,1.8607014456e-02,1.8607014456e-02,1.8607014456e-02,1.8607014456e-02,1.8607014456e-02,1.8607014456e-02,1.8607014456e-02,1.8607014456e-02,1.8607014456e-02,1.8607014456e-02,1.8607014456e-02,1.8607014456e-02,1.8607014456e-02,1.8607014456e-02,1.8607014456e-02,1.8607014456e-02,1.8607014456e-02,1.8607014456e-02,1.8607014456e-02,1.8607014456e-02,1.8607014456e-02,1.8607014456e-02,1.8607014456e-02,1.8607014456e-02,1.8607014456e-02,1.8607014456e-02,1.8607014456e-02,1.8607014456e-02,1.8607014456e-02,1.8607014456e-02,1.8607014456e-02,1.8607014456e-02,1.8607014456e-02,1.8607014456e-02,1.8607014456e-02,1.8607014456e-02,1.8607014456e-02,1.8607014456e-02,1.8607014456e-02,1.8607014456e-02,1.8607014456e-02,1.8607014456e-02,1.8607014456e-02,1.8607014456e-02,1.8607014456e-02,1.8607014456e-02,1.8603061286e-02,1.8596699068e-02,1.8589707304e-02,1.8582023974e-02,1.8573581006e-02,1.8564303696e-02,1.8554110075e-02,1.8542910225e-02,1.8530605523e-02,1.8517087830e-02,1.8502238595e-02,1.8483576272e-02,1.8431989929e-02,1.8375444848e-02,1.8313482431e-02,1.8245605416e-02,1.8171275413e-02,1.8012084641e-02,1.7800795203e-02,1.7571374125e-02,1.7334020787e-02,1.7157894541e-02,1.6966335362e-02,1.6773495927e-02,1.6581590759e-02,1.6370220010e-02,1.6135462013e-02,1.5863972981e-02,1.5555908317e-02,1.5193751557e-02,1.4776960208e-02,1.4298136146e-02,1.3746165413e-02,1.3111509795e-02,1.2391502967e-02,1.1581446698e-02,1.0684426390e-02,9.7237620900e-03,8.7228890775e-03,7.7081056032e-03,6.7053740358e-03,5.7326260565e-03,4.8097685388e-03,3.9543005641e-03,3.1820566820e-03,2.5008520370e-03,1.9170251193e-03,1.4257338893e-03,1.0254576924e-03,7.1098209711e-04,4.7345353862e-04,3.0127373550e-04,1.8368068857e-04,1.0759460747e-04,6.0703525257e-05,3.3153762671e-05,1.7452606918e-05,8.7533562408e-06,4.1810175693e-06,1.8903404973e-06,7.8608046854e-07,2.6853923533e-07,5.0346922352e-09,0.0000000000e+00,0.0000000000e+00,0.0000000000e+00,0.0000000000e+00,0.0000000000e+00,0.0000000000e+00,0.0000000000e+00,0.0000000000e+00,0.0000000000e+00,0.0000000000e+00,0.0000000000e+00,0.0000000000e+00,0.0000000000e+00,0.0000000000e+00,0.0000000000e+00,0.0000000000e+00,0.0000000000e+00,0.0000000000e+00,0.0000000000e+00,0.0000000000e+00,0.0000000000e+00,0.0000000000e+00,0.0000000000e+00,0.0000000000e+00,0.0000000000e+00,0.0000000000e+00,0.0000000000e+00,0.0000000000e+00,0.0000000000e+00,0.0000000000e+00,0.0000000000e+00,0.0000000000e+00,0.0000000000e+00,0.0000000000e+00,0.0000000000e+00,0.0000000000e+00
1.1420689063e+03,1.7639298936e-02,1.7639298936e-02,1.7639298936e-02,1.7639298936e-02,1.7639298936e-02,1.7639298936e-02,1.7639298936e-02,1.7639298936e-02,1.7639298936e-02,1.7639298936e-02,1.7639298936e-02,1.7639298936e-02,1.7639298936e-02,1.7639298936e-02,1.7639298936e-02,1.7639298936e-02,1.7639298936e-02,1.7639298936e-02,1.7639298936e-02,1.7639298936e-02,1.7639298936e-02,1.7639298936e-02,1.7639298936e-02,1.7639298936e-02,1.7639298936e-02,1.7639298936e-02,1.7639298936e-02,1.7639298936e-02,1.7639298936e-02,1.7639298936e-02,1.7639298936e-02,1.7639298936e-02,1.7639298936e-02,1.7639298936e-02,1.7639298936e-02,1.7639298936e-02,1.7639298936e-02,1.7639298936e-02,1.7639298936e-02,1.7639298936e-02,1.7639298936e-02,1.7639298936e-02,1.7639298936e-02,1.7639298936e-02,1.7639298936e-02,1.7639298936e-02,1.7639298936e-02,1.7639298936e-02,1.7639298936e-02,1.7639298936e-02,1.7639298936e-02,1.7639298936e-02,1.7639298936e-02,1.7639298936e-02,1.7639298936e-02,1.7639298936e-02,1.7639298936e-02,1.7639298936e-02,1.7639298936e-02,1.7639298936e-02,1.7639298936e-02,1.7639298936e-02,1.7639298936e-02,1.7639298936e-02,1.7639298936e-02,1.7639298936e-02,1.7639298936e-02,1.7639298936e-02,1.7639298936e-02,1.7639298936e-02,1.7639298936e-02,1.7639298936e-02,1.7639298936e-02,1.7639298936e-02,1.7639298936e-02,1.7639298936e-02,1.7639298936e-02,1.7639298936e-02,1.7639298936e-02,1.7639298936e-02,1.7639298936e-02,1.7639298936e-02,1.7639298936e-02,1.7639298936e-02,1.7639298936e-02,1.7639298936e-02,1.7639298936e-02,1.7639298936e-02,1.7639298936e-02,1.7639298936e-02,1.7639298936e-02,1.7639298936e-02,1.7639298936e-02,1.7639298936e-02,1.7639298936e-02,1.7639298936e-02,1.7639298936e-02,1.7639298936e-02,1.7639298936e-02,1.7639298936e-02,1.7639298936e-02,1.7639298936e-02,1.7637874306e-02,1.7630216693e-02,1.7621802168e-02,1.7612556334e-02,1.7602397567e-02,1.7591236335e-02,1.7578974454e-02,1.7565504276e-02,1.7550707808e-02,1.7534455764e-02,1.7516606521e-02,1.7497005005e-02,1.7445650677e-02,1.7368420815e-02,1.7283912992e-02,1.7191484120e-02,1.7090443148e-02,1.6968835776e-02,1.6790819778e-02,1.6597273009e-02,1.6387071760e-02,1.6211348079e-02,1.6049331307e-02,1.5873086790e-02,1.5681471872e-02,1.5473488929e-02,1.5222628552e-02,1.4943961333e-02,1.4612167462e-02,1.4231474302e-02,1.3795271650e-02,1.3292060954e-02,1.2707358431e-02,1.2038422191e-02,1.1284339837e-02,1.0449109453e-02,9.5509955866e-03,8.6064198371e-03,7.6458707383e-03,6.6900381177e-03,5.7564692440e-03,4.8635777405e-03,4.0300106310e-03,3.2710247600e-03,2.5953931738e-03,2.0102989288e-03,1.5125385055e-03,1.1019770140e-03,7.7501499680e-04,5.2432924712e-04,3.3959139130e-04,2.1110648504e-04,1.2630526831e-04,7.2860998051e-05,4.0651110047e-05,2.1905117969e-05,1.1293819402e-05,5.5642150907e-06,2.6121603971e-06,1.1527086308e-06,4.6475598489e-07,1.4650904578e-07,0.0000000000e+00,0.0000000000e+00,0.0000000000e+00,0.0000000000e+00,0.0000000000e+00,0.0000000000e+00,0.0000000000e+00,0.0000000000e+00,0.0000000000e+00,0.0000000000e+00,0.0000000000e+00,0.0000000000e+00,0.0000000000e+00,0.0000000000e+00,0.0000000000e+00,0.0000000000e+00,0.0000000000e+00,0.0000000000e+00,0.0000000000e+00,0.0000000000e+00,0.0000000000e+00,0.0000000000e+00,0.0000000000e+00,0.0000000000e+00,0.0000000000e+00,0.0000000000e+00,0.0000000000e+00,0.0000000000e+00,0.0000000000e+00,0.0000000000e+00,0.0000000000e+00,0.0000000000e+00,0.0000000000e+00,0.0000000000e+00,0.0000000000e+00,0.0000000000e+00
1.1937766417e+03,1.6751811590e-02,1.6751811590e-02,1.6751811590e-02,1.6751811590e-02,1.6751811590e-02,1.6751811590e-02,1.6751811590e-02,1.6751811590e-02,1.6751811590e-02,1.6751811590e-02,1.6751811590e-02,1.6751811590e-02,1.6751811590e-02,1.6751811590e-02,1.6751811590e-02,1.6751811590e-02,1.6751811590e-02,1.6751811590e-02,1.6751811590e-02,1.6751811590e-02,1.6751811590e-02,1.6751811590e-02,1.6751811590e-02,1.6751811590e-02,1.6751811590e-02,1.6751811590e-02,1.6751811590e-02,1.6751811590e-02,1.6751811590e-02,1.6751811590e-02,1.6751811590e-02,1.6751811590e-02,1.6751811590e-02,1.6751811590e-02,1.6751811590e-02,1.6751811590e-02,1.6751811590e-02,1.6751811590e-02,1.6751811590e-02,1.6751811590e-02,1.6751811590e-02,1.6751811590e-02,1.6751811590e-02,1.6751811590e-02,1.6751811590e-02,1.6751811590e-02,1.6751811590e-02,1.6751811590e-02,1.6751811590e-02,1.6751811590e-02,1.6751811590e-02,1.6751811590e-02,1.6751811590e-02,1.6751811590e-02,1.6751811590e-02,1.6751811590e-02,1.6751811590e-02,1.6751811590e-02,1.6751811590e-02,1.6751811590e-02,1.6751811590e-02,1.6751811590e-02,1.6751811590e-02,1.6751811590e-02,1.6751811590e-02,1.6751811590e-02,1.6751811590e-02,1.6751811590e-02,1.6751811590e-02,1.6751811590e-02,1.6751811590e-02,1.6751811590e-02,1.6751811590e-02,1.6751811590e-02,1.6751811590e-02,1.6751811590e-02,1.6751811590e-02,1.6751811590e-02,1.6751811590e-02,1.6751811590e-02,1.6751811590e-02,1.6751811590e-02,1.6751811590e-02,1.6751811590e-02,1.6751811590e-02,1.6751811590e-02,1.6751811590e-02,1.6751811590e-02,1.6751811590e-02,1.6751811590e-02,1.6751811590e-02,1.6751811590e-02,1.6751811590e-02,1.6751811590e-02,1.6751811590e-02,1.6751811590e-02,1.6751811590e-02,1.6751811590e-02,1.6751811590e-02,1.6751811590e-02,1.6751811590e-02,1.6751811590e-02,1.6750562465e-02,1.6743848082e-02,1.6736469762e-02,1.6728362192e-02,1.6719453706e-02,1.6709665677e-02,1.6698911866e-02,1.6687097701e-02,1.6674119498e-02,1.6659863619e-02,1.6644205550e-02,1.6627008906e-02,1.6581862186e-02,1.6513923657e-02,1.6439556918e-02,1.6358188586e-02,1.6269201355e-02,1.6161933337e-02,1.6004381380e-02,1.5832949121e-02,1.5646604133e-02,1.5489814000e-02,1.5344521174e-02,1.5186366340e-02,1.5013432648e-02,1.4825589011e-02,1.4598264097e-02,1.4345356140e-02,1.4043340818e-02,1.3695984482e-02,1.3296973086e-02,1.2835389629e-02,1.2297478702e-02,1.1679986802e-02,1.0981318254e-02,1.0204347625e-02,9.3650896801e-03,8.4775265159e-03,7.5695821214e-03,6.6603782687e-03,5.7664539346e-03,4.9054300341e-03,4.0954888166e-03,3.3519377227e-03,2.6841146322e-03,2.1000470156e-03,1.5977508862e-03,1.1785014426e-03,8.4022492764e-04,5.7708458081e-04,3.8005738046e-04,2.4063488295e-04,1.4687206333e-04,8.6572999004e-05,4.9438139060e-05,2.7297206658e-05,1.4440977063e-05,7.3159729219e-06,3.5403269566e-06,1.6172458598e-06,6.8339401307e-07,2.4250953138e-07,1.9698399072e-08,0.0000000000e+00,0.0000000000e+00,0.0000000000e+00,0.0000000000e+00,0.0000000000e+00,0.0000000000e+00,0.0000000000e+00,0.0000000000e+00,0.0000000000e+00,0.0000000000e+00,0.0000000000e+00,0.0000000000e+00,0.0000000000e+00,0.0000000000e+00,0.0000000000e+00,0.0000000000e+00,0.0000000000e+00,0.0000000000e+00,0.0000000000e+00,0.0000000000e+00,0.0000000000e+00,0.0000000000e+00,0.0000000000e+00,0.0000000000e+00,0.0000000000e+00,0.0000000000e+00,0.0000000000e+00,0.0000000000e+00,0.0000000000e+00,0.0000000000e+00,0.0000000000e+00,0.0000000000e+00,0.0000000000e+00,0.0000000000e+00,0.0000000000e+00
1.2478254705e+03,1.5905003374e-02,1.5905003374e-02,1.5905003374e-02,1.5905003374e-02,1.5905003374e-02,1.5905003374e-02,1.5905003374e-02,1.5905003374e-02,1.5905003374e-02,1.5905003374e-02,1.5905003374e-02,1.5905003374e-02,1.5905003374e-02,1.5905003374e-02,1.5905003374e-02,1.5905003374e-02,1.5905003374e-02,1.5905003374e-02,1.5905003374e-02,1.5905003374e-02,1.5905003374e-02,1.5905003374e-02,1.5905003374e-02,1.5905003374e-02,1.5905003374e-02,1.5905003374e-02,1.5905003374e-02,1.5905003374e-02,1.5905003374e-02,1.5905003374e-02,1.5905003374e-02,1.5905003374e-02,1.5905003374e-02,1.5905003374e-02,1.5905003374e-02,1.5905003374e-02,1.5905003374e-02,1.5905003374e-02,1.5905003374e-02,1.5905003374e-02,1.5905003374e-02,1.5905003374e-02,1.5905003374e-02,1.5905003374e-02,1.5905003374e-02,1.5905003374e-02,1.5905003374e-02,1.5905003374e-02,1.5905003374e-02,1.5905003374e-02,1.5905003374e-02,1.5905003374e-02,1.5905003374e-02,1.5905003374e-02,1.5905003374e-02,1.5905003374e-02,1.5905003374e-02,1.5905003374e-02,1.5905003374e-02,1.5905003374e-02,1.5905003374e-02,1.5905003374e-02,1.5905003374e-02,1.5905003374e-02,1.5905003374e-02,1.5905003374e-02,1.5905003374e-02,1.5905003374e-02,1.5905003374e-02,1.5905003374e-02,1.5905003374e-02,1.5905003374e-02,1.5905003374e-02,1.5905003374e-02,1.5905003374e-02,1.5905003374e-02,1.5905003374e-02,1.5905003374e-02,1.5905003374e-02,1.5905003374e-02,1.5905003374e-02,1.5905003374e-02,1.5905003374e-02,1.5905003374e-02,1.5905003374e-02,1.5905003374e-02,1.5905003374e-02,1.5905003374e-02,1.5905003374e-02,1.5905003374e-02,1.5905003374e-02,1.5905003374e-02,1.5905003374e-02,1.5905003374e-02,1.5905003374e-02,1.5905003374e-02,1.5905003374e-02,1.5905003374e-02,1.5905003374e-02,1.5905003374e-02,1.5905003374e-02,1.5905003374e-02,1.5903910297e-02,1.5898034605e-02,1.5891577695e-02,1.5884482347e-02,1.5876685766e-02,1.5868119047e-02,1.5858706598e-02,1.5848365509e-02,1.5837004863e-02,1.5824524987e-02,1.5810816642e-02,1.5795760140e-02,1.5756120761e-02,1.5696423484e-02,1.5631056533e-02,1.5559509765e-02,1.5481233005e-02,1.5386744462e-02,1.5247553940e-02,1.5095988040e-02,1.4931102769e-02,1.4791463828e-02,1.4661410102e-02,1.4519755304e-02,1.4363947968e-02,1.4194588121e-02,1.3988935301e-02,1.3759793161e-02,1.3485341001e-02,1.3168931041e-02,1.2804553723e-02,1.2381873374e-02,1.1887864825e-02,1.1318874735e-02,1.0672739995e-02,9.9513493457e-03,9.1686612097e-03,8.3364364145e-03,7.4801511823e-03,6.6173710282e-03,5.7635808594e-03,4.9355270008e-03,4.1508065452e-03,3.4246208619e-03,2.7667061742e-03,2.1857606532e-03,1.6808790570e-03,1.2546055323e-03,9.0629038032e-04,6.3153629842e-04,4.2263916170e-04,2.7234071206e-04,1.6942722079e-04,1.0194749249e-04,5.9520486000e-05,3.3633327437e-05,1.8234435394e-05,9.4862261107e-06,4.7247799256e-06,2.2297031373e-06,9.8276923792e-07,3.8089705993e-07,8.1744944995e-08,0.0000000000e+00,0.0000000000e+00,0.0000000000e+00,0.0000000000e+00,0.0000000000e+00,0.0000000000e+00,0.0000000000e+00,0.0000000000e+00,0.0000000000e+00,0.0000000000e+00,0.0000000000e+00,0.0000000000e+00,0.0000000000e+00,0.0000000000e+00,0.0000000000e+00,0.0000000000e+00,0.0000000000e+00,0.0000000000e+00,0.0000000000e+00,0.0000000000e+00,0.0000000000e+00,0.0000000000e+00,0.0000000000e+00,0.0000000000e+00,0.0000000000e+00,0.0000000000e+00,0.0000000000e+00,0.0000000000e+00,0.0000000000e+00,0.0000000000e+00,0.0000000000e+00,0.0000000000e+00,0.0000000000e+00,0.0000000000e+00,0.0000000000e+00
1.3043213867e+03,1.5097000807e-02,1.5097000807e-02,1.5097000807e-02,1.5097000807e-02,1.5097000807e-02,1.5097000807e-02,1.5097000807e-02,1.5097000807e-02,1.5097000807e-02,1.5097000807e-02,1.5097000807e-02,1.5097000807e-02,1.5097000807e-02,1.5097000807e-02,1.5097000807e-02,1.5097000807e-02,1.5097000807e-02,1.5097000807e-02,1.5097000807e-02,1.5097000807e-02,1.5097000807e-02,1.5097000807e-02,1.5097000807e-02,1.5097000807e-02,1.5097000807e-02,1.5097000807e-02,1.5097000807e-02,1.5097000807e-02,1.5097000807e-02,1.5097000807e-02,1.5097000807e-02,1.5097000807e-02,1.5097000807e-02,1.5097000807e-02,1.5097000807e-02,1.5097000807e-02,1.5097000807e-02,1.5097000807e-02,1.5097000807e-02,1.5097000807e-02,1.5097000807e-02,1.5097000807e-02,1.5097000807e-02,1.5097000807e-02,1.5097000807e-02,1.5097000807e-02,1.5097000807e-02,1.5097000807e-02,1.5097000807e-02,1.5097000807e-02,1.5097000807e-02,1.5097000807e-02,1.5097000807e-02,1.5097000807e-02,1.5097000807e-02,1.5097000807e-02,1.5097000807e-02,1.5097000807e-02,1.5097000807e-02,1.5097000807e-02,1.5097000807e-02,1.5097000807e-02,1.5097000807e-02,1.5097000807e-02,1.5097000807e-02,1.5097000807e-02,1.5097000807e-02,1.5097000807e-02,1.5097000807e-02,1.5097000807e-02,1.5097000807e-02,1.5097000807e-02,1.5097000807e-02,1.5097000807e-02,1.5097000807e-02,1.5097000807e-02,1.5097000807e-02,1.5097000807e-02,1.5097000807e-02,1.5097000807e-02,1.5097000807e-02,1.5097000807e-02,1.5097000807e-02,1.5097000807e-02,1.5097000807e-02,1.5097000807e-02,1.5097000807e-02,1.5097000807e-02,1.5097000807e-02,1.5097000807e-02,1.5097000807e-02,1.5097000807e-02,1.5097000807e-02,1.5097000807e-02,1.5097000807e-02,1.5097000807e-02,1.5097000807e-02,1.5097000807e-02,1.5097000807e-02,1.5097000807e-02,1.5097000807e-02,1.5097000807e-02,1.5096046376e-02,1.5090915871e-02,1.5085277685e-02,1.5079081804e-02,1.5072273327e-02,1.5064792007e-02,1.5056571738e-02,1.5047540000e-02,1.5037617252e-02,1.5026716277e-02,1.5014741459e-02,1.5001588011e-02,1.4966831501e-02,1.4914439277e-02,1.4857053744e-02,1.4794221986e-02,1.4725454775e-02,1.4642344401e-02,1.4519604455e-02,1.4385857809e-02,1.4240245297e-02,1.4116116659e-02,1.3999923942e-02,1.3873291369e-02,1.3733157202e-02,1.3580730960e-02,1.3394998379e-02,1.3187742318e-02,1.2938755152e-02,1.2651017788e-02,1.2318830109e-02,1.1932433811e-02,1.1479530768e-02,1.0956167192e-02,1.0359718065e-02,9.6912149852e-03,8.9627455365e-03,8.1840599406e-03,7.3783104817e-03,6.5615341122e-03,5.7481336415e-03,4.9539178824e-03,4.1957973049e-03,3.4887275778e-03,2.8426892545e-03,2.2668862106e-03,1.7613530414e-03,1.3297583313e-03,9.7276455379e-04,6.8735097812e-04,4.6712697538e-04,3.0612769193e-04,1.9396378570e-04,1.1903686689e-04,7.0980651840e-05,4.1001455419e-05,2.2753830044e-05,1.2140281203e-05,6.2148264201e-06,3.0247140482e-06,1.3859316958e-06,5.7686069747e-07,1.7736047218e-07,0.0000000000e+00,0.0000000000e+00,0.0000000000e+00,0.0000000000e+00,0.0000000000e+00,0.0000000000e+00,0.0000000000e+00,0.0000000000e+00,0.0000000000e+00,0.0000000000e+00,0.0000000000e+00,0.0000000000e+00,0.0000000000e+00,0.0000000000e+00,0.0000000000e+00,0.0000000000e+00,0.0000000000e+00,0.0000000000e+00,0.0000000000e+00,0.0000000000e+00,0.0000000000e+00,0.0000000000e+00,0.0000000000e+00,0.0000000000e+00,0.0000000000e+00,0.0000000000e+00,0.0000000000e+00,0.0000000000e+00,0.0000000000e+00,0.0000000000e+00,0.0000000000e+00,0.0000000000e+00,0.0000000000e+00,0.0000000000e+00,0.0000000000e+00
1.3633751836e+03,1.4377925300e-02,1.4377925300e-02,1.4377925300e-02,1.4377925300e-02,1.4377925300e-02,1.4377925300e-02,1.4377925300e-02,1.4377925300e-02,1.4377925300e-02,1.4377925300e-02,1.4377925300e-02,1.4377925300e-02,1.4377925300e-02,1.4377925300e-02,1.4377925300e-02,1.4377925300e-02,1.4377925300e-02,1.4377925300e-02,1.4377925300e-02,1.4377925300e-02,1.4377925300e-02,1.4377925300e-02,1.4377925300e-02,1.4377925300e-02,1.4377925300e-02,1.4377925300e-02,1.4377925300e-02,1.4377925300e-02,1.4377925300e-02,1.4377925300e-02,1.4377925300e-02,1.4377925300e-02,1.4377925300e-02,1.4377925300e-02,1.4377925300e-02,1.4377925300e-02,1.4377925300e-02,1.4377925300e-02,1.4377925300e-02,1.4377925300e-02,1.4377925300e-02,1.4377925300e-02,1.4377925300e-02,1.4377925300e-02,1.4377925300e-02,1.4377925300e-02,1.4377925300e-02,1.4377925300e-02,1.4377925300e-02,1.4377925300e-02,1.4377925300e-02,1.4377925300e-02,1.4377925300e-02,1.4377925300e-02,1.4377925300e-02,1.4377925300e-02,1.4377925300e-02,1.4377925300e-02,1.4377925300e-02,1.4377925300e-02,1.4377925300e-02,1.4377925300e-02,1.4377925300e-02,1.4377925300e-02,1.4377925300e-02,1.4377925300e-02,1.4377925300e-02,1.4377925300e-02,1.4377925300e-02,1.4377925300e-02,1.4377925300e-02,1.4377925300e-02,1.4377925300e-02,1.4377925300e-02,1.4377925300e-02,1.4377925300e-02,1.4377925300e-02,1.4377925300e-02,1.4377925300e-02,1.4377925300e-02,1.4377925300e-02,1.4377925300e-02,1.4377925300e-02,1.4377925300e-02,1.4377925300e-02,1.4377925300e-02,1.4377925300e-02,1.4377925300e-02,1.4377925300e-02,1.4377925300e-02,1.4377925300e-02,1.4377925300e-02,1.4377925300e-02,1.4377925300e-02,1.4377925300e-02,1.4377925300e-02,1.4377925300e-02,1.4377925300e-02,1.4377925300e-02,1.4377925300e-02,1.4377925300e-02,1.4377925300e-02,1.4377925300e-02,1.4377925300e-02,1.4373607117e-02,1.4367113303e-02,1.4359977743e-02,1.4352137389e-02,1.4343523072e-02,1.4334058929e-02,1.4323661774e-02,1.4312240413e-02,1.4299694902e-02,1.4285915742e-02,1.4270783009e-02,1.4247236849e-02,1.4169374122e-02,1.4084267048e-02,1.3991294754e-02,1.3889794152e-02,1.3779059440e-02,1.3680276853e-02,1.3580994513e-02,1.3472680189e-02,1.3357381737e-02,1.3245261990e-02,1.3123089372e-02,1.2980479403e-02,1.2816425057e-02,1.2626884803e-02,1.2404169119e-02,1.2141927071e-02,1.1842296640e-02,1.1486260545e-02,1.1068727381e-02,1.0588730200e-02,1.0041066030e-02,9.4241465223e-03,8.7474596239e-03,8.0211672524e-03,7.2639918848e-03,6.4925675491e-03,5.7201592096e-03,4.9607779157e-03,4.2303027605e-03,3.5438374304e-03,2.9115713266e-03,2.3428250579e-03,1.8385205049e-03,1.4032898349e-03,1.0390965450e-03,7.4410954970e-04,5.1323478686e-04,3.4185669487e-04,2.2046992652e-04,1.3790579572e-04,8.3914410741e-05,4.9476243331e-05,2.8012898009e-05,1.5304101206e-05,8.0442157612e-06,4.0352884193e-06,1.9231852034e-06,8.6072669219e-07,3.4409309588e-07,8.6676178176e-08,0.0000000000e+00,0.0000000000e+00,0.0000000000e+00,0.0000000000e+00,0.0000000000e+00,0.0000000000e+00,0.0000000000e+00,0.0000000000e+00,0.0000000000e+00,0.0000000000e+00,0.0000000000e+00,0.0000000000e+00,0.0000000000e+00,0.0000000000e+00,0.0000000000e+00,0.0000000000e+00,0.0000000000e+00,0.0000000000e+00,0.0000000000e+00,0.0000000000e+00,0.0000000000e+00,0.0000000000e+00,0.0000000000e+00,0.0000000000e+00,0.0000000000e+00,0.0000000000e+00,0.0000000000e+00,0.0000000000e+00,0.0000000000e+00,0.0000000000e+00,0.0000000000e+00,0.0000000000e+00,0.0000000000e+00,0.0000000000e+00
1.4251026703e+03,1.3635665120e-02,1.3635665120e-02,1.3635665120e-02,1.3635665120e-02,1.3635665120e-02,1.3635665120e-02,1.3635665120e-02,1.3635665120e-02,1.3635665120e-02,1.3635665120e-02,1.3635665120e-02,1.3635665120e-02,1.3635665120e-02,1.3635665120e-02,1.3635665120e-02,1.3635665120e-02,1.3635665120e-02,1.3635665120e-02,1.3635665120e-02,1.3635665120e-02,1.3635665120e-02,1.3635665120e-02,1.3635665120e-02,1.3635665120e-02,1.3635665120e-02,1.3635665120e-02,1.3635665120e-02,1.3635665120e-02,1.3635665120e-02,1.3635665120e-02,1.3635665120e-02,1.3635665120e-02,1.3635665120e-02,1.3635665120e-02,1.3635665120e-02,1.3635665120e-02,1.3635665120e-02,1.3635665120e-02,1.3635665120e-02,1.3635665120e-02,1.3635665120e-02,1.3635665120e-02,1.3635665120e-02,1.3635665120e-02,1.3635665120e-02,1.3635665120e-02,1.3635665120e-02,1.3635665120e-02,1.3635665120e-02,1.3635665120e-02,1.3635665120e-02,1.3635665120e-02,1.3635665120e-02,1.3635665120e-02,1.3635665120e-02,1.3635665120e-02,1.3635665120e-02,1.3635665120e-02,1.3635665120e-02,1.3635665120e-02,1.3635665120e-02,1.3635665120e-02,1.3635665120e-02,1.3635665120e-02,1.3635665120e-02,1.3635665120e-02,1.3635665120e-02,1.3635665120e-02,1.3635665120e-02,1.3635665120e-02,1.3635665120e-02,1.3635665120e-02,1.3635665120e-02,1.3635665120e-02,1.3635665120e-02,1.3635665120e-02,1.3635665120e-02,1.3635665120e-02,1.3635665120e-02,1.3635665120e-02,1.3635665120e-02,1.3635665120e-02,1.3635665120e-02,1.3635665120e-02,1.3635665120e-02,1.3635665120e-02,1.3635665120e-02,1.3635665120e-02,1.3635665120e-02,1.3635665120e-02,1.3635665120e-02,1.3635665120e-02,1.3635665120e-02,1.3635665120e-02,1.3635665120e-02,1.3635665120e-02,1.3635665120e-02,1.3635665120e-02,1.3635665120e-02,1.3635665120e-02,1.3635665120e-02,1.3635665120e-02,1.3635665120e-02,1.3635665120e-02,1.3631901670e-02,1.3626241907e-02,1.3620022584e-02,1.3613188677e-02,1.3605679809e-02,1.3597429750e-02,1.3588365859e-02,1.3578408485e-02,1.3567470312e-02,1.3555455651e-02,1.3542259666e-02,1.3521710991e-02,1.3453667920e-02,1.3379260139e-02,1.3297935086e-02,1.3209101089e-02,1.3112126496e-02,1.3025067162e-02,1.2937283816e-02,1.2841462158e-02,1.2739244891e-02,1.2639007998e-02,1.2529722923e-02,1.2401752768e-02,1.2254150142e-02,1.2083251072e-02,1.1881925635e-02,1.1644236467e-02,1.1372045179e-02,1.1047651942e-02,1.0666145211e-02,1.0226208391e-02,9.7225353148e-03,9.1530436148e-03,8.5257429261e-03,7.8490376605e-03,7.1396943546e-03,6.4128365046e-03,5.6806445245e-03,4.9561420193e-03,4.2543694476e-03,3.5899558237e-03,2.9730698041e-03,2.4132367858e-03,1.9120467690e-03,1.4749531400e-03,1.1049861105e-03,8.0152721417e-04,5.6074017777e-04,3.7933452360e-04,2.4877276723e-04,1.5843263761e-04,9.8275267040e-05,5.9153579938e-05,3.4251793884e-05,1.9148113659e-05,1.0314201154e-05,5.3134013753e-06,2.6080306811e-06,1.2095089664e-06,5.1299200538e-07,1.6528658479e-07,0.0000000000e+00,0.0000000000e+00,0.0000000000e+00,0.0000000000e+00,0.0000000000e+00,0.0000000000e+00,0.0000000000e+00,0.0000000000e+00,0.0000000000e+00,0.0000000000e+00,0.0000000000e+00,0.0000000000e+00,0.0000000000e+00,0.0000000000e+00,0.0000000000e+00,0.0000000000e+00,0.0000000000e+00,0.0000000000e+00,0.0000000000e+00,0.0000000000e+00,0.0000000000e+00,0.0000000000e+00,0.0000000000e+00,0.0000000000e+00,0.0000000000e+00,0.0000000000e+00,0.0000000000e+00,0.0000000000e+00,0.0000000000e+00,0.0000000000e+00,0.0000000000e+00,0.0000000000e+00,0.0000000000e+00,0.0000000000e+00
1.4896248996e+03,1.2928012481e-02,1.2928012481e-02,1.2928012481e-02,1.2928012481e-02,1.2928012481e-02,1.2928012481e-02,1.2928012481e-02,1.2928012481e-02,1.2928012481e-02,1.2928012481e-02,1.2928012481e-02,1.2928012481e-02,1.2928012481e-02,1.2928012481e-02,1.2928012481e-02,1.2928012481e-02,1.2928012481e-02,1.2928012481e-02,1.2928012481e-02,1.2928012481e-02,1.2928012481e-02,1.2928012481e-02,1.2928012481e-02,1.2928012481e-02,1.2928012481e-02,1.2928012481e-02,1.2928012481e-02,1.2928012481e-02,1.2928012481e-02,1.2928012481e-02,1.2928012481e-02,1.2928012481e-02,1.2928012481e-02,1.2928012481e-02,1.2928012481e-02,1.2928012481e-02,1.2928012481e-02,1.2928012481e-02,1.2928012481e-02,1.2928012481e-02,1.2928012481e-02,1.2928012481e-02,1.2928012481e-02,1.2928012481e-02,1.2928012481e-02,1.2928012481e-02,1.2928012481e-02,1.2928012481e-02,1.2928012481e-02,1.2928012481e-02,1.2928012481e-02,1.2928012481e-02,1.2928012481e-02,1.2928012481e-02,1.2928012481e-02,1.2928012481e-02,1.2928012481e-02,1.2928012481e-02,1.2928012481e-02,1.2928012481e-02,1.2928012481e-02,1.2928012481e-02,1.2928012481e-02,1.2928012481e-02,1.2928012481e-02,1.2928012481e-02,1.2928012481e-02,1.2928012481e-02,1.2928012481e-02,1.2928012481e-02,1.2928012481e-02,1.2928012481e-02,1.2928012481e-02,1.2928012481e-02,1.2928012481e-02,1.2928012481e-02,1.2928012481e-02,1.2928012481e-02,1.2928012481e-02,1.2928012481e-02,1.2928012481e-02,1.2928012481e-02,1.2928012481e-02,1.2928012481e-02,1.2928012481e-02,1.2928012481e-02,1.2928012481e-02,1.2928012481e-02,1.2928012481e-02,1.2928012481e-02,1.2928012481e-02,1.2928012481e-02,1.2928012481e-02,1.2928012481e-02,1.2928012481e-02,1.2928012481e-02,1.2928012481e-02,1.2928012481e-02,1.2928012481e-02,1.2928012481e-02,1.2928012481e-02,1.2928012481e-02,1.2928012481e-02,1.2928012481e-02,1.2924740777e-02,1.2919820397e-02,1.2914413362e-02,1.2908471775e-02,1.2901943073e-02,1.2894769586e-02,1.2886888049e-02,1.2878229076e-02,1.2868716590e-02,1.2858267190e-02,1.2846789482e-02,1.2828895361e-02,1.2769524389e-02,1.2704572205e-02,1.2633548503e-02,1.2555927023e-02,1.2471144434e-02,1.2394568539e-02,1.2317119253e-02,1.2232534086e-02,1.2142107504e-02,1.2052661890e-02,1.1955090436e-02,1.1840465062e-02,1.1707898226e-02,1.1554075327e-02,1.1372398744e-02,1.1157331144e-02,1.0910491507e-02,1.0615437849e-02,1.0267458680e-02,9.8649629955e-03,9.4026064481e-03,8.8779072281e-03,8.2975533689e-03,7.6683790980e-03,7.0053279316e-03,6.3220729090e-03,5.6297260303e-03,4.9403110844e-03,4.2679813647e-03,3.6268021929e-03,3.0268093690e-03,2.4776013838e-03,1.9813114127e-03,1.5440700450e-03,1.1698448620e-03,8.5913294369e-04,6.0930330622e-04,4.1837562444e-04,2.7882715482e-04,1.8066372260e-04,1.1414746833e-04,7.0077477672e-05,4.1451687291e-05,2.3685904768e-05,1.3059426979e-05,6.9000994128e-06,3.4829706074e-06,1.6698751105e-06,7.4529222121e-07,2.8060709369e-07,2.6191627323e-08,0.0000000000e+00,0.0000000000e+00,0.0000000000e+00,0.0000000000e+00,0.0000000000e+00,0.0000000000e+00,0.0000000000e+00,0.0000000000e+00,0.0000000000e+00,0.0000000000e+00,0.0000000000e+00,0.0000000000e+00,0.0000000000e+00,0.0000000000e+00,0.0000000000e+00,0.0000000000e+00,0.0000000000e+00,0.0000000000e+00,0.0000000000e+00,0.0000000000e+00,0.0000000000e+00,0.0000000000e+00,0.0000000000e+00,0.0000000000e+00,0.0000000000e+00,0.0000000000e+00,0.0000000000e+00,0.0000000000e+00,0.0000000000e+00,0.0000000000e+00,0.0000000000e+00,0.0000000000e+00,0.0000000000e+00
1.5570684048e+03,1.2258430263e-02,1.2258430263e-02,1.2258430263e-02,1.2258430263e-02,1.2258430263e-02,1.2258430263e-02,1.2258430263e-02,1.2258430263e-02,1.2258430263e-02,1.2258430263e-02,1.2258430263e-02,1.2258430263e-02,1.2258430263e-02,1.2258430263e-02,1.2258430263e-02,1.2258430263e-02,1.2258430263e-02,1.2258430263e-02,1.2258430263e-02,1.2258430263e-02,1.2258430263e-02,1.2258430263e-02,1.2258430263e-02,1.2258430263e-02,1.2258430263e-02,1.2258430263e-02,1.2258430263e-02,1.2258430263e-02,1.2258430263e-02,1.2258430263e-02,1.2258430263e-02,1.2258430263e-02,1.2258430263e-02,1.2258430263e-02,1.2258430263e-02,1.2258430263e-02,1.2258430263e-02,1.2258430263e-02,1.2258430263e-02,1.2258430263e-02,1.2258430263e-02,1.2258430263e-02,1.2258430263e-02,1.2258430263e-02,1.2258430263e-02,1.2258430263e-02,1.2258430263e-02,1.2258430263e-02,1.2258430263e-02,1.2258430263e-02,1.2258430263e-02,1.2258430263e-02,1.2258430263e-02,1.2258430263e-02,1.2258430263e-02,1.2258430263e-02,1.2258430263e-02,1.2258430263e-02,1.2258430263e-02,1.2258430263e-02,1.2258430263e-02,1.2258430263e-02,1.2258430263e-02,1.2258430263e-02,1.2258430263e-02,1.2258430263e-02,1.2258430263e-02,1.2258430263e-02,1.2258430263e-02,1.2258430263e-02,1.2258430263e-02,1.2258430263e-02,1.2258430263e-02,1.2258430263e-02,1.2258430263e-02,1.2258430263e-02,1.2258430263e-02,1.2258430263e-02,1.2258430263e-02,1.2258430263e-02,1.2258430263e-02,1.2258430263e-02,1.2258430263e-02,1.2258430263e-02,1.2258430263e-02,1.2258430263e-02,1.2258430263e-02,1.2258430263e-02,1.2258430263e-02,1.2258430263e-02,1.2258430263e-02,1.2258430263e-02,1.2258430263e-02,1.2258430263e-02,1.2258430263e-02,1.2258430263e-02,1.2258430263e-02,1.2258430263e-02,1.2258430263e-02,1.2258430263e-02,1.2258430263e-02,1.2258430263e-02,1.2258430263e-02,1.2258430263e-02,1.2258430263e-02,1.2257060290e-02,1.2251145236e-02,1.2244645843e-02,1.2237504744e-02,1.2229659016e-02,1.2221039657e-02,1.2211571014e-02,1.2201170172e-02,1.2189746276e-02,1.2177199813e-02,1.2163421818e-02,1.2148293033e-02,1.2102151598e-02,1.2034805443e-02,1.1961201149e-02,1.1880803971e-02,1.1793043155e-02,1.1706406070e-02,1.1639837907e-02,1.1567093242e-02,1.1487646245e-02,1.1396038794e-02,1.1294000871e-02,1.1181757594e-02,1.1036266667e-02,1.0878505443e-02,1.0679840701e-02,1.0457518830e-02,1.0187823175e-02,9.8713212802e-03,9.5056011888e-03,9.0837386514e-03,8.6009326336e-03,8.0630562814e-03,7.4792065358e-03,6.8608726253e-03,6.2212605785e-03,5.5670043009e-03,4.9130432487e-03,4.2710425260e-03,3.6541827571e-03,3.0723642516e-03,2.5353553042e-03,2.0456533462e-03,1.6100201013e-03,1.2330777794e-03,9.1638430826e-04,6.5853246141e-04,4.5871711819e-04,3.1048887923e-04,2.0455543281e-04,1.3157445112e-04,8.2328372525e-05,4.9694600461e-05,2.8947374625e-05,1.6278383370e-05,8.8131713030e-06,4.5720361281e-06,2.2670000419e-06,1.0676184720e-06,4.6527902674e-07,1.6298392350e-07,0.0000000000e+00,0.0000000000e+00,0.0000000000e+00,0.0000000000e+00,0.0000000000e+00,0.0000000000e+00,0.0000000000e+00,0.0000000000e+00,0.0000000000e+00,0.0000000000e+00,0.0000000000e+00,0.0000000000e+00,0.0000000000e+00,0.0000000000e+00,0.0000000000e+00,0.0000000000e+00,0.0000000000e+00,0.0000000000e+00,0.0000000000e+00,0.0000000000e+00,0.0000000000e+00,0.0000000000e+00,0.0000000000e+00,0.0000000000e+00,0.0000000000e+00,0.0000000000e+00,0.0000000000e+00,0.0000000000e+00,0.0000000000e+00,0.0000000000e+00,0.0000000000e+00,0.0000000000e+00,0.0000000000e+00
1.6275654480e+03,1.1614707626e-02,1.1614707626e-02,1.1614707626e-02,1.1614707626e-02,1.1614707626e-02,1.1614707626e-02,1.1614707626e-02,1.1614707626e-02,1.1614707626e-02,1.1614707626e-02,1.1614707626e-02,1.1614707626e-02,1.1614707626e-02,1.1614707626e-02,1.1614707626e-02,1.1614707626e-02,1.1614707626e-02,1.1614707626e-02,1.1614707626e-02,1.1614707626e-02,1.1614707626e-02,1.1614707626e-02,1.1614707626e-02,1.1614707626e-02,1.1614707626e-02,1.1614707626e-02,1.1614707626e-02,1.1614707626e-02,1.1614707626e-02,1.1614707626e-02,1.1614707626e-02,1.1614707626e-02,1.1614707626e-02,1.1614707626e-02,1.1614707626e-02,1.1614707626e-02,1.1614707626e-02,1.1614707626e-02,1.1614707626e-02,1.1614707626e-02,1.1614707626e-02,1.1614707626e-02,1.1614707626e-02,1.1614707626e-02,1.1614707626e-02,1.1614707626e-02,1.1614707626e-02,1.1614707626e-02,1.1614707626e-02,1.1614707626e-02,1.1614707626e-02,1.1614707626e-02,1.1614707626e-02,1.1614707626e-02,1.1614707626e-02,1.1614707626e-02,1.1614707626e-02,1.1614707626e-02,1.1614707626e-02,1.1614707626e-02,1.1614707626e-02,1.1614707626e-02,1.1614707626e-02,1.1614707626e-02,1.1614707626e-02,1.1614707626e-02,1.1614707626e-02,1.1614707626e-02,1.1614707626e-02,1.1614707626e-02,1.1614707626e-02,1.1614707626e-02,1.1614707626e-02,1.1614707626e-02,1.1614707626e-02,1.1614707626e-02,1.1614707626e-02,1.1614707626e-02,1.1614707626e-02,1.1614707626e-02,1.1614707626e-02,1.1614707626e-02,1.1614707626e-02,1.1614707626e-02,1.1614707626e-02,1.1614707626e-02,1.1614707626e-02,1.1614707626e-02,1.1614707626e-02,1.1614707626e-02,1.1614707626e-02,1.1614707626e-02,1.1614707626e-02,1.1614707626e-02,1.1614707626e-02,1.1614707626e-02,1.1614707626e-02,1.1614707626e-02,1.1614707626e-02,1.1614707626e-02,1.1614707626e-02,1.1614707626e-02,1.1614707626e-02,1.1614707626e-02,1.1614707626e-02,1.1613519097e-02,1.1608387323e-02,1.1602748348e-02,1.1596552328e-02,1.1589744580e-02,1.1582265127e-02,1.1574048194e-02,1.1565021675e-02,1.1555106537e-02,1.1544216185e-02,1.1532255771e-02,1.1519121445e-02,1.1478986842e-02,1.1420371397e-02,1.1356278113e-02,1.1286232465e-02,1.1209726564e-02,1.1133977889e-02,1.1075145951e-02,1.1010828000e-02,1.0940551304e-02,1.0858985222e-02,1.0767875794e-02,1.0667568886e-02,1.0536939757e-02,1.0395178363e-02,1.0215967197e-02,1.0015067720e-02,9.7705948966e-03,9.4829155622e-03,9.1495475444e-03,8.7637509813e-03,8.3206396349e-03,7.8249712265e-03,7.2844061338e-03,6.7089841297e-03,6.1105774966e-03,5.4949166070e-03,4.8758445912e-03,4.2641416301e-03,3.6722885504e-03,3.1098669761e-03,2.5865108124e-03,2.1050212228e-03,1.6725726455e-03,1.2944536201e-03,9.7311262392e-04,7.0820728132e-04,5.0016533642e-04,3.4360244817e-04,2.2998551429e-04,1.5043742036e-04,9.5833543165e-05,5.8987026947e-05,3.5099184573e-05,2.0182914320e-05,1.1178308093e-05,5.9432125564e-06,3.0270826853e-06,1.4703651318e-06,6.6948267132e-07,2.6278722716e-07,3.9501385911e-08,0.0000000000e+00,0.0000000000e+00,0.0000000000e+00,0.0000000000e+00,0.0000000000e+00,0.0000000000e+00,0.0000000000e+00,0.0000000000e+00,0.0000000000e+00,0.0000000000e+00,0.0000000000e+00,0.0000000000e+00,0.0000000000e+00,0.0000000000e+00,0.0000000000e+00,0.0000000000e+00,0.0000000000e+00,0.0000000000e+00,0.0000000000e+00,0.0000000000e+00,0.0000000000e+00,0.0000000000e+00,0.0000000000e+00,0.0000000000e+00,0.0000000000e+00,0.0000000000e+00,0.0000000000e+00,0.0000000000e+00,0.0000000000e+00,0.0000000000e+00,0.0000000000e+00,0.0000000000e+00
1.7012542799e+03,1.1001142403e-02,1.1001142403e-02,1.1001142403e-02,1.1001142403e-02,1.1001142403e-02,1.1001142403e-02,1.1001142403e-02,1.1001142403e-02,1.1001142403e-02,1.1001142403e-02,1.1001142403e-02,1.1001142403e-02,1.1001142403e-02,1.1001142403e-02,1.1001142403e-02,1.1001142403e-02,1.1001142403e-02,1.1001142403e-02,1.1001142403e-02,1.1001142403e-02,1.1001142403e-02,1.1001142403e-02,1.1001142403e-02,1.1001142403e-02,1.1001142403e-02,1.1001142403e-02,1.1001142403e-02,1.1001142403e-02,1.1001142403e-02,1.1001142403e-02,1.1001142403e-02,1.1001142403e-02,1.1001142403e-02,1.1001142403e-02,1.1001142403e-02,1.1001142403e-02,1.1001142403e-02,1.1001142403e-02,1.1001142403e-02,1.1001142403e-02,1.1001142403e-02,1.1001142403e-02,1.1001142403e-02,1.1001142403e-02,1.1001142403e-02,1.1001142403e-02,1.1001142403e-02,1.1001142403e-02,1.1001142403e-02,1.1001142403e-02,1.1001142403e-02,1.1001142403e-02,1.1001142403e-02,1.1001142403e-02,1.1001142403e-02,1.1001142403e-02,1.1001142403e-02,1.1001142403e-02,1.1001142403e-02,1.1001142403e-02,1.1001142403e-02,1.1001142403e-02,1.1001142403e-02,1.1001142403e-02,1.1001142403e-02,1.1001142403e-02,1.1001142403e-02,1.1001142403e-02,1.1001142403e-02,1.1001142403e-02,1.1001142403e-02,1.1001142403e-02,1.1001142403e-02,1.1001142403e-02,1.1001142403e-02,1.1001142403e-02,1.1001142403e-02,1.1001142403e-02,1.1001142403e-02,1.1001142403e-02,1.1001142403e-02,1.1001142403e-02,1.1001142403e-02,1.1001142403e-02,1.1001142403e-02,1.1001142403e-02,1.1001142403e-02,1.1001142403e-02,1.1001142403e-02,1.1001142403e-02,1.1001142403e-02,1.1001142403e-02,1.1001142403e-02,1.1001142403e-02,1.1001142403e-02,1.1001142403e-02,1.1001142403e-02,1.1001142403e-02,1.1001142403e-02,1.1001142403e-02,1.1001142403e-02,1.1001142403e-02,1.1001142403e-02,1.1001142403e-02,1.1001142403e-02,1.1000114124e-02,1.0995674165e-02,1.0990795186e-02,1.0985434000e-02,1.0979543224e-02,1.0973070872e-02,1.0965959925e-02,1.0958147856e-02,1.0949566116e-02,1.0940139576e-02,1.0929785918e-02,1.0918414979e-02,1.0883579646e-02,1.0832668325e-02,1.0776973978e-02,1.0716077029e-02,1.0649527263e-02,1.0583442609e-02,1.0531561878e-02,1.0474820469e-02,1.0412794777e-02,1.0340311612e-02,1.0259113894e-02,1.0169644758e-02,1.0052566498e-02,9.9254118410e-03,9.7640296241e-03,9.5828073930e-03,9.3615855711e-03,9.1005671817e-03,8.7972403051e-03,8.4450848255e-03,8.0391887409e-03,7.5833301790e-03,7.0838913280e-03,6.5495868000e-03,5.9910326163e-03,5.4131030024e-03,4.8285627700e-03,4.2473036376e-03,3.6810645042e-03,3.1390379568e-03,2.6306318156e-03,2.1588513206e-03,1.7311581758e-03,1.3533797541e-03,1.0287416969e-03,7.5788167943e-04,5.4239853993e-04,3.7797220686e-04,2.5687350971e-04,1.7075833002e-04,1.1066508964e-04,6.9400784792e-05,4.2140852394e-05,2.4749959533e-05,1.4007818901e-05,7.6239697116e-06,3.9836868053e-06,1.9923303803e-06,9.4356757114e-07,4.0351342226e-07,1.1490923397e-07,0.0000000000e+00,0.0000000000e+00,0.0000000000e+00,0.0000000000e+00,0.0000000000e+00,0.0000000000e+00,0.0000000000e+00,0.0000000000e+00,0.0000000000e+00,0.0000000000e+00,0.0000000000e+00,0.0000000000e+00,0.0000000000e+00,0.0000000000e+00,0.0000000000e+00,0.0000000000e+00,0.0000000000e+00,0.0000000000e+00,0.0000000000e+00,0.0000000000e+00,0.0000000000e+00,0.0000000000e+00,0.0000000000e+00,0.0000000000e+00,0.0000000000e+00,0.0000000000e+00,0.0000000000e+00,0.0000000000e+00,0.0000000000e+00,0.0000000000e+00,0.0000000000e+00,0.0000000000e+00
1.7782794100e+03,1.0416148039e-02,1.0416148039e-02,1.0416148039e-02,1.0416148039e-02,1.0416148039e-02,1.0416148039e-02,1.0416148039e-02,1.0416148039e-02,1.0416148039e-02,1.0416148039e-02,1.0416148039e-02,1.0416148039e-02,1.0416148039e-02,1.0416148039e-02,1.0416148039e-02,1.0416148039e-02,1.0416148039e-02,1.0416148039e-02,1.0416148039e-02,1.0416148039e-02,1.0416148039e-02,1.0416148039e-02,1.0416148039e-02,1.0416148039e-02,1.0416148039e-02,1.0416148039e-02,1.0416148039e-02,1.0416148039e-02,1.0416148039e-02,1.0416148039e-02,1.0416148039e-02,1.0416148039e-02,1.0416148039e-02,1.0416148039e-02,1.0416148039e-02,1.0416148039e-02,1.0416148039e-02,1.0416148039e-02,1.0416148039e-02,1.0416148039e-02,1.0416148039e-02,1.0416148039e-02,1.0416148039e-02,1.0416148039e-02,1.0416148039e-02,1.0416148039e-02,1.0416148039e-02,1.0416148039e-02,1.0416148039e-02,1.0416148039e-02,1.0416148039e-02,1.0416148039e-02,1.0416148039e-02,1.0416148039e-02,1.0416148039e-02,1.0416148039e-02,1.0416148039e-02,1.0416148039e-02,1.0416148039e-02,1.0416148039e-02,1.0416148039e-02,1.0416148039e-02,1.0416148039e-02,1.0416148039e-02,1.0416148039e-02,1.0416148039e-02,1.0416148039e-02,1.0416148039e-02,1.0416148039e-02,1.0416148039e-02,1.0416148039e-02,1.0416148039e-02,1.0416148039e-02,1.0416148039e-02,1.0416148039e-02,1.0416148039e-02,1.0416148039e-02,1.0416148039e-02,1.0416148039e-02,1.0416148039e-02,1.0416148039e-02,1.0416148039e-02,1.0416148039e-02,1.0416148039e-02,1.0416148039e-02,1.0416148039e-02,1.0416148039e-02,1.0416148039e-02,1.0416148039e-02,1.0416148039e-02,1.0416148039e-02,1.0416148039e-02,1.0416148039e-02,1.0416148039e-02,1.0416148039e-02,1.0416148039e-02,1.0416148039e-02,1.0416148039e-02,1.0416148039e-02,1.0416148039e-02,1.0416148039e-02,1.0416148039e-02,1.0416148039e-02,1.0416148039e-02,1.0416148039e-02,1.0415261160e-02,1.0411431661e-02,1.0407223344e-02,1.0402598913e-02,1.0397517438e-02,1.0391934007e-02,1.0385799347e-02,1.0379059417e-02,1.0371654953e-02,1.0363520986e-02,1.0354586309e-02,1.0344772902e-02,1.0314607397e-02,1.0270486355e-02,1.0222199848e-02,1.0169378231e-02,1.0111623948e-02,1.0054104736e-02,1.0008460230e-02,9.9585202439e-03,9.9039064592e-03,9.8396268948e-03,9.7674052457e-03,9.6877613013e-03,9.5830200145e-03,9.4691794764e-03,9.3241117317e-03,9.1609344665e-03,8.9611103950e-03,8.7247107698e-03,8.4492281932e-03,8.1283908447e-03,7.7573126507e-03,7.3389171437e-03,6.8784554967e-03,6.3834371594e-03,5.8633021095e-03,5.3221211109e-03,4.7716076090e-03,4.2207724581e-03,3.6805839444e-03,3.1597883454e-03,2.6674885098e-03,2.2068038883e-03,1.7853663103e-03,1.4094186397e-03,1.0828492353e-03,8.0718480928e-04,5.8512199040e-04,4.1339020087e-04,2.8509594363e-04,1.9248599066e-04,1.2682756737e-04,8.0978424427e-05,5.0134908339e-05,3.0044644285e-05,1.7359103637e-05,9.6613850298e-06,5.1731448625e-06,2.6603405557e-06,1.3071312298e-06,6.0035833754e-07,2.3044655883e-07,1.5380551350e-08,0.0000000000e+00,0.0000000000e+00,0.0000000000e+00,0.0000000000e+00,0.0000000000e+00,0.0000000000e+00,0.0000000000e+00,0.0000000000e+00,0.0000000000e+00,0.0000000000e+00,0.0000000000e+00,0.0000000000e+00,0.0000000000e+00,0.0000000000e+00,0.0000000000e+00,0.0000000000e+00,0.0000000000e+00,0.0000000000e+00,0.0000000000e+00,0.0000000000e+00,0.0000000000e+00,0.0000000000e+00,0.0000000000e+00,0.0000000000e+00,0.0000000000e+00,0.0000000000e+00,0.0000000000e+00,0.0000000000e+00,0.0000000000e+00,0.0000000000e+00,0.0000000000e+00
1.8587918911e+03,9.8368270656e-03,9.8368270656e-03,9.8368270656e-03,9.8368270656e-03,9.8368270656e-03,9.8368270656e-03,9.8368270656e-03,9.8368270656e-03,9.8368270656e-03,9.8368270656e-03,9.8368270656e-03,9.8368270656e-03,9.8368270656e-03,9.8368270656e-03,9.8368270656e-03,9.8368270656e-03,9.8368270656e-03,9.8368270656e-03,9.8368270656e-03,9.8368270656e-03,9.8368270656e-03,9.8368270656e-03,9.8368270656e-03,9.8368270656e-03,9.8368270656e-03,9.8368270656e-03,9.8368270656e-03,9.8368270656e-03,9.8368270656e-03,9.8368270656e-03,9.8368270656e-03,9.8368270656e-03,9.8368270656e-03,9.8368270656e-03,9.8368270656e-03,9.8368270656e-03,9.8368270656e-03,9.8368270656e-03,9.8368270656e-03,9.8368270656e-03,9.8368270656e-03,9.8368270656e-03,9.8368270656e-03,9.8368270656e-03,9.8368270656e-03,9.8368270656e-03,9.8368270656e-03,9.8368270656e-03,9.8368270656e-03,9.8368270656e-03,9.8368270656e-03,9.8368270656e-03,9.8368270656e-03,9.8368270656e-03,9.8368270656e-03,9.8368270656e-03,9.8368270656e-03,9.8368270656e-03,9.8368270656e-03,9.8368270656e-03,9.8368270656e-03,9.8368270656e-03,9.8368270656e-03,9.8368270656e-03,9.8368270656e-03,9.8368270656e-03,9.8368270656e-03,9.8368270656e-03,9.8368270656e-03,9.8368270656e-03,9.8368270656e-03,9.8368270656e-03,9.8368270656e-03,9.8368270656e-03,9.8368270656e-03,9.8368270656e-03,9.8368270656e-03,9.8368270656e-03,9.8368270656e-03,9.8368270656e-03,9.8368270656e-03,9.8368270656e-03,9.8368270656e-03,9.8368270656e-03,9.8368270656e-03,9.8368270656e-03,9.8368270656e-03,9.8368270656e-03,9.8368270656e-03,9.8368270656e-03,9.8368270656e-03,9.8368270656e-03,9.8368270656e-03,9.8368270656e-03,9.8368270656e-03,9.8368270656e-03,9.8368270656e-03,9.8368270656e-03,9.8368270656e-03,9.8368270656e-03,9.8368270656e-03,9.8368270656e-03,9.8368270656e-03,9.8368270656e-03,9.8368270656e-03,9.8368270656e-03,9.8368270656e-03,9.8331879352e-03,9.8280506313e-03,9.8224060574e-03,9.8162044624e-03,9.8093912863e-03,9.8019067098e-03,9.7936851655e-03,9.7846548067e-03,9.7747369322e-03,9.7638453635e-03,9.7518857724e-03,9.7350157971e-03,9.6975414210e-03,9.6565105839e-03,9.6116038278e-03,9.5624767444e-03,9.5087588236e-03,9.4610826572e-03,9.4122366535e-03,9.3588289867e-03,9.2970872530e-03,9.2175890639e-03,9.1309773123e-03,9.0238322951e-03,8.8975321062e-03,8.7480175172e-03,8.5707883464e-03,8.3559659287e-03,8.1086268477e-03,7.8156985903e-03,7.4743943654e-03,7.0915069988e-03,6.6685218945e-03,6.2117738775e-03,5.7284461956e-03,5.2229183569e-03,4.7056670055e-03,4.1849464806e-03,3.6711981842e-03,3.1723526577e-03,2.6970664578e-03,2.2487538062e-03,1.8349843106e-03,1.4622857608e-03,1.1351117807e-03,8.5577004416e-04,6.2804304897e-04,4.4962472567e-04,3.1449498297e-04,2.1551466876e-04,1.4427184692e-04,9.3706794281e-05,5.9093110695e-05,3.6100988642e-05,2.1246956813e-05,1.2070570579e-05,6.6146646898e-06,3.4907715820e-06,1.7705732566e-06,8.5599553547e-07,3.7888646964e-07,1.1998551967e-07,0.0000000000e+00,0.0000000000e+00,0.0000000000e+00,0.0000000000e+00,0.0000000000e+00,0.0000000000e+00,0.0000000000e+00,0.0000000000e+00,0.0000000000e+00,0.0000000000e+00,0.0000000000e+00,0.0000000000e+00,0.0000000000e+00,0.0000000000e+00,0.0000000000e+00,0.0000000000e+00,0.0000000000e+00,0.0000000000e+00,0.0000000000e+00,0.0000000000e+00,0.0000000000e+00,0.0000000000e+00,0.0000000000e+00,0.0000000000e+00,0.0000000000e+00,0.0000000000e+00,0.0000000000e+00,0.0000000000e+00,0.0000000000e+00,0.0000000000e+00,0.0000000000e+00
1.9429496147e+03,9.3090712308e-03,9.3090712308e-03,9.3090712308e-03,9.3090712308e-03,9.3090712308e-03,9.3090712308e-03,9.3090712308e-03,9.3090712308e-03,9.3090712308e-03,9.3090712308e-03,9.3090712308e-03,9.3090712308e-03,9.3090712308e-03,9.3090712308e-03,9.3090712308e-03,9.3090712308e-03,9.3090712308e-03,9.3090712308e-03,9.3090712308e-03,9.3090712308e-03,9.3090712308e-03,9.3090712308e-03,9.3090712308e-03,9.3090712308e-03,9.3090712308e-03,9.3090712308e-03,9.3090712308e-03,9.3090712308e-03,9.3090712308e-03,9.3090712308e-03,9.3090712308e-03,9.3090712308e-03,9.3090712308e-03,9.3090712308e-03,9.3090712308e-03,9.3090712308e-03,9.3090712308e-03,9.3090712308e-03,9.3090712308e-03,9.3090712308e-03,9.3090712308e-03,9.3090712308e-03,9.3090712308e-03,9.3090712308e-03,9.3090712308e-03,9.3090712308e-03,9.3090712308e-03,9.3090712308e-03,9.3090712308e-03,9.3090712308e-03,9.3090712308e-03,9.3090712308e-03,9.3090712308e-03,9.3090712308e-03,9.3090712308e-03,9.3090712308e-03,9.3090712308e-03,9.3090712308e-03,9.3090712308e-03,9.3090712308e-03,9.3090712308e-03,9.3090712308e-03,9.3090712308e-03,9.3090712308e-03,9.3090712308e-03,9.3090712308e-03,9.3090712308e-03,9.3090712308e-03,9.3090712308e-03,9.3090712308e-03,9.3090712308e-03,9.3090712308e-03,9.3090712308e-03,9.3090712308e-03,9.3090712308e-03,9.3090712308e-03,9.3090712308e-03,9.3090712308e-03,9.3090712308e-03,9.3090712308e-03,9.3090712308e-03,9.3090712308e-03,9.3090712308e-03,9.3090712308e-03,9.3090712308e-03,9.3090712308e-03,9.3090712308e-03,9.3090712308e-03,9.3090712308e-03,9.3090712308e-03,9.3090712308e-03,9.3090712308e-03,9.3090712308e-03,9.3090712308e-03,9.3090712308e-03,9.3090712308e-03,9.3090712308e-03,9.3090712308e-03,9.3090712308e-03,9.3090712308e-03,9.3090712308e-03,9.3090712308e-03,9.3090712308e-03,9.3090712308e-03,9.3090712308e-03,9.3090712308e-03,9.3090712308e-03,9.3059408230e-03,9.3015214953e-03,9.2966655499e-03,9.2913301144e-03,9.2854681618e-03,9.2790281193e-03,9.2719534428e-03,9.2641821546e-03,9.2556463414e-03,9.2462716104e-03,9.2359765006e-03,9.2214369646e-03,9.1890701063e-03,9.1536188333e-03,9.1148034488e-03,9.0723218452e-03,9.0258483350e-03,8.9840425653e-03,8.9409959009e-03,8.8939107243e-03,8.8393384764e-03,8.7686435485e-03,8.6915776839e-03,8.5958983241e-03,8.4828336446e-03,8.3486418071e-03,8.1891506732e-03,7.9952656307e-03,7.7714762230e-03,7.5055806451e-03,7.1947172128e-03,6.8446842699e-03,6.4563429512e-03,6.0350367973e-03,5.5870072886e-03,5.1158864340e-03,4.6311831613e-03,4.1403042851e-03,3.6529151435e-03,3.1764183627e-03,2.7190397357e-03,2.2841741742e-03,1.8793563933e-03,1.5113052224e-03,1.1849127923e-03,9.0317120925e-04,6.7077034081e-04,4.8638170027e-04,3.4485140498e-04,2.3971841859e-04,1.6292048106e-04,1.0755906616e-04,6.9031356793e-05,4.2982063857e-05,2.5822844085e-05,1.4976232646e-05,8.3865730962e-06,4.5306570018e-06,2.3585727448e-06,1.1775268919e-06,5.5064945952e-07,2.1252478637e-07,7.5005240288e-09,0.0000000000e+00,0.0000000000e+00,0.0000000000e+00,0.0000000000e+00,0.0000000000e+00,0.0000000000e+00,0.0000000000e+00,0.0000000000e+00,0.0000000000e+00,0.0000000000e+00,0.0000000000e+00,0.0000000000e+00,0.0000000000e+00,0.0000000000e+00,0.0000000000e+00,0.0000000000e+00,0.0000000000e+00,0.0000000000e+00,0.0000000000e+00,0.0000000000e+00,0.0000000000e+00,0.0000000000e+00,0.0000000000e+00,0.0000000000e+00,0.0000000000e+00,0.0000000000e+00,0.0000000000e+00,0.0000000000e+00,0.0000000000e+00,0.0000000000e+00
2.0309176209e+03,8.8056364422e-03,8.8056364422e-03,8.8056364422e-03,8.8056364422e-03,8.8056364422e-03,8.8056364422e-03,8.8056364422e-03,8.8056364422e-03,8.8056364422e-03,8.8056364422e-03,8.8056364422e-03,8.8056364422e-03,8.8056364422e-03,8.8056364422e-03,8.8056364422e-03,8.8056364422e-03,8.8056364422e-03,8.8056364422e-03,8.8056364422e-03,8.8056364422e-03,8.8056364422e-03,8.8056364422e-03,8.8056364422e-03,8.8056364422e-03,8.8056364422e-03,8.8056364422e-03,8.8056364422e-03,8.8056364422e-03,8.8056364422e-03,8.8056364422e-03,8.8056364422e-03,8.8056364422e-03,8.8056364422e-03,8.8056364422e-03,8.8056364422e-03,8.8056364422e-03,8.8056364422e-03,8.8056364422e-03,8.8056364422e-03,8.8056364422e-03,8.8056364422e-03,8.8056364422e-03,8.8056364422e-03,8.8056364422e-03,8.8056364422e-03,8.8056364422e-03,8.8056364422e-03,8.8056364422e-03,8.8056364422e-03,8.8056364422e-03,8.8056364422e-03,8.8056364422e-03,8.8056364422e-03,8.8056364422e-03,8.8056364422e-03,8.8056364422e-03,8.8056364422e-03,8.8056364422e-03,8.8056364422e-03,8.8056364422e-03,8.8056364422e-03,8.8056364422e-03,8.8056364422e-03,8.8056364422e-03,8.8056364422e-03,8.8056364422e-03,8.8056364422e-03,8.8056364422e-03,8.8056364422e-03,8.8056364422e-03,8.8056364422e-03,8.8056364422e-03,8.8056364422e-03,8.8056364422e-03,8.8056364422e-03,8.8056364422e-03,8.8056364422e-03,8.8056364422e-03,8.8056364422e-03,8.8056364422e-03,8.8056364422e-03,8.8056364422e-03,8.8056364422e-03,8.8056364422e-03,8.8056364422e-03,8.8056364422e-03,8.8056364422e-03,8.8056364422e-03,8.8056364422e-03,8.8056364422e-03,8.8056364422e-03,8.8056364422e-03,8.8056364422e-03,8.8056364422e-03,8.8056364422e-03,8.8056364422e-03,8.8056364422e-03,8.8056364422e-03,8.8056364422e-03,8.8056364422e-03,8.8056364422e-03,8.8056364422e-03,8.8056364422e-03,8.8056364422e-03,8.8056364422e-03,8.8056364422e-03,8.8056364422e-03,8.8029527924e-03,8.7991640276e-03,8.7950007485e-03,8.7904261403e-03,8.7853998118e-03,8.7798774576e-03,8.7738104889e-03,8.7671456330e-03,8.7598244970e-03,8.7517830951e-03,8.7429513357e-03,8.7304616087e-03,8.7025911276e-03,8.6720545030e-03,8.6386078399e-03,8.6019872464e-03,8.5619076843e-03,8.5253408285e-03,8.4874943713e-03,8.4460818946e-03,8.3979561368e-03,8.3352156654e-03,8.2667829794e-03,8.1815072883e-03,8.0804832309e-03,7.9602696434e-03,7.8170090811e-03,7.6423477615e-03,7.4402515123e-03,7.1993629478e-03,6.9167897176e-03,6.5974513674e-03,6.2416818545e-03,5.8539392521e-03,5.4396034634e-03,5.0016204959e-03,4.5485779864e-03,4.0870682176e-03,3.6259840840e-03,3.1721797419e-03,2.7334087592e-03,2.3129868259e-03,1.9183282655e-03,1.5562417702e-03,1.2319514860e-03,9.4903285277e-04,7.1298169743e-04,5.2339568488e-04,3.7598175201e-04,2.6498320748e-04,1.8273573586e-04,1.2255147206e-04,7.9996003566e-05,5.0727667356e-05,3.1081870966e-05,1.8384628258e-05,1.0510312406e-05,5.8064940045e-06,3.0989800249e-06,1.5950774705e-06,7.8328392311e-07,3.4680015680e-07,1.0213456842e-07,0.0000000000e+00,0.0000000000e+00,0.0000000000e+00,0.0000000000e+00,0.0000000000e+00,0.0000000000e+00,0.0000000000e+00,0.0000000000e+00,0.0000000000e+00,0.0000000000e+00,0.0000000000e+00,0.0000000000e+00,0.0000000000e+00,0.0000000000e+00,0.0000000000e+00,0.0000000000e+00,0.0000000000e+00,0.0000000000e+00,0.0000000000e+00,0.0000000000e+00,0.0000000000e+00,0.0000000000e+00,0.0000000000e+00,0.0000000000e+00,0.0000000000e+00,0.0000000000e+00,0.0000000000e+00,0.0000000000e+00,0.0000000000e+00,0.0000000000e+00
2.1228684221e+03,8.3032455161e-03,8.3032455161e-03,8.3032455161e-03,8.3032455161e-03,8.3032455161e-03,8.3032455161e-03,8.3032455161e-03,8.3032455161e-03,8.3032455161e-03,8.3032455161e-03,8.3032455161e-03,8.3032455161e-03,8.3032455161e-03,8.3032455161e-03,8.3032455161e-03,8.3032455161e-03,8.3032455161e-03,8.3032455161e-03,8.3032455161e-03,8.3032455161e-03,8.3032455161e-03,8.3032455161e-03,8.3032455161e-03,8.3032455161e-03,8.3032455161e-03,8.3032455161e-03,8.3032455161e-03,8.3032455161e-03,8.3032455161e-03,8.3032455161e-03,8.3032455161e-03,8.3032455161e-03,8.3032455161e-03,8.3032455161e-03,8.3032455161e-03,8.3032455161e-03,8.3032455161e-03,8.3032455161e-03,8.3032455161e-03,8.3032455161e-03,8.3032455161e-03,8.3032455161e-03,8.3032455161e-03,8.3032455161e-03,8.3032455161e-03,8.3032455161e-03,8.3032455161e-03,8.3032455161e-03,8.3032455161e-03,8.3032455161e-03,8.3032455161e-03,8.3032455161e-03,8.3032455161e-03,8.3032455161e-03,8.3032455161e-03,8.3032455161e-03,8.3032455161e-03,8.3032455161e-03,8.3032455161e-03,8.3032455161e-03,8.3032455161e-03,8.3032455161e-03,8.3032455161e-03,8.3032455161e-03,8.3032455161e-03,8.3032455161e-03,8.3032455161e-03,8.3032455161e-03,8.3032455161e-03,8.3032455161e-03,8.3032455161e-03,8.3032455161e-03,8.3032455161e-03,8.3032455161e-03,8.3032455161e-03,8.3032455161e-03,8.3032455161e-03,8.3032455161e-03,8.3032455161e-03,8.3032455161e-03,8.3032455161e-03,8.3032455161e-03,8.3032455161e-03,8.3032455161e-03,8.3032455161e-03,8.3032455161e-03,8.3032455161e-03,8.3032455161e-03,8.3032455161e-03,8.3032455161e-03,8.3032455161e-03,8.3032455161e-03,8.3032455161e-03,8.3032455161e-03,8.3032455161e-03,8.3032455161e-03,8.3032455161e-03,8.3032455161e-03,8.3032455161e-03,8.3032455161e-03,8.3032455161e-03,8.3032455161e-03,8.3032455161e-03,8.3032455161e-03,8.3032455161e-03,8.3032455161e-03,8.3032455161e-03,8.3032455161e-03,8.3019803103e-03,8.2974123221e-03,8.2923934261e-03,8.2868794293e-03,8.2808218737e-03,8.2741676379e-03,8.2668585051e-03,8.2588306947e-03,8.2500143545e-03,8.2403330123e-03,8.2297029835e-03,8.2180327345e-03,8.1991184242e-03,8.1755800444e-03,8.1497812079e-03,8.1215133122e-03,8.0905502639e-03,8.0557427871e-03,8.0154686582e-03,7.9714257905e-03,7.9232866804e-03,7.8576229714e-03,7.7815296124e-03,7.6965496025e-03,7.5830258011e-03,7.4601552560e-03,7.2981245851e-03,7.1166658204e-03,6.8972907849e-03,6.6414258194e-03,6.3517359935e-03,6.0275292952e-03,5.6709500798e-03,5.2874445045e-03,4.8815388912e-03,4.4590284611e-03,4.0266363827e-03,3.5911869359e-03,3.1602849574e-03,2.7406145796e-03,2.3353929805e-03,1.9518272536e-03,1.5969438781e-03,1.2759368222e-03,9.9306300494e-04,7.5434650478e-04,5.6039514128e-04,4.0766785701e-04,2.9112729781e-04,2.0359532708e-04,1.3860759224e-04,9.1943812521e-05,5.9321581927e-05,3.7027605637e-05,2.2314282726e-05,1.2987679063e-05,7.3285701168e-06,4.0032079295e-06,2.1165093809e-06,1.0783026868e-06,5.1516378803e-07,2.0927033986e-07,2.6882785218e-08,0.0000000000e+00,0.0000000000e+00,0.0000000000e+00,0.0000000000e+00,0.0000000000e+00,0.0000000000e+00,0.0000000000e+00,0.0000000000e+00,0.0000000000e+00,0.0000000000e+00,0.0000000000e+00,0.0000000000e+00,0.0000000000e+00,0.0000000000e+00,0.0000000000e+00,0.0000000000e+00,0.0000000000e+00,0.0000000000e+00,0.0000000000e+00,0.0000000000e+00,0.0000000000e+00,0.0000000000e+00,0.0000000000e+00,0.0000000000e+00,0.0000000000e+00,0.0000000000e+00,0.0000000000e+00,0.0000000000e+00,0.0000000000e+00
2.2189823415e+03,7.8504714756e-03,7.8504714756e-03,7.8504714756e-03,7.8504714756e-03,7.8504714756e-03,7.8504714756e-03,7.8504714756e-03,7.8504714756e-03,7.8504714756e-03,7.8504714756e-03,7.8504714756e-03,7.8504714756e-03,7.8504714756e-03,7.8504714756e-03,7.8504714756e-03,7.8504714756e-03,7.8504714756e-03,7.8504714756e-03,7.8504714756e-03,7.8504714756e-03,7.8504714756e-03,7.8504714756e-03,7.8504714756e-03,7.8504714756e-03,7.8504714756e-03,7.8504714756e-03,7.8504714756e-03,7.8504714756e-03,7.8504714756e-03,7.8504714756e-03,7.8504714756e-03,7.8504714756e-03,7.8504714756e-03,7.8504714756e-03,7.8504714756e-03,7.8504714756e-03,7.8504714756e-03,7.8504714756e-03,7.8504714756e-03,7.8504714756e-03,7.8504714756e-03,7.8504714756e-03,7.8504714756e-03,7.8504714756e-03,7.8504714756e-03,7.8504714756e-03,7.8504714756e-03,7.8504714756e-03,7.8504714756e-03,7.8504714756e-03,7.8504714756e-03,7.8504714756e-03,7.8504714756e-03,7.8504714756e-03,7.8504714756e-03,7.8504714756e-03,7.8504714756e-03,7.8504714756e-03,7.8504714756e-03,7.8504714756e-03,7.8504714756e-03,7.8504714756e-03,7.8504714756e-03,7.8504714756e-03,7.8504714756e-03,7.8504714756e-03,7.8504714756e-03,7.8504714756e-03,7.8504714756e-03,7.8504714756e-03,7.8504714756e-03,7.8504714756e-03,7.8504714756e-03,7.8504714756e-03,7.8504714756e-03,7.8504714756e-03,7.8504714756e-03,7.8504714756e-03,7.8504714756e-03,7.8504714756e-03,7.8504714756e-03,7.8504714756e-03,7.8504714756e-03,7.8504714756e-03,7.8504714756e-03,7.8504714756e-03,7.8504714756e-03,7.8504714756e-03,7.8504714756e-03,7.8504714756e-03,7.8504714756e-03,7.8504714756e-03,7.8504714756e-03,7.8504714756e-03,7.8504714756e-03,7.8504714756e-03,7.8504714756e-03,7.8504714756e-03,7.8504714756e-03,7.8504714756e-03,7.8504714756e-03,7.8504714756e-03,7.8504714756e-03,7.8504714756e-03,7.8504714756e-03,7.8504714756e-03,7.8504714756e-03,7.8504714756e-03,7.8493895857e-03,7.8454833232e-03,7.8411912351e-03,7.8364754576e-03,7.8312944624e-03,7.8256027122e-03,7.8193502868e-03,7.8124824767e-03,7.8049393423e-03,7.7966552369e-03,7.7875582905e-03,7.7775698527e-03,7.7612939703e-03,7.7410080848e-03,7.7187680710e-03,7.6943923417e-03,7.6676838177e-03,7.6374595079e-03,7.6020314209e-03,7.5632733323e-03,7.5208927960e-03,7.4627073763e-03,7.3951432311e-03,7.3195937477e-03,7.2181699169e-03,7.1082910967e-03,6.9628056528e-03,6.7995535795e-03,6.6015427152e-03,6.3698500423e-03,6.1066279871e-03,5.8108665936e-03,5.4841155594e-03,5.1310267787e-03,4.7554648036e-03,4.3624997912e-03,3.9581001001e-03,3.5483584699e-03,3.1403125972e-03,2.7401426426e-03,2.3508763931e-03,1.9794716915e-03,1.6328784979e-03,1.3164279079e-03,1.0347690556e-03,7.9451559822e-04,5.9705844642e-04,4.3966236311e-04,3.1801317569e-04,2.2541083328e-04,1.5568846531e-04,1.0487728627e-04,6.8791654504e-05,4.3715787142e-05,2.6866024874e-05,1.5961023285e-05,9.1887248749e-06,5.1281722716e-06,2.7754647333e-06,1.4531799956e-06,7.2262785106e-07,3.2372576181e-07,9.5590466395e-08,0.0000000000e+00,0.0000000000e+00,0.0000000000e+00,0.0000000000e+00,0.0000000000e+00,0.0000000000e+00,0.0000000000e+00,0.0000000000e+00,0.0000000000e+00,0.0000000000e+00,0.0000000000e+00,0.0000000000e+00,0.0000000000e+00,0.0000000000e+00,0.0000000000e+00,0.0000000000e+00,0.0000000000e+00,0.0000000000e+00,0.0000000000e+00,0.0000000000e+00,0.0000000000e+00,0.0000000000e+00,0.0000000000e+00,0.0000000000e+00,0.0000000000e+00,0.0000000000e+00,0.0000000000e+00,0.0000000000e+00,0.0000000000e+00
2.3194478661e+03,7.4187240558e-03,7.4187240558e-03,7.4187240558e-03,7.4187240558e-03,7.4187240558e-03,7.4187240558e-03,7.4187240558e-03,7.4187240558e-03,7.4187240558e-03,7.4187240558e-03,7.4187240558e-03,7.4187240558e-03,7.4187240558e-03,7.4187240558e-03,7.4187240558e-03,7.4187240558e-03,7.4187240558e-03,7.4187240558e-03,7.4187240558e-03,7.4187240558e-03,7.4187240558e-03,7.4187240558e-03,7.4187240558e-03,7.4187240558e-03,7.4187240558e-03,7.4187240558e-03,7.4187240558e-03,7.4187240558e-03,7.4187240558e-03,7.4187240558e-03,7.4187240558e-03,7.4187240558e-03,7.4187240558e-03,7.4187240558e-03,7.4187240558e-03,7.4187240558e-03,7.4187240558e-03,7.4187240558e-03,7.4187240558e-03,7.4187240558e-03,7.4187240558e-03,7.4187240558e-03,7.4187240558e-03,7.4187240558e-03,7.4187240558e-03,7.4187240558e-03,7.4187240558e-03,7.4187240558e-03,7.4187240558e-03,7.4187240558e-03,7.4187240558e-03,7.4187240558e-03,7.4187240558e-03,7.4187240558e-03,7.4187240558e-03,7.4187240558e-03,7.4187240558e-03,7.4187240558e-03,7.4187240558e-03,7.4187240558e-03,7.4187240558e-03,7.4187240558e-03,7.4187240558e-03,7.4187240558e-03,7.4187240558e-03,7.4187240558e-03,7.4187240558e-03,7.4187240558e-03,7.4187240558e-03,7.4187240558e-03,7.4187240558e-03,7.4187240558e-03,7.4187240558e-03,7.4187240558e-03,7.4187240558e-03,7.4187240558e-03,7.4187240558e-03,7.4187240558e-03,7.4187240558e-03,7.4187240558e-03,7.4187240558e-03,7.4187240558e-03,7.4187240558e-03,7.4187240558e-03,7.4187240558e-03,7.4187240558e-03,7.4187240558e-03,7.4187240558e-03,7.4187240558e-03,7.4187240558e-03,7.4187240558e-03,7.4187240558e-03,7.4187240558e-03,7.4187240558e-03,7.4187240558e-03,7.4187240558e-03,7.4187240558e-03,7.4187240558e-03,7.4187240558e-03,7.4187240558e-03,7.4187240558e-03,7.4187240558e-03,7.4187240558e-03,7.4187240558e-03,7.4187240558e-03,7.4187240558e-03,7.4187240558e-03,7.4187240558e-03,7.4178023783e-03,7.4144744728e-03,7.4108176784e-03,7.4067996797e-03,7.4023850254e-03,7.3975348323e-03,7.3922064623e-03,7.3863531725e-03,7.3799237338e-03,7.3728620185e-03,7.3651065521e-03,7.3565900300e-03,7.3426337167e-03,7.3252114220e-03,7.3061060035e-03,7.2851600478e-03,7.2622024982e-03,7.2360377570e-03,7.2049451572e-03,7.1709178018e-03,7.1336954035e-03,7.0822426088e-03,7.0223725958e-03,6.9553428901e-03,6.8649004536e-03,6.7668295053e-03,6.6364452313e-03,6.4898551448e-03,6.3114754913e-03,6.1020885400e-03,5.8634064530e-03,5.5941681345e-03,5.2954128911e-03,4.9710767036e-03,4.6244222615e-03,4.2598490732e-03,3.8826159105e-03,3.4981144084e-03,3.1128171082e-03,2.7323907580e-03,2.3596431854e-03,2.0012303791e-03,1.6639533622e-03,1.3531956041e-03,1.0739040842e-03,8.3317421722e-04,6.3310280365e-04,4.7172285219e-04,3.4543746280e-04,2.4804987875e-04,1.7372515427e-04,1.1877934189e-04,7.9159978634e-05,5.1181627365e-05,3.2051205081e-05,1.9417718779e-05,1.1395025482e-05,6.4915062841e-06,3.5930829640e-06,1.9310818590e-06,9.9653332960e-07,4.8309118210e-07,1.9969738043e-07,0.0000000000e+00,0.0000000000e+00,0.0000000000e+00,0.0000000000e+00,0.0000000000e+00,0.0000000000e+00,0.0000000000e+00,0.0000000000e+00,0.0000000000e+00,0.0000000000e+00,0.0000000000e+00,0.0000000000e+00,0.0000000000e+00,0.0000000000e+00,0.0000000000e+00,0.0000000000e+00,0.0000000000e+00,0.0000000000e+00,0.0000000000e+00,0.0000000000e+00,0.0000000000e+00,0.0000000000e+00,0.0000000000e+00,0.0000000000e+00,0.0000000000e+00,0.0000000000e+00,0.0000000000e+00,0.0000000000e+00,0.0000000000e+00
2.4244620171e+03,7.0179578237e-03,7.0179578237e-03,7.0179578237e-03,7.0179578237e-03,7.0179578237e-03,7.0179578237e-03,7.0179578237e-03,7.0179578237e-03,7.0179578237e-03,7.0179578237e-03,7.0179578237e-03,7.0179578237e-03,7.0179578237e-03,7.0179578237e-03,7.0179578237e-03,7.0179578237e-03,7.0179578237e-03,7.0179578237e-03,7.0179578237e-03,7.0179578237e-03,7.0179578237e-03,7.0179578237e-03,7.0179578237e-03,7.0179578237e-03,7.0179578237e-03,7.0179578237e-03,7.0179578237e-03,7.0179578237e-03,7.0179578237e-03,7.0179578237e-03,7.0179578237e-03,7.0179578237e-03,7.0179578237e-03,7.0179578237e-03,7.0179578237e-03,7.0179578237e-03,7.0179578237e-03,7.0179578237e-03,7.0179578237e-03,7.0179578237e-03,7.0179578237e-03,7.0179578237e-03,7.0179578237e-03,7.0179578237e-03,7.0179578237e-03,7.0179578237e-03,7.0179578237e-03,7.0179578237e-03,7.0179578237e-03,7.0179578237e-03,7.0179578237e-03,7.0179578237e-03,7.0179578237e-03,7.0179578237e-03,7.0179578237e-03,7.0179578237e-03,7.0179578237e-03,7.0179578237e-03,7.0179578237e-03,7.0179578237e-03,7.0179578237e-03,7.0179578237e-03,7.0179578237e-03,7.0179578237e-03,7.0179578237e-03,7.0179578237e-03,7.0179578237e-03,7.0179578237e-03,7.0179578237e-03,7.0179578237e-03,7.0179578237e-03,7.0179578237e-03,7.0179578237e-03,7.0179578237e-03,7.0179578237e-03,7.0179578237e-03,7.0179578237e-03,7.0179578237e-03,7.0179578237e-03,7.0179578237e-03,7.0179578237e-03,7.0179578237e-03,7.0179578237e-03,7.0179578237e-03,7.0179578237e-03,7.0179578237e-03,7.0179578237e-03,7.0179578237e-03,7.0179578237e-03,7.0179578237e-03,7.0179578237e-03,7.0179578237e-03,7.0179578237e-03,7.0179578237e-03,7.0179578237e-03,7.0179578237e-03,7.0179578237e-03,7.0179578237e-03,7.0179578237e-03,7.0179578237e-03,7.0179578237e-03,7.0179578237e-03,7.0179578237e-03,7.0179578237e-03,7.0179578237e-03,7.0179578237e-03,7.0179578237e-03,7.0179578237e-03,7.0179578237e-03,7.0179578237e-03,7.0142877099e-03,7.0094049989e-03,7.0040411355e-03,6.9981491338e-03,6.9916775088e-03,6.9845698641e-03,6.9767644458e-03,6.9681936611e-03,6.9587835585e-03,6.9484532697e-03,6.9371144106e-03,6.9242129834e-03,6.9083575556e-03,6.8909688583e-03,6.8719031777e-03,6.8510042767e-03,6.8281025034e-03,6.7950942963e-03,6.7572577343e-03,6.7159053595e-03,6.6660438538e-03,6.5987355810e-03,6.5255245379e-03,6.4311774326e-03,6.3197115293e-03,6.1857230314e-03,6.0278286562e-03,5.8380352110e-03,5.6235373488e-03,5.3788313015e-03,5.1052340735e-03,4.8081187202e-03,4.4893420173e-03,4.1521440351e-03,3.8011005584e-03,3.4412031827e-03,3.0784419677e-03,2.7177201461e-03,2.3620164822e-03,2.0173224741e-03,1.6900871923e-03,1.3861366232e-03,1.1102212500e-03,8.7005129988e-04,6.6823135309e-04,5.0355183603e-04,3.7319196962e-04,2.7132822918e-04,1.9258670522e-04,1.3355803302e-04,9.0359418246e-05,5.9380712524e-05,3.7843305454e-05,2.3357253378e-05,1.3951307359e-05,8.0960396570e-06,4.5757161692e-06,2.5164373781e-06,1.3356349247e-06,6.7682365567e-07,3.1394827584e-07,1.0617651491e-07,0.0000000000e+00,0.0000000000e+00,0.0000000000e+00,0.0000000000e+00,0.0000000000e+00,0.0000000000e+00,0.0000000000e+00,0.0000000000e+00,0.0000000000e+00,0.0000000000e+00,0.0000000000e+00,0.0000000000e+00,0.0000000000e+00,0.0000000000e+00,0.0000000000e+00,0.0000000000e+00,0.0000000000e+00,0.0000000000e+00,0.0000000000e+00,0.0000000000e+00,0.0000000000e+00,0.0000000000e+00,0.0000000000e+00,0.0000000000e+00,0.0000000000e+00,0.0000000000e+00,0.0000000000e+00,0.0000000000e+00
2.5342307358e+03,6.6252602687e-03,6.6252602687e-03,6.6252602687e-03,6.6252602687e-03,6.6252602687e-03,6.6252602687e-03,6.6252602687e-03,6.6252602687e-03,6.6252602687e-03,6.6252602687e-03,6.6252602687e-03,6.6252602687e-03,6.6252602687e-03,6.6252602687e-03,6.6252602687e-03,6.6252602687e-03,6.6252602687e-03,6.6252602687e-03,6.6252602687e-03,6.6252602687e-03,6.6252602687e-03,6.6252602687e-03,6.6252602687e-03,6.6252602687e-03,6.6252602687e-03,6.6252602687e-03,6.6252602687e-03,6.6252602687e-03,6.6252602687e-03,6.6252602687e-03,6.6252602687e-03,6.6252602687e-03,6.6252602687e-03,6.6252602687e-03,6.6252602687e-03,6.6252602687e-03,6.6252602687e-03,6.6252602687e-03,6.6252602687e-03,6.6252602687e-03,6.6252602687e-03,6.6252602687e-03,6.6252602687e-03,6.6252602687e-03,6.6252602687e-03,6.6252602687e-03,6.6252602687e-03,6.6252602687e-03,6.6252602687e-03,6.6252602687e-03,6.6252602687e-03,6.6252602687e-03,6.6252602687e-03,6.6252602687e-03,6.6252602687e-03,6.6252602687e-03,6.6252602687e-03,6.6252602687e-03,6.6252602687e-03,6.6252602687e-03,6.6252602687e-03,6.6252602687e-03,6.6252602687e-03,6.6252602687e-03,6.6252602687e-03,6.6252602687e-03,6.6252602687e-03,6.6252602687e-03,6.6252602687e-03,6.6252602687e-03,6.6252602687e-03,6.6252602687e-03,6.6252602687e-03,6.6252602687e-03,6.6252602687e-03,6.6252602687e-03,6.6252602687e-03,6.6252602687e-03,6.6252602687e-03,6.6252602687e-03,6.6252602687e-03,6.6252602687e-03,6.6252602687e-03,6.6252602687e-03,6.6252602687e-03,6.6252602687e-03,6.6252602687e-03,6.6252602687e-03,6.6252602687e-03,6.6252602687e-03,6.6252602687e-03,6.6252602687e-03,6.6252602687e-03,6.6252602687e-03,6.6252602687e-03,6.6252602687e-03,6.6252602687e-03,6.6252602687e-03,6.6252602687e-03,6.6252602687e-03,6.6252602687e-03,6.6252602687e-03,6.6252602687e-03,6.6252602687e-03,6.6252602687e-03,6.6252602687e-03,6.6252602687e-03,6.6252602687e-03,6.6252602687e-03,6.6252602687e-03,6.6221444534e-03,6.6179989251e-03,6.6134445526e-03,6.6084413413e-03,6.6029454520e-03,6.5969088459e-03,6.5902788997e-03,6.5829979881e-03,6.5750030340e-03,6.5662250228e-03,6.5565884800e-03,6.5455861906e-03,6.5319335211e-03,6.5169573812e-03,6.5005330519e-03,6.4825248043e-03,6.4627850846e-03,6.4338774165e-03,6.4006539728e-03,6.3643278742e-03,6.3203872619e-03,6.2607407938e-03,6.1958180769e-03,6.1118285367e-03,6.0123652742e-03,5.8924657400e-03,5.7507952924e-03,5.5799229922e-03,5.3862265397e-03,5.1643957818e-03,4.9152807502e-03,4.6435823713e-03,4.3507271301e-03,4.0394230934e-03,3.7136264881e-03,3.3776843789e-03,3.0370622683e-03,2.6961328244e-03,2.3576350560e-03,2.0271807983e-03,1.7109532866e-03,1.4146947021e-03,1.1432803096e-03,9.0469610745e-04,7.0209209173e-04,5.3492222010e-04,4.0103162060e-04,2.9511620439e-04,2.1218937153e-04,1.4918037786e-04,1.0240714391e-04,6.8358422279e-05,4.4308645582e-05,2.7857666092e-05,1.6975097394e-05,1.0044024680e-05,5.7894591229e-06,3.2519776700e-06,1.7680006946e-06,9.2462167241e-07,4.5495347570e-07,1.9043512611e-07,2.1735267076e-08,0.0000000000e+00,0.0000000000e+00,0.0000000000e+00,0.0000000000e+00,0.0000000000e+00,0.0000000000e+00,0.0000000000e+00,0.0000000000e+00,0.0000000000e+00,0.0000000000e+00,0.0000000000e+00,0.0000000000e+00,0.0000000000e+00,0.0000000000e+00,0.0000000000e+00,0.0000000000e+00,0.0000000000e+00,0.0000000000e+00,0.0000000000e+00,0.0000000000e+00,0.0000000000e+00,0.0000000000e+00,0.0000000000e+00,0.0000000000e+00,0.0000000000e+00,0.0000000000e+00,0.0000000000e+00
2.6489692876e+03,6.2800355955e-03,6.2800355955e-03,6.2800355955e-03,6.2800355955e-03,6.2800355955e-03,6.2800355955e-03,6.2800355955e-03,6.2800355955e-03,6.2800355955e-03,6.2800355955e-03,6.2800355955e-03,6.2800355955e-03,6.2800355955e-03,6.2800355955e-03,6.2800355955e-03,6.2800355955e-03,6.2800355955e-03,6.2800355955e-03,6.2800355955e-03,6.2800355955e-03,6.2800355955e-03,6.2800355955e-03,6.2800355955e-03,6.2800355955e-03,6.2800355955e-03,6.2800355955e-03,6.2800355955e-03,6.2800355955e-03,6.2800355955e-03,6.2800355955e-03,6.2800355955e-03,6.2800355955e-03,6.2800355955e-03,6.2800355955e-03,6.2800355955e-03,6.2800355955e-03,6.2800355955e-03,6.2800355955e-03,6.2800355955e-03,6.2800355955e-03,6.2800355955e-03,6.2800355955e-03,6.2800355955e-03,6.2800355955e-03,6.2800355955e-03,6.2800355955e-03,6.2800355955e-03,6.2800355955e-03,6.2800355955e-03,6.2800355955e-03,6.2800355955e-03,6.2800355955e-03,6.2800355955e-03,6.2800355955e-03,6.2800355955e-03,6.2800355955e-03,6.2800355955e-03,6.2800355955e-03,6.2800355955e-03,6.2800355955e-03,6.2800355955e-03,6.2800355955e-03,6.2800355955e-03,6.2800355955e-03,6.2800355955e-03,6.2800355955e-03,6.2800355955e-03,6.2800355955e-03,6.2800355955e-03,6.2800355955e-03,6.2800355955e-03,6.2800355955e-03,6.2800355955e-03,6.2800355955e-03,6.2800355955e-03,6.2800355955e-03,6.2800355955e-03,6.2800355955e-03,6.2800355955e-03,6.2800355955e-03,6.2800355955e-03,6.2800355955e-03,6.2800355955e-03,6.2800355955e-03,6.2800355955e-03,6.2800355955e-03,6.2800355955e-03,6.2800355955e-03,6.2800355955e-03,6.2800355955e-03,6.2800355955e-03,6.2800355955e-03,6.2800355955e-03,6.2800355955e-03,6.2800355955e-03,6.2800355955e-03,6.2800355955e-03,6.2800355955e-03,6.2800355955e-03,6.2800355955e-03,6.2800355955e-03,6.2800355955e-03,6.2800355955e-03,6.2800355955e-03,6.2800355955e-03,6.2800355955e-03,6.2800355955e-03,6.2800355955e-03,6.2800355955e-03,6.2800355955e-03,6.2800355955e-03,6.2781808471e-03,6.2724242841e-03,6.2661019244e-03,6.2591588213e-03,6.2515348308e-03,6.2431641483e-03,6.2339748107e-03,6.2238881630e-03,6.2128182860e-03,6.2006713874e-03,6.1873451545e-03,6.1727280700e-03,6.1582646436e-03,6.1429666249e-03,6.1261926693e-03,6.1078051493e-03,6.0876545950e-03,6.0612479067e-03,6.0239943845e-03,5.9833040626e-03,5.9388884421e-03,5.8748777132e-03,5.8012380672e-03,5.7177306399e-03,5.6053417208e-03,5.4836289361e-03,5.3261386087e-03,5.1522461426e-03,4.9507008490e-03,4.7246358563e-03,4.4773729480e-03,4.2093465854e-03,3.9225968360e-03,3.6206580318e-03,3.3081235380e-03,2.9892114514e-03,2.6681256902e-03,2.3467234410e-03,2.0309531456e-03,1.7265226388e-03,1.4387862032e-03,1.1729800446e-03,9.3694226402e-04,7.3445493429e-04,5.6557903823e-04,4.2870847466e-04,3.1918618077e-04,2.3234930520e-04,1.6551432899e-04,1.1522255191e-04,7.8080434331e-05,5.1439938264e-05,3.2915823447e-05,2.0435000177e-05,1.2299454584e-05,7.1951663712e-06,4.1242200665e-06,2.2948542606e-06,1.2368259245e-06,6.4127763572e-07,3.1050989059e-07,1.1802109165e-07,0.0000000000e+00,0.0000000000e+00,0.0000000000e+00,0.0000000000e+00,0.0000000000e+00,0.0000000000e+00,0.0000000000e+00,0.0000000000e+00,0.0000000000e+00,0.0000000000e+00,0.0000000000e+00,0.0000000000e+00,0.0000000000e+00,0.0000000000e+00,0.0000000000e+00,0.0000000000e+00,0.0000000000e+00,0.0000000000e+00,0.0000000000e+00,0.0000000000e+00,0.0000000000e+00,0.0000000000e+00,0.0000000000e+00,0.0000000000e+00,0.0000000000e+00,0.0000000000e+00,0.0000000000e+00
2.7689026842e+03,5.8725030416e-03,5.8725030416e-03,5.8725030416e-03,5.8725030416e-03,5.8725030416e-03,5.8725030416e-03,5.8725030416e-03,5.8725030416e-03,5.8725030416e-03,5.8725030416e-03,5.8725030416e-03,5.8725030416e-03,5.8725030416e-03,5.8725030416e-03,5.8725030416e-03,5.8725030416e-03,5.8725030416e-03,5.8725030416e-03,5.8725030416e-03,5.8725030416e-03,5.8725030416e-03,5.8725030416e-03,5.8725030416e-03,5.8725030416e-03,5.8725030416e-03,5.8725030416e-03,5.8725030416e-03,5.8725030416e-03,5.8725030416e-03,5.8725030416e-03,5.8725030416e-03,5.8725030416e-03,5.8725030416e-03,5.8725030416e-03,5.8725030416e-03,5.8725030416e-03,5.8725030416e-03,5.8725030416e-03,5.8725030416e-03,5.8725030416e-03,5.8725030416e-03,5.8725030416e-03,5.8725030416e-03,5.8725030416e-03,5.8725030416e-03,5.8725030416e-03,5.8725030416e-03,5.8725030416e-03,5.8725030416e-03,5.8725030416e-03,5.8725030416e-03,5.8725030416e-03,5.8725030416e-03,5.8725030416e-03,5.8725030416e-03,5.8725030416e-03,5.8725030416e-03,5.8725030416e-03,5.8725030416e-03,5.8725030416e-03,5.8725030416e-03,5.8725030416e-03,5.8725030416e-03,5.8725030416e-03,5.8725030416e-03,5.8725030416e-03,5.8725030416e-03,5.8725030416e-03,5.8725030416e-03,5.8725030416e-03,5.8725030416e-03,5.8725030416e-03,5.8725030416e-03,5.8725030416e-03,5.8725030416e-03,5.8725030416e-03,5.8725030416e-03,5.8725030416e-03,5.8725030416e-03,5.8725030416e-03,5.8725030416e-03,5.8725030416e-03,5.8725030416e-03,5.8725030416e-03,5.8725030416e-03,5.8725030416e-03,5.8725030416e-03,5.8725030416e-03,5.8725030416e-03,5.8725030416e-03,5.8725030416e-03,5.8725030416e-03,5.8725030416e-03,5.8725030416e-03,5.8725030416e-03,5.8725030416e-03,5.8725030416e-03,5.8725030416e-03,5.8725030416e-03,5.8725030416e-03,5.8725030416e-03,5.8725030416e-03,5.8725030416e-03,5.8725030416e-03,5.8725030416e-03,5.8725030416e-03,5.8725030416e-03,5.8725030416e-03,5.8725030416e-03,5.8725030416e-03,5.8725030416e-03,5.8725030416e-03,5.8725030416e-03,5.8725030416e-03,5.8725030416e-03,5.8725030416e-03,5.8725030416e-03,5.8725030416e-03,5.8725030416e-03,5.8643568541e-03,5.8551074995e-03,5.8449560981e-03,5.8338165112e-03,5.8215947558e-03,5.8081883704e-03,5.7934857470e-03,5.7773654306e-03,5.7596953917e-03,5.7403322748e-03,5.7191206317e-03,5.6853514397e-03,5.6294903537e-03,5.5687128823e-03,5.5026543713e-03,5.4309371553e-03,5.3531733085e-03,5.2214856259e-03,5.0791012179e-03,4.9270479359e-03,4.7491695407e-03,4.5389342997e-03,4.3185367033e-03,4.0696872377e-03,3.8070110194e-03,3.5276224286e-03,3.2387871472e-03,2.9392416365e-03,2.6367720142e-03,2.3334695717e-03,2.0317699306e-03,1.7388872131e-03,1.4601059460e-03,1.2000458760e-03,9.6731721829e-04,7.6561783554e-04,5.9538699768e-04,4.5619896969e-04,3.4331548184e-04,2.5280397976e-04,1.8225548387e-04,1.2844155679e-04,8.8158951362e-05,5.8836131964e-05,3.8125460716e-05,2.3959094391e-05,1.4592977773e-05,8.6401669757e-06,4.9895265456e-06,2.7896068546e-06,1.4943049405e-06,7.4455291076e-07,3.1134796004e-07,5.3278965301e-08,0.0000000000e+00,0.0000000000e+00,0.0000000000e+00,0.0000000000e+00,0.0000000000e+00,0.0000000000e+00,0.0000000000e+00,0.0000000000e+00,0.0000000000e+00,0.0000000000e+00,0.0000000000e+00,0.0000000000e+00,0.0000000000e+00,0.0000000000e+00,0.0000000000e+00,0.0000000000e+00,0.0000000000e+00,0.0000000000e+00,0.0000000000e+00,0.0000000000e+00,0.0000000000e+00,0.0000000000e+00,0.0000000000e+00,0.0000000000e+00,0.0000000000e+00,0.0000000000e+00,0.0000000000e+00
2.8942661247e+03,5.5778665544e-03,5.5778665544e-03,5.5778665544e-03,5.5778665544e-03,5.5778665544e-03,5.5778665544e-03,5.5778665544e-03,5.5778665544e-03,5.5778665544e-03,5.5778665544e-03,5.5778665544e-03,5.5778665544e-03,5.5778665544e-03,5.5778665544e-03,5.5778665544e-03,5.5778665544e-03,5.5778665544e-03,5.5778665544e-03,5.5778665544e-03,5.5778665544e-03,5.5778665544e-03,5.5778665544e-03,5.5778665544e-03,5.5778665544e-03,5.5778665544e-03,5.5778665544e-03,5.5778665544e-03,5.5778665544e-03,5.5778665544e-03,5.5778665544e-03,5.5778665544e-03,5.5778665544e-03,5.5778665544e-03,5.5778665544e-03,5.5778665544e-03,5.5778665544e-03,5.5778665544e-03,5.5778665544e-03,5.5778665544e-03,5.5778665544e-03,5.5778665544e-03,5.5778665544e-03,5.5778665544e-03,5.5778665544e-03,5.5778665544e-03,5.5778665544e-03,5.5778665544e-03,5.5778665544e-03,5.5778665544e-03,5.5778665544e-03,5.5778665544e-03,5.5778665544e-03,5.5778665544e-03,5.5778665544e-03,5.5778665544e-03,5.5778665544e-03,5.5778665544e-03,5.5778665544e-03,5.5778665544e-03,5.5778665544e-03,5.5778665544e-03,5.5778665544e-03,5.5778665544e-03,5.5778665544e-03,5.5778665544e-03,5.5778665544e-03,5.5778665544e-03,5.5778665544e-03,5.5778665544e-03,5.5778665544e-03,5.5778665544e-03,5.5778665544e-03,5.5778665544e-03,5.5778665544e-03,5.5778665544e-03,5.5778665544e-03,5.5778665544e-03,5.5778665544e-03,5.5778665544e-03,5.5778665544e-03,5.5778665544e-03,5.5778665544e-03,5.5778665544e-03,5.5778665544e-03,5.5778665544e-03,5.5778665544e-03,5.5778665544e-03,5.5778665544e-03,5.5778665544e-03,5.5778665544e-03,5.5778665544e-03,5.5778665544e-03,5.5778665544e-03,5.5778665544e-03,5.5778665544e-03,5.5778665544e-03,5.5778665544e-03,5.5778665544e-03,5.5778665544e-03,5.5778665544e-03,5.5778665544e-03,5.5778665544e-03,5.5778665544e-03,5.5778665544e-03,5.5778665544e-03,5.5778665544e-03,5.5778665544e-03,5.5778665544e-03,5.5778665544e-03,5.5778665544e-03,5.5778665544e-03,5.5765573195e-03,5.5724933554e-03,5.5680290730e-03,5.5631254120e-03,5.5577395786e-03,5.5518247046e-03,5.5453294794e-03,5.5381977525e-03,5.5303681055e-03,5.5217733925e-03,5.5123402476e-03,5.5019885590e-03,5.4913827529e-03,5.4800173941e-03,5.4675500822e-03,5.4538769293e-03,5.4388848671e-03,5.4189226069e-03,5.3902489263e-03,5.3589017013e-03,5.3246506027e-03,5.2746002197e-03,5.2168102923e-03,5.1510638828e-03,5.0618066774e-03,4.9648848544e-03,4.8384076272e-03,4.6980459006e-03,4.5341045642e-03,4.3486917739e-03,4.1442554616e-03,3.9206869000e-03,3.6792231103e-03,3.4223805209e-03,3.1536587607e-03,2.8763288268e-03,2.5936675021e-03,2.3069923753e-03,2.0214089711e-03,1.7419339083e-03,1.4734899839e-03,1.2212156335e-03,9.9305279264e-04,7.9345094083e-04,6.2350135276e-04,4.8273325729e-04,3.6749603414e-04,2.7392837606e-04,2.0008069865e-04,1.4302068854e-04,9.9694359941e-05,6.7697526777e-05,4.4754688320e-05,2.8787660022e-05,1.8011614137e-05,1.0969816658e-05,6.5251192447e-06,3.7774585976e-06,2.1273220377e-06,1.1641409612e-06,6.1451099676e-07,2.9726816184e-07,1.0652161852e-07,0.0000000000e+00,0.0000000000e+00,0.0000000000e+00,0.0000000000e+00,0.0000000000e+00,0.0000000000e+00,0.0000000000e+00,0.0000000000e+00,0.0000000000e+00,0.0000000000e+00,0.0000000000e+00,0.0000000000e+00,0.0000000000e+00,0.0000000000e+00,0.0000000000e+00,0.0000000000e+00,0.0000000000e+00,0.0000000000e+00,0.0000000000e+00,0.0000000000e+00,0.0000000000e+00,0.0000000000e+00,0.0000000000e+00,0.0000000000e+00,0.0000000000e+00,0.0000000000e+00
3.0253054571e+03,5.2550812019e-03,5.2550812019e-03,5.2550812019e-03,5.2550812019e-03,5.2550812019e-03,5.2550812019e-03,5.2550812019e-03,5.2550812019e-03,5.2550812019e-03,5.2550812019e-03,5.2550812019e-03,5.2550812019e-03,5.2550812019e-03,5.2550812019e-03,5.2550812019e-03,5.2550812019e-03,5.2550812019e-03,5.2550812019e-03,5.2550812019e-03,5.2550812019e-03,5.2550812019e-03,5.2550812019e-03,5.2550812019e-03,5.2550812019e-03,5.2550812019e-03,5.2550812019e-03,5.2550812019e-03,5.2550812019e-03,5.2550812019e-03,5.2550812019e-03,5.2550812019e-03,5.2550812019e-03,5.2550812019e-03,5.2550812019e-03,5.2550812019e-03,5.2550812019e-03,5.2550812019e-03,5.2550812019e-03,5.2550812019e-03,5.2550812019e-03,5.2550812019e-03,5.2550812019e-03,5.2550812019e-03,5.2550812019e-03,5.2550812019e-03,5.2550812019e-03,5.2550812019e-03,5.2550812019e-03,5.2550812019e-03,5.2550812019e-03,5.2550812019e-03,5.2550812019e-03,5.2550812019e-03,5.2550812019e-03,5.2550812019e-03,5.2550812019e-03,5.2550812019e-03,5.2550812019e-03,5.2550812019e-03,5.2550812019e-03,5.2550812019e-03,5.2550812019e-03,5.2550812019e-03,5.2550812019e-03,5.2550812019e-03,5.2550812019e-03,5.2550812019e-03,5.2550812019e-03,5.2550812019e-03,5.2550812019e-03,5.2550812019e-03,5.2550812019e-03,5.2550812019e-03,5.2550812019e-03,5.2550812019e-03,5.2550812019e-03,5.2550812019e-03,5.2550812019e-03,5.2550812019e-03,5.2550812019e-03,5.2550812019e-03,5.2550812019e-03,5.2550812019e-03,5.2550812019e-03,5.2550812019e-03,5.2550812019e-03,5.2550812019e-03,5.2550812019e-03,5.2550812019e-03,5.2550812019e-03,5.2550812019e-03,5.2550812019e-03,5.2550812019e-03,5.2550812019e-03,5.2550812019e-03,5.2550812019e-03,5.2550812019e-03,5.2550812019e-03,5.2550812019e-03,5.2550812019e-03,5.2550812019e-03,5.2550812019e-03,5.2550812019e-03,5.2550812019e-03,5.2550812019e-03,5.2550812019e-03,5.2550812019e-03,5.2550812019e-03,5.2550812019e-03,5.2550812019e-03,5.2550812019e-03,5.2550812019e-03,5.2550812019e-03,5.2516936549e-03,5.2474310658e-03,5.2427490008e-03,5.2376066151e-03,5.2319591778e-03,5.2257577207e-03,5.2189486597e-03,5.2114733880e-03,5.2032678379e-03,5.1942620129e-03,5.1843794874e-03,5.1733922779e-03,5.1609282754e-03,5.1472606819e-03,5.1322770414e-03,5.1158551739e-03,5.0978624993e-03,5.0667852561e-03,5.0311532492e-03,4.9922704606e-03,4.9436964555e-03,4.8774245647e-03,4.8055935833e-03,4.7123946229e-03,4.6042084923e-03,4.4766500179e-03,4.3309861208e-03,4.1630062052e-03,3.9785422627e-03,3.7755199450e-03,3.5537879256e-03,3.3177947517e-03,3.0697263045e-03,2.8122554732e-03,2.5481938411e-03,2.2785024319e-03,2.0084889904e-03,1.7417921414e-03,1.4839340475e-03,1.2395523037e-03,1.0166118073e-03,8.1965573860e-04,6.5037245274e-04,5.0862628245e-04,3.9131655738e-04,2.9495406003e-04,2.1800913620e-04,1.5778932450e-04,1.1146415113e-04,7.6776368680e-05,5.1538431246e-05,3.3701185626e-05,2.1460594814e-05,1.3307854078e-05,8.0363986652e-06,4.7301059125e-06,2.7187242747e-06,1.5238859540e-06,8.3202793156e-07,4.3127546378e-07,1.9808051408e-07,5.3368711560e-08,0.0000000000e+00,0.0000000000e+00,0.0000000000e+00,0.0000000000e+00,0.0000000000e+00,0.0000000000e+00,0.0000000000e+00,0.0000000000e+00,0.0000000000e+00,0.0000000000e+00,0.0000000000e+00,0.0000000000e+00,0.0000000000e+00,0.0000000000e+00,0.0000000000e+00,0.0000000000e+00,0.0000000000e+00,0.0000000000e+00,0.0000000000e+00,0.0000000000e+00,0.0000000000e+00,0.0000000000e+00,0.0000000000e+00,0.0000000000e+00,0.0000000000e+00
3.1622776602e+03,4.9144826272e-03,4.9144826272e-03,4.9144826272e-03,4.9144826272e-03,4.9144826272e-03,4.9144826272e-03,4.9144826272e-03,4.9144826272e-03,4.9144826272e-03,4.9144826272e-03,4.9144826272e-03,4.9144826272e-03,4.9144826272e-03,4.9144826272e-03,4.9144826272e-03,4.9144826272e-03,4.9144826272e-03,4.9144826272e-03,4.9144826272e-03,4.9144826272e-03,4.9144826272e-03,4.9144826272e-03,4.9144826272e-03,4.9144826272e-03,4.9144826272e-03,4.9144826272e-03,4.9144826272e-03,4.9144826272e-03,4.9144826272e-03,4.9144826272e-03,4.9144826272e-03,4.9144826272e-03,4.9144826272e-03,4.9144826272e-03,4.9144826272e-03,4.9144826272e-03,4.9144826272e-03,4.9144826272e-03,4.9144826272e-03,4.9144826272e-03,4.9144826272e-03,4.9144826272e-03,4.9144826272e-03,4.9144826272e-03,4.9144826272e-03,4.9144826272e-03,4.9144826272e-03,4.9144826272e-03,4.9144826272e-03,4.9144826272e-03,4.9144826272e-03,4.9144826272e-03,4.9144826272e-03,4.9144826272e-03,4.9144826272e-03,4.9144826272e-03,4.9144826272e-03,4.9144826272e-03,4.9144826272e-03,4.9144826272e-03,4.9144826272e-03,4.9144826272e-03,4.9144826272e-03,4.9144826272e-03,4.9144826272e-03,4.9144826272e-03,4.9144826272e-03,4.9144826272e-03,4.9144826272e-03,4.9144826272e-03,4.9144826272e-03,4.9144826272e-03,4.9144826272e-03,4.9144826272e-03,4.9144826272e-03,4.9144826272e-03,4.9144826272e-03,4.9144826272e-03,4.9144826272e-03,4.9144826272e-03,4.9144826272e-03,4.9144826272e-03,4.9144826272e-03,4.9144826272e-03,4.9144826272e-03,4.9144826272e-03,4.9144826272e-03,4.9144826272e-03,4.9144826272e-03,4.9144826272e-03,4.9144826272e-03,4.9144826272e-03,4.9144826272e-03,4.9144826272e-03,4.9144826272e-03,4.9144826272e-03,4.9144826272e-03,4.9144826272e-03,4.9144826272e-03,4.9144826272e-03,4.9144826272e-03,4.9144826272e-03,4.9144826272e-03,4.9144826272e-03,4.9144826272e-03,4.9144826272e-03,4.9144826272e-03,4.9144826272e-03,4.9144826272e-03,4.9144826272e-03,4.9144826272e-03,4.9144826272e-03,4.9144826272e-03,4.9144826272e-03,4.9144826272e-03,4.9144826272e-03,4.9144826272e-03,4.9144826272e-03,4.9144826272e-03,4.9144826272e-03,4.9110663128e-03,4.9035849779e-03,4.8953735581e-03,4.8863622389e-03,4.8764748279e-03,4.8656282344e-03,4.8537319205e-03,4.8406873249e-03,4.8263872614e-03,4.8107152968e-03,4.7935451132e-03,4.7747398617e-03,4.7278169618e-03,4.6734159638e-03,4.6143325447e-03,4.5502410583e-03,4.4808091678e-03,4.3855883242e-03,4.2625072171e-03,4.1311809025e-03,3.9914721640e-03,3.8165775366e-03,3.6315808946e-03,3.4330776642e-03,3.2142962748e-03,2.9877284369e-03,2.7472892989e-03,2.5006577150e-03,2.2487579293e-03,1.9923403321e-03,1.7387309125e-03,1.4915555101e-03,1.2559003666e-03,1.0385609594e-03,8.4477827375e-04,6.7627039718e-04,5.3406256708e-04,4.1491897562e-04,3.1610081397e-04,2.3621834348e-04,1.7291998709e-04,1.2359274517e-04,8.6192650986e-05,5.8577886386e-05,3.8773430617e-05,2.4977071681e-05,1.5657205851e-05,9.5584394277e-06,5.6747872293e-06,3.2786196434e-06,1.8350132626e-06,9.8101644534e-07,4.7001760245e-07,1.6212492443e-07,0.0000000000e+00,0.0000000000e+00,0.0000000000e+00,0.0000000000e+00,0.0000000000e+00,0.0000000000e+00,0.0000000000e+00,0.0000000000e+00,0.0000000000e+00,0.0000000000e+00,0.0000000000e+00,0.0000000000e+00,0.0000000000e+00,0.0000000000e+00,0.0000000000e+00,0.0000000000e+00,0.0000000000e+00,0.0000000000e+00,0.0000000000e+00,0.0000000000e+00,0.0000000000e+00,0.0000000000e+00,0.0000000000e+00,0.0000000000e+00,0.0000000000e+00,0.0000000000e+00
3.3054513476e+03,4.6524486505e-03,4.6524486505e-03,4.6524486505e-03,4.6524486505e-03,4.6524486505e-03,4.6524486505e-03,4.6524486505e-03,4.6524486505e-03,4.6524486505e-03,4.6524486505e-03,4.6524486505e-03,4.6524486505e-03,4.6524486505e-03,4.6524486505e-03,4.6524486505e-03,4.6524486505e-03,4.6524486505e-03,4.6524486505e-03,4.6524486505e-03,4.6524486505e-03,4.6524486505e-03,4.6524486505e-03,4.6524486505e-03,4.6524486505e-03,4.6524486505e-03,4.6524486505e-03,4.6524486505e-03,4.6524486505e-03,4.6524486505e-03,4.6524486505e-03,4.6524486505e-03,4.6524486505e-03,4.6524486505e-03,4.6524486505e-03,4.6524486505e-03,4.6524486505e-03,4.6524486505e-03,4.6524486505e-03,4.6524486505e-03,4.6524486505e-03,4.6524486505e-03,4.6524486505e-03,4.6524486505e-03,4.6524486505e-03,4.6524486505e-03,4.6524486505e-03,4.6524486505e-03,4.6524486505e-03,4.6524486505e-03,4.6524486505e-03,4.6524486505e-03,4.6524486505e-03,4.6524486505e-03,4.6524486505e-03,4.6524486505e-03,4.6524486505e-03,4.6524486505e-03,4.6524486505e-03,4.6524486505e-03,4.6524486505e-03,4.6524486505e-03,4.6524486505e-03,4.6524486505e-03,4.6524486505e-03,4.6524486505e-03,4.6524486505e-03,4.6524486505e-03,4.6524486505e-03,4.6524486505e-03,4.6524486505e-03,4.6524486505e-03,4.6524486505e-03,4.6524486505e-03,4.6524486505e-03,4.6524486505e-03,4.6524486505e-03,4.6524486505e-03,4.6524486505e-03,4.6524486505e-03,4.6524486505e-03,4.6524486505e-03,4.6524486505e-03,4.6524486505e-03,4.6524486505e-03,4.6524486505e-03,4.6524486505e-03,4.6524486505e-03,4.6524486505e-03,4.6524486505e-03,4.6524486505e-03,4.6524486505e-03,4.6524486505e-03,4.6524486505e-03,4.6524486505e-03,4.6524486505e-03,4.6524486505e-03,4.6524486505e-03,4.6524486505e-03,4.6524486505e-03,4.6524486505e-03,4.6524486505e-03,4.6524486505e-03,4.6524486505e-03,4.6524486505e-03,4.6524486505e-03,4.6524486505e-03,4.6524486505e-03,4.6524486505e-03,4.6524486505e-03,4.6524486505e-03,4.6524486505e-03,4.6524486505e-03,4.6524486505e-03,4.6501527158e-03,4.6472632214e-03,4.6440887411e-03,4.6406013933e-03,4.6367706156e-03,4.6325629171e-03,4.6279416095e-03,4.6228665163e-03,4.6172936584e-03,4.6111749153e-03,4.6044576600e-03,4.5967950231e-03,4.5875607986e-03,4.5774306016e-03,4.5663198284e-03,4.5541363705e-03,4.5407800512e-03,4.5170053609e-03,4.4896561365e-03,4.4597809418e-03,4.4221980115e-03,4.3704318255e-03,4.3142219053e-03,4.2407119180e-03,4.1549800391e-03,4.0531942332e-03,3.9362500926e-03,3.8002184905e-03,3.6497785328e-03,3.4828086359e-03,3.2987171699e-03,3.1009525769e-03,2.8909788672e-03,2.6707104117e-03,2.4421788111e-03,2.2058938538e-03,1.9662915451e-03,1.7262796575e-03,1.4907520759e-03,1.2639664653e-03,1.0535445018e-03,8.6426738150e-04,6.9844860844e-04,5.5680029623e-04,4.3709667261e-04,3.3660852285e-04,2.5450123291e-04,1.8865657277e-04,1.3669593706e-04,9.6734700626e-05,6.6833473530e-05,4.5070528131e-05,2.9669817886e-05,1.9074737466e-05,1.1974325971e-05,7.3124521185e-06,4.3587983487e-06,2.5417664271e-06,1.4527402039e-06,8.0317073619e-07,4.2150436431e-07,1.9740061149e-07,5.7407088311e-08,0.0000000000e+00,0.0000000000e+00,0.0000000000e+00,0.0000000000e+00,0.0000000000e+00,0.0000000000e+00,0.0000000000e+00,0.0000000000e+00,0.0000000000e+00,0.0000000000e+00,0.0000000000e+00,0.0000000000e+00,0.0000000000e+00,0.0000000000e+00,0.0000000000e+00,0.0000000000e+00,0.0000000000e+00,0.0000000000e+00,0.0000000000e+00,0.0000000000e+00,0.0000000000e+00,0.0000000000e+00,0.0000000000e+00,0.0000000000e+00
3.4551072946e+03,4.3560283200e-03,4.3560283200e-03,4.3560283200e-03,4.3560283200e-03,4.3560283200e-03,4.3560283200e-03,4.3560283200e-03,4.3560283200e-03,4.3560283200e-03,4.3560283200e-03,4.3560283200e-03,4.3560283200e-03,4.3560283200e-03,4.3560283200e-03,4.3560283200e-03,4.3560283200e-03,4.3560283200e-03,4.3560283200e-03,4.3560283200e-03,4.3560283200e-03,4.3560283200e-03,4.3560283200e-03,4.3560283200e-03,4.3560283200e-03,4.3560283200e-03,4.3560283200e-03,4.3560283200e-03,4.3560283200e-03,4.3560283200e-03,4.3560283200e-03,4.3560283200e-03,4.3560283200e-03,4.3560283200e-03,4.3560283200e-03,4.3560283200e-03,4.3560283200e-03,4.3560283200e-03,4.3560283200e-03,4.3560283200e-03,4.3560283200e-03,4.3560283200e-03,4.3560283200e-03,4.3560283200e-03,4.3560283200e-03,4.3560283200e-03,4.3560283200e-03,4.3560283200e-03,4.3560283200e-03,4.3560283200e-03,4.3560283200e-03,4.3560283200e-03,4.3560283200e-03,4.3560283200e-03,4.3560283200e-03,4.3560283200e-03,4.3560283200e-03,4.3560283200e-03,4.3560283200e-03,4.3560283200e-03,4.3560283200e-03,4.3560283200e-03,4.3560283200e-03,4.3560283200e-03,4.3560283200e-03,4.3560283200e-03,4.3560283200e-03,4.3560283200e-03,4.3560283200e-03,4.3560283200e-03,4.3560283200e-03,4.3560283200e-03,4.3560283200e-03,4.3560283200e-03,4.3560283200e-03,4.3560283200e-03,4.3560283200e-03,4.3560283200e-03,4.3560283200e-03,4.3560283200e-03,4.3560283200e-03,4.3560283200e-03,4.3560283200e-03,4.3560283200e-03,4.3560283200e-03,4.3560283200e-03,4.3560283200e-03,4.3560283200e-03,4.3560283200e-03,4.3560283200e-03,4.3560283200e-03,4.3560283200e-03,4.3560283200e-03,4.3560283200e-03,4.3560283200e-03,4.3560283200e-03,4.3560283200e-03,4.3560283200e-03,4.3560283200e-03,4.3560283200e-03,4.3560283200e-03,4.3560283200e-03,4.3560283200e-03,4.3560283200e-03,4.3560283200e-03,4.3560283200e-03,4.3560283200e-03,4.3560283200e-03,4.3560283200e-03,4.3560283200e-03,4.3560283200e-03,4.3560283200e-03,4.3560283200e-03,4.3560283200e-03,4.3560283200e-03,4.3560283200e-03,4.3560283200e-03,4.3560283200e-03,4.3560283200e-03,4.3560283200e-03,4.3560283200e-03,4.3535149478e-03,4.3480099135e-03,4.3419660123e-03,4.3353313720e-03,4.3280493093e-03,4.3200579219e-03,4.3112896537e-03,4.3016708341e-03,4.2911211923e-03,4.2795533462e-03,4.2668722707e-03,4.2529747467e-03,4.2166431639e-03,4.1743719668e-03,4.1283901632e-03,4.0784245482e-03,4.0241926331e-03,3.9489624144e-03,3.8508744159e-03,3.7458510000e-03,3.6336962207e-03,3.4912750536e-03,3.3397921113e-03,3.1759539903e-03,2.9933514163e-03,2.8027324209e-03,2.5979735370e-03,2.3857620832e-03,2.1664518750e-03,1.9402225856e-03,1.7134839513e-03,1.4892799560e-03,1.2721889068e-03,1.0686417559e-03,8.8394287198e-04,7.2033266928e-04,5.7952679054e-04,4.5914670048e-04,3.5716544547e-04,2.7286545585e-04,2.0446827378e-04,1.4982628145e-04,1.0729770290e-04,7.5021997251e-05,5.1198535450e-05,3.4093605838e-05,2.2162930392e-05,1.4076075113e-05,8.7148130072e-06,5.2619519716e-06,3.0924501998e-06,1.7582421830e-06,9.3551643333e-07,4.3283927585e-07,1.3647964543e-07,2.6495039478e-09,0.0000000000e+00,0.0000000000e+00,0.0000000000e+00,0.0000000000e+00,0.0000000000e+00,0.0000000000e+00,0.0000000000e+00,0.0000000000e+00,0.0000000000e+00,0.0000000000e+00,0.0000000000e+00,0.0000000000e+00,0.0000000000e+00,0.0000000000e+00,0.0000000000e+00,0.0000000000e+00,0.0000000000e+00,0.0000000000e+00,0.0000000000e+00,0.0000000000e+00,0.0000000000e+00,0.0000000000e+00,0.0000000000e+00,0.0000000000e+00
3.6115389887e+03,4.1040885146e-03,4.1040885146e-03,4.1040885146e-03,4.1040885146e-03,4.1040885146e-03,4.1040885146e-03,4.1040885146e-03,4.1040885146e-03,4.1040885146e-03,4.1040885146e-03,4.1040885146e-03,4.1040885146e-03,4.1040885146e-03,4.1040885146e-03,4.1040885146e-03,4.1040885146e-03,4.1040885146e-03,4.1040885146e-03,4.1040885146e-03,4.1040885146e-03,4.1040885146e-03,4.1040885146e-03,4.1040885146e-03,4.1040885146e-03,4.1040885146e-03,4.1040885146e-03,4.1040885146e-03,4.1040885146e-03,4.1040885146e-03,4.1040885146e-03,4.1040885146e-03,4.1040885146e-03,4.1040885146e-03,4.1040885146e-03,4.1040885146e-03,4.1040885146e-03,4.1040885146e-03,4.1040885146e-03,4.1040885146e-03,4.1040885146e-03,4.1040885146e-03,4.1040885146e-03,4.1040885146e-03,4.1040885146e-03,4.1040885146e-03,4.1040885146e-03,4.1040885146e-03,4.1040885146e-03,4.1040885146e-03,4.1040885146e-03,4.1040885146e-03,4.1040885146e-03,4.1040885146e-03,4.1040885146e-03,4.1040885146e-03,4.1040885146e-03,4.1040885146e-03,4.1040885146e-03,4.1040885146e-03,4.1040885146e-03,4.1040885146e-03,4.1040885146e-03,4.1040885146e-03,4.1040885146e-03,4.1040885146e-03,4.1040885146e-03,4.1040885146e-03,4.1040885146e-03,4.1040885146e-03,4.1040885146e-03,4.1040885146e-03,4.1040885146e-03,4.1040885146e-03,4.1040885146e-03,4.1040885146e-03,4.1040885146e-03,4.1040885146e-03,4.1040885146e-03,4.1040885146e-03,4.1040885146e-03,4.1040885146e-03,4.1040885146e-03,4.1040885146e-03,4.1040885146e-03,4.1040885146e-03,4.1040885146e-03,4.1040885146e-03,4.1040885146e-03,4.1040885146e-03,4.1040885146e-03,4.1040885146e-03,4.1040885146e-03,4.1040885146e-03,4.1040885146e-03,4.1040885146e-03,4.1040885146e-03,4.1040885146e-03,4.1040885146e-03,4.1040885146e-03,4.1040885146e-03,4.1040885146e-03,4.1040885146e-03,4.1040885146e-03,4.1040885146e-03,4.1040885146e-03,4.1040885146e-03,4.1040885146e-03,4.1040885146e-03,4.1040885146e-03,4.1040885146e-03,4.1040885146e-03,4.1040885146e-03,4.1040885146e-03,4.1040885146e-03,4.1034241450e-03,4.1016140290e-03,4.0996250078e-03,4.0974394997e-03,4.0950382161e-03,4.0924000001e-03,4.0895016510e-03,4.0863177331e-03,4.0828203683e-03,4.0789790107e-03,4.0747602028e-03,4.0701273110e-03,4.0618140663e-03,4.0518135862e-03,4.0408480154e-03,4.0288273089e-03,4.0156536617e-03,3.9967861867e-03,3.9692053504e-03,3.9391040672e-03,3.9062757198e-03,3.8566677574e-03,3.8002830220e-03,3.7359482523e-03,3.6523795135e-03,3.5615848967e-03,3.4508316965e-03,3.3294367217e-03,3.1928683180e-03,3.0414064617e-03,2.8776062250e-03,2.7018064015e-03,2.5152579732e-03,2.3195365335e-03,2.1151541168e-03,1.9050102131e-03,1.6919816812e-03,1.4796709192e-03,1.2722548117e-03,1.0766478223e-03,8.9770073910e-04,7.3797100626e-04,5.9893542160e-04,4.7909251970e-04,3.7643402643e-04,2.9071105456e-04,2.2036066910e-04,1.6349003834e-04,1.1864709615e-04,8.4186280166e-05,5.8402226527e-05,3.9620163036e-05,2.6299909599e-05,1.7084463880e-05,1.0812629955e-05,6.6691950415e-06,4.0280031446e-06,2.3912899912e-06,1.3824667529e-06,7.7289593348e-07,4.1188858283e-07,1.9798710946e-07,6.3806726347e-08,0.0000000000e+00,0.0000000000e+00,0.0000000000e+00,0.0000000000e+00,0.0000000000e+00,0.0000000000e+00,0.0000000000e+00,0.0000000000e+00,0.0000000000e+00,0.0000000000e+00,0.0000000000e+00,0.0000000000e+00,0.0000000000e+00,0.0000000000e+00,0.0000000000e+00,0.0000000000e+00,0.0000000000e+00,0.0000000000e+00,0.0000000000e+00,0.0000000000e+00,0.0000000000e+00,0.0000000000e+00,0.0000000000e+00
3.7750532053e+03,3.8524007071e-03,3.8524007071e-03,3.8524007071e-03,3.8524007071e-03,3.8524007071e-03,3.8524007071e-03,3.8524007071e-03,3.8524007071e-03,3.8524007071e-03,3.8524007071e-03,3.8524007071e-03,3.8524007071e-03,3.8524007071e-03,3.8524007071e-03,3.8524007071e-03,3.8524007071e-03,3.8524007071e-03,3.8524007071e-03,3.8524007071e-03,3.8524007071e-03,3.8524007071e-03,3.8524007071e-03,3.8524007071e-03,3.8524007071e-03,3.8524007071e-03,3.8524007071e-03,3.8524007071e-03,3.8524007071e-03,3.8524007071e-03,3.8524007071e-03,3.8524007071e-03,3.8524007071e-03,3.8524007071e-03,3.8524007071e-03,3.8524007071e-03,3.8524007071e-03,3.8524007071e-03,3.8524007071e-03,3.8524007071e-03,3.8524007071e-03,3.8524007071e-03,3.8524007071e-03,3.8524007071e-03,3.8524007071e-03,3.8524007071e-03,3.8524007071e-03,3.8524007071e-03,3.8524007071e-03,3.8524007071e-03,3.8524007071e-03,3.8524007071e-03,3.8524007071e-03,3.8524007071e-03,3.8524007071e-03,3.8524007071e-03,3.8524007071e-03,3.8524007071e-03,3.8524007071e-03,3.8524007071e-03,3.8524007071e-03,3.8524007071e-03,3.8524007071e-03,3.8524007071e-03,3.8524007071e-03,3.8524007071e-03,3.8524007071e-03,3.8524007071e-03,3.8524007071e-03,3.8524007071e-03,3.8524007071e-03,3.8524007071e-03,3.8524007071e-03,3.8524007071e-03,3.8524007071e-03,3.8524007071e-03,3.8524007071e-03,3.8524007071e-03,3.8524007071e-03,3.8524007071e-03,3.8524007071e-03,3.8524007071e-03,3.8524007071e-03,3.8524007071e-03,3.8524007071e-03,3.8524007071e-03,3.8524007071e-03,3.8524007071e-03,3.8524007071e-03,3.8524007071e-03,3.8524007071e-03,3.8524007071e-03,3.8524007071e-03,3.8524007071e-03,3.8524007071e-03,3.8524007071e-03,3.8524007071e-03,3.8524007071e-03,3.8524007071e-03,3.8524007071e-03,3.8524007071e-03,3.8524007071e-03,3.8524007071e-03,3.8524007071e-03,3.8524007071e-03,3.8524007071e-03,3.8524007071e-03,3.8524007071e-03,3.8524007071e-03,3.8524007071e-03,3.8524007071e-03,3.8524007071e-03,3.8524007071e-03,3.8524007071e-03,3.8524007071e-03,3.8524007071e-03,3.8524007071e-03,3.8510325631e-03,3.8493983843e-03,3.8476026578e-03,3.8456295008e-03,3.8434614877e-03,3.8410795029e-03,3.8384625826e-03,3.8355877409e-03,3.8324297817e-03,3.8289610943e-03,3.8251514317e-03,3.8188818186e-03,3.8073073064e-03,3.7946233982e-03,3.7807281592e-03,3.7655112014e-03,3.7488531762e-03,3.7177908076e-03,3.6828448120e-03,3.6448060285e-03,3.5968540426e-03,3.5333781190e-03,3.4648880582e-03,3.3794219507e-03,3.2832221897e-03,3.1730205293e-03,3.0510153707e-03,2.9135303738e-03,2.7652286960e-03,2.6055601298e-03,2.4338547305e-03,2.2531956630e-03,2.0639057096e-03,1.8680673743e-03,1.6680911653e-03,1.4674297292e-03,1.2700628441e-03,1.0825604019e-03,9.0962589931e-04,7.5392275258e-04,6.1719372794e-04,4.9811257793e-04,3.9516999626e-04,3.0826020879e-04,2.3616047139e-04,1.7719516239e-04,1.3012308789e-04,9.3504126245e-05,6.5735696911e-05,4.5230422411e-05,3.0481916993e-05,2.0120009080e-05,1.2954079363e-05,8.1281666560e-06,4.9761350931e-06,2.9983746539e-06,1.7677748497e-06,1.0128253470e-06,5.6085143492e-07,2.9422259445e-07,1.3493155752e-07,3.0007634362e-08,0.0000000000e+00,0.0000000000e+00,0.0000000000e+00,0.0000000000e+00,0.0000000000e+00,0.0000000000e+00,0.0000000000e+00,0.0000000000e+00,0.0000000000e+00,0.0000000000e+00,0.0000000000e+00,0.0000000000e+00,0.0000000000e+00,0.0000000000e+00,0.0000000000e+00,0.0000000000e+00,0.0000000000e+00,0.0000000000e+00,0.0000000000e+00,0.0000000000e+00,0.0000000000e+00,0.0000000000e+00
3.9459706091e+03,3.6200603585e-03,3.6200603585e-03,3.6200603585e-03,3.6200603585e-03,3.6200603585e-03,3.6200603585e-03,3.6200603585e-03,3.6200603585e-03,3.6200603585e-03,3.6200603585e-03,3.6200603585e-03,3.6200603585e-03,3.6200603585e-03,3.6200603585e-03,3.6200603585e-03,3.6200603585e-03,3.6200603585e-03,3.6200603585e-03,3.6200603585e-03,3.6200603585e-03,3.6200603585e-03,3.6200603585e-03,3.6200603585e-03,3.6200603585e-03,3.6200603585e-03,3.6200603585e-03,3.6200603585e-03,3.6200603585e-03,3.6200603585e-03,3.6200603585e-03,3.6200603585e-03,3.6200603585e-03,3.6200603585e-03,3.6200603585e-03,3.6200603585e-03,3.6200603585e-03,3.6200603585e-03,3.6200603585e-03,3.6200603585e-03,3.6200603585e-03,3.6200603585e-03,3.6200603585e-03,3.6200603585e-03,3.6200603585e-03,3.6200603585e-03,3.6200603585e-03,3.6200603585e-03,3.6200603585e-03,3.6200603585e-03,3.6200603585e-03,3.6200603585e-03,3.6200603585e-03,3.6200603585e-03,3.6200603585e-03,3.6200603585e-03,3.6200603585e-03,3.6200603585e-03,3.6200603585e-03,3.6200603585e-03,3.6200603585e-03,3.6200603585e-03,3.6200603585e-03,3.6200603585e-03,3.6200603585e-03,3.6200603585e-03,3.6200603585e-03,3.6200603585e-03,3.6200603585e-03,3.6200603585e-03,3.6200603585e-03,3.6200603585e-03,3.6200603585e-03,3.6200603585e-03,3.6200603585e-03,3.6200603585e-03,3.6200603585e-03,3.6200603585e-03,3.6200603585e-03,3.6200603585e-03,3.6200603585e-03,3.6200603585e-03,3.6200603585e-03,3.6200603585e-03,3.6200603585e-03,3.6200603585e-03,3.6200603585e-03,3.6200603585e-03,3.6200603585e-03,3.6200603585e-03,3.6200603585e-03,3.6200603585e-03,3.6200603585e-03,3.6200603585e-03,3.6200603585e-03,3.6200603585e-03,3.6200603585e-03,3.6200603585e-03,3.6200603585e-03,3.6200603585e-03,3.6200603585e-03,3.6200603585e-03,3.6200603585e-03,3.6200603585e-03,3.6200603585e-03,3.6200603585e-03,3.6200603585e-03,3.6200603585e-03,3.6200603585e-03,3.6200603585e-03,3.6200603585e-03,3.6200603585e-03,3.6200603585e-03,3.6200603585e-03,3.6200603585e-03,3.6200603585e-03,3.6200603585e-03,3.6200603585e-03,3.6200603585e-03,3.6200603585e-03,3.6200603585e-03,3.6200603585e-03,3.6200603585e-03,3.6200603585e-03,3.6165936334e-03,3.6096762083e-03,3.6020868362e-03,3.5937619077e-03,3.5846321369e-03,3.5746221284e-03,3.5636499256e-03,3.5516265457e-03,3.5384555050e-03,3.5240323400e-03,3.5082441336e-03,3.4909690539e-03,3.4446324742e-03,3.3925762041e-03,3.3362557337e-03,3.2754184175e-03,3.2098165960e-03,3.1245169489e-03,3.0209704005e-03,2.9110924378e-03,2.7949047316e-03,2.6552495964e-03,2.5096473382e-03,2.3545008335e-03,2.1868975061e-03,2.0136812786e-03,1.8299919481e-03,1.6431214280e-03,1.4549975623e-03,1.2665370351e-03,1.0872960550e-03,9.2054458115e-04,7.6906208179e-04,6.3479130195e-04,5.1675554389e-04,4.1353199589e-04,3.2574130938e-04,2.5196888807e-04,1.9104838421e-04,1.4182436606e-04,1.0304845103e-04,7.3271435811e-05,5.1009077660e-05,3.4763655700e-05,2.3190049920e-05,1.5072512612e-05,9.5379807933e-06,5.8844641558e-06,3.5595944552e-06,2.0958055229e-06,1.1880055216e-06,6.3363795325e-07,2.9658236404e-07,8.9690580655e-08,0.0000000000e+00,0.0000000000e+00,0.0000000000e+00,0.0000000000e+00,0.0000000000e+00,0.0000000000e+00,0.0000000000e+00,0.0000000000e+00,0.0000000000e+00,0.0000000000e+00,0.0000000000e+00,0.0000000000e+00,0.0000000000e+00,0.0000000000e+00,0.0000000000e+00,0.0000000000e+00,0.0000000000e+00,0.0000000000e+00,0.0000000000e+00,0.0000000000e+00,0.0000000000e+00,0.0000000000e+00,0.0000000000e+00
4.1246263829e+03,3.3903628901e-03,3.3903628901e-03,3.3903628901e-03,3.3903628901e-03,3.3903628901e-03,3.3903628901e-03,3.3903628901e-03,3.3903628901e-03,3.3903628901e-03,3.3903628901e-03,3.3903628901e-03,3.3903628901e-03,3.3903628901e-03,3.3903628901e-03,3.3903628901e-03,3.3903628901e-03,3.3903628901e-03,3.3903628901e-03,3.3903628901e-03,3.3903628901e-03,3.3903628901e-03,3.3903628901e-03,3.3903628901e-03,3.3903628901e-03,3.3903628901e-03,3.3903628901e-03,3.3903628901e-03,3.3903628901e-03,3.3903628901e-03,3.3903628901e-03,3.3903628901e-03,3.3903628901e-03,3.3903628901e-03,3.3903628901e-03,3.3903628901e-03,3.3903628901e-03,3.3903628901e-03,3.3903628901e-03,3.3903628901e-03,3.3903628901e-03,3.3903628901e-03,3.3903628901e-03,3.3903628901e-03,3.3903628901e-03,3.3903628901e-03,3.3903628901e-03,3.3903628901e-03,3.3903628901e-03,3.3903628901e-03,3.3903628901e-03,3.3903628901e-03,3.3903628901e-03,3.3903628901e-03,3.3903628901e-03,3.3903628901e-03,3.3903628901e-03,3.3903628901e-03,3.3903628901e-03,3.3903628901e-03,3.3903628901e-03,3.3903628901e-03,3.3903628901e-03,3.3903628901e-03,3.3903628901e-03,3.3903628901e-03,3.3903628901e-03,3.3903628901e-03,3.3903628901e-03,3.3903628901e-03,3.3903628901e-03,3.3903628901e-03,3.3903628901e-03,3.3903628901e-03,3.3903628901e-03,3.3903628901e-03,3.3903628901e-03,3.3903628901e-03,3.3903628901e-03,3.3903628901e-03,3.3903628901e-03,3.3903628901e-03,3.3903628901e-03,3.3903628901e-03,3.3903628901e-03,3.3903628901e-03,3.3903628901e-03,3.3903628901e-03,3.3903628901e-03,3.3903628901e-03,3.3903628901e-03,3.3903628901e-03,3.3903628901e-03,3.3903628901e-03,3.3903628901e-03,3.3903628901e-03,3.3903628901e-03,3.3903628901e-03,3.3903628901e-03,3.3903628901e-03,3.3903628901e-03,3.3903628901e-03,3.3903628901e-03,3.3903628901e-03,3.3903628901e-03,3.3903628901e-03,3.3903628901e-03,3.3903628901e-03,3.3903628901e-03,3.3903628901e-03,3.3903628901e-03,3.3903628901e-03,3.3903628901e-03,3.3903628901e-03,3.3903628901e-03,3.3903628901e-03,3.3903628901e-03,3.3903628901e-03,3.3898078715e-03,3.3884599155e-03,3.3869786648e-03,3.3853510061e-03,3.3835625497e-03,3.3815975087e-03,3.3794385671e-03,3.3770667353e-03,3.3744611939e-03,3.3715991240e-03,3.3684555219e-03,3.3650029998e-03,3.3546324297e-03,3.3419771159e-03,3.3281196412e-03,3.3129517881e-03,3.2963568375e-03,3.2718174462e-03,3.2368913699e-03,3.1989256271e-03,3.1577018243e-03,3.0981644543e-03,3.0322426519e-03,2.9581732413e-03,2.8686036627e-03,2.7719289422e-03,2.6598973386e-03,2.5389715162e-03,2.4070947836e-03,2.2641025069e-03,2.1120741959e-03,1.9512063123e-03,1.7825749874e-03,1.6084162921e-03,1.4314189629e-03,1.2547252494e-03,1.0843301753e-03,9.2458278745e-04,7.7842270279e-04,6.4770613006e-04,5.3182993863e-04,4.2963372362e-04,3.4166589002e-04,2.6712790031e-04,2.0481273976e-04,1.5389886883e-04,1.1328570370e-04,8.1697339030e-05,5.7741278968e-05,4.0026142644e-05,2.7221048679e-05,1.8101428260e-05,1.1765786755e-05,7.4778420825e-06,4.6523534077e-06,2.8196183064e-06,1.6780710983e-06,9.7459344451e-07,5.5043278263e-07,2.9863631121e-07,1.4638454800e-07,4.7206643906e-08,0.0000000000e+00,0.0000000000e+00,0.0000000000e+00,0.0000000000e+00,0.0000000000e+00,0.0000000000e+00,0.0000000000e+00,0.0000000000e+00,0.0000000000e+00,0.0000000000e+00,0.0000000000e+00,0.0000000000e+00,0.0000000000e+00,0.0000000000e+00,0.0000000000e+00,0.0000000000e+00,0.0000000000e+00,0.0000000000e+00,0.0000000000e+00,0.0000000000e+00,0.0000000000e+00
4.3113708854e+03,3.1878992892e-03,3.1878992892e-03,3.1878992892e-03,3.1878992892e-03,3.1878992892e-03,3.1878992892e-03,3.1878992892e-03,3.1878992892e-03,3.1878992892e-03,3.1878992892e-03,3.1878992892e-03,3.1878992892e-03,3.1878992892e-03,3.1878992892e-03,3.1878992892e-03,3.1878992892e-03,3.1878992892e-03,3.1878992892e-03,3.1878992892e-03,3.1878992892e-03,3.1878992892e-03,3.1878992892e-03,3.1878992892e-03,3.1878992892e-03,3.1878992892e-03,3.1878992892e-03,3.1878992892e-03,3.1878992892e-03,3.1878992892e-03,3.1878992892e-03,3.1878992892e-03,3.1878992892e-03,3.1878992892e-03,3.1878992892e-03,3.1878992892e-03,3.1878992892e-03,3.1878992892e-03,3.1878992892e-03,3.1878992892e-03,3.1878992892e-03,3.1878992892e-03,3.1878992892e-03,3.1878992892e-03,3.1878992892e-03,3.1878992892e-03,3.1878992892e-03,3.1878992892e-03,3.1878992892e-03,3.1878992892e-03,3.1878992892e-03,3.1878992892e-03,3.1878992892e-03,3.1878992892e-03,3.1878992892e-03,3.1878992892e-03,3.1878992892e-03,3.1878992892e-03,3.1878992892e-03,3.1878992892e-03,3.1878992892e-03,3.1878992892e-03,3.1878992892e-03,3.1878992892e-03,3.1878992892e-03,3.1878992892e-03,3.1878992892e-03,3.1878992892e-03,3.1878992892e-03,3.1878992892e-03,3.1878992892e-03,3.1878992892e-03,3.1878992892e-03,3.1878992892e-03,3.1878992892e-03,3.1878992892e-03,3.1878992892e-03,3.1878992892e-03,3.1878992892e-03,3.1878992892e-03,3.1878992892e-03,3.1878992892e-03,3.1878992892e-03,3.1878992892e-03,3.1878992892e-03,3.1878992892e-03,3.1878992892e-03,3.1878992892e-03,3.1878992892e-03,3.1878992892e-03,3.1878992892e-03,3.1878992892e-03,3.1878992892e-03,3.1878992892e-03,3.1878992892e-03,3.1878992892e-03,3.1878992892e-03,3.1878992892e-03,3.1878992892e-03,3.1878992892e-03,3.1878992892e-03,3.1878992892e-03,3.1878992892e-03,3.1878992892e-03,3.1878992892e-03,3.1878992892e-03,3.1878992892e-03,3.1878992892e-03,3.1878992892e-03,3.1878992892e-03,3.1878992892e-03,3.1878992892e-03,3.1878992892e-03,3.1878992892e-03,3.1878992892e-03,3.1878992892e-03,3.1878992892e-03,3.1878992892e-03,3.1878992892e-03,3.1878992892e-03,3.1878992892e-03,3.1878992892e-03,3.1878992892e-03,3.1878992892e-03,3.1853476648e-03,3.1802550099e-03,3.1746658186e-03,3.1685327018e-03,3.1618039603e-03,3.1544232378e-03,3.1463291551e-03,3.1374549277e-03,3.1277279678e-03,3.1170694753e-03,3.1053940200e-03,3.0926091215e-03,3.0568660504e-03,3.0165982488e-03,2.9729418691e-03,2.9256771467e-03,2.8745835506e-03,2.8072642954e-03,2.7247700725e-03,2.6368750768e-03,2.5435164023e-03,2.4295661450e-03,2.3100787389e-03,2.1816063151e-03,2.0411980402e-03,1.8947809557e-03,1.7375564035e-03,1.5757738023e-03,1.4108495991e-03,1.2432679144e-03,1.0815933485e-03,9.2885126505e-04,7.8781083834e-04,6.6063069120e-04,5.4681898576e-04,4.4543732357e-04,3.5750569512e-04,2.8209432167e-04,2.1846291600e-04,1.6587255751e-04,1.2344239406e-04,9.0028073560e-05,6.4378137065e-05,4.5139814778e-05,3.1038650758e-05,2.0853051605e-05,1.3689663289e-05,8.7952398436e-06,5.5527512032e-06,3.4212083380e-06,2.0435502958e-06,1.1707480397e-06,6.2609659599e-07,2.8980874455e-07,8.7307332237e-08,0.0000000000e+00,0.0000000000e+00,0.0000000000e+00,0.0000000000e+00,0.0000000000e+00,0.0000000000e+00,0.0000000000e+00,0.0000000000e+00,0.0000000000e+00,0.0000000000e+00,0.0000000000e+00,0.0000000000e+00,0.0000000000e+00,0.0000000000e+00,0.0000000000e+00,0.0000000000e+00,0.0000000000e+00,0.0000000000e+00,0.0000000000e+00,0.0000000000e+00,0.0000000000e+00,0.0000000000e+00
4.5065703377e+03,2.9800101391e-03,2.9800101391e-03,2.9800101391e-03,2.9800101391e-03,2.9800101391e-03,2.9800101391e-03,2.9800101391e-03,2.9800101391e-03,2.9800101391e-03,2.9800101391e-03,2.9800101391e-03,2.9800101391e-03,2.9800101391e-03,2.9800101391e-03,2.9800101391e-03,2.9800101391e-03,2.9800101391e-03,2.9800101391e-03,2.9800101391e-03,2.9800101391e-03,2.9800101391e-03,2.9800101391e-03,2.9800101391e-03,2.9800101391e-03,2.9800101391e-03,2.9800101391e-03,2.9800101391e-03,2.9800101391e-03,2.9800101391e-03,2.9800101391e-03,2.9800101391e-03,2.9800101391e-03,2.9800101391e-03,2.9800101391e-03,2.9800101391e-03,2.9800101391e-03,2.9800101391e-03,2.9800101391e-03,2.9800101391e-03,2.9800101391e-03,2.9800101391e-03,2.9800101391e-03,2.9800101391e-03,2.9800101391e-03,2.9800101391e-03,2.9800101391e-03,2.9800101391e-03,2.9800101391e-03,2.9800101391e-03,2.9800101391e-03,2.9800101391e-03,2.9800101391e-03,2.9800101391e-03,2.9800101391e-03,2.9800101391e-03,2.9800101391e-03,2.9800101391e-03,2.9800101391e-03,2.9800101391e-03,2.9800101391e-03,2.9800101391e-03,2.9800101391e-03,2.9800101391e-03,2.9800101391e-03,2.9800101391e-03,2.9800101391e-03,2.9800101391e-03,2.9800101391e-03,2.9800101391e-03,2.9800101391e-03,2.9800101391e-03,2.9800101391e-03,2.9800101391e-03,2.9800101391e-03,2.9800101391e-03,2.9800101391e-03,2.9800101391e-03,2.9800101391e-03,2.9800101391e-03,2.9800101391e-03,2.9800101391e-03,2.9800101391e-03,2.9800101391e-03,2.9800101391e-03,2.9800101391e-03,2.9800101391e-03,2.9800101391e-03,2.9800101391e-03,2.9800101391e-03,2.9800101391e-03,2.9800101391e-03,2.9800101391e-03,2.9800101391e-03,2.9800101391e-03,2.9800101391e-03,2.9800101391e-03,2.9800101391e-03,2.9800101391e-03,2.9800101391e-03,2.9800101391e-03,2.9800101391e-03,2.9800101391e-03,2.9800101391e-03,2.9800101391e-03,2.9800101391e-03,2.9800101391e-03,2.9800101391e-03,2.9800101391e-03,2.9800101391e-03,2.9800101391e-03,2.9800101391e-03,2.9800101391e-03,2.9800101391e-03,2.9800101391e-03,2.9800101391e-03,2.9800101391e-03,2.9800101391e-03,2.9796556164e-03,2.9787945321e-03,2.9778481904e-03,2.9768081810e-03,2.9756652706e-03,2.9744093239e-03,2.9730292163e-03,2.9715127406e-03,2.9698465026e-03,2.9680158099e-03,2.9660045486e-03,2.9637950506e-03,2.9561498101e-03,2.9467429025e-03,2.9364360016e-03,2.9251467543e-03,2.9127860508e-03,2.8942233871e-03,2.8675172471e-03,2.8384422565e-03,2.8068188771e-03,2.7605460343e-03,2.7091345959e-03,2.6510537071e-03,2.5801295083e-03,2.5032124423e-03,2.4131699144e-03,2.3152938560e-03,2.2076089750e-03,2.0896801115e-03,1.9631124189e-03,1.8278010122e-03,1.6843914221e-03,1.5345310917e-03,1.3803152759e-03,1.2243282083e-03,1.0717444741e-03,9.2653103718e-04,7.9152829924e-04,6.6875520245e-04,5.5800828789e-04,4.5856234960e-04,3.7132142018e-04,2.9591214402e-04,2.3154067512e-04,1.7778119471e-04,1.3389642537e-04,9.8921014611e-05,7.1707286704e-05,5.1040026223e-05,3.5685186279e-05,2.4437622433e-05,1.6394156705e-05,1.0784956931e-05,6.9682124131e-06,4.3923369631e-06,2.7035582996e-06,1.6282038956e-06,9.5974624015e-07,5.5292509719e-07,3.0549860886e-07,1.5185910386e-07,5.0955991003e-08,0.0000000000e+00,0.0000000000e+00,0.0000000000e+00,0.0000000000e+00,0.0000000000e+00,0.0000000000e+00,0.0000000000e+00,0.0000000000e+00,0.0000000000e+00,0.0000000000e+00,0.0000000000e+00,0.0000000000e+00,0.0000000000e+00,0.0000000000e+00,0.0000000000e+00,0.0000000000e+00,0.0000000000e+00,0.0000000000e+00,0.0000000000e+00,0.0000000000e+00
4.7106075420e+03,2.7932737429e-03,2.7932737429e-03,2.7932737429e-03,2.7932737429e-03,2.7932737429e-03,2.7932737429e-03,2.7932737429e-03,2.7932737429e-03,2.7932737429e-03,2.7932737429e-03,2.7932737429e-03,2.7932737429e-03,2.7932737429e-03,2.7932737429e-03,2.7932737429e-03,2.7932737429e-03,2.7932737429e-03,2.7932737429e-03,2.7932737429e-03,2.7932737429e-03,2.7932737429e-03,2.7932737429e-03,2.7932737429e-03,2.7932737429e-03,2.7932737429e-03,2.7932737429e-03,2.7932737429e-03,2.7932737429e-03,2.7932737429e-03,2.7932737429e-03,2.7932737429e-03,2.7932737429e-03,2.7932737429e-03,2.7932737429e-03,2.7932737429e-03,2.7932737429e-03,2.7932737429e-03,2.7932737429e-03,2.7932737429e-03,2.7932737429e-03,2.7932737429e-03,2.7932737429e-03,2.7932737429e-03,2.7932737429e-03,2.7932737429e-03,2.7932737429e-03,2.7932737429e-03,2.7932737429e-03,2.7932737429e-03,2.7932737429e-03,2.7932737429e-03,2.7932737429e-03,2.7932737429e-03,2.7932737429e-03,2.7932737429e-03,2.7932737429e-03,2.7932737429e-03,2.7932737429e-03,2.7932737429e-03,2.7932737429e-03,2.7932737429e-03,2.7932737429e-03,2.7932737429e-03,2.7932737429e-03,2.7932737429e-03,2.7932737429e-03,2.7932737429e-03,2.7932737429e-03,2.7932737429e-03,2.7932737429e-03,2.7932737429e-03,2.7932737429e-03,2.7932737429e-03,2.7932737429e-03,2.7932737429e-03,2.7932737429e-03,2.7932737429e-03,2.7932737429e-03,2.7932737429e-03,2.7932737429e-03,2.7932737429e-03,2.7932737429e-03,2.7932737429e-03,2.7932737429e-03,2.7932737429e-03,2.7932737429e-03,2.7932737429e-03,2.7932737429e-03,2.7932737429e-03,2.7932737429e-03,2.7932737429e-03,2.7932737429e-03,2.7932737429e-03,2.7932737429e-03,2.7932737429e-03,2.7932737429e-03,2.7932737429e-03,2.7932737429e-03,2.7932737429e-03,2.7932737429e-03,2.7932737429e-03,2.7932737429e-03,2.7932737429e-03,2.7932737429e-03,2.7932737429e-03,2.7932737429e-03,2.7932737429e-03,2.7932737429e-03,2.7932737429e-03,2.7932737429e-03,2.7932737429e-03,2.7932737429e-03,2.7932737429e-03,2.7932737429e-03,2.7932737429e-03,2.7932737429e-03,2.7932737429e-03,2.7932737429e-03,2.7932737429e-03,2.7922674833e-03,2.7911236993e-03,2.7898668263e-03,2.7884857421e-03,2.7869682425e-03,2.7853009393e-03,2.7834691485e-03,2.7814567679e-03,2.7792461456e-03,2.7768179357e-03,2.7741509426e-03,2.7685130765e-03,2.7574270331e-03,2.7452908629e-03,2.7320106498e-03,2.7174852307e-03,2.7016058810e-03,2.6715269886e-03,2.6384781646e-03,2.6026176819e-03,2.5584763230e-03,2.5033372102e-03,2.4440905815e-03,2.3726776939e-03,2.2941456603e-03,2.2054894034e-03,2.1090819016e-03,2.0019809203e-03,1.8871899943e-03,1.7640552431e-03,1.6319983493e-03,1.4934620728e-03,1.3502056801e-03,1.2042808740e-03,1.0606253885e-03,9.2299747431e-04,7.9386787842e-04,6.7572539136e-04,5.6810023003e-04,4.7069480009e-04,3.8442496883e-04,3.0913247144e-04,2.4423541459e-04,1.8945582406e-04,1.4424210574e-04,1.0778948659e-04,7.9069725040e-05,5.6985030927e-05,4.0360941098e-05,2.8020876928e-05,1.9072250922e-05,1.2742236467e-05,8.3680259065e-06,5.3621565954e-06,3.3441827340e-06,2.0430900477e-06,1.2273304813e-06,7.2401838128e-07,4.1523629628e-07,2.2469059370e-07,1.0518418118e-07,2.3579310352e-08,0.0000000000e+00,0.0000000000e+00,0.0000000000e+00,0.0000000000e+00,0.0000000000e+00,0.0000000000e+00,0.0000000000e+00,0.0000000000e+00,0.0000000000e+00,0.0000000000e+00,0.0000000000e+00,0.0000000000e+00,0.0000000000e+00,0.0000000000e+00,0.0000000000e+00,0.0000000000e+00,0.0000000000e+00,0.0000000000e+00,0.0000000000e+00
4.9238826317e+03,2.6141576270e-03,2.6141576270e-03,2.6141576270e-03,2.6141576270e-03,2.6141576270e-03,2.6141576270e-03,2.6141576270e-03,2.6141576270e-03,2.6141576270e-03,2.6141576270e-03,2.6141576270e-03,2.6141576270e-03,2.6141576270e-03,2.6141576270e-03,2.6141576270e-03,2.6141576270e-03,2.6141576270e-03,2.6141576270e-03,2.6141576270e-03,2.6141576270e-03,2.6141576270e-03,2.6141576270e-03,2.6141576270e-03,2.6141576270e-03,2.6141576270e-03,2.6141576270e-03,2.6141576270e-03,2.6141576270e-03,2.6141576270e-03,2.6141576270e-03,2.6141576270e-03,2.6141576270e-03,2.6141576270e-03,2.6141576270e-03,2.6141576270e-03,2.6141576270e-03,2.6141576270e-03,2.6141576270e-03,2.6141576270e-03,2.6141576270e-03,2.6141576270e-03,2.6141576270e-03,2.6141576270e-03,2.6141576270e-03,2.6141576270e-03,2.6141576270e-03,2.6141576270e-03,2.6141576270e-03,2.6141576270e-03,2.6141576270e-03,2.6141576270e-03,2.6141576270e-03,2.6141576270e-03,2.6141576270e-03,2.6141576270e-03,2.6141576270e-03,2.6141576270e-03,2.6141576270e-03,2.6141576270e-03,2.6141576270e-03,2.6141576270e-03,2.6141576270e-03,2.6141576270e-03,2.6141576270e-03,2.6141576270e-03,2.6141576270e-03,2.6141576270e-03,2.6141576270e-03,2.6141576270e-03,2.6141576270e-03,2.6141576270e-03,2.6141576270e-03,2.6141576270e-03,2.6141576270e-03,2.6141576270e-03,2.6141576270e-03,2.6141576270e-03,2.6141576270e-03,2.6141576270e-03,2.6141576270e-03,2.6141576270e-03,2.6141576270e-03,2.6141576270e-03,2.6141576270e-03,2.6141576270e-03,2.6141576270e-03,2.6141576270e-03,2.6141576270e-03,2.6141576270e-03,2.6141576270e-03,2.6141576270e-03,2.6141576270e-03,2.6141576270e-03,2.6141576270e-03,2.6141576270e-03,2.6141576270e-03,2.6141576270e-03,2.6141576270e-03,2.6141576270e-03,2.6141576270e-03,2.6141576270e-03,2.6141576270e-03,2.6141576270e-03,2.6141576270e-03,2.6141576270e-03,2.6141576270e-03,2.6141576270e-03,2.6141576270e-03,2.6141576270e-03,2.6141576270e-03,2.6141576270e-03,2.6141576270e-03,2.6141576270e-03,2.6141576270e-03,2.6141576270e-03,2.6141576270e-03,2.6141576270e-03,2.6141576270e-03,2.6141576270e-03,2.6133450303e-03,2.6124213280e-03,2.6114062370e-03,2.6102907566e-03,2.6090650082e-03,2.6077181517e-03,2.6062382937e-03,2.6046123877e-03,2.6028261261e-03,2.6008638213e-03,2.5987082779e-03,2.5939472965e-03,2.5843916854e-03,2.5739273845e-03,2.5624723911e-03,2.5499382168e-03,2.5362295685e-03,2.5099712788e-03,2.4810916946e-03,2.4497263558e-03,2.4109573287e-03,2.3623172071e-03,2.3099765259e-03,2.2465581276e-03,2.1766218913e-03,2.0973134271e-03,2.0107666593e-03,1.9141223904e-03,1.8101047049e-03,1.6979913130e-03,1.5771027927e-03,1.4495857926e-03,1.3169543418e-03,1.1810181592e-03,1.0462931507e-03,9.1631001681e-04,7.9344438360e-04,6.8013694967e-04,5.7607168158e-04,4.8108807589e-04,3.9621049301e-04,3.2143671688e-04,2.5635370228e-04,2.0085148845e-04,1.5454573381e-04,1.1678779127e-04,8.6683545968e-05,6.3243043004e-05,4.5367608070e-05,3.1920915460e-05,2.2035681760e-05,1.4944509245e-05,9.9733261190e-06,6.5057743089e-06,4.1377534007e-06,2.5734663946e-06,1.5722215545e-06,9.4524476995e-07,5.5554310165e-07,3.1330940571e-07,1.6285759368e-07,6.5353148417e-08,0.0000000000e+00,0.0000000000e+00,0.0000000000e+00,0.0000000000e+00,0.0000000000e+00,0.0000000000e+00,0.0000000000e+00,0.0000000000e+00,0.0000000000e+00,0.0000000000e+00,0.0000000000e+00,0.0000000000e+00,0.0000000000e+00,0.0000000000e+00,0.0000000000e+00,0.0000000000e+00,0.0000000000e+00,0.0000000000e+00,0.0000000000e+00
5.1468138568e+03,2.4448205426e-03,2.4448205426e-03,2.4448205426e-03,2.4448205426e-03,2.4448205426e-03,2.4448205426e-03,2.4448205426e-03,2.4448205426e-03,2.4448205426e-03,2.4448205426e-03,2.4448205426e-03,2.4448205426e-03,2.4448205426e-03,2.4448205426e-03,2.4448205426e-03,2.4448205426e-03,2.4448205426e-03,2.4448205426e-03,2.4448205426e-03,2.4448205426e-03,2.4448205426e-03,2.4448205426e-03,2.4448205426e-03,2.4448205426e-03,2.4448205426e-03,2.4448205426e-03,2.4448205426e-03,2.4448205426e-03,2.4448205426e-03,2.4448205426e-03,2.4448205426e-03,2.4448205426e-03,2.4448205426e-03,2.4448205426e-03,2.4448205426e-03,2.4448205426e-03,2.4448205426e-03,2.4448205426e-03,2.4448205426e-03,2.4448205426e-03,2.4448205426e-03,2.4448205426e-03,2.4448205426e-03,2.4448205426e-03,2.4448205426e-03,2.4448205426e-03,2.4448205426e-03,2.4448205426e-03,2.4448205426e-03,2.4448205426e-03,2.4448205426e-03,2.4448205426e-03,2.4448205426e-03,2.4448205426e-03,2.4448205426e-03,2.4448205426e-03,2.4448205426e-03,2.4448205426e-03,2.4448205426e-03,2.4448205426e-03,2.4448205426e-03,2.4448205426e-03,2.4448205426e-03,2.4448205426e-03,2.4448205426e-03,2.4448205426e-03,2.4448205426e-03,2.4448205426e-03,2.4448205426e-03,2.4448205426e-03,2.4448205426e-03,2.4448205426e-03,2.4448205426e-03,2.4448205426e-03,2.4448205426e-03,2.4448205426e-03,2.4448205426e-03,2.4448205426e-03,2.4448205426e-03,2.4448205426e-03,2.4448205426e-03,2.4448205426e-03,2.4448205426e-03,2.4448205426e-03,2.4448205426e-03,2.4448205426e-03,2.4448205426e-03,2.4448205426e-03,2.4448205426e-03,2.4448205426e-03,2.4448205426e-03,2.4448205426e-03,2.4448205426e-03,2.4448205426e-03,2.4448205426e-03,2.4448205426e-03,2.4448205426e-03,2.4448205426e-03,2.4448205426e-03,2.4448205426e-03,2.4448205426e-03,2.4448205426e-03,2.4448205426e-03,2.4448205426e-03,2.4448205426e-03,2.4448205426e-03,2.4448205426e-03,2.4448205426e-03,2.4448205426e-03,2.4448205426e-03,2.4448205426e-03,2.4448205426e-03,2.4448205426e-03,2.4448205426e-03,2.4448205426e-03,2.4448205426e-03,2.4448205426e-03,2.4448205426e-03,2.4448205426e-03,2.4448205426e-03,2.4443020672e-03,2.4431657897e-03,2.4419172378e-03,2.4405453844e-03,2.4390381332e-03,2.4373822177e-03,2.4355630921e-03,2.4335648116e-03,2.4313699031e-03,2.4289592252e-03,2.4263118157e-03,2.4234047281e-03,2.4130307682e-03,2.4007572637e-03,2.3873364700e-03,2.3726689431e-03,2.3566482340e-03,2.3331357818e-03,2.3012555357e-03,2.2667105880e-03,2.2293318642e-03,2.1787103911e-03,2.1237740209e-03,2.0624382690e-03,1.9907930603e-03,1.9136952631e-03,1.8265968769e-03,1.7326091098e-03,1.6308521689e-03,1.5201426648e-03,1.4032697322e-03,1.2809672531e-03,1.1551439991e-03,1.0293053172e-03,9.0699714360e-04,7.9051412989e-04,6.8223191564e-04,5.8204023860e-04,4.8983809665e-04,4.0671243722e-04,3.3280147379e-04,2.6781992551e-04,2.1188302408e-04,1.6470902585e-04,1.2581092790e-04,9.4441291073e-05,6.9713194610e-05,5.0620857920e-05,3.6070462667e-05,2.5237513564e-05,1.7359498363e-05,1.1759209638e-05,7.7950910011e-06,5.0417845010e-06,3.1799511515e-06,1.9629916869e-06,1.2009454125e-06,7.2165114907e-07,4.2101851879e-07,2.3493561644e-07,1.1868563032e-07,4.0488453767e-08,0.0000000000e+00,0.0000000000e+00,0.0000000000e+00,0.0000000000e+00,0.0000000000e+00,0.0000000000e+00,0.0000000000e+00,0.0000000000e+00,0.0000000000e+00,0.0000000000e+00,0.0000000000e+00,0.0000000000e+00,0.0000000000e+00,0.0000000000e+00,0.0000000000e+00,0.0000000000e+00,0.0000000000e+00,0.0000000000e+00
5.3798384034e+03,2.2846057133e-03,2.2846057133e-03,2.2846057133e-03,2.2846057133e-03,2.2846057133e-03,2.2846057133e-03,2.2846057133e-03,2.2846057133e-03,2.2846057133e-03,2.2846057133e-03,2.2846057133e-03,2.2846057133e-03,2.2846057133e-03,2.2846057133e-03,2.2846057133e-03,2.2846057133e-03,2.2846057133e-03,2.2846057133e-03,2.2846057133e-03,2.2846057133e-03,2.2846057133e-03,2.2846057133e-03,2.2846057133e-03,2.2846057133e-03,2.2846057133e-03,2.2846057133e-03,2.2846057133e-03,2.2846057133e-03,2.2846057133e-03,2.2846057133e-03,2.2846057133e-03,2.2846057133e-03,2.2846057133e-03,2.2846057133e-03,2.2846057133e-03,2.2846057133e-03,2.2846057133e-03,2.2846057133e-03,2.2846057133e-03,2.2846057133e-03,2.2846057133e-03,2.2846057133e-03,2.2846057133e-03,2.2846057133e-03,2.2846057133e-03,2.2846057133e-03,2.2846057133e-03,2.2846057133e-03,2.2846057133e-03,2.2846057133e-03,2.2846057133e-03,2.2846057133e-03,2.2846057133e-03,2.2846057133e-03,2.2846057133e-03,2.2846057133e-03,2.2846057133e-03,2.2846057133e-03,2.2846057133e-03,2.2846057133e-03,2.2846057133e-03,2.2846057133e-03,2.2846057133e-03,2.2846057133e-03,2.2846057133e-03,2.2846057133e-03,2.2846057133e-03,2.2846057133e-03,2.2846057133e-03,2.2846057133e-03,2.2846057133e-03,2.2846057133e-03,2.2846057133e-03,2.2846057133e-03,2.2846057133e-03,2.2846057133e-03,2.2846057133e-03,2.2846057133e-03,2.2846057133e-03,2.2846057133e-03,2.2846057133e-03,2.2846057133e-03,2.2846057133e-03,2.2846057133e-03,2.2846057133e-03,2.2846057133e-03,2.2846057133e-03,2.2846057133e-03,2.2846057133e-03,2.2846057133e-03,2.2846057133e-03,2.2846057133e-03,2.2846057133e-03,2.2846057133e-03,2.2846057133e-03,2.2846057133e-03,2.2846057133e-03,2.2846057133e-03,2.2846057133e-03,2.2846057133e-03,2.2846057133e-03,2.2846057133e-03,2.2846057133e-03,2.2846057133e-03,2.2846057133e-03,2.2846057133e-03,2.2846057133e-03,2.2846057133e-03,2.2846057133e-03,2.2846057133e-03,2.2846057133e-03,2.2846057133e-03,2.2846057133e-03,2.2846057133e-03,2.2846057133e-03,2.2846057133e-03,2.2846057133e-03,2.2846057133e-03,2.2846057133e-03,2.2846057133e-03,2.2841817670e-03,2.2832526178e-03,2.2822315982e-03,2.2811096719e-03,2.2798769239e-03,2.2785224769e-03,2.2770344005e-03,2.2753996121e-03,2.2736037695e-03,2.2716311539e-03,2.2694645430e-03,2.2670850740e-03,2.2581538355e-03,2.2475660268e-03,2.2359836458e-03,2.2233194743e-03,2.2094799312e-03,2.1890280013e-03,2.1611745907e-03,2.1309628733e-03,2.0982368960e-03,2.0535982035e-03,2.0050673318e-03,1.9507115936e-03,1.8869094071e-03,1.8180550914e-03,1.7398660038e-03,1.6551612078e-03,1.5630358729e-03,1.4622728000e-03,1.3553615700e-03,1.2428645515e-03,1.1264437942e-03,1.0092740042e-03,8.9462561643e-04,7.8466322435e-04,6.8166557739e-04,5.8562510813e-04,4.9652487253e-04,4.1551355542e-04,3.4283841467e-04,2.7834735351e-04,2.2228783833e-04,1.7452556545e-04,1.3471818347e-04,1.0225276535e-04,7.6358180957e-05,5.6117772320e-05,4.0494143499e-05,2.8707924908e-05,2.0020283374e-05,1.3758711628e-05,9.2641358056e-06,6.0969593274e-06,3.9212315762e-06,2.4697480252e-06,1.5357788787e-06,9.3929039723e-07,5.6014366876e-07,3.2326086762e-07,1.7566756083e-07,7.9694545298e-08,1.0709299930e-08,0.0000000000e+00,0.0000000000e+00,0.0000000000e+00,0.0000000000e+00,0.0000000000e+00,0.0000000000e+00,0.0000000000e+00,0.0000000000e+00,0.0000000000e+00,0.0000000000e+00,0.0000000000e+00,0.0000000000e+00,0.0000000000e+00,0.0000000000e+00,0.0000000000e+00,0.0000000000e+00,0.0000000000e+00
5.6234132519e+03,2.1349991500e-03,2.1349991500e-03,2.1349991500e-03,2.1349991500e-03,2.1349991500e-03,2.1349991500e-03,2.1349991500e-03,2.1349991500e-03,2.1349991500e-03,2.1349991500e-03,2.1349991500e-03,2.1349991500e-03,2.1349991500e-03,2.1349991500e-03,2.1349991500e-03,2.1349991500e-03,2.1349991500e-03,2.1349991500e-03,2.1349991500e-03,2.1349991500e-03,2.1349991500e-03,2.1349991500e-03,2.1349991500e-03,2.1349991500e-03,2.1349991500e-03,2.1349991500e-03,2.1349991500e-03,2.1349991500e-03,2.1349991500e-03,2.1349991500e-03,2.1349991500e-03,2.1349991500e-03,2.1349991500e-03,2.1349991500e-03,2.1349991500e-03,2.1349991500e-03,2.1349991500e-03,2.1349991500e-03,2.1349991500e-03,2.1349991500e-03,2.1349991500e-03,2.1349991500e-03,2.1349991500e-03,2.1349991500e-03,2.1349991500e-03,2.1349991500e-03,2.1349991500e-03,2.1349991500e-03,2.1349991500e-03,2.1349991500e-03,2.1349991500e-03,2.1349991500e-03,2.1349991500e-03,2.1349991500e-03,2.1349991500e-03,2.1349991500e-03,2.1349991500e-03,2.1349991500e-03,2.1349991500e-03,2.1349991500e-03,2.1349991500e-03,2.1349991500e-03,2.1349991500e-03,2.1349991500e-03,2.1349991500e-03,2.1349991500e-03,2.1349991500e-03,2.1349991500e-03,2.1349991500e-03,2.1349991500e-03,2.1349991500e-03,2.1349991500e-03,2.1349991500e-03,2.1349991500e-03,2.1349991500e-03,2.1349991500e-03,2.1349991500e-03,2.1349991500e-03,2.1349991500e-03,2.1349991500e-03,2.1349991500e-03,2.1349991500e-03,2.1349991500e-03,2.1349991500e-03,2.1349991500e-03,2.1349991500e-03,2.1349991500e-03,2.1349991500e-03,2.1349991500e-03,2.1349991500e-03,2.1349991500e-03,2.1349991500e-03,2.1349991500e-03,2.1349991500e-03,2.1349991500e-03,2.1349991500e-03,2.1349991500e-03,2.1349991500e-03,2.1349991500e-03,2.1349991500e-03,2.1349991500e-03,2.1349991500e-03,2.1349991500e-03,2.1349991500e-03,2.1349991500e-03,2.1349991500e-03,2.1349991500e-03,2.1349991500e-03,2.1349991500e-03,2.1349991500e-03,2.1349991500e-03,2.1349991500e-03,2.1349991500e-03,2.1349991500e-03,2.1349991500e-03,2.1349991500e-03,2.1349991500e-03,2.1349991500e-03,2.1349991500e-03,2.1349991500e-03,2.1349991500e-03,2.1349834438e-03,2.1338071176e-03,2.1325146768e-03,2.1310947414e-03,2.1295348331e-03,2.1278212727e-03,2.1259390693e-03,2.1238717989e-03,2.1216014746e-03,2.1191084046e-03,2.1163710402e-03,2.1133658117e-03,2.1066766125e-03,2.0943604024e-03,2.0809037076e-03,2.0662099051e-03,2.0501760445e-03,2.0324603304e-03,2.0022248599e-03,1.9695044188e-03,1.9341500603e-03,1.8917233901e-03,1.8411964081e-03,1.7872057387e-03,1.7236437760e-03,1.6550026095e-03,1.5779823837e-03,1.4954078521e-03,1.4035424052e-03,1.3062509878e-03,1.2034342538e-03,1.0955951109e-03,9.8682965131e-04,8.7971955935e-04,7.7634328067e-04,6.7876560364e-04,5.8711676233e-04,5.0134246673e-04,4.2274657425e-04,3.5162395376e-04,2.8795188794e-04,2.3203330969e-04,1.8394643762e-04,1.4343146616e-04,1.1003558335e-04,8.3082152187e-05,6.1772001555e-05,4.5112577531e-05,3.2382048269e-05,2.2879393719e-05,1.5939842414e-05,1.0890402604e-05,7.2821037048e-06,4.7633995502e-06,3.0478712221e-06,1.9127892509e-06,1.1849703226e-06,7.2145407592e-07,4.2896562562e-07,2.4668649983e-07,1.3118751007e-07,5.5100107080e-08,0.0000000000e+00,0.0000000000e+00,0.0000000000e+00,0.0000000000e+00,0.0000000000e+00,0.0000000000e+00,0.0000000000e+00,0.0000000000e+00,0.0000000000e+00,0.0000000000e+00,0.0000000000e+00,0.0000000000e+00,0.0000000000e+00,0.0000000000e+00,0.0000000000e+00,0.0000000000e+00,0.0000000000e+00
5.8780160723e+03,1.9916765672e-03,1.9916765672e-03,1.9916765672e-03,1.9916765672e-03,1.9916765672e-03,1.9916765672e-03,1.9916765672e-03,1.9916765672e-03,1.9916765672e-03,1.9916765672e-03,1.9916765672e-03,1.9916765672e-03,1.9916765672e-03,1.9916765672e-03,1.9916765672e-03,1.9916765672e-03,1.9916765672e-03,1.9916765672e-03,1.9916765672e-03,1.9916765672e-03,1.9916765672e-03,1.9916765672e-03,1.9916765672e-03,1.9916765672e-03,1.9916765672e-03,1.9916765672e-03,1.9916765672e-03,1.9916765672e-03,1.9916765672e-03,1.9916765672e-03,1.9916765672e-03,1.9916765672e-03,1.9916765672e-03,1.9916765672e-03,1.9916765672e-03,1.9916765672e-03,1.9916765672e-03,1.9916765672e-03,1.9916765672e-03,1.9916765672e-03,1.9916765672e-03,1.9916765672e-03,1.9916765672e-03,1.9916765672e-03,1.9916765672e-03,1.9916765672e-03,1.9916765672e-03,1.9916765672e-03,1.9916765672e-03,1.9916765672e-03,1.9916765672e-03,1.9916765672e-03,1.9916765672e-03,1.9916765672e-03,1.9916765672e-03,1.9916765672e-03,1.9916765672e-03,1.9916765672e-03,1.9916765672e-03,1.9916765672e-03,1.9916765672e-03,1.9916765672e-03,1.9916765672e-03,1.9916765672e-03,1.9916765672e-03,1.9916765672e-03,1.9916765672e-03,1.9916765672e-03,1.9916765672e-03,1.9916765672e-03,1.9916765672e-03,1.9916765672e-03,1.9916765672e-03,1.9916765672e-03,1.9916765672e-03,1.9916765672e-03,1.9916765672e-03,1.9916765672e-03,1.9916765672e-03,1.9916765672e-03,1.9916765672e-03,1.9916765672e-03,1.9916765672e-03,1.9916765672e-03,1.9916765672e-03,1.9916765672e-03,1.9916765672e-03,1.9916765672e-03,1.9916765672e-03,1.9916765672e-03,1.9916765672e-03,1.9916765672e-03,1.9916765672e-03,1.9916765672e-03,1.9916765672e-03,1.9916765672e-03,1.9916765672e-03,1.9916765672e-03,1.9916765672e-03,1.9916765672e-03,1.9916765672e-03,1.9916765672e-03,1.9916765672e-03,1.9916765672e-03,1.9916765672e-03,1.9916765672e-03,1.9916765672e-03,1.9916765672e-03,1.9916765672e-03,1.9916765672e-03,1.9916765672e-03,1.9916765672e-03,1.9916765672e-03,1.9916765672e-03,1.9916765672e-03,1.9916765672e-03,1.9916765672e-03,1.9916765672e-03,1.9916765672e-03,1.9916765672e-03,1.9916765672e-03,1.9916635978e-03,1.9906922142e-03,1.9896248750e-03,1.9884521609e-03,1.9871637409e-03,1.9857482856e-03,1.9841933750e-03,1.9824853962e-03,1.9806094343e-03,1.9785491527e-03,1.9762866648e-03,1.9738023947e-03,1.9681016692e-03,1.9574783222e-03,1.9458657540e-03,1.9331790124e-03,1.9193273317e-03,1.9040078209e-03,1.8775983233e-03,1.8489876783e-03,1.8180375291e-03,1.7807284335e-03,1.7361035943e-03,1.6883348667e-03,1.6317829112e-03,1.5705320034e-03,1.5014691301e-03,1.4271502697e-03,1.3440185471e-03,1.2555734832e-03,1.1616193749e-03,1.0625117319e-03,9.6194937046e-04,8.6228898279e-04,7.6545190414e-04,6.7338654238e-04,5.8627778393e-04,5.0412836558e-04,4.2824198362e-04,3.5898684349e-04,2.9643661831e-04,2.4099147094e-04,1.9284536217e-04,1.5186552594e-04,1.1772442387e-04,8.9861434140e-05,6.7575282256e-05,4.9942266235e-05,3.6297532885e-05,2.5978883259e-05,1.8342223069e-05,1.2710028567e-05,8.6294760320e-06,5.7404547027e-06,3.7431168202e-06,2.3982994380e-06,1.5127781490e-06,9.3660335630e-07,5.6809525523e-07,3.3598261359e-07,1.8860874312e-07,9.3510040545e-08,2.7936302567e-08,0.0000000000e+00,0.0000000000e+00,0.0000000000e+00,0.0000000000e+00,0.0000000000e+00,0.0000000000e+00,0.0000000000e+00,0.0000000000e+00,0.0000000000e+00,0.0000000000e+00,0.0000000000e+00,0.0000000000e+00,0.0000000000e+00,0.0000000000e+00,0.0000000000e+00,0.0000000000e+00
6.1441461614e+03,1.8569673225e-03,1.8569673225e-03,1.8569673225e-03,1.8569673225e-03,1.8569673225e-03,1.8569673225e-03,1.8569673225e-03,1.8569673225e-03,1.8569673225e-03,1.8569673225e-03,1.8569673225e-03,1.8569673225e-03,1.8569673225e-03,1.8569673225e-03,1.8569673225e-03,1.8569673225e-03,1.8569673225e-03,1.8569673225e-03,1.8569673225e-03,1.8569673225e-03,1.8569673225e-03,1.8569673225e-03,1.8569673225e-03,1.8569673225e-03,1.8569673225e-03,1.8569673225e-03,1.8569673225e-03,1.8569673225e-03,1.8569673225e-03,1.8569673225e-03,1.8569673225e-03,1.8569673225e-03,1.8569673225e-03,1.8569673225e-03,1.8569673225e-03,1.8569673225e-03,1.8569673225e-03,1.8569673225e-03,1.8569673225e-03,1.8569673225e-03,1.8569673225e-03,1.8569673225e-03,1.8569673225e-03,1.8569673225e-03,1.8569673225e-03,1.8569673225e-03,1.8569673225e-03,1.8569673225e-03,1.8569673225e-03,1.8569673225e-03,1.8569673225e-03,1.8569673225e-03,1.8569673225e-03,1.8569673225e-03,1.8569673225e-03,1.8569673225e-03,1.8569673225e-03,1.8569673225e-03,1.8569673225e-03,1.8569673225e-03,1.8569673225e-03,1.8569673225e-03,1.8569673225e-03,1.8569673225e-03,1.8569673225e-03,1.8569673225e-03,1.8569673225e-03,1.8569673225e-03,1.8569673225e-03,1.8569673225e-03,1.8569673225e-03,1.8569673225e-03,1.8569673225e-03,1.8569673225e-03,1.8569673225e-03,1.8569673225e-03,1.8569673225e-03,1.8569673225e-03,1.8569673225e-03,1.8569673225e-03,1.8569673225e-03,1.8569673225e-03,1.8569673225e-03,1.8569673225e-03,1.8569673225e-03,1.8569673225e-03,1.8569673225e-03,1.8569673225e-03,1.8569673225e-03,1.8569673225e-03,1.8569673225e-03,1.8569673225e-03,1.8569673225e-03,1.8569673225e-03,1.8569673225e-03,1.8569673225e-03,1.8569673225e-03,1.8569673225e-03,1.8569673225e-03,1.8569673225e-03,1.8569673225e-03,1.8569673225e-03,1.8569673225e-03,1.8569673225e-03,1.8569673225e-03,1.8569673225e-03,1.8569673225e-03,1.8569673225e-03,1.8569673225e-03,1.8569673225e-03,1.8569673225e-03,1.8569673225e-03,1.8569673225e-03,1.8569673225e-03,1.8569673225e-03,1.8569673225e-03,1.8569673225e-03,1.8569673225e-03,1.8569673225e-03,1.8569673225e-03,1.8569673225e-03,1.8569673225e-03,1.8569673225e-03,1.8563038652e-03,1.8549788247e-03,1.8535232390e-03,1.8519243658e-03,1.8501682434e-03,1.8482395802e-03,1.8461216332e-03,1.8437960786e-03,1.8412428715e-03,1.8384400948e-03,1.8353637985e-03,1.8319878263e-03,1.8203115501e-03,1.8070256778e-03,1.7925317873e-03,1.7767321119e-03,1.7595234664e-03,1.7355887432e-03,1.7051901523e-03,1.6723856417e-03,1.6370499437e-03,1.5912398421e-03,1.5423044679e-03,1.4879710927e-03,1.4260134633e-03,1.3593849254e-03,1.2845287581e-03,1.2043659842e-03,1.1189770168e-03,1.0277157362e-03,9.3515084345e-04,8.4282808467e-04,7.5251655376e-04,6.6597688374e-04,5.8349855651e-04,5.0509056863e-04,4.3218859970e-04,3.6502322199e-04,3.0387463225e-04,2.4917008525e-04,2.0119340151e-04,1.5995246457e-04,1.2525247740e-04,9.6619980973e-05,7.3445253596e-05,5.4897028119e-05,4.0373763169e-05,2.9248755755e-05,2.0910347733e-05,1.4683455226e-05,1.0113060539e-05,6.8320709800e-06,4.5294415403e-06,2.9509517518e-06,1.8822955943e-06,1.1735673236e-06,7.2509704298e-07,4.4011220421e-07,2.5856683725e-07,1.4329657958e-07,6.8684673585e-08,1.6088587610e-08,0.0000000000e+00,0.0000000000e+00,0.0000000000e+00,0.0000000000e+00,0.0000000000e+00,0.0000000000e+00,0.0000000000e+00,0.0000000000e+00,0.0000000000e+00,0.0000000000e+00,0.0000000000e+00,0.0000000000e+00,0.0000000000e+00,0.0000000000e+00,0.0000000000e+00
6.4223254222e+03,1.7292671825e-03,1.7292671825e-03,1.7292671825e-03,1.7292671825e-03,1.7292671825e-03,1.7292671825e-03,1.7292671825e-03,1.7292671825e-03,1.7292671825e-03,1.7292671825e-03,1.7292671825e-03,1.7292671825e-03,1.7292671825e-03,1.7292671825e-03,1.7292671825e-03,1.7292671825e-03,1.7292671825e-03,1.7292671825e-03,1.7292671825e-03,1.7292671825e-03,1.7292671825e-03,1.7292671825e-03,1.7292671825e-03,1.7292671825e-03,1.7292671825e-03,1.7292671825e-03,1.7292671825e-03,1.7292671825e-03,1.7292671825e-03,1.7292671825e-03,1.7292671825e-03,1.7292671825e-03,1.7292671825e-03,1.7292671825e-03,1.7292671825e-03,1.7292671825e-03,1.7292671825e-03,1.7292671825e-03,1.7292671825e-03,1.7292671825e-03,1.7292671825e-03,1.7292671825e-03,1.7292671825e-03,1.7292671825e-03,1.7292671825e-03,1.7292671825e-03,1.7292671825e-03,1.7292671825e-03,1.7292671825e-03,1.7292671825e-03,1.7292671825e-03,1.7292671825e-03,1.7292671825e-03,1.7292671825e-03,1.7292671825e-03,1.7292671825e-03,1.7292671825e-03,1.7292671825e-03,1.7292671825e-03,1.7292671825e-03,1.7292671825e-03,1.7292671825e-03,1.7292671825e-03,1.7292671825e-03,1.7292671825e-03,1.7292671825e-03,1.7292671825e-03,1.7292671825e-03,1.7292671825e-03,1.7292671825e-03,1.7292671825e-03,1.7292671825e-03,1.7292671825e-03,1.7292671825e-03,1.7292671825e-03,1.7292671825e-03,1.7292671825e-03,1.7292671825e-03,1.7292671825e-03,1.7292671825e-03,1.7292671825e-03,1.7292671825e-03,1.7292671825e-03,1.7292671825e-03,1.7292671825e-03,1.7292671825e-03,1.7292671825e-03,1.7292671825e-03,1.7292671825e-03,1.7292671825e-03,1.7292671825e-03,1.7292671825e-03,1.7292671825e-03,1.7292671825e-03,1.7292671825e-03,1.7292671825e-03,1.7292671825e-03,1.7292671825e-03,1.7292671825e-03,1.7292671825e-03,1.7292671825e-03,1.7292671825e-03,1.7292671825e-03,1.7292671825e-03,1.7292671825e-03,1.7292671825e-03,1.7292671825e-03,1.7292671825e-03,1.7292671825e-03,1.7292671825e-03,1.7292671825e-03,1.7292671825e-03,1.7292671825e-03,1.7292671825e-03,1.7292671825e-03,1.7292671825e-03,1.7292671825e-03,1.7292671825e-03,1.7292671825e-03,1.7292671825e-03,1.7292671825e-03,1.7292671825e-03,1.7292671825e-03,1.7287148490e-03,1.7276116795e-03,1.7263997276e-03,1.7250683551e-03,1.7236059017e-03,1.7219995911e-03,1.7202354285e-03,1.7182980901e-03,1.7161708038e-03,1.7138352206e-03,1.7112712759e-03,1.7084570413e-03,1.6983942672e-03,1.6869314140e-03,1.6744190362e-03,1.6607706812e-03,1.6458947675e-03,1.6250615372e-03,1.5984894654e-03,1.5697786927e-03,1.5388103537e-03,1.4983667697e-03,1.4550833951e-03,1.4068525284e-03,1.3515862713e-03,1.2919562474e-03,1.2246189168e-03,1.1521910909e-03,1.0746681345e-03,9.9134371699e-04,9.0636088410e-04,8.2108942123e-04,7.3713870606e-04,6.5614705462e-04,5.7841212134e-04,5.0397603042e-04,4.3422588951e-04,3.6945015363e-04,3.0997474001e-04,2.5629663824e-04,2.0878240889e-04,1.6754094860e-04,1.3248609396e-04,1.0325349827e-04,7.9331554804e-05,5.9966703420e-05,4.4623937145e-05,3.2725498621e-05,2.3691966574e-05,1.6856859364e-05,1.1772489691e-05,8.0722159636e-06,5.4388685832e-06,3.6077575518e-06,2.3487180495e-06,1.4957027648e-06,9.3932861325e-07,5.8059044557e-07,3.4942398600e-07,2.0181119054e-07,1.0725167460e-07,4.3709478747e-08,0.0000000000e+00,0.0000000000e+00,0.0000000000e+00,0.0000000000e+00,0.0000000000e+00,0.0000000000e+00,0.0000000000e+00,0.0000000000e+00,0.0000000000e+00,0.0000000000e+00,0.0000000000e+00,0.0000000000e+00,0.0000000000e+00,0.0000000000e+00,0.0000000000e+00
6.7130993868e+03,1.6087205354e-03,1.6087205354e-03,1.6087205354e-03,1.6087205354e-03,1.6087205354e-03,1.6087205354e-03,1.6087205354e-03,1.6087205354e-03,1.6087205354e-03,1.6087205354e-03,1.6087205354e-03,1.6087205354e-03,1.6087205354e-03,1.6087205354e-03,1.6087205354e-03,1.6087205354e-03,1.6087205354e-03,1.6087205354e-03,1.6087205354e-03,1.6087205354e-03,1.6087205354e-03,1.6087205354e-03,1.6087205354e-03,1.6087205354e-03,1.6087205354e-03,1.6087205354e-03,1.6087205354e-03,1.6087205354e-03,1.6087205354e-03,1.6087205354e-03,1.6087205354e-03,1.6087205354e-03,1.6087205354e-03,1.6087205354e-03,1.6087205354e-03,1.6087205354e-03,1.6087205354e-03,1.6087205354e-03,1.6087205354e-03,1.6087205354e-03,1.6087205354e-03,1.6087205354e-03,1.6087205354e-03,1.6087205354e-03,1.6087205354e-03,1.6087205354e-03,1.6087205354e-03,1.6087205354e-03,1.6087205354e-03,1.6087205354e-03,1.6087205354e-03,1.6087205354e-03,1.6087205354e-03,1.6087205354e-03,1.6087205354e-03,1.6087205354e-03,1.6087205354e-03,1.6087205354e-03,1.6087205354e-03,1.6087205354e-03,1.6087205354e-03,1.6087205354e-03,1.6087205354e-03,1.6087205354e-03,1.6087205354e-03,1.6087205354e-03,1.6087205354e-03,1.6087205354e-03,1.6087205354e-03,1.6087205354e-03,1.6087205354e-03,1.6087205354e-03,1.6087205354e-03,1.6087205354e-03,1.6087205354e-03,1.6087205354e-03,1.6087205354e-03,1.6087205354e-03,1.6087205354e-03,1.6087205354e-03,1.6087205354e-03,1.6087205354e-03,1.6087205354e-03,1.6087205354e-03,1.6087205354e-03,1.6087205354e-03,1.6087205354e-03,1.6087205354e-03,1.6087205354e-03,1.6087205354e-03,1.6087205354e-03,1.6087205354e-03,1.6087205354e-03,1.6087205354e-03,1.6087205354e-03,1.6087205354e-03,1.6087205354e-03,1.6087205354e-03,1.6087205354e-03,1.6087205354e-03,1.6087205354e-03,1.6087205354e-03,1.6087205354e-03,1.6087205354e-03,1.6087205354e-03,1.6087205354e-03,1.6087205354e-03,1.6087205354e-03,1.6087205354e-03,1.6087205354e-03,1.6087205354e-03,1.6087205354e-03,1.6087205354e-03,1.6087205354e-03,1.6087205354e-03,1.6087205354e-03,1.6087205354e-03,1.6087205354e-03,1.6087205354e-03,1.6087205354e-03,1.6087205354e-03,1.6087205354e-03,1.6087205354e-03,1.6082624953e-03,1.6073476094e-03,1.6063424345e-03,1.6052381256e-03,1.6040249847e-03,1.6026923819e-03,1.6012286688e-03,1.5996210852e-03,1.5978556581e-03,1.5959170924e-03,1.5937886531e-03,1.5914520389e-03,1.5827980166e-03,1.5729290092e-03,1.5621505558e-03,1.5503865241e-03,1.5375559952e-03,1.5194626692e-03,1.4962882725e-03,1.4712192649e-03,1.4441441699e-03,1.4085270668e-03,1.3703414049e-03,1.3276417101e-03,1.2784806398e-03,1.2252676644e-03,1.1648754521e-03,1.0996406054e-03,1.0294887268e-03,9.5366974168e-04,8.7592529124e-04,7.9745913917e-04,7.1972399188e-04,6.4423160919e-04,5.7127671040e-04,5.0092249721e-04,4.3449401005e-04,3.7232177185e-04,3.1476218221e-04,2.6236520142e-04,2.1556435876e-04,1.7455604509e-04,1.3935212863e-04,1.0969107554e-04,8.5156831066e-05,6.5075195403e-05,4.8980325201e-05,3.6348025266e-05,2.6636766257e-05,1.9194679791e-05,1.3586396130e-05,9.4500589999e-06,6.4659676550e-06,4.3616672336e-06,2.8926390328e-06,1.8773189938e-06,1.1975006565e-06,7.5298230439e-07,4.6316780516e-07,2.7673586130e-07,1.5788307098e-07,8.0759278803e-08,2.6659693035e-08,0.0000000000e+00,0.0000000000e+00,0.0000000000e+00,0.0000000000e+00,0.0000000000e+00,0.0000000000e+00,0.0000000000e+00,0.0000000000e+00,0.0000000000e+00,0.0000000000e+00,0.0000000000e+00,0.0000000000e+00,0.0000000000e+00,0.0000000000e+00
7.0170382867e+03,1.4965867551e-03,1.4965867551e-03,1.4965867551e-03,1.4965867551e-03,1.4965867551e-03,1.4965867551e-03,1.4965867551e-03,1.4965867551e-03,1.4965867551e-03,1.4965867551e-03,1.4965867551e-03,1.4965867551e-03,1.4965867551e-03,1.4965867551e-03,1.4965867551e-03,1.4965867551e-03,1.4965867551e-03,1.4965867551e-03,1.4965867551e-03,1.4965867551e-03,1.4965867551e-03,1.4965867551e-03,1.4965867551e-03,1.4965867551e-03,1.4965867551e-03,1.4965867551e-03,1.4965867551e-03,1.4965867551e-03,1.4965867551e-03,1.4965867551e-03,1.4965867551e-03,1.4965867551e-03,1.4965867551e-03,1.4965867551e-03,1.4965867551e-03,1.4965867551e-03,1.4965867551e-03,1.4965867551e-03,1.4965867551e-03,1.4965867551e-03,1.4965867551e-03,1.4965867551e-03,1.4965867551e-03,1.4965867551e-03,1.4965867551e-03,1.4965867551e-03,1.4965867551e-03,1.4965867551e-03,1.4965867551e-03,1.4965867551e-03,1.4965867551e-03,1.4965867551e-03,1.4965867551e-03,1.4965867551e-03,1.4965867551e-03,1.4965867551e-03,1.4965867551e-03,1.4965867551e-03,1.4965867551e-03,1.4965867551e-03,1.4965867551e-03,1.4965867551e-03,1.4965867551e-03,1.4965867551e-03,1.4965867551e-03,1.4965867551e-03,1.4965867551e-03,1.4965867551e-03,1.4965867551e-03,1.4965867551e-03,1.4965867551e-03,1.4965867551e-03,1.4965867551e-03,1.4965867551e-03,1.4965867551e-03,1.4965867551e-03,1.4965867551e-03,1.4965867551e-03,1.4965867551e-03,1.4965867551e-03,1.4965867551e-03,1.4965867551e-03,1.4965867551e-03,1.4965867551e-03,1.4965867551e-03,1.4965867551e-03,1.4965867551e-03,1.4965867551e-03,1.4965867551e-03,1.4965867551e-03,1.4965867551e-03,1.4965867551e-03,1.4965867551e-03,1.4965867551e-03,1.4965867551e-03,1.4965867551e-03,1.4965867551e-03,1.4965867551e-03,1.4965867551e-03,1.4965867551e-03,1.4965867551e-03,1.4965867551e-03,1.4965867551e-03,1.4965867551e-03,1.4965867551e-03,1.4965867551e-03,1.4965867551e-03,1.4965867551e-03,1.4965867551e-03,1.4965867551e-03,1.4965867551e-03,1.4965867551e-03,1.4965867551e-03,1.4965867551e-03,1.4965867551e-03,1.4965867551e-03,1.4965867551e-03,1.4965867551e-03,1.4965867551e-03,1.4965867551e-03,1.4965867551e-03,1.4965867551e-03,1.4965867551e-03,1.4965867551e-03,1.4965175864e-03,1.4953592618e-03,1.4940868977e-03,1.4926893794e-03,1.4911545326e-03,1.4894690270e-03,1.4876182728e-03,1.4855863085e-03,1.4833556807e-03,1.4809073152e-03,1.4782203791e-03,1.4752721339e-03,1.4687627875e-03,1.4576963456e-03,1.4456266976e-03,1.4324732765e-03,1.4181511878e-03,1.4020622804e-03,1.3776336901e-03,1.3512691032e-03,1.3228671797e-03,1.2891677803e-03,1.2501151048e-03,1.2085464994e-03,1.1591763606e-03,1.1064014218e-03,1.0471278386e-03,9.8427358086e-04,9.1530409174e-04,8.4450741661e-04,7.7252564268e-04,7.0070001423e-04,6.3061491221e-04,5.6232994091e-04,4.9615376940e-04,4.3313990670e-04,3.7375614755e-04,3.1829278115e-04,2.6737855474e-04,2.2153258854e-04,1.8098096173e-04,1.4579027894e-04,1.1588300445e-04,9.0856489193e-05,7.0165273119e-05,5.3392797511e-05,4.0074296211e-05,2.9710438988e-05,2.1668320874e-05,1.5532454206e-05,1.0948023465e-05,7.5972347501e-06,5.2008522515e-06,3.5034537018e-06,2.3097138903e-06,1.4917239076e-06,9.5064695708e-07,5.9545847243e-07,3.6446105551e-07,2.1643616312e-07,1.2138238694e-07,5.7774200416e-08,1.1659853865e-08,0.0000000000e+00,0.0000000000e+00,0.0000000000e+00,0.0000000000e+00,0.0000000000e+00,0.0000000000e+00,0.0000000000e+00,0.0000000000e+00,0.0000000000e+00,0.0000000000e+00,0.0000000000e+00,0.0000000000e+00,0.0000000000e+00
7.3347381708e+03,1.3894860616e-03,1.3894860616e-03,1.3894860616e-03,1.3894860616e-03,1.3894860616e-03,1.3894860616e-03,1.3894860616e-03,1.3894860616e-03,1.3894860616e-03,1.3894860616e-03,1.3894860616e-03,1.3894860616e-03,1.3894860616e-03,1.3894860616e-03,1.3894860616e-03,1.3894860616e-03,1.3894860616e-03,1.3894860616e-03,1.3894860616e-03,1.3894860616e-03,1.3894860616e-03,1.3894860616e-03,1.3894860616e-03,1.3894860616e-03,1.3894860616e-03,1.3894860616e-03,1.3894860616e-03,1.3894860616e-03,1.3894860616e-03,1.3894860616e-03,1.3894860616e-03,1.3894860616e-03,1.3894860616e-03,1.3894860616e-03,1.3894860616e-03,1.3894860616e-03,1.3894860616e-03,1.3894860616e-03,1.3894860616e-03,1.3894860616e-03,1.3894860616e-03,1.3894860616e-03,1.3894860616e-03,1.3894860616e-03,1.3894860616e-03,1.3894860616e-03,1.3894860616e-03,1.3894860616e-03,1.3894860616e-03,1.3894860616e-03,1.3894860616e-03,1.3894860616e-03,1.3894860616e-03,1.3894860616e-03,1.3894860616e-03,1.3894860616e-03,1.3894860616e-03,1.3894860616e-03,1.3894860616e-03,1.3894860616e-03,1.3894860616e-03,1.3894860616e-03,1.3894860616e-03,1.3894860616e-03,1.3894860616e-03,1.3894860616e-03,1.3894860616e-03,1.3894860616e-03,1.3894860616e-03,1.3894860616e-03,1.3894860616e-03,1.3894860616e-03,1.3894860616e-03,1.3894860616e-03,1.3894860616e-03,1.3894860616e-03,1.3894860616e-03,1.3894860616e-03,1.3894860616e-03,1.3894860616e-03,1.3894860616e-03,1.3894860616e-03,1.3894860616e-03,1.3894860616e-03,1.3894860616e-03,1.3894860616e-03,1.3894860616e-03,1.3894860616e-03,1.3894860616e-03,1.3894860616e-03,1.3894860616e-03,1.3894860616e-03,1.3894860616e-03,1.3894860616e-03,1.3894860616e-03,1.3894860616e-03,1.3894860616e-03,1.3894860616e-03,1.3894860616e-03,1.3894860616e-03,1.3894860616e-03,1.3894860616e-03,1.3894860616e-03,1.3894860616e-03,1.3894860616e-03,1.3894860616e-03,1.3894860616e-03,1.3894860616e-03,1.3894860616e-03,1.3894860616e-03,1.3894860616e-03,1.3894860616e-03,1.3894860616e-03,1.3894860616e-03,1.3894860616e-03,1.3894860616e-03,1.3894860616e-03,1.3894860616e-03,1.3894860616e-03,1.3894860616e-03,1.3894860616e-03,1.3894860616e-03,1.3894860616e-03,1.3894860616e-03,1.3894282909e-03,1.3884608020e-03,1.3873979750e-03,1.3862304999e-03,1.3849481752e-03,1.3835398264e-03,1.3819932173e-03,1.3802949549e-03,1.3784303861e-03,1.3763834875e-03,1.3741367465e-03,1.3716710341e-03,1.3661112756e-03,1.3565864263e-03,1.3461919434e-03,1.3348567006e-03,1.3225054632e-03,1.3086067348e-03,1.2873139083e-03,1.2643053255e-03,1.2394852173e-03,1.2098962314e-03,1.1754650956e-03,1.1387430028e-03,1.0948842625e-03,1.0478599240e-03,9.9478017393e-04,9.3827547796e-04,8.7592675667e-04,8.1161249771e-04,7.4586191203e-04,6.7986008233e-04,6.1504582939e-04,5.5148792337e-04,4.8947330897e-04,4.2999861165e-04,3.7353230953e-04,3.2038042307e-04,2.7118647850e-04,2.2650608093e-04,1.8662849756e-04,1.5169511283e-04,1.2171251127e-04,9.6365924299e-05,7.5188083980e-05,5.7833013842e-05,4.3895066314e-05,3.2920591921e-05,2.4300307415e-05,1.7639820886e-05,1.2598529213e-05,8.8648478431e-06,6.1587155604e-06,4.2158622105e-06,2.8299135069e-06,1.8638580822e-06,1.2080955865e-06,7.6902417137e-07,4.7995964121e-07,2.9298607587e-07,1.7278976410e-07,9.3920497665e-08,4.0405371280e-08,3.0812415828e-10,0.0000000000e+00,0.0000000000e+00,0.0000000000e+00,0.0000000000e+00,0.0000000000e+00,0.0000000000e+00,0.0000000000e+00,0.0000000000e+00,0.0000000000e+00,0.0000000000e+00,0.0000000000e+00,0.0000000000e+00
7.6668220745e+03,1.2965003919e-03,1.2965003919e-03,1.2965003919e-03,1.2965003919e-03,1.2965003919e-03,1.2965003919e-03,1.2965003919e-03,1.2965003919e-03,1.2965003919e-03,1.2965003919e-03,1.2965003919e-03,1.2965003919e-03,1.2965003919e-03,1.2965003919e-03,1.2965003919e-03,1.2965003919e-03,1.2965003919e-03,1.2965003919e-03,1.2965003919e-03,1.2965003919e-03,1.2965003919e-03,1.2965003919e-03,1.2965003919e-03,1.2965003919e-03,1.2965003919e-03,1.2965003919e-03,1.2965003919e-03,1.2965003919e-03,1.2965003919e-03,1.2965003919e-03,1.2965003919e-03,1.2965003919e-03,1.2965003919e-03,1.2965003919e-03,1.2965003919e-03,1.2965003919e-03,1.2965003919e-03,1.2965003919e-03,1.2965003919e-03,1.2965003919e-03,1.2965003919e-03,1.2965003919e-03,1.2965003919e-03,1.2965003919e-03,1.2965003919e-03,1.2965003919e-03,1.2965003919e-03,1.2965003919e-03,1.2965003919e-03,1.2965003919e-03,1.2965003919e-03,1.2965003919e-03,1.2965003919e-03,1.2965003919e-03,1.2965003919e-03,1.2965003919e-03,1.2965003919e-03,1.2965003919e-03,1.2965003919e-03,1.2965003919e-03,1.2965003919e-03,1.2965003919e-03,1.2965003919e-03,1.2965003919e-03,1.2965003919e-03,1.2965003919e-03,1.2965003919e-03,1.2965003919e-03,1.2965003919e-03,1.2965003919e-03,1.2965003919e-03,1.2965003919e-03,1.2965003919e-03,1.2965003919e-03,1.2965003919e-03,1.2965003919e-03,1.2965003919e-03,1.2965003919e-03,1.2965003919e-03,1.2965003919e-03,1.2965003919e-03,1.2965003919e-03,1.2965003919e-03,1.2965003919e-03,1.2965003919e-03,1.2965003919e-03,1.2965003919e-03,1.2965003919e-03,1.2965003919e-03,1.2965003919e-03,1.2965003919e-03,1.2965003919e-03,1.2965003919e-03,1.2965003919e-03,1.2965003919e-03,1.2965003919e-03,1.2965003919e-03,1.2965003919e-03,1.2965003919e-03,1.2965003919e-03,1.2965003919e-03,1.2965003919e-03,1.2965003919e-03,1.2965003919e-03,1.2965003919e-03,1.2965003919e-03,1.2965003919e-03,1.2965003919e-03,1.2965003919e-03,1.2965003919e-03,1.2965003919e-03,1.2965003919e-03,1.2965003919e-03,1.2965003919e-03,1.2965003919e-03,1.2965003919e-03,1.2965003919e-03,1.2965003919e-03,1.2965003919e-03,1.2965003919e-03,1.2965003919e-03,1.2965003919e-03,1.2965003919e-03,1.2965003919e-03,1.2965003919e-03,1.2965003919e-03,1.2965003919e-03,1.2965003919e-03,1.2965003919e-03,1.2965003919e-03,1.2965003919e-03,1.2965003919e-03,1.2928139351e-03,1.2870034300e-03,1.2806458097e-03,1.2736928244e-03,1.2660926461e-03,1.2577897478e-03,1.2487248140e-03,1.2388346926e-03,1.2280524012e-03,1.2163072005e-03,1.2035247539e-03,1.1886810857e-03,1.1621657901e-03,1.1336983378e-03,1.1032067899e-03,1.0706315465e-03,1.0359289703e-03,9.9231251202e-04,9.4348837508e-04,8.9258131998e-04,8.3913817549e-04,7.8020779079e-04,7.2018731842e-04,6.6005882672e-04,6.0027751601e-04,5.4100870852e-04,4.8294042091e-04,4.2691497202e-04,3.7322755134e-04,3.2236419002e-04,2.7493241216e-04,2.3142713048e-04,1.9224930922e-04,1.5760637112e-04,1.2752521342e-04,1.0190102442e-04,8.0264658520e-05,6.2322559834e-05,4.7746926794e-05,3.6164803870e-05,2.6962298166e-05,1.9770104245e-05,1.4253778010e-05,1.0121922594e-05,7.0873670679e-06,4.8829257437e-06,3.2933416844e-06,2.1777938058e-06,1.4158632233e-06,8.9946926646e-07,5.5355829116e-07,3.2435021162e-07,1.7254007861e-07,7.0820408576e-08,6.4958089936e-09,0.0000000000e+00,0.0000000000e+00,0.0000000000e+00,0.0000000000e+00,0.0000000000e+00,0.0000000000e+00,0.0000000000e+00,0.0000000000e+00,0.0000000000e+00,0.0000000000e+00,0.0000000000e+00,0.0000000000e+00,0.0000000000e+00
8.0139412415e+03,1.2027022345e-03,1.2027022345e-03,1.2027022345e-03,1.2027022345e-03,1.2027022345e-03,1.2027022345e-03,1.2027022345e-03,1.2027022345e-03,1.2027022345e-03,1.2027022345e-03,1.2027022345e-03,1.2027022345e-03,1.2027022345e-03,1.2027022345e-03,1.2027022345e-03,1.2027022345e-03,1.2027022345e-03,1.2027022345e-03,1.2027022345e-03,1.2027022345e-03,1.2027022345e-03,1.2027022345e-03,1.2027022345e-03,1.2027022345e-03,1.2027022345e-03,1.2027022345e-03,1.2027022345e-03,1.2027022345e-03,1.2027022345e-03,1.2027022345e-03,1.2027022345e-03,1.2027022345e-03,1.2027022345e-03,1.2027022345e-03,1.2027022345e-03,1.2027022345e-03,1.2027022345e-03,1.2027022345e-03,1.2027022345e-03,1.2027022345e-03,1.2027022345e-03,1.2027022345e-03,1.2027022345e-03,1.2027022345e-03,1.2027022345e-03,1.2027022345e-03,1.2027022345e-03,1.2027022345e-03,1.2027022345e-03,1.2027022345e-03,1.2027022345e-03,1.2027022345e-03,1.2027022345e-03,1.2027022345e-03,1.2027022345e-03,1.2027022345e-03,1.2027022345e-03,1.2027022345e-03,1.2027022345e-03,1.2027022345e-03,1.2027022345e-03,1.2027022345e-03,1.2027022345e-03,1.2027022345e-03,1.2027022345e-03,1.2027022345e-03,1.2027022345e-03,1.2027022345e-03,1.2027022345e-03,1.2027022345e-03,1.2027022345e-03,1.2027022345e-03,1.2027022345e-03,1.2027022345e-03,1.2027022345e-03,1.2027022345e-03,1.2027022345e-03,1.2027022345e-03,1.2027022345e-03,1.2027022345e-03,1.2027022345e-03,1.2027022345e-03,1.2027022345e-03,1.2027022345e-03,1.2027022345e-03,1.2027022345e-03,1.2027022345e-03,1.2027022345e-03,1.2027022345e-03,1.2027022345e-03,1.2027022345e-03,1.2027022345e-03,1.2027022345e-03,1.2027022345e-03,1.2027022345e-03,1.2027022345e-03,1.2027022345e-03,1.2027022345e-03,1.2027022345e-03,1.2027022345e-03,1.2027022345e-03,1.2027022345e-03,1.2027022345e-03,1.2027022345e-03,1.2027022345e-03,1.2027022345e-03,1.2027022345e-03,1.2027022345e-03,1.2027022345e-03,1.2027022345e-03,1.2027022345e-03,1.2027022345e-03,1.2027022345e-03,1.2027022345e-03,1.2027022345e-03,1.2027022345e-03,1.2027022345e-03,1.2027022345e-03,1.2027022345e-03,1.2027022345e-03,1.2027022345e-03,1.2027022345e-03,1.2027022345e-03,1.2027022345e-03,1.2027022345e-03,1.2027022345e-03,1.2027022345e-03,1.2027022345e-03,1.2027022345e-03,1.2027022345e-03,1.2027022345e-03,1.2027022345e-03,1.2027022345e-03,1.2014340557e-03,1.1950313786e-03,1.1880319927e-03,1.1803845488e-03,1.1720341607e-03,1.1629223524e-03,1.1529870517e-03,1.1421626465e-03,1.1303801167e-03,1.1175672608e-03,1.1036490375e-03,1.0885480451e-03,1.0653861579e-03,1.0360641063e-03,1.0047594494e-03,9.7143521070e-04,9.3607435360e-04,8.9667521922e-04,8.4804771512e-04,7.9762686730e-04,7.4564933863e-04,6.9178072752e-04,6.3673442645e-04,5.8127151369e-04,5.2681737764e-04,4.7282150069e-04,4.2069622005e-04,3.7015158092e-04,3.2190860231e-04,2.7654504635e-04,2.3453421235e-04,1.9636141451e-04,1.6233888772e-04,1.3257664805e-04,1.0696182005e-04,8.5070952607e-05,6.6701349748e-05,5.1683164474e-05,3.9558838401e-05,2.9817168569e-05,2.2116022149e-05,1.6148877512e-05,1.1614760702e-05,8.2464184491e-06,5.7652637444e-06,3.9492953008e-06,2.6497575444e-06,1.7418105937e-06,1.1171670442e-06,6.9955324446e-07,4.2530356677e-07,2.4569521466e-07,1.2588211494e-07,4.5490327900e-08,0.0000000000e+00,0.0000000000e+00,0.0000000000e+00,0.0000000000e+00,0.0000000000e+00,0.0000000000e+00,0.0000000000e+00,0.0000000000e+00,0.0000000000e+00,0.0000000000e+00,0.0000000000e+00,0.0000000000e+00,0.0000000000e+00
8.3767764007e+03,1.1127476216e-03,1.1127476216e-03,1.1127476216e-03,1.1127476216e-03,1.1127476216e-03,1.1127476216e-03,1.1127476216e-03,1.1127476216e-03,1.1127476216e-03,1.1127476216e-03,1.1127476216e-03,1.1127476216e-03,1.1127476216e-03,1.1127476216e-03,1.1127476216e-03,1.1127476216e-03,1.1127476216e-03,1.1127476216e-03,1.1127476216e-03,1.1127476216e-03,1.1127476216e-03,1.1127476216e-03,1.1127476216e-03,1.1127476216e-03,1.1127476216e-03,1.1127476216e-03,1.1127476216e-03,1.1127476216e-03,1.1127476216e-03,1.1127476216e-03,1.1127476216e-03,1.1127476216e-03,1.1127476216e-03,1.1127476216e-03,1.1127476216e-03,1.1127476216e-03,1.1127476216e-03,1.1127476216e-03,1.1127476216e-03,1.1127476216e-03,1.1127476216e-03,1.1127476216e-03,1.1127476216e-03,1.1127476216e-03,1.1127476216e-03,1.1127476216e-03,1.1127476216e-03,1.1127476216e-03,1.1127476216e-03,1.1127476216e-03,1.1127476216e-03,1.1127476216e-03,1.1127476216e-03,1.1127476216e-03,1.1127476216e-03,1.1127476216e-03,1.1127476216e-03,1.1127476216e-03,1.1127476216e-03,1.1127476216e-03,1.1127476216e-03,1.1127476216e-03,1.1127476216e-03,1.1127476216e-03,1.1127476216e-03,1.1127476216e-03,1.1127476216e-03,1.1127476216e-03,1.1127476216e-03,1.1127476216e-03,1.1127476216e-03,1.1127476216e-03,1.1127476216e-03,1.1127476216e-03,1.1127476216e-03,1.1127476216e-03,1.1127476216e-03,1.1127476216e-03,1.1127476216e-03,1.1127476216e-03,1.1127476216e-03,1.1127476216e-03,1.1127476216e-03,1.1127476216e-03,1.1127476216e-03,1.1127476216e-03,1.1127476216e-03,1.1127476216e-03,1.1127476216e-03,1.1127476216e-03,1.1127476216e-03,1.1127476216e-03,1.1127476216e-03,1.1127476216e-03,1.1127476216e-03,1.1127476216e-03,1.1127476216e-03,1.1127476216e-03,1.1127476216e-03,1.1127476216e-03,1.1127476216e-03,1.1127476216e-03,1.1127476216e-03,1.1127476216e-03,1.1127476216e-03,1.1127476216e-03,1.1127476216e-03,1.1127476216e-03,1.1127476216e-03,1.1127476216e-03,1.1127476216e-03,1.1127476216e-03,1.1127476216e-03,1.1127476216e-03,1.1127476216e-03,1.1127476216e-03,1.1127476216e-03,1.1127476216e-03,1.1127476216e-03,1.1127476216e-03,1.1127476216e-03,1.1127476216e-03,1.1127476216e-03,1.1127476216e-03,1.1127476216e-03,1.1127476216e-03,1.1127476216e-03,1.1127476216e-03,1.1127476216e-03,1.1127476216e-03,1.1127476216e-03,1.1127476216e-03,1.1127476216e-03,1.1116613293e-03,1.1061756438e-03,1.1001762137e-03,1.0936183092e-03,1.0864540070e-03,1.0786321121e-03,1.0700981163e-03,1.0607942022e-03,1.0506593069e-03,1.0396292584e-03,1.0276370027e-03,1.0146129402e-03,9.9440974816e-04,9.6870001843e-04,9.4120252633e-04,9.1187314489e-04,8.8068358658e-04,8.4579244932e-04,8.0241670521e-04,7.5729432743e-04,7.1061173618e-04,6.6192136605e-04,6.1189978696e-04,5.6126846770e-04,5.1118373876e-04,4.6126513635e-04,4.1272093689e-04,3.6535308435e-04,3.1979652093e-04,2.7663953666e-04,2.3635601209e-04,1.9944528330e-04,1.6625735820e-04,1.3695804920e-04,1.1150093550e-04,8.9531034340e-05,7.0907041054e-05,5.5518936777e-05,4.2959379756e-05,3.2753262938e-05,2.4589529529e-05,1.8185574657e-05,1.3256788786e-05,9.5468009593e-06,6.7772657875e-06,4.7222824012e-06,3.2303155748e-06,2.1711023571e-06,1.4282431655e-06,9.1987932467e-07,5.7827240601e-07,3.5017750916e-07,1.9611869324e-07,9.2581082365e-08,2.4779531945e-08,0.0000000000e+00,0.0000000000e+00,0.0000000000e+00,0.0000000000e+00,0.0000000000e+00,0.0000000000e+00,0.0000000000e+00,0.0000000000e+00,0.0000000000e+00,0.0000000000e+00,0.0000000000e+00,0.0000000000e+00
8.7560391014e+03,1.0214113248e-03,1.0214113248e-03,1.0214113248e-03,1.0214113248e-03,1.0214113248e-03,1.0214113248e-03,1.0214113248e-03,1.0214113248e-03,1.0214113248e-03,1.0214113248e-03,1.0214113248e-03,1.0214113248e-03,1.0214113248e-03,1.0214113248e-03,1.0214113248e-03,1.0214113248e-03,1.0214113248e-03,1.0214113248e-03,1.0214113248e-03,1.0214113248e-03,1.0214113248e-03,1.0214113248e-03,1.0214113248e-03,1.0214113248e-03,1.0214113248e-03,1.0214113248e-03,1.0214113248e-03,1.0214113248e-03,1.0214113248e-03,1.0214113248e-03,1.0214113248e-03,1.0214113248e-03,1.0214113248e-03,1.0214113248e-03,1.0214113248e-03,1.0214113248e-03,1.0214113248e-03,1.0214113248e-03,1.0214113248e-03,1.0214113248e-03,1.0214113248e-03,1.0214113248e-03,1.0214113248e-03,1.0214113248e-03,1.0214113248e-03,1.0214113248e-03,1.0214113248e-03,1.0214113248e-03,1.0214113248e-03,1.0214113248e-03,1.0214113248e-03,1.0214113248e-03,1.0214113248e-03,1.0214113248e-03,1.0214113248e-03,1.0214113248e-03,1.0214113248e-03,1.0214113248e-03,1.0214113248e-03,1.0214113248e-03,1.0214113248e-03,1.0214113248e-03,1.0214113248e-03,1.0214113248e-03,1.0214113248e-03,1.0214113248e-03,1.0214113248e-03,1.0214113248e-03,1.0214113248e-03,1.0214113248e-03,1.0214113248e-03,1.0214113248e-03,1.0214113248e-03,1.0214113248e-03,1.0214113248e-03,1.0214113248e-03,1.0214113248e-03,1.0214113248e-03,1.0214113248e-03,1.0214113248e-03,1.0214113248e-03,1.0214113248e-03,1.0214113248e-03,1.0214113248e-03,1.0214113248e-03,1.0214113248e-03,1.0214113248e-03,1.0214113248e-03,1.0214113248e-03,1.0214113248e-03,1.0214113248e-03,1.0214113248e-03,1.0214113248e-03,1.0214113248e-03,1.0214113248e-03,1.0214113248e-03,1.0214113248e-03,1.0214113248e-03,1.0214113248e-03,1.0214113248e-03,1.0214113248e-03,1.0214113248e-03,1.0214113248e-03,1.0214113248e-03,1.0214113248e-03,1.0214113248e-03,1.0214113248e-03,1.0214113248e-03,1.0214113248e-03,1.0214113248e-03,1.0214113248e-03,1.0214113248e-03,1.0214113248e-03,1.0214113248e-03,1.0214113248e-03,1.0214113248e-03,1.0214113248e-03,1.0214113248e-03,1.0214113248e-03,1.0214113248e-03,1.0214113248e-03,1.0214113248e-03,1.0214113248e-03,1.0214113248e-03,1.0214113248e-03,1.0214113248e-03,1.0214113248e-03,1.0212907239e-03,1.0201517287e-03,1.0189010453e-03,1.0175278817e-03,1.0160204361e-03,1.0143658099e-03,1.0125499135e-03,1.0105573674e-03,1.0083713956e-03,1.0059737138e-03,1.0033444119e-03,1.0004618307e-03,9.9462077090e-04,9.8558770432e-04,9.7575188388e-04,9.6505215299e-04,9.5342479711e-04,9.4022718494e-04,9.2153605753e-04,9.0141654246e-04,8.7980476603e-04,8.5387479374e-04,8.2410793580e-04,7.9257994331e-04,7.5535668913e-04,7.1607742617e-04,6.7372618615e-04,6.2966343334e-04,5.8443586668e-04,5.3885541807e-04,4.9316992253e-04,4.4732270791e-04,4.0215584765e-04,3.5805661709e-04,3.1533335173e-04,2.7456585962e-04,2.3626943409e-04,2.0094073630e-04,1.6884748547e-04,1.4027937491e-04,1.1519413761e-04,9.3363349501e-05,7.4736762334e-05,5.9114635046e-05,4.6263284976e-05,3.5705976812e-05,2.7149495197e-05,2.0353172269e-05,1.5058664180e-05,1.1020451563e-05,7.9671089754e-06,5.6708827508e-06,3.9774162637e-06,2.7512841457e-06,1.8678465900e-06,1.2429077680e-06,8.1310481076e-07,5.2445955926e-07,3.3068690642e-07,2.0282542145e-07,1.1956247495e-07,6.5216003768e-08,2.7943778348e-08,1.8220739866e-10,0.0000000000e+00,0.0000000000e+00,0.0000000000e+00,0.0000000000e+00,0.0000000000e+00,0.0000000000e+00,0.0000000000e+00,0.0000000000e+00,0.0000000000e+00
9.1524731088e+03,9.4518297020e-04,9.4518297020e-04,9.4518297020e-04,9.4518297020e-04,9.4518297020e-04,9.4518297020e-04,9.4518297020e-04,9.4518297020e-04,9.4518297020e-04,9.4518297020e-04,9.4518297020e-04,9.4518297020e-04,9.4518297020e-04,9.4518297020e-04,9.4518297020e-04,9.4518297020e-04,9.4518297020e-04,9.4518297020e-04,9.4518297020e-04,9.4518297020e-04,9.4518297020e-04,9.4518297020e-04,9.4518297020e-04,9.4518297020e-04,9.4518297020e-04,9.4518297020e-04,9.4518297020e-04,9.4518297020e-04,9.4518297020e-04,9.4518297020e-04,9.4518297020e-04,9.4518297020e-04,9.4518297020e-04,9.4518297020e-04,9.4518297020e-04,9.4518297020e-04,9.4518297020e-04,9.4518297020e-04,9.4518297020e-04,9.4518297020e-04,9.4518297020e-04,9.4518297020e-04,9.4518297020e-04,9.4518297020e-04,9.4518297020e-04,9.4518297020e-04,9.4518297020e-04,9.4518297020e-04,9.4518297020e-04,9.4518297020e-04,9.4518297020e-04,9.4518297020e-04,9.4518297020e-04,9.4518297020e-04,9.4518297020e-04,9.4518297020e-04,9.4518297020e-04,9.4518297020e-04,9.4518297020e-04,9.4518297020e-04,9.4518297020e-04,9.4518297020e-04,9.4518297020e-04,9.4518297020e-04,9.4518297020e-04,9.4518297020e-04,9.4518297020e-04,9.4518297020e-04,9.4518297020e-04,9.4518297020e-04,9.4518297020e-04,9.4518297020e-04,9.4518297020e-04,9.4518297020e-04,9.4518297020e-04,9.4518297020e-04,9.4518297020e-04,9.4518297020e-04,9.4518297020e-04,9.4518297020e-04,9.4518297020e-04,9.4518297020e-04,9.4518297020e-04,9.4518297020e-04,9.4518297020e-04,9.4518297020e-04,9.4518297020e-04,9.4518297020e-04,9.4518297020e-04,9.4518297020e-04,9.4518297020e-04,9.4518297020e-04,9.4518297020e-04,9.4518297020e-04,9.4518297020e-04,9.4518297020e-04,9.4518297020e-04,9.4518297020e-04,9.4518297020e-04,9.4518297020e-04,9.4518297020e-04,9.4518297020e-04,9.4518297020e-04,9.4518297020e-04,9.4518297020e-04,9.4518297020e-04,9.4518297020e-04,9.4518297020e-04,9.4518297020e-04,9.4518297020e-04,9.4518297020e-04,9.4518297020e-04,9.4518297020e-04,9.4518297020e-04,9.4518297020e-04,9.4518297020e-04,9.4518297020e-04,9.4518297020e-04,9.4518297020e-04,9.4518297020e-04,9.4518297020e-04,9.4518297020e-04,9.4518297020e-04,9.4518297020e-04,9.4518297020e-04,9.4518297020e-04,9.4518297020e-04,9.4518297020e-04,9.4518297020e-04,9.4518297020e-04,9.4518297020e-04,9.4518297020e-04,9.4518297020e-04,9.4518297020e-04,9.4518297020e-04,9.4147135458e-04,9.3600435350e-04,9.3003085801e-04,9.2350790576e-04,9.1638970983e-04,9.0862765047e-04,9.0017031411e-04,8.9096359132e-04,8.8095084781e-04,8.7007318440e-04,8.5826980394e-04,8.4428091584e-04,8.2126311062e-04,7.9668208702e-04,7.7050720265e-04,7.4272324583e-04,7.1333380213e-04,6.7811827467e-04,6.3994220766e-04,6.0044891951e-04,5.5991840710e-04,5.1884380597e-04,4.7715708783e-04,4.3526191289e-04,3.9350137998e-04,3.5233977113e-04,3.1222094522e-04,2.7372140430e-04,2.3714201942e-04,2.0318828844e-04,1.7214945986e-04,1.4418819176e-04,1.1936080909e-04,9.7581293138e-05,7.8773893880e-05,6.2906729330e-05,4.9680711834e-05,3.8705096833e-05,2.9709264666e-05,2.2487134690e-05,1.6802624388e-05,1.2415480152e-05,9.0550210093e-06,6.4980302747e-06,4.5900327999e-06,3.1922040075e-06,2.1747629762e-06,1.4507122347e-06,9.5007935105e-07,6.1015795534e-07,3.7817393574e-07,2.2145803994e-07,1.1633571745e-07,4.6533783464e-08,2.3890547949e-09,0.0000000000e+00,0.0000000000e+00,0.0000000000e+00,0.0000000000e+00,0.0000000000e+00,0.0000000000e+00,0.0000000000e+00,0.0000000000e+00,0.0000000000e+00,0.0000000000e+00
9.5668558622e+03,8.6967850196e-04,8.6967850196e-04,8.6967850196e-04,8.6967850196e-04,8.6967850196e-04,8.6967850196e-04,8.6967850196e-04,8.6967850196e-04,8.6967850196e-04,8.6967850196e-04,8.6967850196e-04,8.6967850196e-04,8.6967850196e-04,8.6967850196e-04,8.6967850196e-04,8.6967850196e-04,8.6967850196e-04,8.6967850196e-04,8.6967850196e-04,8.6967850196e-04,8.6967850196e-04,8.6967850196e-04,8.6967850196e-04,8.6967850196e-04,8.6967850196e-04,8.6967850196e-04,8.6967850196e-04,8.6967850196e-04,8.6967850196e-04,8.6967850196e-04,8.6967850196e-04,8.6967850196e-04,8.6967850196e-04,8.6967850196e-04,8.6967850196e-04,8.6967850196e-04,8.6967850196e-04,8.6967850196e-04,8.6967850196e-04,8.6967850196e-04,8.6967850196e-04,8.6967850196e-04,8.6967850196e-04,8.6967850196e-04,8.6967850196e-04,8.6967850196e-04,8.6967850196e-04,8.6967850196e-04,8.6967850196e-04,8.6967850196e-04,8.6967850196e-04,8.6967850196e-04,8.6967850196e-04,8.6967850196e-04,8.6967850196e-04,8.6967850196e-04,8.6967850196e-04,8.6967850196e-04,8.6967850196e-04,8.6967850196e-04,8.6967850196e-04,8.6967850196e-04,8.6967850196e-04,8.6967850196e-04,8.6967850196e-04,8.6967850196e-04,8.6967850196e-04,8.6967850196e-04,8.6967850196e-04,8.6967850196e-04,8.6967850196e-04,8.6967850196e-04,8.6967850196e-04,8.6967850196e-04,8.6967850196e-04,8.6967850196e-04,8.6967850196e-04,8.6967850196e-04,8.6967850196e-04,8.6967850196e-04,8.6967850196e-04,8.6967850196e-04,8.6967850196e-04,8.6967850196e-04,8.6967850196e-04,8.6967850196e-04,8.6967850196e-04,8.6967850196e-04,8.6967850196e-04,8.6967850196e-04,8.6967850196e-04,8.6967850196e-04,8.6967850196e-04,8.6967850196e-04,8.6967850196e-04,8.6967850196e-04,8.6967850196e-04,8.6967850196e-04,8.6967850196e-04,8.6967850196e-04,8.6967850196e-04,8.6967850196e-04,8.6967850196e-04,8.6967850196e-04,8.6967850196e-04,8.6967850196e-04,8.6967850196e-04,8.6967850196e-04,8.6967850196e-04,8.6967850196e-04,8.6967850196e-04,8.6967850196e-04,8.6967850196e-04,8.6967850196e-04,8.6967850196e-04,8.6967850196e-04,8.6967850196e-04,8.6967850196e-04,8.6967850196e-04,8.6967850196e-04,8.6967850196e-04,8.6967850196e-04,8.6967850196e-04,8.6967850196e-04,8.6967850196e-04,8.6967850196e-04,8.6967850196e-04,8.6967850196e-04,8.6967850196e-04,8.6893707723e-04,8.6767851865e-04,8.6629703160e-04,8.6478083833e-04,8.6311708037e-04,8.6129172931e-04,8.5928949250e-04,8.5709371359e-04,8.5468626859e-04,8.5204745767e-04,8.4915589380e-04,8.4581970472e-04,8.3757116519e-04,8.2859596674e-04,8.1884006737e-04,8.0824746333e-04,7.9676058855e-04,7.8147670201e-04,7.6340016821e-04,7.4400994949e-04,7.2286588696e-04,6.9631540746e-04,6.6825119941e-04,6.3747687235e-04,6.0371392617e-04,5.6850416475e-04,5.3184209869e-04,4.9453380082e-04,4.5673656833e-04,4.1834944510e-04,3.8010642149e-04,3.4221326373e-04,3.0500769277e-04,2.6898326537e-04,2.3464100022e-04,2.0244149065e-04,1.7277220774e-04,1.4582031027e-04,1.2174578553e-04,1.0042683878e-04,8.1856880963e-05,6.6006114586e-05,5.2676381783e-05,4.1497327528e-05,3.2239190351e-05,2.4714916676e-05,1.8714015909e-05,1.4025110054e-05,1.0392250194e-05,7.5895368217e-06,5.4686154220e-06,3.8926989854e-06,2.7262384423e-06,1.8764401921e-06,1.2699049079e-06,8.4461174040e-07,5.5004185832e-07,3.5112786797e-07,2.1940950301e-07,1.3345504276e-07,7.6911005950e-08,3.9220995329e-08,1.2719198197e-08,0.0000000000e+00,0.0000000000e+00,0.0000000000e+00,0.0000000000e+00,0.0000000000e+00,0.0000000000e+00,0.0000000000e+00,0.0000000000e+00
1.0000000000e+04,8.0022231259e-04,8.0022231259e-04,8.0022231259e-04,8.0022231259e-04,8.0022231259e-04,8.0022231259e-04,8.0022231259e-04,8.0022231259e-04,8.0022231259e-04,8.0022231259e-04,8.0022231259e-04,8.0022231259e-04,8.0022231259e-04,8.0022231259e-04,8.0022231259e-04,8.0022231259e-04,8.0022231259e-04,8.0022231259e-04,8.0022231259e-04,8.0022231259e-04,8.0022231259e-04,8.0022231259e-04,8.0022231259e-04,8.0022231259e-04,8.0022231259e-04,8.0022231259e-04,8.0022231259e-04,8.0022231259e-04,8.0022231259e-04,8.0022231259e-04,8.0022231259e-04,8.0022231259e-04,8.0022231259e-04,8.0022231259e-04,8.0022231259e-04,8.0022231259e-04,8.0022231259e-04,8.0022231259e-04,8.0022231259e-04,8.0022231259e-04,8.0022231259e-04,8.0022231259e-04,8.0022231259e-04,8.0022231259e-04,8.0022231259e-04,8.0022231259e-04,8.0022231259e-04,8.0022231259e-04,8.0022231259e-04,8.0022231259e-04,8.0022231259e-04,8.0022231259e-04,8.0022231259e-04,8.0022231259e-04,8.0022231259e-04,8.0022231259e-04,8.0022231259e-04,8.0022231259e-04,8.0022231259e-04,8.0022231259e-04,8.0022231259e-04,8.0022231259e-04,8.0022231259e-04,8.0022231259e-04,8.0022231259e-04,8.0022231259e-04,8.0022231259e-04,8.0022231259e-04,8.0022231259e-04,8.0022231259e-04,8.0022231259e-04,8.0022231259e-04,8.0022231259e-04,8.0022231259e-04,8.0022231259e-04,8.0022231259e-04,8.0022231259e-04,8.0022231259e-04,8.0022231259e-04,8.0022231259e-04,8.0022231259e-04,8.0022231259e-04,8.0022231259e-04,8.0022231259e-04,8.0022231259e-04,8.0022231259e-04,8.0022231259e-04,8.0022231259e-04,8.0022231259e-04,8.0022231259e-04,8.0022231259e-04,8.0022231259e-04,8.0022231259e-04,8.0022231259e-04,8.0022231259e-04,8.0022231259e-04,8.0022231259e-04,8.0022231259e-04,8.0022231259e-04,8.0022231259e-04,8.0022231259e-04,8.0022231259e-04,8.0022231259e-04,8.0022231259e-04,8.0022231259e-04,8.0022231259e-04,8.0022231259e-04,8.0022231259e-04,8.0022231259e-04,8.0022231259e-04,8.0022231259e-04,8.0022231259e-04,8.0022231259e-04,8.0022231259e-04,8.0022231259e-04,8.0022231259e-04,8.0022231259e-04,8.0022231259e-04,8.0022231259e-04,8.0022231259e-04,8.0022231259e-04,8.0022231259e-04,8.0022231259e-04,8.0022231259e-04,8.0022231259e-04,8.0022231259e-04,8.0022231259e-04,8.0022231259e-04,8.0022231259e-04,8.0022231259e-04,8.0022231259e-04,8.0022231259e-04,8.0022231259e-04,8.0022231259e-04,8.0022231259e-04,8.0022231259e-04,7.9901784213e-04,7.9407882353e-04,7.8868435937e-04,7.8279625932e-04,7.7637391810e-04,7.6937433396e-04,7.6175217398e-04,7.5345989724e-04,7.4444794904e-04,7.3466504082e-04,7.2405853247e-04,7.1257493531e-04,6.9481660955e-04,6.7299849824e-04,6.4980262331e-04,6.2522384738e-04,5.9927475031e-04,5.7118373160e-04,5.3960934555e-04,5.0690856293e-04,4.7324124000e-04,4.3886932825e-04,4.0398193723e-04,3.6883473562e-04,3.3392934545e-04,2.9935595534e-04,2.6578302116e-04,2.3335527040e-04,2.0281807691e-04,1.7441469847e-04,1.4834781209e-04,1.2483540740e-04,1.0382341813e-04,8.5376959299e-05,6.9465822807e-05,5.5927445147e-05,4.4440981454e-05,3.4870423126e-05,2.6985389686e-05,2.0627872059e-05,1.5607946005e-05,1.1674728438e-05,8.6029219636e-06,6.2530368781e-06,4.4837341405e-06,3.1583295836e-06,2.1828124702e-06,1.4808458592e-06,9.8676035047e-07,6.4229871101e-07,4.0623741161e-07,2.4665491596e-07,1.3960888277e-07,6.7150558611e-08,1.9399488481e-08,0.0000000000e+00,0.0000000000e+00,0.0000000000e+00,0.0000000000e+00,0.0000000000e+00,0.0000000000e+00,0.0000000000e+00,0.0000000000e+00,0.0000000000e+00
