# mechanism,air_plasma
# version,1
# mechanism-hash,94c490be646f8872
# T_gas_K,300
# T_exc_K,300
# grid_points,200  (eps_max sized per E/N)
# pressure_atm,0.986923  (0 = density-scaled processes excluded)
# composition,N2=0.79 O2=0.21 
# NOTE rate coefficients are valid only for this composition and T_gas;
#      the EEDF is a functional of the whole mixture.
EN_Td,converged,meanEnergy_eV,muN,DLN,DTN,muEpsN,DEpsN,alphaN,etaN,nuEffN,driftVel,nuIonN,nuAttN,PelasticN,PgasN,PvibN,PelecN,PinelasticN,k[EI_N2_EFF]{m^3/s},k[EI_N2_EXC_N2_ROT]{m^3/s},k[EI_N2_EXC_N2_V1]{m^3/s},k[EI_N2_EXC_N2_V1RES]{m^3/s},k[EI_N2_EXC_N2_V2]{m^3/s},k[EI_N2_EXC_N2_V3]{m^3/s},k[EI_N2_EXC_N2_V4]{m^3/s},k[EI_N2_EXC_N2_V5]{m^3/s},k[EI_N2_EXC_N2_V6]{m^3/s},k[EI_N2_EXC_N2_V7]{m^3/s},k[EI_N2_EXC_N2_V8]{m^3/s},k[EI_N2_EXC_N2_A3_V0_4]{m^3/s},k[EI_N2_EXC_N2_A3_V5_9]{m^3/s},k[EI_N2_EXC_N2_B3]{m^3/s},k[EI_N2_EXC_N2_W3]{m^3/s},k[EI_N2_EXC_N2_A3_V10]{m^3/s},k[EI_N2_EXC_N2_B_P3]{m^3/s},k[EI_N2_EXC_N2_A_P1]{m^3/s},k[EI_N2_EXC_N2_A1]{m^3/s},k[EI_N2_EXC_N2_W1]{m^3/s},k[EI_N2_EXC_N2_C3]{m^3/s},k[EI_N2_EXC_N2_E3]{m^3/s},k[EI_N2_EXC_N2_A_PP1]{m^3/s},k[EI_N2_EXC_N2_SUM]{m^3/s},k[EI_N2_ION_N2]{m^3/s},k[EI_N2_ION_N2_B2SIGMA]{m^3/s},k[EI_O2_ATT]{m^6/s},k[EI_O2_ATT_O_O]{m^3/s},k[EI_O2_EFF]{m^3/s},k[EI_O2_EXC_O2_ROT]{m^3/s},k[EI_O2_EXC_O2_V1]{m^3/s},k[EI_O2_EXC_O2_V1RES]{m^3/s},k[EI_O2_EXC_O2_V2]{m^3/s},k[EI_O2_EXC_O2_V2RES]{m^3/s},k[EI_O2_EXC_O2_V3]{m^3/s},k[EI_O2_EXC_O2_V4]{m^3/s},k[EI_O2_EXC_O2_A1]{m^3/s},k[EI_O2_EXC_O2_B1]{m^3/s},k[EI_O2_EXC_O2_4_5EV]{m^3/s},k[EI_O2_EXC_O2_6_0EV]{m^3/s},k[EI_O2_EXC_O2_8_4EV]{m^3/s},k[EI_O2_EXC_O2_9_97EV]{m^3/s},k[EI_O2_ION_O2]{m^3/s},k[EI_O_ELASTIC]{m^3/s},k[EI_O_EXC_O_1D]{m^3/s},k[EI_O_EXC_O_1S]{m^3/s},k[EI_O_ION_O]{m^3/s},k[EI_N_ELASTIC]{m^3/s},k[EI_N_EXC_N_2D]{m^3/s},k[EI_N_EXC_N_2P]{m^3/s},k[EI_N_ION_N]{m^3/s},k[DEEX_N2_EXC_N2_A3_V0_4]{m^3/s},k[DEEX_N2_EXC_N2_B3]{m^3/s},k[DEEX_N2_EXC_N2_A_P1]{m^3/s},k[DEEX_N2_EXC_N2_C3]{m^3/s},k[DEEX_O2_EXC_O2_A1]{m^3/s},k[DEEX_O2_EXC_O2_B1]{m^3/s}
1.0000000000e-01,1,1.3716749438e-01,1.0283033244e+25,1.2208742548e+24,1.2208742548e+24,1.4120373918e+25,1.2531316707e+24,0.0000000000e+00,1.2538191660e-21,-3.2085970471e-18,2.5590588611e+03,0.0000000000e+00,3.2085970471e-18,5.6647706749e-20,0.0000000000e+00,1.2623643800e-19,0.0000000000e+00,9.4603894379e-19,0.0000000000e+00,5.1211443635e-17,8.3978961866e-20,0.0000000000e+00,0.0000000000e+00,0.0000000000e+00,0.0000000000e+00,0.0000000000e+00,0.0000000000e+00,0.0000000000e+00,0.0000000000e+00,0.0000000000e+00,0.0000000000e+00,0.0000000000e+00,0.0000000000e+00,0.0000000000e+00,0.0000000000e+00,0.0000000000e+00,0.0000000000e+00,0.0000000000e+00,0.0000000000e+00,0.0000000000e+00,0.0000000000e+00,0.0000000000e+00,0.0000000000e+00,0.0000000000e+00,3.0135689146e-42,0.0000000000e+00,0.0000000000e+00,2.5384991323e-18,2.6793038405e-18,0.0000000000e+00,1.1608345565e-21,0.0000000000e+00,0.0000000000e+00,0.0000000000e+00,0.0000000000e+00,0.0000000000e+00,0.0000000000e+00,0.0000000000e+00,0.0000000000e+00,0.0000000000e+00,0.0000000000e+00,0.0000000000e+00,0.0000000000e+00,0.0000000000e+00,0.0000000000e+00,0.0000000000e+00,0.0000000000e+00,0.0000000000e+00,0.0000000000e+00,0.0000000000e+00,0.0000000000e+00,0.0000000000e+00,0.0000000000e+00,0.0000000000e+00,0.0000000000e+00
1.0452754953e-01,1,1.4076979314e-01,9.8237412378e+24,1.2235965378e+24,1.2235965378e+24,1.3806408584e+25,1.2550424217e+24,0.0000000000e+00,1.2470266117e-21,-3.1832961036e-18,2.5527090390e+03,0.0000000000e+00,3.1832961036e-18,5.9408796404e-20,0.0000000000e+00,1.4177553482e-19,0.0000000000e+00,9.7601797011e-19,0.0000000000e+00,5.2099417492e-17,9.4014663380e-20,0.0000000000e+00,0.0000000000e+00,0.0000000000e+00,0.0000000000e+00,0.0000000000e+00,0.0000000000e+00,0.0000000000e+00,0.0000000000e+00,0.0000000000e+00,0.0000000000e+00,0.0000000000e+00,0.0000000000e+00,0.0000000000e+00,0.0000000000e+00,0.0000000000e+00,0.0000000000e+00,0.0000000000e+00,0.0000000000e+00,0.0000000000e+00,0.0000000000e+00,0.0000000000e+00,0.0000000000e+00,0.0000000000e+00,2.9898058382e-42,0.0000000000e+00,0.0000000000e+00,2.6361045057e-18,3.0111872673e-18,0.0000000000e+00,1.1328756194e-21,0.0000000000e+00,0.0000000000e+00,0.0000000000e+00,0.0000000000e+00,0.0000000000e+00,0.0000000000e+00,0.0000000000e+00,0.0000000000e+00,0.0000000000e+00,0.0000000000e+00,0.0000000000e+00,0.0000000000e+00,0.0000000000e+00,0.0000000000e+00,0.0000000000e+00,0.0000000000e+00,0.0000000000e+00,0.0000000000e+00,0.0000000000e+00,0.0000000000e+00,0.0000000000e+00,0.0000000000e+00,0.0000000000e+00,0.0000000000e+00
1.0926008611e-01,1,1.4397604008e-01,9.4330435551e+24,1.2260202974e+24,1.2260202974e+24,1.3540440000e+25,1.2567883667e+24,0.0000000000e+00,1.2392727394e-21,-3.1601810280e-18,2.5500286802e+03,0.0000000000e+00,3.1601810280e-18,6.1934191227e-20,0.0000000000e+00,1.5822004773e-19,0.0000000000e+00,1.0051280606e-18,0.0000000000e+00,5.2877109501e-17,1.0452497902e-19,0.0000000000e+00,0.0000000000e+00,0.0000000000e+00,0.0000000000e+00,0.0000000000e+00,0.0000000000e+00,0.0000000000e+00,0.0000000000e+00,0.0000000000e+00,0.0000000000e+00,0.0000000000e+00,0.0000000000e+00,0.0000000000e+00,0.0000000000e+00,0.0000000000e+00,0.0000000000e+00,0.0000000000e+00,0.0000000000e+00,0.0000000000e+00,0.0000000000e+00,0.0000000000e+00,0.0000000000e+00,0.0000000000e+00,2.9680957661e-42,0.0000000000e+00,0.0000000000e+00,2.7261149346e-18,3.3629947964e-18,0.0000000000e+00,1.1263491771e-21,0.0000000000e+00,0.0000000000e+00,0.0000000000e+00,0.0000000000e+00,0.0000000000e+00,0.0000000000e+00,0.0000000000e+00,0.0000000000e+00,0.0000000000e+00,0.0000000000e+00,0.0000000000e+00,0.0000000000e+00,0.0000000000e+00,0.0000000000e+00,0.0000000000e+00,0.0000000000e+00,0.0000000000e+00,0.0000000000e+00,0.0000000000e+00,0.0000000000e+00,0.0000000000e+00,0.0000000000e+00,0.0000000000e+00,0.0000000000e+00
1.1420689063e-01,1,1.4684113805e-01,9.0994120678e+24,1.2281880771e+24,1.2281880771e+24,1.3312827638e+25,1.2583997766e+24,0.0000000000e+00,1.2307736599e-21,-3.1395030991e-18,2.5508370884e+03,0.0000000000e+00,3.1395030991e-18,6.4253811357e-20,0.0000000000e+00,1.7564793026e-19,0.0000000000e+00,1.0337107243e-18,0.0000000000e+00,5.3560897332e-17,1.1555212875e-19,0.0000000000e+00,0.0000000000e+00,0.0000000000e+00,0.0000000000e+00,0.0000000000e+00,0.0000000000e+00,0.0000000000e+00,0.0000000000e+00,0.0000000000e+00,0.0000000000e+00,0.0000000000e+00,0.0000000000e+00,0.0000000000e+00,0.0000000000e+00,0.0000000000e+00,0.0000000000e+00,0.0000000000e+00,0.0000000000e+00,0.0000000000e+00,0.0000000000e+00,0.0000000000e+00,0.0000000000e+00,0.0000000000e+00,2.9486747036e-42,0.0000000000e+00,0.0000000000e+00,2.8096705112e-18,3.7364407281e-18,0.0000000000e+00,1.1397557843e-21,0.0000000000e+00,0.0000000000e+00,0.0000000000e+00,0.0000000000e+00,0.0000000000e+00,0.0000000000e+00,0.0000000000e+00,0.0000000000e+00,0.0000000000e+00,0.0000000000e+00,0.0000000000e+00,0.0000000000e+00,0.0000000000e+00,0.0000000000e+00,0.0000000000e+00,0.0000000000e+00,0.0000000000e+00,0.0000000000e+00,0.0000000000e+00,0.0000000000e+00,0.0000000000e+00,0.0000000000e+00,0.0000000000e+00,0.0000000000e+00
1.1937766417e-01,1,1.4941204783e-01,8.8134422210e+24,1.2301359769e+24,1.2301359769e+24,1.3116221036e+25,1.2599007565e+24,0.0000000000e+00,1.2216822465e-21,-3.1213534571e-18,2.5549634254e+03,0.0000000000e+00,3.1213534571e-18,6.6394049892e-20,0.0000000000e+00,1.9413848464e-19,0.0000000000e+00,1.0620669960e-18,0.0000000000e+00,5.4164542437e-17,1.2714040738e-19,0.0000000000e+00,0.0000000000e+00,0.0000000000e+00,0.0000000000e+00,0.0000000000e+00,0.0000000000e+00,0.0000000000e+00,0.0000000000e+00,0.0000000000e+00,0.0000000000e+00,0.0000000000e+00,0.0000000000e+00,0.0000000000e+00,0.0000000000e+00,0.0000000000e+00,0.0000000000e+00,0.0000000000e+00,0.0000000000e+00,0.0000000000e+00,0.0000000000e+00,0.0000000000e+00,0.0000000000e+00,0.0000000000e+00,2.9316282512e-42,0.0000000000e+00,0.0000000000e+00,2.8877954357e-18,4.1332599044e-18,0.0000000000e+00,1.1722697081e-21,0.0000000000e+00,0.0000000000e+00,0.0000000000e+00,0.0000000000e+00,0.0000000000e+00,0.0000000000e+00,0.0000000000e+00,0.0000000000e+00,0.0000000000e+00,0.0000000000e+00,0.0000000000e+00,0.0000000000e+00,0.0000000000e+00,0.0000000000e+00,0.0000000000e+00,0.0000000000e+00,0.0000000000e+00,0.0000000000e+00,0.0000000000e+00,0.0000000000e+00,0.0000000000e+00,0.0000000000e+00,0.0000000000e+00,0.0000000000e+00
1.2478254705e-01,1,1.5172864004e-01,8.5674903382e+24,1.2318944617e+24,1.2318944617e+24,1.2944952355e+25,1.2613108273e+24,0.0000000000e+00,1.2121034514e-21,-3.1057203004e-18,2.5622567916e+03,0.0000000000e+00,3.1057203004e-18,6.8377979368e-20,0.0000000000e+00,2.1377104101e-19,0.0000000000e+00,1.0904616254e-18,0.0000000000e+00,5.4699537846e-17,1.3933511585e-19,0.0000000000e+00,0.0000000000e+00,0.0000000000e+00,0.0000000000e+00,0.0000000000e+00,0.0000000000e+00,0.0000000000e+00,0.0000000000e+00,0.0000000000e+00,0.0000000000e+00,0.0000000000e+00,0.0000000000e+00,0.0000000000e+00,0.0000000000e+00,0.0000000000e+00,0.0000000000e+00,0.0000000000e+00,0.0000000000e+00,0.0000000000e+00,0.0000000000e+00,0.0000000000e+00,0.0000000000e+00,0.0000000000e+00,2.9169453245e-42,0.0000000000e+00,0.0000000000e+00,2.9614015242e-18,4.5551806870e-18,0.0000000000e+00,1.2237663799e-21,0.0000000000e+00,0.0000000000e+00,0.0000000000e+00,0.0000000000e+00,0.0000000000e+00,0.0000000000e+00,0.0000000000e+00,0.0000000000e+00,0.0000000000e+00,0.0000000000e+00,0.0000000000e+00,0.0000000000e+00,0.0000000000e+00,0.0000000000e+00,0.0000000000e+00,0.0000000000e+00,0.0000000000e+00,0.0000000000e+00,0.0000000000e+00,0.0000000000e+00,0.0000000000e+00,0.0000000000e+00,0.0000000000e+00,0.0000000000e+00
1.3043213867e-01,1,1.5382482203e-01,8.3553354194e+24,1.2334893169e+24,1.2334893169e+24,1.2794590666e+25,1.2626461440e+24,0.0000000000e+00,1.2021058623e-21,-3.0925243234e-18,2.5725890042e+03,0.0000000000e+00,3.0925243234e-18,7.0225827851e-20,0.0000000000e+00,2.3462465208e-19,0.0000000000e+00,1.1191289448e-18,0.0000000000e+00,5.5175495727e-17,1.5218209784e-19,0.0000000000e+00,0.0000000000e+00,0.0000000000e+00,0.0000000000e+00,0.0000000000e+00,0.0000000000e+00,0.0000000000e+00,0.0000000000e+00,0.0000000000e+00,0.0000000000e+00,0.0000000000e+00,0.0000000000e+00,0.0000000000e+00,0.0000000000e+00,0.0000000000e+00,0.0000000000e+00,0.0000000000e+00,0.0000000000e+00,0.0000000000e+00,0.0000000000e+00,0.0000000000e+00,0.0000000000e+00,0.0000000000e+00,2.9045514384e-42,0.0000000000e+00,0.0000000000e+00,3.0313000685e-18,5.0039200055e-18,0.0000000000e+00,1.2948025076e-21,0.0000000000e+00,0.0000000000e+00,0.0000000000e+00,0.0000000000e+00,0.0000000000e+00,0.0000000000e+00,0.0000000000e+00,0.0000000000e+00,0.0000000000e+00,0.0000000000e+00,0.0000000000e+00,0.0000000000e+00,0.0000000000e+00,0.0000000000e+00,0.0000000000e+00,0.0000000000e+00,0.0000000000e+00,0.0000000000e+00,0.0000000000e+00,0.0000000000e+00,0.0000000000e+00,0.0000000000e+00,0.0000000000e+00,0.0000000000e+00
1.3633751836e-01,1,1.5572964088e-01,8.1718911403e+24,1.2349425492e+24,1.2349425492e+24,1.2661618827e+25,1.2639204006e+24,0.0000000000e+00,1.1917304158e-21,-3.0816408074e-18,2.5858539537e+03,0.0000000000e+00,3.0816408074e-18,7.1955505284e-20,0.0000000000e+00,2.5677843905e-19,0.0000000000e+00,1.1482789217e-18,0.0000000000e+00,5.5600504906e-17,1.6572760224e-19,0.0000000000e+00,0.0000000000e+00,0.0000000000e+00,0.0000000000e+00,0.0000000000e+00,0.0000000000e+00,0.0000000000e+00,0.0000000000e+00,0.0000000000e+00,0.0000000000e+00,0.0000000000e+00,0.0000000000e+00,0.0000000000e+00,0.0000000000e+00,0.0000000000e+00,0.0000000000e+00,0.0000000000e+00,0.0000000000e+00,0.0000000000e+00,0.0000000000e+00,0.0000000000e+00,0.0000000000e+00,0.0000000000e+00,2.8943294552e-42,0.0000000000e+00,0.0000000000e+00,3.0982155135e-18,5.4811927153e-18,0.0000000000e+00,1.3866671734e-21,0.0000000000e+00,0.0000000000e+00,0.0000000000e+00,0.0000000000e+00,0.0000000000e+00,0.0000000000e+00,0.0000000000e+00,0.0000000000e+00,0.0000000000e+00,0.0000000000e+00,0.0000000000e+00,0.0000000000e+00,0.0000000000e+00,0.0000000000e+00,0.0000000000e+00,0.0000000000e+00,0.0000000000e+00,0.0000000000e+00,0.0000000000e+00,0.0000000000e+00,0.0000000000e+00,0.0000000000e+00,0.0000000000e+00,0.0000000000e+00
1.4251026703e-01,1,1.5746824649e-01,8.0129710659e+24,1.2362731578e+24,1.2362731578e+24,1.2543200018e+25,1.2651454891e+24,0.0000000000e+00,1.1809970361e-21,-3.0729136374e-18,2.6019655794e+03,0.0000000000e+00,3.0729136374e-18,7.3583083230e-20,0.0000000000e+00,2.8031229246e-19,0.0000000000e+00,1.1781027159e-18,0.0000000000e+00,5.5981434860e-17,1.8001827015e-19,0.0000000000e+00,0.0000000000e+00,0.0000000000e+00,0.0000000000e+00,0.0000000000e+00,0.0000000000e+00,0.0000000000e+00,0.0000000000e+00,0.0000000000e+00,0.0000000000e+00,0.0000000000e+00,0.0000000000e+00,0.0000000000e+00,0.0000000000e+00,0.0000000000e+00,0.0000000000e+00,0.0000000000e+00,0.0000000000e+00,0.0000000000e+00,0.0000000000e+00,0.0000000000e+00,0.0000000000e+00,0.0000000000e+00,2.8861327487e-42,0.0000000000e+00,0.0000000000e+00,3.1627982482e-18,5.9887290485e-18,0.0000000000e+00,1.5014753021e-21,0.0000000000e+00,0.0000000000e+00,0.0000000000e+00,0.0000000000e+00,0.0000000000e+00,0.0000000000e+00,0.0000000000e+00,0.0000000000e+00,0.0000000000e+00,0.0000000000e+00,0.0000000000e+00,0.0000000000e+00,0.0000000000e+00,0.0000000000e+00,0.0000000000e+00,0.0000000000e+00,0.0000000000e+00,0.0000000000e+00,0.0000000000e+00,0.0000000000e+00,0.0000000000e+00,0.0000000000e+00,0.0000000000e+00,0.0000000000e+00
1.4896248996e-01,1,1.5906268561e-01,7.8751014420e+24,1.2374977617e+24,1.2374977617e+24,1.2437008730e+25,1.2663319692e+24,0.0000000000e+00,1.1699097918e-21,-3.0661644708e-18,2.6208554644e+03,0.0000000000e+00,3.0661644708e-18,7.5123194964e-20,0.0000000000e+00,3.0530779414e-19,0.0000000000e+00,1.2087775640e-18,0.0000000000e+00,5.6324183543e-17,1.9510116435e-19,0.0000000000e+00,0.0000000000e+00,0.0000000000e+00,0.0000000000e+00,0.0000000000e+00,0.0000000000e+00,0.0000000000e+00,0.0000000000e+00,0.0000000000e+00,0.0000000000e+00,0.0000000000e+00,0.0000000000e+00,0.0000000000e+00,0.0000000000e+00,0.0000000000e+00,0.0000000000e+00,0.0000000000e+00,0.0000000000e+00,0.0000000000e+00,0.0000000000e+00,0.0000000000e+00,0.0000000000e+00,0.0000000000e+00,2.8797938166e-42,0.0000000000e+00,0.0000000000e+00,3.2256356854e-18,6.5282972412e-18,0.0000000000e+00,1.6423241410e-21,0.0000000000e+00,0.0000000000e+00,0.0000000000e+00,0.0000000000e+00,0.0000000000e+00,0.0000000000e+00,0.0000000000e+00,0.0000000000e+00,0.0000000000e+00,0.0000000000e+00,0.0000000000e+00,0.0000000000e+00,0.0000000000e+00,0.0000000000e+00,0.0000000000e+00,0.0000000000e+00,0.0000000000e+00,0.0000000000e+00,0.0000000000e+00,0.0000000000e+00,0.0000000000e+00,0.0000000000e+00,0.0000000000e+00,0.0000000000e+00
1.5570684048e-01,1,1.6040186980e-01,7.8007040901e+24,1.2385696021e+24,1.2385696021e+24,1.2348481757e+25,1.2676990928e+24,0.0000000000e+00,1.1568940272e-21,-3.0628963240e-18,2.6475167577e+03,0.0000000000e+00,3.0628963240e-18,7.6614076273e-20,0.0000000000e+00,3.4353176082e-19,0.0000000000e+00,1.2498348963e-18,0.0000000000e+00,5.6483668944e-17,2.1625580498e-19,0.0000000000e+00,0.0000000000e+00,0.0000000000e+00,0.0000000000e+00,0.0000000000e+00,0.0000000000e+00,0.0000000000e+00,0.0000000000e+00,0.0000000000e+00,0.0000000000e+00,0.0000000000e+00,0.0000000000e+00,0.0000000000e+00,0.0000000000e+00,0.0000000000e+00,0.0000000000e+00,0.0000000000e+00,0.0000000000e+00,0.0000000000e+00,0.0000000000e+00,0.0000000000e+00,0.0000000000e+00,0.0000000000e+00,2.8767243176e-42,0.0000000000e+00,0.0000000000e+00,3.3002776680e-18,7.3681091704e-18,0.0000000000e+00,0.0000000000e+00,0.0000000000e+00,0.0000000000e+00,0.0000000000e+00,0.0000000000e+00,0.0000000000e+00,0.0000000000e+00,0.0000000000e+00,0.0000000000e+00,0.0000000000e+00,0.0000000000e+00,0.0000000000e+00,0.0000000000e+00,0.0000000000e+00,0.0000000000e+00,0.0000000000e+00,0.0000000000e+00,0.0000000000e+00,0.0000000000e+00,0.0000000000e+00,0.0000000000e+00,0.0000000000e+00,0.0000000000e+00,0.0000000000e+00,0.0000000000e+00
1.6275654480e-01,1,1.6189539494e-01,7.6513279620e+24,1.2396864017e+24,1.2396864017e+24,1.2253858783e+25,1.2686265769e+24,0.0000000000e+00,1.1466345120e-21,-3.0578115625e-18,2.6667709113e+03,0.0000000000e+00,3.0578115625e-18,7.7994184097e-20,0.0000000000e+00,3.6002491868e-19,0.0000000000e+00,1.2733444030e-18,0.0000000000e+00,5.6915012369e-17,2.2783418133e-19,0.0000000000e+00,0.0000000000e+00,0.0000000000e+00,0.0000000000e+00,0.0000000000e+00,0.0000000000e+00,0.0000000000e+00,0.0000000000e+00,0.0000000000e+00,0.0000000000e+00,0.0000000000e+00,0.0000000000e+00,0.0000000000e+00,0.0000000000e+00,0.0000000000e+00,0.0000000000e+00,0.0000000000e+00,0.0000000000e+00,0.0000000000e+00,0.0000000000e+00,0.0000000000e+00,0.0000000000e+00,0.0000000000e+00,2.8719486231e-42,0.0000000000e+00,0.0000000000e+00,3.3481640124e-18,7.7109485689e-18,0.0000000000e+00,2.0207998962e-21,0.0000000000e+00,0.0000000000e+00,0.0000000000e+00,0.0000000000e+00,0.0000000000e+00,0.0000000000e+00,0.0000000000e+00,0.0000000000e+00,0.0000000000e+00,0.0000000000e+00,0.0000000000e+00,0.0000000000e+00,0.0000000000e+00,0.0000000000e+00,0.0000000000e+00,0.0000000000e+00,0.0000000000e+00,0.0000000000e+00,0.0000000000e+00,0.0000000000e+00,0.0000000000e+00,0.0000000000e+00,0.0000000000e+00,0.0000000000e+00
1.7012542799e-01,1,1.6316727128e-01,7.5608636634e+24,1.2406757141e+24,1.2406757141e+24,1.2173855009e+25,1.2697516825e+24,0.0000000000e+00,1.1344085888e-21,-3.0557885758e-18,2.6937283497e+03,0.0000000000e+00,3.0557885758e-18,7.9349622708e-20,0.0000000000e+00,3.8992812114e-19,0.0000000000e+00,1.3075563565e-18,0.0000000000e+00,5.7171601854e-17,2.4558088508e-19,0.0000000000e+00,0.0000000000e+00,0.0000000000e+00,0.0000000000e+00,0.0000000000e+00,0.0000000000e+00,0.0000000000e+00,0.0000000000e+00,0.0000000000e+00,0.0000000000e+00,0.0000000000e+00,0.0000000000e+00,0.0000000000e+00,0.0000000000e+00,0.0000000000e+00,0.0000000000e+00,0.0000000000e+00,0.0000000000e+00,0.0000000000e+00,0.0000000000e+00,0.0000000000e+00,0.0000000000e+00,0.0000000000e+00,2.8700485996e-42,0.0000000000e+00,0.0000000000e+00,3.4087919096e-18,8.3580010179e-18,0.0000000000e+00,2.2719267762e-21,0.0000000000e+00,0.0000000000e+00,0.0000000000e+00,0.0000000000e+00,0.0000000000e+00,0.0000000000e+00,0.0000000000e+00,0.0000000000e+00,0.0000000000e+00,0.0000000000e+00,0.0000000000e+00,0.0000000000e+00,0.0000000000e+00,0.0000000000e+00,0.0000000000e+00,0.0000000000e+00,0.0000000000e+00,0.0000000000e+00,0.0000000000e+00,0.0000000000e+00,0.0000000000e+00,0.0000000000e+00,0.0000000000e+00,0.0000000000e+00
1.7782794100e-01,1,1.6436286366e-01,7.4821671745e+24,1.2416100952e+24,1.2416100952e+24,1.2099873105e+25,1.2708724069e+24,0.0000000000e+00,1.1217581488e-21,-3.0549115864e-18,2.7233246220e+03,0.0000000000e+00,3.0549115864e-18,8.0667028318e-20,0.0000000000e+00,4.2165863817e-19,0.0000000000e+00,1.3432652218e-18,0.0000000000e+00,5.7407242220e-17,2.6431312906e-19,0.0000000000e+00,0.0000000000e+00,0.0000000000e+00,0.0000000000e+00,0.0000000000e+00,0.0000000000e+00,0.0000000000e+00,0.0000000000e+00,0.0000000000e+00,0.0000000000e+00,0.0000000000e+00,0.0000000000e+00,0.0000000000e+00,0.0000000000e+00,0.0000000000e+00,0.0000000000e+00,0.0000000000e+00,0.0000000000e+00,0.0000000000e+00,0.0000000000e+00,0.0000000000e+00,0.0000000000e+00,0.0000000000e+00,2.8692249162e-42,0.0000000000e+00,0.0000000000e+00,3.4695610843e-18,9.0450841209e-18,0.0000000000e+00,2.5769909565e-21,0.0000000000e+00,0.0000000000e+00,0.0000000000e+00,0.0000000000e+00,0.0000000000e+00,0.0000000000e+00,0.0000000000e+00,0.0000000000e+00,0.0000000000e+00,0.0000000000e+00,0.0000000000e+00,0.0000000000e+00,0.0000000000e+00,0.0000000000e+00,0.0000000000e+00,0.0000000000e+00,0.0000000000e+00,0.0000000000e+00,0.0000000000e+00,0.0000000000e+00,0.0000000000e+00,0.0000000000e+00,0.0000000000e+00,0.0000000000e+00
1.8587918911e-01,1,1.6549578572e-01,7.4136568076e+24,1.2424998003e+24,1.2424998003e+24,1.2030835855e+25,1.2719960195e+24,0.0000000000e+00,1.1086568360e-21,-3.0549597997e-18,2.7555504106e+03,0.0000000000e+00,3.0549597997e-18,8.1957287402e-20,0.0000000000e+00,4.5532400278e-19,0.0000000000e+00,1.3806317450e-18,0.0000000000e+00,5.7625198303e-17,2.8408094182e-19,0.0000000000e+00,0.0000000000e+00,0.0000000000e+00,0.0000000000e+00,0.0000000000e+00,0.0000000000e+00,0.0000000000e+00,0.0000000000e+00,0.0000000000e+00,0.0000000000e+00,0.0000000000e+00,0.0000000000e+00,0.0000000000e+00,0.0000000000e+00,0.0000000000e+00,0.0000000000e+00,0.0000000000e+00,0.0000000000e+00,0.0000000000e+00,0.0000000000e+00,0.0000000000e+00,0.0000000000e+00,0.0000000000e+00,2.8692701990e-42,0.0000000000e+00,0.0000000000e+00,3.5308592948e-18,9.7745793532e-18,0.0000000000e+00,2.9491581164e-21,0.0000000000e+00,0.0000000000e+00,0.0000000000e+00,0.0000000000e+00,0.0000000000e+00,0.0000000000e+00,0.0000000000e+00,0.0000000000e+00,0.0000000000e+00,0.0000000000e+00,0.0000000000e+00,0.0000000000e+00,0.0000000000e+00,0.0000000000e+00,0.0000000000e+00,0.0000000000e+00,0.0000000000e+00,0.0000000000e+00,0.0000000000e+00,0.0000000000e+00,0.0000000000e+00,0.0000000000e+00,0.0000000000e+00,0.0000000000e+00
1.9429496147e-01,1,1.6657873020e-01,7.3539390502e+24,1.2433544078e+24,1.2433544078e+24,1.1965784545e+25,1.2731294228e+24,0.0000000000e+00,1.0950787505e-21,-3.0557124468e-18,2.7904042932e+03,0.0000000000e+00,3.0557124468e-18,8.3230880640e-20,0.0000000000e+00,4.9104090402e-19,0.0000000000e+00,1.4198213180e-18,0.0000000000e+00,5.7828455720e-17,3.0493538084e-19,0.0000000000e+00,0.0000000000e+00,0.0000000000e+00,0.0000000000e+00,0.0000000000e+00,0.0000000000e+00,0.0000000000e+00,0.0000000000e+00,0.0000000000e+00,0.0000000000e+00,0.0000000000e+00,0.0000000000e+00,0.0000000000e+00,0.0000000000e+00,0.0000000000e+00,0.0000000000e+00,0.0000000000e+00,0.0000000000e+00,0.0000000000e+00,0.0000000000e+00,0.0000000000e+00,0.0000000000e+00,0.0000000000e+00,2.8699770979e-42,0.0000000000e+00,0.0000000000e+00,3.5930508664e-18,1.0549084064e-17,0.0000000000e+00,3.4054399867e-21,0.0000000000e+00,0.0000000000e+00,0.0000000000e+00,0.0000000000e+00,0.0000000000e+00,0.0000000000e+00,0.0000000000e+00,0.0000000000e+00,0.0000000000e+00,0.0000000000e+00,0.0000000000e+00,0.0000000000e+00,0.0000000000e+00,0.0000000000e+00,0.0000000000e+00,0.0000000000e+00,0.0000000000e+00,0.0000000000e+00,0.0000000000e+00,0.0000000000e+00,0.0000000000e+00,0.0000000000e+00,0.0000000000e+00,0.0000000000e+00
2.0309176209e-01,1,1.6762359287e-01,7.3017743611e+24,1.2441829154e+24,1.2441829154e+24,1.1903857872e+25,1.2742791912e+24,0.0000000000e+00,1.0809999474e-21,-3.0569509791e-18,2.8278918852e+03,0.0000000000e+00,3.0569509791e-18,8.4497933175e-20,0.0000000000e+00,5.2893662522e-19,0.0000000000e+00,1.4610061009e-18,0.0000000000e+00,5.8019763053e-17,3.2692882504e-19,0.0000000000e+00,0.0000000000e+00,0.0000000000e+00,0.0000000000e+00,0.0000000000e+00,0.0000000000e+00,0.0000000000e+00,0.0000000000e+00,0.0000000000e+00,0.0000000000e+00,0.0000000000e+00,0.0000000000e+00,0.0000000000e+00,0.0000000000e+00,0.0000000000e+00,0.0000000000e+00,0.0000000000e+00,0.0000000000e+00,0.0000000000e+00,0.0000000000e+00,0.0000000000e+00,0.0000000000e+00,0.0000000000e+00,2.8711403486e-42,0.0000000000e+00,0.0000000000e+00,3.6564808140e-18,1.1371443913e-17,0.0000000000e+00,3.9676598504e-21,0.0000000000e+00,0.0000000000e+00,0.0000000000e+00,0.0000000000e+00,0.0000000000e+00,0.0000000000e+00,0.0000000000e+00,0.0000000000e+00,0.0000000000e+00,0.0000000000e+00,0.0000000000e+00,0.0000000000e+00,0.0000000000e+00,0.0000000000e+00,0.0000000000e+00,0.0000000000e+00,0.0000000000e+00,0.0000000000e+00,0.0000000000e+00,0.0000000000e+00,0.0000000000e+00,0.0000000000e+00,0.0000000000e+00,0.0000000000e+00
2.1228684221e-01,1,1.6865359887e-01,7.2568729489e+24,1.2450054036e+24,1.2450054036e+24,1.1844479374e+25,1.2754933388e+24,0.0000000000e+00,1.0662803069e-21,-3.0581595048e-18,2.8680633836e+03,0.0000000000e+00,3.0581595048e-18,8.5788292893e-20,0.0000000000e+00,5.6865385173e-19,0.0000000000e+00,1.5038712097e-18,0.0000000000e+00,5.8201848854e-17,3.5054612674e-19,0.0000000000e+00,0.0000000000e+00,0.0000000000e+00,0.0000000000e+00,0.0000000000e+00,0.0000000000e+00,0.0000000000e+00,0.0000000000e+00,0.0000000000e+00,0.0000000000e+00,0.0000000000e+00,0.0000000000e+00,0.0000000000e+00,0.0000000000e+00,0.0000000000e+00,0.0000000000e+00,0.0000000000e+00,0.0000000000e+00,0.0000000000e+00,0.0000000000e+00,0.0000000000e+00,0.0000000000e+00,0.0000000000e+00,2.8722754164e-42,0.0000000000e+00,0.0000000000e+00,3.7209871659e-18,1.2232092553e-17,0.0000000000e+00,3.5493885972e-21,0.0000000000e+00,0.0000000000e+00,0.0000000000e+00,0.0000000000e+00,0.0000000000e+00,0.0000000000e+00,0.0000000000e+00,0.0000000000e+00,0.0000000000e+00,0.0000000000e+00,0.0000000000e+00,0.0000000000e+00,0.0000000000e+00,0.0000000000e+00,0.0000000000e+00,0.0000000000e+00,0.0000000000e+00,0.0000000000e+00,0.0000000000e+00,0.0000000000e+00,0.0000000000e+00,0.0000000000e+00,0.0000000000e+00,0.0000000000e+00
2.2189823415e-01,1,1.6965539117e-01,7.2167487284e+24,1.2458069576e+24,1.2458069576e+24,1.1787225938e+25,1.2766950274e+24,0.0000000000e+00,1.0511325791e-21,-3.0597334964e-18,2.9108920769e+03,0.0000000000e+00,3.0597334964e-18,8.7069199773e-20,0.0000000000e+00,6.1123842712e-19,0.0000000000e+00,1.5494996714e-18,0.0000000000e+00,5.8376745245e-17,3.7499138674e-19,0.0000000000e+00,0.0000000000e+00,0.0000000000e+00,0.0000000000e+00,0.0000000000e+00,0.0000000000e+00,0.0000000000e+00,0.0000000000e+00,0.0000000000e+00,0.0000000000e+00,0.0000000000e+00,0.0000000000e+00,0.0000000000e+00,0.0000000000e+00,0.0000000000e+00,0.0000000000e+00,0.0000000000e+00,0.0000000000e+00,0.0000000000e+00,0.0000000000e+00,0.0000000000e+00,0.0000000000e+00,0.0000000000e+00,2.8737537361e-42,0.0000000000e+00,0.0000000000e+00,3.7877784405e-18,1.3157631926e-17,0.0000000000e+00,4.2404330931e-21,0.0000000000e+00,0.0000000000e+00,0.0000000000e+00,0.0000000000e+00,0.0000000000e+00,0.0000000000e+00,0.0000000000e+00,0.0000000000e+00,0.0000000000e+00,0.0000000000e+00,0.0000000000e+00,0.0000000000e+00,0.0000000000e+00,0.0000000000e+00,0.0000000000e+00,0.0000000000e+00,0.0000000000e+00,0.0000000000e+00,0.0000000000e+00,0.0000000000e+00,0.0000000000e+00,0.0000000000e+00,0.0000000000e+00,0.0000000000e+00
2.3194478661e-01,1,1.7065096866e-01,7.1811874070e+24,1.2466067332e+24,1.2466067332e+24,1.1731061383e+25,1.2779317932e+24,0.0000000000e+00,1.0354328986e-21,-3.0611710109e-18,2.9564166013e+03,0.0000000000e+00,3.0611710109e-18,8.8372013256e-20,0.0000000000e+00,6.5643898419e-19,0.0000000000e+00,1.5976769509e-18,0.0000000000e+00,5.8546813715e-17,4.0075092076e-19,0.0000000000e+00,0.0000000000e+00,0.0000000000e+00,0.0000000000e+00,0.0000000000e+00,0.0000000000e+00,0.0000000000e+00,0.0000000000e+00,0.0000000000e+00,0.0000000000e+00,0.0000000000e+00,0.0000000000e+00,0.0000000000e+00,0.0000000000e+00,0.0000000000e+00,0.0000000000e+00,0.0000000000e+00,0.0000000000e+00,0.0000000000e+00,0.0000000000e+00,0.0000000000e+00,0.0000000000e+00,0.0000000000e+00,2.8751038742e-42,0.0000000000e+00,0.0000000000e+00,3.8567404768e-18,1.4140844908e-17,0.0000000000e+00,5.1032134342e-21,0.0000000000e+00,0.0000000000e+00,0.0000000000e+00,0.0000000000e+00,0.0000000000e+00,0.0000000000e+00,0.0000000000e+00,0.0000000000e+00,0.0000000000e+00,0.0000000000e+00,0.0000000000e+00,0.0000000000e+00,0.0000000000e+00,0.0000000000e+00,0.0000000000e+00,0.0000000000e+00,0.0000000000e+00,0.0000000000e+00,0.0000000000e+00,0.0000000000e+00,0.0000000000e+00,0.0000000000e+00,0.0000000000e+00,0.0000000000e+00
2.4244620171e-01,1,1.7163702901e-01,7.1524864441e+24,1.2474109874e+24,1.2474109874e+24,1.1675592868e+25,1.2792909353e+24,0.0000000000e+00,1.0190464010e-21,-3.0625022860e-18,3.0052628447e+03,0.0000000000e+00,3.0625022860e-18,8.9714777151e-20,0.0000000000e+00,7.0506145167e-19,0.0000000000e+00,1.6490996963e-18,0.0000000000e+00,5.8704961505e-17,4.2838303849e-19,0.0000000000e+00,0.0000000000e+00,0.0000000000e+00,0.0000000000e+00,0.0000000000e+00,0.0000000000e+00,0.0000000000e+00,0.0000000000e+00,0.0000000000e+00,0.0000000000e+00,0.0000000000e+00,0.0000000000e+00,0.0000000000e+00,0.0000000000e+00,0.0000000000e+00,0.0000000000e+00,0.0000000000e+00,0.0000000000e+00,0.0000000000e+00,0.0000000000e+00,0.0000000000e+00,0.0000000000e+00,0.0000000000e+00,2.8763542304e-42,0.0000000000e+00,0.0000000000e+00,3.9281463107e-18,1.5192410604e-17,0.0000000000e+00,8.8245631764e-21,0.0000000000e+00,2.9066806987e-22,1.7278292090e-23,7.9850452103e-24,0.0000000000e+00,0.0000000000e+00,0.0000000000e+00,0.0000000000e+00,0.0000000000e+00,0.0000000000e+00,0.0000000000e+00,0.0000000000e+00,0.0000000000e+00,0.0000000000e+00,0.0000000000e+00,0.0000000000e+00,0.0000000000e+00,0.0000000000e+00,0.0000000000e+00,0.0000000000e+00,0.0000000000e+00,0.0000000000e+00,0.0000000000e+00,0.0000000000e+00
2.5342307358e-01,1,1.7264762429e-01,7.1235475620e+24,1.2482281428e+24,1.2482281428e+24,1.1620477291e+25,1.2806096347e+24,0.0000000000e+00,1.0022229692e-21,-3.0630682335e-18,3.0562742301e+03,0.0000000000e+00,3.0630682335e-18,9.1084531067e-20,0.0000000000e+00,7.5605738683e-19,0.0000000000e+00,1.7030384351e-18,0.0000000000e+00,5.8871493061e-17,4.5692125819e-19,0.0000000000e+00,0.0000000000e+00,0.0000000000e+00,0.0000000000e+00,0.0000000000e+00,0.0000000000e+00,0.0000000000e+00,0.0000000000e+00,0.0000000000e+00,0.0000000000e+00,0.0000000000e+00,0.0000000000e+00,0.0000000000e+00,0.0000000000e+00,0.0000000000e+00,0.0000000000e+00,0.0000000000e+00,0.0000000000e+00,0.0000000000e+00,0.0000000000e+00,0.0000000000e+00,0.0000000000e+00,0.0000000000e+00,2.8768857779e-42,0.0000000000e+00,0.0000000000e+00,4.0023573171e-18,1.6303783408e-17,0.0000000000e+00,1.0260234288e-20,0.0000000000e+00,2.8677815019e-22,1.6981277299e-23,7.5899315250e-24,0.0000000000e+00,0.0000000000e+00,0.0000000000e+00,0.0000000000e+00,0.0000000000e+00,0.0000000000e+00,0.0000000000e+00,0.0000000000e+00,0.0000000000e+00,0.0000000000e+00,0.0000000000e+00,0.0000000000e+00,0.0000000000e+00,0.0000000000e+00,0.0000000000e+00,0.0000000000e+00,0.0000000000e+00,0.0000000000e+00,0.0000000000e+00,0.0000000000e+00
2.6489692876e-01,1,1.7367878080e-01,7.0969356280e+24,1.2490642483e+24,1.2490642483e+24,1.1565009958e+25,1.2819795741e+24,0.0000000000e+00,9.8484640914e-22,-3.0629638131e-18,3.1100928883e+03,0.0000000000e+00,3.0629638131e-18,9.2501767593e-20,0.0000000000e+00,8.1026599629e-19,0.0000000000e+00,1.7602171826e-18,0.0000000000e+00,5.9038944998e-17,4.8697174200e-19,0.0000000000e+00,0.0000000000e+00,0.0000000000e+00,0.0000000000e+00,0.0000000000e+00,0.0000000000e+00,0.0000000000e+00,0.0000000000e+00,0.0000000000e+00,0.0000000000e+00,0.0000000000e+00,0.0000000000e+00,0.0000000000e+00,0.0000000000e+00,0.0000000000e+00,0.0000000000e+00,0.0000000000e+00,0.0000000000e+00,0.0000000000e+00,0.0000000000e+00,0.0000000000e+00,0.0000000000e+00,0.0000000000e+00,2.8767877045e-42,0.0000000000e+00,0.0000000000e+00,4.0796142583e-18,1.7486229894e-17,0.0000000000e+00,1.2076215894e-20,0.0000000000e+00,2.8311692788e-22,1.6675037704e-23,7.1911511518e-24,0.0000000000e+00,0.0000000000e+00,0.0000000000e+00,0.0000000000e+00,0.0000000000e+00,0.0000000000e+00,0.0000000000e+00,0.0000000000e+00,0.0000000000e+00,0.0000000000e+00,0.0000000000e+00,0.0000000000e+00,0.0000000000e+00,0.0000000000e+00,0.0000000000e+00,0.0000000000e+00,0.0000000000e+00,0.0000000000e+00,0.0000000000e+00,0.0000000000e+00
2.7689026842e-01,1,1.7473849913e-01,7.0720195417e+24,1.2499256216e+24,1.2499256216e+24,1.1508787809e+25,1.2834059136e+24,0.0000000000e+00,9.6692920462e-22,-3.0620356034e-18,3.1667629738e+03,0.0000000000e+00,3.0620356034e-18,9.3974703051e-20,0.0000000000e+00,8.6792400623e-19,0.0000000000e+00,1.8209002099e-18,0.0000000000e+00,5.9208985393e-17,5.1861035544e-19,0.0000000000e+00,0.0000000000e+00,0.0000000000e+00,0.0000000000e+00,0.0000000000e+00,0.0000000000e+00,0.0000000000e+00,0.0000000000e+00,0.0000000000e+00,0.0000000000e+00,0.0000000000e+00,0.0000000000e+00,0.0000000000e+00,0.0000000000e+00,0.0000000000e+00,0.0000000000e+00,0.0000000000e+00,0.0000000000e+00,0.0000000000e+00,0.0000000000e+00,0.0000000000e+00,0.0000000000e+00,0.0000000000e+00,2.8759159142e-42,0.0000000000e+00,0.0000000000e+00,4.1602003390e-18,1.8745048273e-17,0.0000000000e+00,1.4371832876e-20,0.0000000000e+00,2.7985364686e-22,1.6361618464e-23,6.7899097470e-24,0.0000000000e+00,0.0000000000e+00,0.0000000000e+00,0.0000000000e+00,0.0000000000e+00,0.0000000000e+00,0.0000000000e+00,0.0000000000e+00,0.0000000000e+00,0.0000000000e+00,0.0000000000e+00,0.0000000000e+00,0.0000000000e+00,0.0000000000e+00,0.0000000000e+00,0.0000000000e+00,0.0000000000e+00,0.0000000000e+00,0.0000000000e+00,0.0000000000e+00
2.8942661247e-01,1,1.7583432821e-01,7.0482237583e+24,1.2508182916e+24,1.2508182916e+24,1.1451453847e+25,1.2848937114e+24,0.0000000000e+00,9.4849019479e-22,-3.0601446551e-18,3.2263324091e+03,0.0000000000e+00,3.0601446551e-18,9.5511361320e-20,0.0000000000e+00,9.2929018243e-19,0.0000000000e+00,1.8853719464e-18,0.0000000000e+00,5.9383163625e-17,5.5191817373e-19,0.0000000000e+00,0.0000000000e+00,0.0000000000e+00,0.0000000000e+00,0.0000000000e+00,0.0000000000e+00,0.0000000000e+00,0.0000000000e+00,0.0000000000e+00,0.0000000000e+00,0.0000000000e+00,0.0000000000e+00,0.0000000000e+00,0.0000000000e+00,0.0000000000e+00,0.0000000000e+00,0.0000000000e+00,0.0000000000e+00,0.0000000000e+00,0.0000000000e+00,0.0000000000e+00,0.0000000000e+00,0.0000000000e+00,2.8741399034e-42,0.0000000000e+00,0.0000000000e+00,4.2443971681e-18,2.0086010346e-17,0.0000000000e+00,1.7270688601e-20,0.0000000000e+00,2.7725796573e-22,1.6046277926e-23,6.3878492768e-24,0.0000000000e+00,0.0000000000e+00,0.0000000000e+00,0.0000000000e+00,0.0000000000e+00,0.0000000000e+00,0.0000000000e+00,0.0000000000e+00,0.0000000000e+00,0.0000000000e+00,0.0000000000e+00,0.0000000000e+00,0.0000000000e+00,0.0000000000e+00,0.0000000000e+00,0.0000000000e+00,0.0000000000e+00,0.0000000000e+00,0.0000000000e+00,0.0000000000e+00
3.0253054571e-01,1,1.7697337833e-01,7.0250255263e+24,1.2517480123e+24,1.2517480123e+24,1.1392695499e+25,1.2864479521e+24,0.0000000000e+00,9.2955433830e-22,-3.0571672017e-18,3.2888525993e+03,0.0000000000e+00,3.0571672017e-18,9.7119591742e-20,0.0000000000e+00,9.9464696057e-19,0.0000000000e+00,1.9539386667e-18,0.0000000000e+00,5.9562913777e-17,5.8698183502e-19,0.0000000000e+00,0.0000000000e+00,0.0000000000e+00,0.0000000000e+00,0.0000000000e+00,0.0000000000e+00,0.0000000000e+00,0.0000000000e+00,0.0000000000e+00,0.0000000000e+00,0.0000000000e+00,0.0000000000e+00,0.0000000000e+00,0.0000000000e+00,0.0000000000e+00,0.0000000000e+00,0.0000000000e+00,0.0000000000e+00,0.0000000000e+00,0.0000000000e+00,0.0000000000e+00,0.0000000000e+00,0.0000000000e+00,2.8713434285e-42,0.0000000000e+00,0.0000000000e+00,4.3324857453e-18,2.1515389585e-17,0.0000000000e+00,2.0925980502e-20,0.0000000000e+00,2.7573610269e-22,1.5738763007e-23,5.9869623330e-24,0.0000000000e+00,0.0000000000e+00,0.0000000000e+00,0.0000000000e+00,0.0000000000e+00,0.0000000000e+00,0.0000000000e+00,0.0000000000e+00,0.0000000000e+00,0.0000000000e+00,0.0000000000e+00,0.0000000000e+00,0.0000000000e+00,0.0000000000e+00,0.0000000000e+00,0.0000000000e+00,0.0000000000e+00,0.0000000000e+00,0.0000000000e+00,0.0000000000e+00
3.1622776602e-01,1,1.7816233417e-01,7.0019528401e+24,1.2527202778e+24,1.2527202778e+24,1.1332243129e+25,1.2880735785e+24,0.0000000000e+00,9.1015233814e-22,-3.0529951527e-18,3.3543781900e+03,0.0000000000e+00,3.0529951527e-18,9.8807089775e-20,0.0000000000e+00,1.0643021431e-18,0.0000000000e+00,2.0269302383e-18,0.0000000000e+00,5.9749557565e-17,6.2389384639e-19,0.0000000000e+00,0.0000000000e+00,0.0000000000e+00,0.0000000000e+00,0.0000000000e+00,0.0000000000e+00,0.0000000000e+00,0.0000000000e+00,0.0000000000e+00,0.0000000000e+00,0.0000000000e+00,0.0000000000e+00,0.0000000000e+00,0.0000000000e+00,0.0000000000e+00,0.0000000000e+00,0.0000000000e+00,0.0000000000e+00,0.0000000000e+00,0.0000000000e+00,0.0000000000e+00,0.0000000000e+00,0.0000000000e+00,2.8674249691e-42,0.0000000000e+00,0.0000000000e+00,4.4247473512e-18,2.3039988944e-17,0.0000000000e+00,2.5526898545e-20,0.0000000000e+00,2.7588400910e-22,1.5455372165e-23,5.5895721306e-24,0.0000000000e+00,0.0000000000e+00,0.0000000000e+00,0.0000000000e+00,0.0000000000e+00,0.0000000000e+00,0.0000000000e+00,0.0000000000e+00,0.0000000000e+00,0.0000000000e+00,0.0000000000e+00,0.0000000000e+00,0.0000000000e+00,0.0000000000e+00,0.0000000000e+00,0.0000000000e+00,0.0000000000e+00,0.0000000000e+00,0.0000000000e+00,0.0000000000e+00
3.3054513476e-01,1,1.7940746844e-01,6.9785828807e+24,1.2537403373e+24,1.2537403373e+24,1.1269868774e+25,1.2897755243e+24,0.0000000000e+00,8.9032014230e-22,-3.0475363689e-18,3.4229668903e+03,0.0000000000e+00,3.0475363689e-18,1.0058141861e-19,0.0000000000e+00,1.1385906370e-18,0.0000000000e+00,2.1047019053e-18,0.0000000000e+00,5.9944307051e-17,6.6275280555e-19,0.0000000000e+00,0.0000000000e+00,0.0000000000e+00,0.0000000000e+00,0.0000000000e+00,0.0000000000e+00,0.0000000000e+00,0.0000000000e+00,0.0000000000e+00,0.0000000000e+00,0.0000000000e+00,0.0000000000e+00,0.0000000000e+00,0.0000000000e+00,0.0000000000e+00,0.0000000000e+00,0.0000000000e+00,0.0000000000e+00,0.0000000000e+00,0.0000000000e+00,0.0000000000e+00,0.0000000000e+00,0.0000000000e+00,2.8622979865e-42,0.0000000000e+00,0.0000000000e+00,4.5214643928e-18,2.4667167865e-17,0.0000000000e+00,3.1306165407e-20,0.0000000000e+00,2.7854719048e-22,1.5221133220e-23,5.1980245953e-24,0.0000000000e+00,0.0000000000e+00,0.0000000000e+00,0.0000000000e+00,0.0000000000e+00,0.0000000000e+00,0.0000000000e+00,0.0000000000e+00,0.0000000000e+00,0.0000000000e+00,0.0000000000e+00,0.0000000000e+00,0.0000000000e+00,0.0000000000e+00,0.0000000000e+00,0.0000000000e+00,0.0000000000e+00,0.0000000000e+00,0.0000000000e+00,0.0000000000e+00
3.4551072946e-01,1,1.8071465956e-01,6.9545406600e+24,1.2548132146e+24,1.2548132146e+24,1.1205384395e+25,1.2915587577e+24,0.0000000000e+00,8.7009835035e-22,-3.0407147121e-18,3.4946793209e+03,0.0000000000e+00,3.0407147121e-18,1.0245003957e-19,0.0000000000e+00,1.2178763480e-18,0.0000000000e+00,2.1876362370e-18,0.0000000000e+00,6.0148267822e-17,7.0366365250e-19,0.0000000000e+00,0.0000000000e+00,0.0000000000e+00,0.0000000000e+00,0.0000000000e+00,0.0000000000e+00,0.0000000000e+00,0.0000000000e+00,0.0000000000e+00,0.0000000000e+00,0.0000000000e+00,0.0000000000e+00,0.0000000000e+00,0.0000000000e+00,0.0000000000e+00,0.0000000000e+00,0.0000000000e+00,0.0000000000e+00,0.0000000000e+00,0.0000000000e+00,0.0000000000e+00,0.0000000000e+00,0.0000000000e+00,2.8558909704e-42,0.0000000000e+00,0.0000000000e+00,4.6229213232e-18,2.6404869486e-17,0.0000000000e+00,3.8549269906e-20,0.0000000000e+00,2.8493480690e-22,1.5074926189e-23,4.8150191457e-24,0.0000000000e+00,0.0000000000e+00,0.0000000000e+00,0.0000000000e+00,0.0000000000e+00,0.0000000000e+00,0.0000000000e+00,0.0000000000e+00,0.0000000000e+00,0.0000000000e+00,0.0000000000e+00,0.0000000000e+00,0.0000000000e+00,0.0000000000e+00,0.0000000000e+00,0.0000000000e+00,0.0000000000e+00,0.0000000000e+00,0.0000000000e+00,0.0000000000e+00
3.6115389887e-01,1,1.8208941158e-01,6.9294977827e+24,1.2559437285e+24,1.2559437285e+24,1.1138640299e+25,1.2934283238e+24,0.0000000000e+00,8.4953153514e-22,-3.0324698781e-18,3.5695789417e+03,0.0000000000e+00,3.0324698781e-18,1.0442034318e-19,0.0000000000e+00,1.3025541131e-18,0.0000000000e+00,2.2761451192e-18,0.0000000000e+00,6.0362442459e-17,7.4673782207e-19,0.0000000000e+00,0.0000000000e+00,0.0000000000e+00,0.0000000000e+00,0.0000000000e+00,0.0000000000e+00,0.0000000000e+00,0.0000000000e+00,0.0000000000e+00,0.0000000000e+00,0.0000000000e+00,0.0000000000e+00,0.0000000000e+00,0.0000000000e+00,0.0000000000e+00,0.0000000000e+00,0.0000000000e+00,0.0000000000e+00,0.0000000000e+00,0.0000000000e+00,0.0000000000e+00,0.0000000000e+00,0.0000000000e+00,2.8481472821e-42,0.0000000000e+00,0.0000000000e+00,4.7294056392e-18,2.8261646333e-17,0.0000000000e+00,4.7605196715e-20,0.0000000000e+00,2.9674459503e-22,1.5074878105e-23,4.4433557002e-24,0.0000000000e+00,0.0000000000e+00,0.0000000000e+00,0.0000000000e+00,0.0000000000e+00,0.0000000000e+00,0.0000000000e+00,0.0000000000e+00,0.0000000000e+00,0.0000000000e+00,0.0000000000e+00,0.0000000000e+00,0.0000000000e+00,0.0000000000e+00,0.0000000000e+00,0.0000000000e+00,0.0000000000e+00,0.0000000000e+00,0.0000000000e+00,0.0000000000e+00
3.7750532053e-01,1,1.8353687952e-01,6.9031711089e+24,1.2571365184e+24,1.2571365184e+24,1.1069523062e+25,1.2953893962e+24,0.0000000000e+00,8.2866751272e-22,-3.0227570124e-18,3.6477320107e+03,0.0000000000e+00,3.0227570124e-18,1.0649968891e-19,0.0000000000e+00,1.3930517896e-18,0.0000000000e+00,2.3706719177e-18,0.0000000000e+00,6.0587734914e-17,7.9209342182e-19,0.0000000000e+00,0.0000000000e+00,0.0000000000e+00,0.0000000000e+00,0.0000000000e+00,0.0000000000e+00,0.0000000000e+00,0.0000000000e+00,0.0000000000e+00,0.0000000000e+00,0.0000000000e+00,0.0000000000e+00,0.0000000000e+00,0.0000000000e+00,0.0000000000e+00,0.0000000000e+00,0.0000000000e+00,0.0000000000e+00,0.0000000000e+00,0.0000000000e+00,0.0000000000e+00,0.0000000000e+00,0.0000000000e+00,2.8390247935e-42,0.0000000000e+00,0.0000000000e+00,4.8412090667e-18,3.0246685377e-17,0.0000000000e+00,5.8899270376e-20,0.0000000000e+00,3.1635332525e-22,1.5307292546e-23,4.0860643591e-24,0.0000000000e+00,0.0000000000e+00,0.0000000000e+00,0.0000000000e+00,0.0000000000e+00,0.0000000000e+00,0.0000000000e+00,0.0000000000e+00,0.0000000000e+00,0.0000000000e+00,0.0000000000e+00,0.0000000000e+00,0.0000000000e+00,0.0000000000e+00,0.0000000000e+00,0.0000000000e+00,0.0000000000e+00,0.0000000000e+00,0.0000000000e+00,0.0000000000e+00
3.9459706091e-01,1,1.8506190021e-01,6.8753212348e+24,1.2583960754e+24,1.2583960754e+24,1.0997953144e+25,1.2974473343e+24,0.0000000000e+00,8.0755657985e-22,-3.0115461185e-18,3.7292075796e+03,0.0000000000e+00,3.0115461185e-18,1.0869545191e-19,0.0000000000e+00,1.4898324759e-18,0.0000000000e+00,2.4716937883e-18,0.0000000000e+00,6.0824955824e-17,8.3985540990e-19,0.0000000000e+00,0.0000000000e+00,0.0000000000e+00,0.0000000000e+00,0.0000000000e+00,0.0000000000e+00,0.0000000000e+00,0.0000000000e+00,0.0000000000e+00,0.0000000000e+00,0.0000000000e+00,0.0000000000e+00,0.0000000000e+00,0.0000000000e+00,0.0000000000e+00,0.0000000000e+00,0.0000000000e+00,0.0000000000e+00,0.0000000000e+00,0.0000000000e+00,0.0000000000e+00,0.0000000000e+00,0.0000000000e+00,2.8284953313e-42,0.0000000000e+00,0.0000000000e+00,4.9586289703e-18,3.2369831557e-17,0.0000000000e+00,7.2948288041e-20,0.0000000000e+00,3.4707506519e-22,1.5899218897e-23,3.7465671512e-24,0.0000000000e+00,0.0000000000e+00,0.0000000000e+00,0.0000000000e+00,0.0000000000e+00,0.0000000000e+00,0.0000000000e+00,0.0000000000e+00,0.0000000000e+00,0.0000000000e+00,0.0000000000e+00,0.0000000000e+00,0.0000000000e+00,0.0000000000e+00,0.0000000000e+00,0.0000000000e+00,0.0000000000e+00,0.0000000000e+00,0.0000000000e+00,0.0000000000e+00
4.1246263829e-01,1,1.8666902928e-01,6.8457507034e+24,1.2597267774e+24,1.2597267774e+24,1.0923882104e+25,1.2996077486e+24,0.0000000000e+00,7.8625074264e-22,-2.9988212727e-18,3.8140775074e+03,0.0000000000e+00,2.9988212727e-18,1.1101507827e-19,0.0000000000e+00,1.5933968816e-18,0.0000000000e+00,2.5797241568e-18,0.0000000000e+00,6.1074828956e-17,8.9015580046e-19,0.0000000000e+00,0.0000000000e+00,0.0000000000e+00,0.0000000000e+00,0.0000000000e+00,0.0000000000e+00,0.0000000000e+00,0.0000000000e+00,0.0000000000e+00,0.0000000000e+00,0.0000000000e+00,0.0000000000e+00,0.0000000000e+00,0.0000000000e+00,0.0000000000e+00,0.0000000000e+00,0.0000000000e+00,0.0000000000e+00,0.0000000000e+00,0.0000000000e+00,0.0000000000e+00,0.0000000000e+00,0.0000000000e+00,2.8165439397e-42,0.0000000000e+00,0.0000000000e+00,5.0819700330e-18,3.4641609325e-17,0.0000000000e+00,9.0378305195e-20,0.0000000000e+00,3.9351480918e-22,1.7036311778e-23,3.4289836547e-24,0.0000000000e+00,0.0000000000e+00,0.0000000000e+00,0.0000000000e+00,0.0000000000e+00,0.0000000000e+00,0.0000000000e+00,0.0000000000e+00,0.0000000000e+00,0.0000000000e+00,0.0000000000e+00,0.0000000000e+00,0.0000000000e+00,0.0000000000e+00,0.0000000000e+00,0.0000000000e+00,0.0000000000e+00,0.0000000000e+00,0.0000000000e+00,0.0000000000e+00
4.3113708854e-01,1,1.8836258474e-01,6.8143018926e+24,1.2611329315e+24,1.2611329315e+24,1.0847289420e+25,1.3018765725e+24,0.0000000000e+00,7.6480295793e-22,-2.9845796606e-18,3.9024164717e+03,0.0000000000e+00,2.9845796606e-18,1.1346614967e-19,0.0000000000e+00,1.7042858595e-18,0.0000000000e+00,2.6953153796e-18,0.0000000000e+00,6.1337998855e-17,9.4313391862e-19,0.0000000000e+00,0.0000000000e+00,0.0000000000e+00,0.0000000000e+00,0.0000000000e+00,0.0000000000e+00,0.0000000000e+00,0.0000000000e+00,0.0000000000e+00,0.0000000000e+00,0.0000000000e+00,0.0000000000e+00,0.0000000000e+00,0.0000000000e+00,0.0000000000e+00,0.0000000000e+00,0.0000000000e+00,0.0000000000e+00,0.0000000000e+00,0.0000000000e+00,0.0000000000e+00,0.0000000000e+00,0.0000000000e+00,2.8031679754e-42,0.0000000000e+00,0.0000000000e+00,5.2115462357e-18,3.7073241462e-17,0.0000000000e+00,1.1194544427e-19,0.0000000000e+00,4.6205000137e-22,1.8987957860e-23,3.1386470339e-24,0.0000000000e+00,0.0000000000e+00,0.0000000000e+00,0.0000000000e+00,0.0000000000e+00,0.0000000000e+00,0.0000000000e+00,0.0000000000e+00,0.0000000000e+00,0.0000000000e+00,0.0000000000e+00,0.0000000000e+00,0.0000000000e+00,0.0000000000e+00,0.0000000000e+00,0.0000000000e+00,0.0000000000e+00,0.0000000000e+00,0.0000000000e+00,0.0000000000e+00
4.5065703377e-01,1,1.9014669747e-01,6.7808545547e+24,1.2626188214e+24,1.2626188214e+24,1.0768178910e+25,1.3042601430e+24,0.0000000000e+00,7.4326640677e-22,-2.9688304591e-18,3.9943019516e+03,0.0000000000e+00,2.9688304591e-18,1.1605645842e-19,0.0000000000e+00,1.8230831031e-18,0.0000000000e+00,2.8190615917e-18,0.0000000000e+00,6.1615039740e-17,9.9893672800e-19,0.0000000000e+00,0.0000000000e+00,0.0000000000e+00,0.0000000000e+00,0.0000000000e+00,0.0000000000e+00,0.0000000000e+00,0.0000000000e+00,0.0000000000e+00,0.0000000000e+00,0.0000000000e+00,0.0000000000e+00,0.0000000000e+00,0.0000000000e+00,0.0000000000e+00,0.0000000000e+00,0.0000000000e+00,0.0000000000e+00,0.0000000000e+00,0.0000000000e+00,0.0000000000e+00,0.0000000000e+00,0.0000000000e+00,2.7883760575e-42,0.0000000000e+00,0.0000000000e+00,5.3476831572e-18,3.9676664267e-17,0.0000000000e+00,1.3856012012e-19,0.0000000000e+00,5.6148212353e-22,2.2142267023e-23,2.8829233681e-24,0.0000000000e+00,0.0000000000e+00,0.0000000000e+00,0.0000000000e+00,0.0000000000e+00,0.0000000000e+00,0.0000000000e+00,0.0000000000e+00,0.0000000000e+00,0.0000000000e+00,0.0000000000e+00,0.0000000000e+00,0.0000000000e+00,0.0000000000e+00,0.0000000000e+00,0.0000000000e+00,0.0000000000e+00,0.0000000000e+00,0.0000000000e+00,0.0000000000e+00
4.7106075420e-01,1,1.9202536831e-01,6.7453230057e+24,1.2641887618e+24,1.2641887618e+24,1.0686574776e+25,1.3067652888e+24,0.0000000000e+00,7.2169381731e-22,-2.9515935880e-18,4.0898141528e+03,0.0000000000e+00,2.9515935880e-18,1.1879409374e-19,0.0000000000e+00,1.9504180090e-18,0.0000000000e+00,2.9516017407e-18,0.0000000000e+00,6.1906465623e-17,1.0577192562e-18,0.0000000000e+00,0.0000000000e+00,0.0000000000e+00,0.0000000000e+00,0.0000000000e+00,0.0000000000e+00,0.0000000000e+00,0.0000000000e+00,0.0000000000e+00,0.0000000000e+00,0.0000000000e+00,0.0000000000e+00,0.0000000000e+00,0.0000000000e+00,0.0000000000e+00,0.0000000000e+00,0.0000000000e+00,0.0000000000e+00,0.0000000000e+00,0.0000000000e+00,0.0000000000e+00,0.0000000000e+00,0.0000000000e+00,2.7721868950e-42,0.0000000000e+00,0.0000000000e+00,5.4907205940e-18,4.2464537938e-17,0.0000000000e+00,1.7131509215e-19,0.0000000000e+00,7.0391229589e-22,2.7054285395e-23,2.6724624643e-24,0.0000000000e+00,0.0000000000e+00,0.0000000000e+00,0.0000000000e+00,0.0000000000e+00,0.0000000000e+00,0.0000000000e+00,0.0000000000e+00,0.0000000000e+00,0.0000000000e+00,0.0000000000e+00,0.0000000000e+00,0.0000000000e+00,0.0000000000e+00,0.0000000000e+00,0.0000000000e+00,0.0000000000e+00,0.0000000000e+00,0.0000000000e+00,0.0000000000e+00
4.9238826317e-01,1,1.9400253175e-01,6.7076529814e+24,1.2658471587e+24,1.2658471587e+24,1.0602517278e+25,1.3093994276e+24,0.0000000000e+00,7.0013685096e-22,-2.9328983630e-18,4.1890358421e+03,0.0000000000e+00,2.9328983630e-18,1.2168754031e-19,0.0000000000e+00,2.0869686974e-18,0.0000000000e+00,3.0936227977e-18,0.0000000000e+00,6.2212741622e-17,1.1196451456e-18,0.0000000000e+00,0.0000000000e+00,0.0000000000e+00,0.0000000000e+00,0.0000000000e+00,0.0000000000e+00,0.0000000000e+00,0.0000000000e+00,0.0000000000e+00,0.0000000000e+00,0.0000000000e+00,0.0000000000e+00,0.0000000000e+00,0.0000000000e+00,0.0000000000e+00,0.0000000000e+00,0.0000000000e+00,0.0000000000e+00,0.0000000000e+00,0.0000000000e+00,0.0000000000e+00,0.0000000000e+00,0.0000000000e+00,2.7546280218e-42,0.0000000000e+00,0.0000000000e+00,5.6410154916e-18,4.5450250748e-17,0.0000000000e+00,2.1151775453e-19,0.0000000000e+00,9.0590843613e-22,3.4511670737e-23,2.5230534503e-24,0.0000000000e+00,0.0000000000e+00,0.0000000000e+00,0.0000000000e+00,0.0000000000e+00,0.0000000000e+00,0.0000000000e+00,0.0000000000e+00,0.0000000000e+00,0.0000000000e+00,0.0000000000e+00,0.0000000000e+00,0.0000000000e+00,0.0000000000e+00,0.0000000000e+00,0.0000000000e+00,0.0000000000e+00,0.0000000000e+00,0.0000000000e+00,0.0000000000e+00
5.1468138568e-01,1,1.9608212573e-01,6.6678181932e+24,1.2675985755e+24,1.2675985755e+24,1.0516058062e+25,1.3121706722e+24,0.0000000000e+00,6.7864556293e-22,-2.9127820817e-18,4.2920520531e+03,0.0000000000e+00,2.9127820817e-18,1.2474578987e-19,0.0000000000e+00,2.2334651682e-18,0.0000000000e+00,3.2458631245e-18,0.0000000000e+00,6.2534296346e-17,1.1848873599e-18,0.0000000000e+00,0.0000000000e+00,0.0000000000e+00,0.0000000000e+00,0.0000000000e+00,0.0000000000e+00,0.0000000000e+00,0.0000000000e+00,0.0000000000e+00,0.0000000000e+00,0.0000000000e+00,0.0000000000e+00,0.0000000000e+00,0.0000000000e+00,0.0000000000e+00,0.0000000000e+00,0.0000000000e+00,0.0000000000e+00,0.0000000000e+00,0.0000000000e+00,0.0000000000e+00,0.0000000000e+00,0.0000000000e+00,2.7357344683e-42,0.0000000000e+00,0.0000000000e+00,5.7989451591e-18,4.8647915316e-17,0.0000000000e+00,2.6072705289e-19,0.0000000000e+00,1.1900460471e-21,4.5623021723e-23,2.4583144275e-24,0.0000000000e+00,0.0000000000e+00,0.0000000000e+00,0.0000000000e+00,0.0000000000e+00,0.0000000000e+00,0.0000000000e+00,0.0000000000e+00,0.0000000000e+00,0.0000000000e+00,0.0000000000e+00,0.0000000000e+00,0.0000000000e+00,0.0000000000e+00,0.0000000000e+00,0.0000000000e+00,0.0000000000e+00,0.0000000000e+00,0.0000000000e+00,0.0000000000e+00
5.3798384034e-01,1,1.9826816696e-01,6.6258166258e+24,1.2694478055e+24,1.2694478055e+24,1.0427255143e+25,1.3150879448e+24,0.0000000000e+00,6.5726794486e-22,-2.8912885771e-18,4.3989496211e+03,0.0000000000e+00,2.8912885771e-18,1.2797846716e-19,0.0000000000e+00,2.3906925627e-18,0.0000000000e+00,3.4091159611e-18,0.0000000000e+00,6.2871535298e-17,1.2536290811e-18,0.0000000000e+00,0.0000000000e+00,0.0000000000e+00,0.0000000000e+00,0.0000000000e+00,0.0000000000e+00,0.0000000000e+00,0.0000000000e+00,0.0000000000e+00,0.0000000000e+00,0.0000000000e+00,0.0000000000e+00,0.0000000000e+00,0.0000000000e+00,0.0000000000e+00,0.0000000000e+00,0.0000000000e+00,0.0000000000e+00,0.0000000000e+00,0.0000000000e+00,0.0000000000e+00,0.0000000000e+00,0.0000000000e+00,2.7155474031e-42,0.0000000000e+00,0.0000000000e+00,5.9649107268e-18,5.2072354920e-17,0.0000000000e+00,3.2079536120e-19,0.0000000000e+00,1.5869196444e-21,6.1935039192e-23,2.5135118306e-24,0.0000000000e+00,0.0000000000e+00,0.0000000000e+00,0.0000000000e+00,0.0000000000e+00,0.0000000000e+00,0.0000000000e+00,0.0000000000e+00,0.0000000000e+00,0.0000000000e+00,0.0000000000e+00,0.0000000000e+00,0.0000000000e+00,0.0000000000e+00,0.0000000000e+00,0.0000000000e+00,0.0000000000e+00,0.0000000000e+00,0.0000000000e+00,0.0000000000e+00
5.6234132519e-01,1,2.0056483136e-01,6.5816666213e+24,1.2713999494e+24,1.2713999494e+24,1.0336167513e+25,1.3181611009e+24,0.0000000000e+00,6.3604955423e-22,-2.8684667732e-18,4.5098164981e+03,0.0000000000e+00,2.8684667732e-18,1.3139597140e-19,0.0000000000e+00,2.5594944761e-18,0.0000000000e+00,3.5842329812e-18,0.0000000000e+00,6.3224855152e-17,1.3260648341e-18,0.0000000000e+00,0.0000000000e+00,0.0000000000e+00,0.0000000000e+00,0.0000000000e+00,0.0000000000e+00,0.0000000000e+00,0.0000000000e+00,0.0000000000e+00,0.0000000000e+00,0.0000000000e+00,0.0000000000e+00,0.0000000000e+00,0.0000000000e+00,0.0000000000e+00,0.0000000000e+00,0.0000000000e+00,0.0000000000e+00,0.0000000000e+00,0.0000000000e+00,0.0000000000e+00,0.0000000000e+00,0.0000000000e+00,2.6941127769e-42,0.0000000000e+00,0.0000000000e+00,6.1393407921e-18,5.5739077533e-17,0.0000000000e+00,3.9391556529e-19,0.0000000000e+00,2.1377378733e-21,8.5585758873e-23,2.7408805678e-24,0.0000000000e+00,0.0000000000e+00,0.0000000000e+00,0.0000000000e+00,0.0000000000e+00,0.0000000000e+00,0.0000000000e+00,0.0000000000e+00,0.0000000000e+00,0.0000000000e+00,0.0000000000e+00,0.0000000000e+00,0.0000000000e+00,0.0000000000e+00,0.0000000000e+00,0.0000000000e+00,0.0000000000e+00,0.0000000000e+00,0.0000000000e+00,0.0000000000e+00
5.8780160723e-01,1,2.0297653896e-01,6.5354027942e+24,1.2734604982e+24,1.2734604982e+24,1.0242849351e+25,1.3214010620e+24,0.0000000000e+00,6.1503323236e-22,-2.8443692769e-18,4.6247407900e+03,0.0000000000e+00,2.8443692769e-18,1.3500963473e-19,0.0000000000e+00,2.7407762522e-18,0.0000000000e+00,3.7721278417e-18,0.0000000000e+00,6.3594658843e-17,1.4024018798e-18,0.0000000000e+00,0.0000000000e+00,0.0000000000e+00,0.0000000000e+00,0.0000000000e+00,0.0000000000e+00,0.0000000000e+00,0.0000000000e+00,0.0000000000e+00,0.0000000000e+00,0.0000000000e+00,0.0000000000e+00,0.0000000000e+00,0.0000000000e+00,0.0000000000e+00,0.0000000000e+00,0.0000000000e+00,0.0000000000e+00,0.0000000000e+00,0.0000000000e+00,0.0000000000e+00,0.0000000000e+00,0.0000000000e+00,2.6714799985e-42,0.0000000000e+00,0.0000000000e+00,6.3226951865e-18,5.9664234849e-17,0.0000000000e+00,4.8267347124e-19,0.0000000000e+00,2.8976316218e-21,1.1950217329e-22,3.2168947218e-24,0.0000000000e+00,0.0000000000e+00,0.0000000000e+00,0.0000000000e+00,0.0000000000e+00,0.0000000000e+00,0.0000000000e+00,0.0000000000e+00,0.0000000000e+00,0.0000000000e+00,0.0000000000e+00,0.0000000000e+00,0.0000000000e+00,0.0000000000e+00,0.0000000000e+00,0.0000000000e+00,0.0000000000e+00,0.0000000000e+00,0.0000000000e+00,0.0000000000e+00
6.1441461614e-01,1,2.0550804255e-01,6.4870718109e+24,1.2756354205e+24,1.2756354205e+24,1.0147343781e+25,1.3248199544e+24,0.0000000000e+00,5.9425891042e-22,-2.8190510343e-18,4.7438094489e+03,0.0000000000e+00,2.8190510343e-18,1.3883189901e-19,0.0000000000e+00,2.9355081582e-18,0.0000000000e+00,3.9737796261e-18,0.0000000000e+00,6.3981371373e-17,1.4828619181e-18,0.0000000000e+00,0.0000000000e+00,0.0000000000e+00,0.0000000000e+00,0.0000000000e+00,0.0000000000e+00,0.0000000000e+00,0.0000000000e+00,0.0000000000e+00,0.0000000000e+00,0.0000000000e+00,0.0000000000e+00,0.0000000000e+00,0.0000000000e+00,0.0000000000e+00,0.0000000000e+00,0.0000000000e+00,0.0000000000e+00,0.0000000000e+00,0.0000000000e+00,0.0000000000e+00,0.0000000000e+00,0.0000000000e+00,2.6477006745e-42,0.0000000000e+00,0.0000000000e+00,6.5154687846e-18,6.3864563295e-17,0.0000000000e+00,5.9010546579e-19,0.0000000000e+00,3.9398165863e-21,1.6765138579e-22,4.0520125763e-24,0.0000000000e+00,0.0000000000e+00,0.0000000000e+00,0.0000000000e+00,0.0000000000e+00,0.0000000000e+00,0.0000000000e+00,0.0000000000e+00,0.0000000000e+00,0.0000000000e+00,0.0000000000e+00,0.0000000000e+00,0.0000000000e+00,0.0000000000e+00,0.0000000000e+00,0.0000000000e+00,0.0000000000e+00,0.0000000000e+00,0.0000000000e+00,0.0000000000e+00
6.4223254222e-01,1,2.0816451961e-01,6.4367280627e+24,1.2779312549e+24,1.2779312549e+24,1.0049676112e+25,1.3284312536e+24,0.0000000000e+00,5.7376350027e-22,-2.7925680813e-18,4.8671065343e+03,0.0000000000e+00,2.7925680813e-18,1.4287651228e-19,0.0000000000e+00,3.1447283069e-18,0.0000000000e+00,4.1902360447e-18,0.0000000000e+00,6.4385456275e-17,1.5676831383e-18,0.0000000000e+00,0.0000000000e+00,0.0000000000e+00,0.0000000000e+00,0.0000000000e+00,0.0000000000e+00,0.0000000000e+00,0.0000000000e+00,0.0000000000e+00,0.0000000000e+00,0.0000000000e+00,0.0000000000e+00,0.0000000000e+00,0.0000000000e+00,0.0000000000e+00,0.0000000000e+00,0.0000000000e+00,0.0000000000e+00,0.0000000000e+00,0.0000000000e+00,0.0000000000e+00,0.0000000000e+00,0.0000000000e+00,2.6228274346e-42,0.0000000000e+00,0.0000000000e+00,6.7181952555e-18,6.8357303634e-17,0.0000000000e+00,7.1976107947e-19,0.0000000000e+00,5.3607552101e-21,2.3535472404e-22,5.4034798411e-24,0.0000000000e+00,0.0000000000e+00,0.0000000000e+00,0.0000000000e+00,0.0000000000e+00,0.0000000000e+00,0.0000000000e+00,0.0000000000e+00,0.0000000000e+00,0.0000000000e+00,0.0000000000e+00,0.0000000000e+00,0.0000000000e+00,0.0000000000e+00,0.0000000000e+00,0.0000000000e+00,0.0000000000e+00,0.0000000000e+00,0.0000000000e+00,0.0000000000e+00
6.7130993868e-01,1,2.1095166654e-01,6.3844292451e+24,1.2803552047e+24,1.2803552047e+24,9.9498465247e+24,1.3322499294e+24,0.0000000000e+00,5.5358086564e-22,-2.7649764084e-18,4.9947109448e+03,0.0000000000e+00,2.7649764084e-18,1.4715874572e-19,0.0000000000e+00,3.3695451441e-18,0.0000000000e+00,4.4226162102e-18,0.0000000000e+00,6.4807432681e-17,1.6571226477e-18,0.0000000000e+00,0.0000000000e+00,0.0000000000e+00,0.0000000000e+00,0.0000000000e+00,0.0000000000e+00,0.0000000000e+00,0.0000000000e+00,0.0000000000e+00,0.0000000000e+00,0.0000000000e+00,0.0000000000e+00,0.0000000000e+00,0.0000000000e+00,0.0000000000e+00,0.0000000000e+00,0.0000000000e+00,0.0000000000e+00,0.0000000000e+00,0.0000000000e+00,0.0000000000e+00,0.0000000000e+00,0.0000000000e+00,2.5969128662e-42,0.0000000000e+00,0.0000000000e+00,6.9314506364e-18,7.3160095450e-17,0.0000000000e+00,8.7576973429e-19,0.0000000000e+00,7.2864549556e-21,3.2967380807e-22,7.4918103675e-24,0.0000000000e+00,0.0000000000e+00,0.0000000000e+00,0.0000000000e+00,0.0000000000e+00,0.0000000000e+00,0.0000000000e+00,0.0000000000e+00,0.0000000000e+00,0.0000000000e+00,0.0000000000e+00,0.0000000000e+00,0.0000000000e+00,0.0000000000e+00,0.0000000000e+00,0.0000000000e+00,0.0000000000e+00,0.0000000000e+00,0.0000000000e+00,0.0000000000e+00
7.0170382867e-01,1,2.1387579417e-01,6.3302318509e+24,1.2829152362e+24,1.2829152362e+24,9.8478221894e+24,1.3362925837e+24,0.0000000000e+00,5.3374186694e-22,-2.7363309581e-18,5.1266934966e+03,0.0000000000e+00,2.7363309581e-18,1.5169563072e-19,0.0000000000e+00,3.6111392661e-18,0.0000000000e+00,4.6721127509e-18,0.0000000000e+00,6.5247892905e-17,1.7514592890e-18,0.0000000000e+00,0.0000000000e+00,0.0000000000e+00,0.0000000000e+00,0.0000000000e+00,0.0000000000e+00,0.0000000000e+00,0.0000000000e+00,0.0000000000e+00,0.0000000000e+00,0.0000000000e+00,0.0000000000e+00,0.0000000000e+00,0.0000000000e+00,0.0000000000e+00,0.0000000000e+00,0.0000000000e+00,0.0000000000e+00,0.0000000000e+00,0.0000000000e+00,0.0000000000e+00,0.0000000000e+00,0.0000000000e+00,2.5700085721e-42,0.0000000000e+00,0.0000000000e+00,7.1558565753e-18,7.8290842540e-17,0.0000000000e+00,1.0629104903e-18,0.0000000000e+00,9.8800171631e-21,4.5987620540e-22,1.0621554109e-23,0.0000000000e+00,0.0000000000e+00,0.0000000000e+00,0.0000000000e+00,0.0000000000e+00,0.0000000000e+00,0.0000000000e+00,0.0000000000e+00,0.0000000000e+00,0.0000000000e+00,0.0000000000e+00,0.0000000000e+00,0.0000000000e+00,0.0000000000e+00,0.0000000000e+00,0.0000000000e+00,0.0000000000e+00,0.0000000000e+00,0.0000000000e+00,0.0000000000e+00
7.3347381708e-01,1,2.1694256551e-01,6.2750791208e+24,1.2855964592e+24,1.2855964592e+24,9.7479187797e+24,1.3406100671e+24,0.0000000000e+00,5.1419510297e-22,-2.7065449223e-18,5.2636536339e+03,0.0000000000e+00,2.7065449223e-18,1.5649611757e-19,0.0000000000e+00,3.8718264769e-18,0.0000000000e+00,4.9410538850e-18,0.0000000000e+00,6.5705598168e-17,1.8513400069e-18,0.0000000000e+00,0.0000000000e+00,0.0000000000e+00,0.0000000000e+00,0.0000000000e+00,0.0000000000e+00,0.0000000000e+00,0.0000000000e+00,0.0000000000e+00,0.0000000000e+00,0.0000000000e+00,0.0000000000e+00,0.0000000000e+00,0.0000000000e+00,0.0000000000e+00,0.0000000000e+00,0.0000000000e+00,0.0000000000e+00,0.0000000000e+00,0.0000000000e+00,0.0000000000e+00,0.0000000000e+00,0.0000000000e+00,2.5420330207e-42,0.0000000000e+00,0.0000000000e+00,7.3930835427e-18,8.3773319687e-17,0.0000000000e+00,1.2924021540e-18,0.0000000000e+00,1.5682533168e-20,7.5006174958e-22,1.3650226334e-22,0.0000000000e+00,0.0000000000e+00,0.0000000000e+00,0.0000000000e+00,0.0000000000e+00,0.0000000000e+00,0.0000000000e+00,0.0000000000e+00,0.0000000000e+00,0.0000000000e+00,0.0000000000e+00,0.0000000000e+00,0.0000000000e+00,0.0000000000e+00,0.0000000000e+00,0.0000000000e+00,0.0000000000e+00,0.0000000000e+00,0.0000000000e+00,0.0000000000e+00
7.6668220745e-01,1,2.2014788174e-01,6.2177829039e+24,1.2884354866e+24,1.2884354866e+24,9.6443107768e+24,1.3451621000e+24,0.0000000000e+00,4.9508012416e-22,-2.6758795136e-18,5.4049423175e+03,0.0000000000e+00,2.6758795136e-18,1.6158066958e-19,0.0000000000e+00,4.1507660501e-18,0.0000000000e+00,5.2285958638e-18,0.0000000000e+00,6.6181457050e-17,1.9570587838e-18,0.0000000000e+00,0.0000000000e+00,0.0000000000e+00,0.0000000000e+00,0.0000000000e+00,0.0000000000e+00,0.0000000000e+00,0.0000000000e+00,0.0000000000e+00,0.0000000000e+00,0.0000000000e+00,0.0000000000e+00,0.0000000000e+00,0.0000000000e+00,0.0000000000e+00,0.0000000000e+00,0.0000000000e+00,0.0000000000e+00,0.0000000000e+00,0.0000000000e+00,0.0000000000e+00,0.0000000000e+00,0.0000000000e+00,2.5132315474e-42,0.0000000000e+00,0.0000000000e+00,7.6421465100e-18,8.9605987622e-17,0.0000000000e+00,1.5589530885e-18,0.0000000000e+00,2.1285750307e-20,1.0959737239e-21,3.2059719242e-22,0.0000000000e+00,0.0000000000e+00,0.0000000000e+00,0.0000000000e+00,0.0000000000e+00,0.0000000000e+00,0.0000000000e+00,0.0000000000e+00,0.0000000000e+00,0.0000000000e+00,0.0000000000e+00,0.0000000000e+00,0.0000000000e+00,0.0000000000e+00,0.0000000000e+00,0.0000000000e+00,0.0000000000e+00,0.0000000000e+00,0.0000000000e+00,0.0000000000e+00
8.0139412415e-01,1,2.2353446165e-01,6.1588198813e+24,1.2914667206e+24,1.2914667206e+24,9.5378628412e+24,1.3500232362e+24,0.0000000000e+00,4.7638879045e-22,-2.6443781183e-18,5.5508823283e+03,0.0000000000e+00,2.6443781183e-18,1.6700705978e-19,0.0000000000e+00,4.4511425420e-18,0.0000000000e+00,5.5380416352e-18,0.0000000000e+00,6.6683732411e-17,2.0686872953e-18,0.0000000000e+00,0.0000000000e+00,0.0000000000e+00,0.0000000000e+00,0.0000000000e+00,0.0000000000e+00,0.0000000000e+00,0.0000000000e+00,0.0000000000e+00,0.0000000000e+00,0.0000000000e+00,0.0000000000e+00,0.0000000000e+00,0.0000000000e+00,0.0000000000e+00,0.0000000000e+00,0.0000000000e+00,0.0000000000e+00,0.0000000000e+00,0.0000000000e+00,0.0000000000e+00,0.0000000000e+00,0.0000000000e+00,2.4836449011e-42,0.0000000000e+00,0.0000000000e+00,7.9050026241e-18,9.5829763670e-17,0.0000000000e+00,1.8783657764e-18,0.0000000000e+00,2.8949193688e-20,1.5232046897e-21,4.6356716503e-22,0.0000000000e+00,0.0000000000e+00,0.0000000000e+00,0.0000000000e+00,0.0000000000e+00,0.0000000000e+00,0.0000000000e+00,0.0000000000e+00,0.0000000000e+00,0.0000000000e+00,0.0000000000e+00,0.0000000000e+00,0.0000000000e+00,0.0000000000e+00,0.0000000000e+00,0.0000000000e+00,0.0000000000e+00,0.0000000000e+00,0.0000000000e+00,0.0000000000e+00
8.3767764007e-01,1,2.2709477487e-01,6.0983412689e+24,1.2946785862e+24,1.2946785862e+24,9.4295490264e+24,1.3552087175e+24,0.0000000000e+00,4.5812199014e-22,-2.6120122351e-18,5.7015648480e+03,0.0000000000e+00,2.6120122351e-18,1.7278341701e-19,0.0000000000e+00,4.7740338742e-18,0.0000000000e+00,5.8704407769e-18,0.0000000000e+00,6.7208918679e-17,2.1870171786e-18,0.0000000000e+00,0.0000000000e+00,0.0000000000e+00,0.0000000000e+00,0.0000000000e+00,0.0000000000e+00,0.0000000000e+00,0.0000000000e+00,0.0000000000e+00,0.0000000000e+00,0.0000000000e+00,0.0000000000e+00,0.0000000000e+00,0.0000000000e+00,0.0000000000e+00,0.0000000000e+00,0.0000000000e+00,0.0000000000e+00,0.0000000000e+00,0.0000000000e+00,0.0000000000e+00,0.0000000000e+00,0.0000000000e+00,2.4532463131e-42,0.0000000000e+00,0.0000000000e+00,8.1823476779e-18,1.0245207123e-16,0.0000000000e+00,2.2571130950e-18,0.0000000000e+00,3.9259736573e-20,2.1179738463e-21,6.8298174468e-22,0.0000000000e+00,0.0000000000e+00,0.0000000000e+00,0.0000000000e+00,0.0000000000e+00,0.0000000000e+00,0.0000000000e+00,0.0000000000e+00,0.0000000000e+00,0.0000000000e+00,0.0000000000e+00,0.0000000000e+00,0.0000000000e+00,0.0000000000e+00,0.0000000000e+00,0.0000000000e+00,0.0000000000e+00,0.0000000000e+00,0.0000000000e+00,0.0000000000e+00
8.7560391014e-01,1,2.3084127841e-01,6.0364052485e+24,1.2980858048e+24,1.2980858048e+24,9.3192919668e+24,1.3607513748e+24,0.0000000000e+00,4.4029388242e-22,-2.5788185609e-18,5.8570392728e+03,0.0000000000e+00,2.5788185609e-18,1.7894276114e-19,0.0000000000e+00,5.1210835789e-18,0.0000000000e+00,6.2274751521e-18,0.0000000000e+00,6.7758716193e-17,2.3126915427e-18,0.0000000000e+00,0.0000000000e+00,0.0000000000e+00,0.0000000000e+00,0.0000000000e+00,0.0000000000e+00,0.0000000000e+00,0.0000000000e+00,0.0000000000e+00,0.0000000000e+00,0.0000000000e+00,0.0000000000e+00,0.0000000000e+00,0.0000000000e+00,0.0000000000e+00,0.0000000000e+00,0.0000000000e+00,0.0000000000e+00,0.0000000000e+00,0.0000000000e+00,0.0000000000e+00,0.0000000000e+00,0.0000000000e+00,2.4220702499e-42,0.0000000000e+00,0.0000000000e+00,8.4751961735e-18,1.0948872672e-16,0.0000000000e+00,2.7046792955e-18,0.0000000000e+00,5.3042524712e-20,2.9406505538e-21,1.0139563054e-21,0.0000000000e+00,0.0000000000e+00,0.0000000000e+00,0.0000000000e+00,0.0000000000e+00,0.0000000000e+00,0.0000000000e+00,0.0000000000e+00,0.0000000000e+00,0.0000000000e+00,0.0000000000e+00,0.0000000000e+00,0.0000000000e+00,0.0000000000e+00,0.0000000000e+00,0.0000000000e+00,0.0000000000e+00,0.0000000000e+00,0.0000000000e+00,0.0000000000e+00
9.1524731088e-01,1,2.3479833990e-01,5.9726957991e+24,1.3017732752e+24,1.3017732752e+24,9.2081100878e+24,1.3667312067e+24,0.0000000000e+00,4.2287126581e-22,-2.5444063751e-18,6.0169762780e+03,0.0000000000e+00,2.5444063751e-18,1.8554069293e-19,0.0000000000e+00,5.4958376472e-18,0.0000000000e+00,6.6127246852e-18,0.0000000000e+00,6.8333630903e-17,2.4478013801e-18,0.0000000000e+00,0.0000000000e+00,0.0000000000e+00,0.0000000000e+00,0.0000000000e+00,0.0000000000e+00,0.0000000000e+00,0.0000000000e+00,0.0000000000e+00,0.0000000000e+00,0.0000000000e+00,0.0000000000e+00,0.0000000000e+00,0.0000000000e+00,0.0000000000e+00,0.0000000000e+00,0.0000000000e+00,0.0000000000e+00,0.0000000000e+00,0.0000000000e+00,0.0000000000e+00,0.0000000000e+00,0.0000000000e+00,2.3897497397e-42,0.0000000000e+00,0.0000000000e+00,8.7858487166e-18,1.1697995957e-16,0.0000000000e+00,3.2370052117e-18,0.0000000000e+00,7.1627233364e-20,4.1851974403e-21,1.5358246966e-21,0.0000000000e+00,0.0000000000e+00,0.0000000000e+00,0.0000000000e+00,0.0000000000e+00,0.0000000000e+00,0.0000000000e+00,0.0000000000e+00,0.0000000000e+00,0.0000000000e+00,0.0000000000e+00,0.0000000000e+00,0.0000000000e+00,0.0000000000e+00,0.0000000000e+00,0.0000000000e+00,0.0000000000e+00,0.0000000000e+00,0.0000000000e+00,0.0000000000e+00
9.5668558622e-01,1,2.3896131204e-01,5.9081512299e+24,1.3056212193e+24,1.3056212193e+24,9.0943971656e+24,1.3731044329e+24,0.0000000000e+00,4.0594791978e-22,-2.5096745057e-18,6.1822573375e+03,0.0000000000e+00,2.5096745057e-18,1.9258158169e-19,0.0000000000e+00,5.8966141246e-18,0.0000000000e+00,7.0245999649e-18,0.0000000000e+00,6.8939455779e-17,2.5911726542e-18,0.0000000000e+00,0.0000000000e+00,0.0000000000e+00,0.0000000000e+00,0.0000000000e+00,0.0000000000e+00,0.0000000000e+00,0.0000000000e+00,0.0000000000e+00,0.0000000000e+00,0.0000000000e+00,0.0000000000e+00,0.0000000000e+00,0.0000000000e+00,0.0000000000e+00,0.0000000000e+00,0.0000000000e+00,0.0000000000e+00,0.0000000000e+00,0.0000000000e+00,0.0000000000e+00,0.0000000000e+00,0.0000000000e+00,2.3571289773e-42,0.0000000000e+00,0.0000000000e+00,9.1131062303e-18,1.2488469831e-16,0.0000000000e+00,3.8557185281e-18,0.0000000000e+00,9.5885039312e-20,5.7982798198e-21,2.2780756066e-21,0.0000000000e+00,0.0000000000e+00,0.0000000000e+00,0.0000000000e+00,0.0000000000e+00,0.0000000000e+00,0.0000000000e+00,0.0000000000e+00,0.0000000000e+00,0.0000000000e+00,0.0000000000e+00,0.0000000000e+00,0.0000000000e+00,0.0000000000e+00,0.0000000000e+00,0.0000000000e+00,0.0000000000e+00,0.0000000000e+00,0.0000000000e+00,0.0000000000e+00
1.0000000000e+00,1,2.4336011410e-01,5.8423154587e+24,1.3097211371e+24,1.3097211371e+24,8.9785919838e+24,1.3799604929e+24,0.0000000000e+00,3.8948696583e-22,-2.4741905432e-18,6.3524347673e+03,0.0000000000e+00,2.4741905432e-18,2.0013686642e-19,0.0000000000e+00,6.3271153963e-18,0.0000000000e+00,7.4668627120e-18,0.0000000000e+00,6.9577746528e-17,2.7451537672e-18,0.0000000000e+00,0.0000000000e+00,0.0000000000e+00,0.0000000000e+00,0.0000000000e+00,0.0000000000e+00,0.0000000000e+00,0.0000000000e+00,0.0000000000e+00,0.0000000000e+00,0.0000000000e+00,0.0000000000e+00,0.0000000000e+00,0.0000000000e+00,0.0000000000e+00,0.0000000000e+00,0.0000000000e+00,0.0000000000e+00,0.0000000000e+00,0.0000000000e+00,0.0000000000e+00,0.0000000000e+00,0.0000000000e+00,2.3238018362e-42,0.0000000000e+00,0.0000000000e+00,9.4595155614e-18,1.3324017040e-16,0.0000000000e+00,4.5786663145e-18,0.0000000000e+00,1.2765254072e-19,8.0018295581e-21,3.3579724243e-21,0.0000000000e+00,0.0000000000e+00,0.0000000000e+00,0.0000000000e+00,0.0000000000e+00,0.0000000000e+00,0.0000000000e+00,0.0000000000e+00,0.0000000000e+00,0.0000000000e+00,0.0000000000e+00,0.0000000000e+00,0.0000000000e+00,0.0000000000e+00,0.0000000000e+00,0.0000000000e+00,0.0000000000e+00,0.0000000000e+00,0.0000000000e+00,0.0000000000e+00
1.0452754953e+00,1,2.4801612280e-01,5.7752105907e+24,1.3140966978e+24,1.3140966978e+24,8.8605379888e+24,1.3873504549e+24,0.0000000000e+00,3.7349235986e-22,-2.4379680865e-18,6.5274911845e+03,0.0000000000e+00,2.4379680865e-18,2.0826443848e-19,0.0000000000e+00,6.7893745924e-18,0.0000000000e+00,7.9416394030e-18,0.0000000000e+00,7.0252296896e-17,2.9113865395e-18,0.0000000000e+00,0.0000000000e+00,0.0000000000e+00,0.0000000000e+00,0.0000000000e+00,0.0000000000e+00,0.0000000000e+00,0.0000000000e+00,0.0000000000e+00,0.0000000000e+00,0.0000000000e+00,0.0000000000e+00,0.0000000000e+00,0.0000000000e+00,0.0000000000e+00,0.0000000000e+00,0.0000000000e+00,0.0000000000e+00,0.0000000000e+00,0.0000000000e+00,0.0000000000e+00,0.0000000000e+00,0.0000000000e+00,2.2897810889e-42,0.0000000000e+00,0.0000000000e+00,9.8264971044e-18,1.4205287878e-16,0.0000000000e+00,5.4199588048e-18,0.0000000000e+00,1.6894019539e-19,1.0991865716e-20,4.9092544991e-21,0.0000000000e+00,0.0000000000e+00,0.0000000000e+00,0.0000000000e+00,0.0000000000e+00,0.0000000000e+00,0.0000000000e+00,0.0000000000e+00,0.0000000000e+00,0.0000000000e+00,0.0000000000e+00,0.0000000000e+00,0.0000000000e+00,0.0000000000e+00,0.0000000000e+00,0.0000000000e+00,0.0000000000e+00,0.0000000000e+00,0.0000000000e+00,0.0000000000e+00
1.0926008611e+00,1,2.5295360836e-01,5.7068435314e+24,1.3187743042e+24,1.3187743042e+24,8.7400414375e+24,1.3953298640e+24,0.0000000000e+00,3.5796615052e-22,-2.4010145376e-18,6.7073787120e+03,0.0000000000e+00,2.4010145376e-18,2.1703081641e-19,0.0000000000e+00,7.2855091087e-18,0.0000000000e+00,8.4511627572e-18,0.0000000000e+00,7.0967683656e-17,3.0919466893e-18,0.0000000000e+00,0.0000000000e+00,0.0000000000e+00,0.0000000000e+00,0.0000000000e+00,0.0000000000e+00,0.0000000000e+00,0.0000000000e+00,0.0000000000e+00,0.0000000000e+00,0.0000000000e+00,0.0000000000e+00,0.0000000000e+00,0.0000000000e+00,0.0000000000e+00,0.0000000000e+00,0.0000000000e+00,0.0000000000e+00,0.0000000000e+00,0.0000000000e+00,0.0000000000e+00,0.0000000000e+00,0.0000000000e+00,2.2550736873e-42,0.0000000000e+00,0.0000000000e+00,1.0215574846e-17,1.5132534615e-16,0.0000000000e+00,6.3947626193e-18,0.0000000000e+00,2.2218043941e-19,1.5020667432e-20,7.1103591274e-21,0.0000000000e+00,0.0000000000e+00,0.0000000000e+00,0.0000000000e+00,0.0000000000e+00,0.0000000000e+00,0.0000000000e+00,0.0000000000e+00,0.0000000000e+00,0.0000000000e+00,0.0000000000e+00,0.0000000000e+00,0.0000000000e+00,0.0000000000e+00,0.0000000000e+00,0.0000000000e+00,0.0000000000e+00,0.0000000000e+00,0.0000000000e+00,0.0000000000e+00
1.1420689063e+00,1,2.5819915170e-01,5.6371085786e+24,1.3237739223e+24,1.3237739223e+24,8.6177365734e+24,1.4039860056e+24,0.0000000000e+00,3.4289526957e-22,-2.3631938190e-18,6.8918822413e+03,0.0000000000e+00,2.3631938190e-18,2.2652226166e-19,0.0000000000e+00,7.8203517401e-18,0.0000000000e+00,9.0003632191e-18,0.0000000000e+00,7.1725615484e-17,3.2901161423e-18,7.7471261218e-22,4.3403212899e-24,0.0000000000e+00,0.0000000000e+00,0.0000000000e+00,0.0000000000e+00,0.0000000000e+00,0.0000000000e+00,0.0000000000e+00,0.0000000000e+00,0.0000000000e+00,0.0000000000e+00,0.0000000000e+00,0.0000000000e+00,0.0000000000e+00,0.0000000000e+00,0.0000000000e+00,0.0000000000e+00,0.0000000000e+00,0.0000000000e+00,0.0000000000e+00,0.0000000000e+00,0.0000000000e+00,2.2195518252e-42,0.0000000000e+00,0.0000000000e+00,1.0630011051e-17,1.6110621558e-16,0.0000000000e+00,7.5219690629e-18,0.0000000000e+00,2.9062919289e-19,2.0486115107e-20,1.0237342508e-20,9.1429275159e-25,0.0000000000e+00,0.0000000000e+00,0.0000000000e+00,0.0000000000e+00,0.0000000000e+00,0.0000000000e+00,0.0000000000e+00,0.0000000000e+00,0.0000000000e+00,0.0000000000e+00,0.0000000000e+00,0.0000000000e+00,0.0000000000e+00,0.0000000000e+00,0.0000000000e+00,0.0000000000e+00,0.0000000000e+00,0.0000000000e+00,0.0000000000e+00
1.1937766417e+00,1,2.6378576428e-01,5.5662620911e+24,1.3291468474e+24,1.3291468474e+24,8.4921956692e+24,1.4133258903e+24,0.0000000000e+00,3.2830079581e-22,-2.3247746361e-18,7.0812336303e+03,0.0000000000e+00,2.3247746361e-18,2.3680254638e-19,0.0000000000e+00,8.3909512015e-18,0.0000000000e+00,9.5865593418e-18,0.0000000000e+00,7.2540530798e-17,3.5079881893e-18,1.1358100229e-21,4.5674804716e-24,0.0000000000e+00,0.0000000000e+00,0.0000000000e+00,0.0000000000e+00,0.0000000000e+00,0.0000000000e+00,0.0000000000e+00,0.0000000000e+00,0.0000000000e+00,0.0000000000e+00,0.0000000000e+00,0.0000000000e+00,0.0000000000e+00,0.0000000000e+00,0.0000000000e+00,0.0000000000e+00,0.0000000000e+00,0.0000000000e+00,0.0000000000e+00,0.0000000000e+00,0.0000000000e+00,2.1834678752e-42,0.0000000000e+00,0.0000000000e+00,1.1068225813e-17,1.7128410480e-16,0.0000000000e+00,8.8130012480e-18,0.0000000000e+00,3.7707629965e-19,2.7673352437e-20,1.4528464722e-20,1.1714278490e-24,0.0000000000e+00,0.0000000000e+00,0.0000000000e+00,0.0000000000e+00,0.0000000000e+00,0.0000000000e+00,0.0000000000e+00,0.0000000000e+00,0.0000000000e+00,0.0000000000e+00,0.0000000000e+00,0.0000000000e+00,0.0000000000e+00,0.0000000000e+00,0.0000000000e+00,0.0000000000e+00,0.0000000000e+00,0.0000000000e+00,0.0000000000e+00
1.2478254705e+00,1,2.6974626976e-01,5.4941314651e+24,1.3349183514e+24,1.3349183514e+24,8.3637175819e+24,1.4234412145e+24,0.0000000000e+00,3.1416880074e-22,-2.2856116020e-18,7.2751068745e+03,0.0000000000e+00,2.2856116020e-18,2.4798096155e-19,0.0000000000e+00,9.0022609407e-18,0.0000000000e+00,1.0214864884e-17,0.0000000000e+00,7.3416114147e-17,3.7503474139e-18,1.8245840978e-21,5.5867101173e-24,0.0000000000e+00,0.0000000000e+00,0.0000000000e+00,0.0000000000e+00,0.0000000000e+00,0.0000000000e+00,0.0000000000e+00,0.0000000000e+00,0.0000000000e+00,0.0000000000e+00,0.0000000000e+00,0.0000000000e+00,0.0000000000e+00,0.0000000000e+00,0.0000000000e+00,0.0000000000e+00,0.0000000000e+00,0.0000000000e+00,0.0000000000e+00,0.0000000000e+00,0.0000000000e+00,2.1466852876e-42,0.0000000000e+00,0.0000000000e+00,1.1533632228e-17,1.8189690822e-16,0.0000000000e+00,1.0287585258e-17,0.0000000000e+00,4.8578246420e-19,3.7144049646e-20,2.0409878723e-20,1.7254992827e-24,0.0000000000e+00,0.0000000000e+00,0.0000000000e+00,0.0000000000e+00,0.0000000000e+00,0.0000000000e+00,0.0000000000e+00,0.0000000000e+00,0.0000000000e+00,0.0000000000e+00,0.0000000000e+00,0.0000000000e+00,0.0000000000e+00,0.0000000000e+00,0.0000000000e+00,0.0000000000e+00,0.0000000000e+00,0.0000000000e+00,0.0000000000e+00
1.3043213867e+00,1,2.7611829297e-01,5.4206769825e+24,1.3411261217e+24,1.3411261217e+24,8.2320964689e+24,1.4343951483e+24,0.0000000000e+00,3.0049483375e-22,-2.2456899602e-18,7.4733063866e+03,0.0000000000e+00,2.2456899602e-18,2.6016684053e-19,0.0000000000e+00,9.6566615788e-18,0.0000000000e+00,1.0887913058e-17,0.0000000000e+00,7.4361421144e-17,4.0224097764e-18,3.0717448481e-21,8.0155786031e-24,0.0000000000e+00,0.0000000000e+00,0.0000000000e+00,0.0000000000e+00,0.0000000000e+00,0.0000000000e+00,0.0000000000e+00,0.0000000000e+00,0.0000000000e+00,0.0000000000e+00,0.0000000000e+00,0.0000000000e+00,0.0000000000e+00,0.0000000000e+00,0.0000000000e+00,0.0000000000e+00,0.0000000000e+00,0.0000000000e+00,0.0000000000e+00,0.0000000000e+00,0.0000000000e+00,2.1091902026e-42,0.0000000000e+00,0.0000000000e+00,1.2028023169e-17,1.9292266636e-16,0.0000000000e+00,1.1962882073e-17,0.0000000000e+00,6.2126950751e-19,4.9519127225e-20,2.8378278200e-20,2.7983897769e-24,0.0000000000e+00,0.0000000000e+00,0.0000000000e+00,0.0000000000e+00,0.0000000000e+00,0.0000000000e+00,0.0000000000e+00,0.0000000000e+00,0.0000000000e+00,0.0000000000e+00,0.0000000000e+00,0.0000000000e+00,0.0000000000e+00,0.0000000000e+00,0.0000000000e+00,0.0000000000e+00,0.0000000000e+00,0.0000000000e+00,0.0000000000e+00
1.3633751836e+00,1,2.8294269841e-01,5.3458479180e+24,1.3478100815e+24,1.3478100815e+24,8.0971407400e+24,1.4462474818e+24,0.0000000000e+00,2.8727335577e-22,-2.2049914355e-18,7.6755863056e+03,0.0000000000e+00,2.2049914355e-18,2.7348143426e-19,0.0000000000e+00,1.0356561442e-17,0.0000000000e+00,1.1608411921e-17,0.0000000000e+00,7.5386926767e-17,4.3306231571e-18,5.2516279960e-21,1.2938581823e-23,0.0000000000e+00,0.0000000000e+00,0.0000000000e+00,0.0000000000e+00,0.0000000000e+00,0.0000000000e+00,0.0000000000e+00,0.0000000000e+00,0.0000000000e+00,0.0000000000e+00,0.0000000000e+00,0.0000000000e+00,0.0000000000e+00,0.0000000000e+00,0.0000000000e+00,0.0000000000e+00,0.0000000000e+00,0.0000000000e+00,0.0000000000e+00,0.0000000000e+00,0.0000000000e+00,2.0709654561e-42,0.0000000000e+00,0.0000000000e+00,1.2553172461e-17,2.0433105691e-16,0.0000000000e+00,1.3855560789e-17,0.0000000000e+00,7.8860170414e-19,6.5547956922e-20,3.9050958638e-20,4.7620259656e-24,0.0000000000e+00,0.0000000000e+00,0.0000000000e+00,0.0000000000e+00,0.0000000000e+00,0.0000000000e+00,0.0000000000e+00,0.0000000000e+00,0.0000000000e+00,0.0000000000e+00,0.0000000000e+00,0.0000000000e+00,0.0000000000e+00,0.0000000000e+00,0.0000000000e+00,0.0000000000e+00,0.0000000000e+00,0.0000000000e+00,0.0000000000e+00
1.4251026703e+00,1,2.9026321198e-01,5.2695846834e+24,1.3550117680e+24,1.3550117680e+24,7.9586878561e+24,1.4590513674e+24,0.0000000000e+00,2.7449792067e-22,-2.1634957434e-18,7.8816471108e+03,0.0000000000e+00,2.1634957434e-18,2.8805760660e-19,0.0000000000e+00,1.1104378947e-17,0.0000000000e+00,1.2379131376e-17,0.0000000000e+00,7.6504603952e-17,4.6828723736e-18,8.9567975930e-21,2.2199258773e-23,0.0000000000e+00,0.0000000000e+00,0.0000000000e+00,0.0000000000e+00,0.0000000000e+00,0.0000000000e+00,0.0000000000e+00,0.0000000000e+00,0.0000000000e+00,0.0000000000e+00,0.0000000000e+00,0.0000000000e+00,0.0000000000e+00,0.0000000000e+00,0.0000000000e+00,0.0000000000e+00,0.0000000000e+00,0.0000000000e+00,0.0000000000e+00,0.0000000000e+00,0.0000000000e+00,2.0319919963e-42,0.0000000000e+00,0.0000000000e+00,1.3110775570e-17,2.1608259785e-16,0.0000000000e+00,1.5981213833e-17,0.0000000000e+00,9.9334113831e-19,8.6120688663e-20,5.3183312004e-20,8.2232968785e-24,0.0000000000e+00,0.0000000000e+00,0.0000000000e+00,0.0000000000e+00,0.0000000000e+00,0.0000000000e+00,0.0000000000e+00,0.0000000000e+00,0.0000000000e+00,0.0000000000e+00,0.0000000000e+00,0.0000000000e+00,0.0000000000e+00,0.0000000000e+00,0.0000000000e+00,0.0000000000e+00,0.0000000000e+00,0.0000000000e+00,0.0000000000e+00
1.4896248996e+00,1,2.9812580887e-01,5.1918216734e+24,1.3627734623e+24,1.3627734623e+24,7.8166202318e+24,1.4728496180e+24,0.0000000000e+00,2.6216135742e-22,-2.1211825085e-18,8.0911333743e+03,0.0000000000e+00,2.1211825085e-18,3.0403894568e-19,0.0000000000e+00,1.1902525316e-17,0.0000000000e+00,1.3202889568e-17,0.0000000000e+00,7.7727961188e-17,5.0886802709e-18,1.5103638904e-20,3.8846806150e-23,0.0000000000e+00,0.0000000000e+00,0.0000000000e+00,0.0000000000e+00,0.0000000000e+00,0.0000000000e+00,0.0000000000e+00,0.0000000000e+00,0.0000000000e+00,0.0000000000e+00,0.0000000000e+00,0.0000000000e+00,0.0000000000e+00,0.0000000000e+00,0.0000000000e+00,0.0000000000e+00,0.0000000000e+00,0.0000000000e+00,0.0000000000e+00,0.0000000000e+00,0.0000000000e+00,1.9922506865e-42,0.0000000000e+00,0.0000000000e+00,1.3702376271e-17,2.2812799968e-16,0.0000000000e+00,1.8353685293e-17,0.0000000000e+00,1.2414660166e-18,1.1227700440e-19,7.1685188444e-20,1.4148397477e-23,0.0000000000e+00,0.0000000000e+00,0.0000000000e+00,0.0000000000e+00,0.0000000000e+00,0.0000000000e+00,0.0000000000e+00,0.0000000000e+00,0.0000000000e+00,0.0000000000e+00,0.0000000000e+00,0.0000000000e+00,0.0000000000e+00,0.0000000000e+00,0.0000000000e+00,0.0000000000e+00,0.0000000000e+00,0.0000000000e+00,0.0000000000e+00
1.5570684048e+00,1,3.0657783145e-01,5.1124908120e+24,1.3711370493e+24,1.3711370493e+24,7.6708812967e+24,1.4876707314e+24,0.0000000000e+00,2.5025595105e-22,-2.0780336021e-18,8.3036331141e+03,0.0000000000e+00,2.0780336021e-18,3.2157815855e-19,0.0000000000e+00,1.2753388278e-17,0.0000000000e+00,1.4082538787e-17,0.0000000000e+00,7.9072023700e-17,5.5593868200e-18,2.5075733211e-20,6.7778900503e-23,0.0000000000e+00,0.0000000000e+00,0.0000000000e+00,0.0000000000e+00,0.0000000000e+00,0.0000000000e+00,0.0000000000e+00,0.0000000000e+00,0.0000000000e+00,0.0000000000e+00,0.0000000000e+00,0.0000000000e+00,0.0000000000e+00,0.0000000000e+00,0.0000000000e+00,0.0000000000e+00,0.0000000000e+00,0.0000000000e+00,0.0000000000e+00,0.0000000000e+00,0.0000000000e+00,1.9517244998e-42,0.0000000000e+00,0.0000000000e+00,1.4329279519e-17,2.4040774081e-16,0.0000000000e+00,2.0984327466e-17,0.0000000000e+00,1.5392467305e-18,1.4520940917e-19,9.5634584893e-20,2.4036473318e-23,0.0000000000e+00,0.0000000000e+00,0.0000000000e+00,0.0000000000e+00,0.0000000000e+00,0.0000000000e+00,0.0000000000e+00,0.0000000000e+00,0.0000000000e+00,0.0000000000e+00,0.0000000000e+00,0.0000000000e+00,0.0000000000e+00,0.0000000000e+00,0.0000000000e+00,0.0000000000e+00,0.0000000000e+00,0.0000000000e+00,0.0000000000e+00
1.6275654480e+00,1,3.1566682518e-01,5.0315256820e+24,1.3801426102e+24,1.3801426102e+24,7.5214899955e+24,1.5035249340e+24,0.0000000000e+00,2.3877362416e-22,-2.0340358576e-18,8.5186789990e+03,0.0000000000e+00,2.0340358576e-18,3.4083467554e-19,0.0000000000e+00,1.3659318895e-17,0.0000000000e+00,1.5020952545e-17,0.0000000000e+00,8.0553246873e-17,6.1082859977e-18,4.0913482601e-20,1.1664801770e-22,0.0000000000e+00,0.0000000000e+00,0.0000000000e+00,0.0000000000e+00,0.0000000000e+00,0.0000000000e+00,0.0000000000e+00,0.0000000000e+00,0.0000000000e+00,0.0000000000e+00,0.0000000000e+00,0.0000000000e+00,0.0000000000e+00,0.0000000000e+00,0.0000000000e+00,0.0000000000e+00,0.0000000000e+00,0.0000000000e+00,0.0000000000e+00,0.0000000000e+00,0.0000000000e+00,1.9104010699e-42,0.0000000000e+00,0.0000000000e+00,1.4992452483e-17,2.5285194435e-16,0.0000000000e+00,2.3881213091e-17,0.0000000000e+00,1.8930775456e-18,1.8625927759e-19,1.2628712462e-19,4.0156211819e-23,0.0000000000e+00,0.0000000000e+00,0.0000000000e+00,0.0000000000e+00,0.0000000000e+00,0.0000000000e+00,0.0000000000e+00,0.0000000000e+00,0.0000000000e+00,0.0000000000e+00,0.0000000000e+00,0.0000000000e+00,0.0000000000e+00,0.0000000000e+00,0.0000000000e+00,0.0000000000e+00,0.0000000000e+00,0.0000000000e+00,0.0000000000e+00
1.7012542799e+00,1,3.2543909275e-01,4.9488660704e+24,1.3898267673e+24,1.3898267673e+24,7.3685520490e+24,1.5204005863e+24,0.0000000000e+00,2.2770611745e-22,-1.9891840878e-18,8.7357516352e+03,0.0000000000e+00,1.9891840878e-18,3.6197140981e-19,0.0000000000e+00,1.4622622999e-17,0.0000000000e+00,1.6021014753e-17,0.0000000000e+00,8.2189350326e-17,6.7506954685e-18,6.5555924959e-20,1.9708697145e-22,0.0000000000e+00,0.0000000000e+00,0.0000000000e+00,0.0000000000e+00,0.0000000000e+00,0.0000000000e+00,0.0000000000e+00,0.0000000000e+00,0.0000000000e+00,0.0000000000e+00,0.0000000000e+00,0.0000000000e+00,0.0000000000e+00,0.0000000000e+00,0.0000000000e+00,0.0000000000e+00,0.0000000000e+00,0.0000000000e+00,0.0000000000e+00,0.0000000000e+00,0.0000000000e+00,1.8682755249e-42,0.0000000000e+00,0.0000000000e+00,1.5692417070e-17,2.6538063515e-16,0.0000000000e+00,2.7048339753e-17,0.0000000000e+00,2.3092643606e-18,2.3690383830e-19,1.6507952404e-19,6.5856160610e-23,0.0000000000e+00,0.0000000000e+00,0.0000000000e+00,0.0000000000e+00,0.0000000000e+00,0.0000000000e+00,0.0000000000e+00,0.0000000000e+00,0.0000000000e+00,0.0000000000e+00,0.0000000000e+00,0.0000000000e+00,0.0000000000e+00,0.0000000000e+00,0.0000000000e+00,0.0000000000e+00,0.0000000000e+00,0.0000000000e+00,0.0000000000e+00
1.7782794100e+00,1,3.3590887576e-01,4.8646185392e+24,1.4002061543e+24,1.4002061543e+24,7.2141424257e+24,1.5382438011e+24,0.0000000000e+00,2.1703635350e-22,-1.9434621454e-18,8.9545466188e+03,0.0000000000e+00,1.9434621454e-18,3.8508399755e-19,0.0000000000e+00,1.5646493520e-17,0.0000000000e+00,1.7086393467e-17,0.0000000000e+00,8.3991259378e-17,7.5036357200e-18,1.0007600694e-19,1.1043937553e-21,6.8347786592e-24,0.0000000000e+00,0.0000000000e+00,0.0000000000e+00,0.0000000000e+00,0.0000000000e+00,0.0000000000e+00,0.0000000000e+00,0.0000000000e+00,0.0000000000e+00,0.0000000000e+00,0.0000000000e+00,0.0000000000e+00,0.0000000000e+00,0.0000000000e+00,0.0000000000e+00,0.0000000000e+00,0.0000000000e+00,0.0000000000e+00,0.0000000000e+00,0.0000000000e+00,1.8253326990e-42,0.0000000000e+00,0.0000000000e+00,1.6429871698e-17,2.7793084147e-16,0.0000000000e+00,3.0489245466e-17,0.0000000000e+00,2.7933507477e-18,2.9865490130e-19,2.1346876993e-19,1.0302396244e-22,0.0000000000e+00,0.0000000000e+00,0.0000000000e+00,0.0000000000e+00,0.0000000000e+00,0.0000000000e+00,3.7923239295e-28,0.0000000000e+00,0.0000000000e+00,0.0000000000e+00,0.0000000000e+00,0.0000000000e+00,0.0000000000e+00,0.0000000000e+00,0.0000000000e+00,0.0000000000e+00,0.0000000000e+00,0.0000000000e+00,0.0000000000e+00
1.8587918911e+00,1,3.4717223366e-01,4.7786217966e+24,1.4113331662e+24,1.4113331662e+24,7.0556681821e+24,1.5570249631e+24,0.0000000000e+00,2.0676672528e-22,-1.8969358694e-18,9.1742801786e+03,0.0000000000e+00,1.8969358694e-18,4.1044701066e-19,0.0000000000e+00,1.6731349191e-17,0.0000000000e+00,1.8218474223e-17,0.0000000000e+00,8.5994203245e-17,8.3873848339e-18,1.5476868280e-19,1.9461106440e-21,1.3894201986e-23,0.0000000000e+00,0.0000000000e+00,0.0000000000e+00,0.0000000000e+00,0.0000000000e+00,0.0000000000e+00,0.0000000000e+00,0.0000000000e+00,0.0000000000e+00,0.0000000000e+00,0.0000000000e+00,0.0000000000e+00,0.0000000000e+00,0.0000000000e+00,0.0000000000e+00,0.0000000000e+00,0.0000000000e+00,0.0000000000e+00,0.0000000000e+00,0.0000000000e+00,1.7816344293e-42,0.0000000000e+00,0.0000000000e+00,1.7202687171e-17,2.9035230395e-16,0.0000000000e+00,3.4188844357e-17,0.0000000000e+00,3.3515280690e-18,3.7332187163e-19,2.7347820060e-19,1.6334935743e-22,0.0000000000e+00,0.0000000000e+00,0.0000000000e+00,0.0000000000e+00,0.0000000000e+00,0.0000000000e+00,7.5532471593e-28,0.0000000000e+00,0.0000000000e+00,0.0000000000e+00,0.0000000000e+00,0.0000000000e+00,0.0000000000e+00,0.0000000000e+00,0.0000000000e+00,0.0000000000e+00,0.0000000000e+00,0.0000000000e+00,0.0000000000e+00
1.9429496147e+00,1,3.5923184525e-01,4.6909352797e+24,1.4232085854e+24,1.4232085854e+24,6.8949454680e+24,1.5766379716e+24,0.0000000000e+00,1.9688424969e-22,-1.8496208627e-18,9.3944582443e+03,0.0000000000e+00,1.8496208627e-18,4.3814718378e-19,0.0000000000e+00,1.7880401882e-17,0.0000000000e+00,1.9421022614e-17,0.0000000000e+00,8.8210008005e-17,9.4221512116e-18,2.3518495907e-19,3.3604545198e-21,2.7908906913e-23,0.0000000000e+00,0.0000000000e+00,0.0000000000e+00,0.0000000000e+00,0.0000000000e+00,0.0000000000e+00,0.0000000000e+00,0.0000000000e+00,0.0000000000e+00,0.0000000000e+00,0.0000000000e+00,0.0000000000e+00,0.0000000000e+00,0.0000000000e+00,0.0000000000e+00,0.0000000000e+00,0.0000000000e+00,0.0000000000e+00,0.0000000000e+00,0.0000000000e+00,1.7371953704e-42,0.0000000000e+00,0.0000000000e+00,1.8010114891e-17,3.0256726828e-16,0.0000000000e+00,3.8139229841e-17,0.0000000000e+00,3.9878143436e-18,4.6253165838e-19,3.4689897711e-19,2.5422156344e-22,0.0000000000e+00,0.0000000000e+00,0.0000000000e+00,0.0000000000e+00,0.0000000000e+00,0.0000000000e+00,1.6759871832e-27,0.0000000000e+00,0.0000000000e+00,0.0000000000e+00,0.0000000000e+00,0.0000000000e+00,0.0000000000e+00,0.0000000000e+00,0.0000000000e+00,0.0000000000e+00,0.0000000000e+00,0.0000000000e+00,0.0000000000e+00
2.0309176209e+00,1,3.7211014051e-01,4.6016116947e+24,1.4358357979e+24,1.4358357979e+24,6.7325830792e+24,1.5969673748e+24,0.0000000000e+00,1.8738024379e-22,-1.8015751363e-18,9.6145415328e+03,0.0000000000e+00,1.8015751363e-18,4.6831001082e-19,0.0000000000e+00,1.9095987623e-17,0.0000000000e+00,2.0697089953e-17,0.0000000000e+00,9.0658267154e-17,1.0629894909e-17,3.5130221543e-19,5.6877742791e-21,5.5341753541e-23,0.0000000000e+00,0.0000000000e+00,0.0000000000e+00,0.0000000000e+00,0.0000000000e+00,0.0000000000e+00,0.0000000000e+00,0.0000000000e+00,0.0000000000e+00,0.0000000000e+00,0.0000000000e+00,0.0000000000e+00,0.0000000000e+00,0.0000000000e+00,0.0000000000e+00,0.0000000000e+00,0.0000000000e+00,0.0000000000e+00,0.0000000000e+00,0.0000000000e+00,1.6920700071e-42,0.0000000000e+00,0.0000000000e+00,1.8849869199e-17,3.1446763284e-16,0.0000000000e+00,4.2321790988e-17,0.0000000000e+00,4.7054185227e-18,5.6795060267e-19,4.3573387868e-19,3.8849696209e-22,0.0000000000e+00,0.0000000000e+00,0.0000000000e+00,0.0000000000e+00,0.0000000000e+00,0.0000000000e+00,4.4302591374e-27,0.0000000000e+00,0.0000000000e+00,0.0000000000e+00,0.0000000000e+00,0.0000000000e+00,0.0000000000e+00,0.0000000000e+00,0.0000000000e+00,0.0000000000e+00,0.0000000000e+00,0.0000000000e+00,0.0000000000e+00
2.1228684221e+00,1,3.8581860584e-01,4.5107429926e+24,1.4492053098e+24,1.4492053098e+24,6.5692784589e+24,1.6178751662e+24,0.0000000000e+00,1.7824623225e-22,-1.7528786594e-18,9.8340292375e+03,0.0000000000e+00,1.7528786594e-18,5.0103710477e-19,0.0000000000e+00,2.0380563078e-17,0.0000000000e+00,2.2049845896e-17,0.0000000000e+00,9.3357904672e-17,1.2033114257e-17,5.1602485569e-19,9.4370840713e-21,1.0694761140e-22,1.0236839611e-28,0.0000000000e+00,0.0000000000e+00,0.0000000000e+00,0.0000000000e+00,0.0000000000e+00,0.0000000000e+00,0.0000000000e+00,0.0000000000e+00,0.0000000000e+00,0.0000000000e+00,0.0000000000e+00,0.0000000000e+00,0.0000000000e+00,0.0000000000e+00,0.0000000000e+00,0.0000000000e+00,0.0000000000e+00,0.0000000000e+00,0.0000000000e+00,1.6463334478e-42,0.0000000000e+00,0.0000000000e+00,1.9718784488e-17,3.2594384481e-16,0.0000000000e+00,4.6711583718e-17,0.0000000000e+00,5.5060547824e-18,6.9115001216e-19,5.4203717805e-19,5.8319726583e-22,0.0000000000e+00,0.0000000000e+00,0.0000000000e+00,0.0000000000e+00,0.0000000000e+00,0.0000000000e+00,9.9828240643e-27,0.0000000000e+00,0.0000000000e+00,0.0000000000e+00,0.0000000000e+00,0.0000000000e+00,0.0000000000e+00,0.0000000000e+00,0.0000000000e+00,0.0000000000e+00,0.0000000000e+00,0.0000000000e+00,0.0000000000e+00
2.2189823415e+00,1,4.0035610545e-01,4.4184634460e+24,1.4632934969e+24,1.4632934969e+24,6.4057936287e+24,1.6392052522e+24,0.0000000000e+00,1.6947399111e-22,-1.7036343374e-18,1.0052482544e+04,0.0000000000e+00,1.7036343374e-18,5.3640037596e-19,0.0000000000e+00,2.1736791801e-17,0.0000000000e+00,2.3482645272e-17,0.0000000000e+00,9.6326669378e-17,1.3654091463e-17,7.4569872951e-19,1.5357032147e-20,2.0289009309e-22,1.1122162981e-27,0.0000000000e+00,0.0000000000e+00,0.0000000000e+00,0.0000000000e+00,0.0000000000e+00,0.0000000000e+00,0.0000000000e+00,0.0000000000e+00,0.0000000000e+00,0.0000000000e+00,0.0000000000e+00,0.0000000000e+00,0.0000000000e+00,0.0000000000e+00,0.0000000000e+00,0.0000000000e+00,0.0000000000e+00,0.0000000000e+00,0.0000000000e+00,1.6000823431e-42,0.0000000000e+00,0.0000000000e+00,2.0612806173e-17,3.3688796780e-16,0.0000000000e+00,5.1277593568e-17,0.0000000000e+00,6.3897102442e-18,8.3353399927e-19,6.6785763732e-19,8.6035542236e-22,0.0000000000e+00,0.0000000000e+00,0.0000000000e+00,0.0000000000e+00,0.0000000000e+00,0.0000000000e+00,2.4016780718e-26,0.0000000000e+00,0.0000000000e+00,0.0000000000e+00,0.0000000000e+00,0.0000000000e+00,0.0000000000e+00,0.0000000000e+00,0.0000000000e+00,0.0000000000e+00,0.0000000000e+00,0.0000000000e+00,0.0000000000e+00
2.3194478661e+00,1,4.1570760906e-01,4.3249507987e+24,1.4780618881e+24,1.4780618881e+24,6.2429264755e+24,1.6607890892e+24,0.0000000000e+00,1.6105556887e-22,-1.6539678939e-18,1.0269547992e+04,0.0000000000e+00,1.6539678939e-18,5.7443693355e-19,0.0000000000e+00,2.3167636593e-17,0.0000000000e+00,2.4999100020e-17,0.0000000000e+00,9.9580650923e-17,1.5514016256e-17,1.0605798635e-18,2.4517327972e-20,3.7605122224e-22,2.3089336245e-26,0.0000000000e+00,0.0000000000e+00,0.0000000000e+00,0.0000000000e+00,0.0000000000e+00,0.0000000000e+00,0.0000000000e+00,0.0000000000e+00,0.0000000000e+00,0.0000000000e+00,0.0000000000e+00,0.0000000000e+00,0.0000000000e+00,0.0000000000e+00,0.0000000000e+00,0.0000000000e+00,0.0000000000e+00,0.0000000000e+00,0.0000000000e+00,1.5534347746e-42,0.0000000000e+00,0.0000000000e+00,2.1527024670e-17,3.4719695103e-16,0.0000000000e+00,5.5983313933e-17,0.0000000000e+00,7.3544784420e-18,9.9626614590e-19,8.1517418811e-19,1.2478429288e-21,0.0000000000e+00,0.0000000000e+00,0.0000000000e+00,0.0000000000e+00,0.0000000000e+00,0.0000000000e+00,5.4595799253e-26,0.0000000000e+00,0.0000000000e+00,0.0000000000e+00,0.0000000000e+00,0.0000000000e+00,0.0000000000e+00,0.0000000000e+00,0.0000000000e+00,0.0000000000e+00,0.0000000000e+00,0.0000000000e+00,0.0000000000e+00
2.4244620171e+00,1,4.3184344429e-01,4.2304252424e+24,1.4934570790e+24,1.4934570790e+24,6.0814799186e+24,1.6824520109e+24,0.0000000000e+00,1.5298328341e-22,-1.6040265562e-18,1.0484979277e+04,0.0000000000e+00,1.6040265562e-18,6.1514508786e-19,0.0000000000e+00,2.4676486790e-17,0.0000000000e+00,2.6603186644e-17,0.0000000000e+00,1.0313387487e-16,1.7632029364e-17,1.4852751677e-18,3.8425581578e-20,6.8600690270e-22,2.4320618034e-25,0.0000000000e+00,0.0000000000e+00,0.0000000000e+00,0.0000000000e+00,0.0000000000e+00,0.0000000000e+00,0.0000000000e+00,0.0000000000e+00,0.0000000000e+00,0.0000000000e+00,0.0000000000e+00,0.0000000000e+00,0.0000000000e+00,0.0000000000e+00,0.0000000000e+00,0.0000000000e+00,0.0000000000e+00,0.0000000000e+00,0.0000000000e+00,1.5065290210e-42,0.0000000000e+00,0.0000000000e+00,2.2455754846e-17,3.5677591787e-16,0.0000000000e+00,6.0787630135e-17,0.0000000000e+00,8.3964759942e-18,1.1801998081e-18,9.8582754987e-19,1.7801460266e-21,0.0000000000e+00,0.0000000000e+00,0.0000000000e+00,0.0000000000e+00,0.0000000000e+00,0.0000000000e+00,1.3301500585e-25,0.0000000000e+00,0.0000000000e+00,0.0000000000e+00,0.0000000000e+00,0.0000000000e+00,0.0000000000e+00,0.0000000000e+00,0.0000000000e+00,0.0000000000e+00,0.0000000000e+00,0.0000000000e+00,0.0000000000e+00
2.5342307358e+00,1,4.4871916534e-01,4.1351462435e+24,1.5094113399e+24,1.5094113399e+24,5.9222320659e+24,1.7040197287e+24,0.0000000000e+00,1.4524969314e-22,-1.5539765351e-18,1.0698656235e+04,0.0000000000e+00,1.5539765351e-18,6.5848178054e-19,0.0000000000e+00,2.6267248056e-17,0.0000000000e+00,2.8299317294e-17,0.0000000000e+00,1.0699796551e-16,2.0024244359e-17,2.0490044148e-18,5.9127865139e-20,1.2177874761e-21,6.9048723952e-25,0.0000000000e+00,0.0000000000e+00,0.0000000000e+00,0.0000000000e+00,0.0000000000e+00,0.0000000000e+00,0.0000000000e+00,0.0000000000e+00,0.0000000000e+00,0.0000000000e+00,0.0000000000e+00,0.0000000000e+00,0.0000000000e+00,0.0000000000e+00,0.0000000000e+00,0.0000000000e+00,0.0000000000e+00,0.0000000000e+00,0.0000000000e+00,1.4595211900e-42,0.0000000000e+00,0.0000000000e+00,2.3392660098e-17,3.6554126951e-16,0.0000000000e+00,6.5645974374e-17,0.0000000000e+00,9.5098551666e-18,1.3858173654e-18,1.1814514426e-18,2.4989537567e-21,0.0000000000e+00,0.0000000000e+00,0.0000000000e+00,0.0000000000e+00,0.0000000000e+00,0.0000000000e+00,2.8146993460e-25,0.0000000000e+00,0.0000000000e+00,0.0000000000e+00,0.0000000000e+00,0.0000000000e+00,0.0000000000e+00,0.0000000000e+00,0.0000000000e+00,0.0000000000e+00,0.0000000000e+00,0.0000000000e+00,0.0000000000e+00
2.6489692876e+00,1,4.6627608546e-01,4.0394070824e+24,1.5258439173e+24,1.5258439173e+24,5.7659086189e+24,1.7253244776e+24,0.0000000000e+00,1.3784755252e-22,-1.5039993886e-18,1.0910599145e+04,0.0000000000e+00,1.5039993886e-18,7.0436173648e-19,0.0000000000e+00,2.7944491051e-17,0.0000000000e+00,3.0092473293e-17,0.0000000000e+00,1.1118197213e-16,2.2702813167e-17,2.7858099923e-18,8.9367787311e-20,2.1061434487e-21,1.4545432421e-24,0.0000000000e+00,0.0000000000e+00,0.0000000000e+00,0.0000000000e+00,0.0000000000e+00,0.0000000000e+00,0.0000000000e+00,0.0000000000e+00,0.0000000000e+00,0.0000000000e+00,0.0000000000e+00,0.0000000000e+00,0.0000000000e+00,0.0000000000e+00,0.0000000000e+00,0.0000000000e+00,0.0000000000e+00,0.0000000000e+00,0.0000000000e+00,1.4125818040e-42,0.0000000000e+00,0.0000000000e+00,2.4330915864e-17,3.7342340099e-16,0.0000000000e+00,7.0511689792e-17,0.0000000000e+00,1.0686916725e-17,1.6131832213e-18,1.4034081503e-18,3.4535819708e-21,0.0000000000e+00,0.0000000000e+00,0.0000000000e+00,0.0000000000e+00,0.0000000000e+00,0.0000000000e+00,5.4586123083e-25,0.0000000000e+00,0.0000000000e+00,0.0000000000e+00,0.0000000000e+00,0.0000000000e+00,0.0000000000e+00,0.0000000000e+00,0.0000000000e+00,0.0000000000e+00,0.0000000000e+00,0.0000000000e+00,0.0000000000e+00
2.7689026842e+00,1,4.8444246122e-01,3.9435275790e+24,1.5426629758e+24,1.5426629758e+24,5.6131603885e+24,1.7462103673e+24,0.0000000000e+00,1.3076974917e-22,-1.4542874692e-18,1.1120977737e+04,0.0000000000e+00,1.4542874692e-18,7.5265840361e-19,0.0000000000e+00,2.9713582652e-17,0.0000000000e+00,3.1988325034e-17,0.0000000000e+00,1.1569232833e-16,2.5675103871e-17,3.7345711992e-18,1.3274742452e-19,3.5585455005e-21,2.7761648994e-24,0.0000000000e+00,0.0000000000e+00,0.0000000000e+00,0.0000000000e+00,0.0000000000e+00,0.0000000000e+00,0.0000000000e+00,0.0000000000e+00,0.0000000000e+00,0.0000000000e+00,0.0000000000e+00,0.0000000000e+00,0.0000000000e+00,0.0000000000e+00,0.0000000000e+00,0.0000000000e+00,0.0000000000e+00,0.0000000000e+00,0.0000000000e+00,1.3658915239e-42,0.0000000000e+00,0.0000000000e+00,2.5263403843e-17,3.8036885019e-16,0.0000000000e+00,7.5337522115e-17,0.0000000000e+00,1.1918319214e-17,1.8619145581e-18,1.6527322435e-18,4.7010990436e-21,0.0000000000e+00,0.0000000000e+00,0.0000000000e+00,0.0000000000e+00,0.0000000000e+00,0.0000000000e+00,1.0125688138e-24,0.0000000000e+00,0.0000000000e+00,0.0000000000e+00,0.0000000000e+00,0.0000000000e+00,0.0000000000e+00,0.0000000000e+00,0.0000000000e+00,0.0000000000e+00,0.0000000000e+00,0.0000000000e+00,0.0000000000e+00
2.8942661247e+00,1,5.0313526437e-01,3.8478454290e+24,1.5597680676e+24,1.5597680676e+24,5.4645469720e+24,1.7665376227e+24,0.0000000000e+00,1.2400922843e-22,-1.4050387326e-18,1.1330114301e+04,0.0000000000e+00,1.4050387326e-18,8.0320665670e-19,0.0000000000e+00,3.1580808902e-17,0.0000000000e+00,3.3993348319e-17,0.0000000000e+00,1.2053295859e-16,2.8943053464e-17,4.9388306304e-18,1.9389576557e-19,5.8833441531e-21,5.0693439152e-24,0.0000000000e+00,0.0000000000e+00,0.0000000000e+00,0.0000000000e+00,0.0000000000e+00,0.0000000000e+00,0.0000000000e+00,0.0000000000e+00,0.0000000000e+00,0.0000000000e+00,0.0000000000e+00,0.0000000000e+00,0.0000000000e+00,0.0000000000e+00,0.0000000000e+00,0.0000000000e+00,0.0000000000e+00,0.0000000000e+00,0.0000000000e+00,1.3196362729e-42,0.0000000000e+00,0.0000000000e+00,2.6182925210e-17,3.8634174294e-16,0.0000000000e+00,8.0077144532e-17,0.0000000000e+00,1.3193372125e-17,2.1311724226e-18,1.9300861472e-18,6.3061152851e-21,0.0000000000e+00,0.0000000000e+00,0.0000000000e+00,0.0000000000e+00,0.0000000000e+00,0.0000000000e+00,1.8254586765e-24,0.0000000000e+00,0.0000000000e+00,0.0000000000e+00,0.0000000000e+00,0.0000000000e+00,0.0000000000e+00,0.0000000000e+00,0.0000000000e+00,0.0000000000e+00,0.0000000000e+00,0.0000000000e+00,0.0000000000e+00
3.0253054571e+00,1,5.2226243543e-01,3.7527066779e+24,1.5770529807e+24,1.5770529807e+24,5.3205268510e+24,1.7861855514e+24,0.0000000000e+00,1.1755891259e-22,-1.3564512339e-18,1.1538480614e+04,0.0000000000e+00,1.3564512339e-18,8.5580711423e-19,0.0000000000e+00,3.3553496935e-17,0.0000000000e+00,3.6114944958e-17,0.0000000000e+00,1.2570553328e-16,3.2502748086e-17,6.4464477934e-18,2.7864677183e-19,9.5285959217e-21,9.0347743602e-24,0.0000000000e+00,0.0000000000e+00,0.0000000000e+00,0.0000000000e+00,0.0000000000e+00,0.0000000000e+00,0.0000000000e+00,0.0000000000e+00,0.0000000000e+00,0.0000000000e+00,0.0000000000e+00,0.0000000000e+00,0.0000000000e+00,0.0000000000e+00,0.0000000000e+00,0.0000000000e+00,0.0000000000e+00,0.0000000000e+00,0.0000000000e+00,1.2740020678e-42,0.0000000000e+00,0.0000000000e+00,2.7082419410e-17,3.9132445038e-16,0.0000000000e+00,8.4686618967e-17,0.0000000000e+00,1.4500393676e-17,2.4196742045e-18,2.2357305308e-18,8.3402191937e-21,0.0000000000e+00,0.0000000000e+00,0.0000000000e+00,0.0000000000e+00,0.0000000000e+00,0.0000000000e+00,3.2189825070e-24,0.0000000000e+00,0.0000000000e+00,0.0000000000e+00,0.0000000000e+00,0.0000000000e+00,0.0000000000e+00,0.0000000000e+00,0.0000000000e+00,0.0000000000e+00,0.0000000000e+00,0.0000000000e+00,0.0000000000e+00
3.1622776602e+00,1,5.4172546688e-01,3.6584559720e+24,1.5944087778e+24,1.5944087778e+24,5.1814537952e+24,1.8050542081e+24,0.0000000000e+00,1.1141161902e-22,-1.3087176668e-18,1.1746689244e+04,0.0000000000e+00,1.3087176668e-18,9.1023175379e-19,0.0000000000e+00,3.5640127624e-17,0.0000000000e+00,3.8361559217e-17,0.0000000000e+00,1.3120984639e-16,3.6344262134e-17,8.3090845131e-18,3.9421628709e-19,1.5130668399e-20,1.5820918952e-23,0.0000000000e+00,0.0000000000e+00,0.0000000000e+00,0.0000000000e+00,0.0000000000e+00,0.0000000000e+00,0.0000000000e+00,0.0000000000e+00,0.0000000000e+00,0.0000000000e+00,0.0000000000e+00,0.0000000000e+00,0.0000000000e+00,0.0000000000e+00,0.0000000000e+00,0.0000000000e+00,0.0000000000e+00,0.0000000000e+00,0.0000000000e+00,1.2291698898e-42,0.0000000000e+00,0.0000000000e+00,2.7955174698e-17,3.9531744593e-16,0.0000000000e+00,8.9125704034e-17,0.0000000000e+00,1.5827108181e-17,2.7257265472e-18,2.5695109264e-18,1.0881052162e-20,0.0000000000e+00,0.0000000000e+00,0.0000000000e+00,0.0000000000e+00,0.0000000000e+00,0.0000000000e+00,5.5646203870e-24,0.0000000000e+00,0.0000000000e+00,0.0000000000e+00,0.0000000000e+00,0.0000000000e+00,0.0000000000e+00,0.0000000000e+00,0.0000000000e+00,0.0000000000e+00,0.0000000000e+00,0.0000000000e+00,0.0000000000e+00
3.3054513476e+00,1,5.6142215538e-01,3.5654271778e+24,1.6117268440e+24,1.6117268440e+24,5.0475787158e+24,1.8230648627e+24,0.0000000000e+00,1.0555998419e-22,-1.2620202713e-18,1.1955479920e+04,0.0000000000e+00,1.2620202713e-18,9.6623046572e-19,0.0000000000e+00,3.7850440256e-17,0.0000000000e+00,4.0742791037e-17,0.0000000000e+00,1.3704428983e-16,4.0451769957e-17,1.0581554837e-17,5.4937180636e-19,2.3574079533e-20,2.7260716594e-23,0.0000000000e+00,0.0000000000e+00,0.0000000000e+00,0.0000000000e+00,0.0000000000e+00,0.0000000000e+00,0.0000000000e+00,0.0000000000e+00,0.0000000000e+00,0.0000000000e+00,0.0000000000e+00,0.0000000000e+00,0.0000000000e+00,0.0000000000e+00,0.0000000000e+00,0.0000000000e+00,0.0000000000e+00,0.0000000000e+00,0.0000000000e+00,1.1853109017e-42,0.0000000000e+00,0.0000000000e+00,2.8795017863e-17,3.9833840562e-16,0.0000000000e+00,9.3358936650e-17,0.0000000000e+00,1.7161056515e-17,3.0472763665e-18,2.9308610908e-18,1.4011052803e-20,0.0000000000e+00,0.0000000000e+00,0.0000000000e+00,0.0000000000e+00,0.0000000000e+00,0.0000000000e+00,9.4360772575e-24,0.0000000000e+00,0.0000000000e+00,0.0000000000e+00,0.0000000000e+00,0.0000000000e+00,0.0000000000e+00,0.0000000000e+00,0.0000000000e+00,0.0000000000e+00,0.0000000000e+00,0.0000000000e+00,0.0000000000e+00
3.4551072946e+00,1,5.8124935489e-01,3.4739348978e+24,1.6289017624e+24,1.6289017624e+24,4.9190558560e+24,1.8401594531e+24,0.0000000000e+00,9.9996398314e-23,-1.2165263926e-18,1.2165702096e+04,0.0000000000e+00,1.2165263926e-18,1.0235381209e-18,0.0000000000e+00,4.0195529554e-17,0.0000000000e+00,4.3269505596e-17,0.0000000000e+00,1.4320638850e-16,4.4803920096e-17,1.3321080028e-17,7.5458806478e-19,3.6062964767e-20,4.6201173974e-23,0.0000000000e+00,0.0000000000e+00,0.0000000000e+00,0.0000000000e+00,0.0000000000e+00,0.0000000000e+00,0.0000000000e+00,0.0000000000e+00,0.0000000000e+00,0.0000000000e+00,0.0000000000e+00,0.0000000000e+00,0.0000000000e+00,0.0000000000e+00,0.0000000000e+00,0.0000000000e+00,0.0000000000e+00,0.0000000000e+00,0.0000000000e+00,1.1425822772e-42,0.0000000000e+00,0.0000000000e+00,2.9596472773e-17,4.0042065423e-16,0.0000000000e+00,9.7356436582e-17,0.0000000000e+00,1.8489993360e-17,3.3819761941e-18,3.3188222003e-18,1.7815925539e-20,0.0000000000e+00,0.0000000000e+00,0.0000000000e+00,0.0000000000e+00,0.0000000000e+00,0.0000000000e+00,1.5697072246e-23,0.0000000000e+00,0.0000000000e+00,0.0000000000e+00,0.0000000000e+00,0.0000000000e+00,0.0000000000e+00,0.0000000000e+00,0.0000000000e+00,0.0000000000e+00,0.0000000000e+00,0.0000000000e+00,0.0000000000e+00
3.6115389887e+00,1,6.0110557847e-01,3.3842672853e+24,1.6458338706e+24,1.6458338706e+24,4.7959520527e+24,1.8562992517e+24,0.0000000000e+00,9.4712954780e-23,-1.1723848964e-18,1.2378295020e+04,0.0000000000e+00,1.1723848964e-18,1.0818817330e-18,0.0000000000e+00,4.2687936457e-17,0.0000000000e+00,4.5953939619e-17,0.0000000000e+00,1.4969335921e-16,4.9374442492e-17,1.6586496763e-17,1.0221821056e-18,5.4203921573e-20,7.6942585356e-23,0.0000000000e+00,0.0000000000e+00,0.0000000000e+00,0.0000000000e+00,0.0000000000e+00,0.0000000000e+00,0.0000000000e+00,0.0000000000e+00,0.0000000000e+00,0.0000000000e+00,0.0000000000e+00,0.0000000000e+00,0.0000000000e+00,0.0000000000e+00,0.0000000000e+00,0.0000000000e+00,0.0000000000e+00,0.0000000000e+00,0.0000000000e+00,1.1011238333e-42,0.0000000000e+00,0.0000000000e+00,3.0354880630e-17,4.0161109992e-16,0.0000000000e+00,1.0109440916e-16,0.0000000000e+00,1.9802248208e-17,3.7272592330e-18,3.7320759296e-18,2.2382910074e-20,0.0000000000e+00,0.0000000000e+00,0.0000000000e+00,0.0000000000e+00,0.0000000000e+00,0.0000000000e+00,2.5615156862e-23,0.0000000000e+00,0.0000000000e+00,0.0000000000e+00,0.0000000000e+00,0.0000000000e+00,0.0000000000e+00,0.0000000000e+00,0.0000000000e+00,0.0000000000e+00,0.0000000000e+00,0.0000000000e+00,0.0000000000e+00
3.7750532053e+00,1,6.2089332763e-01,3.2966804139e+24,1.6624313886e+24,1.6624313886e+24,4.6782577797e+24,1.8714629879e+24,0.0000000000e+00,8.9701418599e-23,-1.1297235623e-18,1.2594266400e+04,0.0000000000e+00,1.1297235623e-18,1.1409873519e-18,0.0000000000e+00,4.5341738065e-17,0.0000000000e+00,4.8809808854e-17,0.0000000000e+00,1.5650266202e-16,5.4132945248e-17,2.0437476141e-17,1.3664247979e-18,8.0100188613e-20,1.2581815753e-22,0.0000000000e+00,0.0000000000e+00,0.0000000000e+00,0.0000000000e+00,0.0000000000e+00,0.0000000000e+00,0.0000000000e+00,0.0000000000e+00,0.0000000000e+00,0.0000000000e+00,0.0000000000e+00,0.0000000000e+00,0.0000000000e+00,0.0000000000e+00,0.0000000000e+00,0.0000000000e+00,0.0000000000e+00,0.0000000000e+00,0.0000000000e+00,1.0610555827e-42,0.0000000000e+00,0.0000000000e+00,3.1066478238e-17,4.0196781816e-16,0.0000000000e+00,1.0455534610e-16,0.0000000000e+00,2.1087032358e-17,4.0804192992e-18,4.1689889007e-18,2.7798949588e-20,0.0000000000e+00,0.0000000000e+00,0.0000000000e+00,0.0000000000e+00,0.0000000000e+00,0.0000000000e+00,4.1006602254e-23,0.0000000000e+00,0.0000000000e+00,0.0000000000e+00,0.0000000000e+00,0.0000000000e+00,0.0000000000e+00,0.0000000000e+00,0.0000000000e+00,0.0000000000e+00,0.0000000000e+00,0.0000000000e+00,0.0000000000e+00
3.9459706091e+00,1,6.4052105642e-01,3.2113943099e+24,1.6786120500e+24,1.6786120500e+24,4.5658989293e+24,1.8856446477e+24,0.0000000000e+00,8.4953213884e-23,-1.0886474891e-18,1.2814671033e+04,0.0000000000e+00,1.0886474891e-18,1.2005863651e-18,0.0000000000e+00,4.8172636922e-17,0.0000000000e+00,5.1852415742e-17,0.0000000000e+00,1.6363251194e-16,5.9045844447e-17,2.4933798645e-17,1.8036241528e-18,1.1645481178e-19,2.0191218773e-22,0.0000000000e+00,0.0000000000e+00,0.0000000000e+00,0.0000000000e+00,0.0000000000e+00,0.0000000000e+00,0.0000000000e+00,0.0000000000e+00,0.0000000000e+00,0.0000000000e+00,0.0000000000e+00,0.0000000000e+00,0.0000000000e+00,0.0000000000e+00,0.0000000000e+00,0.0000000000e+00,0.0000000000e+00,0.0000000000e+00,0.0000000000e+00,1.0224762362e-42,0.0000000000e+00,0.0000000000e+00,3.1728434160e-17,4.0155745814e-16,0.0000000000e+00,1.0772794729e-16,0.0000000000e+00,2.2334679942e-17,4.4386907684e-18,4.6276652037e-18,3.4148852351e-20,0.0000000000e+00,0.0000000000e+00,0.0000000000e+00,0.0000000000e+00,0.0000000000e+00,0.0000000000e+00,6.4411963925e-23,0.0000000000e+00,0.0000000000e+00,0.0000000000e+00,0.0000000000e+00,0.0000000000e+00,0.0000000000e+00,0.0000000000e+00,0.0000000000e+00,0.0000000000e+00,0.0000000000e+00,0.0000000000e+00,0.0000000000e+00
4.1246263829e+00,1,6.5990472218e-01,3.1285906154e+24,1.6943042161e+24,1.6943042161e+24,4.4587484068e+24,1.8988511429e+24,0.0000000000e+00,8.0459431925e-23,-1.0492384740e-18,1.3040590132e+04,0.0000000000e+00,1.0492384740e-18,1.2604209993e-18,0.0000000000e+00,5.1198055099e-17,0.0000000000e+00,5.5098761870e-17,0.0000000000e+00,1.7108233283e-16,6.4077369528e-17,3.0134735070e-17,2.3521809620e-18,1.6668122283e-19,3.1793542062e-22,0.0000000000e+00,0.0000000000e+00,0.0000000000e+00,0.0000000000e+00,0.0000000000e+00,0.0000000000e+00,0.0000000000e+00,0.0000000000e+00,0.0000000000e+00,0.0000000000e+00,0.0000000000e+00,0.0000000000e+00,0.0000000000e+00,0.0000000000e+00,0.0000000000e+00,0.0000000000e+00,0.0000000000e+00,0.0000000000e+00,0.0000000000e+00,9.8546261899e-43,0.0000000000e+00,0.0000000000e+00,3.2338845512e-17,4.0045262589e-16,0.0000000000e+00,1.1060680257e-16,0.0000000000e+00,2.3536817714e-17,4.7993244217e-18,5.1060039296e-18,4.1513550077e-20,0.0000000000e+00,0.0000000000e+00,0.0000000000e+00,0.0000000000e+00,0.0000000000e+00,0.0000000000e+00,9.9304149830e-23,0.0000000000e+00,0.0000000000e+00,0.0000000000e+00,0.0000000000e+00,0.0000000000e+00,0.0000000000e+00,0.0000000000e+00,0.0000000000e+00,0.0000000000e+00,0.0000000000e+00,0.0000000000e+00,0.0000000000e+00
4.3113708854e+00,1,6.7896890624e-01,3.0484117426e+24,1.7094474876e+24,1.7094474876e+24,4.3566369187e+24,1.9110999987e+24,0.0000000000e+00,7.6210858187e-23,-1.0115552623e-18,1.3273112079e+04,0.0000000000e+00,1.0115552623e-18,1.3202488836e-18,0.0000000000e+00,5.4437234286e-17,0.0000000000e+00,5.8567665602e-17,0.0000000000e+00,1.7885314003e-16,6.9190586074e-17,3.6098567364e-17,3.0326169196e-18,2.3501794492e-19,4.9124827760e-22,0.0000000000e+00,0.0000000000e+00,0.0000000000e+00,0.0000000000e+00,0.0000000000e+00,0.0000000000e+00,0.0000000000e+00,0.0000000000e+00,0.0000000000e+00,0.0000000000e+00,0.0000000000e+00,0.0000000000e+00,0.0000000000e+00,0.0000000000e+00,0.0000000000e+00,0.0000000000e+00,0.0000000000e+00,0.0000000000e+00,0.0000000000e+00,9.5006990570e-43,0.0000000000e+00,0.0000000000e+00,3.2896700467e-17,3.9872938031e-16,0.0000000000e+00,1.1319188335e-16,0.0000000000e+00,2.4686463927e-17,5.1596557792e-18,5.6017585918e-18,4.9968540984e-20,0.0000000000e+00,0.0000000000e+00,0.0000000000e+00,0.0000000000e+00,0.0000000000e+00,0.0000000000e+00,1.5032586448e-22,0.0000000000e+00,0.0000000000e+00,0.0000000000e+00,0.0000000000e+00,0.0000000000e+00,0.0000000000e+00,0.0000000000e+00,0.0000000000e+00,0.0000000000e+00,0.0000000000e+00,0.0000000000e+00,0.0000000000e+00
4.5065703377e+00,1,6.9764751934e-01,2.9709613053e+24,1.7239928587e+24,1.7239928587e+24,4.2593625461e+24,1.9224171677e+24,0.0000000000e+00,7.2198016015e-23,-9.7563452865e-19,1.3513314943e+04,0.0000000000e+00,9.7563452865e-19,1.3798466257e-18,0.0000000000e+00,5.7911342907e-17,0.0000000000e+00,6.2279885360e-17,0.0000000000e+00,1.8694784702e-16,7.4348384316e-17,4.2882273905e-17,3.8675774450e-18,3.2664377444e-19,7.4501539602e-22,0.0000000000e+00,0.0000000000e+00,0.0000000000e+00,0.0000000000e+00,0.0000000000e+00,0.0000000000e+00,0.0000000000e+00,0.0000000000e+00,0.0000000000e+00,0.0000000000e+00,0.0000000000e+00,0.0000000000e+00,0.0000000000e+00,0.0000000000e+00,0.0000000000e+00,0.0000000000e+00,0.0000000000e+00,0.0000000000e+00,0.0000000000e+00,9.1633254173e-43,0.0000000000e+00,0.0000000000e+00,3.3401812998e-17,3.9646494673e-16,0.0000000000e+00,1.1548789865e-16,0.0000000000e+00,2.5778061433e-17,5.5171635262e-18,6.1125957562e-18,5.9582592480e-20,0.0000000000e+00,0.0000000000e+00,0.0000000000e+00,0.0000000000e+00,0.0000000000e+00,0.0000000000e+00,2.2355136566e-22,0.0000000000e+00,0.0000000000e+00,0.0000000000e+00,0.0000000000e+00,0.0000000000e+00,0.0000000000e+00,0.0000000000e+00,0.0000000000e+00,0.0000000000e+00,0.0000000000e+00,0.0000000000e+00,0.0000000000e+00
4.7106075420e+00,1,7.1588412933e-01,2.8963055730e+24,1.7379024799e+24,1.7379024799e+24,4.1666988977e+24,1.9328350386e+24,0.0000000000e+00,6.8411223981e-23,-9.4149242770e-19,1.3762250884e+04,0.0000000000e+00,9.4149242770e-19,1.4390124188e-18,0.0000000000e+00,6.1643589685e-17,0.0000000000e+00,6.6258247590e-17,0.0000000000e+00,1.9537149879e-16,7.9514390373e-17,5.0541391237e-17,4.8818123612e-18,4.4778925205e-19,1.1094606296e-21,0.0000000000e+00,0.0000000000e+00,0.0000000000e+00,0.0000000000e+00,0.0000000000e+00,0.0000000000e+00,0.0000000000e+00,0.0000000000e+00,0.0000000000e+00,0.0000000000e+00,0.0000000000e+00,0.0000000000e+00,0.0000000000e+00,0.0000000000e+00,0.0000000000e+00,0.0000000000e+00,0.0000000000e+00,0.0000000000e+00,0.0000000000e+00,8.8426569987e-43,0.0000000000e+00,0.0000000000e+00,3.3854737045e-17,3.9373572040e-16,0.0000000000e+00,1.1750356912e-16,0.0000000000e+00,2.6807453536e-17,5.8695166160e-18,6.6361506753e-18,7.0416759271e-20,0.0000000000e+00,0.0000000000e+00,0.0000000000e+00,0.0000000000e+00,0.0000000000e+00,0.0000000000e+00,3.2676460108e-22,0.0000000000e+00,0.0000000000e+00,0.0000000000e+00,0.0000000000e+00,0.0000000000e+00,0.0000000000e+00,0.0000000000e+00,0.0000000000e+00,0.0000000000e+00,0.0000000000e+00,0.0000000000e+00,0.0000000000e+00
4.9238826317e+00,1,7.3358637930e-01,2.8249836190e+24,1.7511185356e+24,1.7511185356e+24,4.0800015587e+24,1.9423839762e+24,0.0000000000e+00,6.4829665838e-23,-9.0913312637e-19,1.4023412193e+04,0.0000000000e+00,9.0913312637e-19,1.4973163337e-18,0.0000000000e+00,6.5575441676e-17,0.0000000000e+00,7.0442003202e-17,0.0000000000e+00,2.0404276809e-16,8.4642265077e-17,5.8927606071e-17,6.0491061600e-18,5.8759449104e-19,3.5596836202e-21,2.4095784353e-22,2.8266127823e-26,0.0000000000e+00,0.0000000000e+00,0.0000000000e+00,0.0000000000e+00,0.0000000000e+00,0.0000000000e+00,0.0000000000e+00,0.0000000000e+00,0.0000000000e+00,0.0000000000e+00,0.0000000000e+00,0.0000000000e+00,0.0000000000e+00,0.0000000000e+00,0.0000000000e+00,0.0000000000e+00,0.0000000000e+00,8.5387329374e-43,0.0000000000e+00,0.0000000000e+00,3.4257140527e-17,3.9062801071e-16,0.0000000000e+00,1.1925384251e-16,0.0000000000e+00,2.7771591148e-17,6.2139905835e-18,7.1679851604e-18,8.2390273936e-20,0.0000000000e+00,0.0000000000e+00,0.0000000000e+00,0.0000000000e+00,0.0000000000e+00,0.0000000000e+00,4.6494705967e-22,0.0000000000e+00,0.0000000000e+00,0.0000000000e+00,0.0000000000e+00,0.0000000000e+00,0.0000000000e+00,0.0000000000e+00,0.0000000000e+00,0.0000000000e+00,0.0000000000e+00,0.0000000000e+00,0.0000000000e+00
5.1468138568e+00,1,7.5079958278e-01,2.7562343258e+24,1.7636830394e+24,1.7636830394e+24,3.9964335912e+24,1.9511177872e+24,0.0000000000e+00,6.1460884893e-23,-8.7853556542e-19,1.4294222528e+04,0.0000000000e+00,8.7853556542e-19,1.5550275561e-18,0.0000000000e+00,6.9869113665e-17,0.0000000000e+00,7.4996148904e-17,0.0000000000e+00,2.1311509497e-16,8.9720270592e-17,6.8411918545e-17,7.4827809633e-18,7.8500910205e-19,5.5160569205e-21,4.2204717084e-22,5.5245708924e-26,0.0000000000e+00,0.0000000000e+00,0.0000000000e+00,0.0000000000e+00,0.0000000000e+00,0.0000000000e+00,0.0000000000e+00,0.0000000000e+00,0.0000000000e+00,0.0000000000e+00,0.0000000000e+00,0.0000000000e+00,0.0000000000e+00,0.0000000000e+00,0.0000000000e+00,0.0000000000e+00,0.0000000000e+00,8.2513554413e-43,0.0000000000e+00,0.0000000000e+00,3.4609993863e-17,3.8719060306e-16,0.0000000000e+00,1.2074813170e-16,0.0000000000e+00,2.8669381916e-17,6.5498508260e-18,7.7093895857e-18,9.5762879104e-20,0.0000000000e+00,0.0000000000e+00,0.0000000000e+00,0.0000000000e+00,0.0000000000e+00,0.0000000000e+00,6.6970999886e-22,0.0000000000e+00,0.0000000000e+00,0.0000000000e+00,0.0000000000e+00,0.0000000000e+00,0.0000000000e+00,0.0000000000e+00,0.0000000000e+00,0.0000000000e+00,0.0000000000e+00,0.0000000000e+00,0.0000000000e+00
5.3798384034e+00,1,7.6745534914e-01,2.6903679723e+24,1.7755580148e+24,1.7755580148e+24,3.9169166034e+24,1.9590720530e+24,0.0000000000e+00,5.8287100962e-23,-8.4966488790e-19,1.4577237054e+04,0.0000000000e+00,8.4966488790e-19,1.6118166393e-18,0.0000000000e+00,7.4493478749e-17,0.0000000000e+00,7.9887890964e-17,0.0000000000e+00,2.2253380943e-16,9.4708489049e-17,7.8898537614e-17,9.1754728891e-18,1.0368956920e-18,8.4371046603e-21,7.3028554486e-22,1.0960557544e-25,0.0000000000e+00,0.0000000000e+00,0.0000000000e+00,0.0000000000e+00,0.0000000000e+00,0.0000000000e+00,0.0000000000e+00,0.0000000000e+00,0.0000000000e+00,0.0000000000e+00,0.0000000000e+00,0.0000000000e+00,0.0000000000e+00,0.0000000000e+00,0.0000000000e+00,0.0000000000e+00,0.0000000000e+00,7.9801971279e-43,0.0000000000e+00,0.0000000000e+00,3.4915831104e-17,3.8349901747e-16,0.0000000000e+00,1.2200521794e-16,0.0000000000e+00,2.9500082184e-17,6.8749690314e-18,8.2565054069e-18,1.1047010460e-19,0.0000000000e+00,0.0000000000e+00,0.0000000000e+00,0.0000000000e+00,0.0000000000e+00,0.0000000000e+00,9.5177192555e-22,0.0000000000e+00,0.0000000000e+00,0.0000000000e+00,0.0000000000e+00,0.0000000000e+00,0.0000000000e+00,0.0000000000e+00,0.0000000000e+00,0.0000000000e+00,0.0000000000e+00,0.0000000000e+00,0.0000000000e+00
5.6234132519e+00,1,7.8353257443e-01,2.6273532910e+24,1.7867425140e+24,1.7867425140e+24,3.8412330924e+24,1.9662897914e+24,0.0000000000e+00,5.5298189827e-23,-8.2247745658e-19,1.4873496929e+04,0.0000000000e+00,8.2247745658e-19,1.6675694481e-18,0.0000000000e+00,7.9478821220e-17,0.0000000000e+00,8.5147277412e-17,0.0000000000e+00,2.3231019375e-16,9.9579913654e-17,9.0429261484e-17,1.1158507212e-17,1.3549540765e-18,1.2743043511e-20,1.2451881028e-21,2.2119723585e-25,5.8491274817e-29,0.0000000000e+00,0.0000000000e+00,0.0000000000e+00,0.0000000000e+00,0.0000000000e+00,0.0000000000e+00,0.0000000000e+00,0.0000000000e+00,0.0000000000e+00,0.0000000000e+00,0.0000000000e+00,0.0000000000e+00,0.0000000000e+00,0.0000000000e+00,0.0000000000e+00,0.0000000000e+00,7.7248481493e-43,0.0000000000e+00,0.0000000000e+00,3.5177160895e-17,3.7961351495e-16,0.0000000000e+00,1.2304264138e-16,0.0000000000e+00,3.0264145253e-17,7.1880053222e-18,8.8072242804e-18,1.2653393452e-19,0.0000000000e+00,0.0000000000e+00,0.0000000000e+00,0.0000000000e+00,0.0000000000e+00,0.0000000000e+00,1.3354130086e-21,0.0000000000e+00,0.0000000000e+00,0.0000000000e+00,0.0000000000e+00,0.0000000000e+00,0.0000000000e+00,0.0000000000e+00,0.0000000000e+00,0.0000000000e+00,0.0000000000e+00,0.0000000000e+00,0.0000000000e+00
5.8780160723e+00,1,7.9901752925e-01,2.5671407619e+24,1.7972422957e+24,1.7972422957e+24,3.7691710529e+24,1.9728140421e+24,0.0000000000e+00,5.2484141163e-23,-7.9692032076e-19,1.5184021365e+04,0.0000000000e+00,7.9692032076e-19,1.7221934390e-18,0.0000000000e+00,8.4857923115e-17,0.0000000000e+00,9.0806910411e-17,0.0000000000e+00,2.4245735106e-16,1.0431085164e-16,1.0304378126e-16,1.3464979917e-17,1.7526650557e-18,1.9017097291e-20,2.0913693092e-21,7.8251624836e-25,3.9825250406e-27,0.0000000000e+00,0.0000000000e+00,0.0000000000e+00,0.0000000000e+00,0.0000000000e+00,0.0000000000e+00,0.0000000000e+00,0.0000000000e+00,0.0000000000e+00,0.0000000000e+00,0.0000000000e+00,0.0000000000e+00,0.0000000000e+00,0.0000000000e+00,0.0000000000e+00,0.0000000000e+00,7.4848111832e-43,0.0000000000e+00,0.0000000000e+00,3.5396726767e-17,3.7558859918e-16,0.0000000000e+00,1.2387855086e-16,0.0000000000e+00,3.0962828949e-17,7.4878783923e-18,9.3595821448e-18,1.4396765181e-19,0.0000000000e+00,0.0000000000e+00,0.0000000000e+00,0.0000000000e+00,0.0000000000e+00,0.0000000000e+00,1.8510665211e-21,0.0000000000e+00,0.0000000000e+00,0.0000000000e+00,0.0000000000e+00,0.0000000000e+00,0.0000000000e+00,0.0000000000e+00,0.0000000000e+00,0.0000000000e+00,0.0000000000e+00,0.0000000000e+00,0.0000000000e+00
6.1441461614e+00,1,8.1390306874e-01,2.5096659817e+24,1.8070687551e+24,1.8070687551e+24,3.7005259147e+24,1.9786872021e+24,0.0000000000e+00,4.9835124439e-23,-7.7293331602e-19,1.5509810093e+04,0.0000000000e+00,7.7293331602e-19,1.7756164048e-18,0.0000000000e+00,9.0666256166e-17,0.0000000000e+00,9.6902140522e-17,0.0000000000e+00,2.5299014093e-16,1.0888103977e-16,1.1677996470e-16,1.6129751123e-17,2.2454423822e-18,2.8051462203e-20,3.4549006085e-21,2.3563013305e-24,1.7174434258e-26,0.0000000000e+00,0.0000000000e+00,0.0000000000e+00,0.0000000000e+00,0.0000000000e+00,0.0000000000e+00,0.0000000000e+00,0.0000000000e+00,0.0000000000e+00,0.0000000000e+00,0.0000000000e+00,0.0000000000e+00,0.0000000000e+00,0.0000000000e+00,0.0000000000e+00,0.0000000000e+00,7.2595211553e-43,0.0000000000e+00,0.0000000000e+00,3.5577420948e-17,3.7147286813e-16,0.0000000000e+00,1.2453122430e-16,0.0000000000e+00,3.1598048916e-17,7.7737542170e-18,9.9117759776e-18,1.6277660885e-19,0.0000000000e+00,0.0000000000e+00,0.0000000000e+00,0.0000000000e+00,0.0000000000e+00,0.0000000000e+00,2.5363792349e-21,0.0000000000e+00,0.0000000000e+00,0.0000000000e+00,0.0000000000e+00,0.0000000000e+00,0.0000000000e+00,0.0000000000e+00,0.0000000000e+00,0.0000000000e+00,0.0000000000e+00,0.0000000000e+00,0.0000000000e+00
6.4223254222e+00,1,8.2818782881e-01,2.4548527525e+24,1.8162378993e+24,1.8162378993e+24,3.6351017650e+24,1.9839505134e+24,0.0000000000e+00,4.7341548570e-23,-7.5045097213e-19,1.5851846735e+04,0.0000000000e+00,7.5045097213e-19,1.8277850376e-18,0.0000000000e+00,9.6942208785e-17,0.0000000000e+00,1.0347129519e-16,0.0000000000e+00,2.6392512857e-16,1.1327364903e-16,1.3167417147e-16,1.9189454560e-17,2.8507920642e-18,4.0910846244e-20,5.6083813599e-21,5.2500702414e-24,4.1653713392e-26,0.0000000000e+00,0.0000000000e+00,0.0000000000e+00,0.0000000000e+00,0.0000000000e+00,0.0000000000e+00,0.0000000000e+00,0.0000000000e+00,0.0000000000e+00,0.0000000000e+00,0.0000000000e+00,0.0000000000e+00,0.0000000000e+00,0.0000000000e+00,0.0000000000e+00,0.0000000000e+00,7.0483631579e-43,0.0000000000e+00,0.0000000000e+00,3.5722208834e-17,3.6730905631e-16,0.0000000000e+00,1.2501867501e-16,0.0000000000e+00,3.2172239030e-17,8.0450298393e-18,1.0462174900e-17,1.8295921017e-19,0.0000000000e+00,0.0000000000e+00,0.0000000000e+00,0.0000000000e+00,0.0000000000e+00,0.0000000000e+00,3.4374798676e-21,0.0000000000e+00,0.0000000000e+00,0.0000000000e+00,0.0000000000e+00,0.0000000000e+00,0.0000000000e+00,0.0000000000e+00,0.0000000000e+00,0.0000000000e+00,0.0000000000e+00,0.0000000000e+00,0.0000000000e+00
6.7130993868e+00,1,8.4187543928e-01,2.4026158337e+24,1.8247693919e+24,1.8247693919e+24,3.5727119896e+24,1.9886436775e+24,0.0000000000e+00,4.4994113877e-23,-7.2940420287e-19,1.6211102742e+04,0.0000000000e+00,7.2940420287e-19,1.8786633869e-18,0.0000000000e+00,1.0372736593e-16,0.0000000000e+00,1.1055595969e-16,0.0000000000e+00,2.7528056344e-16,1.1747519667e-16,1.4776158887e-16,2.2682524768e-17,3.5884809549e-18,5.9021011993e-20,8.9500432219e-21,1.0547128746e-23,8.7051310760e-26,0.0000000000e+00,0.0000000000e+00,0.0000000000e+00,0.0000000000e+00,0.0000000000e+00,0.0000000000e+00,0.0000000000e+00,0.0000000000e+00,0.0000000000e+00,0.0000000000e+00,0.0000000000e+00,0.0000000000e+00,0.0000000000e+00,0.0000000000e+00,0.0000000000e+00,0.0000000000e+00,6.8506883217e-43,0.0000000000e+00,0.0000000000e+00,3.5834064664e-17,3.6313422507e-16,0.0000000000e+00,1.2535834073e-16,0.0000000000e+00,3.2688222749e-17,8.3013137069e-18,1.1009326464e-17,2.0450807972e-19,0.0000000000e+00,0.0000000000e+00,0.0000000000e+00,0.0000000000e+00,0.0000000000e+00,0.0000000000e+00,4.6105947838e-21,0.0000000000e+00,0.0000000000e+00,0.0000000000e+00,0.0000000000e+00,0.0000000000e+00,0.0000000000e+00,0.0000000000e+00,0.0000000000e+00,0.0000000000e+00,0.0000000000e+00,0.0000000000e+00,0.0000000000e+00
7.0170382867e+00,1,8.5497377065e-01,2.3528633927e+24,1.8326856840e+24,1.8326856840e+24,3.5131795917e+24,1.9928045752e+24,0.0000000000e+00,4.2783855449e-23,-7.0972177665e-19,1.6588541851e+04,0.0000000000e+00,7.0972177665e-19,1.9282312680e-18,0.0000000000e+00,1.1106679010e-16,0.0000000000e+00,1.1820125862e-16,0.0000000000e+00,2.8707637263e-16,1.2147538291e-16,1.6507653474e-16,2.6649230221e-17,4.4807037271e-18,8.4266655529e-20,1.4047480623e-20,2.0129450054e-23,1.7037517105e-25,0.0000000000e+00,0.0000000000e+00,0.0000000000e+00,0.0000000000e+00,0.0000000000e+00,0.0000000000e+00,0.0000000000e+00,0.0000000000e+00,0.0000000000e+00,0.0000000000e+00,0.0000000000e+00,0.0000000000e+00,0.0000000000e+00,0.0000000000e+00,0.0000000000e+00,0.0000000000e+00,6.6658276272e-43,0.0000000000e+00,0.0000000000e+00,3.5915918288e-17,3.5898006273e-16,0.0000000000e+00,1.2556684853e-16,0.0000000000e+00,3.3149097588e-17,8.5424037900e-18,1.1551958590e-17,2.2741132530e-19,0.0000000000e+00,0.0000000000e+00,0.0000000000e+00,0.0000000000e+00,0.0000000000e+00,0.0000000000e+00,6.1236807727e-21,0.0000000000e+00,0.0000000000e+00,0.0000000000e+00,0.0000000000e+00,0.0000000000e+00,0.0000000000e+00,0.0000000000e+00,0.0000000000e+00,0.0000000000e+00,0.0000000000e+00,0.0000000000e+00,0.0000000000e+00
7.3347381708e+00,1,8.6749423532e-01,2.3054990990e+24,1.8400112392e+24,1.8400112392e+24,3.4563371699e+24,1.9964690737e+24,0.0000000000e+00,4.0702177527e-23,-6.9133156048e-19,1.6985124691e+04,0.0000000000e+00,6.9133156048e-19,1.9764827047e-18,0.0000000000e+00,1.1900934065e-16,0.0000000000e+00,1.2645617567e-16,0.0000000000e+00,2.9933418979e-16,1.2526687198e-16,1.8365274151e-16,3.1131711692e-17,5.5522550303e-18,1.1911383787e-19,2.1695262605e-20,3.7153970910e-23,3.2053025953e-25,0.0000000000e+00,0.0000000000e+00,0.0000000000e+00,0.0000000000e+00,0.0000000000e+00,0.0000000000e+00,0.0000000000e+00,0.0000000000e+00,0.0000000000e+00,0.0000000000e+00,0.0000000000e+00,0.0000000000e+00,0.0000000000e+00,0.0000000000e+00,0.0000000000e+00,0.0000000000e+00,6.4931035894e-43,0.0000000000e+00,0.0000000000e+00,3.5970612521e-17,3.5487325909e-16,0.0000000000e+00,1.2565984736e-16,0.0000000000e+00,3.3558134149e-17,8.7682646905e-18,1.2088978236e-17,2.5165389072e-19,0.0000000000e+00,0.0000000000e+00,0.0000000000e+00,0.0000000000e+00,0.0000000000e+00,0.0000000000e+00,8.0583260744e-21,0.0000000000e+00,0.0000000000e+00,0.0000000000e+00,0.0000000000e+00,0.0000000000e+00,0.0000000000e+00,0.0000000000e+00,0.0000000000e+00,0.0000000000e+00,0.0000000000e+00,0.0000000000e+00,0.0000000000e+00
7.6668220745e+00,1,8.7945114959e-01,2.2604238891e+24,1.8467718564e+24,1.8467718564e+24,3.4020266595e+24,1.9996709014e+24,0.0000000000e+00,3.8740879586e-23,-6.7416155441e-19,1.7401813320e+04,0.0000000000e+00,6.7416155441e-19,2.0234244415e-18,0.0000000000e+00,1.2760802698e-16,0.0000000000e+00,1.3537390739e-16,0.0000000000e+00,3.1207741958e-16,1.2884503344e-16,2.0352360993e-16,3.6174018443e-17,6.8307048072e-18,1.6675768208e-19,3.2987081419e-20,6.6789441735e-23,5.8540519973e-25,0.0000000000e+00,0.0000000000e+00,0.0000000000e+00,0.0000000000e+00,0.0000000000e+00,0.0000000000e+00,0.0000000000e+00,0.0000000000e+00,0.0000000000e+00,0.0000000000e+00,0.0000000000e+00,0.0000000000e+00,0.0000000000e+00,0.0000000000e+00,0.0000000000e+00,0.0000000000e+00,6.3318399724e-43,0.0000000000e+00,0.0000000000e+00,3.6000870154e-17,3.5083592527e-16,0.0000000000e+00,1.2565189849e-16,0.0000000000e+00,3.3918689791e-17,8.9790045957e-18,1.2619467409e-17,2.7721895463e-19,0.0000000000e+00,0.0000000000e+00,0.0000000000e+00,0.0000000000e+00,0.0000000000e+00,0.0000000000e+00,1.0511906250e-20,0.0000000000e+00,0.0000000000e+00,0.0000000000e+00,0.0000000000e+00,0.0000000000e+00,0.0000000000e+00,0.0000000000e+00,0.0000000000e+00,0.0000000000e+00,0.0000000000e+00,0.0000000000e+00,0.0000000000e+00
8.0139412415e+00,1,8.9086116369e-01,2.2175374117e+24,1.8529940888e+24,1.8529940888e+24,3.3500988907e+24,2.0024415798e+24,0.0000000000e+00,3.6892174331e-23,-6.5814072870e-19,1.7839575483e+04,0.0000000000e+00,6.5814072870e-19,2.0690745626e-18,0.0000000000e+00,1.3692039692e-16,0.0000000000e+00,1.4501225234e-16,0.0000000000e+00,3.2533133989e-16,1.3220765970e-16,2.2472243224e-16,4.1822134768e-17,8.3465749644e-18,2.3129761378e-19,4.9404068360e-20,1.1728130060e-22,1.0421924830e-24,0.0000000000e+00,0.0000000000e+00,0.0000000000e+00,0.0000000000e+00,0.0000000000e+00,0.0000000000e+00,0.0000000000e+00,0.0000000000e+00,0.0000000000e+00,0.0000000000e+00,0.0000000000e+00,0.0000000000e+00,0.0000000000e+00,0.0000000000e+00,0.0000000000e+00,0.0000000000e+00,6.1813696527e-43,0.0000000000e+00,0.0000000000e+00,3.6009269566e-17,3.4688603443e-16,0.0000000000e+00,1.2555641429e-16,0.0000000000e+00,3.4234136626e-17,9.1748528449e-18,1.3142677319e-17,3.0408934752e-19,0.0000000000e+00,0.0000000000e+00,0.0000000000e+00,0.0000000000e+00,0.0000000000e+00,0.0000000000e+00,1.3600016142e-20,0.0000000000e+00,0.0000000000e+00,0.0000000000e+00,0.0000000000e+00,0.0000000000e+00,0.0000000000e+00,0.0000000000e+00,0.0000000000e+00,0.0000000000e+00,0.0000000000e+00,0.0000000000e+00,0.0000000000e+00
8.3767764007e+00,1,9.0174276209e-01,2.1767391760e+24,1.8587047543e+24,1.8587047543e+24,3.3004130007e+24,2.0048103970e+24,0.0000000000e+00,3.5148698324e-23,-6.4319968229e-19,1.8299388397e+04,0.0000000000e+00,6.4319968229e-19,2.1134612452e-18,0.0000000000e+00,1.4700896264e-16,0.0000000000e+00,1.5543403817e-16,0.0000000000e+00,3.3912324315e-16,1.3535467287e-16,2.4728258998e-16,4.8123989612e-17,1.0133515563e-17,3.1794259048e-19,7.2920982398e-20,2.0145323929e-22,1.8120460082e-24,0.0000000000e+00,0.0000000000e+00,0.0000000000e+00,0.0000000000e+00,0.0000000000e+00,0.0000000000e+00,0.0000000000e+00,0.0000000000e+00,0.0000000000e+00,0.0000000000e+00,0.0000000000e+00,0.0000000000e+00,0.0000000000e+00,0.0000000000e+00,0.0000000000e+00,0.0000000000e+00,6.0410408037e-43,0.0000000000e+00,0.0000000000e+00,3.5998227786e-17,3.4303786406e-16,0.0000000000e+00,1.2538563593e-16,0.0000000000e+00,3.4507802926e-17,9.3561386637e-18,1.3658021293e-17,3.3224896417e-19,0.0000000000e+00,0.0000000000e+00,0.0000000000e+00,0.0000000000e+00,0.0000000000e+00,0.0000000000e+00,1.7459207810e-20,0.0000000000e+00,0.0000000000e+00,0.0000000000e+00,0.0000000000e+00,0.0000000000e+00,0.0000000000e+00,0.0000000000e+00,0.0000000000e+00,0.0000000000e+00,0.0000000000e+00,0.0000000000e+00,0.0000000000e+00
8.7560391014e+00,1,9.1211583392e-01,2.1379294244e+24,1.8639305319e+24,1.8639305319e+24,3.2528357298e+24,2.0068044170e+24,0.0000000000e+00,3.3503516099e-23,-6.2927114212e-19,1.8782241848e+04,0.0000000000e+00,6.2927114212e-19,2.1566216628e-18,0.0000000000e+00,1.5794166609e-16,0.0000000000e+00,1.6670758882e-16,0.0000000000e+00,3.5348261646e-16,1.3828783225e-16,2.7123773597e-16,5.5129442528e-17,1.2228478198e-17,4.3324810907e-19,1.0613157807e-19,3.3876266176e-22,3.0802715657e-24,0.0000000000e+00,0.0000000000e+00,0.0000000000e+00,0.0000000000e+00,0.0000000000e+00,0.0000000000e+00,0.0000000000e+00,0.0000000000e+00,0.0000000000e+00,0.0000000000e+00,0.0000000000e+00,0.0000000000e+00,0.0000000000e+00,0.0000000000e+00,0.0000000000e+00,0.0000000000e+00,5.9102215857e-43,0.0000000000e+00,0.0000000000e+00,3.5969989839e-17,3.3930242496e-16,0.0000000000e+00,1.2515064147e-16,0.0000000000e+00,3.4742926765e-17,9.5232714674e-18,1.4165067050e-17,3.6168415482e-19,0.0000000000e+00,0.0000000000e+00,0.0000000000e+00,0.0000000000e+00,0.0000000000e+00,0.0000000000e+00,2.2250060542e-20,0.0000000000e+00,0.0000000000e+00,0.0000000000e+00,0.0000000000e+00,0.0000000000e+00,0.0000000000e+00,0.0000000000e+00,0.0000000000e+00,0.0000000000e+00,0.0000000000e+00,0.0000000000e+00,0.0000000000e+00
9.1524731088e+00,1,9.2200131124e-01,2.1010097543e+24,1.8686976361e+24,1.8686976361e+24,3.2072406199e+24,2.0084485129e+24,0.0000000000e+00,3.1950118634e-23,-6.1629032332e-19,1.9289140375e+04,0.0000000000e+00,6.1629032332e-19,2.1986010494e-18,0.0000000000e+00,1.6979238545e-16,0.0000000000e+00,1.7890723317e-16,0.0000000000e+00,3.6844135983e-16,1.4101045116e-16,2.9662197357e-16,6.2890240387e-17,1.4671883910e-17,5.8538597425e-19,1.5239395568e-19,5.5803334292e-22,5.1233164269e-24,0.0000000000e+00,0.0000000000e+00,0.0000000000e+00,0.0000000000e+00,0.0000000000e+00,0.0000000000e+00,0.0000000000e+00,0.0000000000e+00,0.0000000000e+00,0.0000000000e+00,0.0000000000e+00,0.0000000000e+00,0.0000000000e+00,0.0000000000e+00,0.0000000000e+00,0.0000000000e+00,5.7883035279e-43,0.0000000000e+00,0.0000000000e+00,3.5926623246e-17,3.3568786626e-16,0.0000000000e+00,1.2486137661e-16,0.0000000000e+00,3.4942620518e-17,9.6767229927e-18,1.4663528798e-17,3.9238508273e-19,0.0000000000e+00,0.0000000000e+00,0.0000000000e+00,0.0000000000e+00,0.0000000000e+00,0.0000000000e+00,2.8160603688e-20,0.0000000000e+00,0.0000000000e+00,0.0000000000e+00,0.0000000000e+00,0.0000000000e+00,0.0000000000e+00,0.0000000000e+00,0.0000000000e+00,0.0000000000e+00,0.0000000000e+00,0.0000000000e+00,0.0000000000e+00
9.5668558622e+00,1,9.3142087166e-01,2.0658835127e+24,1.8730315607e+24,1.8730315607e+24,3.1635071267e+24,2.0097654212e+24,0.0000000000e+00,3.0482417124e-23,-6.0419516943e-19,1.9821104310e+04,0.0000000000e+00,6.0419516943e-19,2.2394519270e-18,0.0000000000e+00,1.8264148301e-16,0.0000000000e+00,1.9211385583e-16,0.0000000000e+00,3.8403404052e-16,1.4352712994e-16,3.2347004794e-16,7.1459940884e-17,1.7507782828e-17,7.8444675845e-19,2.1599603971e-19,9.0098517313e-22,8.3437983201e-24,0.0000000000e+00,0.0000000000e+00,0.0000000000e+00,0.0000000000e+00,0.0000000000e+00,0.0000000000e+00,0.0000000000e+00,0.0000000000e+00,0.0000000000e+00,0.0000000000e+00,0.0000000000e+00,0.0000000000e+00,0.0000000000e+00,0.0000000000e+00,0.0000000000e+00,0.0000000000e+00,5.6747037856e-43,0.0000000000e+00,0.0000000000e+00,3.5870016671e-17,3.3219984935e-16,0.0000000000e+00,1.2452670168e-16,0.0000000000e+00,3.5109844804e-17,9.8170113980e-18,1.5153259558e-17,4.2434703965e-19,0.0000000000e+00,0.0000000000e+00,0.0000000000e+00,0.0000000000e+00,0.0000000000e+00,0.0000000000e+00,3.5410104138e-20,0.0000000000e+00,0.0000000000e+00,0.0000000000e+00,0.0000000000e+00,0.0000000000e+00,0.0000000000e+00,0.0000000000e+00,0.0000000000e+00,0.0000000000e+00,0.0000000000e+00,0.0000000000e+00,0.0000000000e+00
1.0000000000e+01,1,9.4039670018e-01,2.0324559875e+24,1.8769568837e+24,1.8769568837e+24,3.1215196574e+24,2.0107758087e+24,0.0000000000e+00,2.9094732920e-23,-5.9292649146e-19,2.0379169422e+04,0.0000000000e+00,5.9292649146e-19,2.2792334943e-18,0.0000000000e+00,1.9657639356e-16,0.0000000000e+00,2.0641548908e-16,0.0000000000e+00,4.0029818053e-16,1.4584350965e-16,3.5181756488e-16,8.0893800971e-17,2.0784002726e-17,1.0427735823e-18,3.0234052281e-19,1.4266650684e-21,1.3314661738e-23,0.0000000000e+00,0.0000000000e+00,0.0000000000e+00,0.0000000000e+00,0.0000000000e+00,0.0000000000e+00,0.0000000000e+00,0.0000000000e+00,0.0000000000e+00,0.0000000000e+00,0.0000000000e+00,0.0000000000e+00,0.0000000000e+00,0.0000000000e+00,0.0000000000e+00,0.0000000000e+00,5.5688664456e-43,0.0000000000e+00,0.0000000000e+00,3.5801881780e-17,3.2884188642e-16,0.0000000000e+00,1.2415444913e-16,0.0000000000e+00,3.5247390461e-17,9.9446873753e-18,1.5634243980e-17,4.5757171350e-19,0.0000000000e+00,0.0000000000e+00,0.0000000000e+00,0.0000000000e+00,0.0000000000e+00,0.0000000000e+00,4.4253217300e-20,0.0000000000e+00,0.0000000000e+00,0.0000000000e+00,0.0000000000e+00,0.0000000000e+00,0.0000000000e+00,0.0000000000e+00,0.0000000000e+00,0.0000000000e+00,0.0000000000e+00,0.0000000000e+00,0.0000000000e+00
1.0452754953e+01,1,9.4895130466e-01,2.0006344204e+24,1.8804971248e+24,1.8804971248e+24,3.0811665432e+24,2.0114983504e+24,0.0000000000e+00,2.7781784476e-23,-5.8242802298e-19,2.0964384901e+04,0.0000000000e+00,5.8242802298e-19,2.3180111691e-18,0.0000000000e+00,2.1169225074e-16,0.0000000000e+00,2.2190794325e-16,0.0000000000e+00,4.1727457348e-16,1.4796604962e-16,3.8170125133e-16,9.1248630621e-17,2.4552283866e-17,1.3753243123e-18,4.1814766914e-19,2.2168531732e-21,2.0833251786e-23,0.0000000000e+00,0.0000000000e+00,0.0000000000e+00,0.0000000000e+00,0.0000000000e+00,0.0000000000e+00,0.0000000000e+00,0.0000000000e+00,0.0000000000e+00,0.0000000000e+00,0.0000000000e+00,0.0000000000e+00,0.0000000000e+00,0.0000000000e+00,0.0000000000e+00,0.0000000000e+00,5.4702630442e-43,0.0000000000e+00,0.0000000000e+00,3.5723757521e-17,3.2561564185e-16,0.0000000000e+00,1.2375148743e-16,0.0000000000e+00,3.5357867214e-17,1.0060322235e-17,1.6106591862e-17,4.9206840342e-19,0.0000000000e+00,0.0000000000e+00,0.0000000000e+00,0.0000000000e+00,0.0000000000e+00,0.0000000000e+00,5.4984483168e-20,0.0000000000e+00,0.0000000000e+00,0.0000000000e+00,0.0000000000e+00,0.0000000000e+00,0.0000000000e+00,0.0000000000e+00,0.0000000000e+00,0.0000000000e+00,0.0000000000e+00,0.0000000000e+00,0.0000000000e+00
1.0926008611e+01,1,9.5710737851e-01,1.9703278655e+24,1.8836746479e+24,1.8836746479e+24,3.0423389567e+24,2.0119498129e+24,0.0000000000e+00,2.6538672033e-23,-5.7264640753e-19,2.1577809425e+04,0.0000000000e+00,5.7264640753e-19,2.3558562700e-18,0.0000000000e+00,2.2809254619e-16,0.0000000000e+00,2.3869547056e-16,0.0000000000e+00,4.3500762541e-16,1.4990182994e-16,4.1315926908e-16,1.0258261476e-16,2.8868397872e-17,1.8000576329e-18,5.7167336451e-19,3.3824767815e-21,3.1985677200e-23,0.0000000000e+00,0.0000000000e+00,0.0000000000e+00,0.0000000000e+00,0.0000000000e+00,0.0000000000e+00,0.0000000000e+00,0.0000000000e+00,0.0000000000e+00,0.0000000000e+00,0.0000000000e+00,0.0000000000e+00,0.0000000000e+00,0.0000000000e+00,0.0000000000e+00,0.0000000000e+00,5.3783924483e-43,0.0000000000e+00,0.0000000000e+00,3.5637016173e-17,3.2252119663e-16,0.0000000000e+00,1.2332378771e-16,0.0000000000e+00,3.5443697819e-17,1.0164497862e-17,1.6570532436e-17,5.2785517769e-19,0.0000000000e+00,0.0000000000e+00,0.0000000000e+00,0.0000000000e+00,0.0000000000e+00,0.0000000000e+00,6.7943129141e-20,0.0000000000e+00,0.0000000000e+00,0.0000000000e+00,0.0000000000e+00,0.0000000000e+00,0.0000000000e+00,0.0000000000e+00,0.0000000000e+00,0.0000000000e+00,0.0000000000e+00,0.0000000000e+00,0.0000000000e+00
1.1420689063e+01,1,9.6488770504e-01,1.9414469155e+24,1.8865106006e+24,1.8865106006e+24,3.0049297863e+24,2.0121451425e+24,0.0000000000e+00,2.5360860572e-23,-5.6353113077e-19,2.2220505064e+04,0.0000000000e+00,5.6353113077e-19,2.3928458275e-18,0.0000000000e+00,2.4588981314e-16,0.0000000000e+00,2.5689145379e-16,0.0000000000e+00,4.5354571413e-16,1.5165837967e-16,4.4623159071e-16,1.1495510886e-16,3.3792248308e-17,2.3383358988e-18,7.7293830517e-19,5.0709825201e-21,4.8220994749e-23,0.0000000000e+00,0.0000000000e+00,0.0000000000e+00,0.0000000000e+00,0.0000000000e+00,0.0000000000e+00,0.0000000000e+00,0.0000000000e+00,0.0000000000e+00,0.0000000000e+00,0.0000000000e+00,0.0000000000e+00,0.0000000000e+00,0.0000000000e+00,0.0000000000e+00,0.0000000000e+00,5.2927802188e-43,0.0000000000e+00,0.0000000000e+00,3.5542870595e-17,3.1955727690e-16,0.0000000000e+00,1.2287649061e-16,0.0000000000e+00,3.5507116606e-17,1.0257798440e-17,1.7026409525e-17,5.6495997036e-19,0.0000000000e+00,0.0000000000e+00,0.0000000000e+00,0.0000000000e+00,0.0000000000e+00,0.0000000000e+00,8.3518105678e-20,0.0000000000e+00,0.0000000000e+00,0.0000000000e+00,0.0000000000e+00,0.0000000000e+00,0.0000000000e+00,0.0000000000e+00,0.0000000000e+00,0.0000000000e+00,0.0000000000e+00,0.0000000000e+00,0.0000000000e+00
1.1937766417e+01,1,9.7229590480e-01,1.9140531932e+24,1.8890153423e+24,1.8890153423e+24,2.9693381788e+24,2.0120937133e+24,0.0000000000e+00,2.4241435835e-23,-5.5501524533e-19,2.2895312353e+04,0.0000000000e+00,5.5501524533e-19,2.4289378836e-18,0.0000000000e+00,2.6514571148e-16,0.0000000000e+00,2.7655722541e-16,0.0000000000e+00,4.7287977947e-16,1.5323210151e-16,4.8086200934e-16,1.2844913502e-16,3.9339846921e-17,2.9722271956e-18,1.0265436292e-18,3.0916605912e-20,1.8628181172e-21,3.5708241138e-23,0.0000000000e+00,0.0000000000e+00,0.0000000000e+00,0.0000000000e+00,0.0000000000e+00,0.0000000000e+00,0.0000000000e+00,0.0000000000e+00,0.0000000000e+00,0.0000000000e+00,0.0000000000e+00,0.0000000000e+00,0.0000000000e+00,0.0000000000e+00,0.0000000000e+00,5.2127975745e-43,0.0000000000e+00,0.0000000000e+00,3.5442444430e-17,3.1672900798e-16,0.0000000000e+00,1.2241646157e-16,0.0000000000e+00,3.5549877451e-17,1.0340227892e-17,1.7473355204e-17,6.0335080459e-19,0.0000000000e+00,0.0000000000e+00,0.0000000000e+00,0.0000000000e+00,0.0000000000e+00,0.0000000000e+00,1.0231149370e-19,0.0000000000e+00,0.0000000000e+00,0.0000000000e+00,3.7124549660e-22,0.0000000000e+00,0.0000000000e+00,0.0000000000e+00,0.0000000000e+00,0.0000000000e+00,0.0000000000e+00,0.0000000000e+00,0.0000000000e+00
1.2478254705e+01,1,9.7938516806e-01,1.8878925382e+24,1.8912226546e+24,1.8912226546e+24,2.9347148040e+24,2.0118136249e+24,0.0000000000e+00,2.3180929387e-23,-5.4710341201e-19,2.3601444225e+04,0.0000000000e+00,5.4710341201e-19,2.4644105952e-18,0.0000000000e+00,2.8608329360e-16,0.0000000000e+00,2.9791890399e-16,0.0000000000e+00,4.9316354455e-16,1.5465153505e-16,5.1724976780e-16,1.4308706724e-16,4.5643579470e-17,3.7956595465e-18,1.3593005772e-18,4.8078187628e-20,3.1410842933e-21,6.8776625109e-23,0.0000000000e+00,0.0000000000e+00,0.0000000000e+00,0.0000000000e+00,0.0000000000e+00,0.0000000000e+00,0.0000000000e+00,0.0000000000e+00,0.0000000000e+00,0.0000000000e+00,0.0000000000e+00,0.0000000000e+00,0.0000000000e+00,0.0000000000e+00,0.0000000000e+00,5.1384882904e-43,0.0000000000e+00,0.0000000000e+00,3.5336538209e-17,3.1402137560e-16,0.0000000000e+00,1.2194263686e-16,0.0000000000e+00,3.5574171274e-17,1.0413361423e-17,1.7914183238e-17,6.4319359487e-19,0.0000000000e+00,0.0000000000e+00,0.0000000000e+00,0.0000000000e+00,0.0000000000e+00,0.0000000000e+00,1.2465266828e-19,0.0000000000e+00,0.0000000000e+00,0.0000000000e+00,6.3993226472e-22,0.0000000000e+00,0.0000000000e+00,0.0000000000e+00,0.0000000000e+00,0.0000000000e+00,0.0000000000e+00,0.0000000000e+00,0.0000000000e+00
1.3043213867e+01,1,9.8616493157e-01,1.8629405912e+24,1.8931435090e+24,1.8931435090e+24,2.9012843227e+24,2.0113121149e+24,0.0000000000e+00,2.2173740309e-23,-5.3972459590e-19,2.4340710606e+04,0.0000000000e+00,5.3972459590e-19,2.4992734724e-18,0.0000000000e+00,3.0880787761e-16,0.0000000000e+00,3.2108202410e-16,0.0000000000e+00,5.1441503233e-16,1.5591501054e-16,5.5537270706e-16,1.5894968969e-16,5.2745548423e-17,4.8126565390e-18,1.7828989864e-18,7.3600923378e-20,5.2013094840e-21,1.2817993647e-22,0.0000000000e+00,0.0000000000e+00,0.0000000000e+00,0.0000000000e+00,0.0000000000e+00,0.0000000000e+00,0.0000000000e+00,0.0000000000e+00,0.0000000000e+00,0.0000000000e+00,0.0000000000e+00,0.0000000000e+00,0.0000000000e+00,0.0000000000e+00,0.0000000000e+00,5.0691851946e-43,0.0000000000e+00,0.0000000000e+00,3.5226009514e-17,3.1143535066e-16,0.0000000000e+00,1.2146046283e-16,0.0000000000e+00,3.5581597585e-17,1.0477285431e-17,1.8348521723e-17,6.8450123985e-19,0.0000000000e+00,0.0000000000e+00,0.0000000000e+00,0.0000000000e+00,0.0000000000e+00,0.0000000000e+00,1.5124422443e-19,0.0000000000e+00,0.0000000000e+00,0.0000000000e+00,1.0812344661e-21,0.0000000000e+00,0.0000000000e+00,0.0000000000e+00,0.0000000000e+00,0.0000000000e+00,0.0000000000e+00,0.0000000000e+00,0.0000000000e+00
1.3633751836e+01,1,9.9265725541e-01,1.8391240352e+24,1.8947938042e+24,1.8947938042e+24,2.8689637725e+24,2.0105976647e+24,0.0000000000e+00,2.1216513842e-23,-5.3283920034e-19,2.5114361591e+04,0.0000000000e+00,5.3283920034e-19,2.5336205535e-18,0.0000000000e+00,3.3347421891e-16,0.0000000000e+00,3.4620254629e-16,0.0000000000e+00,5.3669912712e-16,1.5703037112e-16,5.9527871539e-16,1.7610013188e-16,6.0717378536e-17,6.0596218604e-18,2.3173385380e-18,1.1098160068e-19,8.4639550338e-21,2.3221405408e-22,0.0000000000e+00,0.0000000000e+00,0.0000000000e+00,0.0000000000e+00,0.0000000000e+00,0.0000000000e+00,0.0000000000e+00,0.0000000000e+00,0.0000000000e+00,0.0000000000e+00,0.0000000000e+00,0.0000000000e+00,0.0000000000e+00,0.0000000000e+00,0.0000000000e+00,5.0045163885e-43,0.0000000000e+00,0.0000000000e+00,3.5111522941e-17,3.0896630604e-16,0.0000000000e+00,1.2097243723e-16,0.0000000000e+00,3.5573660924e-17,1.0532525514e-17,1.8777106679e-17,7.2735035665e-19,0.0000000000e+00,0.0000000000e+00,0.0000000000e+00,0.0000000000e+00,0.0000000000e+00,0.0000000000e+00,1.8279812212e-19,0.0000000000e+00,0.0000000000e+00,0.0000000000e+00,1.7924277103e-21,0.0000000000e+00,0.0000000000e+00,0.0000000000e+00,0.0000000000e+00,0.0000000000e+00,0.0000000000e+00,0.0000000000e+00,0.0000000000e+00
1.4251026703e+01,1,9.9888405066e-01,1.8163717778e+24,1.8961882029e+24,1.8961882029e+24,2.8376722643e+24,2.0096773543e+24,0.0000000000e+00,2.0306151419e-23,-5.2640990690e-19,2.5923666974e+04,0.0000000000e+00,5.2640990690e-19,2.5675507312e-18,0.0000000000e+00,3.6025017827e-16,0.0000000000e+00,3.7344964139e-16,0.0000000000e+00,5.6008583086e-16,1.5800533242e-16,6.3701932438e-16,1.9460199154e-16,6.9633468590e-17,7.5777384759e-18,2.9858894105e-18,1.6492948190e-19,1.3543114065e-20,4.0998261315e-22,0.0000000000e+00,0.0000000000e+00,0.0000000000e+00,0.0000000000e+00,0.0000000000e+00,0.0000000000e+00,0.0000000000e+00,0.0000000000e+00,0.0000000000e+00,0.0000000000e+00,0.0000000000e+00,0.0000000000e+00,0.0000000000e+00,0.0000000000e+00,0.0000000000e+00,4.9441313711e-43,0.0000000000e+00,0.0000000000e+00,3.4993628243e-17,3.0660906615e-16,0.0000000000e+00,1.2048053728e-16,0.0000000000e+00,3.5551704356e-17,1.0579585332e-17,1.9200768846e-17,7.7183248519e-19,0.0000000000e+00,0.0000000000e+00,0.0000000000e+00,0.0000000000e+00,0.0000000000e+00,0.0000000000e+00,2.2013541046e-19,0.0000000000e+00,0.0000000000e+00,0.0000000000e+00,2.9176798466e-21,0.0000000000e+00,0.0000000000e+00,0.0000000000e+00,0.0000000000e+00,0.0000000000e+00,0.0000000000e+00,0.0000000000e+00,0.0000000000e+00
1.4896248996e+01,1,1.0048670871e+00,1.7946147536e+24,1.8973401705e+24,1.8973401705e+24,2.8073305839e+24,2.0085569395e+24,0.0000000000e+00,1.9439792000e-23,-5.2040152314e-19,2.6769912103e+04,0.0000000000e+00,5.2040152314e-19,2.6011678546e-18,0.0000000000e+00,3.8931774212e-16,0.0000000000e+00,4.0300671474e-16,0.0000000000e+00,5.8465050880e-16,1.5884742389e-16,6.8065026884e-16,2.1451924396e-16,7.9570664492e-17,9.4132014902e-18,3.8154083145e-18,2.4169358381e-19,2.1319604855e-20,7.0661407471e-22,0.0000000000e+00,0.0000000000e+00,0.0000000000e+00,0.0000000000e+00,0.0000000000e+00,0.0000000000e+00,0.0000000000e+00,0.0000000000e+00,0.0000000000e+00,0.0000000000e+00,0.0000000000e+00,0.0000000000e+00,0.0000000000e+00,0.0000000000e+00,0.0000000000e+00,4.8876996090e-43,0.0000000000e+00,0.0000000000e+00,3.4872769092e-17,3.0435800002e-16,0.0000000000e+00,1.1998626970e-16,0.0000000000e+00,3.5516918784e-17,1.0618944854e-17,1.9620432099e-17,8.1805511779e-19,0.0000000000e+00,0.0000000000e+00,0.0000000000e+00,0.0000000000e+00,0.0000000000e+00,0.0000000000e+00,2.6420245392e-19,0.0000000000e+00,0.0000000000e+00,0.0000000000e+00,4.6665811636e-21,0.0000000000e+00,0.0000000000e+00,0.0000000000e+00,0.0000000000e+00,0.0000000000e+00,0.0000000000e+00,0.0000000000e+00,0.0000000000e+00
1.5570684048e+01,1,1.0106280072e+00,1.7737857201e+24,1.8982620171e+24,1.8982620171e+24,2.7778608023e+24,2.0072409256e+24,0.0000000000e+00,1.8614794322e-23,-5.1478083327e-19,2.7654392757e+04,0.0000000000e+00,5.1478083327e-19,2.6345808642e-18,0.0000000000e+00,4.2087410262e-16,0.0000000000e+00,4.3507248997e-16,0.0000000000e+00,6.1047411330e-16,1.5956394281e-16,7.2623205333e-16,2.3591619633e-16,9.0607892151e-17,1.1617396442e-17,4.8366497401e-18,3.4944890533e-19,3.3034699304e-20,1.1903843819e-21,0.0000000000e+00,0.0000000000e+00,0.0000000000e+00,0.0000000000e+00,0.0000000000e+00,0.0000000000e+00,0.0000000000e+00,0.0000000000e+00,0.0000000000e+00,0.0000000000e+00,0.0000000000e+00,0.0000000000e+00,0.0000000000e+00,0.0000000000e+00,0.0000000000e+00,4.8349091338e-43,0.0000000000e+00,0.0000000000e+00,3.4749291625e-17,3.0220710077e-16,0.0000000000e+00,1.1949071721e-16,0.0000000000e+00,3.5470352660e-17,1.0651059227e-17,2.0037112334e-17,8.6614275615e-19,0.0000000000e+00,0.0000000000e+00,0.0000000000e+00,0.0000000000e+00,0.0000000000e+00,0.0000000000e+00,3.1608943947e-19,0.0000000000e+00,0.0000000000e+00,0.0000000000e+00,7.3381704209e-21,0.0000000000e+00,0.0000000000e+00,0.0000000000e+00,0.0000000000e+00,0.0000000000e+00,0.0000000000e+00,0.0000000000e+00,0.0000000000e+00
1.6275654480e+01,1,1.0161883436e+00,1.7538190435e+24,1.8989649449e+24,1.8989649449e+24,2.7491858797e+24,2.0057326393e+24,0.0000000000e+00,1.7828720154e-23,-5.0951645421e-19,2.8578408871e+04,0.0000000000e+00,5.0951645421e-19,2.6679039610e-18,0.0000000000e+00,4.5513279576e-16,0.0000000000e+00,4.6986215054e-16,0.0000000000e+00,6.3764338450e-16,1.6016191911e-16,7.7383050979e-16,2.5885749250e-16,1.0282575841e-16,1.4247013836e-17,6.0845660366e-18,4.9874430034e-19,5.0407702628e-20,1.9621699367e-21,0.0000000000e+00,0.0000000000e+00,0.0000000000e+00,0.0000000000e+00,0.0000000000e+00,0.0000000000e+00,0.0000000000e+00,0.0000000000e+00,0.0000000000e+00,0.0000000000e+00,0.0000000000e+00,0.0000000000e+00,0.0000000000e+00,0.0000000000e+00,0.0000000000e+00,4.7854651904e-43,0.0000000000e+00,0.0000000000e+00,3.4623452702e-17,3.0015005387e-16,0.0000000000e+00,1.1899458166e-16,0.0000000000e+00,3.5412921872e-17,1.0676358160e-17,2.0451916797e-17,9.1623800903e-19,0.0000000000e+00,0.0000000000e+00,0.0000000000e+00,0.0000000000e+00,0.0000000000e+00,0.0000000000e+00,3.7705133617e-19,0.0000000000e+00,0.0000000000e+00,0.0000000000e+00,1.1351379394e-20,0.0000000000e+00,0.0000000000e+00,0.0000000000e+00,0.0000000000e+00,0.0000000000e+00,0.0000000000e+00,0.0000000000e+00,0.0000000000e+00
1.7012542799e+01,1,1.0215695406e+00,1.7346504741e+24,1.8994590960e+24,1.8994590960e+24,2.7212292487e+24,2.0040342964e+24,0.0000000000e+00,1.7079318668e-23,-5.0457869854e-19,2.9543256868e+04,0.0000000000e+00,5.0457869854e-19,2.7012568037e-18,0.0000000000e+00,4.9232489313e-16,0.0000000000e+00,5.0760853471e-16,0.0000000000e+00,6.6625102743e-16,1.6064808954e-16,8.2351733139e-16,2.8340817078e-16,1.1630612980e-16,1.7364091903e-17,7.5985894279e-18,7.0301280494e-19,7.5780285012e-20,3.1676583823e-21,0.0000000000e+00,0.0000000000e+00,0.0000000000e+00,0.0000000000e+00,0.0000000000e+00,0.0000000000e+00,0.0000000000e+00,0.0000000000e+00,0.0000000000e+00,0.0000000000e+00,0.0000000000e+00,0.0000000000e+00,0.0000000000e+00,0.0000000000e+00,0.0000000000e+00,4.7390889494e-43,0.0000000000e+00,0.0000000000e+00,3.4495427875e-17,2.9818029582e-16,0.0000000000e+00,1.1849822413e-16,0.0000000000e+00,3.5345419652e-17,1.0695245724e-17,2.0866043856e-17,9.6850274216e-19,0.0000000000e+00,0.0000000000e+00,0.0000000000e+00,0.0000000000e+00,0.0000000000e+00,0.0000000000e+00,4.4853142375e-19,0.0000000000e+00,0.0000000000e+00,0.0000000000e+00,1.7282748008e-20,0.0000000000e+00,0.0000000000e+00,0.0000000000e+00,0.0000000000e+00,0.0000000000e+00,0.0000000000e+00,0.0000000000e+00,0.0000000000e+00
1.7782794100e+01,1,1.0267929771e+00,1.7162169014e+24,1.8997536027e+24,1.8997536027e+24,2.6939143590e+24,2.0021470679e+24,0.0000000000e+00,1.6364511880e-23,-4.9993944304e-19,3.0550220301e+04,0.0000000000e+00,4.9993944304e-19,2.7347647422e-18,0.0000000000e+00,5.3270023678e-16,0.0000000000e+00,5.4856337329e-16,0.0000000000e+00,6.9639586685e-16,1.6102888012e-16,8.7537057128e-16,3.0963377604e-16,1.3113169976e-16,2.1035980640e-17,9.4228882026e-18,9.7914181040e-19,1.1228930715e-19,5.0126269042e-21,0.0000000000e+00,0.0000000000e+00,0.0000000000e+00,0.0000000000e+00,0.0000000000e+00,0.0000000000e+00,0.0000000000e+00,0.0000000000e+00,0.0000000000e+00,0.0000000000e+00,0.0000000000e+00,0.0000000000e+00,0.0000000000e+00,0.0000000000e+00,0.0000000000e+00,4.6955162727e-43,0.0000000000e+00,0.0000000000e+00,3.4365319011e-17,2.9629106421e-16,0.0000000000e+00,1.1800170187e-16,0.0000000000e+00,3.5268526436e-17,1.0708100530e-17,2.1280783265e-17,1.0231192886e-18,0.0000000000e+00,0.0000000000e+00,0.0000000000e+00,0.0000000000e+00,0.0000000000e+00,0.0000000000e+00,5.3218734928e-19,0.0000000000e+00,0.0000000000e+00,0.0000000000e+00,2.5911953426e-20,0.0000000000e+00,0.0000000000e+00,0.0000000000e+00,0.0000000000e+00,0.0000000000e+00,0.0000000000e+00,0.0000000000e+00,0.0000000000e+00
1.8587918911e+01,1,1.0318799906e+00,1.6984560950e+24,1.8998566371e+24,1.8998566371e+24,2.6671641790e+24,2.0000711441e+24,0.0000000000e+00,1.5682381348e-23,-4.9557200787e-19,3.1600558416e+04,0.0000000000e+00,4.9557200787e-19,2.7685590724e-18,0.0000000000e+00,5.7652870745e-16,0.0000000000e+00,5.9299856057e-16,0.0000000000e+00,7.2818297757e-16,1.6131039440e-16,9.2947508899e-16,3.3760052239e-16,1.4738555610e-16,2.5335223414e-17,1.1606590303e-17,1.3480999657e-18,1.6407009295e-19,7.7817111728e-21,0.0000000000e+00,0.0000000000e+00,0.0000000000e+00,0.0000000000e+00,0.0000000000e+00,0.0000000000e+00,0.0000000000e+00,0.0000000000e+00,0.0000000000e+00,0.0000000000e+00,0.0000000000e+00,0.0000000000e+00,0.0000000000e+00,0.0000000000e+00,0.0000000000e+00,4.6544965789e-43,0.0000000000e+00,0.0000000000e+00,3.4233161584e-17,2.9447544173e-16,0.0000000000e+00,1.1750480281e-16,0.0000000000e+00,3.5182819482e-17,1.0715276140e-17,2.1697516783e-17,1.0802917211e-18,0.0000000000e+00,0.0000000000e+00,0.0000000000e+00,0.0000000000e+00,0.0000000000e+00,0.0000000000e+00,6.2991972205e-19,0.0000000000e+00,0.0000000000e+00,0.0000000000e+00,3.8275777089e-20,0.0000000000e+00,0.0000000000e+00,0.0000000000e+00,0.0000000000e+00,0.0000000000e+00,0.0000000000e+00,0.0000000000e+00,0.0000000000e+00
1.9429496147e+01,1,1.0368231653e+00,1.6815550106e+24,1.8997953367e+24,1.8997953367e+24,2.6414323928e+24,1.9978684358e+24,0.0000000000e+00,1.5029329827e-23,-4.9146388304e-19,3.2700319223e+04,0.0000000000e+00,4.9146388304e-19,2.8025247986e-18,0.0000000000e+00,6.2396307588e-16,0.0000000000e+00,6.4106620356e-16,0.0000000000e+00,7.6156970295e-16,1.6149863174e-16,9.8560074199e-16,3.6727661549e-16,1.6510409656e-16,3.0359423321e-17,1.4203061485e-17,1.8114065619e-18,2.4092176543e-19,2.4421838681e-20,0.0000000000e+00,0.0000000000e+00,0.0000000000e+00,0.0000000000e+00,0.0000000000e+00,0.0000000000e+00,0.0000000000e+00,0.0000000000e+00,0.0000000000e+00,0.0000000000e+00,0.0000000000e+00,0.0000000000e+00,0.0000000000e+00,0.0000000000e+00,0.0000000000e+00,4.6159123718e-43,0.0000000000e+00,0.0000000000e+00,3.4098544877e-17,2.9272496796e-16,0.0000000000e+00,1.1700599435e-16,0.0000000000e+00,3.5088105731e-17,1.0716891137e-17,2.2116114696e-17,1.1401329767e-18,0.0000000000e+00,0.0000000000e+00,0.0000000000e+00,0.0000000000e+00,0.0000000000e+00,0.0000000000e+00,7.4658921656e-19,0.0000000000e+00,0.0000000000e+00,0.0000000000e+00,6.7383481396e-20,0.0000000000e+00,0.0000000000e+00,0.0000000000e+00,0.0000000000e+00,0.0000000000e+00,0.0000000000e+00,0.0000000000e+00,0.0000000000e+00
2.0309176209e+01,1,1.0417033545e+00,1.6650127079e+24,1.8995371877e+24,1.8995371877e+24,2.6157203493e+24,1.9954125718e+24,0.0000000000e+00,1.4406903988e-23,-4.8756424929e-19,3.3842402900e+04,0.0000000000e+00,4.8756424929e-19,2.8373131933e-18,0.0000000000e+00,6.7558704259e-16,0.0000000000e+00,6.9335785805e-16,0.0000000000e+00,7.9697344175e-16,1.6159850073e-16,1.0444615098e-15,3.9893029167e-16,1.8445466852e-16,3.6158598372e-17,1.7270593928e-17,2.4350365439e-18,3.4423241575e-19,3.8186408254e-20,0.0000000000e+00,0.0000000000e+00,0.0000000000e+00,0.0000000000e+00,0.0000000000e+00,0.0000000000e+00,0.0000000000e+00,0.0000000000e+00,0.0000000000e+00,0.0000000000e+00,0.0000000000e+00,0.0000000000e+00,0.0000000000e+00,0.0000000000e+00,0.0000000000e+00,4.5792863484e-43,0.0000000000e+00,0.0000000000e+00,3.3962132117e-17,2.9103517107e-16,0.0000000000e+00,1.1650660783e-16,0.0000000000e+00,3.4986103369e-17,1.0713669555e-17,2.2541739908e-17,1.2032234502e-18,0.0000000000e+00,0.0000000000e+00,0.0000000000e+00,0.0000000000e+00,0.0000000000e+00,0.0000000000e+00,8.8115297206e-19,0.0000000000e+00,0.0000000000e+00,0.0000000000e+00,9.9538289574e-20,0.0000000000e+00,0.0000000000e+00,0.0000000000e+00,0.0000000000e+00,0.0000000000e+00,0.0000000000e+00,0.0000000000e+00,0.0000000000e+00
2.1228684221e+01,1,1.0465120906e+00,1.6489840736e+24,1.8991067574e+24,1.8991067574e+24,2.5903931532e+24,1.9927632072e+24,0.0000000000e+00,1.3812061733e-23,-4.8386404633e-19,3.5031992739e+04,0.0000000000e+00,4.8386404633e-19,2.8728252840e-18,0.0000000000e+00,7.3160870569e-16,0.0000000000e+00,7.5008127186e-16,0.0000000000e+00,8.3437075376e-16,1.6161538153e-16,1.1058600400e-15,4.3253289971e-16,2.0547905215e-16,4.2835501099e-17,2.0874826105e-17,3.2395801935e-18,4.8586714108e-19,5.8729596487e-20,0.0000000000e+00,0.0000000000e+00,0.0000000000e+00,0.0000000000e+00,0.0000000000e+00,0.0000000000e+00,0.0000000000e+00,0.0000000000e+00,0.0000000000e+00,0.0000000000e+00,0.0000000000e+00,0.0000000000e+00,0.0000000000e+00,0.0000000000e+00,0.0000000000e+00,4.5445334130e-43,0.0000000000e+00,0.0000000000e+00,3.3823426860e-17,2.8939751090e-16,0.0000000000e+00,1.1600480732e-16,0.0000000000e+00,3.4876467790e-17,1.0705681814e-17,2.2974292028e-17,1.2696882127e-18,0.0000000000e+00,0.0000000000e+00,0.0000000000e+00,0.0000000000e+00,0.0000000000e+00,0.0000000000e+00,1.0383988605e-18,0.0000000000e+00,0.0000000000e+00,0.0000000000e+00,1.4536671731e-19,0.0000000000e+00,0.0000000000e+00,0.0000000000e+00,0.0000000000e+00,0.0000000000e+00,0.0000000000e+00,0.0000000000e+00,0.0000000000e+00
2.2189823415e+01,1,1.0510868807e+00,1.6331544080e+24,1.8984637380e+24,1.8984637380e+24,2.5653903482e+24,1.9899855133e+24,0.0000000000e+00,1.3245386339e-23,-4.8033802551e-19,3.6264553800e+04,0.0000000000e+00,4.8033802551e-19,2.9086699729e-18,2.2308065782e-21,7.9212548923e-16,0.0000000000e+00,8.1132534410e-16,0.0000000000e+00,8.7309352020e-16,1.6148111672e-16,1.1681693911e-15,4.6758300664e-16,2.2820950559e-16,5.0674722453e-17,2.5223724600e-17,4.3261131689e-18,6.9428995903e-19,9.0142724427e-20,9.2767518856e-27,0.0000000000e+00,0.0000000000e+00,0.0000000000e+00,0.0000000000e+00,0.0000000000e+00,0.0000000000e+00,0.0000000000e+00,0.0000000000e+00,0.0000000000e+00,0.0000000000e+00,0.0000000000e+00,0.0000000000e+00,0.0000000000e+00,0.0000000000e+00,4.5108457610e-43,2.8933153696e-22,0.0000000000e+00,3.3679166894e-17,2.8781556496e-16,5.5260893398e-21,1.1550057650e-16,2.7800922001e-21,3.4754745775e-17,1.0688389800e-17,2.3409175496e-17,1.3413348752e-18,2.3367811895e-21,1.2859142656e-22,0.0000000000e+00,0.0000000000e+00,0.0000000000e+00,0.0000000000e+00,1.2694361004e-18,1.6577519274e-21,0.0000000000e+00,0.0000000000e+00,3.5256243233e-19,2.0890706427e-20,0.0000000000e+00,0.0000000000e+00,0.0000000000e+00,0.0000000000e+00,0.0000000000e+00,0.0000000000e+00,0.0000000000e+00
2.3194478661e+01,1,1.0558591909e+00,1.6180226606e+24,1.8977227808e+24,1.8977227808e+24,2.5406238179e+24,1.9870328515e+24,0.0000000000e+00,1.2702552708e-23,-4.7702274706e-19,3.7553297989e+04,0.0000000000e+00,4.7702274706e-19,2.9463625147e-18,4.1605199865e-21,8.5808237440e-16,0.0000000000e+00,8.7806486433e-16,0.0000000000e+00,9.1489091582e-16,1.6135048732e-16,1.2350122112e-15,5.0529463419e-16,2.5280132524e-16,5.9388913164e-17,3.0122581195e-17,5.6327818533e-18,9.5580799828e-19,1.3380759957e-19,1.7436416881e-26,0.0000000000e+00,0.0000000000e+00,0.0000000000e+00,0.0000000000e+00,0.0000000000e+00,0.0000000000e+00,0.0000000000e+00,0.0000000000e+00,0.0000000000e+00,0.0000000000e+00,0.0000000000e+00,0.0000000000e+00,0.0000000000e+00,0.0000000000e+00,4.4792125205e-43,5.4059526588e-22,0.0000000000e+00,3.3534775263e-17,2.8625450018e-16,1.0244625819e-20,1.1498820724e-16,5.1416892990e-21,3.4630360641e-17,1.0671630918e-17,2.3870517421e-17,1.4178320735e-18,4.3578365697e-21,2.4160088334e-22,0.0000000000e+00,0.0000000000e+00,0.0000000000e+00,0.0000000000e+00,1.5187051765e-18,3.0695563501e-21,0.0000000000e+00,0.0000000000e+00,5.5504174127e-19,3.8415182192e-20,0.0000000000e+00,0.0000000000e+00,0.0000000000e+00,0.0000000000e+00,0.0000000000e+00,0.0000000000e+00,0.0000000000e+00
2.4244620171e+01,1,1.0606532018e+00,1.6032466041e+24,1.8968374271e+24,1.8968374271e+24,2.5160125609e+24,1.9839425118e+24,0.0000000000e+00,1.2184070133e-23,-4.7387767325e-19,3.8893216148e+04,0.0000000000e+00,4.7387767325e-19,2.9854449216e-18,7.5008287709e-21,9.2961634882e-16,0.0000000000e+00,9.5042698788e-16,0.0000000000e+00,9.5909601019e-16,1.6115197953e-16,1.3047520383e-15,5.4518112879e-16,2.7930104849e-16,6.9266415396e-17,3.5782627221e-17,7.2677719424e-18,1.3017984267e-18,1.9579554868e-19,3.1622768939e-26,0.0000000000e+00,0.0000000000e+00,0.0000000000e+00,0.0000000000e+00,0.0000000000e+00,0.0000000000e+00,0.0000000000e+00,0.0000000000e+00,0.0000000000e+00,0.0000000000e+00,0.0000000000e+00,0.0000000000e+00,0.0000000000e+00,0.0000000000e+00,4.4488146054e-43,9.7603755925e-22,0.0000000000e+00,3.3387217174e-17,2.8472148225e-16,1.8380008913e-20,1.1446910619e-16,9.2068856481e-21,3.4498933149e-17,1.0650761639e-17,2.4350968686e-17,1.5003699631e-18,7.8561002330e-21,4.3806427473e-22,0.0000000000e+00,0.0000000000e+00,0.0000000000e+00,0.0000000000e+00,1.8278827080e-18,5.5017435811e-21,0.0000000000e+00,0.0000000000e+00,8.6896430851e-19,6.8463256707e-20,0.0000000000e+00,0.0000000000e+00,0.0000000000e+00,0.0000000000e+00,0.0000000000e+00,0.0000000000e+00,0.0000000000e+00
2.5342307358e+01,1,1.0655074201e+00,1.5887738703e+24,1.8958196398e+24,1.8958196398e+24,2.4914636300e+24,1.9807498354e+24,0.0000000000e+00,1.1689247124e-23,-4.7090548692e-19,4.0285356440e+04,0.0000000000e+00,4.7090548692e-19,3.0261991867e-18,1.3133064802e-20,1.0071772052e-15,0.0000000000e+00,1.0288665221e-15,0.0000000000e+00,1.0058590840e-15,1.6089043905e-16,1.3775184426e-15,5.8732191981e-16,3.0778287750e-16,8.0409019054e-17,4.2288770803e-17,9.2953836478e-18,1.7546919349e-18,2.8256036459e-19,5.5641312121e-26,0.0000000000e+00,0.0000000000e+00,0.0000000000e+00,0.0000000000e+00,0.0000000000e+00,0.0000000000e+00,0.0000000000e+00,0.0000000000e+00,0.0000000000e+00,0.0000000000e+00,0.0000000000e+00,0.0000000000e+00,0.0000000000e+00,0.0000000000e+00,4.4194496220e-43,1.7110489343e-21,0.0000000000e+00,3.3236072943e-17,2.8320793654e-16,3.2047203995e-20,1.1394137303e-16,1.6026140004e-20,3.4360564046e-17,1.0625942683e-17,2.4856522955e-17,1.5903352033e-18,1.3754422984e-20,7.7066436355e-22,0.0000000000e+00,0.0000000000e+00,0.0000000000e+00,0.0000000000e+00,2.2172182372e-18,9.5846803027e-21,0.0000000000e+00,0.0000000000e+00,1.3511977608e-18,1.1868524439e-19,0.0000000000e+00,0.0000000000e+00,0.0000000000e+00,0.0000000000e+00,0.0000000000e+00,0.0000000000e+00,0.0000000000e+00
2.6489692876e+01,1,1.0704684874e+00,1.5745505877e+24,1.8946853602e+24,1.8946853602e+24,2.4668670525e+24,1.9775095836e+24,0.0000000000e+00,1.1217688058e-23,-4.6812102679e-19,4.1730615469e+04,0.0000000000e+00,4.6812102679e-19,3.0689633285e-18,2.2391374751e-20,1.0912441094e-15,0.0000000000e+00,1.1138688044e-15,0.0000000000e+00,1.0553363984e-15,1.6057093589e-16,1.4534455719e-15,6.3179866729e-16,3.3831808105e-16,9.2920429362e-17,4.9730419633e-17,1.1788254344e-17,2.3414126415e-18,4.0235627882e-19,9.5273168755e-26,0.0000000000e+00,0.0000000000e+00,0.0000000000e+00,0.0000000000e+00,0.0000000000e+00,0.0000000000e+00,0.0000000000e+00,0.0000000000e+00,0.0000000000e+00,0.0000000000e+00,0.0000000000e+00,0.0000000000e+00,0.0000000000e+00,0.0000000000e+00,4.3909120976e-43,2.9204663353e-21,0.0000000000e+00,3.3080826823e-17,2.8170469018e-16,5.4437855215e-20,1.1340277720e-16,2.7182629214e-20,3.4215327368e-17,1.0597298819e-17,2.5395160733e-17,1.6896197249e-18,2.3449751022e-20,1.3194274378e-21,0.0000000000e+00,0.0000000000e+00,0.0000000000e+00,0.0000000000e+00,2.7149291053e-18,1.6269005378e-20,0.0000000000e+00,0.0000000000e+00,2.0838936300e-18,2.0057536463e-19,0.0000000000e+00,0.0000000000e+00,0.0000000000e+00,0.0000000000e+00,0.0000000000e+00,0.0000000000e+00,0.0000000000e+00
2.7689026842e+01,1,1.0751997678e+00,1.5607500624e+24,1.8930757915e+24,1.8930757915e+24,2.4436956368e+24,1.9742358085e+24,0.0000000000e+00,1.0784635479e-23,-4.6628521661e-19,4.3236066486e+04,0.0000000000e+00,4.6628521661e-19,3.1128702900e-18,8.8377993287e-20,1.1815303955e-15,0.0000000000e+00,1.2053604848e-15,0.0000000000e+00,1.1059963788e-15,1.6012621293e-16,1.5291430908e-15,6.7727987056e-16,3.7056331954e-16,1.0721179877e-16,5.8469416373e-17,1.5017489703e-17,3.1492339224e-18,5.7738694388e-19,8.3732081838e-22,1.9645121280e-21,8.0237432592e-21,2.7852023119e-21,6.0730077227e-22,5.2243015496e-22,2.8332419188e-22,4.9343052735e-22,1.2073451691e-22,0.0000000000e+00,0.0000000000e+00,0.0000000000e+00,0.0000000000e+00,0.0000000000e+00,0.0000000000e+00,4.3638597355e-43,7.8942753850e-21,0.0000000000e+00,3.2915287962e-17,2.8022339390e-16,1.3450574275e-19,1.1284346576e-16,6.0820844660e-20,3.4068521633e-17,1.0569872449e-17,2.5940034919e-17,1.7948449891e-18,6.2137728337e-20,7.1605793058e-20,2.5173885384e-20,0.0000000000e+00,0.0000000000e+00,0.0000000000e+00,3.3051347030e-18,2.9184450204e-20,0.0000000000e+00,0.0000000000e+00,2.9492107468e-18,3.0293004482e-19,0.0000000000e+00,0.0000000000e+00,0.0000000000e+00,0.0000000000e+00,0.0000000000e+00,0.0000000000e+00,0.0000000000e+00
2.8942661247e+01,1,1.0804337622e+00,1.5474250747e+24,1.8921381250e+24,1.8921381250e+24,2.4207183409e+24,1.9716780438e+24,0.0000000000e+00,1.0361793065e-23,-4.6427263118e-19,4.4806205668e+04,0.0000000000e+00,4.6427263118e-19,3.1596474100e-18,1.4991925744e-19,1.2800878810e-15,0.0000000000e+00,1.3051715579e-15,0.0000000000e+00,1.1607320879e-15,1.5964162345e-16,1.6103600016e-15,7.2617731476e-16,4.0525710476e-16,1.2293622933e-16,6.8219309762e-17,1.8825462374e-17,4.1486374806e-18,8.0787837694e-19,1.4198848644e-21,3.4808762093e-21,1.4343940400e-20,5.3616066385e-21,1.3838592851e-21,1.1592117614e-21,7.3375306024e-22,1.4215544772e-21,6.7465140500e-22,0.0000000000e+00,0.0000000000e+00,0.0000000000e+00,0.0000000000e+00,0.0000000000e+00,0.0000000000e+00,4.3354872669e-43,1.2695601971e-20,0.0000000000e+00,3.2751424056e-17,2.7867879850e-16,2.1659911501e-19,1.1229573448e-16,9.8002064768e-20,3.3924300362e-17,1.0540537692e-17,2.6559513683e-17,1.9179356458e-18,9.9937343804e-20,1.1549436691e-19,5.1847164076e-20,4.3188829167e-24,0.0000000000e+00,0.0000000000e+00,4.1161004918e-18,4.6973176387e-20,0.0000000000e+00,0.0000000000e+00,4.4319477210e-18,4.8582782365e-19,0.0000000000e+00,0.0000000000e+00,0.0000000000e+00,0.0000000000e+00,0.0000000000e+00,0.0000000000e+00,0.0000000000e+00
3.0253054571e+01,1,1.0860944541e+00,1.5338688008e+24,1.8907860231e+24,1.8907860231e+24,2.3965189287e+24,1.9690026956e+24,0.0000000000e+00,9.9723552022e-24,-4.6294736465e-19,4.6423072109e+04,0.0000000000e+00,4.6294736465e-19,3.2112769553e-18,2.4742455205e-19,1.3868764085e-15,0.0000000000e+00,1.4134275997e-15,0.0000000000e+00,1.2193744681e-15,1.5918202139e-16,1.6967090173e-15,7.7817453848e-16,4.4229477638e-16,1.4016364438e-16,7.9040795867e-17,2.3259468150e-17,5.3614120545e-18,1.1019409949e-18,2.3825881253e-21,5.9820814044e-21,2.4740259914e-20,9.4206591023e-21,2.4626096453e-21,2.0658331484e-21,1.3224010609e-21,2.5771549238e-21,1.2451434524e-21,0.0000000000e+00,0.0000000000e+00,0.0000000000e+00,0.0000000000e+00,0.0000000000e+00,0.0000000000e+00,4.3081953789e-43,2.0222012784e-20,0.0000000000e+00,3.2579854528e-17,2.7714736653e-16,3.4757088610e-19,1.1170616275e-16,1.5688882981e-19,3.3775314659e-17,1.0513334815e-17,2.7264486034e-17,2.0603404597e-18,1.6026194092e-19,1.8942720708e-19,9.2372028858e-20,8.2787859213e-24,0.0000000000e+00,0.0000000000e+00,5.1594880169e-18,7.4644075972e-20,0.0000000000e+00,0.0000000000e+00,6.5342214636e-18,7.6412551960e-19,0.0000000000e+00,0.0000000000e+00,0.0000000000e+00,0.0000000000e+00,0.0000000000e+00,0.0000000000e+00,0.0000000000e+00
3.1622776602e+01,1,1.0921800386e+00,1.5204356018e+24,1.8894482400e+24,1.8894482400e+24,2.3722198027e+24,1.9669180695e+24,0.0000000000e+00,9.6139252847e-24,-4.6241596572e-19,4.8098560372e+04,0.0000000000e+00,4.6241596572e-19,3.2671870375e-18,4.0062853980e-19,1.5023497956e-15,0.0000000000e+00,1.5306626184e-15,0.0000000000e+00,1.2813919476e-15,1.5868910842e-16,1.7867674326e-15,8.3284837636e-16,4.8162974297e-16,1.5916988726e-16,9.1183977421e-17,2.8531003217e-17,6.8685455571e-18,1.4859392675e-18,3.9165531215e-21,1.0062776433e-20,4.1758712228e-20,1.6186829497e-20,4.2846358396e-21,3.5985743150e-21,2.3284396081e-21,4.5632920796e-21,2.2425764943e-21,0.0000000000e+00,0.0000000000e+00,0.0000000000e+00,0.0000000000e+00,0.0000000000e+00,0.0000000000e+00,4.2808479598e-43,3.1556900208e-20,0.0000000000e+00,3.2401126472e-17,2.7558248505e-16,5.4684922787e-19,1.1109354864e-16,2.4630409753e-19,3.3629564443e-17,1.0489268080e-17,2.8063549257e-17,2.2265150475e-18,2.5188635221e-19,3.0430235455e-19,1.6077348086e-19,1.5466782185e-23,0.0000000000e+00,0.0000000000e+00,6.5283696338e-18,1.1631873948e-19,0.0000000000e+00,0.0000000000e+00,9.5277345322e-18,1.1788371591e-18,0.0000000000e+00,0.0000000000e+00,0.0000000000e+00,0.0000000000e+00,0.0000000000e+00,0.0000000000e+00,0.0000000000e+00
3.3054513476e+01,1,1.0986620881e+00,1.5071165480e+24,1.8879574183e+24,1.8879574183e+24,2.3479543196e+24,1.9656598556e+24,3.7926881808e-29,9.2947847769e-24,-4.6319954817e-19,4.9834552317e+04,1.8900691757e-24,4.6320143824e-19,3.3281996239e-18,6.4169319799e-19,1.6268209608e-15,0.0000000000e+00,1.6573296717e-15,0.0000000000e+00,1.3460139372e-15,1.5809508866e-16,1.8787655577e-15,8.8939785417e-16,5.2294587998e-16,1.8023730734e-16,1.0494938781e-16,3.4948207320e-17,8.7977977607e-18,2.0029849598e-18,6.3910595708e-21,1.6772553328e-20,6.9654088491e-20,2.7722921359e-20,7.4745455537e-21,6.3387589764e-21,4.1920137439e-21,8.3199903978e-21,4.2700512547e-21,4.5932608365e-22,1.0133822151e-22,6.7472098321e-25,0.0000000000e+00,0.0000000000e+00,0.0000000000e+00,4.2537300407e-43,4.9046245707e-20,0.0000000000e+00,3.2205974117e-17,2.7400769703e-16,8.5497156325e-19,1.1041979880e-16,3.8439324661e-19,3.3478644683e-17,1.0466917872e-17,2.8987396108e-17,2.4262481703e-18,3.9364710077e-19,4.8438095114e-19,2.7189288206e-19,5.0498994642e-23,9.0003294080e-24,0.0000000000e+00,8.3934918561e-18,1.8049148413e-19,0.0000000000e+00,0.0000000000e+00,1.3923080218e-17,1.8120479907e-18,0.0000000000e+00,0.0000000000e+00,0.0000000000e+00,0.0000000000e+00,0.0000000000e+00,0.0000000000e+00,0.0000000000e+00
3.4551072946e+01,1,1.1060807530e+00,1.4938379235e+24,1.8868886474e+24,1.8868886474e+24,2.3234205549e+24,1.9659153901e+24,7.2929062922e-29,9.0126293731e-24,-4.6532467676e-19,5.1630708740e+04,3.7653792064e-24,4.6532844214e-19,3.3959112781e-18,1.0001127248e-18,1.7614558850e-15,0.0000000000e+00,1.7947566548e-15,0.0000000000e+00,1.4152750727e-15,1.5757043460e-16,1.9766118962e-15,9.4964351139e-16,5.6696887116e-16,2.0307380662e-16,1.2003568786e-16,4.2249639826e-17,1.1072144066e-17,2.6389742410e-18,1.0097336950e-20,2.7079577908e-20,1.1275109637e-19,4.5711039624e-20,1.2489297363e-20,1.0613198737e-20,7.0996884648e-21,1.4175378289e-20,7.4088746452e-21,8.9191747535e-22,2.0010944840e-22,1.3458664044e-24,0.0000000000e+00,0.0000000000e+00,0.0000000000e+00,4.2253348512e-43,7.3571422142e-20,0.0000000000e+00,3.2009065868e-17,2.7232267724e-16,1.2940828020e-18,1.0974744859e-16,5.8079402834e-19,3.3356914965e-17,1.0459853018e-17,3.0074502256e-17,2.6639315602e-18,5.9491344424e-19,7.4694997887e-19,4.5168101289e-19,9.2926558655e-23,1.7930377173e-23,0.0000000000e+00,1.0779135545e-17,2.7078659051e-19,0.0000000000e+00,0.0000000000e+00,1.9811376036e-17,2.6926163769e-18,0.0000000000e+00,0.0000000000e+00,0.0000000000e+00,0.0000000000e+00,0.0000000000e+00,0.0000000000e+00,0.0000000000e+00
3.6115389887e+01,1,1.1144567565e+00,1.4806001275e+24,1.8861014576e+24,1.8861014576e+24,2.2986903254e+24,1.9680963019e+24,1.3589574773e-28,8.7778826572e-24,-4.6951295426e-19,5.3489006578e+04,7.2689285441e-24,4.6952022319e-19,3.4714861313e-18,1.5326271900e-18,1.9065164129e-15,0.0000000000e+00,1.9434603629e-15,0.0000000000e+00,1.4883557585e-15,1.5704769622e-16,2.0784504994e-15,1.0127566012e-15,6.1337448386e-16,2.2795073892e-16,1.3673474745e-16,5.0737909189e-17,1.3822147043e-17,3.4406680199e-18,1.5669795675e-20,4.2910251213e-20,1.7908929827e-19,7.3915633192e-20,2.0459036029e-20,1.7420129587e-20,1.1781552310e-20,2.3657138486e-20,1.2578949289e-20,1.6825359497e-21,3.8328135633e-22,2.6009020857e-24,0.0000000000e+00,0.0000000000e+00,0.0000000000e+00,4.1960078907e-43,1.0840128599e-19,0.0000000000e+00,3.1800475374e-17,2.7055525963e-16,1.9250780989e-18,1.0903521211e-16,8.6262441649e-19,3.3259066867e-17,1.0468855918e-17,3.1368532757e-17,2.9525605569e-18,8.8339117882e-19,1.1310891794e-18,7.3499662462e-19,1.6678660851e-22,3.4613945448e-23,0.0000000000e+00,1.3905303955e-17,3.9936663557e-19,0.0000000000e+00,0.0000000000e+00,2.7853476434e-17,3.9339272844e-18,0.0000000000e+00,0.0000000000e+00,0.0000000000e+00,0.0000000000e+00,0.0000000000e+00,0.0000000000e+00,0.0000000000e+00
3.7750532053e+01,1,1.1240549778e+00,1.4673798191e+24,1.8857372240e+24,1.8857372240e+24,2.2737293189e+24,1.9728975246e+24,2.4602527067e-28,8.5988006139e-24,-4.7645092696e-19,5.5410583495e+04,1.3632403802e-23,4.7646455937e-19,3.5566669750e-18,2.3108056552e-18,2.0625354538e-15,0.0000000000e+00,2.1043199204e-15,0.0000000000e+00,1.5653635045e-15,1.5654419799e-16,2.1843109178e-15,1.0787635822e-15,6.6215464446e-16,2.5493248614e-16,1.5513311852e-16,6.0534973139e-17,1.7118367596e-17,4.4401273136e-18,2.3903667796e-20,6.6786703773e-20,2.7933865383e-19,1.1731024945e-19,3.2882916397e-20,2.8052673597e-20,1.9172387992e-20,3.8705833795e-20,2.0917282691e-20,3.0890356891e-21,7.1357999730e-22,4.8827156150e-24,0.0000000000e+00,0.0000000000e+00,0.0000000000e+00,4.1653905369e-43,1.5699279486e-19,0.0000000000e+00,3.1578144337e-17,2.6868447204e-16,2.8164216708e-18,1.0827567570e-16,1.2602552894e-18,3.3197275734e-17,1.0501394842e-17,3.2926424344e-17,3.3058350116e-18,1.2897340543e-18,1.6831389978e-18,1.1725575543e-18,2.9231954106e-22,6.4916208582e-23,0.0000000000e+00,1.7981391129e-17,5.7939860349e-19,0.0000000000e+00,0.0000000000e+00,3.8687688226e-17,5.6545982427e-18,0.0000000000e+00,0.0000000000e+00,0.0000000000e+00,0.0000000000e+00,0.0000000000e+00,0.0000000000e+00,0.0000000000e+00
3.9459706091e+01,1,1.1350476813e+00,1.4541241952e+24,1.8860220285e+24,1.8860220285e+24,2.2490628016e+24,1.9814921405e+24,1.9120849374e-27,8.4918510597e-24,-4.8728281143e-19,5.7395325558e+04,1.0974473748e-22,4.8739255617e-19,3.6529452247e-18,3.4508063901e-18,2.2266511213e-15,2.2573945141e-21,2.2750021072e-15,0.0000000000e+00,1.6434771850e-15,1.5609706920e-16,2.2892585587e-15,1.1451007465e-15,7.1184336402e-16,2.8378567373e-16,1.7522321392e-16,7.1870303446e-17,2.1109264151e-17,5.7038791684e-18,3.6079819575e-20,1.0266018568e-19,4.2976389372e-19,1.8373284196e-19,5.1966856738e-20,4.4556647842e-20,3.0748203686e-20,6.2401064674e-20,3.4053917906e-20,9.4900883035e-21,9.1579631264e-22,1.0169929629e-22,2.9307296515e-22,0.0000000000e+00,0.0000000000e+00,4.1329168356e-43,2.2549529914e-19,0.0000000000e+00,3.1338829754e-17,2.6666354314e-16,4.0858720822e-18,1.0746411252e-16,1.8257880998e-18,3.3192868767e-17,1.0568031496e-17,3.4818546815e-17,3.7435689459e-18,1.8671756596e-18,2.4812649569e-18,1.8399509901e-18,5.1289805054e-22,5.2259398799e-22,0.0000000000e+00,2.3375363972e-17,8.3385386233e-19,4.9852552181e-23,0.0000000000e+00,5.3462174979e-17,8.0640615301e-18,0.0000000000e+00,0.0000000000e+00,0.0000000000e+00,0.0000000000e+00,0.0000000000e+00,0.0000000000e+00,0.0000000000e+00
4.1246263829e+01,1,1.1481500998e+00,1.4408726617e+24,1.8870799881e+24,1.8870799881e+24,2.2236661022e+24,1.9942877332e+24,3.4873199355e-27,8.4564372852e-24,-5.0249884231e-19,5.9446565326e+04,2.0730919236e-22,5.0270615150e-19,3.7642366306e-18,5.0390400068e-18,2.4059501070e-15,4.4828738763e-21,2.4631484177e-15,0.0000000000e+00,1.7285869968e-15,1.5570014362e-16,2.4032178409e-15,1.2169079081e-15,7.6524022863e-16,3.1506680181e-16,1.9721406733e-16,8.4633760691e-17,2.5725155757e-17,7.2097996566e-18,5.3225983337e-20,1.5426731748e-19,6.4673062773e-19,2.8120554933e-19,8.0439525399e-20,6.9156869304e-20,4.8188796955e-20,9.8284657849e-20,5.4370502072e-20,1.7312054268e-20,1.6002772765e-21,1.9330945098e-22,5.8200245067e-22,0.0000000000e+00,0.0000000000e+00,4.0984042197e-43,3.1591535184e-19,0.0000000000e+00,3.1080901139e-17,2.6450841412e-16,5.7873593829e-18,1.0658057206e-16,2.5831921932e-18,3.3255896881e-17,1.0680044975e-17,3.7132348208e-17,4.2807701953e-18,2.6381660566e-18,3.5695216546e-18,2.8228445133e-18,8.6352119274e-22,9.8718663028e-22,0.0000000000e+00,3.0183303743e-17,1.1718346843e-18,1.0186683207e-22,0.0000000000e+00,7.2416737237e-17,1.1230614474e-17,0.0000000000e+00,0.0000000000e+00,0.0000000000e+00,0.0000000000e+00,0.0000000000e+00,0.0000000000e+00,0.0000000000e+00
4.3113708854e+01,1,1.1636258816e+00,1.4275959318e+24,1.8892062662e+24,1.8892062662e+24,2.1980539283e+24,2.0126741858e+24,6.1861938951e-27,8.5105766232e-24,-5.2357298302e-19,6.1565021899e+04,3.8085316262e-22,5.2395383618e-19,3.8925848990e-18,7.2520118888e-18,2.5973274250e-15,8.6049798783e-21,2.6665139310e-15,0.0000000000e+00,1.8176779825e-15,1.5539913834e-16,2.5209102113e-15,1.2914667511e-15,8.2080574716e-16,3.4851866703e-16,2.2108301738e-16,9.9044114851e-17,3.1112849752e-17,9.0260741744e-18,7.7340133900e-20,2.2816574664e-19,9.5765875505e-19,4.2335668268e-19,1.2242020715e-19,1.0554950743e-19,7.4231825119e-20,1.5212388042e-19,8.5224971871e-20,3.0820591601e-20,2.7277502583e-21,3.5711239477e-22,1.1171671377e-21,0.0000000000e+00,0.0000000000e+00,4.0612969348e-43,4.3590849061e-19,0.0000000000e+00,3.0801125941e-17,2.6217139301e-16,8.0771531240e-18,1.0562107826e-16,3.6016970895e-18,3.3416853985e-17,1.0853109137e-17,3.9958208426e-17,4.9421639491e-18,3.6720963980e-18,5.0565547436e-18,4.2554199266e-18,1.4242267943e-21,1.8135864887e-21,0.0000000000e+00,3.8850239102e-17,1.6230490557e-18,2.0007362457e-22,0.0000000000e+00,9.6927612200e-17,1.5416297175e-17,0.0000000000e+00,0.0000000000e+00,0.0000000000e+00,0.0000000000e+00,0.0000000000e+00,0.0000000000e+00,0.0000000000e+00
4.5065703377e+01,1,1.1819885903e+00,1.4142853375e+24,1.8926982803e+24,1.8926982803e+24,2.1722486771e+24,2.0378781015e+24,1.0694972106e-26,8.6679200777e-24,-5.5191670493e-19,6.3752149009e+04,6.8182745536e-22,5.5259853239e-19,4.0412810496e-18,1.0290737435e-17,2.8008818797e-15,1.6029621723e-20,2.8862767118e-15,0.0000000000e+00,1.9106319347e-15,1.5522907212e-16,2.6420608637e-15,1.3686190301e-15,8.7838372384e-16,3.8410147973e-16,2.4684693237e-16,1.1519103344e-16,3.7345583124e-17,1.1193163868e-17,1.1074876086e-19,3.3233095397e-19,1.3961478296e-18,6.2732081288e-19,1.8328442781e-19,1.5850140024e-19,1.1246494508e-19,2.3152513569e-19,1.3123892427e-19,5.3619826203e-20,4.5401673257e-21,6.4254713661e-22,2.0810933752e-21,0.0000000000e+00,0.0000000000e+00,4.0210874320e-43,5.9269834292e-19,0.0000000000e+00,3.0496184830e-17,2.5962143856e-16,1.1112949241e-17,1.0457400132e-16,4.9511904147e-18,3.3707005038e-17,1.1106079718e-17,4.3406162910e-17,5.7540656691e-18,5.0377753845e-18,7.0573134094e-18,6.3073357497e-18,2.3030604335e-21,3.2467974065e-21,0.0000000000e+00,4.9777206777e-17,2.2166588609e-18,3.8018120607e-22,0.0000000000e+00,1.2820880053e-16,2.0868378953e-17,0.0000000000e+00,0.0000000000e+00,0.0000000000e+00,0.0000000000e+00,0.0000000000e+00,0.0000000000e+00,0.0000000000e+00
4.7106075420e+01,1,1.2038177970e+00,1.4009358160e+24,1.8978966986e+24,1.8978966986e+24,2.1462880887e+24,2.0711728986e+24,1.8044165825e-26,8.9427615506e-24,-5.8911636766e-19,6.6009526382e+04,1.1910868401e-21,5.9030745450e-19,4.2140270086e-18,1.4404205133e-17,3.0165088357e-15,2.9042120042e-20,3.1237079529e-15,0.0000000000e+00,2.0072366817e-15,1.5523008361e-16,2.7662770015e-15,1.4481327555e-15,9.3776242956e-16,4.2173442952e-16,2.7449200457e-16,1.3314317661e-16,4.4490714410e-17,1.3750945486e-17,1.5636397283e-19,4.7692951131e-19,2.0049560123e-18,9.1539285958e-19,2.7009410411e-19,2.3431578232e-19,1.6767539484e-19,3.4668523578e-19,1.9866071294e-19,9.1245730122e-20,7.3860128977e-21,1.1276109142e-21,3.7704797198e-21,0.0000000000e+00,0.0000000000e+00,3.9772421824e-43,7.9449452823e-19,0.0000000000e+00,3.0162527660e-17,2.5682573609e-16,1.5079522050e-17,1.0342695719e-16,6.7135948986e-18,3.4163962578e-17,1.1461586569e-17,4.7599560780e-17,6.7459193167e-18,6.8151707262e-18,9.7090727704e-18,9.1970818794e-18,3.6539750342e-21,5.6718420956e-21,0.0000000000e+00,6.3412352842e-17,2.9865131824e-18,7.0116572442e-22,0.0000000000e+00,1.6761222926e-16,2.7868822815e-17,0.0000000000e+00,0.0000000000e+00,0.0000000000e+00,0.0000000000e+00,0.0000000000e+00,0.0000000000e+00,0.0000000000e+00
4.9238826317e+01,1,1.2301634392e+00,1.3874407199e+24,1.9056072202e+24,1.9056072202e+24,2.1202128561e+24,2.1155907034e+24,3.3105897005e-26,9.3760266222e-24,-6.3843687036e-19,6.8333756557e+04,2.2622503065e-21,6.4069912067e-19,4.4192897750e-18,2.0062003994e-17,3.2461200217e-15,7.0147191422e-20,3.3831859381e-15,0.0000000000e+00,2.1069008922e-15,1.5536539562e-16,2.8912389211e-15,1.5291653919e-15,9.9844877228e-16,4.6185701647e-16,3.0459627911e-16,1.5367425175e-16,5.2950217846e-17,1.6863400084e-17,2.1951499686e-19,6.8001838703e-19,2.8593616478e-18,1.3264886916e-18,3.9487090829e-19,3.4369001562e-19,2.4784121609e-19,5.1495060938e-19,2.9738423473e-19,1.5044405865e-19,1.1799058389e-20,2.0829990569e-21,9.1070680197e-21,6.9894960390e-23,0.0000000000e+00,3.9286457995e-43,1.0590935951e-18,0.0000000000e+00,2.9785311170e-17,2.5373264153e-16,2.0355447265e-17,1.0214128105e-16,9.0568707318e-18,3.4848066513e-17,1.1956474484e-17,5.2803082402e-17,7.9855483505e-18,9.1703209930e-18,1.3281796346e-17,1.3303809700e-17,5.7417400200e-21,1.0509682323e-20,0.0000000000e+00,8.0823144223e-17,4.0036245562e-18,2.9835194779e-21,0.0000000000e+00,2.1835095683e-16,3.7032579041e-17,5.0658754093e-22,0.0000000000e+00,0.0000000000e+00,0.0000000000e+00,0.0000000000e+00,0.0000000000e+00,0.0000000000e+00
5.1468138568e+01,1,1.2609969547e+00,1.3740350231e+24,1.9154512908e+24,1.9154512908e+24,2.0943231774e+24,2.1688524911e+24,5.4284590220e-26,9.9314302275e-24,-6.9868897640e-19,7.0737944145e+04,3.8399803109e-21,7.0252895671e-19,4.6533660969e-18,2.7329307755e-17,3.4845397666e-15,1.2443731031e-19,3.6603449168e-15,0.0000000000e+00,2.2096978362e-15,1.5586074279e-16,3.0198310777e-15,1.6123310992e-15,1.0604982490e-15,5.0312326134e-16,3.3579922860e-16,1.7534415306e-16,6.2096684509e-17,2.0319860846e-17,3.0138774583e-19,9.4772017207e-19,3.9852998283e-18,1.8780511192e-18,5.6392028865e-19,4.9258461233e-19,3.5794149758e-19,7.4686990312e-19,4.3500264973e-19,2.4523117140e-19,1.8347864621e-20,3.5286631940e-21,1.6155444376e-20,1.4105009423e-22,0.0000000000e+00,3.8757807967e-43,1.3803243617e-18,0.0000000000e+00,2.9382552963e-17,2.5033464698e-16,2.6873779318e-17,1.0075293919e-16,1.1951224741e-17,3.5784223787e-17,1.2604504366e-17,5.8922620610e-17,9.4407860930e-18,1.2066539286e-17,1.7761413744e-17,1.8785109547e-17,8.7848306526e-21,1.7755003507e-20,0.0000000000e+00,1.0144639305e-16,5.2508935130e-18,5.4833162835e-21,0.0000000000e+00,2.7871650847e-16,4.8145059374e-17,9.7850377597e-22,0.0000000000e+00,0.0000000000e+00,0.0000000000e+00,0.0000000000e+00,0.0000000000e+00,0.0000000000e+00
5.3798384034e+01,1,1.2973623011e+00,1.3606048620e+24,1.9282505015e+24,1.9282505015e+24,2.0685717729e+24,2.2334198562e+24,8.7204841108e-26,1.0644987959e-23,-7.7302716451e-19,7.3218700919e+04,6.3850251798e-21,7.7941218969e-19,4.9246527623e-18,3.6765987090e-17,3.7330497955e-15,2.1554687032e-19,3.9596475615e-15,0.0000000000e+00,2.3147896046e-15,1.5667550846e-16,3.1494540214e-15,1.6966166600e-15,1.1233152073e-15,5.4588729568e-16,3.6859460999e-16,1.9882902766e-16,7.2281293856e-17,2.4263791099e-17,4.0853111463e-19,1.3031674049e-18,5.4788845824e-18,2.6223633481e-18,7.9381565608e-19,6.9602692810e-19,5.0947765633e-19,1.0674660571e-18,6.2645410930e-19,3.9193724486e-19,2.7954025948e-20,5.8518222980e-21,2.7984014323e-20,2.7352728341e-22,0.0000000000e+00,3.8176612324e-43,1.7759020753e-18,0.0000000000e+00,2.8940093985e-17,2.4659102986e-16,3.5035111883e-17,9.9226625447e-17,1.5574690136e-17,3.7040696955e-17,1.3447013287e-17,6.6217071150e-17,1.1178029435e-17,1.5676549207e-17,2.3444594427e-17,2.6136031927e-17,1.3215458508e-20,2.9375898219e-20,0.0000000000e+00,1.2632533310e-16,6.8023499253e-18,9.8132828465e-21,0.0000000000e+00,3.5182576629e-16,6.1825716459e-17,1.8306044154e-21,0.0000000000e+00,0.0000000000e+00,0.0000000000e+00,0.0000000000e+00,0.0000000000e+00,0.0000000000e+00
5.6234132519e+01,1,1.3400043219e+00,1.3471622053e+24,1.9444667482e+24,1.9444667482e+24,2.0430723420e+24,2.3098087213e+24,1.3735514097e-25,1.1526848053e-23,-8.6308033382e-19,7.5778644450e+04,1.0408586391e-20,8.7348892021e-19,5.2379115392e-18,4.8859599364e-17,3.9903271128e-15,3.6495683203e-19,4.2828483740e-15,0.0000000000e+00,2.4214513413e-15,1.5786545757e-16,3.2791172179e-15,1.7814060668e-15,1.1864114527e-15,5.8985013301e-16,4.0279012012e-16,2.2404882106e-16,8.3507814870e-17,2.8712955208e-17,5.4689428300e-19,1.7686013422e-18,7.4320616988e-18,3.6126253210e-18,1.1018464741e-18,9.6998524407e-19,7.1495700869e-19,1.5040753639e-18,8.8856809698e-19,6.1453680077e-19,4.1756767155e-20,9.5076783200e-21,4.7381607533e-20,5.1285401905e-22,0.0000000000e+00,3.7538110809e-43,2.2562590399e-18,0.0000000000e+00,2.8454654130e-17,2.4247230004e-16,4.5116538673e-17,9.7551069486e-17,2.0050584842e-17,3.8680622602e-17,1.4521674880e-17,7.4836029016e-17,1.3232653663e-17,2.0115156683e-17,3.0556083623e-17,3.5845232497e-17,1.9557878038e-20,4.7635389125e-20,0.0000000000e+00,1.5599400469e-16,8.7069311806e-18,1.7127678706e-20,0.0000000000e+00,4.3925159075e-16,7.8445037602e-17,3.3268322313e-21,0.0000000000e+00,0.0000000000e+00,0.0000000000e+00,0.0000000000e+00,0.0000000000e+00,0.0000000000e+00
5.8780160723e+01,1,1.3902463434e+00,1.3328657973e+24,1.9643352748e+24,1.9643352748e+24,2.0176163782e+24,2.3991738564e+24,2.2455830311e-25,1.2616899342e-23,-9.7119282923e-19,7.8370408482e+04,1.7598725943e-20,9.8879155518e-19,5.6024566458e-18,6.4398169210e-17,4.2529965072e-15,6.2388836339e-19,4.6313250307e-15,0.0000000000e+00,2.5276351922e-15,1.5947576731e-16,3.4062885403e-15,1.8647898573e-15,1.2480497786e-15,6.3410996357e-16,4.3794117453e-16,2.5104098278e-16,9.5929518067e-17,3.3780080376e-17,7.2584936755e-19,2.3782588213e-18,9.9864187085e-18,4.9290265350e-18,1.5139385899e-18,1.3379951231e-18,9.9266747943e-19,2.0972766959e-18,1.2459803834e-18,9.4486458169e-19,6.1430205174e-20,1.5231400048e-20,8.0998164672e-20,1.9639048613e-21,9.1688006710e-26,3.6816995053e-43,2.8418803475e-18,0.0000000000e+00,2.7907098637e-17,2.3780678762e-16,5.7614798284e-17,9.5656267056e-17,2.5600181268e-17,4.0798634005e-17,1.5891258952e-17,8.5075915156e-17,1.5676678042e-17,2.5592574652e-17,3.9477883611e-17,4.8655373384e-17,2.8594184719e-20,7.6415088900e-20,0.0000000000e+00,1.9159008057e-16,1.1055023705e-17,3.0082724923e-20,0.0000000000e+00,5.4442503386e-16,9.8730324721e-17,6.8361927941e-21,0.0000000000e+00,0.0000000000e+00,0.0000000000e+00,0.0000000000e+00,0.0000000000e+00,0.0000000000e+00
6.1441461614e+01,1,1.4476740790e+00,1.3194876190e+24,1.9888002525e+24,1.9888002525e+24,1.9931269387e+24,2.4989916322e+24,3.4573103165e-25,1.3853689648e-23,-1.0954699476e-18,8.1098112504e+04,2.8038134101e-20,1.1235080817e-18,6.0140460769e-18,8.3542391792e-17,4.5224569950e-15,1.0199382382e-18,5.0084988667e-15,0.0000000000e+00,2.6347905127e-15,1.6158984764e-16,3.5326087837e-15,1.9484322196e-15,1.3100248195e-15,6.7933715061e-16,4.7414141434e-16,2.7926848267e-16,1.0914037134e-16,3.9248223253e-17,9.4809072136e-19,3.1456069129e-18,1.3194325597e-17,6.6131647884e-18,2.0442841983e-18,1.8145367044e-18,1.3546503865e-18,2.8738608423e-18,1.7154283843e-18,1.4261219626e-18,8.8346922552e-20,2.3837775527e-20,1.3241651907e-19,3.7121283000e-21,2.2437900898e-25,3.6052474313e-43,3.5221494250e-18,0.0000000000e+00,2.7327918722e-17,2.3286863421e-16,7.2414279688e-17,9.3656249180e-17,3.2172649874e-17,4.3414560208e-17,1.7554428334e-17,9.6774762165e-17,1.8467426079e-17,3.2044422957e-17,5.0184478387e-17,6.4884584780e-17,4.1006651336e-20,1.1954940707e-19,0.0000000000e+00,2.3235964854e-16,1.3819107670e-17,5.0544615791e-20,0.0000000000e+00,6.6489718012e-16,1.2233312904e-16,1.2101460693e-20,0.0000000000e+00,0.0000000000e+00,0.0000000000e+00,0.0000000000e+00,0.0000000000e+00,0.0000000000e+00
6.4223254222e+01,1,1.5134371389e+00,1.3061578820e+24,2.0179996744e+24,2.0179996744e+24,1.9692574723e+24,2.6093355467e+24,5.2347452240e-25,1.5266248213e-23,-1.2371466448e-18,8.3915460603e+04,4.3927605661e-20,1.2810742504e-18,6.4809800913e-18,1.0715042257e-16,4.7945230773e-15,1.6341589880e-18,5.4158469442e-15,0.0000000000e+00,2.7405190576e-15,1.6424283445e-16,3.6551402742e-15,2.0301596468e-15,1.3704314829e-15,7.2452173840e-16,5.1084863138e-16,3.0867601197e-16,1.2323542571e-16,4.5199562753e-17,1.2241165920e-18,4.1103342698e-18,1.7217093308e-17,8.7630731221e-18,2.7247558575e-18,2.4294609908e-18,1.8244849696e-18,3.8866893693e-18,2.3288052240e-18,2.1147224238e-18,1.2481719877e-19,3.6629174636e-20,2.1215955703e-19,6.7713272605e-21,4.7568309746e-25,3.5221986911e-43,4.3145708845e-18,0.0000000000e+00,2.6699844072e-17,2.2750247854e-16,8.9978649946e-17,9.1486938620e-17,3.9975176410e-17,4.6621243497e-17,1.9572790088e-17,1.1018243680e-16,2.1665781568e-17,3.9662118469e-17,6.3049137557e-17,8.5391983033e-17,5.7941660249e-20,1.8370419683e-19,0.0000000000e+00,2.7926925693e-16,1.7082863683e-17,8.3059542530e-20,0.0000000000e+00,8.0355351729e-16,1.4989374670e-16,2.0865157977e-20,0.0000000000e+00,0.0000000000e+00,0.0000000000e+00,0.0000000000e+00,0.0000000000e+00,0.0000000000e+00
6.7130993868e+01,1,1.5880617832e+00,1.2928986542e+24,2.0522851385e+24,2.0522851385e+24,1.9460852168e+24,2.7288346703e+24,7.8005043633e-25,1.6847018175e-23,-1.3950393071e-18,8.6826545603e+04,6.7729084783e-20,1.4627683918e-18,7.0068035944e-18,1.3590673922e-16,5.0664970465e-15,2.5682165288e-18,5.8558559075e-15,0.0000000000e+00,2.8436097700e-15,1.6748061782e-16,3.7724215584e-15,2.1090329986e-15,1.4285684175e-15,7.6915526475e-16,5.4766989395e-16,3.3897404402e-16,1.3810050944e-16,5.1597062335e-17,1.5626951613e-18,5.3075680471e-18,2.2194371298e-17,1.1471820901e-17,3.5859033460e-18,3.2122771910e-18,2.4258951779e-18,5.1896962804e-18,3.1184343690e-18,3.0821901581e-18,1.7333240918e-19,5.5296159676e-20,3.3342635881e-19,1.1983399501e-20,9.3622027156e-25,3.4325267276e-43,5.2252454788e-18,0.0000000000e+00,2.6022791077e-17,2.2170746620e-16,1.1055590100e-16,8.9148241591e-17,4.9119396914e-17,5.0485815184e-17,2.1985893652e-17,1.2538213838e-16,2.5290991648e-17,4.8538893775e-17,7.8306144667e-17,1.1094313766e-16,8.0701370993e-20,2.7743552173e-19,0.0000000000e+00,3.3260077722e-16,2.0888565022e-17,1.3363272440e-19,0.0000000000e+00,9.6114505077e-16,1.8166542618e-16,3.5110902641e-20,0.0000000000e+00,0.0000000000e+00,0.0000000000e+00,0.0000000000e+00,0.0000000000e+00,0.0000000000e+00
7.0170382867e+01,1,1.6719409936e+00,1.2797320144e+24,2.0919300590e+24,2.0919300590e+24,1.9236553486e+24,2.8557667909e+24,1.1446304438e-24,1.8582624183e-23,-1.5665554982e-18,8.9835764458e+04,1.0282875094e-19,1.6693842491e-18,7.5942904657e-18,1.7051339449e-16,5.3354564941e-15,3.9617838421e-18,6.3312401317e-15,0.0000000000e+00,2.9427958305e-15,1.7134071008e-16,3.8829661012e-15,2.1840889500e-15,1.4837247665e-15,8.1270304326e-16,5.8417865868e-16,3.6982761901e-16,1.5359095020e-16,5.8387730568e-17,1.9729412121e-18,6.7745253918e-18,2.8271710101e-17,1.4841133081e-17,4.6610791625e-18,4.1956625678e-18,3.1853038153e-18,6.8437730793e-18,4.1202739020e-18,4.4174576672e-18,2.3672871919e-19,8.2057701031e-20,5.1435038521e-19,2.0636365222e-20,1.7538082207e-24,3.3363734575e-43,6.2578809845e-18,0.0000000000e+00,2.5297894347e-17,2.1549350503e-16,1.3435525671e-16,8.6644288416e-17,5.9700101412e-17,5.5069519947e-17,2.4829593049e-17,1.4242279201e-16,2.9354128538e-17,5.8749009344e-17,9.6168421181e-17,1.4234236360e-16,1.1084431310e-19,4.1202208051e-19,0.0000000000e+00,3.9251012216e-16,2.5271553256e-17,2.1067364691e-19,0.0000000000e+00,1.1380292815e-15,2.1782887008e-16,5.7742073761e-20,0.0000000000e+00,0.0000000000e+00,0.0000000000e+00,0.0000000000e+00,0.0000000000e+00,0.0000000000e+00
7.3347381708e+01,1,1.7660607111e+00,1.2687566714e+24,2.1385777146e+24,2.1385777146e+24,1.9044413631e+24,2.9914580713e+24,1.6861752716e-24,2.0459221012e-23,-1.7477729511e-18,9.3100127453e+04,1.5698313270e-19,1.9047560838e-18,8.2460267581e-18,2.1217045427e-16,5.5923731267e-15,6.0462564278e-18,6.8416973675e-15,0.0000000000e+00,3.0316265459e-15,1.7583528219e-16,3.9761980408e-15,2.2496051008e-15,1.5324416376e-15,8.5405408945e-16,6.1973268030e-16,4.0107022590e-16,1.6977267781e-16,6.5644802296e-17,2.4697269510e-18,8.5692259615e-18,3.5678812325e-17,1.9022373410e-17,5.9995635169e-18,5.4273706205e-18,4.1410275576e-18,8.9365847411e-18,5.3859463175e-18,6.2421341869e-18,3.1896666378e-19,1.2001666424e-19,7.8497324607e-19,3.7579361173e-20,1.9929341380e-22,3.2343337724e-43,7.4304341752e-18,0.0000000000e+00,2.4520928928e-17,2.0885276611e-16,1.6190572461e-16,8.3965231576e-17,7.1954683326e-17,6.0498102889e-17,2.8173516622e-17,1.6154201207e-16,3.3916467955e-17,7.0504375783e-17,1.1708525798e-16,1.8082783866e-16,1.5060215767e-19,6.0541902654e-19,0.0000000000e+00,4.6000110811e-16,3.0327590535e-17,3.2775440313e-19,0.0000000000e+00,1.3371846722e-15,2.5907116683e-16,9.4920522752e-20,0.0000000000e+00,0.0000000000e+00,0.0000000000e+00,0.0000000000e+00,0.0000000000e+00,0.0000000000e+00
7.6668220745e+01,1,1.8689224012e+00,1.2557302840e+24,2.1893302403e+24,2.1893302403e+24,1.8834198157e+24,3.1270512042e+24,2.4099421212e-24,2.2436319187e-23,-1.9289096166e-18,9.6318450925e+04,2.3212189194e-19,2.1610315086e-18,8.9609225302e-18,2.6056229168e-16,5.8460175282e-15,9.0042530662e-18,7.3969028569e-15,0.0000000000e+00,3.1193408947e-15,1.8101506202e-16,4.0693393907e-15,2.3143492681e-15,1.5796507607e-15,8.9375960118e-16,6.5421113361e-16,4.3182954680e-16,1.8594346953e-16,7.2991502360e-17,3.0507568248e-18,1.0691092342e-17,4.4395301767e-17,2.4043625179e-17,7.6110302475e-18,6.9202120540e-18,5.3047646801e-18,1.1500800721e-17,6.9320001443e-18,8.6574209205e-18,4.2188334990e-19,1.7224596208e-19,1.1690039684e-18,6.1963089639e-20,3.5766070395e-22,3.1262703677e-43,8.7055823445e-18,0.0000000000e+00,2.3709551134e-17,2.0187639544e-16,1.9254276223e-16,8.1162475455e-17,8.5590131829e-17,6.6662475615e-17,3.1960845659e-17,1.8223403938e-16,3.8846214425e-17,8.3495061803e-17,1.4064916106e-16,2.2638050150e-16,2.0133865479e-19,8.7089761507e-19,0.0000000000e+00,5.3287866157e-16,3.5930188018e-17,4.9708031552e-19,0.0000000000e+00,1.5517083845e-15,3.0416629842e-16,1.4975737697e-19,0.0000000000e+00,0.0000000000e+00,0.0000000000e+00,0.0000000000e+00,0.0000000000e+00,0.0000000000e+00
8.0139412415e+01,1,1.9811674971e+00,1.2428604877e+24,2.2456165198e+24,2.2456165198e+24,1.8631385558e+24,3.2641702350e+24,3.4003841692e-24,2.4494666574e-23,-2.1020342478e-18,9.9649478825e+04,3.3884651027e-19,2.4408807580e-18,9.7397122476e-18,3.1682469971e-16,6.0875834057e-15,1.3193392239e-17,7.9971375761e-15,0.0000000000e+00,3.1994926311e-15,1.8685737639e-16,4.1517241923e-15,2.3726189061e-15,1.6219689888e-15,9.3081318376e-16,6.8704451459e-16,4.6197488368e-16,2.0216245988e-16,8.0487897740e-17,3.7302661727e-18,1.3197150906e-17,5.4638013014e-17,3.0062858870e-17,9.5463140827e-18,8.7248188026e-18,6.7174275890e-18,1.4633664203e-17,8.8129229953e-18,1.1824399567e-17,5.4975561077e-19,2.4343054903e-19,1.7128714364e-18,1.0016306962e-19,6.3437834058e-22,3.0132483482e-43,1.0095500879e-17,0.0000000000e+00,2.2861578793e-17,1.9458033606e-16,2.2666804963e-16,7.8234033784e-17,1.0078773325e-16,7.3661581767e-17,3.6244482616e-17,2.0465762843e-16,4.4186531905e-17,9.7876361268e-17,1.6721902566e-16,2.8018342589e-16,2.6581869967e-19,1.2343644113e-18,0.0000000000e+00,6.1187303152e-16,4.2154188701e-17,7.4067147903e-19,0.0000000000e+00,1.7837481323e-15,3.5361823226e-16,2.3185562132e-19,0.0000000000e+00,0.0000000000e+00,0.0000000000e+00,0.0000000000e+00,0.0000000000e+00,0.0000000000e+00
8.3767764007e+01,1,2.1024762205e+00,1.2301615597e+24,2.3072647978e+24,2.3072647978e+24,1.8435346404e+24,3.4010627028e+24,4.7380545614e-24,2.6601480198e-23,-2.2540826250e-18,1.0309832789e+05,4.8848550273e-19,2.7425681278e-18,1.0581036445e-17,3.8155206460e-16,6.3143074530e-15,1.9030353010e-17,8.6461765358e-15,0.0000000000e+00,3.2710549489e-15,1.9334950315e-16,4.2223215012e-15,2.4237095810e-15,1.6589061156e-15,9.6476424543e-16,7.1782149783e-16,4.9110739021e-16,2.1821276052e-16,8.8034515309e-17,4.5162563703e-18,1.6123445982e-17,6.6530905716e-17,3.7196658709e-17,1.1842709264e-17,1.0880366240e-17,8.4113258303e-18,1.8416510109e-17,1.1071530397e-17,1.5911612382e-17,7.0619406683e-19,3.3895806066e-19,2.4706722505e-18,1.5876862518e-19,1.1054159408e-21,2.8960815500e-43,1.1591511898e-17,0.0000000000e+00,2.1983043819e-17,1.8701742369e-16,2.6422780489e-16,7.5200916537e-17,1.1752641175e-16,8.1504009568e-17,4.1028074081e-17,2.2869056920e-16,4.9908208109e-17,1.1360465826e-16,1.9682594883e-16,3.4295545442e-16,3.4674105770e-19,1.7246905250e-18,0.0000000000e+00,6.9652366779e-16,4.8990800239e-17,1.0849336869e-18,0.0000000000e+00,2.0317857965e-15,4.0721223456e-16,3.5243824799e-19,0.0000000000e+00,0.0000000000e+00,0.0000000000e+00,0.0000000000e+00,0.0000000000e+00,0.0000000000e+00
8.7560391014e+01,1,2.2323544682e+00,1.2176433071e+24,2.3739883787e+24,2.3739883787e+24,1.8245270941e+24,3.5362330244e+24,6.5216066983e-24,2.8721737270e-23,-2.3680885252e-18,1.0667002690e+05,6.9565996192e-19,3.0637484871e-18,1.1482529625e-17,4.5527671373e-16,6.5237476108e-15,2.7037008030e-17,9.3480855356e-15,0.0000000000e+00,3.3331730389e-15,2.0046527998e-16,4.2803374387e-15,2.4670625513e-15,1.6900838746e-15,9.9522938402e-16,7.4617453391e-16,5.1884865892e-16,2.3387815012e-16,9.5528414825e-17,5.4158567342e-18,1.9503261527e-17,8.0181178469e-17,4.5559416654e-17,1.4536302504e-17,1.3425568767e-17,1.0418501833e-17,2.2932965919e-17,1.3749666185e-17,2.1106278426e-17,8.9476334068e-19,4.6525678370e-19,3.5101600818e-18,2.4687528446e-19,1.8865429515e-21,2.7757021276e-43,1.3181975503e-17,0.0000000000e+00,2.1080843083e-17,1.7924802370e-16,3.0509083823e-16,7.2087091315e-17,1.3575067131e-16,9.0180606530e-17,4.6304511623e-17,2.5417100058e-16,5.5972839321e-17,1.3060351491e-16,2.2944127709e-16,4.1533297782e-16,4.4708688623e-19,2.3768481822e-18,0.0000000000e+00,7.8623005524e-16,5.6418858459e-17,1.5632367982e-18,0.0000000000e+00,2.2938893187e-15,4.6463445923e-16,5.2630868508e-19,0.0000000000e+00,0.0000000000e+00,0.0000000000e+00,0.0000000000e+00,0.0000000000e+00,0.0000000000e+00
9.1524731088e+01,1,2.3723894733e+00,1.2050949379e+24,2.4467347650e+24,2.4467347650e+24,1.8063553375e+24,3.6708781607e+24,8.9187213541e-24,3.0887916658e-23,-2.4242950531e-18,1.1034974288e+05,9.8417860822e-19,3.4084736613e-18,1.2458273195e-17,5.3971302605e-16,6.7132950492e-15,3.7947692576e-17,1.0114336918e-14,0.0000000000e+00,3.3834783978e-15,2.0828731918e-16,4.3221397275e-15,2.5009735307e-15,1.7142767516e-15,1.0215947336e-15,7.7182021485e-16,5.4529708593e-16,2.4927782353e-16,1.0302070712e-16,6.4499775859e-18,2.3420051126e-17,9.5897157982e-17,5.5387353619e-17,1.7701652474e-17,1.6435819376e-17,1.2799579401e-17,2.8331954411e-17,1.6926217947e-17,2.7675373612e-17,1.1214282223e-18,6.3082527815e-19,4.9266721943e-18,3.8047157348e-19,3.6006134073e-21,2.6502185561e-43,1.4887145118e-17,0.0000000000e+00,2.0136932487e-17,1.7118414965e-16,3.4986252255e-16,6.8840994067e-17,1.5573284532e-16,9.9814943824e-17,5.2150595426e-17,2.8141538726e-16,6.2458596634e-17,1.4911139632e-16,2.6559058291e-16,4.9900278223e-16,5.7143854602e-19,3.2417218123e-18,0.0000000000e+00,8.8221499678e-16,6.4554642757e-17,2.2216366706e-18,0.0000000000e+00,2.5736091907e-15,5.2670113415e-16,7.7541590305e-19,0.0000000000e+00,0.0000000000e+00,0.0000000000e+00,0.0000000000e+00,0.0000000000e+00,0.0000000000e+00
9.5668558622e+01,1,2.5173051548e+00,1.1929708189e+24,2.5223060238e+24,2.5223060238e+24,1.7883815737e+24,3.7990371958e+24,1.2001524812e-23,3.2924592351e-23,-2.3890496880e-18,1.1418257307e+05,1.3703649837e-18,3.7594146718e-18,1.3469615368e-17,6.3278828830e-16,6.8824247324e-15,5.2387912296e-17,1.0935554528e-14,0.0000000000e+00,3.4250263732e-15,2.1652549058e-16,4.3538380611e-15,2.5278887763e-15,1.7333272284e-15,1.0442540072e-15,7.9443055555e-16,5.6921698495e-16,2.6353547432e-16,1.1009177753e-16,7.5941955978e-18,2.7793330578e-17,1.1330616141e-16,6.6535368021e-17,2.1290492180e-17,1.9872037678e-17,1.5526058578e-17,3.4572150819e-17,2.0561371716e-17,3.5715455240e-17,1.3843929567e-18,8.4232189234e-19,6.8014167214e-18,5.7149056819e-19,5.9742760424e-21,2.5266414766e-43,1.6620947347e-17,0.0000000000e+00,1.9211415192e-17,1.6320600101e-16,3.9663875135e-16,6.5647925214e-17,1.7662792747e-16,1.1006220276e-16,5.8348655679e-17,3.0916395040e-16,6.9061193503e-17,1.6829715833e-16,3.0389838455e-16,5.9211763598e-16,7.2078823438e-19,4.3531797942e-18,0.0000000000e+00,9.7973056937e-16,7.3054951493e-17,3.1025090003e-18,0.0000000000e+00,2.8565830715e-15,5.9047395916e-16,1.1201867930e-18,0.0000000000e+00,0.0000000000e+00,0.0000000000e+00,0.0000000000e+00,0.0000000000e+00,0.0000000000e+00
1.0000000000e+02,1,2.6685098830e+00,1.1810365890e+24,2.6015385098e+24,2.6015385098e+24,1.7707745953e+24,3.9228105212e+24,1.5974928076e-23,3.4870588067e-23,-2.2325754504e-18,1.1815281666e+05,1.8874827481e-18,4.1200581985e-18,1.4529494743e-17,7.3605573333e-16,7.0296667088e-15,7.1367875003e-17,1.1823592483e-14,0.0000000000e+00,3.4558510947e-15,2.2524233099e-16,4.3722045265e-15,2.5464183047e-15,1.7462536142e-15,1.0627937142e-15,8.1389407822e-16,5.9086445511e-16,2.7684407431e-16,1.1682076086e-16,8.8666225609e-18,3.2695862281e-17,1.3266192460e-16,7.9219050081e-17,2.5369227118e-17,2.3802263724e-17,1.8652523809e-17,4.1796882913e-17,2.4724093523e-17,4.5508765212e-17,1.6888214301e-18,1.1105402774e-18,9.2655469007e-18,8.4405999354e-19,9.7116659576e-21,2.4029858958e-43,1.8400991835e-17,0.0000000000e+00,1.8285413427e-17,1.5522421717e-16,4.4590547493e-16,6.2454521383e-17,1.9865428860e-16,1.2101118080e-16,6.4954883191e-17,3.3770153963e-16,7.5852235226e-17,1.8835386836e-16,3.4478062620e-16,6.9608234579e-16,9.0009506838e-19,5.7762054148e-18,0.0000000000e+00,1.0799042148e-15,8.2018913229e-17,4.2704479662e-18,0.0000000000e+00,3.1461245108e-15,6.5666584282e-16,1.5932988041e-18,0.0000000000e+00,0.0000000000e+00,0.0000000000e+00,0.0000000000e+00,0.0000000000e+00,0.0000000000e+00
1.0452754953e+02,1,2.8251127850e+00,1.1692857789e+24,2.6838556193e+24,2.6838556193e+24,1.7534542166e+24,4.0418622831e+24,2.1041085178e-23,3.6696589982e-23,-1.9141139427e-18,1.2226459425e+05,2.5725797419e-18,4.4866936846e-18,1.5633339623e-17,8.4981007299e-16,7.1545160129e-15,9.5997644529e-17,1.2783732601e-14,0.0000000000e+00,3.4759763442e-15,2.3437653382e-16,4.3775273426e-15,2.5566905666e-15,1.7531842875e-15,1.0771840019e-15,8.3011395787e-16,6.1005925753e-16,2.8906547320e-16,1.2312978022e-16,1.0269826277e-17,3.8144125683e-17,1.5398099753e-16,9.3524414468e-17,2.9962097570e-17,2.8255237347e-17,2.2202814518e-17,5.0086779607e-17,2.9441757819e-17,5.7286489036e-17,2.0371051967e-18,1.4464988269e-18,1.2463180075e-17,1.2266438290e-18,1.5470399502e-20,2.2802648778e-43,2.0209095633e-17,0.0000000000e+00,1.7366404542e-17,1.4730403873e-16,4.9729163233e-16,5.9286601992e-17,2.2164840161e-16,1.3258923705e-16,7.1923970079e-17,3.6678340785e-16,8.2774869689e-17,2.0911047370e-16,3.8800060053e-16,8.1107673375e-16,1.1133634737e-18,7.5776642924e-18,0.0000000000e+00,1.1818559843e-15,9.1389790539e-17,5.7975048766e-18,0.0000000000e+00,3.4395321308e-15,7.2472214924e-16,2.2328376019e-18,0.0000000000e+00,0.0000000000e+00,0.0000000000e+00,0.0000000000e+00,0.0000000000e+00,0.0000000000e+00
1.0926008611e+02,1,2.9864403851e+00,1.1570286031e+24,2.7678223916e+24,2.7678223916e+24,1.7363352122e+24,4.1561986811e+24,2.7468442143e-23,3.8413960175e-23,-1.3840316405e-18,1.2644734004e+05,3.4733114440e-18,4.8573430845e-18,1.6784997186e-17,9.7465860760e-16,7.2520271084e-15,1.2760497766e-16,1.3818872312e-14,0.0000000000e+00,3.4823190372e-15,2.4384522121e-16,4.3654696822e-15,2.5559884574e-15,1.7521041314e-15,1.0866958016e-15,8.4269074489e-16,6.2672838401e-16,3.0015608380e-16,1.2899172295e-16,1.1809457989e-17,4.4165610995e-17,1.7731885691e-16,1.0956654709e-16,3.5101694475e-17,3.3267689613e-17,2.6206844718e-17,5.9540486856e-17,3.4748625086e-17,7.1308509129e-17,2.4320212851e-18,1.8628779188e-18,1.6566696223e-17,1.7569833748e-18,2.4355957663e-20,2.1586839706e-43,2.2035735260e-17,0.0000000000e+00,1.6455992841e-17,1.3942915455e-16,5.5060197198e-16,5.6148282773e-17,2.4552449628e-16,1.4475506494e-16,7.9228759443e-17,3.9626192164e-16,8.9799186744e-17,2.3047308009e-16,4.3344807738e-16,9.3749122973e-16,1.3653305899e-18,9.8383493877e-18,0.0000000000e+00,1.2851901717e-15,1.0114490140e-16,7.7701368533e-18,0.0000000000e+00,3.7356445563e-15,7.9438442987e-16,3.0864503423e-18,0.0000000000e+00,0.0000000000e+00,0.0000000000e+00,0.0000000000e+00,0.0000000000e+00,0.0000000000e+00
1.1420689063e+02,1,3.1511716909e+00,1.1456583099e+24,2.8545468372e+24,2.8545468372e+24,1.7194865717e+24,4.2655728052e+24,3.5475495597e-23,3.9928165863e-23,-5.8265320429e-19,1.3085478364e+05,4.6421383011e-18,5.2247915054e-18,1.7963323977e-17,1.1101610802e-15,7.3331448823e-15,1.6763349363e-16,1.4940882801e-14,0.0000000000e+00,3.4822858284e-15,2.5362520079e-16,4.3469981715e-15,2.5510495135e-15,1.7480924777e-15,1.0931244418e-15,8.5246646211e-16,6.4073032245e-16,3.0990817890e-16,1.3427654669e-16,1.3477460084e-17,5.0736688490e-17,2.0252222148e-16,1.2733350894e-16,4.0779957966e-17,3.8836540635e-17,3.0662729589e-17,7.0190417423e-17,4.0636379100e-17,8.7749153529e-17,2.8733489033e-18,2.3718667448e-18,2.1763517512e-17,2.4790371867e-18,3.7477533182e-20,2.0405625737e-43,2.3845378130e-17,0.0000000000e+00,1.5571160960e-17,1.3181072238e-16,6.0499625149e-16,5.3101026601e-17,2.6990875238e-16,1.5733213821e-16,8.6763327303e-17,4.2570612183e-16,9.6817272400e-17,2.5207862918e-16,4.8050470650e-16,1.0746247787e-15,1.6595144713e-18,1.2638531773e-17,0.0000000000e+00,1.3880931629e-15,1.1114515097e-16,1.0281541255e-17,0.0000000000e+00,4.0288688966e-15,8.6446339041e-16,4.2082824228e-18,0.0000000000e+00,0.0000000000e+00,0.0000000000e+00,0.0000000000e+00,0.0000000000e+00,0.0000000000e+00
1.1937766417e+02,1,3.3187345269e+00,1.1344415648e+24,2.9426238609e+24,2.9426238609e+24,1.7027641436e+24,4.3703507758e+24,4.5390742590e-23,4.1262305572e-23,5.5905162062e-19,1.3541483572e+05,6.1465799510e-18,5.5875283304e-18,1.9172796823e-17,1.2569443851e-15,7.3931228364e-15,2.1782858009e-16,1.6152673136e-14,0.0000000000e+00,3.4727106281e-15,2.6363613982e-16,4.3175210457e-15,2.5390148610e-15,1.7390179771e-15,1.0957710593e-15,8.5910596854e-16,6.5210183201e-16,3.1834695935e-16,1.3899094745e-16,1.5277825380e-17,5.7877569721e-17,2.2960979997e-16,1.4692180497e-16,4.7022423309e-17,4.4990426880e-17,3.5593290497e-17,8.2128899664e-17,4.7128157619e-17,1.0685595018e-16,3.3629538872e-18,2.9883511066e-18,2.8280244088e-17,3.4494085325e-18,5.6625584311e-20,1.9258921614e-43,2.5630835154e-17,0.0000000000e+00,1.4711894571e-17,1.2441545911e-16,6.6027496536e-16,5.0143198291e-17,2.9471223104e-16,1.7027044844e-16,9.4495343236e-17,4.5499973960e-16,1.0380763586e-16,2.7383811347e-16,5.2903554531e-16,1.2226881193e-15,2.0011128306e-18,1.6080061899e-17,0.0000000000e+00,1.4903066319e-15,1.2137016482e-16,1.3444680405e-17,0.0000000000e+00,4.3185110047e-15,9.3475906152e-16,5.6652534986e-18,0.0000000000e+00,0.0000000000e+00,0.0000000000e+00,0.0000000000e+00,0.0000000000e+00,0.0000000000e+00
1.2478254705e+02,1,3.4884072290e+00,1.1233638958e+24,3.0315378176e+24,3.0315378176e+24,1.6861270172e+24,4.4708101925e+24,5.7559870384e-23,4.2406701503e-23,2.1234176590e-18,1.4013027081e+05,8.0658802248e-18,5.9424625659e-18,2.0410043258e-17,1.4153152969e-15,7.4331454010e-15,2.8014179009e-16,1.7460807936e-14,0.0000000000e+00,3.4542648023e-15,2.7382325146e-16,4.2780084712e-15,2.5204681335e-15,1.7253256658e-15,1.0948773100e-15,8.6275482549e-16,6.6089129124e-16,3.2545750434e-16,1.4311334885e-16,1.7209498795e-17,6.5589255663e-17,2.5852057052e-16,1.6837909526e-16,5.3838784974e-17,5.1741831834e-17,4.1008213293e-17,9.5423697595e-17,5.4229138640e-17,1.2883859576e-16,3.9014238899e-18,3.7276439645e-18,3.6370242141e-17,4.7366289169e-18,8.4092874525e-20,1.8152708902e-43,2.7377084042e-17,0.0000000000e+00,1.3882620662e-17,1.1728178613e-16,7.1602778410e-16,4.7289977617e-17,3.1975140222e-16,1.8347366662e-16,1.0236571401e-16,4.8394554323e-16,1.1072586065e-16,2.9557651872e-16,5.7873387432e-16,1.3814820650e-15,2.3951109670e-18,2.0273857189e-17,0.0000000000e+00,1.5911391922e-15,1.3176198112e-16,1.7385193044e-17,0.0000000000e+00,4.6025242495e-15,1.0047810453e-15,7.5352391107e-18,0.0000000000e+00,0.0000000000e+00,0.0000000000e+00,0.0000000000e+00,0.0000000000e+00,0.0000000000e+00
1.3043213867e+02,1,3.6595680233e+00,1.1124104928e+24,3.1208273870e+24,3.1208273870e+24,1.6695412454e+24,4.5672935744e+24,7.2368662783e-23,4.3356579951e-23,4.2068546561e-18,1.4500353803e+05,1.0493712146e-17,6.2868574897e-18,2.1672333893e-17,1.5856369982e-15,7.4546480243e-15,3.5677069492e-16,1.8872185995e-14,0.0000000000e+00,3.4276994757e-15,2.8413838506e-16,4.2294950450e-15,2.4960404937e-15,1.7074904182e-15,1.0907204415e-15,8.6359578871e-16,6.6718898420e-16,3.3125090820e-16,1.4663533117e-16,1.9270866569e-17,7.3870033538e-17,2.8918086831e-16,1.9174416313e-16,6.1235669824e-17,5.9099168833e-17,4.6913573941e-17,1.1013916205e-16,6.1939178234e-17,1.5389191705e-16,4.4889597962e-18,4.6059276260e-18,4.6318817906e-17,6.4233194333e-18,1.2285759887e-19,1.7091673796e-43,2.9070855192e-17,0.0000000000e+00,1.3086811213e-17,1.1043977431e-16,7.7186213310e-16,4.4553235174e-17,3.4485004432e-16,1.9684623653e-16,1.1031598211e-16,5.1237023708e-16,1.1753341724e-16,3.1712935732e-16,6.2929752618e-16,1.5507510101e-15,2.8467679289e-18,2.5343963288e-17,0.0000000000e+00,1.6899882041e-15,1.4226661266e-16,2.2243854608e-17,0.0000000000e+00,4.8791463237e-15,1.0740872273e-15,9.9087968024e-18,0.0000000000e+00,0.0000000000e+00,0.0000000000e+00,0.0000000000e+00,0.0000000000e+00,0.0000000000e+00
1.3633751836e+02,1,3.8329812664e+00,1.1020191139e+24,3.2111146527e+24,3.2111146527e+24,1.6537345451e+24,4.6611230499e+24,9.0245940231e-23,4.4115762231e-23,6.9240669236e-18,1.5009842198e+05,1.3545773219e-17,6.6217062955e-18,2.2958009439e-17,1.7693114907e-15,7.4602051046e-15,4.5037743612e-16,2.0402040050e-14,0.0000000000e+00,3.3931152849e-15,2.9458211056e-16,4.1711021851e-15,2.4656384240e-15,1.6852956473e-15,1.0836527318e-15,8.6208012273e-16,6.7168219321e-16,3.3613655682e-16,1.4974200117e-16,2.1471752817e-17,8.2761653090e-17,3.2168432154e-16,2.1716851024e-16,6.9255237541e-17,6.7104034487e-17,5.3341469590e-17,1.2640634312e-16,7.0291800675e-17,1.8229390130e-16,5.1281651305e-18,5.6433137808e-18,5.8471591836e-17,8.6110190325e-18,1.7672713723e-19,1.6056822843e-43,3.0717841079e-17,0.0000000000e+00,1.2308914034e-17,1.0376821327e-16,8.2787044100e-16,4.1878394388e-17,3.7004800139e-16,2.1038593452e-16,1.1834582043e-16,5.4039729389e-16,1.2426376624e-16,3.3853329169e-16,6.8081380329e-16,1.7311540136e-15,3.3634625556e-18,3.1445017833e-17,0.0000000000e+00,1.7873684447e-15,1.5291889850e-16,2.8191381064e-17,0.0000000000e+00,5.1498905388e-15,1.1429185574e-15,1.2896148998e-17,0.0000000000e+00,0.0000000000e+00,0.0000000000e+00,0.0000000000e+00,0.0000000000e+00,0.0000000000e+00
1.4251026703e+02,1,4.0054036496e+00,1.0912675496e+24,3.2998749333e+24,3.2998749333e+24,1.6372220246e+24,4.7506676435e+24,1.1165096264e-22,4.4673664372e-23,1.0401294011e-17,1.5529581336e+05,1.7338927056e-17,6.9376330444e-18,2.4263130055e-17,1.9647606756e-15,7.4494415753e-15,5.6322763914e-16,2.2040572672e-14,0.0000000000e+00,3.3527846236e-15,3.0502572338e-16,4.1079580984e-15,2.4314890491e-15,1.6607039059e-15,1.0738706363e-15,8.5791567601e-16,6.7332501905e-16,3.3936855669e-16,1.5205985631e-16,2.3783896987e-17,9.2158749473e-17,3.5555377361e-16,2.4441149801e-16,7.7815655252e-17,7.5676522905e-17,6.0227020894e-17,1.4413086238e-16,7.9193177520e-17,2.1398240668e-16,5.8126304479e-18,6.8504431977e-18,7.3122705503e-17,1.1411029666e-17,2.5067629233e-19,1.5098572616e-43,3.2270838216e-17,0.0000000000e+00,1.1589450574e-17,9.7589055436e-17,8.8270108658e-16,3.9406697082e-17,3.9473962567e-16,2.2380444680e-16,1.2627747577e-16,5.6730356168e-16,1.3074521240e-16,3.5923750592e-16,7.3217608571e-16,1.9202871548e-15,3.9471362121e-18,3.8696092135e-17,0.0000000000e+00,1.8806033213e-15,1.6349016822e-16,3.5369675714e-17,0.0000000000e+00,5.4069959201e-15,1.2095507055e-15,1.6604612691e-17,0.0000000000e+00,0.0000000000e+00,0.0000000000e+00,0.0000000000e+00,0.0000000000e+00,0.0000000000e+00
1.4896248996e+02,1,4.1781426577e+00,1.0806036526e+24,3.3880228493e+24,3.3880228493e+24,1.6207354505e+24,4.8374672194e+24,1.3711273692e-22,4.5047715122e-23,1.4790935559e-17,1.6065749261e+05,2.2028188519e-17,7.2372529595e-18,2.5589570921e-17,2.1737697449e-15,7.4252820459e-15,6.9856991674e-16,2.3805152188e-14,0.0000000000e+00,3.3067667508e-15,3.1550192455e-16,4.0389435263e-15,2.3934091788e-15,1.6334072098e-15,1.0617522317e-15,8.5162061155e-16,6.7292358638e-16,3.4143864866e-16,1.5381767941e-16,2.6218727325e-17,1.0210782307e-16,3.9090341390e-16,2.7362830273e-16,8.6960811081e-17,8.4856982112e-17,6.7600596384e-17,1.6344808088e-16,8.8674417591e-17,2.4920527320e-16,6.5449430390e-18,8.2487854986e-18,9.0693919732e-17,1.4963545738e-17,3.5073787348e-19,1.4191969468e-43,3.3743565216e-17,0.0000000000e+00,1.0908245303e-17,9.1742942502e-17,9.3661141132e-16,3.7067679730e-17,4.1903746525e-16,2.3713000697e-16,1.3412953498e-16,5.9332863689e-16,1.3703912235e-16,3.7935263743e-16,7.8358689698e-16,2.1189436129e-15,4.6060878064e-18,4.7285259359e-17,0.0000000000e+00,1.9706288778e-15,1.7404549367e-16,4.3983818057e-17,0.0000000000e+00,5.6532517571e-15,1.2744866198e-15,2.1176259797e-17,0.0000000000e+00,0.0000000000e+00,0.0000000000e+00,0.0000000000e+00,0.0000000000e+00,0.0000000000e+00
1.5570684048e+02,1,4.3510158693e+00,1.0700181926e+24,3.4753551942e+24,3.4753551942e+24,1.6042686205e+24,4.9219303164e+24,1.6719122359e-22,4.5246981243e-23,2.0265346944e-17,1.6618535286e+05,2.7784732488e-17,7.5193855435e-18,2.6937403425e-17,2.3970923556e-15,7.3894593483e-15,8.5969913279e-16,2.5704090684e-14,0.0000000000e+00,3.2558406918e-15,3.2599525578e-16,3.9650173410e-15,2.3520036165e-15,1.6038449332e-15,1.0475985269e-15,8.4342790572e-16,6.7065209411e-16,3.4242141033e-16,1.5504280916e-16,2.8773427271e-17,1.1260020314e-16,4.2763427638e-16,3.0482497635e-16,9.6687761893e-17,9.4639034267e-17,7.5455136764e-17,1.8440874096e-16,9.8717619555e-17,2.8807123455e-16,7.3243071897e-18,9.8565072596e-18,1.1161300004e-16,1.9427891250e-17,4.8439991268e-19,1.3337294182e-43,3.5130386427e-17,0.0000000000e+00,1.0265519677e-17,8.6231585537e-17,9.8933002100e-16,3.4861987081e-17,4.4281763985e-16,2.5028610099e-16,1.4185581587e-16,6.1839872989e-16,1.4313096590e-16,3.9877459734e-16,8.3481105238e-16,2.3267843288e-15,5.3469052145e-18,5.7400106996e-17,0.0000000000e+00,2.0572027430e-15,1.8455286879e-16,5.4239707390e-17,0.0000000000e+00,5.8880218204e-15,1.3375051099e-15,2.6763984274e-17,0.0000000000e+00,0.0000000000e+00,0.0000000000e+00,0.0000000000e+00,0.0000000000e+00,0.0000000000e+00
1.6275654480e+02,1,4.5239369987e+00,1.0595031482e+24,3.5617279841e+24,3.5617279841e+24,1.5878173562e+24,5.0044574792e+24,2.0248937911e-22,4.5282420711e-23,2.7020911812e-17,1.7188114373e+05,3.4804106074e-17,7.7831942627e-18,2.8307310101e-17,2.6356042188e-15,7.3436539270e-15,1.0502040328e-15,2.7746061703e-14,0.0000000000e+00,3.2007454996e-15,3.3649794860e-16,3.8870708420e-15,2.3078379405e-15,1.5724250965e-15,1.0316968994e-15,8.3356534240e-16,6.6668858651e-16,3.4239781199e-16,1.5576710551e-16,3.1444985505e-17,1.2362591542e-16,4.6564518569e-16,3.3799904945e-16,1.0699150844e-16,1.0501287597e-16,8.3780588093e-17,2.0705971369e-16,1.0930126230e-16,3.3066269681e-16,8.1498079887e-18,1.1691802653e-17,1.3634586599e-16,2.4987667320e-17,6.6077876352e-19,1.2534054193e-43,3.6427343327e-17,0.0000000000e+00,9.6609233251e-18,8.1051727595e-17,1.0406185645e-15,3.2788297777e-17,4.6597080349e-16,2.6320273224e-16,1.4941428715e-16,6.4246085932e-16,1.4901114294e-16,4.1741480176e-16,8.8563467609e-16,2.5434720936e-15,6.1765620293e-18,6.9246826992e-17,0.0000000000e+00,2.1401563151e-15,1.9498565574e-16,6.6360071818e-17,0.0000000000e+00,6.1108967666e-15,1.3984343536e-15,3.3538881400e-17,0.0000000000e+00,0.0000000000e+00,0.0000000000e+00,0.0000000000e+00,0.0000000000e+00,0.0000000000e+00
1.7012542799e+02,1,4.6971621124e+00,1.0486275108e+24,3.6467894860e+24,3.6467894860e+24,1.5716229204e+24,5.0856246082e+24,2.4384711413e-22,4.5190804629e-23,3.5296010850e-17,1.7767374688e+05,4.3325230433e-17,8.0292195827e-18,2.9705475014e-17,2.8907359235e-15,7.2871007173e-15,1.2742157037e-15,2.9941048569e-14,0.0000000000e+00,3.1408660371e-15,3.4700013366e-16,3.8048300816e-15,2.2604129884e-15,1.5387656583e-15,1.0138457213e-15,8.2194788127e-16,6.6099096286e-16,3.4139319633e-16,1.5603054933e-16,3.4234883583e-17,1.3519213900e-16,5.0490267847e-16,3.7318983218e-16,1.1788092901e-16,1.1598084633e-16,9.2576305413e-17,2.3147532146e-16,1.2041634706e-16,3.7708331445e-16,9.0215447696e-18,1.3774740704e-17,1.6542884826e-16,3.1867077652e-17,8.9190998001e-19,1.1772419878e-43,3.7637507935e-17,0.0000000000e+00,9.0857755494e-18,7.6134869565e-17,1.0904311214e-15,3.0818147158e-17,4.8847374349e-16,2.7584633845e-16,1.5678563749e-16,6.6555375735e-16,1.5469376432e-16,4.3526363467e-16,9.3599830292e-16,2.7690574688e-15,7.1037059329e-18,8.3074429542e-17,0.0000000000e+00,2.2196934664e-15,2.0535070624e-16,8.0602877487e-17,0.0000000000e+00,6.3226436886e-15,1.4573607592e-15,4.1704821796e-17,0.0000000000e+00,0.0000000000e+00,0.0000000000e+00,0.0000000000e+00,0.0000000000e+00,0.0000000000e+00
1.7782794100e+02,1,4.8701409956e+00,1.0382911142e+24,3.7309768366e+24,3.7309768366e+24,1.5553065936e+24,5.1653936068e+24,2.9157869637e-22,4.4931840384e-23,4.5313205117e-17,1.8371693787e+05,5.3567945245e-17,8.2547401281e-18,3.1122874395e-17,3.1626542204e-15,7.2262292176e-15,1.5353595792e-15,3.2296043092e-14,0.0000000000e+00,3.0795931762e-15,3.5752047450e-16,3.7213678084e-15,2.2123642570e-15,1.5048028696e-15,9.9528252306e-16,8.0941408396e-16,6.5417853641e-16,3.3960886716e-16,1.5585572122e-16,3.7129123040e-17,1.4724472063e-16,5.4514917809e-16,4.1026197063e-16,1.2931110526e-16,1.2749171256e-16,1.0179899267e-16,2.5762159957e-16,1.3199951531e-16,4.2724794429e-16,9.9360057082e-18,1.6118032872e-17,1.9933262956e-16,4.0278925008e-17,1.1892909169e-18,1.1069304860e-43,3.8747063783e-17,0.0000000000e+00,8.5556255245e-18,7.1600705543e-17,1.1382280287e-15,2.9001732940e-17,5.1008183492e-16,2.8809182475e-16,1.6389408370e-16,6.8748843950e-16,1.6013259368e-16,4.5211510230e-16,9.8542862181e-16,3.0023659319e-15,8.1334746592e-18,9.9085974590e-17,0.0000000000e+00,2.2950599431e-15,2.1556561776e-16,9.7185826165e-17,0.0000000000e+00,6.5209940034e-15,1.5137088789e-15,5.1446078622e-17,0.0000000000e+00,0.0000000000e+00,0.0000000000e+00,0.0000000000e+00,0.0000000000e+00,0.0000000000e+00
1.8587918911e+02,1,5.0433978981e+00,1.0280121205e+24,3.8140801426e+24,3.8140801426e+24,1.5390399545e+24,5.2443558862e+24,3.4659187987e-22,4.4548002078e-23,5.7368414077e-17,1.8993404036e+05,6.5829596101e-17,8.4611820248e-18,3.2567562328e-17,3.4531549085e-15,7.1598117731e-15,1.8383984720e-15,3.4822323794e-14,0.0000000000e+00,3.0160295179e-15,3.6806604897e-16,3.6360655419e-15,2.1629531959e-15,1.4699779753e-15,9.7571125032e-16,7.9582246231e-16,6.4618849715e-16,3.3707320108e-16,1.5528952948e-16,4.0130043921e-17,1.5979312034e-16,5.8636976245e-16,4.4924895091e-16,1.4129101297e-16,1.3954554355e-16,1.1144583629e-16,2.8557122230e-16,1.4404020366e-16,4.8121535960e-16,1.0893543177e-17,1.8741068746e-17,2.3867555624e-16,5.0505583429e-17,1.5692348604e-18,1.0412762112e-43,3.9763407672e-17,0.0000000000e+00,8.0600241154e-18,6.7366480401e-17,1.1840702049e-15,2.7304704895e-17,5.3081951633e-16,2.9992901086e-16,1.7073480901e-16,7.0835891418e-16,1.6535489165e-16,4.6800591866e-16,1.0339466869e-15,3.2435731879e-15,9.2755618784e-18,1.1757376025e-16,0.0000000000e+00,2.3666597481e-15,2.2565473122e-16,1.1640165305e-16,0.0000000000e+00,6.7073164814e-15,1.5677057668e-15,6.3007489131e-17,0.0000000000e+00,0.0000000000e+00,0.0000000000e+00,0.0000000000e+00,0.0000000000e+00,0.0000000000e+00
1.9429496147e+02,1,5.2171246269e+00,1.0177888710e+24,3.8961337914e+24,3.8961337914e+24,1.5228300734e+24,5.3228507428e+24,4.0964861691e-22,4.4052673209e-23,7.1776296086e-17,1.9632683930e+05,8.0425018179e-17,8.6487220937e-18,3.4042015022e-17,3.7636188198e-15,7.0890865755e-15,2.1880883604e-15,3.7530046156e-14,0.0000000000e+00,2.9506888165e-15,3.7865154062e-16,3.5494986243e-15,2.1125528840e-15,1.4345526939e-15,9.5533509017e-16,7.8134698494e-16,6.3717479642e-16,3.3386716974e-16,1.5436863999e-16,4.3233709284e-17,1.7282173032e-16,6.2846189287e-16,4.9010922655e-16,1.5380722889e-16,1.5211968044e-16,1.2149592255e-16,3.1535091972e-16,1.5650528239e-16,5.3895284486e-16,1.1893103001e-17,2.1659648414e-17,2.8407508736e-16,6.2849375870e-17,2.0499541121e-18,9.8005559574e-44,4.0687494957e-17,0.0000000000e+00,7.5973311829e-18,6.3417765374e-17,1.2278345770e-15,2.5721327797e-17,5.5062890444e-16,3.1131377689e-16,1.7728230000e-16,7.2816960124e-16,1.7036426229e-16,4.8289975178e-16,1.0814183735e-15,3.4923835993e-15,1.0538692687e-17,1.3883117854e-16,0.0000000000e+00,2.4345226541e-15,2.3560795683e-16,1.3853925629e-16,0.0000000000e+00,6.8818044262e-15,1.6193242231e-15,7.6642530556e-17,0.0000000000e+00,0.0000000000e+00,0.0000000000e+00,0.0000000000e+00,0.0000000000e+00,0.0000000000e+00
2.0309176209e+02,1,5.3915564385e+00,1.0076204225e+24,3.9772017253e+24,3.9772017253e+24,1.5066826639e+24,5.4012006291e+24,4.8154211188e-22,4.3458998676e-23,8.8885776975e-17,2.0289706290e+05,9.7703480163e-17,8.8177031879e-18,3.5548991922e-17,4.0955453383e-15,7.0151604134e-15,2.5894574697e-15,4.0429727970e-14,0.0000000000e+00,2.8840263766e-15,3.8929475284e-16,3.4621671037e-15,2.0614894405e-15,1.3987541174e-15,9.3433482254e-16,7.6614524068e-16,6.2728046912e-16,3.3006797548e-16,1.5312876682e-16,4.6435857693e-17,1.8631319292e-16,6.7132336120e-16,5.3278999020e-16,1.6684398048e-16,1.6518842629e-16,1.3192587298e-16,3.4698091293e-16,1.6935929963e-16,6.0039787037e-16,1.2933636374e-17,2.4888303974e-17,3.3618402722e-16,7.7646844130e-17,2.6525558612e-18,9.2302827432e-44,4.1521080139e-17,0.0000000000e+00,7.1657808292e-18,5.9739058922e-17,1.2694212098e-15,2.4245442395e-17,5.6946261271e-16,3.2220782724e-16,1.8351477803e-16,7.4693336834e-16,1.7516612562e-16,4.9677043753e-16,1.1277263963e-15,3.7485126507e-15,1.1932057868e-17,1.6317597224e-16,0.0000000000e+00,2.4987063620e-15,2.4541796541e-16,1.6390294638e-16,0.0000000000e+00,7.0447346702e-15,1.6685602116e-15,9.2626900373e-17,0.0000000000e+00,0.0000000000e+00,0.0000000000e+00,0.0000000000e+00,0.0000000000e+00,0.0000000000e+00
2.1228684221e+02,1,5.5669629672e+00,9.9750619333e+23,4.0573719951e+24,4.0573719951e+24,1.4906008844e+24,5.4797112800e+24,5.6309216262e-22,4.2779679962e-23,1.0908160722e-16,2.0964633918e+05,1.1805021052e-16,8.9686032955e-18,3.7091478454e-17,4.4505455364e-15,6.9390102541e-15,3.0477902478e-15,4.3532243206e-14,0.0000000000e+00,2.8164419119e-15,4.0001556538e-16,3.3745011097e-15,2.0100450728e-15,1.3627772168e-15,9.1286975827e-16,7.5035862432e-16,6.1663699610e-16,3.2574829308e-16,1.5160417054e-16,4.9731863514e-17,2.0024825192e-16,7.1485237462e-16,5.7722671563e-16,1.8038304233e-16,1.7872315849e-16,1.4270997830e-16,3.8047431918e-16,1.8256471736e-16,6.6545833827e-16,1.4014101675e-17,2.8440027493e-17,3.9568844503e-16,9.5270206415e-17,3.4012824526e-18,8.6994485014e-44,4.2266565797e-17,0.0000000000e+00,6.7635388281e-18,5.6314285667e-17,1.3087510046e-15,2.2870662986e-17,5.8728277369e-16,3.3257834578e-16,1.8941398226e-16,7.6466957502e-16,1.7976722285e-16,5.0960084773e-16,1.1727688912e-15,4.0116857586e-15,1.3465320331e-17,1.9095111577e-16,0.0000000000e+00,2.5592894228e-15,2.5507967146e-16,1.9281170700e-16,0.0000000000e+00,7.1964458744e-15,1.7154283040e-15,1.1125888935e-16,0.0000000000e+00,0.0000000000e+00,0.0000000000e+00,0.0000000000e+00,0.0000000000e+00,0.0000000000e+00
2.2189823415e+02,1,5.7436400437e+00,9.8744558396e+23,4.1367518036e+24,4.1367518036e+24,1.4745842023e+24,5.5586717482e+24,6.5513891363e-22,4.2026826763e-23,1.3278544878e-16,2.1657613938e+05,1.4188745667e-16,9.1020078907e-18,3.8672633474e-17,4.8303329855e-15,6.8614879247e-15,3.5686052931e-15,4.6848807561e-14,0.0000000000e+00,2.7482833611e-15,4.1083491036e-16,3.2868670312e-15,1.9584617066e-15,1.3267877112e-15,8.9107909022e-16,7.3411295165e-16,6.0536414738e-16,3.2097581257e-16,1.4982730986e-16,5.3116701417e-17,2.1460561990e-16,7.5894760862e-16,6.2334283952e-16,1.9440364823e-16,1.9269247070e-16,1.5382035483e-16,4.1583658610e-16,1.9608215589e-16,7.3401317047e-16,1.5133459783e-17,3.2326007165e-17,4.6330480923e-16,1.1612834055e-16,4.3237187569e-18,8.2055320197e-44,4.2926867732e-17,0.0000000000e+00,6.3887493509e-18,5.3127201527e-17,1.3457635535e-15,2.1590537901e-17,6.0406012046e-16,3.4239765001e-16,1.9496494832e-16,7.8140238268e-16,1.8417518662e-16,5.2138184068e-16,1.2164580527e-15,4.2816366269e-15,1.5148613410e-17,2.2252538009e-16,0.0000000000e+00,2.6163651698e-15,2.6458976214e-16,2.2559818346e-16,0.0000000000e+00,7.3373199881e-15,1.7599576408e-15,1.3285942971e-16,0.0000000000e+00,0.0000000000e+00,0.0000000000e+00,0.0000000000e+00,0.0000000000e+00,0.0000000000e+00
2.3194478661e+02,1,5.9219025873e+00,9.7743755526e+23,4.2154631194e+24,4.2154631194e+24,1.4586271324e+24,5.6383545410e+24,7.5853645223e-22,4.1211858772e-23,1.6045668160e-16,2.2368769043e+05,1.6967526711e-16,9.2185855071e-18,4.0295743544e-17,5.2367134262e-15,6.7833269499e-15,4.1576299557e-15,5.0390963360e-14,0.0000000000e+00,2.6798512647e-15,4.2177378999e-16,3.1995740470e-15,1.9069449013e-15,1.2909250942e-15,8.6908349576e-16,7.1751936677e-16,5.9357018691e-16,3.1581302290e-16,1.4782862094e-16,5.6584918547e-17,2.2936187711e-16,8.0350826283e-16,6.7104962694e-16,2.0888243383e-16,2.0706235126e-16,1.6522712801e-16,4.5306501104e-16,2.0987065172e-16,8.0591326591e-16,1.6290664424e-17,3.6555383365e-17,5.3977669012e-16,1.4066747139e-16,5.4509774675e-18,7.7460348193e-44,4.3505296111e-17,0.0000000000e+00,6.0395720166e-18,5.0161714454e-17,1.3804151605e-15,2.0398676522e-17,6.1977313281e-16,3.5164284980e-16,2.0015578606e-16,7.9715932093e-16,1.8839817509e-16,5.3211129662e-16,1.2587188525e-15,4.5581055022e-15,1.6992537517e-17,2.5829377384e-16,0.0000000000e+00,2.6700366197e-15,2.7394627875e-16,2.6260757755e-16,0.0000000000e+00,7.4677667110e-15,1.8021884131e-15,1.5777197351e-16,0.0000000000e+00,0.0000000000e+00,0.0000000000e+00,0.0000000000e+00,0.0000000000e+00,0.0000000000e+00
2.4244620171e+02,1,6.1010979378e+00,9.6783974098e+23,4.2940311751e+24,4.2940311751e+24,1.4437785694e+24,5.7193561233e+24,8.7357238165e-22,4.0322885244e-23,1.9253985313e-16,2.3107107050e+05,2.0185730538e-16,9.3174522587e-18,4.1957104367e-17,5.6704404627e-15,6.7030123536e-15,4.8193545776e-15,5.4160459837e-14,0.0000000000e+00,2.6103650719e-15,4.3278868406e-16,3.1109130592e-15,1.8547856287e-15,1.2547910445e-15,8.4662895722e-16,7.0041430751e-16,5.8126165921e-16,3.1031405176e-16,1.4563757070e-16,6.0121824462e-17,2.4445607872e-16,8.4830376531e-16,7.2015144259e-16,2.2376222486e-16,2.2176789321e-16,1.7687667071e-16,4.9207735239e-16,2.2385874799e-16,8.8089777164e-16,1.7482004417e-17,4.1129260013e-17,6.2568705974e-16,1.6931714225e-16,6.8150729773e-18,7.3204691891e-44,4.3997666682e-17,0.0000000000e+00,5.7147108772e-18,4.7409522357e-17,1.4124337702e-15,1.9291136570e-17,6.3429760105e-16,3.6023432122e-16,2.0494204398e-16,8.1183529701e-16,1.9241219080e-16,5.4169867734e-16,1.2992700526e-15,4.8400670940e-15,1.9005445935e-17,2.9863264453e-16,0.0000000000e+00,2.7199825696e-15,2.8309985493e-16,3.0413460500e-16,0.0000000000e+00,7.5870340362e-15,1.8418512163e-15,1.8631792214e-16,0.0000000000e+00,0.0000000000e+00,0.0000000000e+00,0.0000000000e+00,0.0000000000e+00,0.0000000000e+00
2.5342307358e+02,1,6.2835570480e+00,9.5797221685e+23,4.3717812078e+24,4.3717812078e+24,1.4282336188e+24,5.8012553421e+24,1.0022770643e-21,3.9413540402e-23,2.2970345258e-16,2.3856283563e+05,2.3910605854e-16,9.4026059604e-18,4.3675075913e-17,6.1356796658e-15,6.6255909677e-15,5.5624705208e-15,5.8190343856e-14,0.0000000000e+00,2.5422455464e-15,4.4402491484e-16,3.0252570313e-15,1.8039982005e-15,1.2195765977e-15,8.2456354355e-16,6.8343602792e-16,5.6871885106e-16,3.0453902870e-16,1.4327803990e-16,6.3738989406e-17,2.5993253619e-16,8.9349996176e-16,7.7073190179e-16,2.3907851352e-16,2.3683064105e-16,1.8878258078e-16,5.3299582123e-16,2.3806482880e-16,9.5895513553e-16,1.8711656302e-17,4.6063023370e-17,7.2216430001e-16,2.0272918394e-16,8.4626995710e-18,6.9224833289e-44,4.4423338699e-17,0.0000000000e+00,5.4114778944e-18,4.4840723725e-17,1.4422901252e-15,1.8257421361e-17,6.4784438537e-16,3.6828026861e-16,2.0938791182e-16,8.2573299827e-16,1.9629022313e-16,5.5034199203e-16,1.3384951574e-15,5.1288162266e-15,2.1205235606e-17,3.4411652650e-16,0.0000000000e+00,2.7671779058e-15,2.9214724942e-16,3.5067971720e-16,0.0000000000e+00,7.6979141592e-15,1.8796362821e-15,2.1898959868e-16,0.0000000000e+00,0.0000000000e+00,0.0000000000e+00,0.0000000000e+00,0.0000000000e+00,0.0000000000e+00
2.6489692876e+02,1,6.4679920424e+00,9.4822188675e+23,4.4481552892e+24,4.4481552892e+24,1.4132332417e+24,5.8842524676e+24,1.1447137255e-21,3.8465283107e-23,2.7242507459e-16,2.4626030117e+05,2.8189754679e-16,9.4724722024e-18,4.5441824533e-17,6.6327470626e-15,6.5493577140e-15,6.3913051484e-15,6.2477785040e-14,0.0000000000e+00,2.4742969833e-15,4.5538754266e-16,2.9397186680e-15,1.7534614243e-15,1.1846372544e-15,8.0280728552e-16,6.6663126510e-16,5.5611676211e-16,2.9853843165e-16,1.4074646441e-16,6.7414721753e-17,2.7570100511e-16,9.3877586798e-16,8.2250067186e-16,2.5474596556e-16,2.5215772132e-16,2.0086916758e-16,5.7567493642e-16,2.5239008172e-16,1.0396837601e-15,1.9973806060e-17,5.1350429802e-17,8.2977022374e-16,2.4136916857e-16,1.0430067618e-17,6.5486691688e-44,4.4774987764e-17,0.0000000000e+00,5.1256631941e-18,4.2425711865e-17,1.4696005642e-15,1.7283606096e-17,6.6023910440e-16,3.7567054048e-16,2.1343256833e-16,8.3866080530e-16,1.9998843588e-16,5.5790996729e-16,1.3760062547e-15,5.4228345143e-15,2.3598747862e-17,3.9512452478e-16,0.0000000000e+00,2.8110300778e-15,3.0101175281e-16,4.0252156739e-16,0.0000000000e+00,7.7988785124e-15,1.9151024550e-15,2.5611770556e-16,0.0000000000e+00,0.0000000000e+00,0.0000000000e+00,0.0000000000e+00,0.0000000000e+00,0.0000000000e+00
2.7689026842e+02,1,6.6560078498e+00,9.3850794665e+23,4.5255845094e+24,4.5255845094e+24,1.3980964263e+24,5.9693132700e+24,1.3021052383e-21,3.7496486759e-23,3.2138845727e-16,2.5414062403e+05,3.3091783782e-16,9.5293805440e-18,4.7268873946e-17,7.1648749374e-15,6.4740712601e-15,7.3131143588e-15,6.7045113350e-14,0.0000000000e+00,2.4071067664e-15,4.6698555912e-16,2.8562317153e-15,1.7037849900e-15,1.1503216982e-15,7.8090121383e-16,6.4950137764e-16,5.4309708329e-16,2.9233213321e-16,1.3812141800e-16,7.1154071574e-17,2.9177962893e-16,9.8421664115e-16,8.7546737770e-16,2.7077744415e-16,2.6775397637e-16,2.1313815332e-16,6.2017164342e-16,2.6683927768e-16,1.1230173511e-15,2.1271195445e-17,5.6996627743e-17,9.4944684957e-16,2.8589792187e-16,1.2768708357e-17,6.2036005730e-44,4.5063475118e-17,0.0000000000e+00,4.8619959117e-18,4.0197894842e-17,1.4946459929e-15,1.6386019283e-17,6.7160824679e-16,3.8247555725e-16,2.1711755248e-16,8.5082356285e-16,2.0355361098e-16,5.6452219586e-16,1.4120230026e-15,5.7228825212e-15,2.6202816861e-17,4.5224380923e-16,0.0000000000e+00,2.8521874185e-15,3.0975073722e-16,4.6011251932e-16,0.0000000000e+00,7.8918897691e-15,1.9486690200e-15,2.9818865843e-16,0.0000000000e+00,0.0000000000e+00,0.0000000000e+00,0.0000000000e+00,0.0000000000e+00,0.0000000000e+00
2.8942661247e+02,1,6.8473428105e+00,9.2887375997e+23,4.6030743830e+24,4.6030743830e+24,1.3831064696e+24,6.0563063241e+24,1.4752803436e-21,3.6509223828e-23,3.7727170827e-16,2.6221801584e+05,3.8684508450e-16,9.5733762319e-18,4.9156166405e-17,7.7337153685e-15,6.4003329587e-15,8.3340607674e-15,7.1902207012e-14,0.0000000000e+00,2.3405774509e-15,4.7877944224e-16,2.7739578747e-15,1.6547765271e-15,1.1165282567e-15,7.5917272676e-16,6.3239821227e-16,5.2994668672e-16,2.8597356008e-16,1.3539491910e-16,7.4943570933e-17,3.0811064731e-16,1.0296376445e-15,9.2942069428e-16,2.8711559783e-16,2.8355472725e-16,2.2553636498e-16,6.6639672602e-16,2.8134474043e-16,1.2086146866e-15,2.2600533355e-17,6.2995498224e-17,1.0819942574e-15,3.3697380177e-16,1.5531598822e-17,5.8818101125e-44,4.5289293426e-17,0.0000000000e+00,4.6156936850e-18,3.8119850530e-17,1.5173033612e-15,1.5548133977e-17,6.8189549684e-16,3.8865242761e-16,2.2042111399e-16,8.6216394096e-16,2.0697305097e-16,5.7014814438e-16,1.4463912024e-15,6.0282376276e-15,2.9029957666e-17,5.1602770490e-16,0.0000000000e+00,2.8904814941e-15,3.1833630826e-16,5.2384774300e-16,0.0000000000e+00,7.9765706606e-15,1.9802131223e-15,3.4566640723e-16,0.0000000000e+00,0.0000000000e+00,0.0000000000e+00,0.0000000000e+00,0.0000000000e+00,0.0000000000e+00
3.0253054571e+02,1,7.0423340173e+00,9.1932255654e+23,4.6807720947e+24,4.6807720947e+24,1.3682783815e+24,6.1454072237e+24,1.6649755193e-21,3.5509831647e-23,4.4076394698e-16,2.7049599775e+05,4.5036921432e-16,9.6052673413e-18,5.1107325584e-17,8.3413343473e-15,6.3283591966e-15,9.4603367796e-15,7.7062247335e-14,0.0000000000e+00,2.2748208541e-15,4.9077404360e-16,2.6929930422e-15,1.6065029315e-15,1.0832984839e-15,7.3766748688e-16,6.1536951761e-16,5.1671865407e-16,2.7949691882e-16,1.3258492891e-16,7.8775358832e-17,3.2465889738e-16,1.0749456937e-15,9.8421100982e-16,3.0372341520e-16,2.9951704161e-16,2.3802817338e-16,7.1429552413e-16,2.9586309400e-16,1.2962038865e-15,2.3960334140e-17,6.9340672218e-17,1.2282163946e-15,3.9526534913e-16,1.8773505451e-17,5.5814468667e-44,4.5456384506e-17,0.0000000000e+00,4.3853937443e-18,3.6179689068e-17,1.5375971841e-15,1.4765235672e-17,6.9111160310e-16,3.9420068127e-16,2.2334540597e-16,8.7271152158e-16,2.1025321096e-16,5.7481197714e-16,1.4790918430e-15,6.3386528031e-15,3.2093713579e-17,5.8704056764e-16,0.0000000000e+00,2.9260110648e-15,3.2676882312e-16,5.9412409316e-16,0.0000000000e+00,8.0533054712e-15,2.0097930822e-15,3.9902029123e-16,0.0000000000e+00,0.0000000000e+00,0.0000000000e+00,0.0000000000e+00,0.0000000000e+00,0.0000000000e+00
3.1622776602e+02,1,7.2409465160e+00,9.0995199663e+23,4.7593319143e+24,4.7593319143e+24,1.3540764744e+24,6.2373762167e+24,1.8715894162e-21,3.4497986135e-23,5.1256460146e-16,2.7900875975e+05,5.2218984178e-16,9.6252403253e-18,5.3120060693e-17,8.9892898122e-15,6.2574580582e-15,1.0697569878e-14,8.2533305793e-14,0.0000000000e+00,2.2093126441e-15,5.0292793600e-16,2.6126376958e-15,1.5579286994e-15,1.0502299825e-15,7.1617557019e-16,5.9835096679e-16,5.0351761444e-16,2.7310479646e-16,1.2982678545e-16,8.2636221062e-17,3.4136672623e-16,1.1199789074e-15,1.0396178026e-15,3.2054254296e-16,3.1557731909e-16,2.5056199311e-16,7.6375959678e-16,3.1033116015e-16,1.3854115286e-15,2.5347229477e-17,7.6019411300e-17,1.3888438661e-15,4.6145193412e-16,2.2551600569e-17,5.2955140869e-44,4.5565990973e-17,0.0000000000e+00,4.1658789571e-18,3.4339292696e-17,1.5554762919e-15,1.4021345040e-17,6.9923355074e-16,3.9909518863e-16,2.2587926193e-16,8.8246460489e-16,2.1339516860e-16,5.7850977836e-16,1.5100247545e-15,6.6534635267e-15,3.5406286334e-17,6.6584309226e-16,0.0000000000e+00,2.9588182126e-15,3.3502803481e-16,6.7131022003e-16,0.0000000000e+00,8.1224383617e-15,2.0373618038e-15,4.5871606051e-16,0.0000000000e+00,0.0000000000e+00,0.0000000000e+00,0.0000000000e+00,0.0000000000e+00,0.0000000000e+00
3.3054513476e+02,1,7.4442081971e+00,9.0058974786e+23,4.8378587607e+24,4.8378587607e+24,1.3397013614e+24,6.3311549008e+24,2.0963144381e-21,3.3489855768e-23,5.9348681570e-16,2.8770590615e+05,6.0312204500e-16,9.6352293006e-18,5.5209852383e-17,9.6805708043e-15,6.1895804447e-15,1.2052782534e-14,8.8339241411e-14,0.0000000000e+00,2.1454531101e-15,5.1531981613e-16,2.5346027620e-15,1.5114058448e-15,1.0182764144e-15,6.9525709573e-16,5.8160863496e-16,4.9027001726e-16,2.6646860096e-16,1.2688900839e-16,8.6527189651e-17,3.5823563377e-16,1.1647796008e-15,1.0955994509e-15,3.3756978396e-16,3.3173000296e-16,2.6313228835e-16,8.1480431605e-16,3.2474497143e-16,1.4761122339e-15,2.6762712680e-17,8.3027255075e-17,1.5647883848e-15,5.3631569444e-16,2.6931480927e-17,5.0334161909e-44,4.5626846093e-17,0.0000000000e+00,3.9642334590e-18,3.2644841674e-17,1.5711319867e-15,1.3336588643e-17,7.0634743020e-16,4.0339277019e-16,2.2805628999e-16,8.9150388293e-16,2.1641155803e-16,5.8132649427e-16,1.5393462408e-15,6.9731976081e-15,3.8985975415e-17,7.5312750692e-16,0.0000000000e+00,2.9890643189e-15,3.4315210551e-16,7.5587924113e-16,0.0000000000e+00,8.1842707854e-15,2.0631656661e-15,5.2530331898e-16,0.0000000000e+00,0.0000000000e+00,0.0000000000e+00,0.0000000000e+00,0.0000000000e+00,0.0000000000e+00
3.4551072946e+02,1,7.6521663603e+00,8.9132130277e+23,4.9170341859e+24,4.9170341859e+24,1.3255293301e+24,6.4275766328e+24,2.3398026390e-21,3.2484570444e-23,6.8438725365e-16,2.9661591221e+05,6.9402269414e-16,9.6354404949e-18,5.7375395990e-17,1.0417023124e-14,6.1237858076e-15,1.3532133324e-14,9.4491357218e-14,0.0000000000e+00,2.0825861478e-15,5.2790074416e-16,2.4580420360e-15,1.4657312540e-15,9.8695432216e-16,6.7465310088e-16,5.6504319122e-16,4.7706687904e-16,2.5979703419e-16,1.2391215396e-16,9.0435519182e-17,3.7520961097e-16,1.2092012809e-15,1.1519375408e-15,3.5474809155e-16,3.4791567651e-16,2.7569152403e-16,8.6731913485e-16,3.3904654765e-16,1.5679366487e-15,2.8203309646e-17,9.0347700929e-17,1.7568495065e-15,6.2068192484e-16,3.1984698778e-17,4.7879519196e-44,4.5640297014e-17,0.0000000000e+00,3.7750510311e-18,3.1057537155e-17,1.5845350473e-15,1.2694617212e-17,7.1244043644e-16,4.0707502567e-16,2.2986918654e-16,8.9983161944e-16,2.1930380878e-16,5.8326530720e-16,1.5669788102e-15,7.2972798294e-15,4.2848585314e-17,8.4960029278e-16,0.0000000000e+00,3.0168077233e-15,3.5112331744e-16,8.4826696150e-16,0.0000000000e+00,8.2391910707e-15,2.0871687806e-15,5.9934303659e-16,0.0000000000e+00,0.0000000000e+00,0.0000000000e+00,0.0000000000e+00,0.0000000000e+00,0.0000000000e+00
3.6115389887e+02,1,7.8676105911e+00,8.8154455069e+23,4.9959790257e+24,4.9959790257e+24,1.3114294454e+24,6.5270151365e+24,2.6080596086e-21,3.1521418742e-23,7.8713479098e-16,3.0550092138e+05,7.9676461344e-16,9.6298224689e-18,5.9670653853e-17,1.1206798452e-14,6.0549637388e-15,1.5152519602e-14,1.0105126358e-13,0.0000000000e+00,2.0180972060e-15,5.4078976981e-16,2.3795271017e-15,1.4187625709e-15,9.5476620505e-16,6.5369707909e-16,5.4794927348e-16,4.6337160419e-16,2.5285216240e-16,1.2082402682e-16,9.4385678523e-17,3.9238725325e-16,1.2535965684e-15,1.2088782880e-15,3.7216631787e-16,3.6421737189e-16,2.8830472913e-16,9.2157261593e-16,3.5331469362e-16,1.6611353119e-15,2.9677193440e-17,9.8003658115e-17,1.9672209805e-15,7.1631496977e-16,3.7851159663e-17,4.5441739500e-44,4.5625904246e-17,0.0000000000e+00,3.5872224450e-18,2.9479026080e-17,1.5963030652e-15,1.2057995193e-17,7.1779043457e-16,4.1028494586e-16,2.3140402664e-16,9.0773356739e-16,2.2214102225e-16,5.8456586351e-16,1.5934856179e-15,7.6283485524e-15,4.7046566160e-17,9.5701605331e-16,0.0000000000e+00,3.0430482737e-15,3.5906616733e-16,9.4968726890e-16,0.0000000000e+00,8.2900404978e-15,2.1101433055e-15,6.8212898912e-16,0.0000000000e+00,0.0000000000e+00,0.0000000000e+00,0.0000000000e+00,0.0000000000e+00,0.0000000000e+00
3.7750532053e+02,1,8.0858487204e+00,8.7250476966e+23,5.0768298033e+24,5.0768298033e+24,1.2976499532e+24,6.6292561876e+24,2.8913414052e-21,3.0529478745e-23,9.0073046332e-16,3.1485133817e+05,9.1034271055e-16,9.6122472365e-18,6.1998774826e-17,1.2039880196e-14,5.9936496383e-15,1.6898801678e-14,1.0794201054e-13,0.0000000000e+00,1.9575167849e-15,5.5369298627e-16,2.3062286605e-15,1.3749935522e-15,9.2483974193e-16,6.3380712338e-16,5.3184659922e-16,4.5037070481e-16,2.4617866951e-16,1.1780313472e-16,9.8299888172e-17,4.0944219590e-16,1.2969707776e-15,1.2653914904e-15,3.8951141732e-16,3.8033361128e-16,3.0073444516e-16,9.7676006029e-16,3.6726434628e-16,1.7542659944e-15,3.1160586717e-17,1.0589791417e-16,2.1939372513e-15,8.2231291819e-16,4.4481690833e-17,4.3294289879e-44,4.5553100403e-17,0.0000000000e+00,3.4210891571e-18,2.8090040653e-17,1.6052794671e-15,1.1495038204e-17,7.2187856693e-16,4.1274854484e-16,2.3250275997e-16,9.1467750456e-16,2.2478698329e-16,5.8481724844e-16,1.6176927656e-15,7.9602194383e-15,5.1528398933e-17,1.0741665211e-15,0.0000000000e+00,3.0658888315e-15,3.6671716588e-16,1.0590915335e-15,0.0000000000e+00,8.3316963941e-15,2.1306055333e-15,7.7285245994e-16,0.0000000000e+00,0.0000000000e+00,0.0000000000e+00,0.0000000000e+00,0.0000000000e+00,0.0000000000e+00
3.9459706091e+02,1,8.3098278045e+00,8.6355754340e+23,5.1587532465e+24,5.1587532465e+24,1.2840593575e+24,6.7345901564e+24,3.1952207904e-21,2.9550685125e-23,1.0270268235e-15,3.2442635820e+05,1.0366138447e-15,9.5870211575e-18,6.4415517986e-17,1.2924343494e-14,5.9344330292e-15,1.8787106184e-14,1.1522542739e-13,0.0000000000e+00,1.8980519487e-15,5.6673309632e-16,2.2344697610e-15,1.3321279561e-15,8.9557036737e-16,6.1428639113e-16,5.1598595254e-16,4.3749695116e-16,2.3952837505e-16,1.1477575140e-16,1.0220546424e-16,4.2648447165e-16,1.3397236089e-15,1.3217589681e-15,4.0688256064e-16,3.9636048274e-16,3.1305679537e-16,1.0331606668e-15,3.8098870895e-16,1.8476256799e-15,3.2662042603e-17,1.1405115045e-16,2.4390920070e-15,9.4042080623e-16,5.2016840534e-17,4.1274723554e-44,4.5443215578e-17,0.0000000000e+00,3.2645842324e-18,2.6783440890e-17,1.6121586875e-15,1.0965072162e-17,7.2501736737e-16,4.1462858601e-16,2.3326286146e-16,9.2098025038e-16,2.2731756178e-16,5.8428705450e-16,1.6402346407e-15,8.2957369148e-15,5.6346409655e-17,1.2028004939e-15,0.0000000000e+00,3.0864404511e-15,3.7421343753e-16,1.1776657705e-15,0.0000000000e+00,8.3673008890e-15,2.1494094129e-15,8.7278840091e-16,0.0000000000e+00,0.0000000000e+00,0.0000000000e+00,0.0000000000e+00,0.0000000000e+00,0.0000000000e+00
4.1246263829e+02,1,8.5398932951e+00,8.5470271889e+23,5.2418803067e+24,5.2418803067e+24,1.2706489324e+24,6.8431527894e+24,3.5202128940e-21,2.8587407951e-23,1.1670068806e-15,3.3423025616e+05,1.1765616573e-15,9.5547766822e-18,6.6925458274e-17,1.3862183743e-14,5.8772679425e-15,2.0823109956e-14,1.2291776770e-13,0.0000000000e+00,1.8397292011e-15,5.7988431157e-16,2.1642610185e-15,1.2901759791e-15,8.6696141893e-16,5.9514565283e-16,5.0038237837e-16,4.2477046394e-16,2.3291592698e-16,1.1175016893e-16,1.0609372386e-16,4.4347467820e-16,1.3817789364e-15,1.3778144954e-15,4.2423792426e-16,4.1225958745e-16,3.2524236284e-16,1.0906804056e-15,3.9445324943e-16,1.9409217606e-15,3.4178793173e-17,1.2244222201e-16,2.7034222598e-15,1.0715743679e-15,6.0541247269e-17,3.9372995182e-44,4.5299312372e-17,0.0000000000e+00,3.1169650765e-18,2.5552773261e-17,1.6169955157e-15,1.0465532456e-17,7.2723215850e-16,4.1593785211e-16,2.3369389289e-16,9.2666106305e-16,2.2973387732e-16,5.8300720678e-16,1.6611237669e-15,8.6346655670e-15,6.1520133815e-17,1.3437634348e-15,0.0000000000e+00,3.1047580229e-15,3.8155330455e-16,1.3058795705e-15,0.0000000000e+00,8.3970854047e-15,2.1665927122e-15,9.8256330837e-16,0.0000000000e+00,0.0000000000e+00,0.0000000000e+00,0.0000000000e+00,0.0000000000e+00,0.0000000000e+00
4.3113708854e+02,1,8.7763949131e+00,8.4593943434e+23,5.3263393582e+24,5.3263393582e+24,1.2574069656e+24,6.9550745163e+24,3.8667798038e-21,2.7641653041e-23,1.3216897749e-15,3.4426731287e+05,1.3312058925e-15,9.5161176159e-18,6.9533367067e-17,1.4855349815e-14,5.8220905268e-15,2.3012316930e-14,1.3103567209e-13,0.0000000000e+00,1.7825689076e-15,5.9311743144e-16,2.0956075027e-15,1.2491439592e-15,8.3901380677e-16,5.7639320740e-16,4.8504838983e-16,4.1220861764e-16,2.2635424268e-16,1.0873378133e-16,1.0995608378e-16,4.6037381490e-16,1.4230634550e-15,1.4333945039e-15,4.4153610348e-16,4.2799406311e-16,3.3726335723e-16,1.1492222122e-15,4.0762522849e-16,2.0338675729e-15,3.5707871250e-17,1.3104874232e-16,2.9876425745e-15,1.2167405079e-15,7.0142977062e-17,3.7579939765e-44,4.5124312513e-17,0.0000000000e+00,2.9775538297e-18,2.4392149845e-17,1.6198466623e-15,9.9940789054e-18,7.2854915082e-16,4.1669020008e-16,2.3380591654e-16,9.3173797564e-16,2.3203636822e-16,5.8100973416e-16,1.6803753371e-15,8.9767714931e-15,6.7070075829e-17,1.4979425687e-15,0.0000000000e+00,3.1208915125e-15,3.8873480789e-16,1.4442125641e-15,0.0000000000e+00,8.4212629589e-15,2.1821901877e-15,1.1028227095e-15,0.0000000000e+00,0.0000000000e+00,0.0000000000e+00,0.0000000000e+00,0.0000000000e+00,0.0000000000e+00
4.5065703377e+02,1,9.0196879697e+00,8.3726603382e+23,5.4122564811e+24,5.4122564811e+24,1.2443184195e+24,7.0704811084e+24,4.2353305910e-21,2.6715106031e-23,1.4921297797e-15,3.5454172161e+05,1.5016013993e-15,9.4716196852e-18,7.2244231098e-17,1.5905739517e-14,5.7688222344e-15,2.5360046657e-14,1.3959616665e-13,0.0000000000e+00,1.7265861699e-15,6.0640028278e-16,2.0285096595e-15,1.2090349884e-15,8.1172643271e-16,5.5803523687e-16,4.6999428956e-16,3.9982634767e-16,2.1985468193e-16,1.0573316736e-16,1.1378410345e-16,4.7714348326e-16,1.4635066550e-15,1.4883390177e-15,4.5873633200e-16,4.4352868771e-16,3.4909369875e-16,1.2086866032e-15,4.2047372915e-16,2.1261838362e-15,3.7246118271e-17,1.3984733398e-16,3.2924435777e-15,1.3769160604e-15,8.0913293132e-17,3.5887203528e-44,4.4920999912e-17,0.0000000000e+00,2.8457322820e-18,2.3296203774e-17,1.6207702908e-15,9.5485780476e-18,7.2899521038e-16,4.1690038741e-16,2.3360938514e-16,9.3622788865e-16,2.3422482572e-16,5.7832659770e-16,1.6980068154e-15,9.3218223615e-15,7.3017751967e-17,1.6662676670e-15,0.0000000000e+00,3.1348863430e-15,3.9575572380e-16,1.5931548382e-15,0.0000000000e+00,8.4400292305e-15,2.1962336896e-15,1.2342306758e-15,0.0000000000e+00,0.0000000000e+00,0.0000000000e+00,0.0000000000e+00,0.0000000000e+00,0.0000000000e+00
4.7106075420e+02,1,9.2670974767e+00,8.2900582787e+23,5.4999285405e+24,5.4999285405e+24,1.2320973779e+24,7.1890618029e+24,4.6199041921e-21,2.5787523767e-23,1.6779772130e-15,3.6524479768e+05,1.6873959719e-15,9.4187589011e-18,7.5026269045e-17,1.7007593324e-14,5.7188665855e-15,2.7856962284e-14,1.4855159524e-13,0.0000000000e+00,1.6724864675e-15,6.1951586355e-16,1.9635714423e-15,1.1704705606e-15,7.8567230599e-16,5.4047548705e-16,4.5546807547e-16,3.8786382049e-16,2.1359072775e-16,1.0280271209e-16,1.1753200814e-16,4.9358898434e-16,1.5025593286e-15,1.5420152981e-15,4.7564783625e-16,4.5868507964e-16,3.6059491581e-16,1.2685564048e-15,4.3283441145e-16,2.2169331200e-15,3.8778123332e-17,1.4876576183e-16,3.6166130846e-15,1.5517908150e-15,9.2848636500e-17,3.4325457338e-44,4.4677200069e-17,0.0000000000e+00,2.7231012491e-18,2.2283381645e-17,1.6192897462e-15,9.1333834519e-18,7.2835634900e-16,4.1644818053e-16,2.3303812287e-16,9.3986949054e-16,2.3623123766e-16,5.7479850384e-16,1.7134779080e-15,9.6663347720e-15,7.9336747627e-17,1.8482419297e-15,0.0000000000e+00,3.1458603626e-15,4.0248111702e-16,1.7521345383e-15,0.0000000000e+00,8.4511112948e-15,2.2080359346e-15,1.3764398159e-15,0.0000000000e+00,0.0000000000e+00,0.0000000000e+00,0.0000000000e+00,0.0000000000e+00,0.0000000000e+00
4.9238826317e+02,1,9.5251096886e+00,8.2050867551e+23,5.5891240924e+24,5.5891240924e+24,1.2194488178e+24,7.3117876472e+24,5.0329071891e-21,2.4904124351e-23,1.8831017596e-15,3.7601849185e+05,1.8924661709e-15,9.3644112795e-18,7.7959332751e-17,1.8177669465e-14,5.6690279975e-15,3.0536093213e-14,1.5804743484e-13,0.0000000000e+00,1.6188552874e-15,6.3279891905e-16,1.8995603396e-15,1.1321758184e-15,7.5965740797e-16,5.2289064895e-16,4.4098379057e-16,3.7586417862e-16,2.0723209124e-16,9.9847194367e-17,1.2126795226e-16,5.0999245591e-16,1.5411397516e-15,1.5952417989e-15,4.9253733691e-16,4.7372577903e-16,3.7197629308e-16,1.3295651810e-15,4.4495606858e-16,2.3072032761e-15,4.0324973413e-17,1.5787526943e-16,3.9644392357e-15,1.7449705006e-15,1.0623133332e-16,3.2807204053e-44,4.4426099536e-17,0.0000000000e+00,2.6046315681e-18,2.1300349464e-17,1.6165746344e-15,8.7335987463e-18,7.2715991105e-16,4.1563080126e-16,2.3226252203e-16,9.4324893957e-16,2.3819272780e-16,5.7085332985e-16,1.7279627398e-15,1.0016660329e-14,8.6145526059e-17,2.0476986766e-15,0.0000000000e+00,3.1557553066e-15,4.0917962228e-16,1.9237310745e-15,0.0000000000e+00,8.4597345126e-15,2.2191007314e-15,1.5321221604e-15,0.0000000000e+00,0.0000000000e+00,0.0000000000e+00,0.0000000000e+00,0.0000000000e+00,0.0000000000e+00
5.1468138568e+02,1,9.7910839770e+00,8.1209800062e+23,5.6801656048e+24,5.6801656048e+24,1.2068948992e+24,7.4385125169e+24,5.4690818333e-21,2.4043281146e-23,2.1074640796e-15,3.8704300426e+05,2.1167698633e-15,9.3057837670e-18,8.1012580897e-17,1.9410587595e-14,5.6207990736e-15,3.3389223580e-14,1.6804180356e-13,0.0000000000e+00,1.5664210259e-15,6.4602080806e-16,1.8370809725e-15,1.0947981234e-15,7.3429210440e-16,5.0571012757e-16,4.2679977274e-16,3.6407709096e-16,2.0096251512e-16,9.6923195617e-17,1.2494510671e-16,5.2615509273e-16,1.5786798843e-15,1.6473772923e-15,5.0921079832e-16,4.8847024593e-16,3.8309876212e-16,1.3911895064e-15,4.5667130756e-16,2.3960542222e-15,4.1870500322e-17,1.6710313999e-16,4.3348553821e-15,1.9564269145e-15,1.2108116426e-16,3.1368846532e-44,4.4154213492e-17,0.0000000000e+00,2.4922236113e-18,2.0368821947e-17,1.6121074033e-15,8.3544869835e-18,7.2517341221e-16,4.1431836457e-16,2.3121057573e-16,9.4608492604e-16,2.4003572849e-16,5.6631531558e-16,1.7408862937e-15,1.0369257266e-14,9.3426235522e-17,2.2644689576e-15,0.0000000000e+00,3.1636181781e-15,4.1570891510e-16,2.1075347920e-15,0.0000000000e+00,8.4634253823e-15,2.2286866644e-15,1.7011252476e-15,0.0000000000e+00,0.0000000000e+00,0.0000000000e+00,0.0000000000e+00,0.0000000000e+00,0.0000000000e+00
5.3798384034e+02,1,1.0065371630e+01,8.0377672583e+23,5.7731636073e+24,5.7731636073e+24,1.1944696312e+24,7.5692740978e+24,5.9283034782e-21,2.3205398653e-23,2.3521646871e-15,3.9832779328e+05,2.3614080424e-15,9.2433552375e-18,8.4191535389e-17,2.0707811104e-14,5.5740664950e-15,3.6420338652e-14,1.7855127932e-13,0.0000000000e+00,1.5151835451e-15,6.5914243034e-16,1.7761214132e-15,1.0583315221e-15,7.0956971844e-16,4.8893390633e-16,4.1291971711e-16,3.5250997171e-16,1.9478837855e-16,9.4034660875e-17,1.2855601868e-16,5.4204280276e-16,1.6151217950e-15,1.6982848311e-15,5.2563198382e-16,5.0289066039e-16,3.9394363882e-16,1.4533239679e-15,4.6795710099e-16,2.4832480431e-15,4.3410966128e-17,1.7642409850e-16,4.7283789227e-15,2.1871866097e-15,1.3749341737e-16,3.0004550101e-44,4.3863851871e-17,0.0000000000e+00,2.3854465795e-18,1.9485057783e-17,1.6059516644e-15,7.9945646958e-18,7.2242603921e-16,4.1252870651e-16,2.2989394993e-16,9.4839170470e-16,2.4175816127e-16,5.6121603170e-16,1.7522747166e-15,1.0723888774e-14,1.0120257573e-16,2.4995753378e-15,0.0000000000e+00,3.1694838828e-15,4.2206619180e-16,2.3040321505e-15,0.0000000000e+00,8.4623306437e-15,2.2368183860e-15,1.8841266185e-15,0.0000000000e+00,0.0000000000e+00,0.0000000000e+00,0.0000000000e+00,0.0000000000e+00,0.0000000000e+00
5.6234132519e+02,1,1.0346344593e+01,7.9549511006e+23,5.8669468266e+24,5.8669468266e+24,1.1826717473e+24,7.7036842324e+24,6.4084623557e-21,2.2386631740e-23,2.6174800695e-15,4.0987300850e+05,2.6266557456e-15,9.1756761015e-18,8.7475911467e-17,2.2065843380e-14,5.5276353783e-15,3.9623833209e-14,1.8954916526e-13,0.0000000000e+00,1.4650829719e-15,6.7200448634e-16,1.7170198142e-15,1.0229408212e-15,6.8547437491e-16,4.7225678588e-16,3.9912048382e-16,3.4107560473e-16,1.8867640774e-16,9.1149849175e-17,1.3206896068e-16,5.5751923804e-16,1.6501035242e-15,1.7475149468e-15,5.4166589472e-16,5.1686490611e-16,4.0441870561e-16,1.5155788208e-15,4.7870375833e-16,2.5680786174e-15,4.4934149885e-17,1.8577833707e-16,5.1442821433e-15,2.4375062814e-15,1.5550939556e-16,2.8711074466e-44,4.3548128295e-17,0.0000000000e+00,2.2840748926e-18,1.8649508731e-17,1.5978645514e-15,7.6541604332e-18,7.1880922384e-16,4.1020188805e-16,2.2828046081e-16,9.4999552128e-16,2.4331013598e-16,5.5547781857e-16,1.7618222700e-15,1.1078201334e-14,1.0946929961e-16,2.7532064797e-15,0.0000000000e+00,3.1727450799e-15,4.2816437303e-16,2.5130492752e-15,0.0000000000e+00,8.4548723342e-15,2.2430784535e-15,2.0811969798e-15,0.0000000000e+00,0.0000000000e+00,0.0000000000e+00,0.0000000000e+00,0.0000000000e+00,0.0000000000e+00
5.8780160723e+02,1,1.0638438926e+01,7.8737902546e+23,5.9642426428e+24,5.9642426428e+24,1.1706813603e+24,7.8428128135e+24,6.9131528880e-21,2.1595158380e-23,2.9063058990e-15,4.2171973493e+05,2.9154130035e-15,9.1071044677e-18,9.0925160008e-17,2.3495897302e-14,5.4835759995e-15,4.3022123144e-14,2.0114090085e-13,0.0000000000e+00,1.4162193646e-15,6.8480743740e-16,1.6590060135e-15,9.8824309529e-16,6.6200576478e-16,4.5631232759e-16,3.8587453330e-16,3.2996993181e-16,1.8270935233e-16,8.8344455302e-17,1.3552660018e-16,5.7276154738e-16,1.6841944624e-15,1.7955864195e-15,5.5748055062e-16,5.3056268283e-16,4.1466106209e-16,1.5784197874e-15,4.8907089129e-16,2.6512934196e-15,4.6453038386e-17,1.9520953606e-16,5.5854752541e-15,2.7100737411e-15,1.7534176308e-16,2.7479138678e-44,4.3227842718e-17,0.0000000000e+00,2.1874191495e-18,1.7851094896e-17,1.5885406327e-15,7.3285690147e-18,7.1463557350e-16,4.0751715435e-16,2.2647235679e-16,9.5129369722e-16,2.4478580578e-16,5.4935549869e-16,1.7702383597e-15,1.1436254095e-14,1.1831367380e-16,3.0282607391e-15,0.0000000000e+00,3.1747419892e-15,4.3417173972e-16,2.7364462415e-15,0.0000000000e+00,8.4446869994e-15,2.2483888895e-15,2.2943040009e-15,0.0000000000e+00,0.0000000000e+00,0.0000000000e+00,0.0000000000e+00,0.0000000000e+00,0.0000000000e+00
6.1441461614e+02,1,1.0940187398e+01,7.7935118616e+23,6.0638928641e+24,6.0638928641e+24,1.1588166973e+24,7.9865935268e+24,7.4413016753e-21,2.0827652601e-23,3.2193563397e-15,4.3384780135e+05,3.2283923710e-15,9.0360312883e-18,9.4521261626e-17,2.4995146017e-14,5.4406433012e-15,4.6611399998e-14,2.1330846641e-13,0.0000000000e+00,1.3685409913e-15,6.9738627899e-16,1.6024725600e-15,9.5443548696e-16,6.3915797372e-16,4.4076454722e-16,3.7293585408e-16,3.1909911293e-16,1.7685212256e-16,8.5583513620e-17,1.3889644221e-16,5.8763037391e-16,1.7170174830e-15,1.8420449672e-15,5.7293855780e-16,5.4386015679e-16,4.2457851594e-16,1.6414561625e-15,4.9894635682e-16,2.7321839339e-15,4.7954947567e-17,2.0465880759e-16,6.0514638102e-15,3.0055443668e-15,1.9706211077e-16,2.6306844171e-44,4.2895342633e-17,0.0000000000e+00,2.0953210747e-18,1.7091183769e-17,1.5777090451e-15,7.0184888598e-18,7.0978379546e-16,4.0440760522e-16,2.2443324896e-16,9.5209938191e-16,2.4613133615e-16,5.4276034556e-16,1.7771928488e-15,1.1795689642e-14,1.2774306395e-16,3.3253964461e-15,0.0000000000e+00,3.1748168310e-15,4.3999643596e-16,2.9742799840e-15,0.0000000000e+00,8.4300552217e-15,2.2522968466e-15,2.5237919800e-15,0.0000000000e+00,0.0000000000e+00,0.0000000000e+00,0.0000000000e+00,0.0000000000e+00,0.0000000000e+00
6.4223254222e+02,1,1.1925355136e+01,7.3791134935e+23,6.2552993991e+24,6.2552993991e+24,1.1049016360e+24,8.2743973039e+24,9.0220475910e-21,1.8646494448e-23,4.2668079524e-15,4.7391068183e+05,4.2756447253e-15,8.8367728974e-18,1.0629490110e-16,2.9864230713e-14,5.2806262720e-15,5.8262945992e-14,2.5299209141e-13,0.0000000000e+00,1.2081340263e-15,7.3645885535e-16,1.4130113737e-15,8.4091018514e-16,5.6257287907e-16,3.8829943353e-16,3.2904219087e-16,2.8192724662e-16,1.5669022261e-16,7.6026676235e-17,1.4950745262e-16,6.3435053118e-16,1.8220468632e-15,1.9863951257e-15,6.2138438025e-16,5.8570387661e-16,4.5590593186e-16,1.8395932774e-15,5.3014494265e-16,2.9817855110e-15,5.2664812264e-17,2.3386018701e-16,7.5641604663e-15,3.9936802819e-15,2.7047565180e-16,2.2419019141e-44,4.1966204734e-17,0.0000000000e+00,1.7988777234e-18,1.4614452950e-17,1.5490305609e-15,6.0191984295e-18,6.9698922269e-16,3.9624719470e-16,2.1902549621e-16,9.5562953986e-16,2.5041892898e-16,5.2412983154e-16,1.8041260014e-15,1.2949242727e-14,1.5892761915e-16,4.3188644651e-15,0.0000000000e+00,3.1769693003e-15,4.5900916564e-16,3.7553960463e-15,0.0000000000e+00,8.3877968722e-15,2.2677026662e-15,3.2861563303e-15,0.0000000000e+00,0.0000000000e+00,0.0000000000e+00,0.0000000000e+00,0.0000000000e+00,0.0000000000e+00
6.7130993868e+02,1,1.2308824412e+01,7.2810897856e+23,6.3621264026e+24,6.3621264026e+24,1.0912995482e+24,8.4374973875e+24,9.7037599351e-21,1.7897724470e-23,4.7343215347e-15,4.8878679375e+05,4.7430697060e-15,8.7481713593e-18,1.1103894068e-16,3.1854119725e-14,5.2342235964e-15,6.3139378028e-14,2.6928933290e-13,0.0000000000e+00,1.1586853218e-15,7.4916257176e-16,1.3543694813e-15,8.0578413607e-16,5.3878009582e-16,3.7226650627e-16,3.1579326773e-16,2.7077597637e-16,1.5054021312e-16,7.3109964405e-17,1.5284091200e-16,6.4911269596e-16,1.8527920080e-15,2.0304733293e-15,6.3686908695e-16,5.9867184350e-16,4.6550576080e-16,1.9100936215e-15,5.3892445369e-16,3.0606755732e-15,5.4235492506e-17,2.4431153626e-16,8.1972577771e-15,4.4347758145e-15,3.0395272956e-16,2.1320536042e-44,4.1549862044e-17,0.0000000000e+00,1.7125454985e-18,1.3901529136e-17,1.5306892275e-15,5.7287032676e-18,6.8876406882e-16,3.9102990863e-16,2.1580757505e-16,9.5439083838e-16,2.5130003852e-16,5.1485657575e-16,1.8056445419e-15,1.3355449798e-14,1.7231524439e-16,4.7594007440e-15,0.0000000000e+00,3.1685356481e-15,4.6466932611e-16,4.0895555901e-15,0.0000000000e+00,8.3518656788e-15,2.2658603245e-15,3.6213526089e-15,0.0000000000e+00,0.0000000000e+00,0.0000000000e+00,0.0000000000e+00,0.0000000000e+00,0.0000000000e+00
7.0170382867e+02,1,1.2709276652e+01,7.1837866131e+23,6.4728429091e+24,6.4728429091e+24,1.0774413349e+24,8.6060324963e+24,1.0414648669e-20,1.7179141382e-23,5.2412506104e-15,5.0408905708e+05,5.2499104276e-15,8.6598171804e-18,1.1601923470e-16,3.3944252972e-14,5.1906966133e-15,6.8286808578e-14,2.8648202605e-13,0.0000000000e+00,1.1116243256e-15,7.6146475643e-16,1.2988733430e-15,7.7264039383e-16,5.1647443065e-16,3.5697282776e-16,3.0296044925e-16,2.5990252375e-16,1.4462713411e-16,7.0293474235e-17,1.5605416074e-16,6.6335158943e-16,1.8819813136e-15,2.0722706871e-15,6.5184048978e-16,6.1112722422e-16,4.7472182861e-16,1.9805543925e-15,5.4709554498e-16,3.1361306315e-15,5.5769547378e-17,2.5468941711e-16,8.8655382769e-15,4.9128904005e-15,3.4051348503e-16,2.0277136404e-44,4.1134417978e-17,0.0000000000e+00,1.6297878741e-18,1.3223351723e-17,1.5110431853e-15,5.4507733657e-18,6.7995451404e-16,3.8544606869e-16,2.1239838693e-16,9.5275354963e-16,2.5203583421e-16,5.0522702778e-16,1.8057697861e-15,1.3764353013e-14,1.8666866879e-16,5.2367683715e-15,0.0000000000e+00,3.1583329132e-15,4.7015318519e-16,4.4461604585e-15,0.0000000000e+00,8.3122400252e-15,2.2626945993e-15,3.9826724886e-15,0.0000000000e+00,0.0000000000e+00,0.0000000000e+00,0.0000000000e+00,0.0000000000e+00,0.0000000000e+00
7.3347381708e+02,1,1.3126439691e+01,7.0869149998e+23,6.5863736744e+24,6.5863736744e+24,1.0636348014e+24,8.7808712299e+24,1.1155336103e-20,1.6488443089e-23,5.7900471940e-15,5.1980665962e+05,5.7986179965e-15,8.5708025247e-18,1.2125583620e-16,3.6134191386e-14,5.1476181785e-15,7.3706687924e-14,3.0458535273e-13,0.0000000000e+00,1.0659196781e-15,7.7320331230e-16,1.2450274847e-15,7.4049003527e-16,4.9485041740e-16,3.4213227955e-16,2.9049352796e-16,2.4932461282e-16,1.3886135732e-16,6.7541596760e-17,1.5911570819e-16,6.7693123807e-16,1.9092515859e-15,2.1113540845e-15,6.6616337770e-16,6.2295355787e-16,4.8347486282e-16,2.0505828204e-15,5.5455427676e-16,3.2074582158e-15,5.7253822427e-17,2.6493308744e-16,9.5691902530e-15,5.4302508700e-15,3.8034806331e-16,1.9284198407e-44,4.0715572939e-17,0.0000000000e+00,1.5509290962e-18,1.2577775608e-17,1.4899045709e-15,5.1860511196e-18,6.7047528313e-16,3.7945127777e-16,2.0877423270e-16,9.5057662767e-16,2.5257751245e-16,4.9518697368e-16,1.8042417348e-15,1.4173952358e-14,2.0204644808e-16,5.7535468530e-15,0.0000000000e+00,3.1458275125e-15,4.7538169263e-16,4.8261144984e-15,0.0000000000e+00,8.2675284089e-15,2.2578352136e-15,4.3715123071e-15,0.0000000000e+00,0.0000000000e+00,0.0000000000e+00,0.0000000000e+00,0.0000000000e+00,0.0000000000e+00
7.6668220745e+02,1,1.3561263285e+01,6.9901214280e+23,6.7028892389e+24,6.7028892389e+24,1.0496084853e+24,8.9624550469e+24,1.1926299299e-20,1.5826215608e-23,6.3830627916e-15,5.3592017268e+05,6.3915443798e-15,8.4815882015e-18,1.2676311679e-16,3.8425617342e-14,5.1048204307e-15,7.9403156932e-14,3.2363410713e-13,0.0000000000e+00,1.0215647258e-15,7.8432051218e-16,1.1928180120e-15,7.0932453591e-16,4.7390101300e-16,3.2774200637e-16,2.7839177229e-16,2.3904345526e-16,1.3324504997e-16,6.4855963148e-17,1.6201666132e-16,6.8981117092e-16,1.9345290987e-15,2.1475938923e-15,6.7979523141e-16,6.3412469263e-16,4.9175538628e-16,2.1200176738e-15,5.6128331944e-16,3.2744237668e-15,5.8682219179e-17,2.7501033816e-16,1.0308751306e-14,5.9889895237e-15,4.2363321703e-16,1.8338884953e-44,4.0295535643e-17,0.0000000000e+00,1.4757583304e-18,1.1962982263e-17,1.4673556628e-15,4.9338123130e-18,6.6036350099e-16,3.7307116849e-16,2.0495048302e-16,9.4787540228e-16,2.5291808871e-16,4.8477310323e-16,1.8010927193e-15,1.4583891843e-14,2.1851103993e-16,6.3122495935e-15,0.0000000000e+00,3.1310351286e-15,4.8034616016e-16,5.2304276546e-15,0.0000000000e+00,8.2178032340e-15,2.2512884167e-15,4.7892562567e-15,0.0000000000e+00,0.0000000000e+00,0.0000000000e+00,0.0000000000e+00,0.0000000000e+00,0.0000000000e+00
8.0139412415e+02,1,1.4012493747e+01,6.8937486275e+23,6.8213085364e+24,6.8213085364e+24,1.0366674195e+24,9.1503789457e+24,1.2722664289e-20,1.5189422546e-23,7.0203838193e-15,5.5246096434e+05,7.0287753823e-15,8.3915630275e-18,1.3252650905e-16,4.0811683818e-14,5.0641668855e-15,8.5360819662e-14,3.4359007854e-13,0.0000000000e+00,9.7950092576e-16,7.9465746891e-16,1.1432757309e-15,6.8002288708e-16,4.5433443048e-16,3.1424296131e-16,2.6694543125e-16,2.2918531804e-16,1.2788026033e-16,6.2319903000e-17,1.6472863353e-16,7.0186790811e-16,1.9575094615e-15,2.1806159968e-15,6.9261168077e-16,6.4453763854e-16,4.9949383156e-16,2.1883995855e-15,5.6720090038e-16,3.3364118967e-15,6.0040914772e-17,2.8485146494e-16,1.1082222611e-14,6.5891224012e-15,4.7038380649e-16,1.7400423916e-44,3.9871602410e-17,0.0000000000e+00,1.4008932644e-18,1.1351190356e-17,1.4433247767e-15,4.6830928597e-18,6.4958668667e-16,3.6628885263e-16,2.0091978739e-16,9.4456658006e-16,2.5302596649e-16,4.7397033246e-16,1.7961503037e-15,1.4991667352e-14,2.3605607571e-16,6.9131689437e-15,0.0000000000e+00,3.1136767050e-15,4.8497528541e-16,5.6586205614e-15,0.0000000000e+00,8.1623917540e-15,2.2428004677e-15,5.2357280628e-15,0.0000000000e+00,0.0000000000e+00,0.0000000000e+00,0.0000000000e+00,0.0000000000e+00,0.0000000000e+00
8.3767764007e+02,1,1.4484291915e+01,6.7988953698e+23,6.9440492105e+24,6.9440492105e+24,1.0232956978e+24,9.3451782182e+24,1.3545987243e-20,1.4579307967e-23,7.7065192552e-15,5.6952826285e+05,7.7148225832e-15,8.3033279402e-18,1.3860765532e-16,4.3304727133e-14,5.0212759928e-15,9.1606198997e-14,3.6457668549e-13,0.0000000000e+00,9.3775082955e-16,8.0437867938e-16,1.0942202735e-15,6.5072615066e-16,4.3464780807e-16,3.0070247537e-16,2.5554584868e-16,2.1949573550e-16,1.2256257078e-16,5.9763923797e-17,1.6728503077e-16,7.1324144452e-16,1.9786198207e-15,2.2108568375e-15,7.0474804914e-16,6.5433278962e-16,5.0680989504e-16,2.2561199310e-15,5.7243723754e-16,3.3940624900e-15,6.1339835077e-17,2.9449888832e-16,1.1893047582e-14,7.2347884546e-15,5.2091827769e-16,1.6548080671e-44,3.9455756776e-17,0.0000000000e+00,1.3329737794e-18,1.0796683294e-17,1.4182535283e-15,4.4553108803e-18,6.3834391438e-16,3.5922973115e-16,1.9675040381e-16,9.4087669176e-16,2.5294826545e-16,4.6293428544e-16,1.7899002049e-15,1.5400711215e-14,2.5481795178e-16,7.5610203078e-15,0.0000000000e+00,3.0944295270e-15,4.8938767403e-16,6.1133306730e-15,0.0000000000e+00,8.1030120880e-15,2.2329475276e-15,5.7138625011e-15,0.0000000000e+00,0.0000000000e+00,0.0000000000e+00,0.0000000000e+00,0.0000000000e+00,0.0000000000e+00
8.7560391014e+02,1,1.4973992379e+01,6.7077455200e+23,7.0739602274e+24,7.0739602274e+24,1.0102217710e+24,9.5503125609e+24,1.4388907228e-20,1.3985326727e-23,8.4428634257e-15,5.8733282055e+05,8.4510774671e-15,8.2140413930e-18,1.4494558268e-16,4.5893196610e-14,4.9753561338e-15,9.8116461924e-14,3.8653179511e-13,0.0000000000e+00,8.9630452177e-16,8.1313034466e-16,1.0454485280e-15,6.2146130178e-16,4.1488289353e-16,2.8719229345e-16,2.4422780497e-16,2.1005926988e-16,1.1741105440e-16,5.7236955238e-17,1.6961221906e-16,7.2361623770e-16,1.9970201865e-15,2.2373477833e-15,7.1589058026e-16,6.6323157583e-16,5.1350343392e-16,2.3221787082e-15,5.7675407747e-16,3.4458138167e-15,6.2548872732e-17,3.0381265544e-16,1.2738261853e-14,7.9271621891e-15,5.7534215882e-16,1.5785267115e-44,3.9034450267e-17,0.0000000000e+00,1.2717642630e-18,1.0297571420e-17,1.3916677385e-15,4.2501637083e-18,6.2642159195e-16,3.5177881994e-16,1.9238036576e-16,9.3646897712e-16,2.5258316082e-16,4.5151687087e-16,1.7816751147e-15,1.5805198462e-14,2.7480800236e-16,8.2576144392e-15,0.0000000000e+00,3.0720902105e-15,4.9337881257e-16,6.5942199600e-15,0.0000000000e+00,8.0365605014e-15,2.2208305903e-15,6.2240689466e-15,0.0000000000e+00,0.0000000000e+00,0.0000000000e+00,0.0000000000e+00,0.0000000000e+00,0.0000000000e+00
9.1524731088e+02,1,1.5487666223e+01,6.6138391260e+23,7.2036086195e+24,7.2036086195e+24,9.9714313056e+23,9.7609609387e+24,1.5264865508e-20,1.3428386045e-23,9.2321501069e-15,6.0532984747e+05,9.2402787098e-15,8.1286028761e-18,1.5167593930e-16,4.8593469514e-14,4.9322935737e-15,1.0492307061e-13,4.0960629450e-13,0.0000000000e+00,8.5732414413e-16,8.2126404215e-16,9.9972483627e-16,5.9418874954e-16,3.9659099638e-16,2.7458608101e-16,2.3358631889e-16,2.0096738471e-16,1.1239854770e-16,5.4826511840e-17,1.7179731417e-16,7.3336086424e-16,2.0137620464e-15,2.2612684386e-15,7.2640129304e-16,6.7158688803e-16,5.1985707652e-16,2.3876064669e-15,5.8047436281e-16,3.4935100600e-15,6.3697752411e-17,3.1292405925e-16,1.3621950096e-14,8.6687746758e-15,6.3383143059e-16,1.5004776325e-44,3.8631557337e-17,0.0000000000e+00,1.2094745612e-18,9.7898211320e-18,1.3644446566e-15,4.0414008511e-18,6.1421432203e-16,3.4415356328e-16,1.8793105861e-16,9.3188701437e-16,2.5206980565e-16,4.4001004101e-16,1.7725082977e-15,1.6212309987e-14,2.9614101260e-16,9.0058089797e-15,0.0000000000e+00,3.0485514019e-15,4.9721507664e-16,7.1035541460e-15,0.0000000000e+00,7.9680155595e-15,2.2077569719e-15,6.7683824389e-15,0.0000000000e+00,0.0000000000e+00,0.0000000000e+00,0.0000000000e+00,0.0000000000e+00,0.0000000000e+00
9.5668558622e+02,1,1.6023909695e+01,6.5207452927e+23,7.3371582288e+24,7.3371582288e+24,9.8423569132e+23,9.9804516675e+24,1.6165438736e-20,1.2896203360e-23,1.0076445507e-14,6.2383030329e+05,1.0084490550e-14,8.0450424536e-18,1.5875574755e-16,5.1397824023e-14,4.8887501191e-15,1.1201084684e-13,4.3376921779e-13,0.0000000000e+00,8.1963113384e-16,8.2852975151e-16,9.5553830000e-16,5.6784051512e-16,3.7892730689e-16,2.6240586066e-16,2.2329615386e-16,1.9216886798e-16,1.0754072607e-16,5.2487048501e-17,1.7378542180e-16,7.4224004925e-16,2.0282269579e-15,2.2819084802e-15,7.3604558696e-16,6.7919393330e-16,5.2572752260e-16,2.4516406895e-15,5.8342621347e-16,3.5359885625e-15,6.4763663772e-17,3.2172674538e-16,1.4542141752e-14,9.4614203496e-15,6.9652982720e-16,1.4260935850e-44,3.8237421893e-17,0.0000000000e+00,1.1500483128e-18,9.3057718260e-18,1.3362622772e-15,3.8422994932e-18,6.0157706551e-16,3.3628267348e-16,1.8336322071e-16,9.2688081974e-16,2.5132909570e-16,4.2831507905e-16,1.7619259711e-15,1.6617804149e-14,3.1885388605e-16,9.8081424286e-15,0.0000000000e+00,3.0228762534e-15,5.0074634223e-16,7.6415418631e-15,0.0000000000e+00,7.8949177586e-15,2.1930710185e-15,7.3477015830e-15,0.0000000000e+00,0.0000000000e+00,0.0000000000e+00,0.0000000000e+00,0.0000000000e+00,0.0000000000e+00
1.0000000000e+03,1,1.6583468512e+01,6.4250663963e+23,7.4696634968e+24,7.4696634968e+24,9.7157593215e+23,1.0211576658e+25,1.7099610507e-20,1.2393140517e-23,1.0978650611e-14,6.4250663963e+05,1.0986613286e-14,7.9626750679e-18,1.6624377731e-16,5.4302244830e-14,4.8438968547e-15,1.1937162050e-13,4.5902984289e-13,0.0000000000e+00,7.8334535390e-16,8.3474455337e-16,9.1325168115e-16,5.4261840855e-16,3.6204834575e-16,2.5063970669e-16,2.1334107145e-16,1.8348460944e-16,1.0270646683e-16,5.0194771482e-17,1.7554437047e-16,7.5011413806e-16,2.0400449184e-15,2.2988647841e-15,7.4468293035e-16,6.8593646164e-16,5.3104640781e-16,2.5137876167e-15,5.8551782182e-16,3.5726093906e-15,6.5731933474e-17,3.3015187993e-16,1.5497776112e-14,1.0307642870e-14,7.6362767696e-16,1.3519078207e-44,3.7848957524e-17,0.0000000000e+00,1.0904318517e-18,8.8211818013e-18,1.3069792411e-15,3.6422197944e-18,5.8844515779e-16,3.2813061051e-16,1.7865856059e-16,9.2134700748e-16,2.5032235057e-16,4.1639280247e-16,1.7496999416e-15,1.7019116580e-14,3.4299895129e-16,1.0668140731e-14,0.0000000000e+00,2.9946522674e-15,5.0388687033e-16,8.2090258232e-15,0.0000000000e+00,7.8162393993e-15,2.1764485551e-15,7.9634981871e-15,0.0000000000e+00,0.0000000000e+00,0.0000000000e+00,0.0000000000e+00,0.0000000000e+00,0.0000000000e+00
1.0452754953e+03,1,1.7168941463e+01,6.3341058866e+23,7.6121565369e+24,7.6121565369e+24,9.5903118415e+23,1.0451079990e+25,1.8045941971e-20,1.1907780660e-23,1.1940127851e-14,6.6208856681e+05,1.1948011856e-14,7.8840054314e-18,1.7408260460e-16,5.7315336158e-14,4.7989745624e-15,1.2702108753e-13,4.8546526227e-13,0.0000000000e+00,7.4813764260e-16,8.4015850506e-16,8.7199718558e-16,5.1803397618e-16,3.4557795624e-16,2.3928390323e-16,2.0373427527e-16,1.7528048237e-16,9.8169847556e-17,4.7999587144e-17,1.7712164997e-16,7.5718614169e-16,2.0498396727e-15,2.3128167555e-15,7.5251258479e-16,6.9201429844e-16,5.3596854358e-16,2.5745942615e-15,5.8693907684e-16,3.6043403158e-15,6.6619047510e-17,3.3826957375e-16,1.6490890948e-14,1.1208707428e-14,8.3520277377e-16,1.2847021988e-44,3.7477747585e-17,0.0000000000e+00,1.0366674927e-18,8.3837776241e-18,1.2771569421e-15,3.4622384426e-18,5.7507275964e-16,3.1985440971e-16,1.7390211026e-16,9.1556953195e-16,2.4911812022e-16,4.0442790290e-16,1.7364224224e-15,1.7420384366e-14,3.6866484004e-16,1.1587251417e-14,0.0000000000e+00,2.9648264289e-15,5.0678606505e-16,8.8070997105e-15,0.0000000000e+00,7.7343397986e-15,2.1586043920e-15,8.6167672365e-15,0.0000000000e+00,0.0000000000e+00,0.0000000000e+00,0.0000000000e+00,0.0000000000e+00,0.0000000000e+00
1.0926008611e+03,1,1.7781023452e+01,6.2440662245e+23,7.7593750465e+24,7.7593750465e+24,9.4668257404e+23,1.0701453119e+25,1.9013101952e-20,1.1445283443e-23,1.2963447278e-14,6.8222721337e+05,1.2971255562e-14,7.8082838295e-18,1.8233173139e-16,6.0432041601e-14,4.7531815849e-15,1.3494833416e-13,5.1307673716e-13,0.0000000000e+00,7.1416292769e-16,8.4459244456e-16,8.3221015162e-16,4.9433036134e-16,3.2970460954e-16,2.2833419280e-16,1.9446461496e-16,1.6735734432e-16,9.3782529988e-17,4.5874325859e-17,1.7848617022e-16,7.6332142024e-16,2.0572507202e-15,2.3233875476e-15,7.5939913379e-16,6.9731514739e-16,5.4042863082e-16,2.6335714448e-15,5.8760302577e-16,3.6305843492e-15,6.7411042747e-17,3.4601428656e-16,1.7520069349e-14,1.2166839925e-14,9.1141386948e-16,1.2205964748e-44,3.7120418740e-17,0.0000000000e+00,9.8533558799e-19,7.9664315613e-18,1.2466489033e-15,3.2904444020e-18,5.6139275702e-16,3.1141636849e-16,1.6907416805e-16,9.0944561913e-16,2.4767934157e-16,3.9237780339e-16,1.7218630885e-15,1.7818991628e-14,3.9589469443e-16,1.2568738401e-14,0.0000000000e+00,2.9329911973e-15,5.0935767828e-16,9.4364036010e-15,0.0000000000e+00,7.6481975322e-15,2.1392157475e-15,9.3087454068e-15,0.0000000000e+00,0.0000000000e+00,0.0000000000e+00,0.0000000000e+00,0.0000000000e+00,0.0000000000e+00
1.1420689063e+03,1,1.8422151615e+01,6.1542319388e+23,7.9121105371e+24,7.9121105371e+24,9.3463571041e+23,1.0967864972e+25,2.0005366322e-20,1.1004445104e-23,1.4053151092e-14,7.0285569394e+05,1.4060885629e-14,7.7345368998e-18,1.9102305424e-16,6.3652015756e-14,4.7068705893e-15,1.4315375976e-13,5.4191591225e-13,0.0000000000e+00,6.8135184957e-16,8.4789918488e-16,7.9344999814e-16,4.7137565787e-16,3.1440391041e-16,2.1796168714e-16,1.8568401127e-16,1.5997121845e-16,8.9690916273e-17,4.3860878861e-17,1.7961000190e-16,7.6840085003e-16,2.0619714895e-15,2.3302688763e-15,7.6522433213e-16,7.0174436454e-16,5.4438031241e-16,2.6903375407e-15,5.8743716526e-16,3.6508544094e-15,6.8096606928e-17,3.5333354285e-16,1.8585363163e-14,1.3186078350e-14,9.9255497911e-16,1.1570249278e-44,3.6772466012e-17,0.0000000000e+00,9.3425609213e-19,7.5522054393e-18,1.2153199956e-15,3.1189979484e-18,5.4734253819e-16,3.0278517328e-16,1.6415742952e-16,9.0287749346e-16,2.4596339601e-16,3.8019950503e-16,1.7058077110e-15,1.8213156086e-14,4.2476543692e-16,1.3617929997e-14,0.0000000000e+00,2.8987234081e-15,5.1152569084e-16,1.0098719467e-14,0.0000000000e+00,7.5566550359e-15,2.1179572462e-15,1.0041901031e-14,0.0000000000e+00,0.0000000000e+00,0.0000000000e+00,0.0000000000e+00,0.0000000000e+00,0.0000000000e+00
1.1937766417e+03,1,1.9092649339e+01,6.0661896358e+23,8.0698730674e+24,8.0698730674e+24,9.2267659349e+23,1.1243013410e+25,2.1010632492e-20,1.0585565389e-23,1.5207552515e-14,7.2416754914e+05,1.5215218238e-14,7.6657229441e-18,2.0017002890e-16,6.6974734288e-14,4.6588348218e-15,1.5163087026e-13,5.7197440116e-13,0.0000000000e+00,6.4976508317e-16,8.5028236826e-16,7.5654283922e-16,4.4938305826e-16,2.9968155200e-16,2.0777353888e-16,1.7704686113e-16,1.5256012981e-16,8.5575668821e-17,4.1867032428e-17,1.8053594022e-16,7.7260437299e-16,2.0645378933e-15,2.3340547989e-15,7.7016093642e-16,7.0547259516e-16,5.4794904679e-16,2.7452438820e-15,5.8661267378e-16,3.6659724989e-15,6.8688810942e-17,3.6028007989e-16,1.9685929277e-14,1.4264842756e-14,1.0784702278e-15,1.0989731392e-44,3.6447723780e-17,0.0000000000e+00,8.8770583754e-19,7.1740875131e-18,1.1837059820e-15,2.9633415476e-18,5.3316599178e-16,2.9410422753e-16,1.5923105798e-16,8.9614829943e-16,2.4405416504e-16,3.6807429099e-16,1.6888113492e-15,1.8605426149e-14,4.5530578844e-16,1.4733338005e-14,0.0000000000e+00,2.8630083171e-15,5.1341895342e-16,1.0793238717e-14,0.0000000000e+00,7.4623426950e-15,2.0955569911e-15,1.0815215608e-14,0.0000000000e+00,0.0000000000e+00,0.0000000000e+00,0.0000000000e+00,0.0000000000e+00,0.0000000000e+00
1.2478254705e+03,1,1.9794733945e+01,5.9792255536e+23,8.2334327716e+24,8.2334327716e+24,9.1092644524e+23,1.1531449527e+25,2.2031857443e-20,1.0187315179e-23,1.6430434014e-14,7.4610299395e+05,1.6438034801e-14,7.6007863551e-18,2.0980051829e-16,7.0398358205e-14,4.6096167683e-15,1.6037609576e-13,6.0328882197e-13,0.0000000000e+00,6.1933737172e-16,8.5160819203e-16,7.2100320923e-16,4.2821185013e-16,2.8551463701e-16,1.9796757220e-16,1.6872913677e-16,1.4541974706e-16,8.1606417451e-17,3.9941895369e-17,1.8123861212e-16,7.7582440841e-16,2.0646705171e-15,2.3344828654e-15,7.7410245150e-16,7.0841400591e-16,5.5109387404e-16,2.7979318567e-15,5.8506596514e-16,3.6755262817e-15,6.9177826061e-17,3.6680756495e-16,2.0821304221e-14,1.5406463836e-14,1.1693919725e-15,1.0435680219e-44,3.6141311012e-17,0.0000000000e+00,8.4324206365e-19,6.8131205348e-18,1.1516729133e-15,2.8146900808e-18,5.1880088964e-16,2.8534169107e-16,1.5427717828e-16,8.8916372298e-16,2.4191205110e-16,3.5595721501e-16,1.6706673177e-15,1.8994028429e-14,4.8757052688e-16,1.5919565294e-14,0.0000000000e+00,2.8254440893e-15,5.1496403798e-16,1.1521344463e-14,0.0000000000e+00,7.3641416471e-15,2.0717031358e-15,1.1630666947e-14,0.0000000000e+00,0.0000000000e+00,0.0000000000e+00,0.0000000000e+00,0.0000000000e+00,0.0000000000e+00
1.3043213867e+03,1,2.0530664058e+01,5.8933666290e+23,8.4032832362e+24,8.4032832362e+24,8.9938024050e+23,1.1834591181e+25,2.3067942900e-20,9.8089790567e-24,1.7724428147e-14,7.6868441340e+05,1.7731968156e-14,7.5400093123e-18,2.1994758361e-16,7.3922341234e-14,4.5591099531e-15,1.6938706104e-13,6.3589381404e-13,0.0000000000e+00,5.9003903264e-16,8.5185669932e-16,6.8679477431e-16,4.0783967703e-16,2.7188753054e-16,1.8853328526e-16,1.6072251215e-16,1.3854336867e-16,7.7779979284e-17,3.8084176582e-17,1.8171522504e-16,7.7804885744e-16,2.0623590378e-15,2.3315788905e-15,7.7703515869e-16,7.1056716583e-16,5.5383025846e-16,2.8482855649e-15,5.8281130546e-16,3.6795192975e-15,6.9561756878e-17,3.7290482076e-16,2.1991179622e-14,1.6613241729e-14,1.2654642011e-15,9.9068301473e-45,3.5854577834e-17,0.0000000000e+00,8.0076852420e-19,6.4684930123e-18,1.1192999681e-15,2.6727175816e-18,5.0428251583e-16,2.7652127103e-16,1.4930856345e-16,8.8195544694e-16,2.3953880957e-16,3.4387462731e-16,1.6514124892e-15,1.9378670720e-14,5.2161288540e-16,1.7179954628e-14,0.0000000000e+00,2.7860791125e-15,5.1615347123e-16,1.2284027267e-14,0.0000000000e+00,7.2621493498e-15,2.0464227336e-15,1.2489619250e-14,0.0000000000e+00,0.0000000000e+00,0.0000000000e+00,0.0000000000e+00,0.0000000000e+00,0.0000000000e+00
1.3633751836e+03,1,2.1299508263e+01,5.8092337296e+23,8.5813544004e+24,8.5813544004e+24,8.8820227891e+23,1.2158801557e+25,2.4111141386e-20,9.4465176771e-24,1.9088940261e-14,7.9201651025e+05,1.9096422059e-14,7.4817979646e-18,2.3061302487e-16,7.7527410257e-14,4.5040446794e-15,1.7861887345e-13,6.6967572622e-13,0.0000000000e+00,5.6105197544e-16,8.5080257698e-16,6.5302445131e-16,3.8763909434e-16,2.5831043860e-16,1.7905332858e-16,1.5268846602e-16,1.3162229377e-16,7.3974946156e-17,3.6266920683e-17,1.8191068367e-16,7.7904210273e-16,2.0569852691e-15,2.3246933202e-15,7.7872206104e-16,7.1171699024e-16,5.5601338555e-16,2.8953831712e-15,5.7968809287e-16,3.6768924323e-15,6.9817704862e-17,3.7845794510e-16,2.3189727160e-14,1.7884379385e-14,1.3665879752e-15,9.4342482678e-45,3.5579776968e-17,0.0000000000e+00,7.6277084910e-19,6.1609435088e-18,1.0863274779e-15,2.5455700000e-18,4.8949422356e-16,2.6758401575e-16,1.4429250184e-16,8.7431363850e-16,2.3687128512e-16,3.3175122113e-16,1.6305979064e-15,1.9753728294e-14,5.5734243060e-16,1.8515037352e-14,0.0000000000e+00,2.7441571736e-15,5.1683019534e-16,1.3079758254e-14,0.0000000000e+00,7.1544135521e-15,2.0191577625e-15,1.3390912310e-14,0.0000000000e+00,0.0000000000e+00,0.0000000000e+00,0.0000000000e+00,0.0000000000e+00,0.0000000000e+00
1.4251026703e+03,1,2.2109288431e+01,5.7256170875e+23,8.7649834509e+24,8.7649834509e+24,8.7705213274e+23,1.2493555068e+25,2.5170603134e-20,9.1061740451e-24,2.0530755435e-14,8.1595922006e+05,2.0538185702e-14,7.4302666716e-18,2.4188139483e-16,8.1246263975e-14,4.4510919965e-15,1.8814286850e-13,7.0492093155e-13,0.0000000000e+00,5.3403786267e-16,8.4887563577e-16,6.2149567666e-16,3.6888554014e-16,2.4578333796e-16,1.7038772102e-16,1.4532544905e-16,1.2529661657e-16,7.0441619045e-17,3.4544042039e-17,1.8193478249e-16,7.7927410759e-16,2.0498505675e-15,2.3153274930e-15,7.7963054435e-16,7.1231700054e-16,5.5799494578e-16,2.9407822205e-15,5.7608866477e-16,3.6699688931e-15,6.9989876213e-17,3.8367455045e-16,2.4426208179e-14,1.9226240002e-14,1.4732148390e-15,8.9483202374e-45,3.5336853552e-17,0.0000000000e+00,7.2368731138e-19,5.8440747107e-18,1.0535608424e-15,2.4149917962e-18,4.7479693141e-16,2.5872981611e-16,1.3933839272e-16,8.6678208899e-16,2.3405435289e-16,3.1982936276e-16,1.6092923921e-15,2.0129652316e-14,5.9503492617e-16,1.9931506559e-14,0.0000000000e+00,2.7014617446e-15,5.1730071171e-16,1.3913369868e-14,0.0000000000e+00,7.0454337239e-15,1.9911958061e-15,1.4339474588e-14,0.0000000000e+00,0.0000000000e+00,0.0000000000e+00,0.0000000000e+00,0.0000000000e+00,0.0000000000e+00
1.4896248996e+03,1,2.2959485968e+01,5.6432437678e+23,8.9563192005e+24,8.9563192005e+24,8.6610094312e+23,1.2845935951e+25,2.6238517815e-20,8.7834316960e-24,2.2049544713e-14,8.4063164309e+05,2.2056928343e-14,7.3836306186e-18,2.5376237119e-16,8.5059247727e-14,4.3966026751e-15,1.9791362995e-13,7.4151650171e-13,0.0000000000e+00,5.0806269663e-16,8.4584422905e-16,5.9118939683e-16,3.5086287863e-16,2.3374784468e-16,1.6205990658e-16,1.3824633757e-16,1.1921213673e-16,6.7040558809e-17,3.2884630809e-17,1.8172943312e-16,7.7849693253e-16,2.0402971507e-15,2.3027956660e-15,7.7951168914e-16,7.1213791950e-16,5.5962012760e-16,2.9835304817e-15,5.7184000949e-16,3.6576382780e-15,7.0054741667e-17,3.8843887507e-16,2.5694726381e-14,2.0638256094e-14,1.5852584783e-15,8.4849305916e-45,3.5117126531e-17,0.0000000000e+00,6.8639370741e-19,5.5418513294e-18,1.0206939417e-15,2.2904101835e-18,4.6005313761e-16,2.4988744895e-16,1.3440654629e-16,8.5913025761e-16,2.3102040095e-16,3.0801743031e-16,1.5869966339e-15,2.0500521139e-14,6.3458752914e-16,2.1430246816e-14,0.0000000000e+00,2.6571597390e-15,5.1739668062e-16,1.4783444156e-14,0.0000000000e+00,6.9330575361e-15,1.9619248412e-15,1.5334255492e-14,0.0000000000e+00,0.0000000000e+00,0.0000000000e+00,0.0000000000e+00,0.0000000000e+00,0.0000000000e+00
1.5570684048e+03,1,2.3850104879e+01,5.5613588270e+23,9.1543073889e+24,9.1543073889e+24,8.5547178798e+23,1.3223655089e+25,2.7312626658e-20,8.4765295109e-24,2.3643799768e-14,8.6594161170e+05,2.3651139948e-14,7.3401796263e-18,2.6624966873e-16,8.8944271298e-14,4.3407575607e-15,2.0787856906e-13,7.7933080739e-13,0.0000000000e+00,4.8363671459e-16,8.4147792706e-16,5.6283402479e-16,3.3400288546e-16,2.2251537084e-16,1.5427927204e-16,1.3159786239e-16,1.1347431830e-16,6.3786117645e-17,3.1268391638e-17,1.8124409146e-16,7.7649514232e-16,2.0277679383e-15,2.2865244439e-15,7.7814827863e-16,7.1098642805e-16,5.6076308419e-16,3.0227402707e-15,5.6680582460e-16,3.6389565838e-15,6.9995881023e-17,3.9264289626e-16,2.6988454276e-14,2.2118763464e-14,1.7025401257e-15,8.0451035544e-45,3.4912447002e-17,0.0000000000e+00,6.5079353323e-19,5.2554209540e-18,9.8748663025e-16,2.1718175283e-18,4.4515324592e-16,2.4099930465e-16,1.2946523853e-16,8.5117335149e-16,2.2771333251e-16,2.9624140420e-16,1.5632875517e-15,2.0860700904e-14,6.7585797495e-16,2.3011000535e-14,0.0000000000e+00,2.6105607824e-15,5.1696502803e-16,1.5687943376e-14,0.0000000000e+00,6.8154198848e-15,1.9308299392e-15,1.6373349329e-14,0.0000000000e+00,0.0000000000e+00,0.0000000000e+00,0.0000000000e+00,0.0000000000e+00,0.0000000000e+00
1.6275654480e+03,1,2.4788921536e+01,5.4816142155e+23,9.3627911688e+24,9.3627911688e+24,8.4489067284e+23,1.3614064936e+25,2.8390113382e-20,8.1869628202e-24,2.5321463265e-14,8.9216858965e+05,2.5328767416e-14,7.3041510728e-18,2.7947035361e-16,9.2937425311e-14,4.2829820700e-15,2.1811872458e-13,8.1867107715e-13,0.0000000000e+00,4.5958764298e-16,8.3626167996e-16,5.3477266284e-16,3.1732242600e-16,2.1137899588e-16,1.4657058537e-16,1.2504406759e-16,1.0783969413e-16,6.0638596247e-17,2.9734799890e-17,1.8058545272e-16,7.7372591518e-16,2.0135027760e-15,2.2679581418e-15,7.7599620059e-16,7.0928458981e-16,5.6174393740e-16,3.0599722693e-15,5.6134248021e-16,3.6161809546e-15,6.9848760528e-17,3.9650110678e-16,2.8317912960e-14,2.3675199325e-14,1.8255960996e-15,7.6235039159e-45,3.4743020006e-17,0.0000000000e+00,6.1684354951e-19,4.9802913893e-18,9.5467633094e-16,2.0583946623e-18,4.3043122140e-16,2.3225223276e-16,1.2461543380e-16,8.4341146967e-16,2.2427297691e-16,2.8472554225e-16,1.5391694163e-15,2.1220578274e-14,7.1914031482e-16,2.4681614430e-14,0.0000000000e+00,2.5633387113e-15,5.1630696093e-16,1.6632421984e-14,0.0000000000e+00,6.6968810369e-15,1.8991324673e-15,1.7462584892e-14,0.0000000000e+00,0.0000000000e+00,0.0000000000e+00,0.0000000000e+00,0.0000000000e+00,0.0000000000e+00
1.7012542799e+03,1,2.5776295005e+01,5.4031774253e+23,9.5806737339e+24,9.5806737339e+24,8.3448974703e+23,1.4025453459e+25,2.9468764182e-20,7.9128642021e-24,2.7080941054e-14,9.1921787196e+05,2.7088214700e-14,7.2736461929e-18,2.9342330030e-16,9.7015701793e-14,4.2235862031e-15,2.2857961733e-13,8.5939988212e-13,0.0000000000e+00,4.3650916437e-16,8.2995599818e-16,5.0785267049e-16,3.0132340694e-16,2.0070033725e-16,1.3917714537e-16,1.1875568595e-16,1.0243117430e-16,5.7614989268e-17,2.8260451064e-17,1.7970028390e-16,7.6996274140e-16,1.9969105252e-15,2.2464881302e-15,7.7282741152e-16,7.0682591471e-16,5.6242672416e-16,3.0943092685e-15,5.5530231117e-16,3.5883198938e-15,6.9596705157e-17,3.9990281523e-16,2.9676029514e-14,2.5305808647e-14,1.9542380267e-15,7.2215569721e-45,3.4599796575e-17,0.0000000000e+00,5.8445826106e-19,4.7179546583e-18,9.2198183837e-16,1.9502137986e-18,4.1575895586e-16,2.2357731888e-16,1.1981911934e-16,8.3564229434e-16,2.2063981543e-16,2.7338146228e-16,1.5141757718e-15,2.1574197463e-14,7.6426870071e-16,2.6441799182e-14,0.0000000000e+00,2.5147380098e-15,5.1525927576e-16,1.7614781821e-14,0.0000000000e+00,6.5753979929e-15,1.8662715620e-15,1.8599938738e-14,0.0000000000e+00,0.0000000000e+00,0.0000000000e+00,0.0000000000e+00,0.0000000000e+00,0.0000000000e+00
1.7782794100e+03,1,2.6817698048e+01,5.3257856580e+23,9.8091457952e+24,9.8091457952e+24,8.2406373042e+23,1.4462669232e+25,3.0550371852e-20,7.6540319486e-24,2.8926198598e-14,9.4707349779e+05,2.8933447529e-14,7.2489308097e-18,3.0818863411e-16,1.0117943043e-13,4.1624870077e-15,2.3926116220e-13,9.0157617122e-13,0.0000000000e+00,4.1436223635e-16,8.2256137332e-16,4.8202726361e-16,2.8597765751e-16,1.9046021157e-16,1.3208590802e-16,1.1272199453e-16,9.7239845033e-17,5.4710651289e-17,2.6843239757e-17,1.7858820458e-16,7.6520520064e-16,1.9780038341e-15,2.2221820472e-15,7.6864016902e-16,7.0361042667e-16,5.6283039277e-16,3.1256783967e-15,5.4870247758e-16,3.5554543101e-15,6.9240394237e-17,4.0284874994e-16,3.1062792885e-14,2.7014064374e-14,2.0886801403e-15,6.8381981174e-45,3.4484047934e-17,0.0000000000e+00,5.5355457733e-19,4.4677207822e-18,8.8944850602e-16,1.8469952019e-18,4.0115657435e-16,2.1498723901e-16,1.1508257570e-16,8.2790425078e-16,2.1682027694e-16,2.6222032312e-16,1.4883171237e-15,2.1921262980e-14,8.1125544621e-16,2.8296568393e-14,0.0000000000e+00,2.4647949585e-15,5.1381206729e-16,1.8636747951e-14,0.0000000000e+00,6.4510175213e-15,1.8322681207e-15,1.9787365998e-14,0.0000000000e+00,0.0000000000e+00,0.0000000000e+00,0.0000000000e+00,0.0000000000e+00,0.0000000000e+00
1.8587918911e+03,1,2.7909067436e+01,5.2495852667e+23,1.0046237279e+25,1.0046237279e+25,8.1433731351e+23,1.4924938056e+25,3.1621386809e-20,7.4080199137e-24,3.0848561765e-14,9.7578865257e+05,3.0855790427e-14,7.2286617698e-18,3.2369370103e-16,1.0539889817e-13,4.0998473380e-15,2.5008998478e-13,9.4494680536e-13,0.0000000000e+00,3.9333945348e-16,8.1396203943e-16,4.5744202895e-16,2.7144059245e-16,1.8077931631e-16,1.2539667748e-16,1.0703563492e-16,9.2366769414e-17,5.1987542398e-17,2.5516791741e-17,1.7722043594e-16,7.5933093102e-16,1.9564981787e-15,2.1947831742e-15,7.6330970306e-16,6.9952393389e-16,5.6285928339e-16,3.1534413213e-15,5.4147264530e-16,3.5171385821e-15,6.8767169243e-17,4.0526820594e-16,3.2468677024e-14,2.8791788248e-14,2.2282539244e-15,6.4573590842e-45,3.4389459581e-17,0.0000000000e+00,5.2271389785e-19,4.2194568973e-18,8.5699453805e-16,1.7443638052e-18,3.8658832881e-16,2.0646344779e-16,1.1039578519e-16,8.2008147950e-16,2.1279065189e-16,2.5121760124e-16,1.4614018032e-15,2.2257003575e-14,8.5981268430e-16,3.0237891005e-14,0.0000000000e+00,2.4132094817e-15,5.1187002554e-16,1.9692868933e-14,0.0000000000e+00,6.3229173369e-15,1.7968777637e-15,2.1018764078e-14,0.0000000000e+00,0.0000000000e+00,0.0000000000e+00,0.0000000000e+00,0.0000000000e+00,0.0000000000e+00
1.9429496147e+03,1,2.9061538888e+01,5.1752196264e+23,1.0296328610e+25,1.0296328610e+25,8.0442663543e+23,1.5406234042e+25,3.2686939911e-20,7.1763130820e-24,3.2860126414e-14,1.0055190979e+06,3.2867342333e-14,7.2159198567e-18,3.4013336732e-16,1.0970887803e-13,4.0354709192e-15,2.6114703408e-13,9.8985956962e-13,0.0000000000e+00,3.7297302143e-16,8.0450816913e-16,4.3371783069e-16,2.5733775201e-16,1.7136990923e-16,1.1887601954e-16,1.0148263838e-16,8.7582776537e-17,4.9306965832e-17,2.4206680959e-17,1.7567585496e-16,7.5268047568e-16,1.9332578284e-15,2.1653021213e-15,7.5717697828e-16,6.9486879808e-16,5.6277414416e-16,3.1787719123e-15,5.3387164918e-16,3.4749896564e-15,6.8213711593e-17,4.0732391584e-16,3.3904191377e-14,3.0650117676e-14,2.3737578314e-15,6.1114670840e-45,3.4330537504e-17,0.0000000000e+00,4.9481737036e-19,3.9935748144e-18,8.2505283090e-16,1.6511632096e-18,3.7224603442e-16,1.9811285501e-16,1.0581456652e-16,8.1253900870e-16,2.0864725590e-16,2.4049497235e-16,1.4340325482e-15,2.2589221762e-14,9.1021643047e-16,3.2278479441e-14,0.0000000000e+00,2.3610272598e-15,5.0963884393e-16,2.0790437646e-14,0.0000000000e+00,6.1937182237e-15,1.7609012911e-15,2.2302050937e-14,0.0000000000e+00,0.0000000000e+00,0.0000000000e+00,0.0000000000e+00,0.0000000000e+00,0.0000000000e+00
2.0309176209e+03,1,3.0279874265e+01,5.1018003755e+23,1.0559398362e+25,1.0559398362e+25,7.9437741814e+23,1.5919362694e+25,3.3748651534e-20,6.9581045281e-24,3.4960903231e-14,1.0361336281e+06,3.4968112757e-14,7.2095260894e-18,3.5756122192e-16,1.1409214158e-13,3.9694144806e-15,2.7239121471e-13,1.0362298492e-12,0.0000000000e+00,3.5346106449e-16,7.9403367226e-16,4.1099361128e-16,2.4383234640e-16,1.6236118450e-16,1.1263226146e-16,9.6163859056e-17,8.2999565925e-17,4.6737403360e-17,2.2950135116e-17,1.7391525238e-16,7.4508686844e-16,1.9078753640e-15,2.1333371939e-15,7.5007313295e-16,6.8949031145e-16,5.6246808375e-16,3.2009890385e-15,5.2579152962e-16,3.4283371396e-15,6.7563519297e-17,4.0893912803e-16,3.5364000612e-14,3.2588775601e-14,2.5251190031e-15,5.7815267542e-45,3.4301763817e-17,0.0000000000e+00,4.6819476163e-19,3.7780932461e-18,7.9344821367e-16,1.5622317336e-18,3.5805212796e-16,1.8989275139e-16,1.0131584276e-16,8.0514996739e-16,2.0435271711e-16,2.2999808880e-16,1.4059054765e-15,2.2913398365e-14,9.6229463300e-16,3.4419695334e-14,0.0000000000e+00,2.3077622366e-15,5.0699801072e-16,2.1928541843e-14,0.0000000000e+00,6.0621286500e-15,1.7239581662e-15,2.3636084727e-14,0.0000000000e+00,0.0000000000e+00,0.0000000000e+00,0.0000000000e+00,0.0000000000e+00,0.0000000000e+00
2.1228684221e+03,1,3.1556757395e+01,5.0292693025e+23,1.0831146441e+25,1.0831146441e+25,7.8521523339e+23,1.6459008666e+25,3.4789915063e-20,6.7516407273e-24,3.7136164387e-14,1.0676476989e+06,3.7143372761e-14,7.2083736862e-18,3.7594579501e-16,1.1851059590e-13,3.9001760302e-15,2.8372741244e-13,1.0836908518e-12,0.0000000000e+00,3.3421778923e-16,7.8250073851e-16,3.8852941634e-16,2.3045738188e-16,1.5341668827e-16,1.0646226160e-16,9.0929863738e-17,7.8505378919e-17,4.4232637046e-17,2.1732202857e-17,1.7192771572e-16,7.3650565496e-16,1.8802346607e-15,2.0988342689e-15,7.4195181538e-16,6.8332431713e-16,5.6187407724e-16,3.2195908061e-15,5.1720630348e-16,3.3770624978e-15,6.6813680569e-17,4.1006123347e-16,3.6835756240e-14,3.4594063369e-14,2.6812418373e-15,5.4513120183e-45,3.4297950397e-17,0.0000000000e+00,4.4149632764e-19,3.5626675423e-18,7.6219239219e-16,1.4733398800e-18,3.4401018574e-16,1.8180386316e-16,9.6899481364e-17,7.9783536596e-16,1.9990254984e-16,2.1972800814e-16,1.3769255389e-15,2.3224811417e-14,1.0156173780e-15,3.6647055465e-14,0.0000000000e+00,2.2533220683e-15,5.0388567771e-16,2.3098733629e-14,0.0000000000e+00,5.9278591956e-15,1.6859759353e-15,2.5011070395e-14,0.0000000000e+00,0.0000000000e+00,0.0000000000e+00,0.0000000000e+00,0.0000000000e+00,0.0000000000e+00
2.2189823415e+03,1,3.2908931845e+01,4.9590763497e+23,1.1120290641e+25,1.1120290641e+25,7.7576030674e+23,1.7024161191e+25,3.5816600176e-20,6.5564552213e-24,3.9405740417e-14,1.1004102850e+06,3.9412955207e-14,7.2147907585e-18,3.9538605735e-16,1.2301007534e-13,3.8313021042e-15,2.9526632914e-13,1.1327367762e-12,0.0000000000e+00,3.1645695915e-16,7.7014968782e-16,3.6786125643e-16,2.1818275485e-16,1.4523644665e-16,1.0078720303e-16,8.6089153586e-17,7.4329833847e-17,4.1886400243e-17,2.0582434037e-17,1.6976380952e-16,7.2715434253e-16,1.8509379663e-15,2.0624648817e-15,7.3303085323e-16,6.7658616360e-16,5.6118826671e-16,3.2355755715e-15,5.0829155627e-16,3.3222746936e-15,6.5985175208e-17,4.1083071792e-16,3.8333830463e-14,3.6684181950e-14,2.8434908834e-15,5.1545109443e-45,3.4330012690e-17,0.0000000000e+00,4.1752996806e-19,3.3687613680e-18,7.3149436919e-16,1.3932654743e-18,3.3021738049e-16,1.7390201942e-16,9.2594477350e-17,7.9087608744e-16,1.9536206332e-16,2.0973913122e-16,1.3475125710e-15,2.3530845086e-14,1.0705722095e-15,3.8981398423e-14,0.0000000000e+00,2.1983669271e-15,5.0045011380e-16,2.4312382678e-14,0.0000000000e+00,5.7925293431e-15,1.6474396226e-15,2.6439556143e-14,0.0000000000e+00,0.0000000000e+00,0.0000000000e+00,0.0000000000e+00,0.0000000000e+00,0.0000000000e+00
2.3194478661e+03,1,3.4342348823e+01,4.8894792620e+23,1.1425520357e+25,1.1425520357e+25,7.6586769586e+23,1.7630318606e+25,3.6834434648e-20,6.3734772080e-24,4.1766307316e-14,1.1340892240e+06,4.1773535408e-14,7.2280918213e-18,4.1604051709e-16,1.2756829510e-13,3.7608121002e-15,3.0695363514e-13,1.1832201118e-12,0.0000000000e+00,2.9945778206e-16,7.5688305287e-16,3.4808198716e-16,2.0643789954e-16,1.3741036970e-16,9.5357637324e-17,8.1457049739e-17,7.0333759177e-17,3.9640212922e-17,1.9481324740e-17,1.6740059670e-16,7.1693687339e-16,1.8197269766e-15,2.0240061876e-15,7.2321273949e-16,6.6916483053e-16,5.6033364038e-16,3.2483791879e-15,4.9897865857e-16,3.2635910446e-15,6.5070496520e-17,4.1118626793e-16,3.9851169768e-14,3.8855782865e-14,3.0115479949e-15,4.8713494941e-45,3.4394786735e-17,0.0000000000e+00,3.9465589044e-19,3.1837577834e-18,7.0127555618e-16,1.3168526756e-18,3.1663653136e-16,1.6616470322e-16,8.8388227418e-17,7.8419526373e-16,1.9071142179e-16,2.0000487331e-16,1.3174493992e-15,2.3827047794e-14,1.1268672559e-15,4.1420685851e-14,0.0000000000e+00,2.1426038085e-15,4.9660011348e-16,2.5566965127e-14,0.0000000000e+00,5.6553454268e-15,1.6081312702e-15,2.7918094368e-14,0.0000000000e+00,0.0000000000e+00,0.0000000000e+00,0.0000000000e+00,0.0000000000e+00,0.0000000000e+00
2.4244620171e+03,1,3.5842127009e+01,4.8216776745e+23,1.1742024557e+25,1.1742024557e+25,7.5742621929e+23,1.8262678561e+25,3.7812381050e-20,6.1985368708e-24,4.4195330500e-14,1.1689974380e+06,4.4202576574e-14,7.2460737216e-18,4.3777129457e-16,1.3213521477e-13,3.6877686939e-15,3.1866559427e-13,1.2346122070e-12,0.0000000000e+00,2.8300201693e-16,7.4264913484e-16,3.2892827060e-16,1.9505853394e-16,1.2982325017e-16,9.0084148746e-17,7.6958441227e-17,6.6455780227e-17,3.7464284042e-17,1.8415653929e-17,1.6482075723e-16,7.0578148986e-16,1.7864055279e-15,1.9832640815e-15,7.1242505161e-16,6.6096875095e-16,5.5919487465e-16,3.2573790534e-15,4.8921308448e-16,3.2007234835e-15,6.4063482057e-17,4.1105997994e-16,4.1371709740e-14,4.1088091061e-14,3.1838066483e-15,4.6077773687e-45,3.4481751163e-17,0.0000000000e+00,3.7332582254e-19,3.0116478854e-18,6.7140637154e-16,1.2458280201e-18,3.0320922486e-16,1.5855805365e-16,8.4260857916e-17,7.7761653980e-16,1.8593114735e-16,1.9047925453e-16,1.2865238185e-15,2.4107339861e-14,1.1839279052e-15,4.3941797066e-14,0.0000000000e+00,2.0857441222e-15,4.9224914649e-16,2.6850048928e-14,0.0000000000e+00,5.5154760388e-15,1.5678433510e-15,2.9432383896e-14,0.0000000000e+00,0.0000000000e+00,0.0000000000e+00,0.0000000000e+00,0.0000000000e+00,0.0000000000e+00
2.5342307358e+03,1,3.7437719791e+01,4.7555054176e+23,1.2078608440e+25,1.2078608440e+25,7.4839242114e+23,1.8930590660e+25,3.8774959697e-20,6.0349890500e-24,4.6722555678e-14,1.2051547994e+06,4.6729828775e-14,7.2730960177e-18,4.6086743185e-16,1.3677517431e-13,3.6147058433e-15,3.3055679269e-13,1.2876335778e-12,0.0000000000e+00,2.6753132659e-16,7.2777435788e-16,3.1093238778e-16,1.8437784651e-16,1.2270924909e-16,8.5149698564e-17,7.2747083467e-17,6.2821606502e-17,3.5419383972e-17,1.7412282295e-17,1.6209943041e-16,6.9401109412e-16,1.7518542215e-15,1.9412933336e-15,7.0098978141e-16,6.5229936108e-16,5.5806571018e-16,3.2639764275e-15,4.7924337092e-16,3.1353283269e-15,6.2996472081e-17,4.1064221513e-16,4.2915519985e-14,4.3408334328e-14,3.3622971285e-15,4.3502794159e-45,3.4611734298e-17,0.0000000000e+00,3.5251261195e-19,2.8433804528e-18,6.4237373858e-16,1.1762891178e-18,2.9015476187e-16,1.5120248552e-16,8.0278390864e-17,7.7161427065e-16,1.8112656411e-16,1.8130639089e-16,1.2554462356e-15,2.4381982032e-14,1.2422687859e-15,4.6576332969e-14,0.0000000000e+00,2.0289330042e-15,4.8761902911e-16,2.8178486899e-14,0.0000000000e+00,5.3758663350e-15,1.5274078027e-15,3.1000581614e-14,0.0000000000e+00,0.0000000000e+00,0.0000000000e+00,0.0000000000e+00,0.0000000000e+00,0.0000000000e+00
2.6489692876e+03,1,3.9117090489e+01,4.6902981203e+23,1.2433641269e+25,1.2433641269e+25,7.3969701412e+23,1.9649882426e+25,3.9700335785e-20,5.8793809375e-24,4.9318201395e-14,1.2424455671e+06,4.9325506206e-14,7.3048107828e-18,4.8516464100e-16,1.4140559704e-13,3.5398024884e-15,3.4242679513e-13,1.3414937473e-12,0.0000000000e+00,2.5295370417e-16,7.1193478517e-16,2.9401313657e-16,1.7434512282e-16,1.1603920780e-16,8.0514062412e-17,6.8778828255e-17,5.9385079224e-17,3.3474690124e-17,1.6453573071e-17,1.5915619340e-16,6.8128422896e-16,1.7151922495e-15,1.8971364175e-15,6.8856412541e-16,6.4282152666e-16,5.5663117438e-16,3.2664783307e-15,4.6882327689e-16,3.0659257862e-15,6.1838378304e-17,4.0973036744e-16,4.4456578400e-14,4.5788808496e-14,3.5448714291e-15,4.1230169681e-45,3.4763909228e-17,0.0000000000e+00,3.3415793891e-19,2.6949211145e-18,6.1371610688e-16,1.1150666054e-18,2.7726618627e-16,1.4398512202e-16,7.6378196159e-17,7.6576045940e-16,1.7620540935e-16,1.7234918085e-16,1.2235145671e-15,2.4637374289e-14,1.3009790476e-15,4.9294757453e-14,0.0000000000e+00,1.9710078460e-15,4.8243860949e-16,2.9534922062e-14,0.0000000000e+00,5.2333854944e-15,1.4859730492e-15,3.2602313276e-14,0.0000000000e+00,0.0000000000e+00,0.0000000000e+00,0.0000000000e+00,0.0000000000e+00,0.0000000000e+00
2.7689026842e+03,1,4.0644106575e+01,4.6249792093e+23,1.2738515328e+25,1.2738515328e+25,7.3351065067e+23,2.0189436459e+25,4.0407106780e-20,5.7177922001e-24,5.1738492836e-14,1.2806117347e+06,5.1745815108e-14,7.3222717881e-18,5.0704578669e-16,1.4557482507e-13,3.4583820668e-15,3.5314998827e-13,1.3908650606e-12,0.0000000000e+00,2.3828071220e-16,6.9475233497e-16,2.7693509591e-16,1.6422051486e-16,1.0929616205e-16,7.5841866442e-17,6.4795326691e-17,5.5951412040e-17,3.1546286296e-17,1.5509100829e-17,1.5588082122e-16,6.6713503023e-16,1.6752650673e-15,1.8495614669e-15,6.7467414143e-16,6.3201010118e-16,5.5400631134e-16,3.2603646418e-15,4.5762382269e-16,2.9907080028e-15,6.0545699219e-17,4.0776121382e-16,4.5848748882e-14,4.8006727761e-14,3.7146870836e-15,3.8460047069e-45,3.4848461347e-17,0.0000000000e+00,3.1204124881e-19,2.5140466990e-18,5.8516350122e-16,1.0405851597e-18,2.6441695582e-16,1.3682340402e-16,7.2517336105e-17,7.5849747759e-16,1.7103408292e-16,1.6348929680e-16,1.1897926170e-15,2.4829687922e-14,1.3556766997e-15,5.1837606576e-14,0.0000000000e+00,1.9107933568e-15,4.7625349535e-16,3.0787828717e-14,0.0000000000e+00,5.0847976346e-15,1.4427030020e-15,3.4092930579e-14,0.0000000000e+00,0.0000000000e+00,0.0000000000e+00,0.0000000000e+00,0.0000000000e+00,0.0000000000e+00
2.8942661247e+03,1,4.2796040127e+01,4.5644637805e+23,1.3201246929e+25,1.3201246929e+25,7.2235256403e+23,2.1190996566e+25,4.1478123743e-20,5.5978537357e-24,5.4788412100e-14,1.3210772897e+06,5.4795807298e-14,7.3951974415e-18,5.3868906137e-16,1.5083181113e-13,3.3875212377e-15,3.6656946937e-13,1.4536951014e-12,0.0000000000e+00,2.2535172087e-16,6.7870990090e-16,2.6190433836e-16,1.5529131429e-16,1.0334767453e-16,7.1712199007e-17,6.1267942207e-17,5.2905436529e-17,2.9829714223e-17,1.4665511681e-17,1.5290811657e-16,6.5426730328e-16,1.6388148761e-15,1.8059661495e-15,6.6205243018e-16,6.2254650963e-16,5.5382774984e-16,3.2643455101e-15,4.4752165832e-16,2.9209814441e-15,5.9373389876e-17,4.0711137800e-16,4.7590972979e-14,5.0798442170e-14,3.9273818994e-15,3.6626194237e-45,3.5196656141e-17,0.0000000000e+00,2.9690940072e-19,2.3940290438e-18,5.5892105957e-16,9.9063767380e-19,2.5261038142e-16,1.3028498219e-16,6.8995010256e-17,7.5590676881e-16,1.6637401200e-16,1.5543114794e-16,1.1592141577e-15,2.5125395720e-14,1.4208466072e-15,5.5059077538e-14,0.0000000000e+00,1.8557637107e-15,4.7124250139e-16,3.2376078962e-14,0.0000000000e+00,4.9500243466e-15,1.4030343891e-15,3.5953574521e-14,0.0000000000e+00,0.0000000000e+00,0.0000000000e+00,0.0000000000e+00,0.0000000000e+00,0.0000000000e+00
3.0253054571e+03,1,4.4789131155e+01,4.5033587098e+23,1.3618839508e+25,1.3618839508e+25,7.1412599807e+23,2.2042080000e+25,4.2301319892e-20,5.4677658746e-24,5.7624019848e-14,1.3624035680e+06,5.7631469152e-14,7.4493037366e-18,5.6768451714e-16,1.5552216787e-13,3.3093335076e-15,3.7858451926e-13,1.5110279411e-12,0.0000000000e+00,2.1265172765e-16,6.6102482960e-16,2.4714224518e-16,1.4653816946e-16,9.7520337895e-17,6.7669956580e-17,5.7816496906e-17,4.9926867376e-17,2.8152219427e-17,1.3841713161e-17,1.4952507275e-16,6.3964650321e-16,1.5982708152e-15,1.7581091226e-15,6.4763233107e-16,6.1140415508e-16,5.5210682567e-16,3.2578637031e-15,4.3639675282e-16,2.8441080138e-15,5.8038038628e-17,4.0518853271e-16,4.9150862611e-14,5.3391295418e-14,4.1245113811e-15,3.4500289757e-45,3.5455383015e-17,0.0000000000e+00,2.7981044239e-19,2.2551712795e-18,5.3238818760e-16,9.3334999676e-19,2.4066489947e-16,1.2370494934e-16,6.5457985228e-17,7.5147046958e-16,1.6138012748e-16,1.4734584208e-16,1.1261828513e-15,2.5341807124e-14,1.4807021981e-15,5.8066579911e-14,0.0000000000e+00,1.7973688064e-15,4.6493930824e-16,3.3838569086e-14,0.0000000000e+00,4.8061769632e-15,1.3607241349e-15,3.7675952832e-14,0.0000000000e+00,0.0000000000e+00,0.0000000000e+00,0.0000000000e+00,0.0000000000e+00,0.0000000000e+00
3.1622776602e+03,1,4.6589221150e+01,4.4408313049e+23,1.3960961435e+25,1.3960961435e+25,7.0827124841e+23,2.2646892273e+25,4.2912229296e-20,5.3317016057e-24,6.0254763973e-14,1.4043141628e+06,6.0262251357e-14,7.4873840767e-18,5.9381648253e-16,1.5971125956e-13,3.2250696360e-15,3.8934934222e-13,1.5633080438e-12,0.0000000000e+00,1.9977804059e-16,6.4224519203e-16,2.3214939378e-16,1.3765519772e-16,9.1605435789e-17,6.3585819613e-17,5.4335001769e-17,4.6928772404e-17,2.6462668983e-17,1.3011380475e-17,1.4584778379e-16,6.2376733840e-16,1.5547961954e-15,1.7072673275e-15,6.3192464654e-16,5.9903901101e-16,5.4922632312e-16,3.2432244090e-15,4.2459646809e-16,2.7619940741e-15,5.6605434382e-17,4.0227629182e-16,5.0548437808e-14,5.5794527618e-14,4.3067471867e-15,3.2181076331e-45,3.5637893828e-17,0.0000000000e+00,2.6109752878e-19,2.1036045165e-18,5.0576206387e-16,8.7069967420e-19,2.2867539530e-16,1.1712950156e-16,6.1927396167e-17,7.4549791438e-16,1.5617126978e-16,1.3932113868e-16,1.0915030791e-15,2.5495556095e-14,1.5360010823e-15,6.0867829817e-14,0.0000000000e+00,1.7366841657e-15,4.5767616116e-16,3.5182833375e-14,0.0000000000e+00,4.6557152702e-15,1.3165215536e-15,3.9270617981e-14,0.0000000000e+00,0.0000000000e+00,0.0000000000e+00,0.0000000000e+00,0.0000000000e+00,0.0000000000e+00
3.3054513476e+03,1,4.9179324484e+01,4.3846727249e+23,1.4524476905e+25,1.4524476905e+25,6.9723694274e+23,2.3899970292e+25,4.3864109613e-20,5.2337839287e-24,6.3566082606e-14,1.4493322367e+06,6.3573668097e-14,7.5854917678e-18,6.3184650058e-16,1.6501440433e-13,3.1511343245e-15,4.0288344150e-13,1.6298888673e-12,0.0000000000e+00,1.8871119706e-16,6.2452537540e-16,2.1930012295e-16,1.3001780861e-16,8.6518550221e-17,6.0038580828e-17,5.1302187303e-17,4.4305082083e-17,2.4987750421e-17,1.2288370746e-17,1.4246231912e-16,6.0913701876e-16,1.5149081389e-15,1.6605420326e-15,6.1742983430e-16,5.8792721925e-16,5.4875793505e-16,3.2378808173e-15,4.1385408817e-16,2.6862179912e-15,5.5252644235e-17,4.0065812502e-16,5.2305542551e-14,5.8817087611e-14,4.5353032374e-15,3.0549113029e-45,3.6105900728e-17,0.0000000000e+00,2.4778643279e-19,1.9969030234e-18,4.8185179431e-16,8.2647777918e-19,2.1790550934e-16,1.1126899444e-16,5.8789615856e-17,7.4478560414e-16,1.5151524653e-16,1.3214825386e-16,1.0600096225e-15,2.5744105714e-14,1.6009513029e-15,6.4406092033e-14,0.0000000000e+00,1.6816700933e-15,4.5149037117e-16,3.6888705457e-14,0.0000000000e+00,4.5207796858e-15,1.2764577978e-15,4.1254787788e-14,0.0000000000e+00,0.0000000000e+00,0.0000000000e+00,0.0000000000e+00,0.0000000000e+00,0.0000000000e+00
3.4551072946e+03,1,5.1201199815e+01,4.3262372868e+23,1.4911549380e+25,1.4911549380e+25,6.9189433358e+23,2.4546127442e+25,4.4385483509e-20,5.1107885748e-24,6.6338068095e-14,1.4947614008e+06,6.6345707504e-14,7.6394094891e-18,6.6136458887e-16,1.6921598426e-13,3.0670394736e-15,4.1367122603e-13,1.6841769909e-12,0.0000000000e+00,1.7723268611e-16,6.0515841629e-16,2.0594097629e-16,1.2210507362e-16,8.1252627675e-17,5.6398524090e-17,4.8196144039e-17,4.1627867379e-17,2.3477127696e-17,1.1545102057e-17,1.3861963890e-16,5.9255429434e-16,1.4702754492e-15,1.6089067376e-15,6.0095432297e-16,5.7485200319e-16,5.4592696591e-16,3.2186564055e-15,4.0192773739e-16,2.6020681328e-15,5.3754718203e-17,3.9730921612e-16,5.3706098803e-14,6.1344579156e-14,4.7258624613e-15,2.8538244255e-45,3.6363671308e-17,0.0000000000e+00,2.3154182210e-19,1.8654807842e-18,4.5700542863e-16,7.7213825043e-19,2.0671111662e-16,1.0519516769e-16,5.5538126507e-17,7.4013318996e-16,1.4641928282e-16,1.2477669958e-16,1.0254342298e-15,2.5874140794e-14,1.6558163601e-15,6.7381231554e-14,0.0000000000e+00,1.6220670223e-15,4.4370660411e-16,3.8296652816e-14,0.0000000000e+00,4.3727061138e-15,1.2327490077e-15,4.2916331165e-14,0.0000000000e+00,0.0000000000e+00,0.0000000000e+00,0.0000000000e+00,0.0000000000e+00,0.0000000000e+00
3.6115389887e+03,1,5.4099126670e+01,4.2718756997e+23,1.5534042378e+25,1.5534042378e+25,6.8241659826e+23,2.5993733896e+25,4.5222553299e-20,5.0237437246e-24,6.9761810992e-14,1.5428045645e+06,6.9769561647e-14,7.7506547490e-18,7.0389833979e-16,1.7441656405e-13,2.9895987095e-15,4.2695344694e-13,1.7518376336e-12,0.0000000000e+00,1.6696634978e-16,5.8636603349e-16,1.9401136069e-16,1.1501101789e-16,7.6524718385e-17,5.3106363485e-17,4.5384691996e-17,3.9198334169e-17,2.2113192275e-17,1.0877337207e-17,1.3494514302e-16,5.7669509518e-16,1.4278447192e-15,1.5598736445e-15,5.8516587932e-16,5.6246871591e-16,5.4493188896e-16,3.2058895324e-15,3.9066445552e-16,2.5219378968e-15,5.2300266090e-17,3.9492417084e-16,5.5430502687e-14,6.4463577694e-14,4.9605947410e-15,2.6945063126e-45,3.6894218396e-17,0.0000000000e+00,2.1860460879e-19,1.7613360206e-18,4.3420825916e-16,7.2902393194e-19,1.9643570101e-16,9.9666657060e-17,5.2586821146e-17,7.4031354730e-16,1.4174102864e-16,1.1805035550e-16,9.9289907378e-16,2.6075623817e-14,1.7185220704e-15,7.1068882967e-14,0.0000000000e+00,1.5663500796e-15,4.3654291782e-16,4.0048084903e-14,0.0000000000e+00,4.2352398552e-15,1.1918498552e-15,4.4939667355e-14,0.0000000000e+00,0.0000000000e+00,0.0000000000e+00,0.0000000000e+00,0.0000000000e+00,0.0000000000e+00
3.7750532053e+03,1,5.6778858337e+01,4.2179904411e+23,1.6085621892e+25,1.6085621892e+25,6.7521722493e+23,2.7163978621e+25,4.5806740738e-20,4.9263670954e-24,7.2930862620e-14,1.5923138335e+06,7.2938706943e-14,7.8443224746e-18,7.4302869655e-16,1.7903250665e-13,2.9078571149e-15,4.3877416103e-13,1.8134388101e-12,0.0000000000e+00,1.5691141390e-16,5.6684193455e-16,1.8231544178e-16,1.0807313026e-16,7.1905749716e-17,4.9901915781e-17,4.2648266576e-17,3.6836186795e-17,2.0782581216e-17,1.0223728511e-17,1.3103914488e-16,5.5984989800e-16,1.3832592176e-15,1.5087626254e-15,5.6835963483e-16,5.4904777448e-16,5.4277689259e-16,3.1852086694e-15,3.7889304439e-16,2.4380756173e-15,5.0762989025e-17,3.9160412781e-16,5.6965162095e-14,6.7347345579e-14,5.1769838140e-15,2.5287628071e-45,3.7341095518e-17,0.0000000000e+00,2.0516764496e-19,1.6529952142e-18,4.1165029315e-16,6.8418811691e-19,1.8626477232e-16,9.4216047906e-17,4.9679958103e-17,7.3900158150e-16,1.3693624687e-16,1.1147631041e-16,9.5928531410e-16,2.6209790458e-14,1.7753110982e-15,7.4497555818e-14,0.0000000000e+00,1.5092651622e-15,4.2852190044e-16,4.1656635467e-14,0.0000000000e+00,4.0934084730e-15,1.1497497152e-15,4.6804403679e-14,0.0000000000e+00,0.0000000000e+00,0.0000000000e+00,0.0000000000e+00,0.0000000000e+00,0.0000000000e+00
3.9459706091e+03,1,5.9117854096e+01,4.1623255005e+23,1.6526706002e+25,1.6526706002e+25,6.7037591906e+23,2.7881218981e+25,4.6156255357e-20,4.8165466621e-24,7.5801034188e-14,1.6424414090e+06,7.5808945083e-14,7.9108956864e-18,7.7723147668e-16,1.8301579881e-13,2.8222517356e-15,4.4901547297e-13,1.8681540999e-12,0.0000000000e+00,1.4736098648e-16,5.4644006256e-16,1.7121546856e-16,1.0150252761e-16,6.7529703472e-17,4.6869318562e-17,4.0062772848e-17,3.4609052458e-17,1.9531921949e-17,9.6111040642e-18,1.2689440653e-16,5.4199443082e-16,1.3362678998e-15,1.4552579108e-15,5.5050256798e-16,5.3454340767e-16,5.3941900450e-16,3.1567632139e-15,3.6646989140e-16,2.3501596663e-15,4.9134970099e-17,3.8733960362e-16,5.8294770915e-14,6.9956505053e-14,5.3721594828e-15,2.3694940260e-45,3.7658918317e-17,0.0000000000e+00,1.9224622206e-19,1.5488849048e-18,3.8890837359e-16,6.4109654234e-19,1.7600532691e-16,8.8751598192e-17,4.6771275714e-17,7.3556786937e-16,1.3191728007e-16,1.0484196017e-16,9.2420238957e-16,2.6274879967e-14,1.8260891792e-15,7.7615714763e-14,0.0000000000e+00,1.4500412553e-15,4.1959999978e-16,4.3100421207e-14,0.0000000000e+00,3.9453426387e-15,1.1059213963e-15,4.8490978625e-14,0.0000000000e+00,0.0000000000e+00,0.0000000000e+00,0.0000000000e+00,0.0000000000e+00,0.0000000000e+00
4.1246263829e+03,1,6.2718461942e+01,4.1125886426e+23,1.7292878876e+25,1.7292878876e+25,6.6113884834e+23,2.9750440437e+25,4.6878751381e-20,4.7509785642e-24,7.9511858850e-14,1.6962891617e+06,7.9519917883e-14,8.0590334460e-18,8.2999538377e-16,1.8830281861e-13,2.7436901390e-15,4.6251569318e-13,1.9401976301e-12,0.0000000000e+00,1.3819449179e-16,5.2719174662e-16,1.6056487073e-16,9.5177719278e-17,6.3324495529e-17,4.3947116920e-17,3.7560108786e-17,3.2442087694e-17,1.8304472445e-17,9.0051158825e-18,1.2302289414e-16,5.2530866263e-16,1.2926003918e-15,1.4056665996e-15,5.3381620707e-16,5.2111116641e-16,5.3834391284e-16,3.1373750672e-15,3.5510052701e-16,2.2682083399e-15,4.7634484364e-17,3.8442834864e-16,6.0047477206e-14,7.3328023945e-14,5.6243912222e-15,2.2251142378e-45,3.8365068237e-17,0.0000000000e+00,1.8053213098e-19,1.4545070874e-18,3.6838201871e-16,6.0203276670e-19,1.6675128314e-16,8.3834973125e-17,4.4150215160e-17,7.3860566319e-16,1.2748963803e-16,9.8943614512e-17,8.9163586896e-16,2.6434979319e-14,1.8863095280e-15,8.1654809051e-14,0.0000000000e+00,1.3959037298e-15,4.1158147462e-16,4.4988185582e-14,0.0000000000e+00,3.8106556469e-15,1.0657884015e-15,5.0635691431e-14,0.0000000000e+00,0.0000000000e+00,0.0000000000e+00,0.0000000000e+00,0.0000000000e+00,0.0000000000e+00
4.3113708854e+03,1,6.5410085846e+01,4.0612001985e+23,1.7808608337e+25,1.7808608337e+25,6.5607220810e+23,3.0539609411e+25,4.7137515370e-20,4.6534365441e-24,8.2526531870e-14,1.7509340295e+06,8.2534679730e-14,8.1478603994e-18,8.6948709150e-16,1.9229835688e-13,2.6603073033e-15,4.7277974679e-13,1.9970465739e-12,0.0000000000e+00,1.2985402542e-16,5.0698419854e-16,1.5087089567e-16,8.9437834586e-17,5.9502241116e-17,4.1297725161e-17,3.5300508981e-17,3.0494879535e-17,1.7210244105e-17,8.4687759452e-18,1.1886678045e-16,5.0741855668e-16,1.2461126887e-15,1.3532134111e-15,5.1587288673e-16,5.0633809905e-16,5.3522294483e-16,3.1060373643e-15,3.4291899483e-16,2.1816066365e-15,4.6003847713e-17,3.8000488237e-16,6.1380038531e-14,7.6063589118e-14,5.8280913047e-15,2.0878185730e-45,3.8788749830e-17,0.0000000000e+00,1.6939280226e-19,1.3647600020e-18,3.4774719133e-16,5.6488569013e-19,1.5743494641e-16,7.8924471075e-17,4.1544394513e-17,7.3718739574e-16,1.2277092792e-16,9.3035567620e-17,8.5760144403e-16,2.6477685810e-14,1.9348613774e-15,8.4953581885e-14,0.0000000000e+00,1.3393328893e-15,4.0238452636e-16,4.6501215325e-14,0.0000000000e+00,3.6686212720e-15,1.0236540422e-15,5.2379606838e-14,0.0000000000e+00,0.0000000000e+00,0.0000000000e+00,0.0000000000e+00,0.0000000000e+00,0.0000000000e+00
4.5065703377e+03,1,6.9496742822e+01,4.0137691645e+23,1.8672500567e+25,1.8672500567e+25,6.4784094942e+23,3.2730187418e+25,4.7725259124e-20,4.5958068318e-24,8.6318725189e-14,1.8088333059e+06,8.6327038238e-14,8.3130484650e-18,9.2907418745e-16,1.9743831452e-13,2.5805905003e-15,4.8592281940e-13,2.0696235029e-12,0.0000000000e+00,1.2155658806e-16,4.8740534277e-16,1.4122808566e-16,8.3712286115e-17,5.5694296851e-17,3.8652477945e-17,3.3036435803e-17,2.8535718738e-17,1.6101802283e-17,7.9221255359e-18,1.1484952850e-16,4.9012754000e-16,1.2014448310e-15,1.3030028212e-15,4.9852273311e-16,4.9204310757e-16,5.3360676160e-16,3.0805543348e-15,3.3132651218e-16,2.0983747335e-15,4.4451002032e-17,3.7654983225e-16,6.3086377072e-14,7.9502339834e-14,6.0844888534e-15,1.9562290238e-45,3.9576026835e-17,0.0000000000e+00,1.5871643278e-19,1.2787428759e-18,3.2856889925e-16,5.2928247525e-19,1.4878250418e-16,7.4377302755e-17,3.9126881684e-17,7.4166789327e-16,1.1847086538e-16,8.7603669882e-17,8.2488011029e-16,2.6587423238e-14,1.9905261313e-15,8.9111636069e-14,0.0000000000e+00,1.2858172475e-15,3.9360436516e-16,4.8422074879e-14,0.0000000000e+00,3.5344579594e-15,9.8373369146e-16,5.4533066596e-14,0.0000000000e+00,0.0000000000e+00,0.0000000000e+00,0.0000000000e+00,0.0000000000e+00,0.0000000000e+00
4.7106075420e+03,1,7.3180976752e+01,3.9665212336e+23,1.9417652712e+25,1.9417652712e+25,6.4187687991e+23,3.4392689946e+25,4.8029299810e-20,4.5225369010e-24,8.9732974877e-14,1.8684724838e+06,8.9741425113e-14,8.4502357566e-18,9.8273939446e-16,2.0182849203e-13,2.4989465412e-15,4.9718715275e-13,2.1337747731e-12,0.0000000000e+00,1.1394284795e-16,4.6746662686e-16,1.3238349358e-16,7.8472307464e-17,5.2209449476e-17,3.6233913369e-17,3.0968646258e-17,2.6749247143e-17,1.5093157708e-17,7.4255937205e-18,1.1069711093e-16,4.7227096607e-16,1.1555830995e-15,1.2517246986e-15,4.8057109883e-16,4.7701597127e-16,5.3085489485e-16,3.0478695694e-15,3.1939376823e-16,2.0134504037e-15,4.2835161545e-17,3.7223585253e-16,6.4548802694e-14,8.2594565046e-14,6.3142814669e-15,1.8332724109e-45,4.0229923052e-17,0.0000000000e+00,1.4874048684e-19,1.1983689060e-18,3.0980395893e-16,4.9601501033e-19,1.4030792418e-16,6.9948984482e-17,3.6779932317e-17,7.4414154344e-16,1.1409586883e-16,8.2317382361e-17,7.9170227611e-16,2.6624245561e-14,2.0385181941e-15,9.2873506512e-14,0.0000000000e+00,1.2317436911e-15,3.8414184925e-16,5.0138514750e-14,0.0000000000e+00,3.3980417131e-15,9.4326613332e-16,5.6460316883e-14,0.0000000000e+00,0.0000000000e+00,0.0000000000e+00,0.0000000000e+00,0.0000000000e+00,0.0000000000e+00
4.9238826317e+03,1,7.7182577491e+01,3.9208257230e+23,2.0233281860e+25,2.0233281860e+25,6.3590434789e+23,3.6198050120e+25,4.8300166685e-20,4.4551026705e-24,9.3238182746e-14,1.9305685679e+06,9.3246783627e-14,8.6008811825e-18,1.0409303632e-15,2.0625544645e-13,2.4179112120e-15,5.0854842447e-13,2.1993830941e-12,0.0000000000e+00,1.0666423550e-16,4.4768487068e-16,1.2392494458e-16,7.3457013770e-17,4.8871873187e-17,3.3917831931e-17,2.8989675354e-17,2.5040243226e-17,1.4129377334e-17,6.9516696859e-18,1.0654705529e-16,4.5443349337e-16,1.1099885743e-15,1.2009238622e-15,4.6261634143e-16,4.6184632540e-16,5.2808603671e-16,3.0139111243e-15,3.0753315006e-16,1.9291960040e-15,4.1227133492e-17,3.6787948866e-16,6.6023813628e-14,8.5766499993e-14,6.5497246006e-15,1.7159011739e-45,4.0947877304e-17,0.0000000000e+00,1.3921770407e-19,1.1216459705e-18,2.9178898577e-16,4.6425873943e-19,1.3217135309e-16,6.5718961086e-17,3.4539118914e-17,7.4779278694e-16,1.0985348207e-16,7.7271028227e-17,7.5886879487e-16,2.6648752418e-14,2.0849833121e-15,9.6747458086e-14,0.0000000000e+00,1.1786335014e-15,3.7450924992e-16,5.1900284035e-14,0.0000000000e+00,3.2635851897e-15,9.0340891434e-16,5.8420525558e-14,0.0000000000e+00,0.0000000000e+00,0.0000000000e+00,0.0000000000e+00,0.0000000000e+00,0.0000000000e+00
5.1468138568e+03,1,8.1420085225e+01,3.8760252273e+23,2.1092901359e+25,2.1092901359e+25,6.3045011879e+23,3.8153160678e+25,4.8495003214e-20,4.3900832684e-24,9.6734798658e-14,1.9949180349e+06,9.6743556514e-14,8.7578562870e-18,1.1023939128e-15,2.1054186611e-13,2.3365338731e-15,5.1956559213e-13,2.2643000964e-12,0.0000000000e+00,9.9753947730e-17,4.2789267923e-16,1.1589493607e-16,6.8698904772e-17,4.5706341696e-17,3.1723411199e-17,2.7114532686e-17,2.3421356658e-17,1.3215321305e-17,6.5016752560e-18,1.0235341045e-16,4.3641870491e-16,1.0641497141e-15,1.1500626757e-15,4.4446329242e-16,4.4632768289e-16,5.2493968020e-16,2.9769838010e-15,2.9560959821e-16,1.8447131843e-15,3.9610329488e-17,3.6325596710e-16,6.7454150228e-14,8.8927114693e-14,6.7839183039e-15,1.6043156689e-45,4.1695943549e-17,0.0000000000e+00,1.3016434013e-19,1.0487050378e-18,2.7433376603e-16,4.3406787138e-19,1.2428618369e-16,6.1637945149e-17,3.2378412642e-17,7.5197863099e-16,1.0568208894e-16,7.2417366752e-17,7.2603650000e-16,2.6644297872e-14,2.1282508435e-15,1.0062781165e-13,0.0000000000e+00,1.1258983282e-15,3.6453018889e-16,5.3653357899e-14,0.0000000000e+00,3.1293342961e-15,8.6368476840e-16,6.0354606028e-14,0.0000000000e+00,0.0000000000e+00,0.0000000000e+00,0.0000000000e+00,0.0000000000e+00,0.0000000000e+00
5.3798384034e+03,1,8.6011788405e+01,3.8335450604e+23,2.2031791911e+25,2.2031791911e+25,6.2507762605e+23,4.0268279697e+25,4.8634011005e-20,4.3293379761e-24,1.0029314031e-13,2.0623852937e+06,1.0030206907e-13,8.9287629737e-18,1.1687303976e-15,2.1482598464e-13,2.2565398167e-15,5.3058296522e-13,2.3301257251e-12,0.0000000000e+00,9.3236651858e-17,4.0845348651e-16,1.0832191709e-16,6.4208719397e-17,4.2718407612e-17,2.9649441581e-17,2.5342205407e-17,2.1890570877e-17,1.2352010329e-17,6.0771412757e-18,9.8205995996e-17,4.1861363508e-16,1.0190702268e-15,1.1002095577e-15,4.2649889638e-16,4.3081899840e-16,5.2174415726e-16,2.9390457796e-15,2.8386808639e-16,1.7620201595e-15,3.8008096591e-17,3.5863138937e-16,6.8884513498e-14,9.2140940692e-14,7.0219101711e-15,1.4993683193e-45,4.2510317006e-17,0.0000000000e+00,1.2164955543e-19,9.8010331786e-19,2.5781617085e-16,4.0567304017e-19,1.1682153189e-16,5.7793366573e-17,3.0345830690e-17,7.5747931654e-16,1.0168631998e-16,6.7846906956e-17,6.9392377033e-16,2.6625277414e-14,2.1692040897e-15,1.0458769948e-13,0.0000000000e+00,1.0746898087e-15,3.5446945104e-16,5.5437473169e-14,0.0000000000e+00,2.9986275609e-15,8.2506846070e-16,6.2301541201e-14,0.0000000000e+00,0.0000000000e+00,0.0000000000e+00,0.0000000000e+00,0.0000000000e+00,0.0000000000e+00
5.6234132519e+03,1,9.0867763137e+01,3.7931312270e+23,2.3028594559e+25,2.3028594559e+25,6.2035982976e+23,4.2579227401e+25,4.8670520091e-20,4.2686514232e-24,1.0380679042e-13,2.1330344408e+06,1.0381589561e-13,9.1051805015e-18,1.2383116415e-15,2.1892400224e-13,2.1768620128e-15,5.4114381141e-13,2.3945856514e-12,0.0000000000e+00,8.7126867479e-17,3.8916903287e-16,1.0122139617e-16,6.0001194299e-17,3.9918530987e-17,2.7706118303e-17,2.3681678903e-17,2.0458268166e-17,1.1545242830e-17,5.6804801154e-18,9.4055737449e-17,4.0080690720e-16,9.7419068853e-16,1.0507460631e-15,4.0850950044e-16,4.1510275178e-16,5.1811668748e-16,2.8983134095e-15,2.7216246990e-16,1.6801788447e-15,3.6402677923e-17,3.5377499239e-16,7.0255606804e-14,9.5310824254e-14,7.2563343822e-15,1.4008045211e-45,4.3350900198e-17,0.0000000000e+00,1.1365269297e-19,9.1567438175e-19,2.4198009141e-16,3.7900535942e-19,1.0965872400e-16,5.4122518415e-17,2.8407872669e-17,7.6356030990e-16,9.7786438681e-17,6.3495038653e-17,6.6217481565e-16,2.6574886074e-14,2.2062018426e-15,1.0851352516e-13,0.0000000000e+00,1.0242896953e-15,3.4413872190e-16,5.7195183087e-14,0.0000000000e+00,2.8693292641e-15,7.8696519022e-16,6.4199577025e-14,0.0000000000e+00,0.0000000000e+00,0.0000000000e+00,0.0000000000e+00,0.0000000000e+00,0.0000000000e+00
5.8780160723e+03,1,9.6165388139e+01,3.7539653927e+23,2.4117758060e+25,2.4117758060e+25,6.1565757468e+23,4.5084768107e+25,4.8673539157e-20,4.2137164594e-24,1.0739309553e-13,2.2065868913e+06,1.0740239346e-13,9.2979315031e-18,1.3141483367e-15,2.2304564425e-13,2.0983543580e-15,5.5177441140e-13,2.4602086057e-12,0.0000000000e+00,8.1294829399e-17,3.7026045537e-16,9.4445322513e-17,5.5983585739e-17,3.7245310372e-17,2.5850633863e-17,2.2095890821e-17,1.9088205020e-17,1.0772217058e-17,5.3002469322e-18,8.9951889801e-17,3.8320939259e-16,9.3000946278e-16,1.0022033872e-15,3.9071820419e-16,3.9939762385e-16,5.1437195517e-16,2.8568104674e-15,2.6061098516e-16,1.5997321189e-15,3.4822217956e-17,3.4893222890e-16,7.1635756106e-14,9.8543556885e-14,7.4953333255e-15,1.3069795665e-45,4.4269237810e-17,0.0000000000e+00,1.0604031123e-19,8.5434312106e-19,2.2689266347e-16,3.5361983268e-19,1.0283716504e-16,5.0639536821e-17,2.6569513812e-17,7.7104478311e-16,9.4051859124e-17,5.9367361952e-17,6.3097454159e-16,2.6511184763e-14,2.2409245719e-15,1.1253176282e-13,0.0000000000e+00,9.7518151983e-16,3.3372544910e-16,5.8989361875e-14,0.0000000000e+00,2.7428326788e-15,7.4976714220e-16,6.6113632221e-14,0.0000000000e+00,0.0000000000e+00,0.0000000000e+00,0.0000000000e+00,0.0000000000e+00,0.0000000000e+00
6.1441461614e+03,1,1.0177823578e+02,3.7157813367e+23,2.5274499627e+25,2.5274499627e+25,6.1157200920e+23,4.7829237812e+25,4.8589572973e-20,4.1593851281e-24,1.1092197445e-13,2.2830303636e+06,1.1093147045e-13,9.4960025416e-18,1.3941026295e-15,2.2697685810e-13,2.0201361324e-15,5.6194143147e-13,2.5242691615e-12,0.0000000000e+00,7.5787471412e-17,3.5155881590e-16,8.8047695877e-17,5.2189471625e-17,3.4719879537e-17,2.4097291145e-17,2.0598236000e-17,1.7793780770e-17,1.0042503131e-17,4.9418614347e-18,8.5854635338e-17,3.6565175330e-16,8.8609265674e-16,9.5407286505e-16,3.7294915077e-16,3.8353120358e-16,5.1014267153e-16,2.8128510663e-15,2.4907347312e-16,1.5200207220e-15,3.3243656724e-17,3.4387539152e-16,7.2955719762e-14,1.0172100587e-13,7.7300039276e-15,1.2182428205e-45,4.5212883134e-17,0.0000000000e+00,9.8840755548e-20,7.9633790775e-19,2.1238164938e-16,3.2961098504e-19,9.6275982881e-17,4.7304404494e-17,2.4811046178e-17,7.7911111894e-16,9.0407231162e-17,5.5405742224e-17,6.0006635132e-16,2.6416335822e-14,2.2715237057e-15,1.1650082245e-13,0.0000000000e+00,9.2680824537e-16,3.2306894058e-16,6.0750940209e-14,0.0000000000e+00,2.6176551614e-15,7.1307189172e-16,6.7970791395e-14,0.0000000000e+00,0.0000000000e+00,0.0000000000e+00,0.0000000000e+00,0.0000000000e+00,0.0000000000e+00
6.4223254222e+03,1,1.0792309375e+02,3.6802219864e+23,2.6548129454e+25,2.6548129454e+25,6.0755008263e+23,5.0822963920e+25,4.8451052634e-20,4.1092320378e-24,1.1450717627e-13,2.3635583223e+06,1.1451688868e-13,9.7124095812e-18,1.4809982339e-15,2.3091614913e-13,1.9435838473e-15,5.7214300666e-13,2.5892123981e-12,0.0000000000e+00,7.0587439499e-17,3.3334532706e-16,8.2005972124e-17,4.8607807577e-17,3.2337013779e-17,2.2443453669e-17,1.9184570848e-17,1.6572561226e-17,9.3532929663e-18,4.6027184096e-18,8.1833504173e-17,3.4842843287e-16,8.4317425736e-16,9.0718310552e-16,3.5550404920e-16,3.6777915149e-16,5.0571024746e-16,2.7681591579e-15,2.3778797197e-16,1.4425097516e-15,3.1698306869e-17,3.3885862203e-16,7.4280169641e-14,1.0494629759e-13,7.9682083313e-15,1.1346325528e-45,4.6243816757e-17,0.0000000000e+00,9.2057130890e-20,7.4168375788e-19,1.9867122087e-16,3.0698917086e-19,9.0073454794e-17,4.4163302462e-17,2.3155611831e-17,7.8872674337e-16,8.6941923583e-17,5.1695846863e-17,5.6999177256e-16,2.6306992711e-14,2.2993609819e-15,1.2054489999e-13,0.0000000000e+00,8.8000268877e-16,3.1238551236e-16,6.2540772418e-14,0.0000000000e+00,2.4958708826e-15,6.7747082941e-16,6.9830809613e-14,0.0000000000e+00,0.0000000000e+00,0.0000000000e+00,0.0000000000e+00,0.0000000000e+00,0.0000000000e+00
6.7130993868e+03,1,1.1458604701e+02,3.6465213491e+23,2.7938021374e+25,2.7938021374e+25,6.0394520001e+23,5.4183598072e+25,4.8240622908e-20,4.0612909488e-24,1.1808049919e-13,2.4479460232e+06,1.1809044101e-13,9.9418210274e-18,1.5744559645e-15,2.3475739402e-13,1.8680773914e-15,5.8211786482e-13,2.6536308994e-12,0.0000000000e+00,6.5678466710e-17,3.1551646309e-16,7.6302496080e-17,4.5226742788e-17,3.0087623070e-17,2.0882257075e-17,1.7850088902e-17,1.5419749574e-17,8.7026855751e-18,4.2825686480e-18,7.7862946489e-17,3.3143130373e-16,8.0096558439e-16,8.6118260402e-16,3.3827334651e-16,3.5204141361e-16,5.0085351719e-16,2.7219250741e-15,2.2664741644e-16,1.3665955082e-15,3.0173412312e-17,3.3375906621e-16,7.5575185306e-14,1.0815770978e-13,8.2052890584e-15,1.0557058094e-45,4.7336652380e-17,0.0000000000e+00,8.5653498693e-20,6.9009112246e-19,1.8561156868e-16,2.8563454336e-19,8.4163835877e-17,4.1182236617e-17,2.1585638302e-17,7.9949319670e-16,8.3606647381e-17,4.8179468018e-17,5.4051690631e-16,2.6173812802e-14,2.3234645427e-15,1.2458891392e-13,0.0000000000e+00,8.3435888179e-16,3.0158417656e-16,6.4322776186e-14,0.0000000000e+00,2.3764715034e-15,6.4268788056e-16,7.1655464013e-14,0.0000000000e+00,0.0000000000e+00,0.0000000000e+00,0.0000000000e+00,0.0000000000e+00,0.0000000000e+00
7.0170382867e+03,1,1.2160542734e+02,3.6149696977e+23,2.9412610462e+25,2.9412610462e+25,6.0097166917e+23,5.7721721346e+25,4.7925218593e-20,4.0117051739e-24,1.2155875811e-13,2.5366380774e+06,1.2156893435e-13,1.0176244100e-17,1.6719447965e-15,2.3837550208e-13,1.7935647474e-15,5.9154904300e-13,2.7158391726e-12,0.0000000000e+00,6.1087251080e-17,2.9808574496e-16,7.0969685297e-17,4.2063300350e-17,2.7982412592e-17,1.9421059592e-17,1.6601232910e-17,1.4340764412e-17,8.0938850495e-18,3.9830677680e-18,7.3946255741e-17,3.1467441570e-16,7.5949213330e-16,8.1608336811e-16,3.2127503843e-16,3.3631856786e-16,4.9543000480e-16,2.6735795833e-15,2.1565863682e-16,1.2921738896e-15,2.8672042250e-17,3.2849869626e-16,7.6799616098e-14,1.1128014864e-13,8.4356267179e-15,9.8183330005e-46,4.8453327263e-17,0.0000000000e+00,7.9659936068e-20,6.4180232606e-19,1.7317632609e-16,2.6564740274e-19,7.8541133614e-17,3.8355100393e-17,2.0097412069e-17,8.1081705682e-16,8.0386754532e-17,4.4842508926e-17,5.1166153556e-16,2.6010075991e-14,2.3429874825e-15,1.2854034201e-13,0.0000000000e+00,7.8984121225e-16,2.9065801100e-16,6.6053887117e-14,0.0000000000e+00,2.2593715249e-15,6.0869049726e-16,7.3400159163e-14,0.0000000000e+00,0.0000000000e+00,0.0000000000e+00,0.0000000000e+00,0.0000000000e+00,0.0000000000e+00
7.3347381708e+03,1,1.2939531717e+02,3.5851637979e+23,3.1056365637e+25,3.1056365637e+25,5.9817645109e+23,6.1772906425e+25,4.7570781941e-20,3.9672511072e-24,1.2508282684e-13,2.6296237757e+06,1.2509325922e-13,1.0432377836e-17,1.7793926702e-15,2.4201451370e-13,1.7206360346e-15,6.0106056916e-13,2.7788350046e-12,0.0000000000e+00,5.6724268840e-17,2.8115585570e-16,6.5900489054e-17,3.9058758713e-17,2.5983655408e-17,1.8033831731e-17,1.5415422593e-17,1.3316417215e-17,7.5157465194e-18,3.6985610162e-18,7.0110668911e-17,2.9827281047e-16,7.1901704459e-16,7.7216247498e-16,3.0462181170e-16,3.2076350650e-16,4.8966639186e-16,2.6248148678e-15,2.0488357149e-16,1.2200009851e-15,2.7199820829e-17,3.2328790923e-16,7.8034478308e-14,1.1444128419e-13,8.6688446782e-15,9.1170187893e-46,4.9673367293e-17,0.0000000000e+00,7.3969902412e-20,5.9595899482e-19,1.6138907819e-16,2.4667246079e-19,7.3203978377e-17,3.5682700743e-17,1.8691854088e-17,8.2395083514e-16,7.7317114929e-17,4.1698288666e-17,4.8357504897e-16,2.5831227686e-14,2.3594288995e-15,1.3255360674e-13,0.0000000000e+00,7.4672312796e-16,2.7972283621e-16,6.7808281412e-14,0.0000000000e+00,2.1453198616e-15,5.7572064595e-16,7.5139638256e-14,0.0000000000e+00,0.0000000000e+00,0.0000000000e+00,0.0000000000e+00,0.0000000000e+00,0.0000000000e+00
7.6668220745e+03,1,1.3542361118e+02,3.5518356203e+23,3.2269988587e+25,3.2269988587e+25,5.9669240058e+23,6.3167377485e+25,4.6990358483e-20,3.9021360691e-24,1.2795019005e-13,2.7231291739e+06,1.2796081607e-13,1.0626020570e-17,1.8637202532e-15,2.4452929690e-13,1.6459520475e-15,6.0771180207e-13,2.8279462592e-12,0.0000000000e+00,5.2750266166e-17,2.6423411716e-16,6.1280369611e-17,3.6319947211e-17,2.4161673947e-17,1.6769294214e-17,1.4334488685e-17,1.2382666174e-17,6.9887401913e-18,3.4392168439e-18,6.6208656865e-17,2.8158984381e-16,6.7790299260e-16,7.2753673931e-16,2.8766546654e-16,3.0474721992e-16,4.8271082823e-16,2.5692872129e-15,1.9382311348e-16,1.1467073087e-15,2.5707302927e-17,3.1719712234e-16,7.8897994426e-14,1.1700398638e-13,8.8572702886e-15,8.4777307847e-46,5.0595799677e-17,0.0000000000e+00,6.8783111377e-20,5.5417017706e-19,1.4996775030e-16,2.2937571622e-19,6.8024957522e-17,3.3089319169e-17,1.7338718659e-17,8.3241917002e-16,7.4203637657e-17,3.8740976860e-17,4.5544948821e-16,2.5577548018e-14,2.3674634164e-15,1.3585915861e-13,0.0000000000e+00,7.0378460416e-16,2.6841281921e-16,6.9214640836e-14,0.0000000000e+00,2.0313326868e-15,5.4284667748e-16,7.6513755057e-14,0.0000000000e+00,0.0000000000e+00,0.0000000000e+00,0.0000000000e+00,0.0000000000e+00,0.0000000000e+00
8.0139412415e+03,1,1.4388362195e+02,3.5279664656e+23,3.4090945603e+25,3.4090945603e+25,5.9519056064e+23,6.7375823142e+25,4.6410308191e-20,3.8514849434e-24,1.3120458503e-13,2.8272915957e+06,1.3121547430e-13,1.0889271012e-17,1.9765815869e-15,2.4761649570e-13,1.5753989270e-15,6.1586540727e-13,2.8849795207e-12,0.0000000000e+00,4.8892086342e-17,2.4838297538e-16,5.6798293920e-17,3.3663488814e-17,2.2394477500e-17,1.5542779974e-17,1.3286057292e-17,1.1476992018e-17,6.4775803743e-18,3.1876708707e-18,6.2525452637e-17,2.6585151055e-16,6.3943726736e-16,6.8570874861e-16,2.7165401639e-16,2.8944548046e-16,4.7570923686e-16,2.5165886313e-15,1.8348649814e-16,1.0783687351e-15,2.4295035124e-17,3.1163782646e-16,7.9956560502e-14,1.1991349051e-13,9.0722129634e-15,7.8576654799e-46,5.1849687586e-17,0.0000000000e+00,6.3752281548e-20,5.1363790393e-19,1.3970180531e-16,2.1259906608e-19,6.3379006461e-17,3.0804966455e-17,1.6145238257e-17,8.4650024624e-16,7.1372578261e-17,3.6049846219e-17,4.2902224959e-16,2.5333424182e-14,2.3739999150e-15,1.3960365980e-13,0.0000000000e+00,6.6344195936e-16,2.5737980705e-16,7.0826022499e-14,0.0000000000e+00,1.9232528220e-15,5.1191263814e-16,7.8048557272e-14,0.0000000000e+00,0.0000000000e+00,0.0000000000e+00,0.0000000000e+00,0.0000000000e+00,0.0000000000e+00
8.3767764007e+03,1,1.5371740495e+02,3.5046373322e+23,3.6198636631e+25,3.6198636631e+25,5.9327004028e+23,7.2492549517e+25,4.5866158842e-20,3.8122684229e-24,1.3464067425e-13,2.9357563297e+06,1.3465186614e-13,1.1191891153e-17,2.1091179766e-15,2.5101518586e-13,1.5075680412e-15,6.2485361337e-13,2.9459233702e-12,0.0000000000e+00,4.5259195389e-17,2.3306437586e-16,5.2577937958e-17,3.1162147736e-17,2.0730472120e-17,1.4387885001e-17,1.2298846458e-17,1.0624202465e-17,5.9962684709e-18,2.9508133027e-18,5.8971866621e-17,2.5068056706e-16,6.0229155445e-16,6.4564626774e-16,2.5622117769e-16,2.7454719904e-16,4.6849575076e-16,2.4656863575e-15,1.7345662660e-16,1.0130445347e-15,2.2930292548e-17,3.0643875023e-16,8.1123481125e-14,1.2298739604e-13,9.2990891693e-15,7.2738073555e-46,5.3291031899e-17,0.0000000000e+00,5.9015214587e-20,4.7547241266e-19,1.2968379299e-16,1.9680204694e-19,5.8840462092e-17,2.8552225496e-17,1.4960187893e-17,8.6369347185e-16,6.8706909201e-17,3.3396697281e-17,4.0340475087e-16,2.5096207765e-14,2.3792239017e-15,1.4355020394e-13,0.0000000000e+00,6.2448739495e-16,2.4649516682e-16,7.2532190357e-14,0.0000000000e+00,1.8183591103e-15,4.8198963642e-16,7.9649295456e-14,0.0000000000e+00,0.0000000000e+00,0.0000000000e+00,0.0000000000e+00,0.0000000000e+00,0.0000000000e+00
8.7560391014e+03,1,1.6736124994e+02,3.4863952303e+23,3.9227696263e+25,3.9227696263e+25,5.9207815031e+23,8.2324828555e+25,4.5402757336e-20,3.7964896252e-24,1.3858946661e-13,3.0527012960e+06,1.3860105616e-13,1.1589548799e-17,2.2884711710e-15,2.5529508425e-13,1.4427150364e-15,6.3620470645e-13,3.0178191561e-12,0.0000000000e+00,4.1691796572e-17,2.1825277596e-16,4.8433664687e-17,2.8705899718e-17,1.9096464686e-17,1.3253809959e-17,1.1329432620e-17,9.7867866205e-18,5.5236334435e-18,2.7182256971e-18,5.5559753153e-17,2.3612862379e-16,5.6668546854e-16,6.0755058987e-16,2.4142232593e-16,2.6013735224e-16,4.6097155359e-16,2.4179175441e-15,1.6384784172e-16,9.5144376711e-16,2.1613744045e-17,3.0186419936e-16,8.2597170587e-14,1.2653198708e-13,9.5589369711e-15,6.7004747645e-46,5.5184930420e-17,0.0000000000e+00,5.4363545353e-20,4.3799495183e-19,1.1984535642e-16,1.8128980940e-19,5.4380777838e-17,2.6323580565e-17,1.3772642708e-17,8.8812200037e-16,6.6200401265e-17,3.0715657673e-17,3.7855409682e-16,2.4877261166e-14,2.3833339083e-15,1.4804393408e-13,0.0000000000e+00,5.8677005518e-16,2.3571441919e-16,7.4520498765e-14,0.0000000000e+00,1.7160324785e-15,4.5295150118e-16,8.1486646053e-14,0.0000000000e+00,0.0000000000e+00,0.0000000000e+00,0.0000000000e+00,0.0000000000e+00,0.0000000000e+00
9.1524731088e+03,1,1.7556818514e+02,3.4612067898e+23,4.0929475877e+25,4.0929475877e+25,5.9159885005e+23,8.4020629671e+25,4.4576717036e-20,3.7335747276e-24,1.4120098060e-13,3.1678602067e+06,1.4121280805e-13,1.1827442809e-17,2.3977295209e-15,2.5726355136e-13,1.3733261429e-15,6.4158527547e-13,3.0612825351e-12,0.0000000000e+00,3.8434943808e-17,2.0315654613e-16,4.4650155036e-17,2.6463470834e-17,1.7604699425e-17,1.2218457416e-17,1.0444407340e-17,9.0222687614e-18,5.0921418234e-18,2.5058851025e-18,5.1994852839e-17,2.2090721245e-16,5.2975872500e-16,5.6741170122e-16,2.2590877390e-16,2.4491435389e-16,4.5182961667e-16,2.3579775109e-15,1.5373068465e-16,8.8591700176e-16,2.0247163672e-17,2.9548578972e-16,8.3295718984e-14,1.2884974069e-13,9.7303645130e-15,6.1770514162e-46,5.6318024417e-17,0.0000000000e+00,5.0116809125e-20,4.0377994584e-19,1.1102747862e-16,1.6712792948e-19,5.0391844699e-17,2.4386458471e-17,1.2773862239e-17,9.0066328465e-16,6.3535978676e-17,2.8482615801e-17,3.5390019457e-16,2.4526155097e-14,2.3760079454e-15,1.5111678540e-13,0.0000000000e+00,5.4891414335e-16,2.2442054281e-16,7.5784283316e-14,0.0000000000e+00,1.6130729702e-15,4.2382970318e-16,8.2601099562e-14,0.0000000000e+00,0.0000000000e+00,0.0000000000e+00,0.0000000000e+00,0.0000000000e+00,0.0000000000e+00
9.5668558622e+03,1,1.9180551086e+02,3.4509117608e+23,4.4643241598e+25,4.4643241598e+25,5.9215264637e+23,9.6403177487e+25,4.3903877516e-20,3.7156209828e-24,1.4493364253e-13,3.3014375408e+06,1.4494590942e-13,1.2266890600e-17,2.6034248954e-15,2.6128976043e-13,1.3140574827e-15,6.5240590222e-13,3.1292861676e-12,0.0000000000e+00,3.5495917634e-17,1.9015830759e-16,4.1235866856e-17,2.4439873926e-17,1.6258511106e-17,1.1284141853e-17,9.6457490488e-18,8.3323579299e-18,4.7027581892e-18,2.3142661959e-18,4.8889300816e-17,2.0768237234e-16,4.9740931931e-16,5.3306020918e-16,2.1243938539e-16,2.3139442035e-16,4.4293752947e-16,2.3099120746e-15,1.4485305627e-16,8.3071887755e-16,1.9048220221e-17,2.9108635457e-16,8.4700539075e-14,1.3220706656e-13,9.9737118756e-15,5.7047073982e-46,5.8410872431e-17,0.0000000000e+00,4.6284499273e-20,3.7290388068e-19,1.0245593130e-16,1.5434806536e-19,4.6496596968e-17,2.2440763603e-17,1.1735773608e-17,9.2859509699e-16,6.1330430566e-17,2.6175823068e-17,3.3126162439e-16,2.4268911040e-14,2.3697486486e-15,1.5534806885e-13,0.0000000000e+00,5.1513840324e-16,2.1401484313e-16,7.7676187810e-14,0.0000000000e+00,1.5201647173e-15,3.9778833748e-16,8.4271058670e-14,0.0000000000e+00,0.0000000000e+00,0.0000000000e+00,0.0000000000e+00,0.0000000000e+00,0.0000000000e+00
1.0000000000e+04,1,2.0148427830e+02,3.4322467364e+23,4.6700320870e+25,4.6700320870e+25,5.9240863321e+23,9.8284989087e+25,4.2935776329e-20,3.6506466851e-24,1.4735364826e-13,3.4322467364e+06,1.4736617818e-13,1.2529920171e-17,2.7272903508e-15,2.6296703704e-13,1.2482279997e-15,6.5710803954e-13,3.1689728568e-12,0.0000000000e+00,3.2532495249e-17,1.7609134932e-16,3.7793237421e-17,2.2399479585e-17,1.4901148373e-17,1.0342070742e-17,8.8404612706e-18,7.6367203002e-18,4.3101423669e-18,2.1210567029e-18,4.5551102031e-17,1.9344332184e-16,4.6310866395e-16,4.9582190792e-16,1.9791390943e-16,2.1690038031e-16,4.3262514494e-16,2.2489808041e-15,1.3541338504e-16,7.7053463697e-16,1.7763308099e-17,2.8468753560e-16,8.5311008054e-14,1.3434528770e-13,1.0132672899e-14,5.2284425562e-46,5.9663635665e-17,0.0000000000e+00,4.2420378260e-20,3.4177152008e-19,9.4623653207e-17,1.4146211840e-19,4.2957612267e-17,2.0736692918e-17,1.0855411843e-17,9.4345842393e-16,5.8878838946e-17,2.4186519607e-17,3.0857578814e-16,2.3878868151e-14,2.3543984832e-15,1.5823137765e-13,0.0000000000e+00,4.7999692010e-16,2.0291868386e-16,7.8838978687e-14,0.0000000000e+00,1.4232778473e-15,3.7067993573e-16,8.5225587192e-14,0.0000000000e+00,0.0000000000e+00,0.0000000000e+00,0.0000000000e+00,0.0000000000e+00,0.0000000000e+00
